feature,density,mean_act,max_act,n_active_frames
0,0.0008316733544406784,2.0859804,10.012252,782
1,0.001318765932872687,1.1646322,3.4004884,1240
2,0.0015389147619893372,3.3513355,11.702211,1447
3,0.0008061488525141102,1.2353859,4.9429703,758
4,0.0023418730517626263,1.4685706,5.2997503,2202
5,0.0032288494937108693,1.582326,6.982897,3036
6,0.006967125505039494,2.1140175,7.922707,6551
7,0.0015878367240152594,3.2453046,9.924474,1493
8,0.001486802237222594,2.0009403,6.662268,1398
9,0.0007976406852052543,1.2947441,5.8809996,750
10,0.00025099093561125333,1.4068793,4.9027605,236
11,0.06665298269757826,2.8459084,9.197394,62672
12,0.022020200516233053,1.6886961,10.137162,20705
13,0.002061103530570377,2.5119033,7.7161865,1938
14,0.001321956495613508,2.095105,10.773367,1243
15,0.003519190703125582,1.7823867,5.529716,3309
16,0.0031107986723004914,1.8218654,5.716876,2925
17,0.001507009134581127,3.2199526,11.918496,1417
18,0.003954170756790847,1.7002971,6.958686,3718
19,0.000373295840676059,2.0029771,12.647152,351
20,4.892196202592226e-05,1.2630347,3.1189117,46
21,0.015653964327381517,1.232379,5.237445,14719
22,0.0014687223816912747,1.9546216,7.108689,1381
23,0.01648776472364941,1.4152603,4.7297053,15503
24,0.0016527114997452867,1.8945665,7.8251534,1554
25,1.0635209136070056e-06,1.129213,1.129213,1
26,0.0015421053247301581,1.5860541,7.605314,1450
27,0.001295368472773333,1.3340207,4.185701,1218
28,0.002649230595795051,2.3312395,9.376491,2491
29,0.0680110989042544,4.806324,19.349733,63949
30,0.014086334500724789,2.0011768,6.7879715,13245
31,0.0022057423748209296,1.1592286,5.2811065,2074
32,0.002271680671464564,1.3530526,5.6014752,2136
33,0.002084500990669731,3.553856,9.649453,1960
34,0.0015889002449288663,1.343869,4.839669,1494
35,0.0016165517886826486,1.4826125,5.780275,1520
36,0.00037542288250327297,1.85739,14.662852,353
37,0.0008316733544406784,1.5389881,8.359841,782
38,0.0008093394152549313,1.6049826,5.934385,761
39,0.0017250309218705632,3.430575,11.148464,1622
40,0.00037542288250327297,1.8352716,13.129659,353
41,1.701633461771209e-05,1.1169784,2.266925,16
42,0.0037542288250327297,2.038743,8.524982,3530
43,0.0012943049518597258,1.5040258,5.705459,1217
44,0.0024429075385552917,1.3409284,5.8579707,2297
45,0.0025811652573242026,1.8507645,7.3789954,2427
46,0.003386250588924706,1.4506035,6.1230464,3184
47,0.0019164646863198242,3.03938,9.051439,1802
48,0.0009997096587905853,1.2855831,5.5181727,940
49,0.0020323884659029876,3.2071686,11.476023,1911
50,0.0006444936736458454,1.6277695,8.541521,606
51,0.014954167566228107,1.9194713,9.032961,14061
52,0.0021387405572636884,3.2931104,9.659814,2011
53,0.0006242867762873123,1.3633009,5.536995,587
54,0.0036765917983394183,2.4185965,9.215486,3457
55,0.002476940207790716,2.5114355,8.715342,2329
56,0.03065173625106751,4.227482,9.364006,28821
57,0.00209194563706498,1.5659324,6.433921,1967
58,0.004670983852561969,1.4143573,5.297231,4392
59,0.001699506419943995,1.4569633,5.8935027,1598
60,0.0040626498899787615,2.5236516,12.491603,3820
61,0.002257854899587673,1.5113368,7.2699957,2123
62,0.00685120172545633,1.6506534,6.2787952,6442
63,0.001295368472773333,1.2522093,6.320838,1218
64,0.007590348760413199,2.4194195,8.773178,7137
65,0.00022014882911665015,1.4762781,5.29924,207
66,0.002460987394086611,2.9703152,10.284163,2314
67,0.0008029582897732892,1.16917,3.1402066,755
68,0.0004179637190475532,1.4535435,6.9325533,393
69,0.0023546353027259106,1.5899554,7.3491454,2214
70,0.003407521007196846,1.483457,4.8058863,3204
71,0.00047964793203675955,1.6167549,7.317036,451
72,0.0014846751953953798,1.590935,6.691287,1396
73,0.10849614952253228,1.7834343,9.879873,102016
74,0.00435086405756626,2.1833203,8.022905,4091
75,0.009993906025165032,1.9187526,9.150342,9397
76,0.0006997967611534096,1.6962235,7.5761356,658
77,0.001320892974699901,1.699557,5.927222,1242
78,0.003384123547097492,3.1722562,11.987807,3182
79,0.002428018245764794,1.8537642,6.5203204,2283
80,0.002050468321434307,1.5255338,5.485252,1928
81,0.0024035572647518326,1.6410389,5.8749495,2260
82,0.001515517301889983,1.814744,6.963973,1425
83,0.0004307259700108373,1.9646304,9.409987,405
84,0.0008508167308856045,1.2771217,4.218559,800
85,0.003025716999211931,3.0074325,11.847445,2845
86,0.0029097932196287674,2.4626715,9.400582,2736
87,0.0007253212630799778,1.6678288,7.2588263,682
88,0.0008657060236761026,2.0892692,7.166957,814
89,0.0021546933709677934,1.1920676,4.5553966,2026
90,0.011693412445109026,2.3186605,9.822378,10995
91,0.001309194244650224,1.725976,7.640956,1231
92,0.0019696407320001744,1.080561,3.5284672,1852
93,0.019291205851917476,1.7285641,6.691604,18139
94,0.00018186207622679796,0.8088338,1.9227377,171
95,0.007690319726292257,2.4812856,11.214038,7231
96,0.0008125299779957523,1.2517105,4.645406,764
97,0.0012358113016113406,2.3102403,11.577452,1162
98,0.0002903412094147125,1.3499165,5.7373333,273
99,0.0033947587562335618,1.1019902,3.3723795,3192
100,0.0013964029595659984,1.7993394,10.482154,1313
101,0.00010103448679266554,1.2025707,3.3457172,95
102,0.0018271289295768356,1.67541,10.357617,1718
103,0.0005019818712225067,1.9741352,9.153124,472
104,0.00010954265410152158,1.3363357,4.7685986,103
105,0.00023503812190714824,1.3176701,5.111065,221
106,0.0003935027380345921,1.2738259,3.4817884,370
107,0.008233778913145438,1.7912881,6.8837366,7742
108,0.00046582216015986845,7.093203,16.925346,438
109,0.0049613250619766815,1.7028961,5.6051373,4665
110,0.0026832632650304754,2.2057965,7.994385,2523
111,0.0017792704884645205,4.013093,10.424258,1673
112,0.0006115245253240282,2.0419874,9.781958,575
113,0.0116136483765885,1.6362932,8.132362,10920
114,0.036893540493027024,1.6033007,6.356796,34690
115,0.0014229909824061736,3.2434433,10.730316,1338
116,0.0011943339859806672,2.0801551,8.439698,1123
117,0.0029151108241968022,3.2154865,8.837828,2741
118,0.0005583484796436779,2.0699613,8.80866,525
119,0.0021387405572636884,2.863797,8.964679,2011
120,0.0017803340093781274,1.3233405,4.208271,1674
121,0.00030948458585963864,1.8049624,9.838088,291
122,0.00459228330495505,2.6835005,9.3382435,4318
123,0.0006763993010540555,1.545426,6.291369,636
124,0.009443002191916603,44.510765,81.13689,8879
125,0.0009869474078273012,1.7413992,5.913569,928
126,0.012842015031804594,1.8487191,5.9412713,12075
127,0.002273807713291778,1.2496455,4.6696315,2138
128,0.001900511872615719,3.5622215,12.301657,1787
129,0.000762544495056223,1.2410703,5.097771,717
130,0.000745528160438511,1.4509134,6.808191,701
131,0.003413902132678488,2.393172,11.003924,3210
132,0.002606689759250771,1.4506458,6.2270894,2451
133,0.0017739528838964854,2.8401945,12.027758,1668
134,0.0013772595831210723,2.141411,7.9241896,1295
135,0.003337328626898784,1.9321848,7.821449,3138
136,0.009723771713108852,3.1022635,9.557402,9143
137,0.0004700762438142965,1.6522162,8.2533655,442
138,0.003933963859432314,2.3541527,8.216319,3699
139,5.6366608421171295e-05,1.7396065,6.8926854,53
140,2.446098101296113e-05,0.95731884,1.5263513,23
141,0.0004232813236155882,1.5869595,5.3007874,398
142,0.0007529728068337599,1.4816725,4.841265,708
143,0.001680363043499069,1.8463908,9.749834,1580
144,0.0033160582086266435,2.2792382,8.679592,3118
145,0.0084103233848042,1.5340824,6.6029153,7908
146,0.008078504859758815,1.7014309,6.543904,7596
147,0.0017441742983154893,1.7545033,6.8449144,1640
148,0.0024748131659635022,2.0078773,8.142585,2327
149,0.00843903844947159,1.5110854,5.6612716,7935
150,0.000190370243535654,2.8733337,11.278717,179
151,0.0006306679017689543,1.4404227,5.264435,593
152,0.10825260323331629,1.7446021,9.290637,101787
153,0.09498411631515528,1.5658324,8.672505,89311
154,0.0023929220556157624,2.5200179,8.018679,2250
155,0.0007136225330303008,1.1401281,3.2112837,671
156,0.002994874892717328,2.860136,9.423524,2816
157,0.003720196155797306,1.6360819,9.453746,3498
158,0.0008795317955529936,1.4740096,6.05221,827
159,9.039927765659548e-05,1.1004807,2.3961294,85
160,0.0038744066882703213,1.7192587,4.4912105,3643
161,0.0021940436447712526,4.099867,13.1582365,2063
162,0.0026003086337691287,3.5090597,9.016504,2445
163,0.0031054810677324566,1.3629934,4.438559,2920
164,0.009612102017180118,2.2360063,9.832807,9038
165,0.00039137569620737806,1.6446298,7.666938,368
166,0.0019068929980973611,1.9900742,7.845084,1793
167,0.0038573903536526094,1.8342578,7.0200477,3627
168,0.001315575370131866,1.0873415,5.450358,1237
169,0.0016548385415725007,3.4628074,11.665344,1556
170,0.0012762250963284068,2.1827064,7.6411858,1200
171,0.000747655202265725,1.8208734,6.0898423,703
172,0.012403844415398506,2.1161954,5.8808346,11663
173,0.0007678620996242581,2.3820295,6.665453,722
174,0.0005477132705076079,1.230731,4.554242,515
175,0.002859807736689238,2.7451434,12.003405,2689
176,0.008878272586791284,2.201231,10.277164,8348
177,0.0010358693698532234,1.2494279,3.6779094,974
178,0.002772599021773464,3.4431531,10.965794,2607
179,0.0009603593849871261,1.4116203,8.281434,903
180,0.005829158127479998,1.5889782,8.198231,5481
181,0.0014729764653457027,2.0121527,7.8364787,1385
182,0.0003935027380345921,1.342792,6.153968,370
183,0.00279174239821839,0.90045196,3.6023629,2625
184,0.0023865409301341207,3.5201128,9.808994,2244
185,0.000955041780419091,2.0692437,10.389522,898
186,0.00031054810677324564,1.8321683,7.9673896,292
187,0.0015378512410757301,1.4520953,5.922364,1446
188,0.002674755097721619,2.6026475,10.451506,2515
189,4.041379471706622e-05,0.72240764,1.4800522,38
190,0.00039243921712098505,1.2960603,6.9267173,369
191,0.00023397460099354125,1.3879914,4.000902,220
192,0.00016271869978187186,1.3652217,4.7433653,153
193,0.005166584598302834,1.3071588,5.2970276,4858
194,0.004432755167914,1.9210526,6.76818,4168
195,0.0002765154375378215,1.4374721,3.7728367,260
196,0.0008454991263175695,2.0621169,7.73142,795
197,0.002030261424075774,1.359357,4.270593,1909
198,0.001332591704749578,2.534223,9.566026,1253
199,0.0010784102063975036,1.9020278,7.2006264,1014
200,0.00016909982526351389,1.6484631,7.631687,159
201,0.0017930962603414115,3.4619386,11.28788,1686
202,0.0006136515671512422,1.3698627,7.0125732,577
203,0.008766602890862547,1.2830381,4.320303,8243
204,0.01868180836842066,1.0464891,4.36152,17566
205,3.190562740821017e-05,1.3083591,4.466117,30
206,0.02226268328453545,1.6492474,7.0696554,20933
207,0.007056461261782482,2.1447034,6.890549,6635
208,0.005230395853119254,2.059147,8.106234,4918
209,0.0023652705118619804,1.4776465,4.617732,2224
210,0.00041370963539312516,1.3761536,5.6232696,389
211,0.00038605809163934303,1.5445275,6.100259,363
212,0.00222701279309307,1.6765785,4.9587307,2094
213,0.0012443194689201965,1.6142515,7.362392,1170
214,0.004253020133514415,3.3703914,10.208883,3999
215,0.01015768824586051,2.828142,10.122956,9551
216,0.0007370199931296549,1.6128259,5.1739607,693
217,0.0012783521381556208,1.229075,6.138311,1202
218,0.00027757895845142847,1.5665913,5.75888,261
219,0.005770664477231613,2.6142461,9.785936,5426
220,0.002622642572954876,2.476171,9.3647,2466
221,0.0003201197949957087,1.3852959,4.844535,301
222,0.0012943049518597258,3.291507,9.287585,1217
223,0.004182827753216353,1.7530594,7.1191454,3933
224,0.0011486025866955661,2.400791,10.67802,1080
225,0.0018441452641945477,1.531167,8.019722,1734
226,0.002228076314006677,3.5937881,10.636453,2095
227,5.5303087507564294e-05,1.5368809,3.313972,52
228,0.0015942178494969014,1.5335536,6.294557,1499
229,0.0039318368176051,1.8670512,8.5539255,3697
230,0.0004530599091965844,1.3188425,4.680492,426
231,0.0023673975536891946,1.3344861,5.8293633,2226
232,0.0014081016896156755,1.7070585,8.9048815,1324
233,0.0006498112782138805,1.5963856,9.397002,611
234,0.0012560181989698736,1.8401129,5.269569,1181
235,0.0041955900041796374,1.1212583,4.2152576,3945
236,0.0008072123734277173,1.4886976,8.635935,759
237,0.0009805662823456592,1.4300916,7.5239916,922
238,0.000570047209693355,1.4484159,7.206812,536
239,0.0013698149367258232,1.3197267,6.052025,1288
240,0.0011103158338057139,1.807479,8.521078,1044
241,0.005126170803585767,1.8866819,7.8877063,4820
242,0.002825775067453814,2.081996,7.3826337,2657
243,0.0038978041483696754,2.2282686,8.190652,3665
244,0.0019590055228641042,1.6999694,5.9081874,1842
245,0.002448225143123327,1.9408793,7.245417,2302
246,0.0005913176279654951,1.3541332,4.7644134,556
247,0.0034872850757173713,2.9245884,10.686751,3279
248,0.0014176733778381385,1.7968526,6.3006415,1333
249,0.0007753067460195071,1.8832185,9.421718,729
250,0.0014921198417906288,2.1665635,8.07317,1403
251,0.0040626498899787615,1.9345518,7.6730123,3820
252,0.00030948458585963864,1.3411286,5.375564,291
253,0.005150631784598728,1.808916,9.625171,4843
254,0.00048815609934561556,1.0416487,3.4235072,459
255,0.001866479203380295,1.8021445,7.495806,1755
256,0.0014102287314428895,1.3700776,5.9511127,1326
257,0.018790287501608577,1.2055826,5.0348816,17668
258,0.0017973503439958395,1.7812049,9.1642685,1690
259,0.014448995132264778,2.0831726,6.9179435,13586
260,0.00010741561227430756,1.7931137,8.61095,101
261,0.00033926317144063477,1.6617315,11.435684,319
262,0.03553117020269645,1.6333289,5.643519,33409
263,0.0019590055228641042,1.7890878,7.690003,1842
264,0.002088755074324159,1.5645889,5.844831,1964
265,0.004097746080127793,2.2013419,10.274214,3853
266,0.0006987332402398027,1.5334072,6.2114587,657
267,0.040520146808426916,1.0032486,3.3036094,38100
268,0.0031586571134128065,2.0232613,7.6275907,2970
269,0.0015931543285832945,1.5428016,8.016526,1498
270,0.0017335390891794191,1.4043924,9.8464,1630
271,0.005338874986307168,2.1820312,10.59364,5020
272,0.0012762250963284068,2.2259264,9.73821,1200
273,0.0010869183737063598,1.8908165,8.145433,1022
274,0.008485833369670298,1.8220313,9.720899,7979
275,0.0018707332870347229,2.386498,10.441315,1759
276,0.0018133031576999445,1.5914663,7.4321694,1705
277,0.0015750744730519753,2.7397957,13.641226,1481
278,0.008966544822620664,1.6716892,5.573577,8431
279,0.0004466787837149424,1.7226024,9.375727,420
280,0.0030703848775834254,1.0110939,4.1730947,2887
281,0.0015740109521383684,1.4435892,6.122473,1480
282,0.003456442969222768,2.9902716,9.106717,3250
283,0.0017622541538468083,1.8333113,7.9981847,1657
284,0.0012964319936869398,1.3584749,4.6746655,1219
285,0.005243158104082538,1.8333023,7.287474,4930
286,0.004011600886125625,1.2318424,4.4015756,3772
287,0.025005503720727917,1.4408289,5.812516,23512
288,0.004282798719095412,1.9599162,8.39856,4027
289,0.009668468625601287,2.60771,12.129031,9091
290,1.4889292790498078e-05,1.2725421,2.5472648,14
291,0.003578747874287574,1.7146412,6.1407666,3365
292,0.06350602431421512,4.4908166,12.48751,59713
293,0.0017973503439958395,2.0176606,6.7157984,1690
294,0.0016144247468554346,2.1195536,8.329337,1518
295,0.0008348639171814994,1.3564115,4.602121,785
296,0.001512326739149162,1.3934767,5.2443113,1422
297,0.011079760877957784,0.92519665,2.522369,10418
298,0.003190562740821017,1.941686,5.6906123,3000
299,0.0007689256205378651,1.3062346,5.0399003,723
300,0.0011603013167452432,1.2831153,7.347656,1091
301,0.004782653548490705,3.0889075,11.643772,4497
302,0.0005838729815702461,2.1831155,8.064539,549
303,0.001163491879486064,2.1753619,7.2843714,1094
304,0.0013591797275897533,1.4809685,6.297957,1278
305,0.003923328650296244,2.4233067,8.518662,3689
306,0.0029842396835812576,1.9077528,6.851861,2806
307,0.0016069801004601856,1.7662307,6.588223,1511
308,0.0016569655833997149,1.6929814,7.5334554,1558
309,0.002234457439488319,2.8925033,11.232905,2101
310,0.0010060907842722273,1.1053872,2.726492,946
311,0.0012623993244515158,1.4693719,4.612516,1187
312,0.015342352699694663,1.4092414,5.447205,14426
313,0.00012336842597841265,1.6081644,6.8890285,116
314,2.7651543753782147e-05,0.77767295,1.6592622,26
315,0.00048709257843200857,1.559022,7.8463035,458
316,0.00029246825124192656,1.4548874,6.2188663,275
317,0.0029810491208404366,2.038128,7.715178,2803
318,0.0012613358035379087,1.4348383,5.6131816,1186
319,0.0009773757196048381,1.3755463,6.7142644,919
320,0.09445980050474703,1.633647,7.3139033,88818
321,0.004973023792026359,1.9380534,8.503776,4676
322,0.002516290481594175,3.5368512,10.921288,2366
323,2.1270418272140114e-05,0.88795906,1.4332749,20
324,0.0051921091002294015,1.9978385,7.347735,4882
325,0.005828094606566391,1.2247175,5.0261703,5480
326,0.00017973503439958394,1.3435806,4.777709,169
327,0.00264604003305423,1.3008078,4.1549354,2488
328,0.00038393104981212904,1.363091,3.8784525,361
329,0.0005136806012721837,3.1264093,9.48258,483
330,0.0012794156590692277,1.8184257,6.748355,1203
331,0.0014612777352960256,1.3488582,4.64895,1374
332,0.00324267526558776,2.1396823,7.246945,3049
333,0.0016016624958921505,1.2073622,5.712692,1506
334,0.0011071252710648928,2.5299182,9.360365,1041
335,0.00114009441938671,1.6500161,6.5436745,1072
336,0.0023907950137885487,2.282567,9.106719,2248
337,0.0020164356521988826,2.1341588,7.2776866,1896
338,0.00018186207622679796,1.2527915,5.868021,171
339,0.0011953975068942743,2.0263524,8.45412,1124
340,1.8079855531319095e-05,0.9422456,1.3855917,17
341,0.001500628009099485,1.3866409,4.7979035,1411
342,0.008781492183653046,2.781408,11.61076,8257
343,0.0031767369689441258,1.3922937,3.9852629,2987
344,0.0003265009204773507,1.4730971,6.3493013,307
345,0.009943920542225503,1.6111524,5.595997,9350
346,4.9985482939529265e-05,0.98978114,1.6398944,47
347,0.004527408529225023,2.429591,9.09944,4257
348,0.0005445227077667869,1.2492474,4.035237,512
349,0.0011656189213132783,2.1106806,9.150033,1096
350,0.0014634047771232396,1.911726,7.4171286,1376
351,0.0023822868464796927,2.838851,11.639583,2240
352,0.012547419738735452,1.9972378,8.142438,11798
353,0.00046582216015986845,1.3015358,7.55855,438
354,0.005933383177013484,2.6730938,12.707346,5579
355,0.0019494338346416414,1.6716747,7.363807,1833
356,0.00027013431205617945,1.3170586,5.2818036,254
357,0.0012655898871923366,1.3862094,5.11807,1190
358,0.0030842106494603162,1.7657,7.180068,2900
359,0.0021238512644731903,1.2929437,6.1777625,1997
360,0.0007338294303888339,2.2161982,7.3629146,690
361,0.002816203379231351,1.6075919,7.689647,2648
362,0.00023929220556157628,1.5249712,7.0828395,225
363,0.0009220726320972738,1.5056617,7.7323933,867
364,0.004963452103803895,2.5943415,9.126712,4667
365,0.0030757024821514603,1.5186565,5.7238264,2892
366,0.001477230549000131,2.0783272,7.767033,1389
367,0.004622061890536046,1.5157212,5.4280653,4346
368,0.00033926317144063477,1.7864287,12.616279,319
369,0.000758290411401795,1.4117268,6.399543,713
370,0.0017782069675509134,1.4161053,5.721824,1672
371,0.001333655225663185,3.1903942,14.234141,1254
372,0.0005934446697927092,1.8055102,7.0773973,558
373,0.0023748422000844436,1.8215811,6.680701,2233
374,0.0006115245253240282,1.5965044,7.1247945,575
375,0.0033713612961342077,1.6834809,8.122578,3170
376,0.0010294882443715814,1.1589046,3.5483124,968
377,0.030879329726579408,1.79471,5.8705544,29035
378,0.007953009391953187,1.8165281,6.897681,7478
379,6.806533847084836e-05,2.909853,12.162762,64
380,0.0002669437493153584,1.3325946,5.996715,251
381,0.0017984138649094466,2.0075843,7.541056,1691
382,2.5524501926568134e-05,1.5297194,3.0428727,24
383,0.0019792124202226377,1.1203481,4.2098355,1861
384,0.001534660678334909,1.0712013,5.5598407,1443
385,0.0005285698940626817,1.2524295,8.253009,497
386,0.00284491844389874,1.1385288,4.84076,2675
387,7.444646395249039e-06,1.1705387,2.1339285,7
388,0.0012889873472916908,1.3012388,4.724501,1212
389,0.007798798859480172,1.601093,7.31429,7333
390,0.0017675717584148434,1.738536,7.9243665,1662
391,7.444646395249039e-06,0.8800716,1.1893361,7
392,0.004210479296970136,2.4895344,7.8269067,3959
393,0.0015580581384342632,2.7966576,10.252682,1465
394,8.401815217495345e-05,1.4943075,6.052434,79
395,0.00380740487071308,1.8085788,6.2881007,3580
396,0.00797321628931172,1.2574756,4.864629,7497
397,0.007961517559262044,1.6530426,5.777186,7486
398,0.00596316176259448,2.340963,10.489097,5607
399,0.0009146279857020249,1.2309004,4.4782906,860
400,0.0021355499945228673,1.25925,4.868133,2008
401,0.003456442969222768,2.2556863,8.2101145,3250
402,0.006886297915605361,1.5995834,6.703971,6475
403,0.0013655608530713952,1.2589728,3.6994114,1284
404,0.0016059165795465785,3.646627,10.033076,1510
405,0.00011060617501512859,1.2919098,6.315356,104
406,0.00015527405338662282,9.0294895,11.793578,146
407,0.0016622831879677497,1.6476774,8.092677,1563
408,0.008539009415350648,1.9119457,9.269702,8029
409,0.0038669620418750723,4.5905704,13.177806,3636
410,0.0004317894909244443,1.3530878,4.888814,406
411,0.0014314991497150296,2.91573,10.1952095,1346
412,0.004807114529503665,2.5800555,9.072914,4520
413,0.002104707888028264,3.1196892,9.584021,1979
414,0.0013953394386523913,2.2533865,7.274164,1312
415,0.0010433140162484724,1.6216688,6.3941755,981
416,0.00116136483765885,1.416126,5.421292,1092
417,0.00019994193175811706,1.2529211,5.7638717,188
418,0.0035521598514473987,1.6074007,5.5137334,3340
419,0.0023673975536891946,2.8985624,10.215484,2226
420,0.0009826933241728732,1.9198838,7.8842225,924
421,0.0006870345101901256,1.9816123,7.8209662,646
422,0.0010741561227430756,1.6817544,8.525924,1010
423,0.000760417453229009,1.5919731,10.453501,715
424,0.0009880109287409083,2.4890933,7.1502323,929
425,0.004240257882551131,3.2789233,9.354956,3987
426,0.0020674846560520188,2.9737096,10.485686,1944
427,0.0003254373995637437,1.4478936,7.961104,306
428,0.0029714774326179737,1.0800083,3.4135482,2794
429,0.004959198020149467,1.3438398,4.94454,4663
430,0.00010316152861987954,1.4496992,4.942772,97
431,9.46533613110235e-05,0.9088218,2.1184118,89
432,0.0016144247468554346,1.7014215,8.727451,1518
433,0.00114009441938671,1.8423653,8.220789,1072
434,7.444646395249039e-06,0.7985927,1.2361253,7
435,0.01535405142974434,2.55942,9.078635,14437
436,0.0025290527325574595,3.8546057,13.232246,2378
437,0.000581745939743032,1.6260425,7.141852,547
438,0.009157978587069925,1.7236022,7.984627,8611
439,0.00770733606090997,1.37726,5.037151,7247
440,0.008760221765380905,2.7134407,10.030555,8237
441,0.004717778772760677,1.5266373,7.79843,4436
442,0.0010603303508661846,1.944323,7.8784447,997
443,0.002289760526995883,1.6799061,8.714972,2153
444,0.0035021743685078694,2.2964027,9.519836,3293
445,0.0010199165561491183,2.0924737,7.55281,959
446,0.004666729768907541,1.2916574,4.8241878,4388
447,0.0023620799491211597,1.4757899,6.074533,2221
448,0.0033160582086266435,3.3251638,10.739177,3118
449,0.004676301457130004,1.750749,6.828256,4397
450,0.0006062069207559932,1.2342961,5.050318,570
451,0.0010550127462981495,1.3794329,4.242615,992
452,0.0021749002683263264,1.5796745,6.071921,2045
453,0.00017654447165876293,0.87956166,2.7771235,166
454,0.001325147058354329,2.5428987,11.277656,1246
455,0.012973891625091862,1.3190135,5.00074,12199
456,0.0002467368519568253,1.5317682,7.7392826,232
457,0.0006647005710043785,1.9221704,8.222914,625
458,0.00041264611447951817,1.2524265,5.9441557,388
459,0.005455862286803939,1.7960732,8.00509,5130
460,0.0009093103811339898,1.5941045,5.235876,855
461,0.002776853105427892,3.1444187,14.059273,2611
462,0.004928355913654864,1.373073,6.7581387,4634
463,0.03530676728992537,1.7671729,6.2603297,33198
464,0.0008933575674298848,3.042452,9.0250025,840
465,0.0013581162066761462,3.0317721,8.743325,1277
466,0.0023663340327755877,1.580228,6.2526727,2225
467,0.0015655027848295122,1.4756738,8.886252,1472
468,0.005184664453834153,1.6908418,7.1170125,4875
469,0.0050708677160782025,1.7452893,7.0063963,4768
470,0.0019675136901729606,1.9134312,7.718416,1850
471,0.005915303321482165,1.4154615,5.2162266,5562
472,0.0006179056508056703,1.389938,4.546188,581
473,0.002472686124136288,4.019411,10.929403,2325
474,0.10715398612956024,1.4069077,6.807981,100754
475,0.0027736625426870707,2.3688245,7.1334705,2608
476,2.9778585580996157e-05,1.0797137,3.0730858,28
477,0.006915012980272751,2.2912958,10.562993,6502
478,0.0011858258186718113,1.6629378,10.019674,1115
479,0.0018122396367863376,1.8084463,8.921708,1704
480,0.0014687223816912747,2.1970503,10.170563,1381
481,0.01167107850592328,1.4816238,5.681555,10974
482,0.0013474809975400762,1.6383715,7.024868,1267
483,3.72232319762452e-05,0.9728063,1.4795275,35
484,0.00040732850991148314,1.620332,8.088144,383
485,0.0010762831645702896,1.6729858,6.1180973,1012
486,0.006289662683071831,2.0371325,10.970726,5914
487,0.0009008022138251337,1.3234396,5.1873045,847
488,0.00250033766789007,3.1723065,12.0821705,2351
489,0.0003424537341814558,1.1954268,4.158005,322
490,0.0035298259122616515,2.4641118,8.87722,3319
491,0.000981629803259266,1.8257823,9.677481,923
492,0.00032862796230456476,1.4098465,6.2482786,309
493,0.00829333608430743,1.8155929,6.5387177,7798
494,0.014450058653178385,1.2960101,7.1866527,13587
495,0.0007827513924147561,1.7054048,5.4544864,736
496,0.0017346026100930262,1.3855846,6.0482454,1631
497,0.002417383036628724,1.9271373,9.536861,2273
498,1.701633461771209e-05,1.0897682,1.8443401,16
499,0.003429854946382593,1.4731997,6.3284063,3225
500,0.00048283849477758053,2.0104122,6.444188,454
501,0.0006285408599417403,1.5784103,5.6461277,591
502,0.002847045485725954,1.4752233,7.109755,2677
503,0.0016569655833997149,1.8905298,6.0835834,1558
504,0.0006806533847084836,2.0436687,10.227465,640
505,0.001520834906458018,2.0825765,7.4491234,1430
506,0.0010709655600022547,1.8937738,8.107002,1007
507,0.0012485735525746245,2.149541,11.589026,1174
508,0.001343226913885648,1.2478718,5.574415,1263
509,0.00021057714089418712,2.3973625,14.806306,198
510,0.002623706093868483,1.8634659,7.2171426,2467
511,0.0012209220088208424,1.7528605,8.181313,1148
512,0.0019366715836783572,3.6913905,12.068226,1821
513,0.0017654447165876294,2.5815077,10.161698,1660
514,0.002657738763103907,1.9641397,10.123428,2499
515,0.00046475863924626146,1.0622318,3.7662768,437
516,0.002086628032496945,1.4813933,7.282652,1962
517,1.0635209136070056e-06,0.75971925,0.75971925,1
518,0.0031565300715855928,1.2291355,4.8225055,2968
519,0.004689063708093287,1.4997028,8.654028,4409
520,0.02782064357904566,1.2613618,4.4719334,26159
521,0.0024078113484062606,2.730872,7.9013734,2264
522,5.104900385313627e-05,1.1732923,2.748135,48
523,0.003594700687991679,1.2073425,5.1305504,3380
524,0.002642849470313409,1.3949038,6.0081983,2485
525,0.0020068639639764197,1.8682495,8.010218,1887
526,0.002285506443341455,1.6077787,5.313273,2149
527,0.0006051433998423862,1.4579501,9.677321,569
528,0.0006721452173996276,1.711156,13.675493,632
529,0.0035362070377432937,2.1061335,9.952984,3325
530,0.0008263557498726433,2.7819388,9.937927,777
531,0.0001722903880043349,1.0315034,2.6530943,162
532,0.0004094555517386972,2.0766494,8.518823,385
533,0.006774628219676625,2.436346,9.491589,6370
534,0.005953590074372017,1.714797,6.367305,5598
535,0.021686254949360453,1.300197,4.30544,20391
536,0.0035532233723610056,1.465141,6.7184796,3341
537,0.007932802494594654,1.1075497,4.7947884,7459
538,0.003571303227892325,2.723185,10.440411,3358
539,0.002784297751823141,2.188624,8.70828,2618
540,0.0046752379362163966,2.5416253,8.265784,4396
541,0.0004158366772203392,1.5969113,9.222569,391
542,0.0030884647331147442,2.0855973,7.7047415,2904
543,0.0027438839571060744,3.351727,11.282995,2580
544,0.0012145408833392005,2.2876325,9.903837,1142
545,0.0025290527325574595,2.0616884,7.757162,2378
546,0.000936961924887772,1.9025829,13.869469,881
547,0.003784007410613726,1.9265717,6.8233337,3558
548,0.0011507296285227801,1.4605854,6.905866,1082
549,0.0034628240947044103,2.2706397,8.8945055,3256
550,0.0015793285567064033,2.1207657,8.552073,1485
551,0.003016145310989468,1.5958451,6.891285,2836
552,0.004991103647557678,2.5944555,10.377268,4693
553,0.008056170920573067,1.6596464,6.303539,7575
554,0.0036510672964128505,2.8523338,11.34268,3433
555,0.004538043738361093,1.1837513,5.089713,4267
556,0.0010932994991880017,2.706925,11.0372095,1028
557,0.002069611697879233,2.0818405,8.7182,1946
558,0.00786048307246938,1.970313,5.8868546,7391
559,0.004281735198181804,2.716405,11.077457,4026
560,0.0011124428756329279,1.8721253,7.4031157,1046
561,0.0022259492721794626,1.5982194,6.1353917,2093
562,0.0008997386929115267,1.2211758,3.4533496,846
563,0.00046475863924626146,1.1555792,3.893596,437
564,0.0009763121986912311,1.2954278,5.5044594,918
565,0.002156820412795007,1.4724996,8.361017,2028
566,0.0036446861709312083,1.9114721,8.553602,3427
567,0.010643717303378913,2.3977687,9.279186,10008
568,0.005564341419991853,1.7320108,8.126702,5232
569,0.00047858441112315255,1.6455392,7.534605,450
570,0.0028055681700952808,1.2792283,6.840818,2638
571,0.006300297892207901,1.4701903,6.9126434,5924
572,0.0012475100316610176,1.465155,4.960131,1173
573,0.0027662178962918216,2.5209363,9.703952,2601
574,0.002982112641754044,1.7506862,8.061894,2804
575,4.254083654428023e-05,1.1711977,2.4700847,40
576,0.00245779683134579,1.2670089,3.8699284,2311
577,0.0031395137369678804,2.6849835,8.95412,2952
578,0.0016537750206588938,1.9153979,7.499979,1555
579,0.002801314086440853,1.8643193,9.245137,2634
580,0.0012783521381556208,1.874835,7.3446994,1202
581,0.009574878785203871,1.2297266,5.214959,9003
582,0.00496876970837193,1.8574097,6.7078714,4672
583,6.381125481642033e-06,1.0055555,1.3107687,6
584,0.0038371834562940764,2.5163743,8.6137495,3608
585,0.0008891034837754567,1.4351523,6.2610497,836
586,0.00593125613518627,1.5445288,9.409467,5577
587,0.002021753256766918,1.1183206,4.383741,1901
588,0.0009103739020475968,1.5780276,10.430319,856
589,0.003278834976650398,1.5499986,6.4111905,3083
590,0.0023503812190714822,1.5799361,5.523307,2210
591,0.0020313249449893807,1.143284,4.4029956,1910
592,0.00019462432719008203,2.0287158,7.6116176,183
593,0.0003126751486004597,1.103341,4.027456,294
594,0.020919456370649802,1.1653244,4.6269007,19670
595,0.0029587151816546898,1.8095489,9.323106,2782
596,0.0037393395322422316,2.339174,8.249924,3516
597,0.0023408095308490194,1.5828992,6.07997,2201
598,0.0010177895143219044,1.6695282,5.93107,957
599,0.0018537169524170108,1.2161964,4.895492,1743
600,0.00270985128787065,1.8409753,6.273425,2548
601,0.0009986461378769782,1.5355257,6.49662,939
602,2.7651543753782147e-05,1.0987594,1.8398767,26
603,0.004601854993177513,3.8726554,11.245133,4327
604,0.004507201631866489,1.0762393,4.806928,4238
605,0.002831092672021849,1.194959,3.7852106,2662
606,0.0010635209136070057,1.3339441,5.578969,1000
607,0.045525076227861484,1.6667466,7.661166,42806
608,0.0009975826169633713,1.9809959,7.93775,938
609,0.00017335390891794192,1.8745481,7.648288,163
610,0.008008312479460752,1.720613,6.2272916,7530
611,0.007375517535864584,2.0558586,7.4445457,6935
612,0.003584065478855609,1.9633245,7.4226665,3370
613,0.0017548095074515593,2.1995595,9.543083,1650
614,0.0033554084824301026,2.0642505,8.37952,3155
615,0.001329401142008757,2.229557,9.082983,1250
616,0.00491559366269158,3.1106024,11.476206,4622
617,0.0001712268670907279,1.2427633,3.9371712,161
618,0.00010847913318791457,1.1866488,2.9120057,102
619,0.0004839020156911876,1.4444991,9.550041,455
620,0.00027757895845142847,1.9345565,12.95991,261
621,0.000956105301332698,1.3594193,9.877235,899
622,0.0015623122220886913,1.5841684,5.906135,1469
623,0.0025492596299159925,1.3002791,5.945201,2397
624,0.000570047209693355,1.3089325,6.6894317,536
625,0.006409840546309423,1.986043,8.692823,6027
626,0.0006402395899914174,1.6891731,7.0711875,602
627,0.0019068929980973611,1.9028664,7.695625,1793
628,0.00017654447165876293,1.594821,9.202641,166
629,0.007714780707305219,2.8212357,8.8581085,7254
630,0.00033819965052702777,1.6599784,5.34897,318
631,0.002112152534423513,2.6257567,11.024033,1986
632,0.0010475680999029006,1.9890139,6.7913203,985
633,0.005379288781024234,1.5735427,7.1445823,5058
634,0.0003977568216890201,1.4324598,13.068147,374
635,0.006399205337173352,1.941356,6.2726755,6017
636,0.0038648350000478585,1.2185756,4.3814163,3634
637,0.0006859709892765186,1.5713624,9.138212,645
638,0.002416319515715117,2.5444555,10.287173,2272
639,0.001354925643935325,1.3010786,5.516684,1274
640,0.0012623993244515158,1.1870933,4.0266147,1187
641,0.00019249728536286802,1.6023031,6.5718927,181
642,0.0005413321450259659,1.7258123,9.525421,509
643,0.00045731399285101244,1.8443397,7.887893,430
644,0.0009933285333089432,1.2050936,4.5531282,934
645,0.001354925643935325,2.520423,8.106943,1274
646,0.0010401234535076516,1.7315406,7.0047483,978
647,0.0007380835140432619,1.7764802,7.1133265,694
648,0.002129168869041225,2.5344086,9.393326,2002
649,0.0011049982292376788,1.2136357,3.688968,1039
650,0.0005732377724341761,1.3041306,5.4344225,539
651,0.03387526814021034,1.3160996,5.9077992,31852
652,0.0017112051499936721,2.611732,10.743296,1609
653,0.00250033766789007,2.4652407,14.209792,2351
654,0.0003254373995637437,1.2497673,5.230051,306
655,0.00048283849477758053,1.9043456,9.348145,454
656,0.0012794156590692277,1.5855439,9.102517,1203
657,0.001693125294462353,1.2087196,6.2048745,1592
658,0.002222758709438642,1.5240551,6.0425277,2090
659,0.001730348526438598,2.5657132,8.778508,1627
660,0.0058972234659508465,3.2285378,11.579525,5545
661,0.002033451986816595,1.983255,9.53657,1912
662,0.0006923521147581607,1.6979327,7.076931,651
663,0.001700569940857602,3.0555022,9.325709,1599
664,0.0026726280558944052,3.1310973,10.417238,2513
665,7.125590121166937e-05,1.0791324,2.2246478,67
666,0.0025141634397669614,3.3543735,13.431871,2364
667,0.00355535041418822,1.3117411,5.2519593,3343
668,0.0027513286035013235,1.3658452,5.1429424,2587
669,0.00028608712576028454,1.9958745,8.671974,269
670,0.006063132728473539,1.7837778,6.0714054,5701
671,0.00039243921712098505,1.2042658,5.440564,369
672,0.0014921198417906288,3.21356,8.625998,1403
673,0.001486802237222594,2.2736104,9.821867,1398
674,0.003407521007196846,2.596666,10.751879,3204
675,0.0007019238029806237,1.1918586,5.8636117,660
676,0.004043506513533836,1.6547076,7.445629,3802
677,0.0016697278343629988,2.4514112,10.017839,1570
678,0.005335684423566347,3.3947833,10.084578,5017
679,0.004366816871270365,1.3061591,5.9629855,4106
680,0.0013868312713435354,1.3699408,4.9836626,1304
681,0.00242589120393758,1.1916611,4.962637,2281
682,0.0015899637658424734,1.9139185,6.360487,1495
683,0.007779655483035246,2.1046271,8.828259,7315
684,0.006991586486052455,1.6029187,6.3278747,6574
685,0.0026875173486849034,2.4786825,8.6695795,2527
686,0.002043023675039058,2.5737267,8.852955,1921
687,0.00438276968497447,1.8187817,7.6880593,4121
688,0.004965579145631109,2.364472,8.164326,4669
689,0.0023057133406999882,3.3508284,10.8513975,2168
690,0.0006306679017689543,1.537523,6.25011,593
691,0.0008869764419482427,1.94669,8.844239,834
692,0.00033288204595899274,1.6037018,4.9888067,313
693,0.0018452087851081548,1.6382315,6.625785,1735
694,0.0010422504953348656,2.0821595,7.504628,980
695,0.00698626888148442,1.547927,5.9109836,6569
696,0.002191916602944039,1.4427354,7.0494695,2061
697,0.001712268670907279,2.140182,7.8989773,1610
698,0.004937927601877327,2.1279535,13.3641205,4643
699,0.0022652995459829218,2.8440723,9.693228,2130
700,0.0021759637892399333,3.5186405,9.754034,2046
701,0.00012655898871923366,0.7878851,1.6404071,119
702,0.00048602905751840157,1.2576258,5.856648,457
703,0.002458860352259397,1.9298395,8.221229,2312
704,0.010293818922802208,1.9135795,6.6266212,9679
705,0.014636174813059611,1.6145556,6.9828386,13762
706,0.0065236372840653725,2.345346,7.6540003,6134
707,0.002114279576250727,1.4994823,6.5627246,1988
708,0.003384123547097492,1.6935862,10.018662,3182
709,0.0004615680765054404,1.7913042,8.679297,434
710,0.0005498403123348219,1.575277,5.9378676,517
711,0.00023929220556157628,1.838183,10.345068,225
712,0.0013719419785530372,3.0310886,10.824465,1290
713,0.0006678911337451996,1.3008789,5.1512403,628
714,0.00037542288250327297,1.2902125,3.8221056,353
715,0.002638595386658981,1.7362283,6.9217505,2481
716,2.5524501926568134e-05,1.0595437,1.7941319,24
717,0.002821520983799386,2.9938366,11.526103,2653
718,0.0008667695445897096,1.5554931,7.992898,815
719,0.0026056262383371636,2.2740297,9.748194,2450
720,0.0019526243973824622,2.5479364,8.101169,1836
721,0.0011081887919785,2.9578218,9.469296,1042
722,0.0025896734246330586,1.9123679,9.511393,2435
723,0.0011964610278078812,1.7653786,7.5097847,1125
724,0.03317228081631611,2.3742185,10.422776,31191
725,0.004058395806324333,3.0062542,9.96719,3816
726,0.0026003086337691287,1.3230863,7.7010922,2445
727,0.0035404611213977217,1.940379,7.2899666,3329
728,0.004071158057287617,2.09772,10.719767,3828
729,3.1905627408210167e-06,0.7974508,0.8546394,3
730,0.005362272446406522,1.5544188,6.015196,5042
731,0.004322148992898871,2.590575,10.962795,4064
732,0.002784297751823141,2.4226735,7.826781,2618
733,0.0030799565658058883,2.178124,6.8069267,2896
734,0.0010114083888402624,1.9500431,6.291276,951
735,0.0019717677738273886,2.106914,6.9195485,1854
736,0.0023280472798857354,2.2572007,9.665837,2189
737,0.001330464662922364,1.6753902,6.915463,1251
738,0.0017441742983154893,1.2499931,4.066168,1640
739,0.002772599021773464,1.5924219,7.7114544,2607
740,0.0007689256205378651,1.2888929,4.493283,723
741,0.0019207187699742522,3.634904,12.945686,1806
742,0.003037415729261608,2.4085548,9.516563,2856
743,0.0010018367006177993,1.4172764,5.342573,942
744,0.0014463884425055277,1.3746898,8.187486,1360
745,0.004852845928788767,1.736953,8.902328,4563
746,0.0014697859026048818,1.2064943,4.313602,1382
747,0.002302522777959167,3.2381845,11.611191,2165
748,0.007392533870482296,1.6834712,7.4968944,6951
749,0.012097550392279688,1.6884803,6.3213277,11375
750,0.0005317604568035028,1.3520148,5.32343,500
751,0.0006742722592268416,1.1934973,3.311663,634
752,0.0007710526623650791,2.3587296,8.564634,725
753,0.01205820011847623,2.2945423,9.748521,11338
754,0.002058976488743163,2.1573389,7.9714365,1936
755,0.005246348666823358,1.479618,5.5826173,4933
756,0.003641495608190387,1.2796863,4.616921,3424
757,0.00027864247936503547,1.4258192,4.4549484,262
758,0.002261045462328494,1.6862179,8.069277,2126
759,1.3825771876891073e-05,1.0269649,1.3801237,13
760,0.003226722451883655,1.5918422,6.181978,3034
761,0.0025535137135704205,2.2058578,8.298973,2401
762,0.0019845300247906725,1.0965159,3.1114204,1866
763,0.0024907659796676073,1.3945452,5.299066,2342
764,0.0017856516139461624,1.1967938,3.582365,1679
765,0.023415539954885444,1.7421896,8.328797,22017
766,5.9557171161992314e-05,0.80839545,2.122653,56
767,0.002815139858317744,1.6011406,6.6371784,2647
768,0.00044348822097412135,1.6488853,6.410074,417
769,0.0015495499711254072,2.8237062,13.285617,1457
770,0.011563662893648971,2.295816,8.671204,10873
771,0.003174609927116912,1.6409636,8.993504,2985
772,0.0,0.0,0.0,0
773,0.002480130770531537,1.4938396,7.5460486,2332
774,0.003238421181933332,2.7156794,10.632702,3045
775,0.0007359564722160479,1.291735,6.244563,692
776,0.001498500967272271,2.502983,11.8091755,1409
777,0.0019451797509872134,1.2927278,4.679369,1829
778,0.0018547804733306179,1.0586668,3.489102,1744
779,0.002599245112855522,3.6737785,13.724533,2444
780,0.003187372178080196,3.57733,11.886463,2997
781,0.0022376480022291397,3.7857907,11.06579,2104
782,0.0007795608296739351,1.6416032,7.311073,733
783,0.002416319515715117,1.6090103,6.261256,2272
784,0.0008997386929115267,1.2760122,4.9053235,846
785,0.0012538911571426596,1.5052091,6.4545517,1179
786,0.002894903926838269,3.2728982,11.475427,2722
787,0.00494749929009979,1.9116553,6.032747,4652
788,0.000578555377002211,1.8526671,7.7694826,544
789,0.004945372248272576,2.141087,9.073253,4650
790,0.0009720581150368031,1.5279449,8.450112,914
791,0.009352602914260008,40.01722,72.47721,8794
792,0.005265492043268285,2.380075,11.459834,4951
793,0.0017335390891794191,1.9151765,7.9893923,1630
794,0.001163491879486064,1.149505,2.9163299,1094
795,0.0015538040547798352,2.598513,12.237219,1461
796,0.0007178766166847288,1.7936306,8.373349,675
797,0.003987139905112664,2.8407629,9.528384,3749
798,0.004462533753494996,2.0928357,7.6076007,4196
799,0.0008263557498726433,1.7687857,6.910664,777
800,0.0004934737039136506,2.1114004,9.092491,464
801,0.005294207107935674,1.6240288,6.6717105,4978
802,0.0007189401375983358,1.1450557,3.6525438,676
803,0.00226955362963735,3.2579331,9.302484,2134
804,0.00018292559714040495,1.5139394,8.218234,172
805,0.002784297751823141,2.499031,11.577567,2618
806,0.00567920167866141,3.4326434,11.480456,5340
807,0.00021802178728943616,1.3568029,3.497151,205
808,0.005900414028691668,2.3740933,9.716845,5548
809,0.0009592958640735191,1.9981061,7.4319277,902
810,0.0015038185718403059,1.1274232,3.821688,1414
811,0.004144541000326501,2.3850179,9.922999,3897
812,0.002014308610371669,2.9861183,9.695023,1894
813,0.0019738948156546024,1.2713906,4.113302,1856
814,0.0014591506934688117,1.1204603,4.5211706,1372
815,0.001320892974699901,1.2231307,7.017619,1242
816,0.012147535875219218,1.6619234,10.091535,11422
817,0.003581938437028395,1.6794496,7.1008806,3368
818,0.0014059746477884615,1.664295,5.784662,1322
819,0.0011953975068942743,1.6288431,5.743151,1124
820,0.008180602867465088,1.0237514,3.9701903,7692
821,0.0012102867996847725,1.3367414,6.393724,1138
822,0.00032969148321817176,2.074136,8.766551,310
823,0.0011560472330908152,1.784942,7.148339,1087
824,0.00030842106494603165,1.3864378,4.9251313,290
825,0.0019802759411362445,2.7635624,10.221273,1862
826,0.004483804171767135,1.4060276,6.687195,4216
827,0.002247219690451603,1.4079962,4.643696,2113
828,0.0002850236048466775,1.4749061,6.22879,268
829,0.001497437446358664,2.913516,9.073503,1408
830,0.0007933866015508262,1.5775386,6.111975,746
831,0.0012390018643521615,1.7974045,13.172854,1165
832,0.00012017786323759164,1.0957462,3.7771876,113
833,0.0017622541538468083,2.418704,8.488796,1657
834,0.0006062069207559932,2.0142796,6.595007,570
835,0.004011600886125625,1.2051346,5.565154,3772
836,0.0035340799959160795,2.632637,8.130427,3323
837,0.0003020399394643896,1.3024418,8.349387,284
838,0.002626896656609304,2.4280007,7.401808,2470
839,0.011309481395296897,1.2136564,3.9655447,10634
840,0.002278061796946206,2.7602344,11.305406,2142
841,0.0006742722592268416,1.3318232,4.6050467,634
842,0.0010486316208165075,1.4844557,7.3000836,986
843,0.00012655898871923366,1.5299339,4.9863915,119
844,7.338294303888339e-05,0.94655466,1.9338056,69
845,0.004680555540784431,1.8460997,8.850072,4401
846,0.008047662753264212,1.1987867,3.7534564,7567
847,0.0036159711062638193,2.7869265,8.421115,3400
848,0.005566468461819067,1.4181157,5.7959213,5234
849,0.0008167840616501803,1.4377234,7.2007146,768
850,0.00507193123699181,1.8656083,9.563903,4769
851,0.0015612487011750842,1.8018464,6.1943183,1468
852,0.0009199455902700599,1.3566221,5.6651635,865
853,0.000551967354162036,0.99324226,2.405766,519
854,0.016432461636141843,1.5297886,5.549847,15451
855,0.0019600690437777115,1.7781024,8.444214,1843
856,0.00967804031382375,2.3744001,8.625843,9100
857,0.0002892776885011055,1.6635834,6.9110336,272
858,0.0036670201101169555,2.2958057,9.26254,3448
859,0.003417092695419309,2.0993989,9.626823,3213
860,0.0017558730283651664,1.7469443,7.0468507,1651
861,0.003202261470870694,1.881101,8.674284,3011
862,0.0045656952821148756,2.5583048,9.452284,4293
863,0.0012985590355141538,2.1742206,6.816075,1221
864,0.0010060907842722273,1.5665061,6.1532927,946
865,0.0003956297798618061,1.6249961,6.9028573,372
866,0.0006157786089784563,1.4296291,9.340834,579
867,0.0021525663291405792,1.9881994,8.014427,2024
868,0.0016293140396459326,3.1243947,10.1946335,1532
869,0.0009965190960497642,1.403106,4.1762857,937
870,0.0030469874174840713,4.2555366,14.392706,2865
871,0.0010688385181750408,1.2990636,4.7330465,1005
872,0.00029353177215553356,1.4124101,6.564091,276
873,0.023436810373157584,2.3095334,7.4100504,22037
874,0.07206098654326988,1.2679274,6.005228,67757
875,0.0010550127462981495,1.4807136,6.623774,992
876,0.005988686264521048,5.761481,13.9289,5631
877,0.0027672814172054285,3.2982054,10.434964,2602
878,2.446098101296113e-05,2.1861675,7.786335,23
879,0.001313448328304652,2.5359313,10.071108,1235
880,0.014194813633912704,1.9636269,6.8646154,13347
881,0.0010390599325940445,1.2470915,4.6755743,977
882,0.0018069220322183025,1.9992261,8.68841,1699
883,0.0009337713621469509,3.7302895,14.139404,878
884,0.004435945730654821,2.6444588,10.410722,4171
885,0.0013655608530713952,2.2717862,7.983712,1284
886,0.00989499858019958,1.3130543,5.508087,9304
887,3.935027380345921e-05,1.2928358,3.1692681,37
888,0.010419314390607835,3.070113,9.830514,9797
889,0.003625542794486282,2.756266,8.681762,3409
890,0.002286569964255062,1.6020494,6.738987,2150
891,0.01426394249329716,0.9975706,3.2654579,13412
892,0.0009922650123953363,1.4506397,7.7512593,933
893,0.006247121846527551,2.498862,10.712271,5874
894,0.0019111470817517891,3.1724513,9.306984,1797
895,0.0002073865781533661,1.2438128,5.5792527,195
896,0.001699506419943995,3.1462078,11.202733,1598
897,0.0026120073638188058,2.9875023,9.384755,2456
898,0.0004158366772203392,1.4095844,8.136409,391
899,0.0007178766166847288,1.1319143,5.51496,675
900,0.005621771549326632,1.7752234,6.780112,5286
901,0.003948853152222812,1.0918587,5.4836836,3713
902,0.0007338294303888339,1.753837,6.5491586,690
903,0.0025481961090023856,1.6453372,9.252048,2396
904,0.004826257905948592,1.8613228,7.556642,4538
905,0.001163491879486064,2.5483878,11.847126,1094
906,0.001491056320877022,2.1771514,9.266294,1402
907,0.005027263358620315,1.0888721,3.3406432,4727
908,0.003187372178080196,2.2053797,11.313744,2997
909,0.000580682418829425,1.4382945,4.7420545,546
910,0.0029278730751600866,3.7997863,11.18444,2753
911,0.0005253793313218608,1.3988414,5.1174345,494
912,0.0008784682746393866,1.3865886,4.5556245,826
913,0.005869571922197064,2.6424491,9.5988455,5519
914,0.0012347477806977335,1.6244731,10.945929,1161
915,0.00038286752889852204,2.732076,10.264537,360
916,0.0007040508448078377,1.5519757,6.0208297,662
917,6.806533847084836e-05,1.7061974,7.0857496,64
918,0.0019824029829634583,2.3857226,11.711306,1864
919,0.00033181852504538575,0.90246195,2.1324193,312
920,0.0030799565658058883,2.0860178,8.816139,2896
921,0.0019600690437777115,2.8856554,9.563225,1843
922,0.0019558149601232836,1.4067123,5.593722,1839
923,0.00015421053247301582,1.1641409,2.9016113,145
924,0.0006210962135464913,1.7091413,6.469047,584
925,0.0044986934645576335,1.4471657,6.1079483,4230
926,0.011263749996011797,1.6318345,6.5011053,10591
927,0.00224828321136521,1.2535449,4.067039,2114
928,0.0017441742983154893,2.557375,8.422767,1640
929,0.0012719710126739788,3.2576993,11.67767,1196
930,0.0002095136199805801,1.3389109,4.1891313,197
931,0.0008135934989093593,1.5293195,5.556111,765
932,0.0010231071188899394,1.4234185,6.5857997,962
933,0.00167291839710382,1.4896643,7.611587,1573
934,0.00036159711062638193,1.5701513,7.929049,340
935,0.0027534556453285377,2.0044348,6.6120067,2589
936,0.002682199744116868,2.261419,8.751436,2522
937,0.00020632305723975909,2.000954,9.544324,194
938,0.005771727998145219,2.4991715,10.234942,5427
939,0.025592567265038984,1.0308195,4.789358,24064
940,0.0005009183503088997,2.061651,7.153338,471
941,0.0008486896890583904,1.1247543,2.9735029,798
942,0.0004488058255421564,1.7123489,6.629338,422
943,0.002105771408941871,2.9321449,9.858505,1980
944,0.0025269256907302453,2.7686894,9.269802,2376
945,0.006344965770579396,1.3520957,4.9403167,5966
946,0.0027289946643155763,1.2392731,4.313867,2566
947,0.0003977568216890201,1.0099018,2.3760912,374
948,0.0042477025289463805,2.1444194,8.893401,3994
949,0.003997775114248734,2.0626667,8.650348,3759
950,0.0035064284521622974,2.1292033,7.899482,3297
951,0.0005306969358898958,1.680191,5.91591,499
952,0.0008529437727128185,1.383246,3.8757558,802
953,0.0025886099037194517,2.2039936,9.5303135,2434
954,0.0025843558200650237,1.661274,6.465164,2430
955,0.002815139858317744,2.8452935,9.406645,2647
956,0.0014580871725552048,1.8155572,6.5995193,1371
957,0.0020068639639764197,2.0848377,9.084319,1887
958,1.0635209136070057e-05,1.2573589,2.804626,10
959,0.0016505844579180727,3.6646907,12.497118,1552
960,0.01379812033313729,1.9845034,8.665973,12974
961,0.0031512124670175575,3.5647771,12.319015,2963
962,2.9778585580996157e-05,1.0236025,2.3852537,28
963,0.0017229038800433492,2.0463796,9.632619,1620
964,0.002080246907015303,1.3897312,5.235388,1956
965,0.005133615449981016,1.245864,4.274157,4827
966,0.0012847332636372628,2.487819,9.018822,1208
967,0.00266731045132637,1.8891265,8.618876,2508
968,0.0016144247468554346,3.3029735,10.830929,1518
969,0.0011464755448683521,1.0355291,3.5607264,1078
970,0.009001641012769696,1.5022126,5.1747184,8464
971,0.001690998252635139,1.3046647,3.5896885,1590
972,0.0019728312947409955,3.264087,10.312629,1855
973,0.0025184175234213894,1.6810963,6.2405577,2368
974,0.0006093974834968142,1.8459932,10.592438,573
975,0.00023291108007993423,1.7828255,8.717093,219
976,0.0004371070954924793,1.4146384,6.77091,411
977,0.0018398911805401197,3.5737457,12.369045,1730
978,0.00056472960512532,1.4254783,5.5327516,531
979,0.0018324465341448706,2.1226866,9.507058,1723
980,0.0008805953164666006,1.7079072,5.8924317,828
981,2.5524501926568134e-05,0.90603024,1.3574768,24
982,0.0020674846560520188,1.1674476,4.591611,1944
983,0.00024992741469764633,1.2872723,5.3504915,235
984,0.00014782940699137377,1.3811414,4.9732113,139
985,0.0014027840850476404,1.3164388,4.793095,1319
986,0.006340711686924967,1.8059295,6.2556806,5962
987,0.030333743497899014,1.7599846,6.4512405,28522
988,0.0027736625426870707,1.930332,7.730183,2608
989,0.002299332215218346,1.4342042,4.933197,2162
990,0.0012017786323759163,1.5190908,6.8999186,1130
991,0.0011953975068942743,1.2407919,4.308979,1124
992,0.00044986934645576337,1.5165759,9.157893,423
993,0.002615197926559627,1.351811,4.911314,2459
994,0.0006976697193261957,1.5039192,5.670845,656
995,0.00044348822097412135,1.2913238,5.65781,417
996,0.0053250492144302775,2.0943472,8.864365,5007
997,0.0008199746243910014,1.1830298,2.9775383,771
998,0.0020600400096567697,2.0615976,8.883857,1937
999,0.0006987332402398027,1.6038548,7.2356997,657
1000,0.0012666534081059438,1.8631504,7.478943,1191
1001,0.002849172527553168,1.895583,6.8860407,2679
1002,0.005133615449981016,2.6581903,10.451852,4827
1003,0.00042647188635640927,1.6985486,8.783231,401
1004,0.05470538875411716,5.3291187,17.831226,51438
1005,0.005052787860546883,1.2362427,4.811962,4751
1006,0.002476940207790716,2.665808,9.547404,2329
1007,0.005713234347896834,2.5320518,11.359958,5372
1008,0.002066421135138412,3.8627825,14.515889,1943
1009,0.007478679064484463,3.3914835,10.071292,7032
1010,0.0006381125481642034,1.9513379,9.01831,600
1011,0.0007114954912030868,1.3332098,4.3182654,669
1012,0.0007348929513024409,1.1232468,4.0306687,691
1013,0.0023163485498360584,1.0825237,2.9095113,2178
1014,0.0017516189447107382,2.8773768,10.979161,1647
1015,0.0021972342075120737,1.9648099,8.467436,2066
1016,0.0032522469538102234,2.8126974,12.284044,3058
1017,0.0015548675756934423,1.7486502,7.0451045,1462
1018,0.0008018947688596822,2.1525104,8.587793,754
1019,0.0024992741469764632,3.0755246,10.110926,2350
1020,0.005693027450538301,2.2816377,7.7615805,5353
1021,0.0016208058723370766,3.8661046,11.245551,1524
1022,0.0023907950137885487,1.5087271,6.58869,2248
1023,0.007847720821506095,1.4038141,5.108623,7379
1024,0.0009731216359504101,1.32066,5.5517745,915
1025,0.0017484283819699173,1.3623028,5.073616,1644
1026,0.003975441175062987,2.1762288,7.8715134,3738
1027,0.00478052650666349,0.97164625,4.385454,4495
1028,0.002215314063043393,2.5682197,8.230778,2083
1029,0.002261045462328494,1.263892,5.168692,2126
1030,0.0007795608296739351,1.0903007,3.955893,733
1031,0.0024269547248511867,1.4628997,5.4374275,2282
1032,0.0030820836076331025,2.924138,9.737859,2898
1033,0.0011762541304493482,2.192685,7.9864364,1106
1034,0.0024907659796676073,1.5927808,7.9518285,2342
1035,0.0036893540493027027,2.1550827,9.438639,3469
1036,0.0004488058255421564,1.840579,8.039727,422
1037,0.003992457509680699,1.9504944,9.273698,3754
1038,0.003041669812916036,1.2014587,6.1290975,2860
1039,0.019173155030507098,1.1540859,3.705977,18028
1040,0.0034341090300370213,1.5354632,5.521268,3229
1041,0.0016442033324364307,1.3203492,7.240827,1546
1042,0.006484287010261913,1.3377143,4.415214,6097
1043,0.001314511849218259,1.1535141,6.3966575,1236
1044,0.0009252631948380949,1.4810511,4.9941664,870
1045,1.0635209136070056e-06,2.2572827,2.2572827,1
1046,0.0032565010374646514,2.042982,8.05987,3062
1047,0.0019558149601232836,2.6239588,9.581133,1839
1048,0.0020440871959526647,2.705592,9.74957,1922
1049,0.0015197713855444111,2.3222659,8.417069,1429
1050,0.00017867151348597695,2.4351645,13.491043,168
1051,0.004204098171488493,2.6799943,10.562186,3953
1052,3.509619014903119e-05,3.2341135,10.152298,33
1053,0.0008827223582938147,0.8672234,2.9224906,830
1054,0.002050468321434307,1.8208369,9.601875,1928
1055,0.001133713293905068,3.9047852,12.833878,1066
1056,0.0006753357801404486,1.5308993,7.082648,635
1057,0.001510199697321948,1.3942629,7.02793,1420
1058,0.000955041780419091,1.7408868,7.6967,898
1059,0.0016133612259418275,3.160309,10.036493,1517
1060,0.0024312088085056147,2.1394103,9.129898,2286
1061,0.0006615100082635575,1.4473059,6.5204015,622
1062,0.004245575487119167,1.6113857,6.8429046,3992
1063,0.009371746290704934,37.1794,66.570206,8812
1064,0.000760417453229009,1.9129386,7.978452,715
1065,0.0014431978797647066,1.7991995,6.9305696,1357
1066,0.0002244029127710782,1.3364664,5.222257,211
1067,0.0013921488759115704,1.3488932,5.851181,1309
1068,0.003239484702846939,0.8814565,6.3548155,3046
1069,0.0006880980311037326,1.9323531,9.0778885,647
1070,0.0020196262149397037,1.1134144,3.0999084,1899
1071,0.0006179056508056703,1.3562962,5.42012,581
1072,0.003808468391626687,2.9405859,9.690427,3581
1073,0.0039009947111104965,1.8921461,7.186552,3668
1074,0.0026088168010779847,1.4532307,5.302681,2453
1075,0.0008688965864169236,1.7105225,11.940934,817
1076,0.01597621116420444,1.7966356,10.233675,15022
1077,3.615971106263819e-05,1.0492979,1.9854892,34
1078,0.0020228167776805248,2.6077328,8.612628,1902
1079,0.0007104319702894797,2.1760952,8.486796,668
1080,0.0014144828150973174,1.820393,7.7372856,1330
1081,0.0019356080627647503,1.2632772,4.519241,1820
1082,0.00017867151348597695,1.1172642,5.704344,168
1083,0.0014495790052463486,1.5091983,5.1361876,1363
1084,0.0004147731563067322,1.3813708,8.848497,390
1085,0.001301749598254975,1.9447575,7.647495,1224
1086,0.000373295840676059,1.4724519,5.965631,351
1087,0.00014570236516415978,1.7754256,6.3181043,137
1088,0.0028736335085661293,2.8832002,10.284227,2702
1089,0.009179249005342066,1.858005,7.614858,8631
1090,0.0015580581384342632,2.8577845,8.689763,1465
1091,8.082758943413243e-05,0.96321195,2.8462312,76
1092,0.0015538040547798352,2.9092336,8.1067915,1461
1093,0.0031044175468188493,2.2976804,9.227414,2919
1094,0.0008401815217495345,1.2568836,6.3950443,790
1095,0.0006413031109050244,1.6494445,9.458899,603
1096,0.0019526243973824622,1.1223933,3.2129884,1836
1097,0.0076967008517739,2.6373446,14.000495,7237
1098,0.0007083049284622657,1.7777225,6.9039373,666
1099,0.002096199720719408,1.4426571,5.2542076,1971
1100,0.011643426962169497,1.3954939,5.673384,10948
1101,0.003194816824475445,1.5690389,6.765991,3004
1102,0.0004977277875680787,2.2908478,7.4678655,468
1103,0.000381804007984915,1.586414,5.0892835,359
1104,0.0023705881164300157,1.1796633,4.3869925,2229
1105,0.00025099093561125333,8.125962,15.088636,236
1106,0.0018473358269353688,2.3433874,11.26224,1737
1107,4.147731563067322e-05,1.0845917,2.1411202,39
1108,0.0015527405338662283,2.5766246,8.721496,1460
1109,0.0017420472564882753,3.1901734,11.596346,1638
1110,0.004193462962352423,1.7504926,7.6045017,3943
1111,0.003019335873730289,2.60002,8.521227,2839
1112,0.0006657640919179855,1.3750571,6.869319,626
1113,0.004693317791747716,1.0195391,3.301731,4413
1114,0.0006040798789287792,1.6263824,10.880783,568
1115,0.006590639101622614,2.5554404,11.487141,6197
1116,0.002602435675596343,2.796953,8.7697315,2447
1117,0.0008114664570821453,1.6473216,6.8162794,763
1118,0.0027172959342658992,1.4171587,6.020998,2555
1119,0.0006423666318186314,1.428091,5.567063,604
1120,0.0031193068396093474,2.4773066,8.597025,2933
1121,0.001143284982127531,1.6874201,9.071808,1075
1122,0.0009667405104687681,1.520308,5.1564164,909
1123,0.0001531470115594088,1.5564563,5.821716,144
1124,0.0021791543519807544,2.7990725,8.119709,2049
1125,0.0015591216593478703,3.4935586,11.037386,1466
1126,0.0005083629967041487,2.7398908,9.828959,478
1127,0.0017813975302917345,2.4057713,10.59831,1675
1128,0.0009869474078273012,2.137196,9.108106,928
1129,0.0038786607719247493,1.5591736,5.8359013,3647
1130,0.0014059746477884615,1.3645318,4.8418317,1322
1131,0.002849172527553168,2.616536,8.022767,2679
1132,0.004752874962909708,1.1268102,4.396215,4469
1133,0.0012687804499331577,2.1869876,10.537799,1193
1134,0.0008199746243910014,1.520892,6.644466,771
1135,0.008499659141547189,1.7131078,7.5136085,7992
1136,0.00025418149835207437,1.8350952,6.265338,239
1137,0.002215314063043393,1.4343557,4.3886294,2083
1138,0.002397176139270191,2.1953158,12.734638,2254
1139,3.72232319762452e-05,0.9510706,2.4211435,35
1140,0.002294014610650311,1.6176097,6.212177,2157
1141,0.0019653866483457464,2.622927,9.832539,1848
1142,0.007456345125298716,1.3363978,4.164098,7011
1143,0.0023429365726762336,1.601748,6.4965634,2203
1144,0.0018239383668360147,2.6533813,10.234754,1715
1145,0.0010422504953348656,2.639333,12.032697,980
1146,0.0010369328907668305,1.3380207,3.8534224,975
1147,0.00300125601819897,1.8047053,8.092482,2822
1148,0.0004243448445291952,1.6227305,8.692412,399
1149,0.01494565939891925,1.2447895,5.897611,14053
1150,0.0010379964116804376,1.5207001,6.808045,976
1151,0.0001488929279049808,1.504209,8.611369,140
1152,0.001998355796667564,2.3018646,11.115928,1879
1153,0.002481194291445144,3.7653868,11.386992,2333
1154,0.002659865804931121,2.918797,9.002343,2501
1155,0.0012879238263780839,1.3991637,3.852423,1211
1156,0.0006753357801404486,2.2675173,10.890934,635
1157,0.001137967377559496,1.5006417,6.5036273,1070
1158,0.0015197713855444111,1.359442,4.421557,1429
1159,0.0007327659094752269,1.0609541,3.7702596,689
1160,0.01998568500850285,1.5963975,6.7871823,18792
1161,6.806533847084836e-05,1.3506421,3.1874819,64
1162,0.008660250799501846,2.2595522,10.776581,8143
1163,0.0003211833159093157,2.2556908,10.528205,302
1164,0.0064109040672230295,1.6991234,7.711066,6028
1165,0.00264604003305423,2.3288548,9.303894,2488
1166,0.006834185390838618,2.3207471,7.5851345,6426
1167,0.001126268647509819,1.3822279,7.472763,1059
1168,0.007365945847642121,2.2385223,8.213628,6926
1169,0.010315089341074347,1.9883913,5.815122,9699
1170,0.0003339455668725998,1.7997774,9.563219,314
1171,0.003218214284574799,3.2947369,11.0409565,3026
1172,0.0019536879182960694,2.5597239,8.552871,1837
1173,0.005645169009425986,2.686015,15.013872,5308
1174,0.013258915229938538,1.5852827,6.252035,12467
1175,0.0006115245253240282,1.473935,6.0741487,575
1176,0.0076733033916745455,1.0908449,4.7192883,7215
1177,0.0005253793313218608,1.908559,6.353387,494
1178,0.0017867151348597695,1.7264197,7.3939743,1680
1179,0.0025194810443349962,3.4177737,10.077741,2369
1180,0.002432272329419222,4.206596,12.3619795,2287
1181,0.0029246825124192655,1.9240279,7.5754566,2750
1182,0.0016856806480671038,2.0809627,6.7619724,1585
1183,0.0027513286035013235,3.1486359,9.219715,2587
1184,0.0034500618437411264,2.127589,8.012987,3244
1185,0.004073285099114831,3.1620493,9.871358,3830
1186,0.005848301503924924,2.7640116,14.204863,5499
1187,0.00023291108007993423,1.5337733,5.9838433,219
1188,0.005127234324499374,1.7966276,7.0433326,4821
1189,0.0014453249215919206,2.4637299,9.695106,1359
1190,0.009659960458292432,1.44707,5.647406,9083
1191,0.0012358113016113406,1.6778991,10.361434,1162
1192,0.00035202542240391887,1.4119684,4.6481586,331
1193,0.0004328530118380513,1.1635607,3.1851332,407
1194,0.0023918585347021556,1.4863789,5.159684,2249
1195,0.0018250018877496216,1.6993455,6.727426,1716
1196,0.0027821707099959267,2.340257,9.157789,2616
1197,0.013849169336990427,1.4088022,5.873136,13022
1198,0.011637045836687855,2.4356346,11.964775,10942
1199,0.004181764232302746,1.3422799,4.6689587,3932
1200,0.0007816878715011491,1.7081336,5.8715377,735
1201,0.0009135644647884178,1.5823725,5.8017335,859
1202,0.0051719022028708685,2.307784,7.7091656,4863
1203,0.00030842106494603165,1.2819682,4.521324,290
1204,0.0023876044510477276,3.9494464,9.907866,2245
1205,0.0005072994757905416,1.4542927,6.548162,477
1206,0.0027268676224883625,2.1451645,8.427665,2564
1207,0.001901575393529326,1.5718879,7.154468,1788
1208,0.0015803920776200104,1.1263992,5.478165,1486
1209,0.004405103624160217,2.869694,10.181641,4142
1210,0.0019345445418511432,2.4817677,8.942843,1819
1211,0.0018196842831815867,2.1226244,9.378822,1711
1212,0.013238708332580005,1.82447,7.9279485,12448
1213,0.0006795898637948766,1.5932413,5.7771273,639
1214,0.00048815609934561556,2.5680974,12.024558,459
1215,0.0026003086337691287,1.7096695,6.641128,2445
1216,0.00010528857044709356,1.4387318,5.1912265,99
1217,0.0012804791799828348,1.4553661,4.850378,1204
1218,0.0014112922523564966,1.4005307,5.2447844,1327
1219,0.0031395137369678804,2.2485585,8.893242,2952
1220,0.0010209800770627254,1.9578431,10.018394,960
1221,0.00418389127412996,1.5499078,6.2629056,3934
1222,0.005176156286525296,1.4852864,6.1594553,4867
1223,0.0008752777118985656,3.0036292,13.216532,823
1224,0.0047592560883913506,1.2040727,5.5616536,4475
1225,0.004212606338797349,1.1813375,4.6564198,3961
1226,0.001534660678334909,1.6662686,6.690819,1443
1227,0.0022057423748209296,3.9581432,11.037184,2074
1228,0.004203034650574886,2.9054248,9.385837,3952
1229,0.0006349219854233823,1.0406988,4.9797845,597
1230,0.0017175862754753141,1.3801833,6.196091,1615
1231,0.003194816824475445,1.4445217,7.5263996,3004
1232,0.001319829453786294,1.6976095,5.9899063,1241
1233,0.0003573430269719539,2.278262,8.907116,336
1234,0.010343804405741737,1.1948812,5.827927,9726
1235,0.0017973503439958395,3.17037,9.775319,1690
1236,0.0029300001169873004,1.3414623,4.60104,2755
1237,0.0012411289061793757,3.8287377,13.7365055,1167
1238,0.0012857967845508699,1.4800329,5.546607,1209
1239,0.0022536008159332447,1.9307903,7.566089,2119
1240,0.001127332168423426,1.6478629,7.4610624,1060
1241,0.00017548095074515594,1.4032849,5.268647,165
1242,0.0013868312713435354,2.1533036,7.058392,1304
1243,0.0011028711874104648,1.515719,7.11961,1037
1244,0.0016037895377193645,1.7491157,7.571153,1508
1245,0.010794737273111107,1.8021708,8.098397,10150
1246,0.009324951370506226,34.784454,62.027206,8768
1247,0.005291016545194853,1.6263005,7.5989,4975
1248,0.0002680072702289654,2.04086,11.522323,252
1249,0.0012443194689201965,2.0547764,11.545091,1170
1250,0.0006487477573002735,1.439604,6.0256267,610
1251,0.0012336842597841266,1.4227712,4.4353395,1160
1252,0.0036723377146849904,1.2703944,3.5291243,3453
1253,0.0007519092859201529,1.2361857,4.9315634,707
1254,0.004763510172045778,1.734196,7.0252743,4479
1255,0.002033451986816595,2.2819924,9.406854,1912
1256,0.0022291398349202837,3.0248907,9.856465,2096
1257,0.0005009183503088997,1.7726647,10.819489,471
1258,0.0005072994757905416,1.167404,3.34193,477
1259,0.00034564429692227684,1.7310888,6.628772,325
1260,0.001510199697321948,1.6390727,6.8631315,1420
1261,0.0032852161021320403,1.6630518,10.672245,3089
1262,0.000562602563298106,1.3016924,3.9256763,529
1263,0.0010582033090389706,1.3128151,3.6752853,995
1264,0.002238711523142747,1.4577614,6.3432164,2105
1265,0.034713322620132665,1.7759899,8.450379,32640
1266,0.035011108475942625,1.3079875,3.935197,32920
1267,0.000953978259505484,1.9263794,9.795761,897
1268,0.0031629111970672345,1.5474432,4.8671117,2974
1269,0.003908439357505746,2.6696134,9.812136,3675
1270,0.002837473797503491,1.9870483,7.0637054,2668
1271,0.0013464174766264691,2.1564558,9.225259,1266
1272,0.0003137386695140667,1.6056195,6.965548,295
1273,0.007066032950004945,2.6024408,10.735408,6644
1274,0.0023525082608986964,3.4078262,10.458556,2212
1275,0.0018388276596265128,1.3735893,5.558852,1729
1276,0.006753357801404486,2.387139,10.321129,6350
1277,0.0013793866249482863,1.9938947,8.66872,1297
1278,0.0021823449147215755,3.0303316,11.264613,2052
1279,0.0004232813236155882,1.911017,8.402123,398
1280,0.00033181852504538575,2.5805943,9.629293,312
1281,0.0012847332636372628,1.1401421,3.498949,1208
1282,0.004646522871549008,2.3901062,8.074902,4369
1283,0.0016676007925357848,2.1764796,7.50806,1568
1284,0.0008125299779957523,1.4190489,4.7948246,764
1285,0.0013379093093176132,1.9941771,8.091934,1258
1286,0.00020100545267172406,1.4976004,5.80976,189
1287,0.0029682868698771526,2.5570688,11.685027,2791
1288,0.0016654737507085708,1.3950597,4.330019,1566
1289,0.012595278179847768,1.0253129,3.372649,11843
1290,0.001910083560838182,2.4541929,8.351205,1796
1291,5.317604568035028e-06,1.3852354,2.031857,5
1292,0.0005370780613715378,1.5622598,5.9423966,505
1293,0.013413125762411555,1.8778193,11.536486,12612
1294,0.0007040508448078377,1.502629,6.6388717,662
1295,0.002223822230352249,3.1371396,9.106577,2091
1296,0.002598181591941915,1.903405,8.691631,2443
1297,0.0032490563910694023,2.275901,9.734744,3055
1298,0.008597503065599034,2.393676,9.011014,8084
1299,0.0012485735525746245,1.5757998,7.575409,1174
1300,0.0016484574160908587,1.3867472,8.825744,1550
1301,0.0019026389144429332,1.6505313,7.3097053,1789
1302,0.005063423069682954,1.6408855,6.826015,4761
1303,0.0005136806012721837,1.7624725,7.373989,483
1304,0.0009954555751361574,1.3067905,6.9058175,936
1305,0.003625542794486282,1.0648769,4.7293305,3409
1306,0.0004849655366047946,1.2554089,5.686721,456
1307,0.04162727207949181,1.9643818,8.440086,39141
1308,0.0013751325412938583,2.0729747,8.955155,1293
1309,0.0014240545033197805,1.1556705,3.4677186,1339
1310,0.002405684306579047,4.001156,11.398373,2262
1311,0.0006125880462376352,1.0406417,3.3489892,576
1312,0.0009709945941231962,1.9177802,8.719627,913
1313,0.0008433720844903555,1.6618576,8.16902,793
1314,0.001530406594680481,1.6479676,6.225695,1439
1315,7.231942212527638e-05,1.4100579,6.3308635,68
1316,0.0017537459865379524,1.597684,5.8042183,1649
1317,0.002303586298872774,3.269174,10.803581,2166
1318,0.0010114083888402624,1.1888463,4.390711,951
1319,0.0007168130957711218,1.5067654,4.5565834,674
1320,0.009413223606335607,36.992214,66.18289,8851
1321,0.011339259980877894,1.8664254,7.3746414,10662
1322,0.002966159828049939,4.160535,13.515786,2789
1323,0.00015952813704105085,2.0867426,9.276029,150
1324,0.0025758476527561677,3.5386307,12.63469,2422
1325,0.0010613938717797917,1.4587224,9.587718,998
1326,0.0019185917281470382,1.5089208,7.196981,1804
1327,0.0025896734246330586,1.721334,7.1707354,2435
1328,8.720871491577446e-05,1.9506745,9.799681,82
1329,0.004722032856415105,2.199993,7.683044,4440
1330,0.0025811652573242026,3.0611277,9.439461,2427
1331,0.0013974664804796053,1.2888095,3.5441523,1314
1332,0.002232330397661105,2.4584436,9.50067,2099
1333,0.0031937533035618377,1.4421898,5.085938,3003
1334,0.00032862796230456476,1.5613712,6.185391,309
1335,0.0016495209370044658,3.9025824,12.803051,1551
1336,0.0007721161832786861,2.3732543,10.194228,726
1337,0.00507193123699181,1.5916224,5.701344,4769
1338,0.010159815287687725,1.1342605,3.7369986,9553
1339,0.0005891905861382811,1.7917979,8.711526,554
1340,0.0016133612259418275,1.3490716,4.4178123,1517
1341,0.0031299420487454176,1.69428,11.280243,2943
1342,0.00570047209693355,1.9305071,8.048836,5360
1343,0.00023397460099354125,1.4690229,5.4710336,220
1344,0.0010645844345206126,1.7519426,13.599067,1001
1345,0.030826153680899058,0.93517834,3.7748716,28985
1346,0.004557187114806019,1.8326758,5.9440956,4285
1347,0.004315767867417229,1.377147,6.9112563,4058
1348,0.0019281634163695013,1.31579,6.153838,1813
1349,0.002657738763103907,3.0057454,13.051006,2499
1350,0.002311030945268023,1.4182615,7.942269,2173
1351,0.0017409837355746682,1.148,3.687545,1637
1352,0.003472395782926873,2.5258024,9.432487,3265
1353,0.0018537169524170108,3.2303505,12.2464485,1743
1354,0.009468526693843172,39.0152,73.12623,8903
1355,0.0020398331122982367,3.177276,9.579044,1918
1356,0.002623706093868483,2.7012172,9.687179,2467
1357,0.001154983712177208,1.428128,5.594545,1086
1358,0.0040541417226699055,1.4799742,5.26247,3812
1359,0.0022025518120801085,2.5387661,9.248271,2071
1360,0.0065757498088321155,3.029571,12.294522,6183
1361,0.014619158478441899,2.0473542,11.012669,13746
1362,0.00016059165795465785,1.8203866,10.992186,151
1363,0.017282214846113843,2.5316253,10.494392,16250
1364,0.00029246825124192656,1.313,4.997946,275
1365,8.082758943413243e-05,1.8685851,7.7983856,76
1366,0.012764378005111281,1.4540449,5.4549303,12002
1367,0.006315187184998399,2.1259298,8.597647,5938
1368,0.0004307259700108373,1.4962558,5.1183295,405
1369,0.020924773975217834,1.2387489,3.2073226,19675
1370,0.006491731656657162,1.3387191,7.095721,6104
1371,0.0011773176513629553,1.7427943,8.461651,1107
1372,0.0028778875922205573,2.314236,8.664461,2706
1373,0.00020313249449893807,1.1981298,3.0031419,191
1374,0.0002233393918574712,1.297356,6.3378463,210
1375,0.001536787720162123,2.2640479,8.388437,1445
1376,0.0004764573692959385,1.196442,3.1156843,448
1377,0.0009231361530108808,1.8046632,8.610163,868
1378,0.005322922172603063,2.420485,9.161516,5005
1379,0.0008816588373802077,2.4000633,8.346057,829
1380,0.0020196262149397037,2.3404272,9.158028,1899
1381,0.0006498112782138805,1.168653,4.760396,611
1382,0.0016388857278683956,1.8867024,7.375763,1541
1383,0.004567822323942089,1.4636066,6.0096564,4295
1384,0.033700850710378795,2.2061212,9.711579,31688
1385,0.0012634628453651227,2.1087995,7.814893,1188
1386,0.00222701279309307,2.876625,10.377335,2094
1387,0.004973023792026359,2.3440592,8.614388,4676
1388,0.00338837763075192,2.7045455,10.205588,3186
1389,0.003810595433453901,1.8350129,8.583272,3583
1390,0.0027502650825877166,1.4859593,6.2084417,2586
1391,0.01106380806425368,1.4297576,5.5346828,10403
1392,0.0044412633352228555,1.1113425,3.3133223,4176
1393,0.0006232232553737053,2.8148654,10.069383,586
1394,0.00011698730049677062,0.76407194,2.473841,110
1395,0.005717488431551262,1.7745986,7.0525093,5376
1396,0.00039243921712098505,1.2644072,4.2208705,369
1397,0.0006104610044104212,1.4720123,7.235887,574
1398,0.005221887685810398,2.9634166,14.107492,4910
1399,0.0007263847839935848,1.2929336,4.344131,683
1400,0.002207869416648144,1.6692641,6.5208273,2076
1401,0.011789129327333657,1.6049845,5.864175,11085
1402,0.0014070381687020684,1.6439004,5.903814,1323
1403,0.000949724175851056,1.3398058,5.1757693,893
1404,0.0010826642900519318,2.0304525,8.576909,1018
1405,0.012287920635815342,2.0325465,5.8221684,11554
1406,0.006078022021264037,1.5824072,5.78671,5715
1407,0.00010316152861987954,0.768646,1.8827727,97
1408,0.0006966061984125887,2.4811692,9.829215,655
1409,0.0015920908076696874,1.1645982,3.2187827,1497
1410,0.0061599131316117765,2.4993854,8.961633,5792
1411,0.0029076661778015536,1.4143027,7.102695,2734
1412,0.0021493757663997586,2.2588844,9.343897,2021
1413,0.0001499564488185878,2.0299864,7.252607,141
1414,0.0011773176513629553,1.5123014,6.0363183,1107
1415,0.0018207478040951936,1.4875169,6.0596924,1712
1416,0.0022174411048706067,1.351114,4.17195,2085
1417,0.006955426774989817,2.5308876,10.387687,6540
1418,0.0007423375976976899,1.5262926,5.0493593,698
1419,0.00860601123290789,1.545514,10.926747,8092
1420,0.0003647876733672029,1.1788452,5.097774,343
1421,0.0019590055228641042,1.3897723,5.9755473,1842
1422,0.0021706461846718985,2.2413614,7.716658,2041
1423,0.006608718957153933,2.3313377,8.170782,6214
1424,3.190562740821017e-05,1.4762421,2.874492,30
1425,0.00169418881537596,1.6412824,5.448129,1593
1426,0.012223045860085316,1.493427,5.6437826,11493
1427,0.0031022905049916355,4.416621,11.60304,2917
1428,0.0011464755448683521,2.9267433,10.075234,1078
1429,0.0023280472798857354,2.9338727,13.233786,2189
1430,0.0004179637190475532,1.6264879,9.752701,393
1431,0.0038775972510111424,2.8536384,11.705014,3646
1432,0.0010124719097538693,1.6531111,5.3773146,952
1433,0.04838594748546433,1.3511916,4.908509,45496
1434,0.00374359361589666,1.1553512,3.3756309,3520
1435,0.0023089039034408093,2.999083,10.82062,2171
1436,0.005371844134628986,1.7901385,6.959196,5051
1437,0.00035202542240391887,2.006343,13.154327,331
1438,0.002456733310432183,1.3299577,5.316149,2310
1439,0.002408874869319868,1.419117,6.0839763,2265
1440,0.0009826933241728732,2.577078,10.94894,924
1441,0.0014261815451469945,1.1211194,3.667073,1341
1442,0.0013559891648489322,1.7721298,8.933063,1275
1443,0.00042221780270198123,2.0447552,10.378506,397
1444,0.004935800560050113,2.0963569,8.680727,4641
1445,0.0025886099037194517,2.125455,7.6088953,2434
1446,0.003143767820622309,2.7452304,9.567389,2956
1447,0.0029831761626676508,1.18918,3.6950614,2805
1448,0.034158164703229806,2.6350663,11.352044,32118
1449,0.0007519092859201529,1.0706016,5.7665467,707
1450,0.001701633461771209,2.7875652,9.27766,1600
1451,0.0018675427242939018,1.7375766,9.152895,1756
1452,0.002413128952974296,2.6677678,8.117753,2269
1453,0.001134776814818675,2.4494877,8.565426,1067
1454,0.004832639031430234,2.8475847,10.616422,4544
1455,0.0021238512644731903,3.2948103,10.239006,1997
1456,0.0005434591868531799,2.1559725,13.368035,511
1457,0.004426374042432357,3.1913226,11.280785,4162
1458,0.0032575645583782582,2.2453141,8.1284075,3063
1459,0.0007774337878467211,1.3845675,4.8022513,731
1460,0.005635597321203523,2.4062517,7.663501,5299
1461,0.001304940160995796,2.981116,12.8785515,1227
1462,0.001329401142008757,1.0037645,3.066503,1250
1463,0.0013421633929720411,1.5414246,4.357997,1262
1464,0.0035319529540888657,1.5301828,5.590069,3321
1465,0.002641785949399802,1.1739902,3.370204,2484
1466,0.002653484679449479,2.3804393,11.316712,2495
1467,0.012170933335318572,1.0572133,4.128349,11444
1468,0.004456152628013354,2.212195,9.02208,4190
1469,5.104900385313627e-05,1.0116593,2.776441,48
1470,0.0005243158104082538,1.3672844,3.6699584,493
1471,0.00042647188635640927,2.2558398,11.767951,401
1472,0.000571110730606962,1.2465916,4.314079,537
1473,0.005863190796715422,1.4764558,5.002676,5513
1474,0.0012070962369439514,1.6254802,5.519355,1135
1475,0.001316638891045473,1.2630999,4.1792135,1238
1476,0.0009220726320972738,1.4769241,6.575284,867
1477,0.0003647876733672029,1.0964139,5.0442696,343
1478,1.0635209136070056e-06,0.93712246,0.93712246,1
1479,0.0007157495748575148,1.6671746,6.238881,673
1480,0.0018505263896761899,1.9632016,7.0365987,1740
1481,2.1270418272140113e-06,1.1650822,1.4393933,2
1482,0.0014166098569245314,1.9363269,9.184712,1332
1483,0.0017803340093781274,1.8989927,6.4766946,1674
1484,0.003603208855300535,2.4810715,9.230506,3388
1485,0.004348737015739046,2.290313,8.608112,4089
1486,0.0010114083888402624,1.451891,9.591967,951
1487,0.000952914738591877,2.9856746,11.320547,896
1488,0.0023312378426265565,1.7576048,7.206609,2192
1489,0.07001796286823082,1.0271924,4.656104,65836
1490,0.0022216951885250347,4.269923,14.537015,2089
1491,0.0007359564722160479,1.9055072,6.409386,692
1492,0.0015601851802614774,1.7037741,5.6562634,1467
1493,0.000748718723179332,1.6494806,9.688368,704
1494,0.021085365633172492,2.206531,7.658673,19826
1495,0.0010007731797041922,1.266304,5.058208,941
1496,0.0009103739020475968,1.9708247,8.589445,856
1497,0.04100830290777253,1.8772414,6.880225,38559
1498,0.0009603593849871261,2.047289,7.4964175,903
1499,0.003948853152222812,1.3664372,4.9368067,3713
1500,0.00523890402042811,1.5560786,6.708268,4926
1501,0.0032331035773652973,1.3610598,4.0360794,3040
1502,0.0013878947922571422,1.2567743,3.098343,1305
1503,0.0011773176513629553,3.4274085,9.589893,1107
1504,0.004664602727080327,1.8697811,7.3306584,4386
1505,0.001684617127153497,1.5374173,6.1156516,1584
1506,0.005057041944201312,1.8755707,8.262334,4755
1507,0.018477612353008117,1.96563,7.537622,17374
1508,0.00017654447165876293,3.1933312,16.127777,166
1509,0.001331528183835971,2.0372524,8.072893,1252
1510,0.0008625154609352816,1.4742947,5.6549287,811
1511,0.014952040524400892,1.2416644,7.301224,14059
1512,0.0015474229292981932,1.4479932,5.7540298,1455
1513,0.0032830890603048266,2.459821,14.578777,3087
1514,0.002298268694304739,1.4845586,7.4098377,2161
1515,0.0005168711640130047,1.3262385,6.572249,486
1516,0.0019919746711859216,1.5842512,5.9989257,1873
1517,0.010177895143219044,1.0817791,3.6680713,9570
1518,0.000949724175851056,2.1058419,7.2954483,893
1519,0.0001488929279049808,2.2838528,9.507816,140
1520,0.004903894932641903,3.6459796,11.797138,4611
1521,0.002080246907015303,1.7686028,8.40811,1956
1522,0.0008774047537257796,1.4566113,6.7084756,825
1523,0.0011166969592873559,2.294937,7.633404,1050
1524,0.004339165327516583,2.7516234,9.5708065,4080
1525,0.00024035572647518327,0.9616495,3.9076028,226
1526,0.0019494338346416414,2.529809,7.0917206,1833
1527,0.010180022185046258,1.7712286,6.27997,9572
1528,0.001682490085326283,1.3157575,5.2112913,1582
1529,0.15160490623467865,1.6887234,8.508706,142550
1530,0.003551096330533792,1.5850849,6.2933664,3339
1531,0.0005753648142613901,1.3946155,5.415712,541
1532,0.0006008893161879582,2.0680828,7.3329735,565
1533,0.0008444356054039625,2.1925251,8.694124,794
1534,0.0010060907842722273,2.989857,9.202695,946
1535,0.0006466207154730595,1.4868908,8.323979,608
1536,0.0030597496684473553,3.5097094,9.85552,2877
1537,0.02195000813593499,1.7322826,7.244858,20639
1538,0.0006157786089784563,2.0127907,8.629793,579
1539,0.016091071422873995,2.1668115,11.670129,15130
1540,0.0012145408833392005,3.2356822,12.041233,1142
1541,0.0006072704416696002,1.9408977,9.536467,571
1542,0.00034564429692227684,1.7344307,8.305987,325
1543,0.0016654737507085708,2.2597764,8.941467,1566
1544,0.0019313539791103221,1.1560433,3.6882377,1816
1545,0.0018058585113046954,3.328777,10.678728,1698
1546,0.0033437097523804256,3.9763446,11.034287,3144
1547,0.0007242577421663709,1.3471627,4.1239552,681
1548,2.020689735853311e-05,1.7714512,4.535002,19
1549,0.0031054810677324566,2.6747131,10.223753,2920
1550,0.01575180825143336,1.3598238,5.8165116,14811
1551,0.009297299826752443,1.751558,7.3421707,8742
1552,0.006394951253518925,1.4573992,5.5079613,6013
1553,0.000940152487628593,1.6865102,7.020353,884
1554,0.0022886970060822763,2.3285112,9.107153,2152
1555,0.002090882116151373,4.23803,13.200904,1966
1556,0.0015857096821880455,1.2094314,5.455409,1491
1557,0.0012368748225249475,1.7806382,6.759059,1163
1558,0.002627960177522911,3.5661535,10.380815,2471
1559,0.012304936970433056,2.0278914,10.103272,11570
1560,0.01679937635133626,1.4947928,6.6906686,15796
1561,0.0010720290809158616,1.3809371,6.1482563,1008
1562,0.006331139998702505,2.6499977,12.995874,5953
1563,0.0011486025866955661,1.4718792,6.6738715,1080
1564,0.000561539042384499,1.1682396,2.972446,528
1565,0.000744464639524904,2.207783,7.326249,700
1566,0.006493858698484376,1.45856,4.9418592,6106
1567,0.009220726320972738,2.7921422,9.790045,8670
1568,0.011638109357601463,1.3521117,5.08162,10943
1569,0.00034670781783588384,1.6010313,9.114746,326
1570,0.0029193649078512306,1.2712923,4.110209,2745
1571,0.00029565881398274755,1.4471271,4.8677826,278
1572,0.00027864247936503547,1.0898821,3.3405015,262
1573,0.0003052305022052106,1.2194017,3.2728345,287
1574,0.0020270708613349528,1.4343104,4.739284,1906
1575,0.0048571000124431945,1.4741302,5.052598,4567
1576,0.0008646425027624956,1.6615142,8.371766,813
1577,0.0007114954912030868,1.5179503,6.8400044,669
1578,0.00278110718908232,1.341651,4.6858273,2615
1579,0.0007178766166847288,1.8264183,9.830263,675
1580,0.0003498983805767048,2.164004,11.048646,329
1581,0.0018632886406394738,1.6424205,6.06395,1752
1582,0.004656094559771471,1.4692146,6.410567,4378
1583,0.0013485445184536831,1.375246,4.0221844,1268
1584,0.0005051724339633276,1.8865267,7.670983,475
1585,0.001670791355276606,1.4980633,6.677853,1571
1586,0.009235615613763237,27.292149,57.772057,8684
1587,0.0033554084824301026,1.4553615,4.881183,3155
1588,0.0006402395899914174,1.5554287,6.5529203,602
1589,0.003601081813473321,2.4181433,7.0191045,3386
1590,0.006063132728473539,2.1474214,8.139578,5701
1591,0.0002637531865745374,1.7478515,8.803232,248
1592,0.0009901379705681223,1.2030911,4.4048448,931
1593,0.0002275934755118992,1.3702683,5.5682445,214
1594,0.0019228458118014662,2.9933498,9.652421,1808
1595,0.00046369511833265446,1.115395,5.971317,436
1596,0.00035521598514473985,2.3720713,8.79568,334
1597,0.0006413031109050244,1.7529787,6.169641,603
1598,0.0058972234659508465,2.177084,6.9085064,5545
1599,7.55099848660974e-05,1.0611446,2.3153553,71
1600,0.0023663340327755877,1.3569009,5.3377104,2225
1601,0.0004998548293952927,1.3710726,6.0462794,470
1602,0.003372424817047815,1.8457992,9.92092,3171
1603,0.004424247000605144,1.5675023,5.870657,4160
1604,0.0009252631948380949,2.744229,9.377515,870
1605,0.0019281634163695013,2.9449317,10.246511,1813
1606,0.00264604003305423,1.2039366,5.29879,2488
1607,0.0003009764185507826,0.91006655,2.4516594,283
1608,0.0059142398005685584,1.4572637,4.799441,5561
1609,0.0005221887685810398,2.0690875,11.392637,491
1610,0.002261045462328494,1.7421846,7.6532893,2126
1611,0.00034564429692227684,1.0912647,3.4169564,325
1612,0.017809721219262917,0.9951815,9.382544,16746
1613,0.0014336261915422436,1.5567592,6.8883715,1348
1614,0.0010241706398035463,1.4931139,5.586031,963
1615,0.0007061778866350517,1.4606664,5.4894004,664
1616,0.0022812523596870272,1.7105069,7.5480423,2145
1617,0.0075839676349315575,1.0691394,3.613638,7131
1618,0.0004966642666544716,3.8467917,6.320034,467
1619,0.002429081766678401,1.5738928,5.7057395,2284
1620,0.001678236001671855,1.82524,6.6933174,1578
1621,0.0007051143657214447,1.3756721,4.3403187,663
1622,0.005609009298363348,1.7498636,6.5841794,5274
1623,0.0005211252476674328,1.4639456,9.757392,490
1624,0.00011060617501512859,1.035076,2.4321911,104
1625,0.0020238802985941317,2.3046293,10.750288,1903
1626,0.00025843558200650235,1.3037577,6.232937,243
1627,0.0009135644647884178,1.5369024,8.879206,859
1628,0.00014251180242333874,1.6721386,8.341502,134
1629,0.004544424863842735,2.2540412,9.234017,4273
1630,3.190562740821017e-05,1.1839892,3.1949372,30
1631,0.0004328530118380513,1.4659142,7.4960504,407
1632,0.004069031015460404,2.9013276,12.932995,3826
1633,0.0014495790052463486,1.7439922,6.850824,1363
1634,0.004172192544080283,2.2944584,12.025305,3923
1635,0.00030842106494603165,1.532465,6.025514,290
1636,0.0014144828150973174,1.6185688,6.674875,1330
1637,0.004437009251568427,1.5959731,5.4189687,4172
1638,0.002630087219350125,1.9967588,8.841053,2473
1639,0.0019281634163695013,2.9618614,9.374298,1813
1640,0.0013060036819094029,1.4704089,9.609127,1228
1641,0.0006285408599417403,1.7593101,12.844017,591
1642,0.008435847886730768,1.5261073,10.967604,7932
1643,0.0006136515671512422,1.6652308,8.824903,577
1644,0.006994777048793276,2.002245,9.126981,6577
1645,0.0008635789818488886,1.6033067,6.9921465,812
1646,0.0013804501458618934,1.7106665,7.299263,1298
1647,7.65735057797044e-05,1.2835351,3.277241,72
1648,0.001313448328304652,1.275794,3.7984388,1235
1649,0.0025939275082874865,1.272073,5.878614,2439
1650,0.0036744647565122046,1.5763184,6.215638,3455
1651,0.0022536008159332447,1.6106148,5.685974,2119
1652,0.003021462915557503,3.1619148,9.101004,2841
1653,0.0030076371436806118,3.3064249,9.20485,2828
1654,0.0030895282540283515,1.4984915,5.709147,2905
1655,0.01219645783724514,1.3340435,4.866518,11468
1656,0.006437492090063205,1.2812039,5.1744156,6053
1657,0.00876553936994894,1.5241036,5.0321946,8242
1658,6.381125481642033e-06,0.99220306,1.4388716,6
1659,0.005838729815702461,1.4622499,5.5367274,5490
1660,0.0018292559714040498,1.5264391,6.789834,1720
1661,0.0027396298734516464,2.5012527,8.29733,2576
1662,0.0007051143657214447,2.0060902,7.6388083,663
1663,0.0023525082608986964,3.050896,10.629597,2212
1664,0.002464177956827432,2.8192995,10.081624,2317
1665,0.0010582033090389706,1.761525,8.9823,995
1666,0.0005072994757905416,0.7629402,2.0337381,477
1667,0.0040913649546461504,1.6265054,6.3970737,3847
1668,0.0011698730049677062,1.6856335,6.693865,1100
1669,0.005947208948890376,2.1066613,8.398581,5592
1670,0.002642849470313409,1.6959238,6.0446134,2485
1671,0.0010996806246696437,2.4058745,8.128097,1034
1672,0.0012613358035379087,1.4649158,6.649655,1186
1673,0.003526635349520831,2.0749104,13.4687195,3316
1674,0.004161557334944213,2.2417681,8.17417,3913
1675,0.005379288781024234,2.8484647,11.447768,5058
1676,0.0023759057209980505,3.3656857,11.840087,2234
1677,0.007729670000095717,1.8778086,8.246606,7268
1678,0.008336940441765316,1.0674007,3.8338323,7839
1679,0.0017133321918208861,1.5534984,5.9341416,1611
1680,0.00037116879884884494,1.5777795,6.0153966,349
1681,0.0019621960856049253,3.0281065,11.382159,1845
1682,0.00040626498899787615,1.9462594,8.67874,382
1683,0.0029385082842961563,2.306539,8.724787,2763
1684,0.0008901670046890637,2.7980828,8.79256,837
1685,0.0030469874174840713,2.230726,8.254606,2865
1686,0.0008486896890583904,1.4268012,4.9770956,798
1687,0.004999611814866534,4.060148,13.495484,4701
1688,0.0009029292556523477,1.2901783,3.956613,849
1689,0.005971669929903336,2.2547214,8.669211,5615
1690,0.0019707042529137813,1.8225019,6.0038104,1853
1691,0.0011007441455832508,1.5817795,7.225338,1035
1692,9.57168822246305e-06,1.1509744,1.4193131,9
1693,0.0016080436213737925,1.286457,6.501929,1512
1694,0.0019664501692593533,1.5554981,5.4638567,1849
1695,0.0038137859961947223,1.5895382,6.2673154,3586
1696,0.0017335390891794191,2.2477965,8.067967,1630
1697,0.0007104319702894797,1.1454298,4.291319,668
1698,9.35898403974165e-05,1.1841652,3.2197552,88
1699,0.0007742432251059,1.1637052,4.0758786,728
1700,0.000950787696764663,2.1958003,8.829077,894
1701,0.008954846092570988,2.6664703,9.753652,8420
1702,0.0012421924270929825,1.3105981,5.605251,1168
1703,0.004432755167914,1.8013126,7.2855916,4168
1704,0.0023631434700347666,1.6097176,6.0320687,2222
1705,0.0012209220088208424,1.8603495,6.868965,1148
1706,0.0020408966332118436,1.4289583,5.272661,1919
1707,0.004457216148926961,1.6458269,8.280141,4191
1708,0.002125978306300404,1.6971197,6.30233,1999
1709,0.03577258945008524,2.1022322,9.38551,33636
1710,0.004049887639015477,1.0506103,5.219822,3808
1711,0.0008954846092570988,2.844086,9.972081,842
1712,0.0016537750206588938,1.3967261,6.214263,1555
1713,0.0005041089130497206,1.4715211,5.9360566,474
1714,0.003337328626898784,1.5370733,6.122053,3138
1715,0.0013815136667755003,1.6209381,6.7803745,1299
1716,0.006628925854512466,1.9444616,8.711912,6233
1717,0.01865628386649409,1.8625165,7.1524534,17542
1718,0.0022206316676114278,2.603543,8.340037,2088
1719,0.0008104029361685383,1.595854,6.5079937,762
1720,0.015486991543945216,1.4905115,6.408653,14562
1721,0.0035053649312486905,2.1569512,7.904876,3296
1722,0.004078602703682867,1.3786466,5.787554,3835
1723,0.010193847956923149,2.7147968,11.396873,9585
1724,0.0006700181755724136,1.1931673,6.6734543,630
1725,0.0005902541070518881,1.5208164,5.625194,555
1726,0.0014740399862593098,1.9575888,7.656748,1386
1727,0.0018526534315034039,4.329665,14.041945,1742
1728,0.003224595410056441,2.9583225,8.4748,3032
1729,0.0032809620184776123,1.7038027,5.3198137,3085
1730,0.018003282025539392,2.0586739,8.6710205,16928
1731,0.0007997677270324682,1.5577402,7.4390445,752
1732,0.006095038355881749,1.5324849,5.4642043,5731
1733,0.009350475872432793,2.3684268,10.513035,8792
1734,0.0016005989749785434,1.8838549,9.54738,1505
1735,0.0003435172550950628,1.3566115,8.866957,323
1736,0.0006476842363866665,2.1756496,10.081289,609
1737,0.0008752777118985656,1.2506475,4.9905996,823
1738,0.002315285028922451,3.3664432,10.347783,2177
1739,0.0048124321340717,1.4816483,5.7261286,4525
1740,0.0008667695445897096,1.9257383,9.212166,815
1741,0.013415252804238768,1.6739845,7.008613,12614
1742,2.233393918574712e-05,1.0063168,1.6601982,21
1743,0.00472735046098314,1.7786887,6.8371296,4445
1744,0.006702308797551349,2.8109941,9.281303,6302
1745,0.0010475680999029006,1.8085146,7.010424,985
1746,0.0020206897358533106,2.928563,12.792304,1900
1747,0.00019675136901729605,1.0243707,4.039847,185
1748,0.0008242287080454293,1.228777,4.230979,775
1749,0.0023737786791708368,1.5236043,6.2417603,2232
1750,0.0016027260168057574,2.6362166,10.450711,1507
1751,0.0010932994991880017,2.368272,8.137837,1028
1752,0.0006476842363866665,1.8854876,8.53896,609
1753,0.0023727151582572294,1.8150924,9.442334,2231
1754,0.003814849517108329,2.1443896,8.641952,3587
1755,0.003061876710274569,3.9575047,11.954878,2879
1756,0.00032331035773652974,1.4385942,5.4807525,304
1757,0.0005434591868531799,1.2721324,5.114951,511
1758,0.0028768240713069504,2.094508,8.426404,2705
1759,0.0011741270886221342,2.5791597,9.253219,1104
1760,0.003372424817047815,2.0745833,7.3236804,3171
1761,0.00015527405338662282,0.94796425,2.7321062,146
1762,0.0025503231508295994,2.2081668,8.87908,2398
1763,0.0036967986956979513,1.8725836,7.841794,3476
1764,0.0025396879416935293,2.3058221,9.101437,2388
1765,0.00023610164282075524,1.3300128,6.4060307,222
1766,0.001314511849218259,3.3968804,9.653481,1236
1767,0.0006327949435961683,1.3819207,5.2021327,595
1768,0.0004105190726523042,1.1831176,7.0574327,386
1769,0.00042115428178837424,1.2327402,3.514775,396
1770,0.006102483002276999,2.9468327,9.783764,5738
1771,0.001888813142566042,1.5169251,5.6213865,1776
1772,0.001488929279049808,3.1151755,11.730264,1400
1773,0.004445517418877284,1.9689178,7.9705734,4180
1774,0.0005934446697927092,1.9203984,6.389534,558
1775,0.002653484679449479,1.6892084,8.592721,2495
1776,0.007478679064484463,1.0292948,4.8854723,7032
1777,0.0015867732031016523,2.8017392,11.788505,1492
1778,0.0022536008159332447,1.8258128,8.740885,2119
1779,0.001325147058354329,1.8862857,7.222292,1246
1780,2.5524501926568134e-05,1.462753,4.157128,24
1781,0.009161169149810746,1.2042027,4.123033,8614
1782,0.0011720000467949202,2.3890576,9.158141,1102
1783,0.0021791543519807544,1.4964972,8.00517,2049
1784,0.005653677176734842,2.323642,6.647249,5316
1785,0.0012836697427236559,2.224954,13.103123,1207
1786,0.00019675136901729605,1.418427,5.428691,185
1787,3.82867528898522e-05,1.1223845,2.0974505,36
1788,0.002868315903998094,2.694293,7.796133,2697
1789,0.0023737786791708368,1.5512815,6.5176535,2232
1790,0.0038095319125402943,1.4757991,5.169181,3582
1791,0.004040315950793015,2.3724217,10.549093,3799
1792,0.0004541234301101914,1.4705378,7.4717083,427
1793,0.0008976116510843127,1.5137954,8.667132,844
1794,0.0036872270074754885,2.4233804,9.365989,3467
1795,0.0018547804733306179,1.1216971,4.168284,1744
1796,0.0016484574160908587,1.6650722,7.461062,1550
1797,2.1270418272140113e-06,0.5893078,0.6673105,2
1798,0.008740014868022372,1.5258783,6.907696,8218
1799,0.00029565881398274755,1.3955209,5.256039,278
1800,0.012701630271208467,1.489604,5.5429463,11943
1801,0.000746591681352118,1.9072967,7.4793835,702
1802,0.0004775208902095455,1.531812,5.260968,449
1803,0.0007721161832786861,1.7106434,18.74565,726
1804,0.0002616261447473234,1.8270594,8.169282,246
1805,0.0023982396601837977,2.2442598,6.6385093,2255
1806,0.0015538040547798352,1.3922457,4.6479073,1461
1807,0.0015665663057431193,2.6940994,11.482633,1473
1808,0.00459228330495505,2.391095,7.5593333,4318
1809,9.890744496545152e-05,2.242572,9.947977,93
1810,0.0010550127462981495,1.6942314,7.686862,992
1811,0.0015963448913241154,2.2816567,6.4618473,1501
1812,0.005670693511352554,1.2261329,7.187007,5332
1813,0.00023503812190714824,1.577871,6.4986606,221
1814,0.002637531865745374,2.912244,8.873983,2480
1815,0.0007412740767840829,1.394216,5.6319585,697
1816,0.001125205126596212,1.1049937,3.092746,1058
1817,0.0008731506700713516,1.4618562,9.011425,821
1818,0.0013900218340843565,1.3850383,5.7277327,1307
1819,0.003535143516829687,2.13492,6.5752716,3324
1820,0.001714395712734493,2.5558608,11.26787,1612
1821,0.004004156239730376,1.2443434,4.580042,3765
1822,0.003413902132678488,1.7015221,7.258467,3210
1823,0.0002073865781533661,1.6726624,7.447258,195
1824,0.0026949619950801524,4.5583124,13.534199,2534
1825,0.014196940675739919,1.0860641,4.5357785,13349
1826,0.001530406594680481,1.5087641,4.7388387,1439
1827,0.0005423956659395729,1.1641266,3.4545796,510
1828,0.00132833762109515,2.2462568,10.655258,1249
1829,0.005076185320646238,2.2951236,9.705985,4773
1830,0.0028885228013566275,2.197449,9.378264,2716
1831,0.0008093394152549313,1.4991632,6.3045382,761
1832,0.0012304936970433055,1.5435274,5.7807345,1157
1833,0.0010050272633586204,2.0162563,10.047461,945
1834,0.0004743303274687245,1.8568773,11.345941,446
1835,0.0025822287782378095,1.118445,3.807491,2428
1836,0.025480897569110247,1.7667562,8.117363,23959
1837,0.0015655027848295122,2.8747442,8.534204,1472
1838,0.0037467841786374806,2.313866,9.85822,3523
1839,0.005012374065829817,1.3954557,5.230294,4713
1840,0.004023299616175302,1.7803403,7.0228024,3783
1841,0.0009220726320972738,1.789356,8.644523,867
1842,0.0006689546546588066,1.11873,5.875906,629
1843,0.0001680363043499069,2.0957556,7.904276,158
1844,0.007652032973402405,1.8311292,8.131011,7195
1845,0.0021940436447712526,1.9828938,6.6865377,2063
1846,0.00022546643368468518,1.1699507,3.6837568,212
1847,0.0028693794249117013,1.1509067,3.5215042,2698
1848,0.0038988676692832827,1.7986032,6.704503,3666
1849,0.0008380544799223204,2.8417978,11.7338295,788
1850,0.0006966061984125887,1.5692621,9.662081,655
1851,0.0006912885938445537,1.5897036,8.216158,650
1852,0.0030788930448922814,1.4371325,6.521574,2895
1853,0.003922265129382637,2.6485722,11.6208935,3688
1854,0.003017208831903075,3.3747005,10.87963,2837
1855,0.023550607110913533,1.4337535,5.5541563,22144
1856,0.002052595363261521,2.568787,9.638015,1930
1857,0.0010114083888402624,1.6263249,5.63556,951
1858,0.0014187368987517454,1.3220067,3.683153,1334
1859,0.0038765337300975355,2.3189328,11.994471,3645
1860,0.0006253502972009194,2.7426336,9.253179,588
1861,0.004104127205609435,2.9274032,11.177618,3859
1862,0.0030948458585963864,3.5988977,10.35663,2910
1863,0.0023567623445531244,1.8119332,6.495053,2216
1864,0.0007125590121166938,1.7491627,11.3952675,670
1865,0.0022089329375617507,1.1700534,3.932589,2077
1866,0.0008199746243910014,1.7837157,5.6338315,771
1867,0.0010603303508661846,2.0847127,7.323162,997
1868,0.0016208058723370766,4.161109,13.276066,1524
1869,0.001723967400956956,1.741907,5.799241,1621
1870,0.0009018657347387407,1.4797456,6.091587,848
1871,0.010499078459128359,1.0665992,3.94221,9872
1872,0.0016559020624861078,1.1584944,3.1791997,1557
1873,0.0014729764653457027,1.3721159,6.0108004,1385
1874,0.0007210671794255498,1.2194493,6.50539,678
1875,0.00012017786323759164,1.145854,2.9786217,113
1876,0.0008603884191080676,2.403933,8.142142,809
1877,0.0019696407320001744,0.8894653,4.1614523,1852
1878,0.0034766498665813016,2.4416277,7.887357,3269
1879,0.00037542288250327297,1.1615515,3.6616654,353
1880,0.000946533613110235,2.3716557,9.457449,890
1881,0.003226722451883655,1.292643,4.87222,3034
1882,0.0026247696147820897,1.4956753,6.7079215,2468
1883,0.004887942118937798,1.0984352,4.109219,4596
1884,0.002052595363261521,3.257887,9.169726,1930
1885,0.00019887841084451004,1.3656656,4.498504,187
1886,0.0005860000233974601,1.5759045,6.227861,551
1887,0.0013730054994666443,1.2801124,5.1416593,1291
1888,0.0008880399628618497,1.1745073,3.9628081,835
1889,0.0014166098569245314,1.5425683,7.2843504,1332
1890,0.0038818513346655704,1.2074102,3.4229088,3650
1891,0.00033075500413177875,1.1962074,3.3833084,311
1892,0.0014304356288014225,2.9539104,10.885023,1345
1893,0.002228076314006677,2.0195887,8.825256,2095
1894,0.02320708985581847,2.265262,10.085706,21821
1895,0.0006274773390281333,1.2510415,6.085221,590
1896,0.003006573622767005,1.596564,6.234686,2827
1897,0.030069990311324478,1.1971056,11.481054,28274
1898,0.0008805953164666006,1.8105855,5.7210636,828
1899,0.00151658082280359,1.1793977,5.448615,1426
1900,0.0010922359782743949,2.6039944,9.337478,1027
1901,0.0012836697427236559,1.9625636,7.587692,1207
1902,0.0007795608296739351,1.5984421,8.758178,733
1903,0.0006317314226825613,1.4198616,6.722381,594
1904,0.0033288204595899274,2.1223445,7.334348,3130
1905,0.0004115825935659112,1.417895,3.5783403,387
1906,0.00317886401077134,1.7426883,6.6411214,2989
1907,0.0024939565424084284,3.8145306,12.322044,2345
1908,0.009757804382344276,1.5113856,6.639618,9175
1909,0.0011624283585724572,1.470626,6.3096185,1093
1910,0.0027226135388339345,2.1001856,7.5450354,2560
1911,0.0002073865781533661,1.2390493,2.7974277,195
1912,0.0064545084246809175,1.8708295,7.675854,6069
1913,0.0003658511942808099,1.2276913,3.928168,344
1914,0.00033288204595899274,1.4874986,7.6514807,313
1915,0.0016473938951772518,1.6449308,6.5107656,1549
1916,0.0063906971698644965,1.6754919,6.551793,6009
1917,0.0027343122688836116,1.7906661,6.0068927,2571
1918,0.0007072414075486587,1.7481519,7.662626,665
1919,0.016112341841146134,1.252932,4.4051795,15150
1920,0.0008454991263175695,1.6023552,7.0807977,795
1921,0.009979016732374535,1.6955775,7.293231,9383
1922,0.0007402105558704759,2.2181323,9.236077,696
1923,0.002291887568823097,3.5123003,9.31987,2155
1924,0.0006827804265356976,1.8413792,6.997604,642
1925,0.0019781488993090303,1.9926817,8.173104,1860
1926,5.104900385313627e-05,1.6390542,4.7393584,48
1927,0.005221887685810398,2.8455036,10.610737,4910
1928,0.002458860352259397,2.217044,8.182493,2312
1929,0.0005849365024838531,1.5885375,6.9694934,550
1930,0.010645844345206126,1.3938951,5.564894,10010
1931,0.0006274773390281333,1.5364189,5.7670894,590
1932,0.0029129837823695885,1.805633,7.0353923,2739
1933,0.0007370199931296549,1.0589491,3.6750987,693
1934,0.007530791589251207,0.9533704,4.2152944,7081
1935,1.0635209136070056e-06,1.0344422,1.0344422,1
1936,0.0024939565424084284,2.0079067,7.159506,2345
1937,0.0006657640919179855,1.5087768,5.484943,626
1938,0.0027598367708101795,3.5879087,10.534999,2595
1939,0.00167291839710382,1.4082855,7.979247,1573
1940,0.003215023721833978,3.504076,11.652476,3023
1941,0.006447063778285668,2.6887631,9.494652,6062
1942,0.0014208639405789594,2.5713499,9.5724,1336
1943,0.02769302106941282,1.2146274,4.119917,26039
1944,0.004576330491250945,1.4201545,5.521275,4303
1945,0.001701633461771209,1.4965514,7.961503,1600
1946,0.007566951300313845,1.4465473,6.141184,7115
1947,0.0007051143657214447,1.7461435,7.059102,663
1948,5.849365024838531e-05,1.5762433,4.4685483,55
1949,0.001668664313449392,1.2841,4.0553336,1569
1950,8.082758943413243e-05,0.7989241,1.9112393,76
1951,0.0038892959810608195,2.325954,8.623906,3657
1952,0.0019685772110865675,3.0064409,10.8603525,1851
1953,0.003005510101853398,2.0575564,7.021971,2826
1954,0.0004934737039136506,1.497874,6.2413716,464
1955,0.029774331497341728,1.5539376,5.266621,27996
1956,0.00042966244909723025,1.3073752,5.0272827,404
1957,0.004243448445291952,1.904006,8.154816,3990
1958,0.0007742432251059,1.7188697,10.245762,728
1959,0.003349027356948461,3.058115,9.965609,3149
1960,4.041379471706622e-05,0.8777859,1.4272077,38
1961,0.011139318049119776,2.492019,11.122006,10474
1962,0.002891713364097448,1.324965,4.4508595,2719
1963,0.0014187368987517454,2.0945241,9.922226,1334
1964,0.0014644682980368467,1.6299345,8.021759,1377
1965,0.00726703840267667,1.9565392,8.967271,6833
1966,0.00011698730049677062,1.136743,2.770617,110
1967,0.00338837763075192,1.4227178,4.8413405,3186
1968,0.0015527405338662283,2.6973348,6.707892,1460
1969,2.446098101296113e-05,0.8926574,1.4700235,23
1970,2.5524501926568134e-05,1.006502,1.769056,24
1971,0.018054331029392526,0.8887041,2.7096188,16976
1972,0.0026928349532529382,2.9635656,8.578909,2532
1973,0.0017941597812550184,1.4278953,6.3625045,1687
1974,0.016815329165040367,2.2467551,11.420804,15811
1975,0.0013847042295163214,4.4610763,11.93759,1302
1976,0.0016452668533500376,2.437498,10.224321,1547
1977,0.0012273031343024844,2.8890636,11.636228,1154
1978,0.017439615941327678,0.9993134,2.999092,16398
1979,0.0014814846326545589,1.8189422,7.3455095,1393
1980,0.0012666534081059438,1.3289988,4.7944016,1191
1981,0.0012794156590692277,1.510441,5.7602143,1203
1982,0.005360145404579309,2.3110375,7.9288964,5040
1983,0.002078119865188089,1.6510448,5.925039,1954
1984,0.002961905744395511,1.3331356,5.0728908,2785
1985,0.00339901283988799,2.5160005,9.505245,3196
1986,0.0002265299545982922,1.6197532,7.234163,213
1987,0.0005104900385313627,1.4298571,5.354827,480
1988,0.000747655202265725,1.6233414,6.107258,703
1989,0.006371553793419571,1.4397215,5.030254,5991
1990,0.02513206270944715,2.2025783,9.117635,23631
1991,0.004577394012164553,1.663035,6.0341926,4304
1992,0.0076764939544153666,1.6703916,8.728211,7218
1993,0.0004966642666544716,1.6853244,6.9546146,467
1994,0.006772501177849412,1.6767263,8.008058,6368
1995,0.0005487767914212149,1.2772218,6.682559,516
1996,0.003380932984356671,2.3781178,7.553786,3179
1997,0.0038254847262443993,1.5319139,6.858467,3597
1998,0.0006625735291771645,1.3441758,5.4424973,623
1999,0.0014729764653457027,2.5032825,8.119217,1385
2000,0.011232907889517193,1.0669688,4.761018,10562
2001,0.00014357532333694577,1.0745609,3.1602645,135
2002,0.0011581742749180292,1.86201,8.363108,1089
2003,0.0023003957361319534,2.4735477,9.320004,2163
2004,0.0005264428522354678,1.25318,3.9262133,495
2005,0.0008774047537257796,1.4378211,4.636878,825
2006,0.001915401165406217,1.6921393,7.667127,1801
2007,0.0018367006177992986,2.237174,6.8358335,1727
2008,0.005439909473099834,1.2414049,4.655767,5115
2009,0.0015197713855444111,1.6843011,7.1073246,1429
2010,0.00019249728536286802,0.84502,2.3547418,181
2011,0.007780719003948854,1.6316257,6.5682764,7316
2012,0.0009709945941231962,1.8809109,8.183171,913
2013,0.0020238802985941317,3.5295794,12.170156,1903
2014,0.0009773757196048381,1.5841991,4.938296,919
2015,0.000577491856088604,1.7286339,7.1444807,543
2016,0.002856617173948417,4.8477964,13.344605,2686
2017,0.001113506396546535,2.3981771,8.048999,1047
2018,0.0006093974834968142,1.5092549,5.792321,573
2019,0.0015761379939655824,1.9777339,7.021246,1482
2020,0.003920138087555423,1.2481514,4.225807,3686
2021,0.009738661005899351,1.2083057,4.4131536,9157
2022,0.002041960154125451,1.9081633,10.456537,1920
2023,0.0027151688924386855,3.728822,10.573611,2553
2024,0.013051528651785172,1.0484039,5.5212173,12272
2025,0.0008135934989093593,1.572831,7.3436875,765
2026,0.0007306388676480128,2.1439483,10.54759,687
2027,0.0041147624147455045,1.929249,9.898181,3869
2028,0.0016718548761902128,2.7968156,8.442929,1572
2029,0.0023961126183565835,2.2888322,8.431636,2253
2030,0.00056472960512532,1.4490345,7.144277,531
2031,0.0008231651871318224,1.4257445,5.3291397,774
2032,0.0002658802284017514,0.9633657,2.2021966,250
2033,0.0012198584879072355,1.2203006,4.3702545,1147
2034,0.0014719129444320958,3.0583582,10.339229,1384
2035,0.004713524689106249,1.7573371,6.323786,4432
2036,0.001330464662922364,1.6022785,8.208781,1251
2037,0.023294298570734243,1.3067205,4.6215544,21903
2038,0.0016654737507085708,2.9183784,13.755002,1566
2039,0.054900013081307236,1.2966288,8.16046,51621
2040,0.017544904511774772,1.4935595,5.927309,16497
2041,0.0020249438195077385,2.6429963,9.877897,1904
2042,0.0007784973087603281,1.7021053,8.199958,732
2043,0.0007880689969827912,1.4872111,5.0403223,741
2044,0.0005264428522354678,1.5314581,6.1822157,495
2045,0.007805179984961814,1.7352,6.7805834,7339
2046,0.005055978423287704,1.6359258,8.320146,4754
2047,0.0,0.0,0.0,0
2048,0.00015633757430022984,0.9235121,2.3111842,147
2049,1.701633461771209e-05,1.0862104,1.64275,16
2050,0.00040413794717066216,1.536965,13.030013,380
2051,0.0006934156356717677,1.2157202,3.96271,652
2052,0.0011698730049677062,1.1302546,4.853989,1100
2053,0.0031458948624495226,2.681178,10.29318,2958
2054,0.0016133612259418275,1.5497583,8.3491335,1517
2055,0.0012740980545011928,1.3329679,6.4289255,1198
2056,0.0001340036351144827,0.9390551,2.7796357,126
2057,0.001127332168423426,1.9806553,9.361028,1060
2058,0.020772690484572035,1.7594569,6.742394,19532
2059,0.0015665663057431193,1.7276977,8.240728,1473
2060,0.05273362098028977,0.9651128,3.9713101,49584
2061,0.001889876663479649,1.6447421,5.6534686,1777
2062,0.0034830309920629433,1.4187154,4.997989,3275
2063,0.00027226135388339344,1.1200193,3.8508995,256
2064,0.009210091111836669,1.025264,4.1326838,8660
2065,0.0010135354306674764,1.232633,4.0597425,953
2066,0.0013591797275897533,2.2324789,8.435214,1278
2067,0.005883397694073955,2.278375,9.658368,5532
2068,0.0006083339625832072,1.252155,4.074848,572
2069,0.0006062069207559932,1.9168016,7.9117765,570
2070,0.0021376770363500815,2.4259474,8.909911,2010
2071,3.615971106263819e-05,1.2246251,3.06483,34
2072,0.001324083537440722,1.4536605,7.126052,1245
2073,0.001151793149436387,2.3127992,10.01564,1083
2074,0.015381702973498123,1.5159202,7.3697186,14463
2075,0.0005413321450259659,1.4403001,5.5705237,509
2076,0.0038467551445165392,1.1581132,3.8019207,3617
2077,0.001122014563855391,1.3523601,4.6316786,1055
2078,0.0015793285567064033,3.1323333,11.170567,1485
2079,0.0005913176279654951,1.2860415,5.385245,556
2080,0.004176446627734711,2.057729,9.932022,3927
2081,0.003004446580939791,2.7467608,9.853361,2825
2082,0.0009667405104687681,1.7977133,8.449692,909
2083,0.006752294280490879,1.9731052,7.144404,6349
2084,0.0003998838635162341,1.3611622,6.94694,376
2085,0.003751038262291909,2.365265,10.251253,3527
2086,0.0013474809975400762,1.3810333,6.5084167,1267
2087,0.012543165655081024,2.2142434,6.5604873,11794
2088,0.0023248567171449143,1.854477,7.2113833,2186
2089,0.0025886099037194517,1.5160199,4.8977685,2434
2090,0.003360726086998138,1.9563531,6.7310324,3160
2091,0.0005030453921361137,2.507541,8.5492115,473
2092,0.0036819094029074536,1.5456846,6.5175757,3462
2093,0.0010709655600022547,1.3257444,4.8777323,1007
2094,0.0027194229760931134,2.6883736,12.143619,2557
2095,0.00038924865438016407,1.0697452,3.9426332,366
2096,0.0004913466620864366,1.2366288,3.68194,462
2097,0.002068548176965626,1.4751203,5.383806,1945
2098,0.002306776861613595,2.5225258,9.4927225,2169
2099,0.0035074919730759047,2.7776504,10.496302,3298
2100,0.0010613938717797917,1.3796166,6.953023,998
2101,0.0003062940231188176,1.3793079,6.058943,288
2102,0.003902058232024104,1.172996,3.7123957,3669
2103,0.00883679527116061,1.16282,5.157616,8309
2104,0.0007689256205378651,1.4715182,6.2419252,723
2105,0.0019185917281470382,1.4028797,4.4981623,1804
2106,0.00025524501926568136,2.3251421,11.595745,240
2107,0.003983949342371843,2.429567,9.586196,3746
2108,0.002586482861892238,2.7625558,8.953174,2432
2109,0.003421346779073737,1.6526893,6.6072116,3217
2110,0.001684617127153497,1.396452,5.28085,1584
2111,0.0022929510897367043,2.213795,8.062434,2156
2112,0.0006912885938445537,1.193719,3.3589265,650
2113,0.001546359408384586,1.6294963,7.459404,1454
2114,0.0009603593849871261,1.1057042,3.4977202,903
2115,0.0005221887685810398,1.2328768,3.522082,491
2116,0.003720196155797306,1.7213362,6.504955,3498
2117,0.0017154592336481001,1.7687005,6.5520835,1613
2118,0.00017760799257236993,1.5235634,4.2552376,167
2119,0.0006870345101901256,1.8769361,10.584698,646
2120,0.0018462723060217617,1.1441925,3.644563,1736
2121,0.0021036443671146573,2.890005,9.476475,1978
2122,0.0010869183737063598,1.4256629,5.0085287,1022
2123,0.005654740697648449,1.6802257,6.4257703,5317
2124,0.0034734593038404805,2.449794,8.217006,3266
2125,0.0009061198183931688,1.1509644,5.137244,852
2126,0.0009752486777776241,1.4658059,9.307743,917
2127,0.0978120184244363,3.5167058,9.179996,91970
2128,0.0029257460333328724,1.7226926,9.292065,2751
2129,0.006320504789566434,2.2277172,9.254978,5943
2130,0.008135934989093593,1.7826549,7.8758335,7650
2131,0.0009156915066156319,2.273182,8.320924,861
2132,0.000571110730606962,1.4863889,5.317733,537
2133,0.0010486316208165075,2.0775564,7.633552,986
2134,0.0010816007691383247,1.4061846,8.953804,1017
2135,0.0027119783296978644,2.110042,9.064352,2550
2136,0.018054331029392526,2.2741866,9.162389,16976
2137,0.00114009441938671,1.4769231,6.928395,1072
2138,0.002053658884175128,2.5994074,12.648016,1931
2139,0.0012262396133888775,1.1146754,5.32332,1153
2140,0.0015516770129526212,1.9005389,6.7566676,1459
2141,0.0017473648610563102,1.7020717,6.3692,1643
2142,0.022498784927356203,1.1380005,3.5640428,21155
2143,0.0015942178494969014,1.7791957,5.4496017,1499
2144,0.003559604497842648,2.600707,13.325924,3347
2145,8.614519400216745e-05,1.7197597,8.115843,81
2146,0.0020876915534105522,1.2002021,3.8052275,1963
2147,0.0017229038800433492,1.429606,5.765406,1620
2148,0.0016463303742636447,1.7953054,8.59238,1548
2149,0.0013400363511448272,1.2440599,4.5786934,1260
2150,0.008031709939560107,1.6730666,6.8275933,7552
2151,0.004132842270276824,0.97688204,3.2483463,3886
2152,0.0002658802284017514,0.98268855,3.02211,250
2153,0.009214345195491096,1.4904621,5.274399,8664
2154,0.001319829453786294,1.073093,3.6539261,1241
2155,0.016950396321068456,1.0186869,2.9066236,15938
2156,0.0024195100784559376,1.5411869,6.0032477,2275
2157,0.002077056344274482,1.7380205,6.40087,1953
2158,0.0010496951417301146,1.1081201,3.4743354,987
2159,0.00029353177215553356,0.9716427,2.9735165,276
2160,0.0038425010608621113,2.40994,8.775947,3613
2161,0.00438276968497447,2.6972816,11.021651,4121
2162,0.0027864247936503547,2.0736225,8.983333,2620
2163,0.00039031217529377106,1.3600411,4.445745,367
2164,0.0011028711874104648,1.093182,4.224148,1037
2165,0.001689934731721532,1.1754574,3.2810073,1589
2166,0.0044816771299399216,1.9784709,8.629926,4214
2167,0.0003945662589481991,1.4403299,5.69184,371
2168,0.0028023776073544597,1.1240853,6.2559247,2635
2169,0.002452479226777755,2.7824914,10.633962,2306
2170,0.001921782290887859,1.4853603,6.643391,1807
2171,0.0037223231976245197,2.23963,8.822321,3500
2172,0.001101807666496858,1.9862009,7.0610843,1036
2173,0.0012719710126739788,1.4379442,6.639864,1196
2174,0.0016750454389310339,1.9061395,6.046604,1575
2175,0.002473749645049895,1.1031301,5.1102796,2326
2176,0.0012751615754147997,1.1524981,8.805035,1199
2177,0.004410421228728252,1.7429676,9.375418,4147
2178,0.0002456733310432183,1.3593056,3.538688,231
2179,0.0004690127229006895,1.744456,8.246112,441
2180,0.0015548675756934423,2.1416268,6.729781,1462
2181,0.0020494048005207,1.2338141,5.000614,1927
2182,0.0007987042061188613,1.9070356,6.78858,751
2183,0.012722900689480609,1.5132729,5.7315545,11963
2184,0.005108090948054448,2.092961,10.17091,4803
2185,0.0016399492487820027,1.7814745,10.618314,1542
2186,0.001139030898473103,1.1629192,6.971367,1071
2187,6.381125481642033e-06,1.0726386,1.3825326,6
2188,0.00207067521879284,1.7426782,6.6556997,1947
2189,0.0039031217529377107,1.6375482,7.1034117,3670
2190,0.0029714774326179737,2.8590457,10.705376,2794
2191,0.0007391470349568689,1.2822739,5.4788833,695
2192,0.0003647876733672029,2.0136306,9.1622,343
2193,0.0019068929980973611,1.5848696,8.715864,1793
2194,0.0013006860773413678,1.5149529,5.207439,1223
2195,0.004688000187179681,2.2019746,8.393985,4408
2196,0.0014410708379374926,2.7480025,11.746742,1355
2197,0.002228076314006677,1.6832379,7.6345477,2095
2198,0.001124141605682605,1.4900457,4.984455,1057
2199,0.00014676588607776678,1.6757358,9.576347,138
2200,0.0014166098569245314,3.8013415,10.464978,1332
2201,0.0010847913318791458,1.7075342,7.6845236,1020
2202,9.997096587905853e-05,1.0212977,2.6996398,94
2203,0.0004381706164060863,1.242532,4.454967,412
2204,0.0043051326582811585,1.3315485,4.8504105,4048
2205,0.0011645554003996712,2.2534463,7.5035095,1095
2206,0.007921103764544978,1.9460323,4.982034,7448
2207,0.0023333648844537703,3.6799815,11.575362,2194
2208,0.0017813975302917345,3.3299348,12.766061,1675
2209,0.0004839020156911876,2.1331196,7.8720636,455
2210,0.002074929302447268,1.8100783,7.4823685,1951
2211,0.0033426462314668187,1.7875458,6.52275,3143
2212,0.0023365554471945914,1.0626013,4.0514936,2197
2213,0.0019760218574818166,4.3904223,15.08773,1858
2214,0.0036627660264625275,2.2031014,7.168531,3444
2215,0.0015920908076696874,1.5772371,6.6396976,1497
2216,0.003159720634326414,1.8273319,7.5408344,2971
2217,0.0025705300481881324,1.4826701,6.177896,2417
2218,0.0011464755448683521,3.3951342,10.878961,1078
2219,0.0008763412328121726,1.243117,5.8845334,824
2220,0.00038818513346655707,1.1957976,5.4279523,365
2221,0.004471041920803852,1.7482542,7.587439,4204
2222,0.009233488571936023,2.2563224,8.375122,8682
2223,0.00413071522844961,3.2985551,12.604503,3884
2224,0.0015889002449288663,1.4445266,8.409463,1494
2225,0.002072802260620054,1.2616763,5.4719396,1949
2226,0.001682490085326283,2.1972835,7.5198884,1582
2227,0.0015686933475703333,1.8730938,6.7082415,1475
2228,0.001314511849218259,3.0480893,9.895034,1236
2229,0.00225891842050128,3.350039,11.237292,2124
2230,0.0007306388676480128,1.3338623,6.394949,687
2231,0.0016420762906092167,1.7647455,8.094845,1544
2232,0.0013857677504299283,3.1141694,10.7032,1303
2233,0.0019239093327150733,1.2844228,4.890322,1809
2234,0.0015814555985336173,2.1186914,9.040045,1487
2235,0.004217923943365384,1.3070871,5.7563868,3966
2236,0.007907277992668087,1.3469115,4.810253,7435
2237,0.0016186788305098626,1.5576115,6.166292,1522
2238,0.006734214424959559,1.1996661,6.5583653,6332
2239,7.444646395249039e-06,1.0107301,1.2245485,7
2240,0.0004924101830000436,1.1708843,4.0287704,463
2241,0.0005945081907063162,1.9662338,8.821036,559
2242,0.0056366608421171294,1.4570763,5.24892,5300
2243,0.0030788930448922814,1.8416852,7.764638,2895
2244,0.0006179056508056703,1.8317708,6.019861,581
2245,0.0012177314460800213,1.7074991,7.233661,1145
2246,0.021151303929816127,0.93723834,2.9596515,19888
2247,0.0007848784342419701,1.0601568,3.0370965,738
2248,0.0003254373995637437,1.7106379,9.548314,306
2249,0.003740403053155839,2.0993874,7.363908,3517
2250,0.01948157609545313,2.016799,8.383402,18318
2251,0.01340780815784352,1.4276441,3.8143706,12607
2252,0.0016697278343629988,1.6490588,6.3007274,1570
2253,0.058174593974303204,1.5529141,4.7160044,54700
2254,0.002641785949399802,1.7359723,6.2684646,2484
2255,0.0012623993244515158,1.5345507,6.2516975,1187
2256,0.0023471906563306616,2.619112,8.904916,2207
2257,0.0009752486777776241,2.3094103,7.3276105,917
2258,0.001721840359129742,1.3478417,5.410426,1619
2259,0.0020058004430628124,1.6046194,6.202505,1886
2260,0.015128584996059655,1.7578112,7.11398,14225
2261,0.00040413794717066216,1.6735877,9.924247,380
2262,0.0035276988704344378,3.731228,10.002671,3317
2263,0.00022546643368468518,1.6404268,7.6291966,212
2264,0.0036893540493027027,1.3581415,3.7707465,3469
2265,0.0032756444139095775,4.4919276,15.231377,3080
2266,0.0035021743685078694,1.3434197,5.0943594,3293
2267,0.01354287531387161,1.762104,5.84737,12734
2268,0.008898479484149817,2.3322887,8.622381,8367
2269,0.0021078984507690852,1.4514962,4.8457546,1982
2270,0.0008221016662182154,1.345292,6.5427523,773
2271,0.0010145989515810833,1.2895256,3.8887947,954
2272,0.0002446098101296113,1.2296216,5.7158203,230
2273,0.0025843558200650237,2.2642415,8.78169,2430
2274,0.0014261815451469945,1.5573043,6.5733304,1341
2275,0.0012453829898338036,1.2843597,3.8296778,1171
2276,0.00045944103467822643,1.8442166,9.772423,432
2277,0.0015197713855444111,4.3359356,13.916822,1429
2278,0.0014676588607776678,1.1952125,3.3898075,1380
2279,0.00131770241195908,1.6869394,9.438891,1239
2280,0.0018728603288619369,1.5661515,5.610499,1761
2281,0.00031480219042767367,1.1462116,4.3778753,296
2282,0.0005072994757905416,1.4723321,4.900268,477
2283,0.005549452127201355,2.4383428,9.936031,5218
2284,0.0029012850523199114,2.1990914,8.865238,2728
2285,0.0012889873472916908,1.0722001,6.038344,1212
2286,0.0006136515671512422,1.4761974,6.7322335,577
2287,0.00039882034260262713,1.4047529,5.875283,375
2288,0.1457076827687278,3.0388048,9.777993,137005
2289,0.0008688965864169236,1.307125,5.0226383,817
2290,0.0029523340561730476,1.4208746,5.205053,2776
2291,0.008947401446175738,1.3526659,5.0770726,8413
2292,0.0024195100784559376,1.4015559,4.1009126,2275
2293,0.002658802284017514,1.3790807,5.5191703,2500
2294,0.004238130840723917,1.9826882,7.0002213,3985
2295,0.0014899927999634148,1.1859223,4.48066,1401
2296,0.002997001934544542,1.9819926,7.6870084,2818
2297,0.002721550017920327,2.123108,7.1970825,2559
2298,0.0033352015850715696,2.4141831,9.438115,3136
2299,0.0036670201101169555,2.3859105,12.45464,3448
2300,0.0005721742515205691,1.369334,7.542052,538
2301,0.0007317023885616198,1.7226651,5.682767,688
2302,0.0036861634865618816,2.8730848,11.512457,3466
2303,0.0008082758943413243,1.6078498,7.653524,760
2304,0.0019866570666178863,2.943553,9.507069,1868
2305,0.0010730926018294687,1.3326252,5.9518323,1009
2306,5.317604568035028e-06,1.006888,1.3088732,5
2307,0.0027162324133522923,2.3715231,6.912866,2554
2308,0.0012496370734882316,3.5042734,11.864055,1175
2309,0.0031629111970672345,2.8972995,8.820735,2974
2310,0.0013974664804796053,2.3785212,8.392054,1314
2311,0.0005434591868531799,1.2130499,4.6662493,511
2312,0.016297394480113754,1.5077192,8.35973,15324
2313,0.0034585700110499823,3.2143047,10.692246,3252
2314,0.0032054520336115147,1.245575,3.8060122,3014
2315,0.0010560762672117566,1.4753509,5.8311586,993
2316,0.0016612196670541428,1.5445573,9.3148985,1562
2317,0.0008954846092570988,1.0578558,3.1054356,842
2318,0.002440780496728078,3.1450646,9.226989,2295
2319,0.0005168711640130047,1.1140319,3.5343194,486
2320,0.0014644682980368467,1.2993854,5.1340475,1377
2321,0.0007753067460195071,1.3024931,5.5517454,729
2322,0.0016176153095962555,1.8451722,9.09541,1521
2323,0.0031310055696590245,2.9361286,11.414632,2944
2324,0.0004466787837149424,1.6149286,5.5557394,420
2325,0.007083049284622657,1.9650639,11.622921,6660
2326,3.084210649460316e-05,0.8764372,1.438791,29
2327,0.0031118621932140983,2.0308332,9.460553,2926
2328,0.002075992823360875,3.4858966,12.503839,1952
2329,6.806533847084836e-05,0.9510895,1.7806646,64
2330,0.00420197112966128,2.115883,9.784186,3951
2331,0.001907956519010968,1.4139631,5.802433,1794
2332,0.0018526534315034039,1.5371677,6.279143,1742
2333,0.0005455862286803939,1.6015061,5.2859826,513
2334,0.0028098222537497088,3.3142157,12.197013,2642
2335,0.0018281924504904427,3.018131,9.656187,1719
2336,0.0010326788071124025,1.7273872,6.493621,971
2337,0.0009752486777776241,1.1500076,6.078752,917
2338,0.01058416013221692,1.100846,4.2957053,9952
2339,0.005237840499514502,1.8095752,7.7203655,4925
2340,4.679492019870825e-05,0.9616626,1.924945,44
2341,0.0010124719097538693,1.8614229,6.5786796,952
2342,0.0016442033324364307,1.5322658,4.8780785,1546
2343,0.0006221597344600983,1.0510957,3.877645,585
2344,0.021978723200602377,1.4704001,6.4210954,20666
2345,0.001303876640082189,2.1277363,9.111326,1226
2346,0.00167291839710382,2.9042616,10.661076,1573
2347,0.0019962287548403496,1.529895,6.5261908,1877
2348,0.004924101830000436,1.8552207,10.294529,4630
2349,0.0019419891882463923,1.5293272,4.7600236,1826
2350,0.0015038185718403059,1.67682,9.236604,1414
2351,0.002808758732836102,2.1166685,6.6177645,2641
2352,0.0019164646863198242,1.5719491,7.7329974,1802
2353,0.0007306388676480128,1.6332412,10.489128,687
2354,0.0029278730751600866,4.329442,12.140279,2753
2355,0.00025843558200650235,1.8926551,8.466996,243
2356,0.013786421603087615,1.83847,7.391121,12963
2357,0.0022929510897367043,1.2871248,6.1841908,2156
2358,0.0002478003728704323,1.4903282,4.666926,233
2359,0.0029597787025682967,1.8702842,7.224689,2783
2360,0.0012815427008964417,2.1914628,9.579366,1205
2361,0.0011188240011145698,1.5018446,4.6045723,1052
2362,0.003028907561952752,1.6438514,6.0198116,2848
2363,0.0017367296519202402,3.0951147,12.385883,1633
2364,0.004521027403743381,2.2221706,8.990189,4251
2365,0.005633470279376309,1.6971719,8.705523,5297
2366,0.0034904756384581924,2.5260417,9.328007,3282
2367,0.001708014587252851,1.7411612,6.969982,1606
2368,0.0012070962369439514,1.5690011,6.1004705,1135
2369,0.002483321333272358,2.5434277,9.065011,2335
2370,0.0008848494001210287,1.7180048,5.8633523,832
2371,0.003724450239451734,2.180094,9.210556,3502
2372,0.000579618897915818,1.2042204,5.072334,545
2373,0.003222468368229227,4.2487354,16.258955,3030
2374,0.0005434591868531799,1.2990068,6.6001344,511
2375,0.001122014563855391,2.0767355,7.565498,1055
2376,0.0001510199697321948,1.9001019,9.414733,142
2377,0.0027864247936503547,1.990938,6.982418,2620
2378,0.0034660146574452314,2.486722,8.917165,3259
2379,0.00040626498899787615,1.1253806,4.780577,382
2380,0.0025130999188533545,3.355365,10.90257,2363
2381,0.0068501382045427234,2.7014806,9.177558,6441
2382,0.00915266098250189,1.0095978,3.1824024,8606
2383,0.0002999128976371756,1.3027574,4.377995,282
2384,0.0019239093327150733,2.7559662,8.951224,1809
2385,0.001919655249060645,3.6316817,12.366542,1805
2386,0.002648167074881444,2.536717,10.79411,2490
2387,0.0014219274614925665,2.0688043,6.9123406,1337
2388,0.0004009473844298411,1.6165538,7.407161,377
2389,0.0021398040781772953,2.5242186,8.561405,2012
2390,0.005716424910637655,2.124935,7.5176277,5375
2391,0.00027970600027864246,1.4280832,6.56514,263
2392,0.0009826933241728732,1.3855263,4.71302,924
2393,0.0006402395899914174,1.4508961,8.155963,602
2394,0.000758290411401795,1.2257617,4.6646547,713
2395,0.011805082141037763,2.0062087,8.618245,11100
2396,0.0012570817198834807,2.2047665,10.388738,1182
2397,0.002623706093868483,2.600914,10.985492,2467
2398,0.003172482885289698,1.907467,7.964575,2983
2399,0.000568983688779748,1.9978297,8.726557,535
2400,0.0011900799023262393,1.8259811,8.175834,1119
2401,0.000570047209693355,1.3577524,7.190568,536
2402,0.0008720871491577447,1.5068194,5.879828,820
2403,0.0011751906095357411,1.4389834,5.8483157,1105
2404,0.0033245663759354995,1.4859204,4.7492504,3126
2405,8.720871491577446e-05,1.2722672,3.840256,82
2406,8.508167308856045e-06,1.2003071,2.129903,8
2407,0.00047964793203675955,1.3477126,4.928871,451
2408,0.002064294093311198,3.1822383,11.29247,1941
2409,0.00034564429692227684,1.496987,9.218675,325
2410,0.0020472777586934858,2.0116572,7.345889,1925
2411,9.252631948380949e-05,0.95337796,2.4116278,87
2412,0.0008561343354536395,1.7154336,6.336277,805
2413,0.00018505263896761897,1.5788442,9.167205,174
2414,0.00025524501926568136,2.2167213,10.057047,240
2415,0.0018547804733306179,1.9291884,8.207425,1744
2416,0.00042009076087476724,1.9365124,10.07251,395
2417,0.0022408385649699608,1.363299,6.4613667,2107
2418,0.004871989305233693,2.817569,9.250342,4581
2419,0.007215989398823533,1.9820881,7.2287493,6785
2420,0.002648167074881444,2.717582,9.893342,2490
2421,0.001343226913885648,2.0847654,8.372662,1263
2422,0.007853038426074129,2.2886143,9.475185,7384
2423,0.006116308774153889,2.0948405,9.634248,5751
2424,0.00031480219042767367,1.6717947,8.373344,296
2425,0.0019398621464191783,1.3785369,6.829924,1824
2426,0.014260751930556339,1.2926743,7.6381187,13409
2427,0.00446466079532221,1.58008,6.9015784,4198
2428,0.0010677749972614337,1.9021327,8.248943,1004
2429,0.0017356661310066331,2.4972727,9.496787,1632
2430,0.002266363066896529,1.8461071,6.620234,2131
2431,0.00012762250963284068,1.2928084,5.6479273,120
2432,0.0017899056976005904,1.5952246,7.3554654,1683
2433,0.00976737607056674,1.6016377,7.336404,9184
2434,0.0037148785512292706,1.7912967,7.364632,3493
2435,0.0030895282540283515,1.2473178,3.9085882,2905
2436,0.00040520146808426915,1.5904164,6.3755636,381
2437,0.0019526243973824622,2.9932437,10.778991,1836
2438,0.06400587914361042,1.1139551,3.8298495,60183
2439,0.0025450055462615646,1.7663279,8.818653,2393
2440,0.0007689256205378651,1.6893632,7.902033,723
2441,0.001149666107609173,1.6032281,5.943012,1081
2442,0.0010284247234579745,1.346419,6.451285,967
2443,0.00423387675706949,3.745776,12.643927,3981
2444,0.0006466207154730595,1.751751,9.019951,608
2445,0.0006806533847084836,1.8807402,7.8849998,640
2446,0.002030261424075774,2.029364,8.097891,1909
2447,0.00013719419785530372,1.6497136,9.434802,129
2448,0.0005381415822851448,1.2001582,3.97003,506
2449,0.04117633921212244,1.2030374,5.2643003,38717
2450,0.002244029127710782,1.790023,7.1434426,2110
2451,0.0019558149601232836,3.152222,11.97011,1839
2452,0.002836410276589884,3.14252,12.677914,2667
2453,0.0005721742515205691,1.7479533,6.9002514,538
2454,6.700181755724135e-05,1.7074468,6.7763658,63
2455,0.0016473938951772518,2.4590688,10.402126,1549
2456,0.001330464662922364,1.5327495,5.043639,1251
2457,0.0014463884425055277,2.719368,7.5842443,1360
2458,0.0035287623913480446,2.2293534,8.989561,3318
2459,0.0023397460099354125,2.0440316,7.8783197,2200
2460,0.0026003086337691287,1.1927866,4.185466,2445
2461,7.976406852052543e-05,1.8866429,5.8745437,75
2462,0.0003658511942808099,1.4924412,7.154835,344
2463,0.004179637190475532,1.520512,6.404033,3930
2464,0.0010454410580756864,1.211626,7.784566,983
2465,0.0009252631948380949,1.2726318,5.339869,870
2466,0.0008444356054039625,1.263937,3.356039,794
2467,0.00033288204595899274,1.0479454,2.7236989,313
2468,0.0008359274380951064,1.636851,6.9192863,786
2469,0.0003020399394643896,1.4910702,4.7040997,284
2470,0.0015931543285832945,2.875471,10.41178,1498
2471,0.0012262396133888775,1.5763177,4.756239,1153
2472,0.004579521053991766,2.0145566,6.701325,4306
2473,0.0020089910058036335,2.795371,9.613316,1889
2474,0.0004605045555918334,1.289923,6.7111573,433
2475,0.002084500990669731,1.210542,3.6086502,1960
2476,0.0028183304210585647,1.6671846,6.561728,2650
2477,4.147731563067322e-05,1.1442467,3.7609923,39
2478,0.004666729768907541,2.2777705,9.985708,4388
2479,0.004647586392462615,1.4582701,5.0300097,4370
2480,0.0034840945129765506,2.9933374,11.833209,3276
2481,1.8079855531319095e-05,1.3153929,2.7295225,17
2482,0.0028098222537497088,1.2596488,4.434268,2642
2483,0.0005264428522354678,1.4507178,6.3756447,495
2484,0.0017452378192290962,3.2799692,10.417358,1641
2485,0.000949724175851056,1.9136926,8.680478,893
2486,0.0016973793781167809,1.2564374,4.9058194,1596
2487,0.0019143376444926102,2.2179399,7.307624,1800
2488,0.0012017786323759163,2.1311238,8.865845,1130
2489,0.0036925446120435234,2.4711702,9.635793,3472
2490,0.00048602905751840157,1.4429575,5.772369,457
2491,0.0013400363511448272,1.3301941,4.7623677,1260
2492,0.0012709074917603717,1.7767136,6.294712,1195
2493,0.004402976582333003,1.4257144,6.340808,4140
2494,0.00300125601819897,1.7264054,8.097762,2822
2495,0.0010167259934082975,2.073266,6.7250223,956
2496,0.00024035572647518327,1.9025885,8.148218,226
2497,0.0062843450785037966,2.0588856,8.644959,5909
2498,0.000566856646952534,1.1341113,4.3945436,533
2499,0.0015314701155940882,1.650675,8.077785,1440
2500,0.0016080436213737925,2.9604437,14.089166,1512
2501,0.0010826642900519318,2.8952553,11.280561,1018
2502,0.00030948458585963864,1.6246316,11.404678,291
2503,0.0005009183503088997,1.691651,6.739496,471
2504,8.720871491577446e-05,0.99496084,3.580933,82
2505,0.014770178448174093,1.1977606,4.2709002,13888
2506,0.004680555540784431,2.7081277,10.5116005,4401
2507,0.0020993902834602293,2.9586341,9.891326,1974
2508,0.0022089329375617507,1.4811066,6.4530888,2077
2509,0.001522961948285232,1.5721209,6.8546634,1432
2510,0.0010975535828424297,1.3762673,6.9023275,1032
2511,0.0006551288827819154,1.6329571,5.1142664,616
2512,0.005996130910916298,2.0911057,12.558577,5638
2513,0.001728221484611384,1.5060198,7.4892726,1625
2514,0.00441467531238268,2.9799633,9.629924,4151
2515,0.0027534556453285377,1.8737644,7.9082365,2589
2516,0.004813495654985307,2.2010458,9.030335,4526
2517,0.000562602563298106,1.543852,7.528163,529
2518,0.0009731216359504101,1.4142519,4.6695843,915
2519,0.0031735464062033047,1.8039861,7.007175,2984
2520,0.001488929279049808,3.0982425,9.707482,1400
2521,0.002232330397661105,2.9193368,8.900062,2099
2522,0.0038052778288858663,1.3436744,4.696775,3578
2523,0.012419797229102612,1.6009928,6.1876683,11678
2524,0.00033819965052702777,2.4908054,9.605857,318
2525,0.00042540836544280227,1.2750565,4.1221538,400
2526,0.008142316114575235,1.607088,6.532543,7656
2527,0.0007519092859201529,1.611998,8.037677,707
2528,0.0005275063731490748,1.5410852,5.9259396,496
2529,0.014411771900288533,2.0808465,11.384766,13551
2530,0.0024003667020110115,1.609318,8.916479,2257
2531,0.0010454410580756864,2.3896387,9.474354,983
2532,0.001133713293905068,1.429922,5.3932047,1066
2533,0.0029374447633825494,1.8599029,9.0901165,2762
2534,0.006709753443946599,1.8673159,9.666833,6309
2535,0.0015878367240152594,2.4044259,9.933244,1493
2536,0.00048071145295036654,1.886571,9.143201,452
2537,0.009349412351519187,1.2661495,5.308419,8791
2538,0.001684617127153497,2.6607413,10.998367,1584
2539,0.00037648640341687997,1.5912462,5.99338,354
2540,0.0009731216359504101,1.1883531,3.8725116,915
2541,0.008427339719421913,2.4027052,12.055042,7924
2542,0.00607695850035043,1.3724825,5.7933526,5714
2543,0.00034670781783588384,1.5908018,6.3226385,326
2544,0.0004934737039136506,1.6486149,7.6597533,464
2545,0.002058976488743163,2.1643038,7.2917213,1936
2546,0.010700083911800084,2.0790637,7.2283206,10061
2547,0.002061103530570377,1.4159821,4.900105,1938
2548,0.005255920355045822,1.3425691,6.4900727,4942
2549,0.0013783231040346792,2.2256303,11.204687,1296
2550,0.002278061796946206,1.9610142,9.374087,2142
2551,0.001141157940300317,1.399333,5.842785,1073
2552,0.0017516189447107382,1.4809148,5.4123936,1647
2553,0.003396885798060776,2.6617353,11.305188,3194
2554,0.00020419601541254507,1.8908927,12.496417,192
2555,0.009504686404905809,1.3115535,5.2593527,8937
2556,0.0008104029361685383,1.1131796,4.3265266,762
2557,0.001528279552853267,1.2715492,5.6212616,1437
2558,0.0018250018877496216,1.2931496,4.092938,1716
2559,0.0007955136433780402,1.032124,3.6512926,748
2560,0.0003573430269719539,1.5158567,5.9620714,336
2561,0.00937280981161854,1.4884294,6.521014,8813
2562,0.004004156239730376,2.212119,10.091552,3765
2563,8.508167308856045e-06,0.864803,1.8669342,8
2564,0.009559989492413374,2.958358,8.982464,8989
2565,0.00044561526280133534,1.0959707,5.3926272,419
2566,0.0002690707911425724,1.6057009,8.425656,253
2567,0.001325147058354329,1.4967451,5.509308,1246
2568,0.0023216661544040933,2.099827,9.497126,2183
2569,0.0006966061984125887,1.6057442,8.679255,655
2570,0.0006647005710043785,1.688284,6.2728834,625
2571,0.006051433998423862,1.1025404,5.1061864,5690
2572,9.997096587905853e-05,1.491558,5.3704963,94
2573,0.00037010527793523794,1.4390389,7.1527557,348
2574,0.002084500990669731,1.2605064,5.674014,1960
2575,0.0009965190960497642,1.5236739,5.260356,937
2576,0.000944406571283021,1.5383556,8.649883,888
2577,0.0003009764185507826,1.3934889,5.9380646,283
2578,0.005734504766168974,3.3590844,11.551341,5392
2579,0.0012549546780562667,3.7053804,12.55962,1180
2580,0.002428018245764794,2.4052851,8.24925,2283
2581,0.0004998548293952927,1.9342183,10.599714,470
2582,0.0026045627174235567,1.6851004,5.9832354,2449
2583,0.0017611906329332012,1.239455,5.935049,1656
2584,0.0032735173720823633,1.1378772,5.235335,3078
2585,0.0012719710126739788,1.7136115,10.178306,1196
2586,0.00010741561227430756,1.3644565,3.7148125,101
2587,0.004356181662134295,1.4140046,5.3939767,4096
2588,0.0013006860773413678,2.1896162,8.353521,1223
2589,0.001327274100181543,2.8555832,11.457878,1248
2590,0.002129168869041225,1.4668183,5.826981,2002
2591,0.001905829477183754,1.517231,8.6407,1792
2592,0.002133422952695653,2.899621,11.992886,2006
2593,0.009356856997914435,37.169666,67.97753,8798
2594,0.0009741851568640171,1.3231035,3.9438305,916
2595,0.0003031034603779966,1.6206535,7.5790915,285
2596,0.0005604755214708919,1.772968,11.056961,527
2597,0.0008082758943413243,1.5433254,6.353487,760
2598,0.0014846751953953798,2.0939832,7.280901,1396
2599,0.0034585700110499823,2.299695,8.160345,3252
2600,0.0006040798789287792,1.3893236,5.5080247,568
2601,0.000566856646952534,1.802423,9.063329,533
2602,0.0008093394152549313,1.2758722,4.774097,761
2603,0.001315575370131866,1.5018269,5.348494,1237
2604,0.0015899637658424734,1.9983814,9.16206,1495
2605,0.00046263159741904747,1.8531212,6.5917645,435
2606,0.001124141605682605,1.2980764,5.7729945,1057
2607,0.0027789801472551056,1.423296,5.140401,2613
2608,0.004293433928231481,1.1210502,3.948616,4037
2609,0.002077056344274482,1.3935479,4.6725473,1953
2610,0.003081020086719495,2.973901,9.853352,2897
2611,0.002409938390233475,1.1890758,4.070494,2266
2612,0.0011890163814126324,1.6492411,7.193915,1118
2613,0.0003626606315399889,1.821249,8.941775,341
2614,0.0032639456838599004,1.5500424,6.0527763,3069
2615,0.006530018409547015,2.1669834,11.111704,6140
2616,0.0011751906095357411,1.1586814,3.7300115,1105
2617,0.0028693794249117013,1.2506505,4.478711,2698
2618,6.274773390281333e-05,0.9465353,1.8614457,59
2619,0.002054722405088735,0.94338137,4.785338,1932
2620,0.0036861634865618816,2.200018,9.106441,3466
2621,0.029237253435970192,2.5298927,7.26545,27491
2622,0.00027226135388339344,4.9678855,8.37388,256
2623,0.003425600862728165,2.6159856,9.546663,3221
2624,0.0008444356054039625,2.2615445,7.5086346,794
2625,0.0025875463828058448,2.6004736,12.023572,2433
2626,0.0048251943850349845,2.510235,13.676433,4537
2627,0.0009890744496545152,1.3587974,8.062952,930
2628,0.0015527405338662283,2.1247597,7.3352838,1460
2629,0.0020600400096567697,3.679705,11.419973,1937
2630,0.0041232705820543605,1.0262293,3.455488,3877
2631,0.002452479226777755,3.1346567,8.836348,2306
2632,0.0016101706632010064,1.219424,3.5844839,1514
2633,0.0008252922289590363,1.6564062,8.156395,776
2634,0.002270617150550957,3.126642,9.006637,2135
2635,0.001876050891602758,2.186875,8.366753,1764
2636,0.0014166098569245314,1.5574783,7.1160364,1332
2637,0.004315767867417229,4.1710887,12.840407,4058
2638,0.0006838439474493046,1.37696,9.916949,643
2639,0.007050080136300841,1.1047943,3.017227,6629
2640,0.0016027260168057574,1.3137215,4.8231063,1507
2641,9.252631948380949e-05,1.0913354,2.8910387,87
2642,0.00207067521879284,1.6931628,6.3965626,1947
2643,0.002954461098000262,4.571097,19.086176,2778
2644,4.254083654428023e-05,0.8398181,1.5096271,40
2645,0.0017367296519202402,3.2491937,11.246484,1633
2646,0.001963259606518532,3.3087735,11.95721,1846
2647,0.0006827804265356976,1.4839386,8.109259,642
2648,0.0027364393107108254,1.8813099,8.578838,2573
2649,0.004577394012164553,2.0133023,6.3980846,4304
2650,0.00488368803528337,2.4219394,8.443372,4592
2651,0.013082370758279777,1.8060508,6.3043556,12301
2652,2.020689735853311e-05,1.3249769,2.093063,19
2653,0.002385477409220514,4.1999583,12.030475,2243
2654,0.002862998299430059,1.349491,5.173616,2692
2655,0.003049114459311285,1.4001964,5.381424,2867
2656,0.002867252383084487,2.6019807,11.473595,2696
2657,5.6366608421171295e-05,0.83101994,3.1581802,53
2658,0.00211321605533712,1.6612281,7.3193574,1987
2659,0.001682490085326283,1.4608735,9.176663,1582
2660,0.00046263159741904747,1.1988833,4.267024,435
2661,0.006510875033102088,1.0084504,3.4110222,6122
2662,0.0027236770597475414,3.1016133,9.129935,2561
2663,0.00270985128787065,3.2748485,9.822252,2548
2664,0.004222178027019813,0.9908092,5.6639566,3970
2665,0.0003062940231188176,1.8019028,7.398572,288
2666,0.0008433720844903555,1.590221,6.3702016,793
2667,0.04326509428644659,1.7775072,8.389779,40681
2668,0.0015984719331513294,2.237805,7.0783787,1503
2669,0.000380740487071308,1.479274,6.0124464,358
2670,0.005471815100508044,2.0603364,6.7198663,5145
2671,0.0008104029361685383,1.2092447,3.117003,762
2672,0.011677459631404923,2.5109746,9.083428,10980
2673,0.002223822230352249,3.3937237,9.403782,2091
2674,0.0015974084122377225,1.390282,5.79862,1502
2675,0.0012698439708467646,1.0992242,4.1646814,1194
2676,0.011314798999864933,1.7937908,5.3912907,10639
2677,0.005142123617289872,2.379919,8.987025,4835
2678,0.00281301281649053,1.0652858,3.674201,2645
2679,0.0002680072702289654,1.3740561,5.6236076,252
2680,0.0012538911571426596,1.479956,6.032814,1179
2681,0.001921782290887859,3.250969,9.758443,1807
2682,0.0011964610278078812,1.6001438,6.1024494,1125
2683,0.0016559020624861078,1.1587734,3.6772404,1557
2684,0.0023663340327755877,3.1278987,10.953784,2225
2685,0.0019760218574818166,2.361437,7.9382,1858
2686,0.0003062940231188176,1.2565165,5.962448,288
2687,0.0027619638126373937,2.4632742,10.962578,2597
2688,0.003526635349520831,1.5868121,6.1377325,3316
2689,0.001718649796388921,1.29977,4.804743,1616
2690,0.0008497532099719975,1.305792,6.605202,799
2691,2.1270418272140113e-06,1.0939039,1.2518022,2
2692,0.000955041780419091,1.7500343,8.941423,898
2693,0.0018356370968856917,1.4926608,5.7939916,1726
2694,0.01326529635542018,1.761964,6.630077,12473
2695,0.07147711356169964,1.0401471,4.3519063,67208
2696,0.0028055681700952808,3.6842232,10.217604,2638
2697,0.0007519092859201529,1.4646513,4.8319955,707
2698,0.004174319585907497,3.5198078,10.1355715,3925
2699,0.0012783521381556208,1.1957821,5.4493036,1202
2700,0.00130706720282301,1.9398466,6.7328634,1229
2701,5.6366608421171295e-05,2.1749709,10.864084,53
2702,0.0004615680765054404,1.2163092,4.460114,434
2703,0.0018526534315034039,1.235906,4.379546,1742
2704,0.0020313249449893807,1.5969938,6.6430163,1910
2705,0.0013262105792679361,2.544137,9.125087,1247
2706,0.0016346316442139676,2.0232785,7.5826187,1537
2707,0.0009178185484428459,1.7718207,8.182413,863
2708,0.0030863376912875305,1.2258993,5.523656,2902
2709,0.00133897283023122,2.2730927,6.3454194,1259
2710,0.0003509619014903119,1.3538574,5.329442,330
2711,0.0023525082608986964,1.8362018,7.589057,2212
2712,0.000955041780419091,1.4174114,5.7944984,898
2713,7.231942212527638e-05,1.3517585,3.9098663,68
2714,0.0036712741937713835,1.830237,6.5184374,3452
2715,0.00042647188635640927,2.4117973,10.789236,401
2716,0.003427727904555379,2.167256,8.783806,3223
2717,0.001130522731164247,2.4380794,8.841608,1063
2718,0.005844047420270496,1.2617735,8.183957,5495
2719,0.0017452378192290962,1.323831,3.9808981,1641
2720,0.001134776814818675,1.6419151,6.8299785,1067
2721,0.0004466787837149424,1.5891103,9.027774,420
2722,0.0011081887919785,2.0530052,12.179554,1042
2723,0.008159332449192947,1.0624733,3.7297175,7672
2724,3.403266923542418e-05,0.86228544,1.7693048,32
2725,0.0006530018409547014,1.5326933,9.581894,614
2726,0.0050400256095836,2.5431564,8.265346,4739
2727,0.0004775208902095455,1.6480857,9.464449,449
2728,0.00283428323476267,2.273844,10.369504,2665
2729,0.003748911220464695,2.8280077,9.374722,3525
2730,0.000566856646952534,1.6417654,8.5779295,533
2731,0.001151793149436387,1.5531493,9.258216,1083
2732,0.00112945921025064,1.6688399,7.9360366,1062
2733,0.0015740109521383684,1.2974387,4.4558167,1480
2734,0.004431691647000392,2.5672426,9.810274,4167
2735,6.381125481642033e-06,0.9684013,1.3560045,6
2736,0.002606689759250771,2.7050173,9.822023,2451
2737,2.6588022840175142e-05,1.2848462,2.4069548,25
2738,0.011909307190571249,1.9532778,9.791785,11198
2739,0.004418929396037109,1.4509848,7.44891,4155
2740,0.00278110718908232,1.1709123,3.85326,2615
2741,0.0013751325412938583,2.6040587,11.399677,1293
2742,0.005475005663248865,1.4215951,4.4223676,5148
2743,0.0001488929279049808,1.3204991,5.005929,140
2744,0.04410527580819613,0.8842181,2.9355807,41471
2745,0.0016463303742636447,1.34626,4.603948,1548
2746,3.935027380345921e-05,1.5199721,3.560706,37
2747,0.0019770853783954235,1.5949441,6.9001784,1859
2748,0.004426374042432357,1.1462293,3.9937353,4162
2749,0.04598132669979889,1.1168156,4.9994726,43235
2750,1.0635209136070057e-05,1.2660642,2.3862777,10
2751,0.010393789888681266,1.6579567,7.4842663,9773
2752,9.46533613110235e-05,1.2506261,3.2545145,89
2753,3.190562740821017e-05,0.94156706,1.9810705,30
2754,0.0032926607485272894,1.8441108,8.43039,3096
2755,0.0013559891648489322,1.036633,4.5582337,1275
2756,0.002083437469756124,1.6492443,5.3228955,1959
2757,0.0008657060236761026,1.4317988,5.2902346,814
2758,0.006795898637948766,1.6293811,7.7232857,6390
2759,0.0020717387397064468,2.5944653,10.504114,1948
2760,0.0002839600839330705,1.864108,12.637362,267
2761,0.0010624573926933986,1.4671285,9.825136,999
2762,0.0028534266112075963,1.0482101,3.6660676,2683
2763,0.013430142097029267,1.658085,5.975887,12628
2764,0.011646617524910318,1.5431342,8.221568,10951
2765,3.1905627408210167e-06,1.0565996,1.3764925,3
2766,0.0029459529306914054,1.2201453,4.1447053,2770
2767,0.001311321286477438,1.5723917,5.4393883,1233
2768,0.004956007457408646,1.6537802,8.097933,4660
2769,0.005204871351192686,2.6007507,10.574683,4894
2770,0.002670501014067191,1.398902,4.978217,2511
2771,7.338294303888339e-05,1.152529,4.1856866,69
2772,0.0019111470817517891,3.4093635,10.656546,1797
2773,0.004190272399611603,2.8136733,9.94413,3940
2774,0.0030714483984970323,3.1337147,11.938964,2888
2775,0.0006944791565853747,1.6165134,5.2527785,653
2776,0.00045944103467822643,1.216771,6.776106,432
2777,0.00488368803528337,2.2585819,8.60496,4592
2778,0.001319829453786294,1.4552202,6.5086436,1241
2779,0.0001722903880043349,1.2953973,4.6437783,162
2780,0.001498500967272271,1.986076,6.4790697,1409
2781,0.004230686194328669,2.2739499,10.115101,3978
2782,0.0009709945941231962,1.4839934,4.69814,913
2783,0.0010762831645702896,1.2740085,5.019039,1012
2784,0.05563065194895525,1.4674306,8.888535,52308
2785,0.00014144828150973175,1.2019191,4.9572573,133
2786,0.001507009134581127,3.4174523,11.10841,1417
2787,0.0053282397771710985,2.3132186,9.062953,5010
2788,0.0008391180008359275,1.5476277,5.162602,789
2789,0.0019760218574818166,1.0792782,2.6798108,1858
2790,2.9778585580996157e-05,1.9515316,6.3071914,28
2791,0.002222758709438642,1.9336243,7.8481793,2090
2792,0.0009986461378769782,2.7313912,9.318251,939
2793,0.003831865851726041,2.042556,7.01194,3603
2794,2.1270418272140113e-06,1.8556126,1.9321251,2
2795,0.0009965190960497642,1.3359356,7.28351,937
2796,0.00019994193175811706,1.619136,11.507981,188
2797,0.029897699923320142,1.2276366,4.116368,28112
2798,0.0019409256673327852,5.759549,14.747159,1825
2799,0.00014782940699137377,1.380669,5.6239095,139
2800,0.002483321333272358,2.6335692,8.825442,2335
2801,0.007708399581823577,1.548683,5.502324,7248
2802,0.0018281924504904427,1.6311685,5.8098598,1719
2803,0.005987622743607442,1.7299767,7.891085,5630
2804,0.0013081307237366169,2.000506,7.028252,1230
2805,0.0010220435979763323,1.4969343,5.5459266,961
2806,0.004250893091687202,2.6052208,10.96853,3997
2807,0.005076185320646238,1.4071294,8.272464,4773
2808,0.0021472487245725444,4.222402,11.524997,2019
2809,0.001115633438373749,2.4013233,8.951809,1049
2810,0.0003041669812916036,1.8015484,13.349625,286
2811,0.00048815609934561556,1.8430208,7.377507,459
2812,0.001331528183835971,1.5597254,6.660935,1252
2813,0.0008263557498726433,2.1145468,7.614103,777
2814,0.0023716516373436226,1.477125,6.1019473,2230
2815,0.001499564488185878,1.5623333,7.6775503,1410
2816,0.0012358113016113406,2.6187415,11.104563,1162
2817,0.0010018367006177993,1.764774,6.5250125,942
2818,0.003799960224317831,1.6697469,7.1831474,3573
2819,0.0006912885938445537,1.1889203,5.5005198,650
2820,0.0032681997675143284,2.4192798,8.995148,3073
2821,8.082758943413243e-05,0.9376134,2.0085645,76
2822,0.008811270769234042,1.5009127,5.6868525,8285
2823,5.6366608421171295e-05,1.0763234,2.1822565,53
2824,0.002849172527553168,2.0502107,9.37401,2679
2825,0.0009699310732095892,1.9119645,8.254444,912
2826,0.009869474078273013,1.5444418,5.6468678,9280
2827,0.002859807736689238,1.0360335,3.1436715,2689
2828,0.002837473797503491,2.7525134,10.341792,2668
2829,0.0003201197949957087,1.4454526,5.499912,301
2830,0.0025301162534710664,1.0369462,3.895794,2379
2831,6.062069207559932e-05,1.1211532,2.5624537,57
2832,0.0007721161832786861,1.6092533,7.258889,726
2833,0.0008784682746393866,1.5913681,5.4845757,826
2834,0.0021780908310671475,2.959737,11.071057,2048
2835,0.000577491856088604,1.9836818,9.58609,543
2836,0.0008561343354536395,1.5538744,6.968959,805
2837,0.0006859709892765186,1.7773263,7.8747487,645
2838,0.0008774047537257796,1.623333,6.331519,825
2839,0.0006678911337451996,1.3144506,3.7980845,628
2840,0.0002828965630194635,1.5559872,7.2892365,266
2841,1.1698730049677062e-05,0.93617153,1.742554,11
2842,0.021053460005764284,2.4889638,13.635832,19796
2843,0.0019228458118014662,2.6673422,8.733677,1808
2844,0.0008040218106868962,1.7914174,5.980577,756
2845,0.0007051143657214447,1.3837702,6.1067085,663
2846,0.004815622696812521,2.4488146,8.308475,4528
2847,6.806533847084836e-05,1.2353448,3.4569733,64
2848,0.00010528857044709356,1.4130657,4.3256383,99
2849,0.005992940348175477,2.0631428,7.59036,5635
2850,0.0013644973321577881,2.686721,9.703192,1283
2851,0.0012794156590692277,1.8722886,6.9418154,1203
2852,0.0005136806012721837,2.20575,8.396881,483
2853,0.0002850236048466775,1.0250539,3.4066842,268
2854,0.0018356370968856917,1.7562296,7.7145596,1726
2855,0.0010784102063975036,1.9486746,7.272489,1014
2856,0.007079858721881836,0.94377637,4.9766774,6657
2857,0.0014517060470735626,1.587915,5.83909,1365
2858,0.0014729764653457027,1.5009483,5.998058,1385
2859,0.0008093394152549313,2.9093318,8.912924,761
2860,0.0031107986723004914,1.365624,4.484736,2925
2861,0.003546842246879364,1.8107243,7.761976,3335
2862,0.00037542288250327297,1.1669463,4.5828533,353
2863,0.0003435172550950628,1.8444464,10.059925,323
2864,0.001124141605682605,1.315889,5.5609207,1057
2865,0.002994874892717328,2.739181,9.480835,2816
2866,0.003015081790075861,3.0706975,12.339825,2835
2867,0.0002839600839330705,1.1641173,4.085585,267
2868,0.00042009076087476724,1.8373606,7.3465476,395
2869,0.0014081016896156755,1.6177702,6.853179,1324
2870,0.003372424817047815,1.6272426,5.7138324,3171
2871,0.11020203706795792,1.2349571,4.7579813,103620
2872,0.0027874883145639615,1.5729516,5.8100667,2621
2873,0.0021419311200045095,3.0283766,10.940785,2014
2874,0.0008135934989093593,1.9118427,7.099091,765
2875,0.0006870345101901256,1.6865065,9.859402,646
2876,0.0004402976582333003,1.5212129,5.8982296,414
2877,0.03238314829841971,1.3837162,3.4389894,30449
2878,0.0005147441221857907,1.1954066,3.9537933,484
2879,0.003393695235319955,1.9774419,7.403771,3191
2880,0.000938025445801379,1.7921168,5.6771646,882
2881,0.002256791378674066,1.203077,3.9282184,2122
2882,3.82867528898522e-05,0.8632855,1.5174365,36
2883,0.0006955426774989817,1.1164936,3.7084115,654
2884,0.0023567623445531244,2.527743,9.344751,2216
2885,0.001163491879486064,2.7882912,10.01331,1094
2886,0.005388860469246698,2.9591405,11.555518,5067
2887,0.004049887639015477,2.2930918,11.442278,3808
2888,0.0021281053481276182,1.5612924,7.376142,2001
2889,0.0004105190726523042,1.1922369,6.081267,386
2890,0.0003275644413909577,2.176753,10.55947,308
2891,0.006812914972566478,2.0726092,7.486266,6406
2892,0.0027045336833026153,1.1270758,3.8418894,2543
2893,0.004782653548490705,2.0917084,8.742612,4497
2894,0.001315575370131866,1.5657345,7.00008,1237
2895,0.0015974084122377225,1.6846943,7.8546095,1502
2896,0.005455862286803939,1.942343,9.07113,5130
2897,0.0013496080393672902,1.3669187,5.636531,1269
2898,0.0010486316208165075,1.0559611,3.194539,986
2899,0.001511263218235555,1.6120538,11.924604,1421
2900,0.004489121776335171,1.0396249,3.2632322,4221
2901,0.0016420762906092167,1.1028191,4.603986,1544
2902,0.001670791355276606,1.1859947,4.7820463,1571
2903,0.0006593829664363435,1.4751797,8.363083,620
2904,0.0027513286035013235,1.2075914,3.1143394,2587
2905,0.00016484574160908588,1.8263094,9.648501,155
2906,0.003423473820900951,1.8554559,9.221278,3219
2907,0.008207190890305263,2.1325145,7.7024283,7717
2908,0.0031076081095596703,1.5212137,6.5369024,2922
2909,0.000577491856088604,1.5135742,7.794441,543
2910,0.0010656479554342197,1.3457994,6.040518,1002
2911,0.0004605045555918334,1.5916435,8.12324,433
2912,0.0017994773858230535,1.3893602,6.59813,1692
2913,0.0033203122922810715,2.2620409,7.371808,3122
2914,0.0008571978563672465,1.6166562,7.369524,806
2915,0.0021674556219310774,4.4059434,13.068267,2038
2916,0.001303876640082189,2.8415956,9.784052,1226
2917,0.000746591681352118,1.5909362,6.8706155,702
2918,0.0013889583131707493,1.5737815,8.304742,1306
2919,0.0012283666552160915,2.9661157,9.324751,1155
2920,0.0018324465341448706,1.4880774,4.9994287,1723
2921,0.0008369909590087134,1.6097324,10.229678,787
2922,0.0037382760113286247,1.3809667,6.2981315,3515
2923,0.001325147058354329,1.5210506,5.1036363,1246
2924,0.0005477132705076079,1.8737341,8.194202,515
2925,0.0008465626472311765,1.6355883,6.252188,796
2926,0.01846165953930401,2.1009033,7.7612195,17359
2927,0.0008359274380951064,1.0962892,6.1952224,786
2928,1.5952813704105085e-05,0.747423,1.2234744,15
2929,0.009438748108262176,37.498577,69.019356,8875
2930,0.0023950490974429767,3.811499,12.343479,2252
2931,0.0009646134686415541,1.4069421,8.047699,907
2932,0.0010667114763478266,1.1848519,3.6861265,1003
2933,0.02824073433992043,1.2951273,4.274925,26554
2934,0.003443680718259484,2.02938,8.996864,3238
2935,5.5303087507564294e-05,0.67452073,1.3322498,52
2936,0.0007657350577970441,1.4035823,6.741524,720
2937,5.2112524766743275e-05,1.1904645,3.624219,49
2938,0.00042115428178837424,2.212883,8.699242,396
2939,0.002689644390512117,2.4577117,9.110685,2529
2940,0.004847528324220731,1.64134,6.7461205,4558
2941,0.0009167550275292389,1.2595894,6.236855,862
2942,0.0012538911571426596,1.4988525,6.496057,1179
2943,0.0028863957595294133,2.8675256,8.36101,2714
2944,0.002084500990669731,3.1555645,9.868285,1960
2945,0.0006753357801404486,1.4588724,5.975064,635
2946,0.001153920191263601,1.5502197,5.686285,1085
2947,0.009787582967925272,2.1688752,7.4807296,9203
2948,0.0002307840382527202,1.0155301,3.198077,217
2949,0.005468624537767223,1.5001101,6.9779515,5142
2950,0.0003509619014903119,1.7198249,8.93311,330
2951,0.0011092523128921068,1.4200586,5.9348273,1043
2952,0.0011730635677085271,1.5557306,5.620225,1103
2953,3.190562740821017e-05,1.0281323,2.9414587,30
2954,0.004811368613158094,1.7969499,8.717064,4524
2955,0.0005487767914212149,1.9203078,8.71707,516
2956,0.0021419311200045095,1.9497832,7.2209425,2014
2957,0.002660929325844728,1.5670661,7.5192385,2502
2958,0.0035415246423113286,1.8214505,7.2034225,3330
2959,0.0028140763374041367,1.0942837,4.043652,2646
2960,0.004632697099672117,2.5129046,11.099137,4356
2961,0.01040655213964455,1.6732712,7.616729,9785
2962,0.003592573646164465,2.4913983,9.201383,3378
2963,0.0029236189915056586,1.7005813,8.402905,2749
2964,0.004163684376771427,1.2887691,3.821219,3915
2965,0.0028778875922205573,3.3380427,12.757814,2706
2966,0.0005243158104082538,1.2957133,5.2411656,493
2967,0.0014155463360109245,1.6390445,6.350814,1331
2968,0.0016388857278683956,3.4696262,10.806225,1541
2969,0.0029555246189138687,1.3988854,4.9503007,2779
2970,0.0015899637658424734,3.6927106,12.327754,1495
2971,0.0025960545501147007,2.2843094,10.555261,2441
2972,0.0003371361296134208,2.1848881,8.119078,317
2973,0.0016973793781167809,1.6357056,7.146391,1596
2974,0.001320892974699901,1.29494,5.519604,1242
2975,0.0009922650123953363,1.1032807,4.1318283,933
2976,0.0009965190960497642,2.0961552,9.061339,937
2977,0.0025918004664602728,2.7107785,10.70664,2437
2978,0.0003403266923542418,1.3569714,5.730608,320
2979,0.0008040218106868962,1.2345293,3.2813315,756
2980,0.0012687804499331577,1.9063213,7.888373,1193
2981,0.000762544495056223,1.314333,6.3432555,717
2982,0.0018579710360714387,2.1363587,6.6612415,1747
2983,0.0008465626472311765,1.2688221,4.534356,796
2984,0.00039031217529377106,1.3989314,6.4465494,367
2985,0.00017654447165876293,1.6916575,8.120305,166
2986,0.0013847042295163214,3.012035,10.767706,1302
2987,0.00018186207622679796,1.6560194,7.4177165,171
2988,9.46533613110235e-05,1.174321,2.7529845,89
2989,0.0011081887919785,1.7071074,10.912407,1042
2990,0.0020408966332118436,3.1701875,11.667529,1919
2991,0.000754036327747367,1.2487779,6.55061,709
2992,0.0008369909590087134,1.5197045,7.1952033,787
2993,0.0008018947688596822,1.8198915,8.974983,754
2994,0.004956007457408646,1.476006,6.2713614,4660
2995,0.0064343015273223845,1.33891,6.334751,6050
2996,0.0005285698940626817,1.2384902,4.7447605,497
2997,0.004186018315957174,2.2113378,11.804634,3936
2998,0.0006062069207559932,1.9147282,10.914007,570
2999,0.0006210962135464913,1.2897574,4.484956,584
3000,0.001301749598254975,1.3872513,5.3127127,1224
3001,0.0017292850055249912,2.2525842,6.91576,1626
3002,0.0012687804499331577,3.0627978,11.814049,1193
3003,0.002970413911704367,3.3450954,11.119744,2793
3004,0.0017611906329332012,1.4769516,6.3178816,1656
3005,0.0035128095776439396,2.2672124,8.509284,3303
3006,0.002058976488743163,2.9980402,9.18161,1936
3007,0.00038286752889852204,1.3001394,4.794951,360
3008,0.003401139881715204,1.0894294,4.4847307,3198
3009,0.0023610164282075524,1.7157115,6.1713734,2220
3010,0.0012570817198834807,1.888842,7.5702105,1182
3011,0.0009709945941231962,1.6654927,6.943899,913
3012,0.0007955136433780402,1.4311496,5.0184345,748
3013,1.91433764449261e-05,0.9909658,1.4867224,18
3014,0.00036691471519441696,1.5997587,5.776127,345
3015,0.000379676966157701,1.4127802,8.524249,357
3016,0.0035298259122616515,3.2405174,11.517755,3319
3017,0.002456733310432183,1.3367686,5.288598,2310
3018,0.000749782244092939,1.9535613,8.935567,705
3019,0.0038063413497994732,2.4923306,9.170003,3579
3020,0.00012868603054644768,1.926716,8.539928,121
3021,0.005092138134350343,3.16327,12.112838,4788
3022,0.0016176153095962555,1.7567668,9.444578,1521
3023,3.403266923542418e-05,1.0160758,1.9915218,32
3024,0.0003403266923542418,1.5662267,8.895883,320
3025,0.0025811652573242026,3.2027287,9.721966,2427
3026,0.002073865781533661,1.3307703,4.434713,1950
3027,0.001149666107609173,2.5037882,11.390066,1081
3028,0.0117806211600248,1.7540096,8.455503,11077
3029,0.002659865804931121,2.0057795,5.848411,2501
3030,0.003202261470870694,3.0175388,10.224647,3011
3031,0.0006625735291771645,1.4530778,8.048917,623
3032,0.0023174120707496653,1.3683226,5.401013,2179
3033,0.0008678330655033166,1.0576327,4.8218,816
3034,0.0014421343588510995,1.1234599,3.7154968,1356
3035,0.00211321605533712,1.4356756,5.8324237,1987
3036,0.0004392341373196933,1.0039877,2.8586211,413
3037,3.72232319762452e-05,0.81305814,2.5440974,35
3038,0.00011592377958316362,1.1548016,3.0096338,109
3039,0.0019132741235790031,2.5515711,9.542111,1799
3040,0.0014400073170238855,1.8202926,7.4692154,1354
3041,0.0023259202380585212,2.7476876,10.94673,2187
3042,0.009570624701549443,1.317589,5.747439,8999
3043,0.0004020109053434481,1.3843926,7.3877077,378
3044,0.001881368496170793,3.0093327,11.680697,1769
3045,0.00046369511833265446,1.214345,6.2487626,436
3046,0.0011943339859806672,1.3795412,7.4487205,1123
3047,0.0030884647331147442,2.6034832,13.673551,2904
3048,0.04929738490842553,0.94911295,3.2290952,46353
3049,0.006763993010540556,2.3345342,9.589891,6360
3050,0.002136613515436474,1.8220474,6.486312,2009
3051,0.0008752777118985656,1.0702707,3.427361,823
3052,0.003924392171209851,3.5793688,12.328083,3690
3053,0.010592668299525775,1.4258145,4.8862724,9960
3054,0.000567920167866141,1.8083956,6.6858454,534
3055,0.0029331906797281215,1.4137627,5.5805764,2758
3056,0.006862900455506007,2.273175,9.039312,6453
3057,0.002651357637622265,1.7241137,7.354665,2493
3058,0.00021270418272140114,1.596658,6.5454893,200
3059,0.0018218113250088007,1.3139888,6.6907997,1713
3060,0.0006296043808553473,1.9883151,9.549258,592
3061,0.002627960177522911,3.4272487,10.095044,2471
3062,0.005423956659395729,2.4542248,9.80899,5100
3063,0.0019164646863198242,1.6830165,7.4115644,1802
3064,0.0013581162066761462,1.589003,5.878098,1277
3065,1.91433764449261e-05,1.3769379,2.5815053,18
3066,0.00017335390891794192,1.5569766,6.8192487,163
3067,0.0006189691717192773,1.4821967,8.347236,582
3068,0.0009699310732095892,1.2688645,4.628539,912
3069,0.00027757895845142847,1.5850098,6.152242,261
3070,0.001699506419943995,1.3041487,6.348483,1598
3071,0.0015729474312247613,1.8122119,8.352149,1479
3072,0.0007667985787106511,1.4102801,6.6620255,721
3073,0.0008720871491577447,1.8995352,9.172651,820
3074,0.0005392051031987518,2.4641325,10.100917,507
3075,0.0005136806012721837,1.8140706,7.0025744,483
3076,0.0010422504953348656,1.5305544,6.570733,980
3077,0.0004158366772203392,2.021885,8.923863,391
3078,0.0009125009438748108,1.7624408,10.37347,858
3079,0.00152721603193966,1.3041289,4.265536,1436
3080,0.0006508747991274875,1.9861951,9.940747,612
3081,0.0004913466620864366,1.8339759,7.032567,462
3082,0.0006179056508056703,1.3496256,5.093773,581
3083,0.0009880109287409083,1.5853722,9.828957,929
3084,0.0010624573926933986,1.7473509,10.781077,999
3085,2.5524501926568134e-05,1.0424979,1.7726729,24
3086,0.002807695211922495,2.8086162,8.164756,2640
3087,0.0004519963882829774,2.0959911,8.230245,425
3088,0.007150051102179899,2.3334439,9.413634,6723
3089,0.0014495790052463486,1.4352387,6.2094517,1363
3090,0.000949724175851056,1.4402516,6.8492746,893
3091,2.5524501926568134e-05,0.76362,1.399064,24
3092,0.0008848494001210287,1.0058833,2.8540065,832
3093,0.0005891905861382811,1.7783679,7.556674,554
3094,0.004593346825868657,1.4637566,5.787339,4319
3095,0.0042072887342293145,2.7182236,8.704415,3956
3096,0.0014634047771232396,2.5182407,8.139502,1376
3097,0.0023961126183565835,1.56221,6.3386445,2253
3098,0.0012411289061793757,1.2174575,4.437196,1167
3099,0.0017112051499936721,1.5499346,5.781753,1609
3100,0.0007689256205378651,1.5453426,7.6861086,723
3101,0.0019824029829634583,2.2712538,6.9317336,1864
3102,0.0014336261915422436,1.8857619,7.813642,1348
3103,0.0013783231040346792,3.3588402,10.5690975,1296
3104,0.006540653618683084,2.3780618,10.237563,6150
3105,0.0014070381687020684,3.8213544,11.732497,1323
3106,0.0068735356646420775,1.6066463,9.118784,6463
3107,0.0025886099037194517,2.9776726,10.349401,2434
3108,0.001868606245207509,1.4662333,5.446941,1757
3109,9.784392405184451e-05,0.7802414,2.0766754,92
3110,0.0008550708145400325,2.196911,8.164581,804
3111,0.0011943339859806672,1.5516933,5.7440042,1123
3112,0.03589276731332283,1.4235615,4.9950323,33749
3113,0.0008040218106868962,1.7304416,8.038091,756
3114,0.005879143610419527,1.6969756,6.178622,5528
3115,0.05723975909124265,1.1364348,5.6238327,53821
3116,0.00076360801596983,1.7424113,6.575354,718
3117,0.0031767369689441258,2.2945886,8.164646,2987
3118,0.0006519383200410944,2.197277,9.25726,613
3119,0.00014038476059612475,2.1100833,9.1783905,132
3120,0.0006040798789287792,1.1271168,3.1609178,568
3121,0.005571786066387103,2.5452812,9.337953,5239
3122,0.007836022091456417,1.8431225,6.865295,7368
3123,0.0004902831411728296,1.7872373,7.779186,461
3124,0.0022110599793889645,2.4795098,8.010752,2079
3125,0.003460697052877196,2.7959213,8.335017,3254
3126,0.012804791799828347,1.5068802,5.8583307,12040
3127,0.00029140473032831957,2.185195,17.761473,274
3128,0.002041960154125451,1.6511477,5.651656,1920
3129,0.009338777142383117,42.787357,80.166084,8781
3130,0.002238711523142747,1.3568672,5.6622267,2105
3131,0.0001137967377559496,2.1062384,11.384168,107
3132,0.002052595363261521,1.8412136,12.255545,1930
3133,0.0005987622743607442,1.9171504,7.9781713,563
3134,0.036433035937435194,1.8202416,5.550657,34257
3135,0.0010964900619288228,1.7049732,5.6103272,1031
3136,0.00027226135388339344,1.8766037,11.693007,256
3137,0.00114009441938671,1.3643925,4.765553,1072
3138,0.01271545604308536,1.9498531,8.058077,11956
3139,0.0005955717116199232,1.1433947,3.3805752,560
3140,0.006772501177849412,1.4947618,8.318091,6368
3141,0.002607753280164378,1.837066,9.659658,2452
3142,0.0009943920542225503,2.7978387,9.046079,935
3143,0.0016271869978187186,1.2210512,4.7296834,1530
3144,0.0002828965630194635,1.231639,4.855775,266
3145,0.002485448375099572,3.263126,8.760851,2337
3146,0.0015814555985336173,1.1268752,3.9275873,1487
3147,8.401815217495345e-05,1.6977676,9.006252,79
3148,0.004541234301101914,1.4986707,5.485748,4270
3149,0.0004190272399611602,1.7063373,9.692344,394
3150,5.9557171161992314e-05,0.9757747,2.3721085,56
3151,0.0025226716070758173,2.5895417,9.425079,2372
3152,0.005976987534471371,2.6884658,9.5885935,5620
3153,0.002443971059468899,1.545556,5.9772167,2298
3154,0.0012039056742031303,1.1124766,3.7688217,1132
3155,0.0012368748225249475,1.2690516,5.958877,1163
3156,0.0021993612493392874,1.2113531,3.335455,2068
3157,0.0011922069441534532,1.3214484,6.4069023,1121
3158,0.0017112051499936721,1.2370315,4.453796,1609
3159,0.0004541234301101914,1.3642213,4.6879287,427
3160,0.0025513866717432063,3.9536145,11.666731,2399
3161,1.2762250963284067e-05,1.5733743,2.8219352,12
3162,0.000568983688779748,1.4090226,4.862026,535
3163,0.0016122977050282204,2.0107312,6.9576607,1516
3164,0.001345353955712862,1.2221963,4.199755,1265
3165,0.0007274483049071918,1.7564259,7.708285,684
3166,0.003927582733950672,1.4258692,5.42857,3693
3167,0.00014463884425055276,0.84143025,1.8705397,136
3168,0.0030512415011384993,2.4680939,9.630243,2869
3169,0.0003339455668725998,1.3256657,4.264789,314
3170,0.001336845788404006,2.1393692,9.770394,1257
3171,0.0016750454389310339,4.6471553,16.901554,1575
3172,0.00023929220556157628,1.1744161,3.7724617,225
3173,0.002236584481315533,3.7058258,11.3198,2103
3174,0.0019451797509872134,3.1569433,9.668912,1829
3175,0.0004349800536652653,1.3835833,6.0162454,409
3176,0.0014176733778381385,1.2845271,7.737657,1333
3177,0.00209194563706498,2.0444405,9.906423,1967
3178,0.0015984719331513294,1.236024,4.3674107,1503
3179,0.0010816007691383247,1.6868739,6.5699024,1017
3180,0.0018771144125163649,1.8626103,6.26081,1765
3181,0.012846269115459021,1.7306818,6.9607296,12079
3182,0.009557862450586159,2.0103686,8.592728,8987
3183,0.009353666435173614,39.88372,76.34777,8795
3184,0.0017877786557733764,2.5342429,10.115562,1681
3185,0.00149531040453145,2.0227618,6.1139407,1406
3186,0.003266072725687114,2.0531585,8.126074,3071
3187,0.001142221461213924,1.5372124,6.607102,1074
3188,0.0010837278109655387,1.1887616,3.4265141,1019
3189,0.002485448375099572,1.7160381,6.835037,2337
3190,0.00046369511833265446,1.5105538,5.526166,436
3191,0.002083437469756124,3.6135094,11.749457,1959
3192,0.0010411869744212585,0.88234675,3.209806,979
3193,0.001299622556427761,2.985397,9.829182,1222
3194,0.007236196296182066,2.1560524,10.932374,6804
3195,0.0007231942212527639,1.136149,5.030451,680
3196,0.001514453780976376,1.6887245,6.942848,1424
3197,0.001475103507172917,1.2706039,4.2890053,1387
3198,0.0010188530352355115,1.6846586,6.9867682,958
3199,0.008794254434616329,1.7337393,6.2608285,8269
3200,0.0032884066648728614,1.3646636,5.0130196,3092
3201,0.0008688965864169236,1.8877094,9.503412,817
3202,0.041151878231109475,1.6467016,6.320762,38694
3203,0.00025843558200650235,1.4695036,7.376704,243
3204,0.006469397717471416,1.8569343,7.811214,6083
3205,0.000381804007984915,1.5885398,7.655668,359
3206,0.0010220435979763323,4.2285814,15.356905,961
3207,5.317604568035028e-06,1.1749064,1.6605983,5
3208,0.0003945662589481991,1.4592866,5.394645,371
3209,0.001910083560838182,2.6642845,12.041596,1796
3210,0.004789034673972346,1.2502255,4.6975937,4503
3211,0.0004839020156911876,1.6321942,8.298392,455
3212,0.0012432559480065896,3.5254278,10.7926855,1169
3213,0.0010890454155335738,1.4020275,4.693532,1024
3214,0.006210962135464913,2.449601,9.908162,5840
3215,0.001730348526438598,2.9219565,9.256913,1627
3216,0.0013379093093176132,2.5298834,7.785473,1258
3217,7.55099848660974e-05,0.85367876,1.6752295,71
3218,8.508167308856045e-06,1.5345716,3.0067363,8
3219,0.0014697859026048818,1.7473879,8.045654,1382
3220,0.002854490132121203,3.8280485,11.43475,2684
3221,0.009250504906553735,24.874138,52.49165,8698
3222,4.2540836544280225e-06,1.021697,1.1353873,4
3223,0.0011900799023262393,2.890123,10.864508,1119
3224,0.0010379964116804376,1.7965995,6.06148,976
3225,0.00010954265410152158,2.6548166,14.179975,103
3226,0.00012124138415119864,0.8638801,2.0879793,114
3227,0.00771797127004604,1.2195975,5.454104,7257
3228,0.0002095136199805801,1.7019398,8.493928,197
3229,3.615971106263819e-05,1.9800603,4.802499,34
3230,0.0074138042887544366,1.3907503,5.028807,6971
3231,0.0017399202146610611,3.9128315,13.147112,1636
3232,0.004504011069125669,1.7468907,7.421387,4235
3233,0.0005051724339633276,1.3486907,4.63981,475
3234,0.00018186207622679796,1.5493406,6.060727,171
3235,0.005295270628849281,3.0068116,12.976219,4979
3236,0.0014293721078878156,3.057436,11.459103,1344
3237,0.00243652641307365,2.8144093,8.239375,2291
3238,0.0034915391593717993,1.5345626,5.832677,3283
3239,0.0013421633929720411,2.7611322,10.147015,1262
3240,0.0015644392639159053,3.297414,10.087854,1471
3241,0.00027438839571060743,2.3655837,13.219305,258
3242,0.0027002795996481873,1.4832959,7.0484595,2539
3243,0.012267713738456809,1.515416,7.69514,11535
3244,0.00621202565637852,2.0363379,8.430108,5841
3245,0.021829830272697397,1.6761047,7.6343894,20526
3246,0.00622266086551459,2.1953244,11.004269,5851
3247,0.0023291108007993423,3.457628,12.20304,2190
3248,0.0012347477806977335,1.5317732,7.860414,1161
3249,0.0047592560883913506,2.795362,10.589468,4475
3250,0.0020196262149397037,3.0060046,12.408327,1899
3251,0.003353281440602889,2.4222758,8.4895735,3153
3252,0.0013857677504299283,3.2479308,11.41014,1303
3253,0.012785648423383422,2.1104317,9.597286,12022
3254,0.0001531470115594088,1.5898204,6.0270433,144
3255,0.0014485154843327417,1.6108053,6.215649,1362
3256,0.0008593248981944605,1.5451934,7.3454323,808
3257,0.00921328167457749,1.2405566,4.4527183,8663
3258,0.0025184175234213894,1.5306079,7.0879803,2368
3259,0.0013868312713435354,1.3037516,6.668756,1304
3260,0.0012592087617106947,2.6254296,11.79558,1184
3261,0.0033288204595899274,1.3732798,6.5978045,3130
3262,0.006267328743886084,1.4745017,5.3936043,5893
3263,0.0023780327628252647,1.2005732,3.632345,2236
3264,0.001333655225663185,1.9096589,7.6550293,1254
3265,0.017436425378586858,1.5451635,6.3843775,16395
3266,0.003364980170652566,1.4739915,4.772653,3164
3267,0.00010528857044709356,1.6673993,7.042931,99
3268,0.005275063731490748,1.9744314,9.325003,4960
3269,0.003405393965369632,2.9950433,8.794198,3202
3270,0.0004679492019870825,1.7582314,8.440397,440
3271,0.0036670201101169555,3.0043306,9.258957,3448
3272,0.003990330467853485,1.6108991,7.218723,3752
3273,0.0038871689392336057,2.2875698,9.735581,3655
3274,0.001921782290887859,1.6269711,8.607579,1807
3275,0.0016431398115228236,3.515546,10.820102,1545
3276,0.0007901960388100052,1.3320948,5.0043387,743
3277,0.0021738367474127196,4.0719814,16.973835,2044
3278,0.0006285408599417403,1.3707935,4.5873504,591
3279,1.2762250963284067e-05,1.0430111,1.6427268,12
3280,0.0025014011888036774,1.5279992,6.493717,2352
3281,0.0007136225330303008,2.2336805,8.724546,671
3282,0.0007933866015508262,1.2924434,5.1713595,746
3283,0.00279174239821839,1.4597622,5.5236998,2625
3284,0.0004232813236155882,1.0714153,3.8086927,398
3285,0.0013081307237366169,1.7240435,7.4077616,1230
3286,0.00335647200334371,1.0638831,3.18917,3156
3287,0.021578839337086143,2.448674,8.668187,20290
3288,0.0014719129444320958,1.3515384,4.4513063,1384
3289,0.0018494628687625828,2.937436,12.315611,1739
3290,0.0010539492253845426,1.269003,4.4782653,991
3291,0.001143284982127531,1.6336294,9.258333,1075
3292,0.009413223606335607,39.714363,70.284615,8851
3293,0.07160048198767804,0.9845982,3.8859515,67324
3294,0.0007210671794255498,1.6455842,9.118766,678
3295,0.0003275644413909577,1.2853061,3.4606347,308
3296,0.0014602142143824188,1.416287,5.056902,1373
3297,0.0010932994991880017,1.6086538,6.0469375,1028
3298,0.0017473648610563102,4.0811486,13.370361,1643
3299,0.0020079274848900266,2.6951432,10.410069,1888
3300,0.018783906376126935,1.7197262,8.032333,17662
3301,0.0014453249215919206,1.6532212,6.8659444,1359
3302,0.00030842106494603165,1.653967,6.73463,290
3303,0.007473361459916428,1.7227579,6.6952825,7027
3304,0.0008050853316005032,2.0228539,10.891627,757
3305,0.0010220435979763323,1.3816702,4.4489865,961
3306,0.0038456916236029324,1.8406054,8.849707,3616
3307,0.0022004247702528948,4.095512,13.306046,2069
3308,0.0014410708379374926,2.2335508,8.390211,1355
3309,0.002104707888028264,1.4842556,5.349443,1979
3310,0.004365753350356758,2.448721,9.445594,4105
3311,0.0024790672496179302,2.7913244,9.995457,2331
3312,0.0006732087383132346,1.5600456,10.268184,633
3313,0.01093937611736166,1.6653647,6.7168064,10286
3314,0.015055202053020772,1.684897,6.6938887,14156
3315,0.002837473797503491,2.3130581,8.419671,2668
3316,5.9557171161992314e-05,1.1743577,2.8158545,56
3317,0.002125978306300404,2.2074046,9.725287,1999
3318,7.870054760691842e-05,2.3104827,9.324425,74
3319,0.0018579710360714387,2.9810658,9.870576,1747
3320,0.0003190562740821017,0.99997294,3.4317155,300
3321,0.009378127416186575,2.9045813,10.749813,8818
3322,0.0007231942212527639,1.2670163,3.5318482,680
3323,0.0005732377724341761,1.719597,8.081598,539
3324,0.0008210381453046084,1.5548071,4.5324,772
3325,9.784392405184451e-05,2.4987047,11.878066,92
3326,0.00228018883877342,1.6227062,5.9814844,2144
3327,0.0019590055228641042,1.5922078,5.494909,1842
3328,0.000759353932315402,1.4165201,5.337363,714
3329,0.0008518802517992115,2.0351267,7.761661,801
3330,0.04443284024958709,1.3590853,6.2931495,41779
3331,0.0021578839337086145,3.3766155,10.78867,2029
3332,0.0007231942212527639,1.0661585,3.8235424,680
3333,0.01326955043907461,2.4171665,9.726633,12477
3334,0.003406457486283239,1.5891286,5.809517,3203
3335,0.0017399202146610611,1.4768028,7.8786445,1636
3336,0.001897321309874898,1.1847429,4.892547,1784
3337,0.0013102577655638309,1.7386872,5.5132504,1232
3338,0.001498500967272271,1.4276819,8.965593,1409
3339,0.004992167168471284,1.4544268,6.2637715,4694
3340,0.0031193068396093474,1.6045035,4.920816,2933
3341,0.0014176733778381385,1.6622695,6.055537,1333
3342,0.0014538330889007768,1.890979,10.469012,1367
3343,0.00027438839571060743,1.9184089,9.877734,258
3344,0.0037223231976245197,3.080679,9.899833,3500
3345,0.001137967377559496,1.5472741,6.4065046,1070
3346,0.001488929279049808,2.0088477,10.45259,1400
3347,0.0005487767914212149,1.408936,7.5073495,516
3348,0.0014665953398640607,1.4845393,6.8293457,1379
3349,0.0037425300949830527,2.837397,10.649218,3519
3350,0.003791452057008975,3.8631144,11.838816,3565
3351,0.0010730926018294687,1.3301662,8.731192,1009
3352,0.00436149926670233,1.6498426,6.6009088,4101
3353,0.0044901852972487775,2.3062394,9.519073,4222
3354,0.001894130747134077,3.5936239,10.986385,1781
3355,0.0038956771065424617,2.964941,9.607392,3663
3356,0.0006519383200410944,1.3837554,6.089532,613
3357,0.004387023768628898,1.8699615,7.812914,4125
3358,0.002264236025069315,1.5581461,6.5810604,2129
3359,0.0005423956659395729,1.5941377,5.6051517,510
3360,0.003266072725687114,2.9534576,11.598536,3071
3361,0.0012443194689201965,3.3178878,9.268125,1170
3362,0.002516290481594175,1.8829776,8.22859,2366
3363,0.0011922069441534532,1.2637177,5.5589275,1121
3364,0.0016208058723370766,2.197712,8.077064,1524
3365,0.001297495514600547,1.7855163,8.29668,1220
3366,0.0016037895377193645,1.4659348,6.105722,1508
3367,0.0019356080627647503,1.4582248,7.0183263,1820
3368,0.0027492015616741097,1.5744259,5.895225,2585
3369,0.0017399202146610611,1.2723953,5.2883635,1636
3370,0.002421637120283152,2.4778259,9.479874,2277
3371,0.009478098382065633,1.3451346,4.8173885,8912
3372,0.00016909982526351389,1.145321,3.6374967,159
3373,0.0009273902366653089,1.7901798,7.187809,872
3374,0.004545488384756342,1.6035818,5.408725,4274
3375,0.0014665953398640607,2.134323,7.3266015,1379
3376,0.0008667695445897096,1.2667673,4.6690907,815
3377,0.0009103739020475968,1.7007279,7.8616276,856
3378,0.0019717677738273886,2.793238,10.381189,1854
3379,0.0009156915066156319,1.9188031,6.7530575,861
3380,0.008194428639341979,5.0442386,8.69611,7705
3381,0.0019451797509872134,1.1554972,3.965452,1829
3382,0.006151404964302921,1.421357,7.9687843,5784
3383,0.0003201197949957087,1.6417564,9.334761,301
3384,0.09197860621330188,1.2531694,5.36267,86485
3385,0.007328722615665876,2.90688,10.679321,6891
3386,0.004044570034447442,1.0661299,3.020954,3803
3387,0.0027949329609592106,4.4504576,12.089748,2628
3388,0.0011751906095357411,1.3874445,5.333742,1105
3389,0.0036925446120435234,0.98709404,3.147587,3472
3390,0.001149666107609173,1.1696858,4.0998716,1081
3391,0.001303876640082189,1.2414674,4.82862,1226
3392,0.0014134192941837106,1.4681268,8.5717745,1329
3393,0.000743401118611297,1.9329158,13.162978,699
3394,0.0032958513112681105,2.5140433,9.705608,3099
3395,0.0017707623211556643,2.4619188,7.133276,1665
3396,0.0029087296987151605,1.3532104,5.2420063,2735
3397,0.005549452127201355,1.1620933,4.0905614,5218
3398,0.006557669953300796,1.4170105,6.8705573,6166
3399,0.0002626896656609304,1.1178881,3.6194253,247
3400,0.008660250799501846,1.4811887,5.7579365,8143
3401,0.009657833416465218,1.7697469,5.886481,9081
3402,0.0010124719097538693,1.5061977,4.9234424,952
3403,0.0024110019111470817,1.8367155,9.408059,2267
3404,0.0015655027848295122,1.7828606,7.610826,1472
3405,0.0013081307237366169,1.6173996,8.380797,1230
3406,0.0015984719331513294,1.9125288,6.9552445,1503
3407,0.0021525663291405792,3.787271,10.977507,2024
3408,0.0029140473032831953,3.6224692,10.641232,2740
3409,2.020689735853311e-05,1.0656408,2.019253,19
3410,8.933575674298847e-05,1.0399067,4.665986,84
3411,8.189111034773943e-05,1.2341955,4.104918,77
3412,0.0028651253412572734,2.2953057,7.8626127,2694
3413,0.0006381125481642034,1.4756761,7.2818265,600
3414,0.0006859709892765186,1.2531365,4.415275,645
3415,1.1698730049677062e-05,0.8487225,1.332434,11
3416,0.0027396298734516464,2.723691,9.2907095,2576
3417,0.003008700664594219,1.4808999,7.8323736,2829
3418,0.0016644102297949637,1.1439577,2.8634658,1565
3419,0.001512326739149162,3.0018957,11.863035,1422
3420,0.0010592668299525777,1.5839913,6.6329317,996
3421,0.004979404917508,1.5353621,6.5625577,4682
3422,0.007752003939281464,3.0230143,11.4076605,7289
3423,0.0018409547014537268,1.2218524,4.0189304,1731
3424,0.0002892776885011055,1.4609399,7.565361,272
3425,0.001106061750151286,1.4032611,6.449791,1040
3426,0.0011528566703499941,1.4093874,4.2475786,1084
3427,0.0016537750206588938,3.6574905,12.471479,1555
3428,0.0012453829898338036,1.5146984,7.2878485,1171
3429,3.296914832181717e-05,1.3284245,2.7294474,31
3430,0.003606399418041356,1.0870017,3.4474847,3391
3431,0.0006040798789287792,1.3512144,7.6932034,568
3432,0.0029108567405423742,4.2216945,11.269889,2737
3433,0.0007125590121166938,1.965388,6.9294252,670
3434,0.007865800677037413,1.6279883,6.9373465,7396
3435,0.00946214556836153,41.751232,76.398994,8897
3436,0.003049114459311285,2.826455,11.495324,2867
3437,0.00242589120393758,1.9076532,8.471128,2281
3438,0.00029140473032831957,1.588946,7.6139927,274
3439,0.005299524712503709,2.7014089,9.519035,4983
3440,0.0012709074917603717,1.8497057,6.681461,1195
3441,0.00021057714089418712,1.9033828,13.433853,198
3442,0.0028853322386158064,2.4856477,8.96089,2713
3443,0.007264911360849455,0.8792713,2.6776125,6831
3444,0.014007633953117871,1.2257644,4.451399,13171
3445,0.0053739711764561994,1.0200162,3.808056,5053
3446,0.0009954555751361574,1.4866233,6.9446425,936
3447,0.0026683739722399773,2.0392447,8.835646,2509
3448,0.0018175572413543727,1.6117573,8.76419,1709
3449,0.000950787696764663,2.8896284,12.729959,894
3450,0.0018313830132312638,1.454426,5.5213823,1722
3451,0.0017867151348597695,1.1823016,3.5822644,1680
3452,0.0014378802751966715,1.2639835,5.1210327,1352
3453,0.0008997386929115267,2.0165908,8.861038,846
3454,0.0023057133406999882,0.99687636,4.0463724,2168
3455,0.0004541234301101914,1.4756467,5.3067575,427
3456,0.000754036327747367,1.9093473,8.167558,709
3457,0.00021802178728943616,1.5944444,8.614993,205
3458,0.002089818595237766,2.894217,9.390593,1965
3459,0.0021036443671146573,3.3826165,10.784367,1978
3460,0.0019239093327150733,1.2948601,4.9395275,1809
3461,0.002302522777959167,2.9970644,10.621209,2165
3462,0.0005934446697927092,1.8267355,9.073657,558
3463,0.0013464174766264691,1.19922,4.234758,1266
3464,0.0006296043808553473,1.2442278,4.7470565,592
3465,0.0029470164516050127,2.2810268,11.539579,2771
3466,0.001897321309874898,2.2453256,7.912623,1784
3467,4.573139928510124e-05,1.0660448,2.3197994,43
3468,0.00042753540727001626,1.5364348,5.3910193,402
3469,0.0009826933241728732,1.3194237,4.2639866,924
3470,0.0007093684493758727,1.537755,9.089112,667
3471,0.00020632305723975909,1.1336716,4.92195,194
3472,0.0012336842597841266,1.6991696,10.680723,1160
3473,0.000381804007984915,1.3635147,6.1923504,359
3474,0.0006742722592268416,1.5418235,6.0558357,634
3475,9.35898403974165e-05,1.5860356,7.774328,88
3476,0.005489894956039363,2.0039105,6.9686036,5162
3477,0.0008667695445897096,1.6603882,9.6607895,815
3478,0.0007072414075486587,1.5050637,6.911629,665
3479,0.0027523921244149304,2.1381829,8.083798,2588
3480,0.03882383095122374,2.8277369,9.557607,36505
3481,0.0013719419785530372,2.0952926,10.637477,1290
3482,0.00042647188635640927,0.867218,2.219628,401
3483,0.0003020399394643896,1.6215042,7.8664694,284
3484,0.004348737015739046,1.3899127,7.4620857,4089
3485,0.007993423186670255,1.5412251,5.8046775,7516
3486,0.0008146570198229663,1.1394804,3.1484036,766
3487,0.0002233393918574712,1.4782351,6.6737027,210
3488,1.1698730049677062e-05,0.70939744,1.1102473,11
3489,0.007867927718864628,1.8614573,8.041686,7398
3490,0.16476704106147896,2.2778435,12.647664,154926
3491,0.0020228167776805248,3.6773207,10.59111,1902
3492,0.0006072704416696002,1.5326694,9.573807,571
3493,0.0015697568684839402,1.5036856,6.860734,1476
3494,0.0006466207154730595,1.3374559,3.7295473,608
3495,0.0009135644647884178,1.2664654,3.4614906,859
3496,0.0025311797743846733,1.5639968,6.3761373,2380
3497,0.004832639031430234,1.786647,6.3975782,4544
3498,0.008650679111279383,1.1824738,3.6577897,8134
3499,0.01116271550921913,1.7688818,4.9921083,10496
3500,0.0011698730049677062,2.4527552,9.06945,1100
3501,0.0016622831879677497,2.6251647,11.462612,1563
3502,0.006985205360570813,1.8584763,10.969326,6568
3503,4.573139928510124e-05,1.0905576,1.782644,43
3504,0.0010390599325940445,1.4213488,6.6681943,977
3505,0.0007721161832786861,1.7757759,5.474117,726
3506,0.0011794446931901693,3.9467368,12.1330805,1109
3507,0.0007763702669331141,1.4939986,5.0096827,730
3508,0.00593125613518627,1.3895026,5.2443075,5577
3509,0.0007157495748575148,1.6337323,10.7014885,673
3510,0.005120853199017732,1.3945191,5.2329106,4815
3511,0.0017792704884645205,2.8339167,10.07615,1673
3512,0.0005147441221857907,1.5898929,9.4648,484
3513,0.0016271869978187186,3.1484685,9.426577,1530
3514,0.0030799565658058883,3.4993906,11.931235,2896
3515,0.000747655202265725,2.261114,11.041752,703
3516,0.0015793285567064033,2.146175,8.269419,1485
3517,0.016120850008454993,1.8559966,5.090696,15158
3518,0.0003498983805767048,1.2006288,5.0184975,329
3519,0.004779462985749884,2.4739456,9.9161,4494
3520,0.003028907561952752,1.9226929,8.344167,2848
3521,0.0012943049518597258,1.5172684,5.6504893,1217
3522,0.002033451986816595,3.006134,9.796988,1912
3523,0.007344675429369981,1.7918751,7.843357,6906
3524,0.0011996515905487023,2.006978,8.93281,1128
3525,0.0009667405104687681,1.4432638,4.9999185,909
3526,0.004691190749920502,2.148383,9.036597,4411
3527,0.000761480974142616,1.2398078,5.931197,716
3528,0.0002605626238337164,2.3593154,10.0792675,245
3529,0.0009954555751361574,2.063186,9.021798,936
3530,0.0015920908076696874,1.830529,5.819485,1497
3531,0.0031575935924991996,3.44694,10.015945,2969
3532,0.00623329607465066,1.8878883,6.50531,5861
3533,7.55099848660974e-05,0.9797713,2.1785731,71
3534,0.12470633528773027,4.7504187,12.814207,117258
3535,0.001907956519010968,3.6271715,12.238742,1794
3536,0.0008412450426631415,0.9962934,2.76185,791
3537,0.001303876640082189,2.1590931,7.364618,1226
3538,0.005602628172881706,1.6379563,7.810763,5268
3539,0.0007763702669331141,1.2809918,3.9443593,730
3540,0.006158849610698169,2.1192122,8.362343,5791
3541,0.0027789801472551056,2.6905322,8.480735,2613
3542,0.00207067521879284,1.7862487,7.4205832,1947
3543,0.0012007151114623094,2.0712152,6.990116,1129
3544,0.0003009764185507826,1.0975654,3.8216927,283
3545,0.0026056262383371636,1.6139963,5.2509737,2450
3546,0.0015655027848295122,3.244354,11.0245285,1472
3547,0.001723967400956956,3.2170568,12.137304,1621
3548,0.0010528857044709355,1.4892472,7.689195,990
3549,0.0013060036819094029,2.3726273,9.556239,1228
3550,4.892196202592226e-05,1.1311623,2.5019412,46
3551,0.010326788071124025,1.1088157,3.223838,9710
3552,0.0008008312479460752,1.1862576,3.8001342,753
3553,0.001509136176408341,2.085239,7.385718,1419
3554,0.0004094555517386972,1.5506569,7.677905,385
3555,0.0008837858792074217,2.0203385,12.0561695,831
3556,0.004210479296970136,1.7000537,6.2305694,3959
3557,0.0,0.0,0.0,0
3558,0.0034894121175445855,2.9841223,11.244219,3281
3559,0.001111379354719321,2.0271854,9.709301,1045
3560,0.011733826239826092,3.1586483,12.377346,11033
3561,0.0008454991263175695,1.3795464,5.831776,795
3562,0.0010539492253845426,3.7584753,13.400371,991
3563,0.0006338584645097753,1.4564067,6.4992785,596
3564,0.001522961948285232,1.320745,6.302583,1432
3565,0.000561539042384499,2.45532,9.42961,528
3566,0.001706951066339244,3.0486016,10.752136,1605
3567,0.0031107986723004914,1.8680488,7.308836,2925
3568,0.002112152534423513,1.2359612,5.867059,1986
3569,0.007396787954136724,2.2157862,8.991111,6955
3570,0.0013581162066761462,3.059354,10.867627,1277
3571,0.002242965606797175,1.3536009,5.7131147,2109
3572,0.0016569655833997149,1.2615795,4.322473,1558
3573,0.0006678911337451996,2.467021,8.59295,628
3574,0.0013783231040346792,3.9348667,14.285193,1296
3575,0.0013995935223068193,1.9686453,6.3402267,1316
3576,0.006227978470082625,2.0577192,9.152411,5856
3577,0.0009933285333089432,1.9509547,7.675973,934
3578,0.0025067187933717123,3.426516,9.674737,2357
3579,0.0005721742515205691,1.2129893,3.0719504,538
3580,0.005898286986864453,1.9327908,7.369239,5546
3581,8.508167308856045e-06,1.1748012,1.7200648,8
3582,0.0005721742515205691,1.4663522,7.682521,538
3583,0.0006551288827819154,1.7807529,7.100562,616
3584,0.00044136117914690736,2.1669781,9.293926,415
3585,0.0046029185140911205,2.606017,10.1609,4328
3586,0.0004956007457408646,2.0817509,9.802494,466
3587,0.0001340036351144827,2.3392258,9.799927,126
3588,0.005850428545752138,1.0087705,4.9201274,5501
3589,0.008405005780236166,1.8185508,8.313311,7903
3590,0.001319829453786294,2.3968658,9.733725,1241
3591,0.008895288921408995,1.2795193,3.67782,8364
3592,0.0011124428756329279,1.2574599,4.2061543,1046
3593,5.317604568035028e-06,0.7357022,0.839916,5
3594,0.0003031034603779966,1.0939054,3.3841481,285
3595,0.001293241430946119,1.9078737,6.651989,1216
3596,0.003855263311825395,1.3586459,5.758478,3625
3597,0.001894130747134077,1.5372025,5.390269,1781
3598,0.0019813394620498514,1.6327981,6.4511847,1863
3599,0.009927967728521397,1.851714,6.228745,9335
3600,0.003787197973354547,2.5108366,10.530796,3561
3601,0.0007763702669331141,1.2354149,3.959849,730
3602,0.0023450636145034474,1.9842371,9.080017,2205
3603,0.00035202542240391887,1.7983618,6.3617587,331
3604,0.001510199697321948,1.3297586,4.940561,1420
3605,0.001998355796667564,1.4066743,5.487666,1879
3606,0.002453542747691362,1.2412635,4.1804857,2307
3607,0.0029374447633825494,3.5266535,12.166241,2762
3608,0.0005051724339633276,1.6867248,7.5171633,475
3609,0.003226722451883655,1.078247,2.86066,3034
3610,0.007086239847363478,1.7151213,8.33955,6663
3611,0.001509136176408341,2.6532805,10.713244,1419
3612,0.0037499747413783017,1.5004225,4.967064,3526
3613,0.002079183386101696,2.4999118,8.906047,1955
3614,0.0007221307003391569,3.0810814,9.542468,679
3615,0.00610886412775864,1.7271619,6.4357333,5744
3616,0.003782943889700119,2.5000587,7.3546023,3557
3617,2.233393918574712e-05,1.1256266,2.0607762,21
3618,0.001895194268047684,2.4449277,10.317751,1782
3619,0.015233873566506748,1.6678438,10.526312,14324
3620,1.4889292790498078e-05,1.0641723,2.2072768,14
3621,2.446098101296113e-05,1.7901145,3.4348977,23
3622,0.002424827683023973,1.2928872,5.5456834,2280
3623,0.00024141924738879027,1.3996896,6.6258335,227
3624,0.0007678620996242581,1.3343096,5.9251842,722
3625,0.0003031034603779966,1.7196329,8.150702,285
3626,0.0010656479554342197,1.683807,6.13095,1002
3627,0.00021057714089418712,1.1967012,4.4207025,198
3628,0.0032979783530953243,2.403787,9.495131,3101
3629,0.005495212560607398,2.3884141,8.865483,5167
3630,0.00358725604159643,1.4051223,7.571219,3373
3631,0.0013985300013932124,2.6397774,8.515691,1315
3632,0.0010167259934082975,1.1929638,3.8789785,956
3633,0.02035153620278366,1.6535685,6.2135863,19136
3634,0.0017867151348597695,1.5257694,5.935213,1680
3635,0.00031054810677324564,2.1211474,8.972801,292
3636,0.007935993057335475,2.2781384,9.248106,7462
3637,0.0009869474078273012,1.9522321,7.314825,928
3638,0.00042115428178837424,1.8666714,7.0024285,396
3639,0.0008093394152549313,1.6608123,7.103984,761
3640,0.00032862796230456476,0.77460676,2.1913898,309
3641,0.002125978306300404,1.5819861,6.2370996,1999
3642,0.0002616261447473234,1.5966594,8.558679,246
3643,0.0017824610512053413,1.9192796,10.190917,1676
3644,0.008842112875728645,1.7638459,8.036377,8314
3645,0.005337811465393561,1.5357128,7.339882,5019
3646,0.045446375680254565,2.1433585,8.301236,42732
3647,0.016276124061841615,2.4681814,10.359983,15304
3648,0.0021738367474127196,1.3864516,6.2152386,2044
3649,0.0012826062218100488,1.2636113,4.2880883,1206
3650,0.0006732087383132346,1.1843237,5.651743,633
3651,0.002101517325287443,2.3180983,9.356103,1976
3652,0.001690998252635139,1.7385935,6.664634,1590
3653,0.0012868603054644768,1.6444463,8.246421,1210
3654,0.001705887545425637,1.7244807,8.949982,1604
3655,0.0014697859026048818,1.8323157,9.513356,1382
3656,0.00167291839710382,1.8839694,7.936425,1573
3657,0.0010124719097538693,1.6335655,9.098896,952
3658,0.0007795608296739351,1.0315964,3.3973866,733
3659,0.002136613515436474,1.7371782,6.210696,2009
3660,0.002264236025069315,1.7392342,6.953889,2129
3661,0.0005838729815702461,1.6973499,6.3953433,549
3662,0.0006870345101901256,1.5715865,7.3678713,646
3663,0.001327274100181543,1.5864611,6.3962846,1248
3664,0.005393114552901125,1.0730082,3.3524776,5071
3665,0.0008635789818488886,1.62184,7.1221857,812
3666,0.0004753938483823315,1.8773881,7.0023637,447
3667,0.0027332487479700043,1.210695,4.4606905,2570
3668,0.003562795060583469,2.4998937,8.231,3350
3669,0.0025545772344840274,2.6682682,10.349807,2402
3670,0.0006625735291771645,1.3901013,5.2402763,623
3671,0.002125978306300404,4.301863,11.821025,1999
3672,0.0005041089130497206,1.5447274,11.256782,474
3673,0.0005296334149762888,1.8078282,7.5345316,498
3674,0.001530406594680481,1.233743,5.483126,1439
3675,0.004583775137646194,3.2942505,7.869347,4310
3676,0.014140574067318747,1.7203875,6.6202903,13296
3677,0.0072202434824779615,1.089095,3.617949,6789
3678,0.0005583484796436779,1.8468271,9.9443655,525
3679,0.000947597134023842,1.7738277,6.593652,891
3680,0.024592857606248398,1.7152958,7.9475965,23124
3681,0.009601466808044046,47.65417,90.02909,9028
3682,0.0021834084356351824,2.6523912,7.830238,2053
3683,0.0006179056508056703,1.3612707,5.263971,581
3684,0.001303876640082189,1.6149358,7.7175117,1226
3685,0.0011943339859806672,1.5417503,6.956044,1123
3686,0.00132833762109515,1.7888668,7.397037,1249
3687,0.0014336261915422436,1.4791663,6.0404015,1348
3688,0.0007380835140432619,1.3019904,5.1691017,694
3689,0.002440780496728078,1.5338109,5.223993,2295
3690,0.0002424827683023973,1.4754192,6.935426,228
3691,0.0014857387163089869,1.9845546,7.3066688,1397
3692,0.0014836116744817729,2.2676747,9.83014,1395
3693,0.006791644554294338,1.4266257,5.6472764,6386
3694,0.004211542817883742,1.8757919,7.696815,3960
3695,0.004052014680842692,1.4044759,4.7238903,3810
3696,0.0013878947922571422,2.001997,6.4440994,1305
3697,0.0005753648142613901,1.8022963,7.2745533,541
3698,0.0021695826637582916,1.3599501,5.41066,2040
3699,0.005524991146188395,1.6036316,6.6166134,5195
3700,0.024068541795840143,1.5790446,7.846076,22631
3701,0.0006944791565853747,1.526612,6.8942294,653
3702,0.0029916843299765067,1.0467337,3.448959,2813
3703,0.002466304998654646,2.53947,10.154272,2319
3704,0.0013974664804796053,1.5507917,4.8593216,1314
3705,0.0009082468602203828,2.940714,12.030906,854
3706,0.0030863376912875305,1.6276934,7.952426,2902
3707,0.005080439404300666,1.5157603,5.8296733,4777
3708,0.0006072704416696002,2.1989691,9.7140875,571
3709,0.0058217134810847485,2.129125,8.523738,5474
3710,0.0019366715836783572,2.684848,8.792227,1821
3711,0.001333655225663185,2.0406744,8.329117,1254
3712,0.004164747897685034,2.1883588,9.645647,3916
3713,0.009234552092849629,1.6228267,5.7409244,8683
3714,0.001341099872058434,1.2721698,4.650094,1261
3715,0.002883205196788592,3.8598053,14.15944,2711
3716,0.001530406594680481,1.5106494,6.8783836,1439
3717,0.0008454991263175695,1.1992297,4.5950146,795
3718,0.0006530018409547014,1.8165339,6.5402045,614
3719,0.0032288494937108693,1.3991363,5.915374,3036
3720,0.00571110730606962,1.5874562,7.2570496,5370
3721,0.002475876686877109,1.276597,4.996295,2328
3722,0.005350573716356845,2.3804328,9.898883,5031
3723,0.00039243921712098505,1.2897453,6.4609594,369
3724,0.002291887568823097,1.5131227,5.1593456,2155
3725,0.002676882139548833,2.879853,7.6127653,2517
3726,0.0027981235237000317,1.90654,8.22814,2631
3727,0.0022450926486243888,2.6877587,8.555916,2111
3728,0.002496083584235642,2.628235,12.05983,2347
3729,0.0006540653618683084,2.0791993,6.5390453,615
3730,0.010205546686972825,1.4002143,6.004242,9596
3731,0.0005764283351749971,2.8470507,9.364112,542
3732,0.005262301480527464,1.6320573,6.4893985,4948
3733,0.002875760550393343,3.474774,10.684047,2704
3734,0.0007870054760691842,2.1064506,10.639541,740
3735,0.0017760799257236994,2.1217675,14.700026,1670
3736,0.003207579075438729,4.016708,13.0696,3016
3737,0.0041753831068211044,1.2188994,4.1540856,3926
3738,0.002629023698436518,2.339718,9.830117,2472
3739,0.008666631924983488,1.7302804,6.8056927,8149
3740,0.002772599021773464,2.669651,7.7905545,2607
3741,5.6366608421171295e-05,1.0890297,2.110518,53
3742,0.0018654156824666878,2.0701532,9.364878,1754
3743,0.0011209510429417838,1.790662,7.3732123,1054
3744,0.014591506934688117,4.574436,12.74495,13720
3745,0.0008231651871318224,4.4038925,14.279987,774
3746,0.0022929510897367043,3.2142842,9.2879095,2156
3747,0.001901575393529326,1.4488558,5.6624207,1788
3748,0.0029480799725186196,3.90672,10.740682,2772
3749,0.0035404611213977217,1.7151412,7.0321155,3329
3750,0.0022450926486243888,1.5034047,6.761185,2111
3751,0.0022216951885250347,3.3635929,12.066403,2089
3752,0.00041264611447951817,2.4609656,10.428403,388
3753,0.007376581056778191,1.6502559,7.290716,6936
3754,0.005581357754609565,1.7522116,6.465045,5248
3755,0.0010018367006177993,1.7770077,7.151588,942
3756,0.0004105190726523042,2.2349935,9.584806,386
3757,0.00788494405348234,1.1035548,3.7942772,7414
3758,0.006230105511909839,1.646903,6.8595753,5858
3759,0.0012581452407970876,1.4164011,6.58504,1183
3760,0.0012730345335875857,1.2637253,4.4648643,1197
3761,0.0006381125481642034,1.7320628,11.573901,600
3762,0.009412160085422,1.9299217,8.3655205,8850
3763,0.000950787696764663,1.0335033,4.3181663,894
3764,0.002792805919131997,2.0178733,6.5455346,2626
3765,0.0008295463126134644,1.4257071,5.3021193,780
3766,0.001860098077898653,1.6223888,7.1646433,1749
3767,0.004341292369343797,2.4890215,9.27701,4082
3768,0.0009220726320972738,1.9058537,6.69015,867
3769,5.5303087507564294e-05,0.9745156,1.6273949,52
3770,0.0025301162534710664,2.7895467,9.46588,2379
3771,0.00018079855531319097,1.3110867,2.30231,170
3772,0.003543651684138543,1.3947424,4.3033557,3332
3773,0.0012517641153154456,1.8598796,7.9681873,1177
3774,0.0019132741235790031,1.4598005,5.3713155,1799
3775,0.0007263847839935848,1.674743,5.2974925,683
3776,0.0012315572179569126,1.797181,6.057799,1158
3777,0.0002648167074881444,2.1834726,9.093577,249
3778,0.0009295172784925229,2.5696192,11.240178,874
3779,0.011831670163877938,1.9807279,5.297648,11125
3780,0.00038712161255295,1.47661,9.181977,364
3781,0.002299332215218346,3.1879995,10.0208845,2162
3782,0.0017792704884645205,1.5587537,5.365053,1673
3783,0.00669167358841528,1.2048537,3.5944788,6292
3784,0.001693125294462353,2.3166356,10.111346,1592
3785,0.004092428475559758,1.699804,5.8990107,3848
3786,0.0025141634397669614,3.1216486,12.118212,2364
3787,0.0004775208902095455,1.5522125,6.6883874,449
3788,0.00397437765414938,2.5391953,9.7864,3737
3789,0.009438748108262176,1.7009673,5.807436,8875
3790,0.004331720681121334,2.2353039,8.286528,4073
3791,0.002669437493153584,1.5646728,5.8790793,2510
3792,0.004048824118101871,2.2098794,8.4589615,3807
3793,0.003578747874287574,1.7730637,6.6938477,3365
3794,0.0012283666552160915,1.7736026,7.3194,1155
3795,0.0025684030063609187,2.254487,8.330754,2415
3796,0.0002658802284017514,2.0434384,7.341718,250
3797,0.00035308894331752586,1.4101017,5.5135217,332
3798,0.004583775137646194,1.3600748,4.620631,4310
3799,0.0007657350577970441,1.2273626,4.827378,720
3800,0.0018462723060217617,2.9129894,9.725264,1736
3801,0.0009210091111836669,1.5945328,7.2496924,866
3802,0.001327274100181543,1.7449701,8.335339,1248
3803,0.0021993612493392874,1.4904361,5.535308,2068
3804,0.0008263557498726433,1.6844372,7.312414,777
3805,0.006625735291771645,1.9959425,8.250345,6230
3806,0.0013464174766264691,1.2804649,4.343777,1266
3807,0.002439716975814471,1.466379,6.165871,2294
3808,0.004494439380903206,1.7248285,6.2827144,4226
3809,0.010216181896108897,2.4039793,10.107191,9606
3810,0.00044986934645576337,1.5792063,6.7760344,423
3811,0.003924392171209851,1.405297,5.961375,3690
3812,0.0006444936736458454,1.4271804,5.8948817,606
3813,0.009832250846296768,1.8176794,6.5930614,9245
3814,0.005380352301937842,2.343078,8.725534,5059
3815,0.001122014563855391,2.1976943,7.5231724,1055
3816,0.0016261234769051117,2.5903325,10.763487,1529
3817,0.0012645263662787298,1.329279,6.48187,1189
3818,0.0031618476761536276,2.0328236,9.022948,2973
3819,0.0004179637190475532,2.0557048,8.964276,393
3820,0.00112945921025064,1.2523286,3.9092257,1062
3821,0.000373295840676059,1.7613084,7.445148,351
3822,0.0005221887685810398,2.0196085,9.2520895,491
3823,0.000938025445801379,1.537299,6.196125,882
3824,0.004019045532520874,3.3490906,10.429274,3779
3825,0.00019994193175811706,1.8470197,9.306882,188
3826,0.001668664313449392,1.3373291,4.915041,1569
3827,0.00190370243535654,1.3975537,6.4401736,1790
3828,0.0008444356054039625,1.8486137,10.067161,794
3829,0.0006434301527322384,2.040161,10.672528,605
3830,0.0770584713163092,3.2940722,9.027133,72456
3831,0.00031692923225488766,1.3310746,4.990176,298
3832,0.00056472960512532,1.4754968,5.399532,531
3833,0.00018824320170843998,2.2339046,10.925231,177
3834,0.001126268647509819,1.1755041,4.0991464,1059
3835,0.0018079855531319097,1.2531891,6.7111673,1700
3836,0.0016761089598446408,1.4756383,5.6564226,1576
3837,0.0006795898637948766,1.5375067,5.7743564,639
3838,0.0007221307003391569,1.862972,6.957306,679
3839,0.026206218832190226,1.8183906,7.8733077,24641
3840,0.0067491037177500575,1.4188135,5.43904,6346
3841,0.0009709945941231962,2.7322948,10.018947,913
3842,0.0006136515671512422,1.5261604,7.7641244,577
3843,0.005416512013000479,1.8302956,7.7439165,5093
3844,0.007925357848199406,1.6769252,7.1413856,7452
3845,0.0009763121986912311,1.4804109,5.779232,918
3846,0.004230686194328669,2.4959068,9.542341,3978
3847,0.0017696988002420574,1.6273447,4.8700695,1664
3848,0.0016037895377193645,1.3729856,4.614175,1508
3849,0.0022089329375617507,2.5074918,8.819136,2077
3850,0.004323212513812478,1.5457733,6.334201,4065
3851,0.0027311217061427905,2.7056706,10.300178,2568
3852,0.00027970600027864246,1.6427116,9.4343,263
3853,0.0007646715368834371,1.419261,5.479418,719
3854,0.0006476842363866665,1.3756484,7.1930566,609
3855,0.0032565010374646514,3.1219037,10.91864,3062
3856,0.002203615332993716,1.7020162,7.7600365,2072
3857,0.002977858558099616,1.0036145,3.8907204,2800
3858,0.003935027380345921,1.3079453,3.7833939,3700
3859,0.01100318737217808,1.6780142,6.365839,10346
3860,0.0008805953164666006,1.0728346,3.8254986,828
3861,0.005462243412285581,1.4928117,4.9415317,5136
3862,6.381125481642033e-06,1.2362983,1.9258008,6
3863,0.0003573430269719539,1.0865122,3.031525,336
3864,0.0010932994991880017,2.1213374,8.826476,1028
3865,0.00229082404790949,2.2763216,8.095396,2154
3866,0.0002903412094147125,1.4826331,6.68207,273
3867,0.00020206897358533108,1.3419461,4.101667,190
3868,0.002439716975814471,1.3788649,4.917981,2294
3869,0.0027991870446136386,3.6005037,11.523173,2632
3870,0.0027502650825877166,1.2553924,5.047458,2586
3871,0.0014293721078878156,1.5998471,7.613925,1344
3872,0.0005104900385313627,1.396227,5.4661784,480
3873,0.00035202542240391887,1.4243517,7.063704,331
3874,0.0031193068396093474,4.158192,12.452263,2933
3875,0.00031692923225488766,1.6801957,9.414244,298
3876,0.004415738833296288,1.7935097,6.6179414,4152
3877,0.0005051724339633276,1.7909268,7.846757,475
3878,0.0025407514626071366,1.3061761,5.003836,2389
3879,0.0040254266580025165,1.4696411,7.0079565,3785
3880,0.007152178144007113,2.2709122,8.214529,6725
3881,0.0023748422000844436,2.5464191,8.170987,2233
3882,1.0635209136070056e-06,0.8831692,0.8831692,1
3883,0.0011103158338057139,1.5252737,5.875781,1044
3884,0.00025099093561125333,1.497032,7.5869746,236
3885,0.00044242470006051435,1.3468838,5.7113256,416
3886,0.003810595433453901,2.776384,10.512028,3583
3887,0.004535916696533879,3.6011968,10.357926,4265
3888,0.0031107986723004914,1.428294,5.080271,2925
3889,0.053980067491037176,1.2843838,5.8988695,50756
3890,0.0018420182223673337,1.5330349,6.250828,1732
3891,0.001719713317302528,2.5331643,8.717891,1617
3892,0.002010054526717241,1.7837183,6.5000525,1890
3893,0.0026917714323393314,1.1111647,4.5217357,2531
3894,0.0009018657347387407,1.3803201,5.1989846,848
3895,0.0017665082375012363,1.6379272,8.783363,1661
3896,0.00046475863924626146,1.6431072,6.896527,437
3897,0.00229082404790949,2.7128224,10.730493,2154
3898,0.0001340036351144827,1.1532795,3.3703663,126
3899,0.0017984138649094466,1.7479179,6.378099,1691
3900,0.0003190562740821017,1.4309032,5.841206,300
3901,0.00046688568107347545,1.4828185,6.9621367,439
3902,0.0005870635443110671,1.9094265,9.382341,552
3903,0.0029884937672356856,1.9290202,8.394315,2810
3904,5.849365024838531e-05,2.7920218,13.956174,55
3905,0.007178766166847288,1.6825246,7.232658,6750
3906,0.0009093103811339898,1.7721465,7.063798,855
3907,0.001730348526438598,3.2923717,11.680766,1627
3908,0.004739049191032817,1.2181588,4.3015003,4456
3909,0.0015516770129526212,2.343975,8.745167,1459
3910,0.030385856022665757,1.0505533,3.9344752,28571
3911,0.0016346316442139676,1.3321142,5.4576416,1537
3912,0.004281735198181804,1.5834717,6.343458,4026
3913,0.0020494048005207,1.7119865,6.87858,1927
3914,0.022623216874248224,1.3082438,4.760771,21272
3915,0.0010369328907668305,2.374454,8.658812,975
3916,0.0008518802517992115,3.1237426,11.212791,801
3917,0.00036691471519441696,1.2483581,4.247243,345
3918,0.0005828094606566391,1.9371344,8.64162,548
3919,0.00020313249449893807,1.7638502,9.67125,191
3920,0.0012347477806977335,0.9564556,2.3397036,1161
3921,0.0004147731563067322,1.5492214,5.6945415,390
3922,9.46533613110235e-05,1.4437109,4.605,89
3923,0.035148302673797926,2.1105955,7.371158,33049
3924,0.002843854922985133,1.2178658,3.5202768,2674
3925,2.3397460099354124e-05,0.97605217,1.444189,22
3926,0.0007359564722160479,1.8281549,6.468548,692
3927,0.0004009473844298411,1.4804658,7.985132,377
3928,0.0002765154375378215,1.7634641,8.927173,260
3929,0.0019824029829634583,1.1290848,3.3235912,1864
3930,2.6588022840175142e-05,1.4722173,3.0298462,25
3931,0.00678739047063991,1.5668684,5.0088863,6382
3932,0.0018771144125163649,1.2578582,5.196656,1765
3933,0.0011092523128921068,1.9563047,7.7420697,1043
3934,0.0021653285801038636,1.5302038,6.784638,2036
3935,0.0012070962369439514,1.4107786,7.786512,1135
3936,0.0007933866015508262,1.4695487,7.5345488,746
3937,0.0014091652105292824,1.7300016,6.26732,1325
3938,7.976406852052543e-05,1.2606577,4.2305346,75
3939,0.0022291398349202837,2.1762788,8.597458,2096
3940,0.0013932123968251773,1.6129004,5.3647976,1310
3941,0.0011900799023262393,1.6246561,7.3711576,1119
3942,0.0010422504953348656,1.3515793,7.2576513,980
3943,0.0028661888621708802,3.6311948,10.328223,2695
3944,0.009200519423614205,1.6924253,6.6390595,8651
3945,0.0031501489461039506,1.8064609,5.304521,2962
3946,0.0052442216249961445,1.1016796,3.7623732,4931
3947,0.0023259202380585212,1.2071301,4.9173207,2187
3948,0.003341582710553212,2.4319599,13.738837,3142
3949,0.0014059746477884615,2.1364937,8.120195,1322
3950,0.0016091071422873996,1.4885045,5.1387954,1513
3951,0.0006370490272505964,1.5820439,5.961585,599
3952,0.00170482402451203,2.2697902,9.324971,1603
3953,0.0026173249683868406,1.879715,13.869988,2461
3954,0.0029799855999268297,2.004867,8.405716,2802
3955,0.001917528207233431,1.5581269,7.2867303,1803
3956,0.002156820412795007,2.7243395,9.296548,2028
3957,0.0010273612025443674,1.5111418,9.027592,966
3958,2.1270418272140114e-05,1.2974586,2.036758,20
3959,0.012297492324037805,2.1288042,10.484611,11563
3960,0.005661121823130091,1.5964289,6.035122,5323
3961,0.0023450636145034474,2.170428,8.36207,2205
3962,0.10107064650372817,1.5911864,7.9644666,95034
3963,0.01289625459839855,1.9374856,8.986885,12126
3964,0.0028055681700952808,1.4574393,5.574413,2638
3965,0.00014251180242333874,1.2897073,4.832825,134
3966,0.0018133031576999445,2.7793856,10.521954,1705
3967,0.00036904175702163095,1.6418365,8.418585,347
3968,0.03612461487248916,1.925576,10.025036,33967
3969,6.806533847084836e-05,1.3086787,3.5199687,64
3970,0.005011310544916211,2.564754,11.984107,4712
3971,0.0003445807760086698,1.2949635,4.7468376,324
3972,0.0007083049284622657,2.130722,7.3956695,666
3973,0.004181764232302746,1.1960413,3.5346062,3932
3974,9.35898403974165e-05,1.1126796,2.327045,88
3975,0.0008189111034773944,1.5307373,4.715729,770
3976,0.0023918585347021556,1.8625948,7.8435855,2249
3977,0.005098519259831985,1.5417153,6.9259024,4794
3978,0.0013474809975400762,2.93455,12.186946,1267
3979,0.007546744402955312,2.2158577,7.665856,7096
3980,0.003163974717980842,2.8064122,8.419439,2975
3981,0.0018111761158727305,1.8888011,7.880788,1703
3982,0.0001116696959287356,1.1602135,3.144685,105
3983,0.0017452378192290962,1.1120539,4.4881334,1641
3984,0.003020399394643896,2.8343077,10.468434,2840
3985,0.0011443485030411382,1.5974885,5.6751103,1076
3986,0.0005487767914212149,1.4577416,4.444166,516
3987,0.0015761379939655824,1.5675429,7.494311,1482
3988,0.001122014563855391,1.458947,6.3753524,1055
3989,0.003423473820900951,1.8916143,6.8003273,3219
3990,0.0003935027380345921,1.5753285,6.6538157,370
3991,0.0029597787025682967,1.5558058,5.8483596,2783
3992,0.0031395137369678804,1.9779499,8.290633,2952
3993,0.0005902541070518881,1.4975803,9.478363,555
3994,0.002822584504712993,2.1204226,10.145348,2654
3995,0.0019419891882463923,1.6261839,7.125428,1826
3996,0.0042189874642789916,2.51075,9.929266,3967
3997,0.036006564051078785,1.6718831,7.4311857,33856
3998,0.0014602142143824188,1.8048633,7.6146054,1373
3999,0.004012664407039232,2.2797897,8.910602,3773
4000,0.0027332487479700043,2.934484,11.066329,2570
4001,0.0018356370968856917,1.3725034,5.2337556,1726
4002,0.0011975245487214883,1.269943,5.6497087,1126
4003,0.00044348822097412135,1.5687181,7.544049,417
4004,0.0007391470349568689,1.9627684,7.525338,695
4005,0.001128395689337033,1.3798763,6.884435,1061
4006,0.001135840335732282,3.0597134,10.934552,1068
4007,0.0029055391359743394,1.3928523,5.3215966,2732
4008,0.0007944501224644332,1.6255956,6.0590987,747
4009,0.0028183304210585647,3.85923,11.0707855,2650
4010,0.00037648640341687997,1.9772753,9.29649,354
4011,0.0013081307237366169,1.4944986,6.5407753,1230
4012,2.6588022840175142e-05,0.87694883,1.2743175,25
4013,0.024181275012682486,1.8292953,7.3445473,22737
4014,0.0006838439474493046,1.5781764,6.994859,643
4015,0.001508072655494734,1.7971023,7.602019,1418
4016,0.0022812523596870272,1.6355597,7.9220552,2145
4017,0.00448593121359435,1.7730664,7.3248024,4218
4018,0.018495692208539433,1.4045961,5.6807513,17391
4019,0.0010667114763478266,1.2013364,4.2870913,1003
4020,0.0897803084848762,1.2181283,6.2643065,84418
4021,0.001323020016527115,1.3286822,4.8543577,1244
4022,0.0007838149133283631,1.272218,5.0678277,737
4023,0.0009327078412333439,1.1927861,3.3298,877
4024,0.0010667114763478266,1.8179328,7.1349273,1003
4025,0.0009263267157517019,2.3951414,6.6789074,871
4026,0.004519963882829774,1.8115839,9.26461,4250
4027,0.0017388566937474542,3.114616,11.396737,1635
4028,0.0028778875922205573,2.5067613,8.509515,2706
4029,0.08882739374628433,6.1490593,20.571384,83522
4030,0.025986070003073576,1.721825,6.9894786,24434
4031,0.005502657207002647,1.8546344,7.7322855,5174
4032,0.000570047209693355,1.2002734,4.287965,536
4033,0.0009348348830605579,1.3896693,4.7526584,879
4034,0.00016059165795465785,0.9672467,2.9178493,151
4035,0.0025577677972248485,2.2072954,9.107419,2405
4036,0.004868798742492872,3.743733,11.187108,4578
4037,0.0025109728770261403,1.9802579,7.1907525,2361
4038,0.00190370243535654,1.419796,4.592331,1790
4039,0.00278110718908232,2.8039975,10.897376,2615
4040,0.0007529728068337599,1.369797,5.0109134,708
4041,0.006467270675644201,1.8658041,7.5396867,6081
4042,9.57168822246305e-06,0.94365406,1.6500721,9
4043,0.0031044175468188493,2.5023494,7.471968,2919
4044,0.017229038800433492,2.222467,7.7651744,16200
4045,0.001887749621652435,3.8647385,11.160403,1775
4046,0.0009582323431599121,1.5965567,6.488261,901
4047,0.008057234441486675,4.2336373,8.617376,7576
4048,0.00037542288250327297,1.4928159,7.7808323,353
4049,0.00012230490506480565,1.7356852,8.9621315,115
4050,0.001887749621652435,2.2570658,8.281109,1775
4051,0.0017718258420692714,1.9993148,7.1065407,1666
4052,0.0013602432485033602,1.4379259,7.1870418,1279
4053,0.0037584829086871577,1.7645375,7.526434,3534
4054,0.0018079855531319097,1.3365573,5.4285607,1700
4055,0.0012198584879072355,1.2684554,5.4895945,1147
4056,0.00019781488993090305,0.8477162,2.3360057,186
4057,0.00288745928044302,2.5876555,13.755629,2715
4058,0.0010582033090389706,0.8980931,3.0959797,995
4059,0.0003126751486004597,1.5282385,6.03472,294
4060,0.004572076407596517,1.7696495,7.137002,4299
4061,0.00203876959138463,2.0517204,9.423746,1917
4062,0.0019111470817517891,2.4169402,9.881385,1797
4063,0.000577491856088604,1.6916765,6.689917,543
4064,0.0022972051733911323,2.9275987,11.956988,2160
4065,0.003368170733393387,2.9184778,9.666686,3167
4066,0.008914432297853922,1.7814546,7.9284487,8382
4067,0.0013028131191685818,2.3884497,10.777045,1225
4068,0.0014570236516415977,1.3162453,4.704041,1370
4069,0.005502657207002647,2.2596855,8.043932,5174
4070,0.0033320110223307485,1.3108854,4.9787393,3133
4071,0.0006306679017689543,2.0138226,10.257851,593
4072,0.0021515028082269723,2.8779023,10.309485,2023
4073,0.0015984719331513294,1.2492067,4.402781,1503
4074,0.002267426587810136,1.6300124,8.7443,2132
4075,0.00645344490376731,1.6725929,6.308434,6068
4076,0.0003424537341814558,1.134909,3.927334,322
4077,0.0009795027614320521,2.1806493,6.685619,921
4078,0.04581222687453537,1.1968483,6.9679947,43076
4079,0.008607074753821496,2.3793163,10.285142,8093
4080,0.03566517383781093,1.2324688,4.2652216,33535
4081,0.006255630013836407,1.5972902,5.385337,5882
4082,0.004263655342650485,2.684071,8.357874,4009
4083,0.0005562214378164639,1.9223847,10.350383,523
4084,0.002497147105149249,2.156162,7.7610207,2348
4085,0.001331528183835971,1.9086231,8.674021,1252
4086,0.0006381125481642034,2.010122,6.4928284,600
4087,0.00242589120393758,4.2689915,13.107069,2281
4088,0.003366043691566173,3.7043295,12.535035,3165
4089,0.0060269730174109006,1.2554132,4.743181,5667
4090,2.1270418272140114e-05,1.2067549,2.7734537,20
4091,0.012440004126461145,1.5022148,5.5890727,11697
4092,0.001119887522028177,1.9809016,8.241982,1053
4093,0.0026088168010779847,3.9356456,12.968356,2453
4094,0.0010007731797041922,1.4235377,6.7382383,941
4095,0.010060907842722273,1.1507968,4.12545,9460
4096,0.0035681126651515038,4.3883305,12.249598,3355
4097,0.003812722475281115,1.341076,5.423782,3585
4098,0.0025652124436200976,2.5924687,7.4562273,2412
4099,0.002446098101296113,3.5417962,9.487423,2300
4100,0.006387506607123675,2.0123558,6.518202,6006
4101,0.0011794446931901693,2.0946038,9.944455,1109
4102,0.0010050272633586204,1.170668,4.5320454,945
4103,0.0005594120005572849,1.4046226,6.759757,526
4104,0.0005913176279654951,1.224978,4.270306,556
4105,0.00027013431205617945,1.676727,7.124386,254
4106,0.00018292559714040495,1.2390696,6.09258,172
4107,0.010699020390886476,2.1400244,7.306399,10060
4108,0.00047964793203675955,1.6030064,8.061828,451
4109,0.003989266946939878,2.963991,9.2888775,3751
4110,0.0014123557732701035,1.9588609,6.347943,1328
4111,0.0018090490740455165,1.3148606,5.355234,1701
4112,0.001508072655494734,3.1466053,11.189124,1418
4113,0.0006296043808553473,0.96148,3.7414818,592
4114,0.0024865118960131793,1.9909478,9.303536,2338
4115,0.002289760526995883,3.541181,10.825981,2153
4116,0.0025641489227064907,3.576344,8.974564,2411
4117,0.0014697859026048818,2.5590847,10.091211,1382
4118,0.005277190773317962,1.1115689,4.3854475,4962
4119,0.0021068349298554783,1.2517778,4.719144,1981
4120,0.0012304936970433055,2.8572242,8.6445,1157
4121,0.001500628009099485,1.4265418,5.2426615,1411
4122,0.00095185121767827,1.5576577,5.4824114,895
4123,0.0006785263428812695,1.2774215,5.345826,638
4124,0.003836119935380469,1.9495014,8.039573,3607
4125,0.00021589474546222215,1.0542544,3.5509784,203
4126,0.000759353932315402,1.319,5.127954,714
4127,0.00356598562332429,1.4620813,5.4518614,3353
4128,0.0007061778866350517,1.3536766,3.6863284,664
4129,0.0015665663057431193,2.375881,9.680072,1473
4130,0.0006040798789287792,1.3298895,4.9491463,568
4131,0.004408294186901038,1.1180899,5.1756086,4145
4132,0.0005891905861382811,1.4482733,9.560586,554
4133,0.001151793149436387,1.7491914,6.397326,1083
4134,0.006585321497054579,1.3702343,4.7864337,6192
4135,0.0007721161832786861,1.4307323,6.283828,726
4136,0.0034511253646547333,2.252387,9.673587,3245
4137,1.0635209136070057e-05,0.89271307,1.4826467,10
4138,0.0006732087383132346,1.7724735,5.6291046,633
4139,0.018775398208818076,1.8842582,6.7356853,17654
4140,0.010684131098095979,2.9340785,11.570625,10046
4141,0.0010560762672117566,1.2942595,5.1886377,993
4142,0.0023397460099354125,1.6057684,6.814397,2200
4143,0.00042966244909723025,1.3831607,4.0315404,404
4144,0.0010996806246696437,2.4858892,8.611959,1034
4145,0.0038892959810608195,1.6614656,8.912946,3657
4146,0.010434203683398332,2.0956638,6.8926773,9811
4147,0.018026679485638745,4.1663203,12.485586,16950
4148,0.0005083629967041487,1.571313,9.740065,478
4149,0.0008965481301707058,1.6419898,9.689194,843
4150,0.0009837568450864803,1.6508639,8.046155,925
4151,0.0025364973789527086,3.1281219,10.746622,2385
4152,0.0014091652105292824,2.218629,7.2102547,1325
4153,0.007791354213084923,4.347171,14.226773,7326
4154,0.0040913649546461504,2.3123999,8.40128,3847
4155,0.0006221597344600983,1.1607714,4.151453,585
4156,0.00023610164282075524,2.4199054,9.212348,222
4157,0.0038861054183199984,1.2541364,3.6745794,3654
4158,0.0009922650123953363,1.2542547,4.0575824,933
4159,0.0004977277875680787,1.0367022,2.8629205,468
4160,0.007162813353143183,1.8671123,7.1978006,6735
4161,0.004322148992898871,2.0109735,7.437547,4064
4162,0.00038499457072573603,1.4597335,7.7361093,362
4163,0.0035223812658664025,1.2315024,4.301641,3312
4164,0.0012241125715616635,3.1334367,9.832852,1151
4165,0.0007859419551555772,1.1343417,3.5767283,739
4166,0.003642559129103994,1.350229,5.442138,3425
4167,0.000581745939743032,1.5988321,6.3272805,547
4168,0.0018281924504904427,1.2899462,5.0297985,1719
4169,0.007994486707583862,1.25545,6.009488,7517
4170,0.004088174391905329,2.1673741,7.7713037,3844
4171,0.0063417752078385745,0.9841312,2.7976274,5963
4172,0.0054803232678169,1.3740904,4.370442,5153
4173,0.0010220435979763323,2.042948,6.6789746,961
4174,0.01614956507312238,2.005011,7.890121,15185
4175,0.0002977858558099616,1.146033,5.5772824,280
4176,0.0034553794483091612,2.3473248,9.104561,3249
4177,0.0010677749972614337,2.019476,9.762289,1004
4178,0.0013740690203802512,1.374003,4.80835,1292
4179,0.002263172504155708,1.8950887,7.745328,2128
4180,0.008532628289869006,1.1367925,4.8480806,8023
4181,0.00035521598514473985,1.6786709,8.886164,334
4182,0.004126461144795182,2.4672277,7.49716,3880
4183,0.009268584762085055,2.2334328,9.205205,8715
4184,0.0012326207388705195,1.4708983,6.3849907,1159
4185,0.0020121815685444546,2.050435,7.6128936,1892
4186,0.003578747874287574,1.5879153,6.1836267,3365
4187,0.0006700181755724136,1.8019625,11.720504,630
4188,3.935027380345921e-05,0.7374574,1.0435077,37
4189,0.0005285698940626817,2.0833125,9.767885,497
4190,0.0026875173486849034,2.5417845,9.13834,2527
4191,0.00014357532333694577,1.1995945,3.4345427,135
4192,0.002416319515715117,2.3201096,7.785876,2272
4193,0.0038063413497994732,1.6885029,5.920337,3579
4194,8.508167308856045e-06,0.92715806,1.2446781,8
4195,0.0020111180476308477,2.9481843,9.194248,1891
4196,0.0012007151114623094,1.2163208,6.8143263,1129
4197,0.0003435172550950628,1.8359907,10.093972,323
4198,0.004452962065272533,2.723234,7.557608,4187
4199,0.001496373925445057,3.7216234,12.437863,1407
4200,0.0020026098803219918,1.6399033,7.3670926,1883
4201,0.00044242470006051435,1.4140216,9.523208,416
4202,0.0008157205407365733,1.4293128,4.8033633,767
4203,0.004250893091687202,1.8017272,7.5160656,3997
4204,0.0005360145404579308,2.0277302,8.232512,504
4205,0.002133422952695653,2.227732,10.529236,2006
4206,0.0019579420019504973,1.2050945,3.7026737,1841
4207,0.0008029582897732892,1.7539239,6.6336126,755
4208,0.0018026679485638746,1.4967324,6.6208053,1695
4209,0.0021195971808187623,3.5851445,11.164046,1993
4210,0.0018409547014537268,1.2898536,5.2925963,1731
4211,0.007233005733441245,2.0484226,11.134368,6801
4212,0.0017292850055249912,1.240336,3.3510756,1626
4213,0.0002084500990669731,1.3738886,7.2959456,196
4214,0.004326403076553299,1.7760901,6.3000865,4068
4215,0.0027704719799462496,3.3341837,9.646357,2605
4216,0.000760417453229009,1.7460402,6.819207,715
4217,0.003793579098836189,2.8189917,9.140587,3567
4218,0.0027598367708101795,2.3224826,8.517393,2595
4219,0.0027991870446136386,2.5161517,9.257327,2632
4220,0.0018505263896761899,2.004447,7.8457294,1740
4221,0.001511263218235555,1.3259984,6.433445,1421
4222,0.00016590926252269287,2.3206222,12.470606,156
4223,0.004551869510237984,1.7227451,6.359984,4280
4224,0.00017548095074515594,1.7202859,9.00643,165
4225,0.000761480974142616,1.5109066,7.6488643,716
4226,0.008970798906275092,1.7559721,8.255186,8435
4227,0.0021865989983760035,1.931309,7.6963396,2056
4228,7.976406852052543e-05,1.4744031,4.7731133,75
4229,0.0006391760690778104,1.7794491,6.3850274,601
4230,0.004157303251289785,1.5149221,6.9430933,3909
4231,0.002626896656609304,1.5259887,5.0509763,2470
4232,0.003945662589481991,1.2462007,4.6809974,3710
4233,0.0004339165327516583,1.8833501,7.839842,408
4234,0.0030395427710888222,1.6437073,6.7440224,2858
4235,0.0019377351045919643,1.72079,8.239527,1822
4236,0.0012092232787711654,1.4247146,5.7692423,1137
4237,0.0028023776073544597,2.7906559,11.156977,2635
4238,0.0017984138649094466,1.4246408,6.7942185,1691
4239,0.013835343565113536,1.8375093,6.8284607,13009
4240,0.0023429365726762336,2.8840885,10.984614,2203
4241,0.001330464662922364,1.5113057,4.8922095,1251
4242,0.0006987332402398027,1.9181705,6.907474,657
4243,6.381125481642033e-06,0.85013044,1.0590646,6
4244,0.0031363231742270598,1.6767782,5.985187,2949
4245,0.0031150527559549194,1.2538948,5.23544,2929
4246,0.002037706070471023,3.356658,9.257191,1916
4247,0.0036872270074754885,2.0818176,9.941417,3467
4248,0.003642559129103994,1.295812,4.723226,3425
4249,0.0031267514860045965,3.8964636,11.718123,2940
4250,0.1248786256757346,1.5479177,9.487416,117420
4251,0.005136806012721837,2.3591526,9.33418,4830
4252,6.381125481642033e-06,1.0657972,1.2721853,6
4253,0.0004913466620864366,1.6025155,5.833231,462
4254,0.0006859709892765186,2.0166676,10.707417,645
4255,0.0014081016896156755,1.8678988,8.206185,1324
4256,0.0010709655600022547,1.1508093,5.097317,1007
4257,0.002481194291445144,1.607753,5.6533976,2333
4258,0.0004934737039136506,1.3473306,5.019953,464
4259,0.0002967223348963546,2.0633535,8.936881,279
4260,0.00076360801596983,1.7833315,5.9688025,718
4261,0.0010390599325940445,1.6163251,7.563044,977
4262,0.000758290411401795,2.0212605,7.064608,713
4263,0.0020270708613349528,2.3277273,8.753093,1906
4264,0.003654257859153671,2.0826287,7.4828763,3436
4265,0.002318475591663272,1.3545572,3.7853036,2180
4266,0.0016644102297949637,1.9107581,8.260776,1565
4267,0.002289760526995883,1.951508,7.0618052,2153
4268,0.0006678911337451996,2.2689953,11.869238,628
4269,0.004268972947218521,3.6441875,12.062804,4014
4270,0.0009029292556523477,1.7693346,7.424842,849
4271,0.06545014054428873,1.0316901,4.2666645,61541
4272,0.007047953094473626,1.3210405,5.077682,6627
4273,0.00012549546780562666,2.6595676,13.381899,118
4274,0.0015591216593478703,1.1181209,4.3919497,1466
4275,0.0006859709892765186,1.1238564,4.962938,645
4276,0.0002680072702289654,1.8139834,7.4775276,252
4277,0.0008167840616501803,2.780658,8.998961,768
4278,0.005054914902374098,1.8124114,7.0434427,4753
4279,3.1905627408210167e-06,0.94045305,1.0965772,3
4280,0.0038265482471580062,1.2087781,3.558072,3598
4281,0.011790192848247264,1.9124709,8.098845,11086
4282,0.0025673394854473118,3.0850186,10.732097,2414
4283,0.0011603013167452432,1.410641,5.775316,1091
4284,0.00039243921712098505,1.6251625,8.117466,369
4285,0.002250410253192424,1.4383479,4.583368,2116
4286,0.0004700762438142965,2.0852687,12.533604,442
4287,0.001321956495613508,1.4280039,4.55312,1243
4288,0.0007295753467344058,1.5957468,7.784296,686
4289,0.00019675136901729605,1.2832654,8.046751,185
4290,0.0018005409067366606,1.3865501,3.7577946,1693
4291,0.0027704719799462496,2.689682,8.937337,2605
4292,0.0003201197949957087,1.6972352,9.198983,301
4293,0.0009943920542225503,1.3246052,4.3589463,935
4294,0.004426374042432357,1.9204171,7.606794,4162
4295,0.00036904175702163095,2.3418994,11.262558,347
4296,0.0014485154843327417,2.0912557,9.500531,1362
4297,0.0025737206109289535,1.541741,5.4742875,2420
4298,0.0024907659796676073,1.4457687,5.8339334,2342
4299,0.0002648167074881444,1.778335,6.219984,249
4300,0.001692061773548746,3.0169468,8.907526,1591
4301,0.0009975826169633713,1.4756721,6.7622824,938
4302,0.002311030945268023,1.8827652,7.5276933,2173
4303,0.0025439420253479577,1.4544096,6.173485,2392
4304,0.0013985300013932124,1.4440535,6.3874207,1315
4305,0.007183020250501716,1.0322996,6.5186586,6754
4306,0.02284442922427848,1.4364882,8.040047,21480
4307,0.009463209089275136,49.520824,94.49564,8898
4308,0.001873923849775544,3.041324,9.677599,1762
4309,0.0016122977050282204,2.0669467,7.6828756,1516
4310,0.0011103158338057139,1.8216922,7.3159213,1044
4311,0.0038616444373070374,1.9477614,10.343741,3631
4312,0.003908439357505746,2.0961833,9.328247,3675
4313,0.0021993612493392874,4.484806,12.512737,2068
4314,0.003977568216890201,2.4247239,11.930326,3740
4315,0.0023727151582572294,1.4183385,6.343154,2231
4316,0.00340964804902406,1.0359634,3.9691932,3206
4317,0.005078312362473452,2.504806,9.127787,4775
4318,3.509619014903119e-05,1.3099486,2.9659903,33
4319,0.005015564628570638,2.3009434,9.910976,4716
4320,0.005684519283229445,1.6220381,7.054642,5345
4321,0.00027013431205617945,1.3731402,6.6490407,254
4322,0.0006338584645097753,2.1180267,11.5707445,596
4323,0.000578555377002211,1.046046,3.8511922,544
4324,0.0036765917983394183,3.4543402,9.682404,3457
4325,0.0004094555517386972,1.2700492,5.914023,385
4326,0.0003222468368229227,1.5432252,7.5462127,303
4327,0.004095619038300579,1.3355523,5.5132756,3851
4328,0.0021993612493392874,2.2496126,10.725225,2068
4329,0.004937927601877327,1.6900766,5.816017,4643
4330,0.0014506425261599557,1.7592889,6.9683714,1364
4331,0.0010486316208165075,1.9041927,7.291334,986
4332,0.0011028711874104648,1.4249148,5.7862654,1037
4333,0.0007125590121166938,1.2118157,4.684322,670
4334,0.0018079855531319097,1.5499201,6.233302,1700
4335,0.001124141605682605,1.2005434,5.209103,1057
4336,0.0018313830132312638,1.2662765,4.0902185,1722
4337,0.0003658511942808099,1.681253,4.5133734,344
4338,0.003912693441160174,2.417999,8.55994,3679
4339,0.0006944791565853747,1.998658,7.464116,653
4340,0.0025386244207799224,1.7953606,8.940697,2387
4341,0.004144541000326501,2.6332228,12.044903,3897
4342,0.0005211252476674328,1.8360323,7.713357,490
4343,0.013999125785809014,1.0037498,3.5889065,13163
4344,0.0006359855063369894,1.902311,9.178578,598
4345,0.004437009251568427,1.6241591,8.56875,4172
4346,0.009445129233743818,2.0982878,9.192459,8881
4347,0.00041370963539312516,1.4485638,6.370569,389
4348,0.0018409547014537268,1.9247972,8.359325,1731
4349,0.0013772595831210723,1.8608475,6.497738,1295
4350,0.0032650092047735073,1.8783089,8.176334,3070
4351,0.0035489692887065777,2.5102963,9.14221,3337
4352,0.0007880689969827912,2.0441415,7.9684324,741
4353,0.0017888421766869835,1.7418578,6.7061024,1682
4354,0.0355843462483768,1.4934201,5.8317094,33459
4355,0.0023950490974429767,1.2991204,4.0316706,2252
4356,0.0012230490506480564,1.5801954,11.414946,1150
4357,0.00040626498899787615,1.6300608,8.250277,382
4358,0.0007710526623650791,1.1653252,4.356081,725
4359,0.0010379964116804376,1.712971,6.7492003,976
4360,0.0032575645583782582,3.3409634,9.484982,3063
4361,0.00024992741469764633,1.1410314,3.7477622,235
4362,0.0016091071422873996,1.3937755,5.336149,1513
4363,0.0014655318189504538,1.3894432,4.28393,1378
4364,0.0009763121986912311,1.5885696,5.355837,918
4365,0.004291306886404268,1.6392472,6.6649113,4035
4366,0.00042966244909723025,1.6170982,9.381495,404
4367,0.0006434301527322384,2.0753772,7.667804,605
4368,0.00014144828150973175,1.8072325,7.125765,133
4369,0.002223822230352249,1.9602085,7.402782,2091
4370,0.0015484864502118,1.4538503,5.6902523,1456
4371,0.0012060327160303443,1.1932431,4.980101,1134
4372,0.0025886099037194517,2.468332,10.963826,2434
4373,0.0033713612961342077,2.654154,8.47207,3170
4374,0.000948660654937449,1.6464627,8.315643,892
4375,0.002093009157978587,1.8814105,6.5272107,1968
4376,0.006896933124741432,3.6614225,11.323283,6485
4377,0.002998065455458149,1.7601792,8.842108,2819
4378,0.0060907842722273215,2.6616578,11.400665,5727
4379,0.00015846461612744383,2.0162435,10.172769,149
4380,0.006326885915048076,1.7914275,7.5094233,5949
4381,0.0042072887342293145,2.417143,11.438634,3956
4382,0.005552642689942176,2.3131378,9.077018,5221
4383,0.0006040798789287792,0.89510894,2.7620015,568
4384,0.00017335390891794192,1.7674379,7.5335937,163
4385,0.004559314156633233,1.4759378,5.2313027,4287
4386,0.013311027754705282,1.1024064,3.3997128,12516
4387,0.0021695826637582916,2.2534966,8.609209,2040
4388,0.00044455174188772834,1.3744957,5.8362823,418
4389,0.0012826062218100488,1.4070776,7.0573955,1206
4390,0.0023865409301341207,1.5356427,8.622265,2244
4391,0.0006221597344600983,1.2172072,5.050667,585
4392,0.0048485918451343386,2.8376052,8.77104,4559
4393,0.0008412450426631415,1.2296561,6.1011534,791
4394,0.0014229909824061736,1.8674519,9.38981,1338
4395,0.0014548966098143837,1.0163687,3.1768353,1368
4396,0.015589089551651489,1.1302793,3.959578,14658
4397,0.0008848494001210287,3.0597034,11.931126,832
4398,0.004147731563067322,1.806704,7.847209,3900
4399,0.004333847722948548,1.1881533,6.292346,4075
4400,0.003060813189360962,1.2727615,5.4022613,2878
4401,0.0033596625660845306,1.9354484,7.678402,3159
4402,8.933575674298847e-05,2.7864237,9.784354,84
4403,0.010980853432992333,2.1423526,10.192433,10325
4404,0.002864061820343666,1.2294158,5.2838445,2693
4405,0.008992069324547233,1.8814112,8.507988,8455
4406,0.0013964029595659984,1.7644094,10.310605,1313
4407,0.018236193105619327,0.97863454,3.525343,17147
4408,3.190562740821017e-05,1.0900325,2.0585103,30
4409,5.2112524766743275e-05,1.0815341,2.8580554,49
4410,0.0007870054760691842,1.6308618,6.942794,740
4411,0.008456054784089301,1.0370573,3.439088,7951
4412,0.0008582613772808535,1.1114182,3.564066,807
4413,0.0023993031810974046,1.8638815,6.8699074,2256
4414,0.0035978912507325,1.2996656,3.9078054,3383
4415,0.00913458112697057,2.0532358,8.872839,8589
4416,0.0023950490974429767,2.6317716,9.200964,2252
4417,0.0016367586860411816,1.449011,6.5869923,1539
4418,0.0017154592336481001,1.5070232,5.003718,1613
4419,0.004083920308250902,3.5221267,11.648019,3840
4420,0.0015176443437171971,4.410556,14.809888,1427
4421,0.0006062069207559932,1.6473893,6.743603,570
4422,0.0017431107774018822,1.5623622,6.122735,1639
4423,0.0012049691951167374,2.4308567,7.4457116,1133
4424,0.0004179637190475532,1.4055165,6.426144,393
4425,0.0012241125715616635,1.3965877,6.916612,1151
4426,0.003752101783205516,1.1812769,4.240626,3528
4427,0.009914141956644506,2.8610773,8.409548,9322
4428,0.001698442899030388,1.5059346,8.369972,1597
4429,0.0020270708613349528,2.7478974,9.471844,1906
4430,0.002114279576250727,1.5325718,5.6576295,1988
4431,0.0019590055228641042,1.0583555,3.4921317,1842
4432,0.002247219690451603,1.4716971,8.846584,2113
4433,0.00055409439598925,1.1483464,3.359042,521
4434,0.003215023721833978,1.0610217,3.4458005,3023
4435,0.002124914785386797,3.0580888,9.800399,1998
4436,0.002833219713849063,2.6923769,9.8241415,2664
4437,0.0002828965630194635,1.8656675,6.9524374,266
4438,0.0022408385649699608,3.151773,11.893399,2107
4439,0.0033107406040586086,2.6478841,10.493759,3113
4440,0.008233778913145438,3.124973,10.481176,7742
4441,0.0004179637190475532,1.6460605,7.416571,393
4442,0.0014027840850476404,2.1264637,7.9244018,1319
4443,0.0028576806948620243,1.9465511,9.422204,2687
4444,7.763702669331141e-05,1.0877467,2.1495457,73
4445,0.007296816988257665,2.1792867,8.289063,6861
4446,0.004410421228728252,2.4417408,9.859154,4147
4447,0.00817953934655148,5.1831517,8.787081,7691
4448,0.0025173540025077825,3.1187742,9.306331,2367
4449,0.00014782940699137377,1.4229933,4.297206,139
4450,0.008323114669888425,2.6531858,10.041725,7826
4451,1.0635209136070056e-06,1.085653,1.085653,1
4452,0.0015442323665573721,2.308784,9.2798815,1452
4453,0.0010613938717797917,1.3383261,5.796751,998
4454,0.0003637241524535959,1.8392404,7.5856357,342
4455,0.0010869183737063598,1.5887914,6.1411057,1022
4456,0.002994874892717328,2.7011914,10.315518,2816
4457,0.004755002004736922,1.3744216,5.8351035,4471
4458,0.009333459537815081,34.983677,64.72896,8776
4459,0.0014261815451469945,1.5508997,6.773896,1341
4460,0.0017930962603414115,1.7901487,10.173498,1686
4461,0.0019324175000239292,3.3858423,13.180739,1817
4462,0.0011603013167452432,1.1487687,4.3329754,1091
4463,0.0005211252476674328,2.7447886,11.80215,490
4464,0.0031692923225488767,2.206969,9.114095,2980
4465,0.0008561343354536395,1.5715017,5.7339015,805
4466,0.0019994193175811707,1.9479885,7.143139,1880
4467,0.00323204005645169,1.1533693,3.5772605,3039
4468,0.002682199744116868,2.8049812,8.890305,2522
4469,0.00149531040453145,3.137757,10.335027,1406
4470,7.125590121166937e-05,0.9494742,2.0216138,67
4471,0.013558828127575714,1.7293923,6.4472513,12749
4472,0.0003562795060583469,1.7197796,9.881402,335
4473,0.0002818330421058565,1.3967186,4.944721,265
4474,0.0031427042997087015,2.5128944,8.021137,2955
4475,0.0031767369689441258,2.4841225,9.788368,2987
4476,0.003612780543522998,1.9723406,7.951893,3397
4477,0.00187179680794833,2.583759,7.496294,1760
4478,0.0007221307003391569,1.3520706,6.38546,679
4479,0.016195296472407483,1.1070838,3.442045,15228
4480,0.006848011162715509,1.7958541,7.6529083,6439
4481,0.0011815717350173833,1.6074817,6.266094,1111
4482,0.0015548675756934423,1.6705621,6.578136,1462
4483,0.0012230490506480564,2.3199425,8.035454,1150
4484,0.0009156915066156319,2.024957,7.242242,861
4485,0.00038924865438016407,1.1237273,4.987797,366
4486,0.0012475100316610176,1.5165826,6.239242,1173
4487,0.008646425027624955,2.3332336,8.410515,8130
4488,0.002446098101296113,3.2271304,11.708811,2300
4489,0.00017654447165876293,0.7749462,2.363443,166
4490,0.0030512415011384993,3.9889688,10.967694,2869
4491,0.0023397460099354125,1.6256278,6.238278,2200
4492,0.004186018315957174,1.9888624,7.4949284,3936
4493,0.0005413321450259659,1.4378042,4.85979,509
4494,0.03208323540078254,1.8179969,10.654128,30167
4495,0.0010762831645702896,1.5197092,5.84514,1012
4496,0.002583292299151417,2.5431871,10.005306,2429
4497,0.002238711523142747,3.0277135,10.415554,2105
4498,0.07193974515911868,4.2983437,12.13914,67643
4499,0.00033926317144063477,1.7195424,8.928945,319
4500,0.00170482402451203,1.1891052,4.4286613,1603
4501,0.008380544799223205,2.1883268,8.794102,7880
4502,1.91433764449261e-05,1.5481395,3.1646454,18
4503,0.0025843558200650237,2.8334293,11.132326,2430
4504,0.0002531179774384673,1.7270553,10.502352,238
4505,0.00037542288250327297,1.8046515,10.115677,353
4506,0.001520834906458018,1.9470925,6.5876894,1430
4507,0.0011730635677085271,2.1650512,9.042571,1103
4508,0.015749681209606146,1.8200413,6.8838844,14809
4509,0.0038658985209614654,1.848845,7.2432165,3635
4510,4.9985482939529265e-05,1.372477,3.3489583,47
4511,0.003243738786501367,2.8129091,11.820151,3050
4512,0.002489702458754,2.7933254,10.504035,2341
4513,0.002263172504155708,3.1490693,9.393682,2128
4514,8.508167308856045e-06,1.7437658,2.8251638,8
4515,0.03096015731601354,2.2351997,7.295281,29111
4516,0.004076475661855652,1.7510105,7.764748,3833
4517,0.0002658802284017514,1.7260052,7.068009,250
4518,0.0033309475014171416,1.5224023,5.6589365,3132
4519,0.0001701633461771209,1.5422585,5.343894,160
4520,0.0022493467322788167,5.109019,16.72629,2115
4521,0.004167938460425855,2.6664102,8.819294,3919
4522,0.0015697568684839402,1.9980344,6.5777025,1476
4523,0.009450446838311852,1.1966054,9.344993,8886
4524,0.0021834084356351824,1.2265948,4.4256425,2053
4525,0.0012964319936869398,1.3256065,4.8183284,1219
4526,0.0033171217295402504,2.2185686,8.611801,3119
4527,0.0007200036585119428,1.1441448,4.0114956,677
4528,0.0052644285223546776,2.6626134,9.827669,4950
4529,0.004217923943365384,2.5652719,10.088627,3966
4530,0.0014878657581362008,3.1912239,11.417972,1399
4531,0.005589865921918421,2.6437047,10.284437,5256
4532,0.0013496080393672902,1.6571778,5.136362,1269
4533,0.0017558730283651664,3.2068372,10.429187,1651
4534,0.0002637531865745374,1.4020363,7.062084,248
4535,0.00027119783296978645,1.6086133,6.617676,255
4536,0.0017813975302917345,1.265691,5.2303977,1675
4537,0.002496083584235642,4.018234,11.538989,2347
4538,0.0005306969358898958,1.1722863,4.0019536,499
4539,0.0006647005710043785,1.5441425,6.808959,625
4540,0.003042733333829643,2.4482026,7.9114375,2861
4541,0.0006795898637948766,1.1785095,4.521327,639
4542,0.000949724175851056,2.0984623,6.8330526,893
4543,0.007844530258765274,1.3921013,5.6368923,7376
4544,0.0022099964584753576,1.3233095,7.346528,2078
4545,0.0008316733544406784,1.9805138,9.870301,782
4546,0.000955041780419091,1.4974245,6.437132,898
4547,0.002621579052041269,1.6834221,5.8504586,2465
4548,0.0032565010374646514,2.1113782,8.787974,3062
4549,0.005337811465393561,1.4248581,6.810795,5019
4550,0.0016016624958921505,3.3968444,11.320904,1506
4551,0.001334718746576792,1.9927021,6.672678,1255
4552,0.0033788059425294567,1.548397,5.8146887,3177
4553,0.0029161743451104095,2.777273,10.744381,2742
4554,0.0038414375399485044,2.6596324,9.472326,3612
4555,0.0006413031109050244,1.7272644,7.116798,603
4556,0.012944113039510865,1.3161155,6.9506907,12171
4557,0.0029597787025682967,1.6956488,7.7837515,2783
4558,0.0005477132705076079,1.5777177,6.012494,515
4559,0.001299622556427761,3.2029886,13.286215,1222
4560,0.0009263267157517019,1.4180635,4.5744224,871
4561,0.011822098475655475,1.6758603,6.88835,11116
4562,0.002607753280164378,1.1905817,3.7625825,2452
4563,0.000759353932315402,1.3257971,4.943194,714
4564,0.002401430222924619,1.1129061,3.8951125,2258
4565,0.005037898567756386,2.1195333,7.1345425,4737
4566,0.001323020016527115,2.0946493,6.899051,1244
4567,0.007805179984961814,2.1176734,9.846346,7339
4568,0.001496373925445057,1.6478918,5.4014864,1407
4569,0.0021993612493392874,1.1177025,4.625437,2068
4570,0.0005009183503088997,1.2516823,4.716397,471
4571,0.0038978041483696754,3.5984824,10.120833,3665
4572,0.0010411869744212585,1.6558049,9.137102,979
4573,0.004159430293116999,2.2882512,9.046921,3911
4574,9.67804031382375e-05,1.422969,5.1722646,91
4575,0.001905829477183754,3.2082474,11.556053,1792
4576,0.00022865699642550622,1.3351958,6.199709,215
4577,0.010086432344648842,2.389008,6.85666,9484
4578,0.0012336842597841266,1.8732905,9.441541,1160
4579,0.00338837763075192,3.5585577,11.185033,3186
4580,0.0027385663525380396,2.4552493,8.941307,2575
4581,0.005411194408432444,1.4498997,5.121542,5088
4582,0.0008178475825637874,1.8335122,7.4333987,769
4583,0.0015952813704105085,1.1416061,3.743519,1500
4584,0.0012134773624255934,1.2349385,3.8767376,1141
4585,0.0016144247468554346,1.6982533,7.157338,1518
4586,0.0004243448445291952,1.4655133,7.1380405,399
4587,0.0015623122220886913,1.0781168,4.1682205,1469
4588,0.0004169001981339462,1.4732457,6.5783625,392
4589,0.0011581742749180292,3.2469213,10.717957,1089
4590,0.004317894909244443,1.99592,7.825001,4060
4591,0.005467561016853616,2.5278103,8.344185,5141
4592,0.0020068639639764197,1.6759716,7.228666,1887
4593,0.0031044175468188493,3.3493474,12.026738,2919
4594,0.00513574249180823,2.2922606,9.296048,4829
4595,0.001886686100738828,2.0353706,7.8887353,1774
4596,0.001123078084768998,1.2790619,5.489542,1056
4597,0.003777626285132084,2.051333,8.30231,3552
4598,0.002673691576808012,3.2629185,11.227274,2514
4599,0.0017707623211556643,1.5608143,5.4661202,1665
4600,0.0024269547248511867,2.071923,10.475677,2282
4601,0.000949724175851056,2.0514584,6.588923,893
4602,0.002455669789518576,4.147741,12.972937,2309
4603,0.0018303194923176567,3.1089447,10.487187,1721
4604,0.0005434591868531799,1.8568944,9.737711,511
4605,0.00038712161255295,1.2960778,4.3882656,364
4606,0.0027609002917237868,1.7750052,6.7969675,2596
4607,0.00025630854017928836,1.2250904,3.5616262,241
4608,0.0003977568216890201,1.7145804,9.034038,374
4609,0.0001340036351144827,2.5442712,13.354876,126
4610,0.0010029002215314062,1.2554235,4.7002835,943
4611,0.00032862796230456476,1.9969813,8.974728,309
4612,0.0002690707911425724,1.3073764,7.1809278,253
4613,0.0027949329609592106,4.3848715,12.501612,2628
4614,0.0003998838635162341,2.3015888,8.727453,376
4615,0.000577491856088604,2.6970663,9.516039,543
4616,0.007787100129430495,2.2919486,8.068059,7322
4617,0.001332591704749578,1.750507,8.480576,1253
4618,0.0002765154375378215,1.7427152,9.036355,260
4619,0.0009273902366653089,1.4983196,9.043712,872
4620,0.0035160001403847607,2.0552979,7.289853,3306
4621,0.003752101783205516,1.431938,4.863695,3528
4622,0.0013602432485033602,2.9195921,11.68701,1279
4623,0.00012655898871923366,1.1794717,3.3211472,119
4624,0.00038712161255295,1.2833266,3.456288,364
4625,0.013658799093454773,2.010388,7.499112,12843
4626,0.00027757895845142847,2.1196814,9.966727,261
4627,0.0028970309686654834,2.9322588,10.001072,2724
4628,0.008198682722996406,1.3939799,6.386925,7709
4629,0.25503018804113275,5.4053082,18.421652,239798
4630,0.002120660701732369,3.3338356,12.115839,1994
4631,0.001680363043499069,1.6460096,6.7665906,1580
4632,0.0009624864268143401,1.5938946,7.3815846,905
4633,0.002285506443341455,3.5820642,10.510943,2149
4634,0.0011443485030411382,1.575487,5.6033316,1076
4635,0.0013815136667755003,1.2305077,3.976916,1299
4636,0.0007104319702894797,1.795064,7.692447,668
4637,0.000374359361589666,1.2297492,3.8329523,352
4638,0.0016388857278683956,1.2295436,5.6836796,1541
4639,0.0027832342309095336,1.9708098,6.95216,2617
4640,0.002642849470313409,1.4728514,5.410159,2485
4641,0.0006232232553737053,1.6226368,7.132993,586
4642,0.00020206897358533108,1.8056246,11.168362,190
4643,0.0012102867996847725,2.6635196,13.168006,1138
4644,0.004084983829164508,1.9377401,6.9612317,3841
4645,0.0027162324133522923,1.7691994,6.2917304,2554
4646,0.000745528160438511,1.7746395,7.4522357,701
4647,0.005230395853119254,1.2400467,4.244454,4918
4648,0.0007114954912030868,1.9802408,7.0382695,669
4649,0.10081965556811692,1.5812931,15.175974,94798
4650,0.0007891325178963982,1.1709672,4.27021,742
4651,0.0007029873238942307,1.6305026,7.8475084,661
4652,0.0010709655600022547,1.6966718,7.0338073,1007
4653,0.001878177933429972,1.391425,7.5335474,1766
4654,2.1270418272140114e-05,1.0073314,1.9450388,20
4655,0.0020674846560520188,1.7482224,7.143833,1944
4656,0.004642268787894579,2.9904027,10.829581,4365
4657,0.001702696982684816,1.3883293,5.4746904,1601
4658,0.016111278320232528,1.2011795,3.8580441,15149
4659,0.0010475680999029006,1.3544166,4.429823,985
4660,0.00033926317144063477,1.5532707,7.528626,319
4661,0.0005594120005572849,1.7862537,8.681698,526
4662,0.001151793149436387,1.1763732,5.635866,1083
4663,0.002082373948842517,1.1074514,3.4309747,1958
4664,0.0025822287782378095,1.4284166,5.8548746,2428
4665,0.0008561343354536395,2.7199578,11.786656,805
4666,0.002618388489300448,1.1539286,4.478991,2462
4667,0.0008561343354536395,1.9090811,8.595124,805
4668,0.007202163626946642,2.0708404,8.24705,6772
4669,0.004472105441717458,1.6845379,7.4982505,4205
4670,0.002289760526995883,2.319408,9.370306,2153
4671,0.0021706461846718985,2.3626063,9.515496,2041
4672,0.005236776978600896,3.4482472,11.19182,4924
4673,0.00253224329529828,3.4237332,10.226571,2381
4674,2.020689735853311e-05,1.1349247,1.9889165,19
4675,0.00041264611447951817,1.2218962,3.4057882,388
4676,0.0007753067460195071,1.416978,4.264844,729
4677,0.00055409439598925,1.5534666,5.4740453,521
4678,0.0016835536062398898,2.9441392,9.755842,1583
4679,0.003915884003900995,1.475263,6.3267245,3682
4680,0.001718649796388921,4.220618,12.47577,1616
4681,0.0003498983805767048,1.3964589,4.748988,329
4682,0.0023089039034408093,2.8705668,11.067334,2171
4683,0.00506129602785574,1.4428697,7.017457,4759
4684,0.0005370780613715378,2.0571277,7.052118,505
4685,0.0003360726086998138,1.911774,12.79065,316
4686,0.0019143376444926102,3.6967328,12.020052,1800
4687,0.0011996515905487023,2.115982,8.4675665,1128
4688,0.013090878925588632,1.9847177,8.941209,12309
4689,0.00429024336549066,1.496348,5.258,4034
4690,0.0007784973087603281,1.3363283,5.611174,732
4691,0.14578744683724834,2.8121784,13.355345,137080
4692,0.03072299215227918,1.7119803,7.231579,28888
4693,0.0007157495748575148,1.3742602,5.781472,673
4694,0.00010422504953348655,1.4364076,5.013915,98
4695,0.003989266946939878,1.9157519,8.148635,3751
4696,0.006207771572724092,1.6391482,5.613362,5837
4697,0.006455571945594524,1.6517187,8.394079,6070
4698,0.0012549546780562667,1.5576557,7.5110507,1180
4699,0.010912788094521484,1.6910547,8.918498,10261
4700,0.0038946135856288548,1.3935007,5.1108804,3662
4701,0.001878177933429972,1.067963,3.187891,1766
4702,0.0025758476527561677,1.5810574,7.533898,2422
4703,0.002772599021773464,2.39005,9.544508,2607
4704,0.0035447152050521497,2.001782,7.8699975,3333
4705,0.009276029408480303,35.088097,69.42232,8722
4706,0.004832639031430234,2.6388693,8.983545,4544
4707,0.0014719129444320958,2.0351386,7.943994,1384
4708,0.0016197423514234695,3.2824924,11.12603,1523
4709,0.0009263267157517019,1.4506656,4.558143,871
4710,0.0012719710126739788,1.8414208,6.757111,1196
4711,0.003751038262291909,1.0404718,3.8075488,3527
4712,0.000759353932315402,1.6892477,9.347107,714
4713,0.004656094559771471,1.5996294,10.720201,4378
4714,0.004868798742492872,1.54938,5.4507575,4578
4715,0.00488368803528337,1.9520293,9.237338,4592
4716,0.0006678911337451996,1.3060683,4.693764,628
4717,0.0010411869744212585,1.5059056,4.9149194,979
4718,0.0008263557498726433,2.0418873,7.7069583,777
4719,0.0017920327394278044,2.9168677,11.401062,1685
4720,7.763702669331141e-05,0.96978635,1.7597673,73
4721,0.0014570236516415977,2.0112383,9.134899,1370
4722,0.004802860445849238,2.5621603,11.710542,4516
4723,0.0022972051733911323,1.1907163,3.241884,2160
4724,0.001354925643935325,1.844163,8.671502,1274
4725,0.0031352596533134524,1.5133066,7.584122,2948
4726,0.00011911434232398463,1.4922794,7.142438,112
4727,0.0040381889089658,2.8943038,9.30978,3797
4728,0.0015889002449288663,2.748615,10.674841,1494
4729,0.00025418149835207437,1.6650436,6.7447424,239
4730,0.0019430527091599992,1.3937454,4.376365,1827
4731,8.508167308856045e-06,0.9135943,1.2815518,8
4732,0.005516482978879538,1.7801505,6.740616,5187
4733,0.0027906788773047826,1.5968163,5.488738,2624
4734,0.0019185917281470382,1.9117227,6.8554554,1804
4735,0.0010635209136070057,1.9953771,7.407336,1000
4736,0.0023089039034408093,3.680579,10.784526,2171
4737,0.0019249728536286802,2.0486798,9.503769,1810
4738,0.0057812996863676825,1.7160462,6.9093695,5436
4739,0.0012124138415119865,1.3214474,4.451794,1140
4740,0.003002319539112577,1.3458372,4.7941194,2823
4741,0.0024003667020110115,2.7648275,11.163375,2257
4742,0.002851299569380382,2.1718283,7.458536,2681
4743,0.004347673494825439,1.1440824,4.0406938,4088
4744,0.002872569987652522,1.8875635,8.008105,2701
4745,0.0006115245253240282,1.4911503,7.7743244,575
4746,0.0014368167542830647,1.4718994,5.0995393,1351
4747,0.005629216195721881,2.2942746,9.2470665,5293
4748,0.0002626896656609304,1.5865093,7.963361,247
4749,0.00016484574160908588,0.93049264,3.0353303,155
4750,0.0029129837823695885,2.6780152,8.017188,2739
4751,0.010757514041134862,1.2548424,4.8176765,10115
4752,0.012397463289916864,1.9468995,8.98616,11657
4753,0.0023748422000844436,2.5396032,8.200615,2233
4754,0.0009975826169633713,2.0395303,11.5236025,938
4755,0.0016622831879677497,1.2555857,5.352806,1563
4756,0.0019366715836783572,1.6862448,6.045583,1821
4757,0.0027460109989332886,0.9734559,2.5240457,2582
4758,0.005886588256814776,1.9808186,9.807098,5535
4759,0.0001329401142008757,2.1277351,6.2103834,125
4760,0.0011943339859806672,2.0935602,7.578723,1123
4761,0.004630570057844902,2.2086642,8.79659,4354
4762,0.002819393941972172,1.5719084,6.312447,2651
4763,0.004984722522076036,1.2790368,3.8982847,4687
4764,0.0007380835140432619,1.574218,8.58257,694
4765,0.023766501856375754,2.4333286,10.09435,22347
4766,0.003554286893274613,2.2178655,8.171538,3342
4767,0.002982112641754044,2.9904594,8.726659,2804
4768,0.00032969148321817176,1.0915679,3.1565874,310
4769,0.02862041130607813,3.0978448,8.149485,26911
4770,0.0008827223582938147,1.5793755,6.515824,830
4771,0.0017324755682658123,2.1689289,7.863288,1629
4772,0.003603208855300535,0.9581609,2.4193583,3388
4773,0.018693507098470338,1.4483685,6.177652,17577
4774,0.0021036443671146573,3.2252357,10.215052,1978
4775,8.295463126134644e-05,0.83092034,1.5350767,78
4776,7.444646395249039e-06,0.78981954,1.4628143,7
4777,0.001536787720162123,1.8495278,7.8628225,1445
4778,0.015195586813616897,2.1687953,8.362875,14288
4779,0.002030261424075774,1.8677727,7.763859,1909
4780,0.0006359855063369894,1.5776542,5.522892,598
4781,0.0023950490974429767,2.5313313,8.172584,2252
4782,0.0009273902366653089,1.705146,9.446407,872
4783,0.0010582033090389706,1.6878755,6.5797677,995
4784,0.0029119202614559816,1.2047125,4.283588,2738
4785,0.0021961706865984668,2.7367487,8.193364,2065
4786,0.001324083537440722,3.1097076,11.042658,1245
4787,0.00022865699642550622,1.8827226,11.757076,215
4788,0.003737212490415018,2.4608626,9.279066,3514
4789,0.0025386244207799224,3.1987877,11.754071,2387
4790,0.004447644460704498,1.5655915,5.1675596,4182
4791,0.0030895282540283515,2.9053483,11.047069,2905
4792,0.00013506715602808973,1.891202,8.985149,127
4793,0.00027119783296978645,1.8259472,8.271038,255
4794,0.0024312088085056147,1.6850408,5.838518,2286
4795,0.005202744309365471,1.9760787,8.343375,4892
4796,0.0007753067460195071,1.251169,5.1353045,729
4797,0.0031661017598080556,2.8395956,10.927239,2977
4798,0.010270421462702854,1.7439822,7.1018977,9657
4799,0.0008848494001210287,1.5216489,6.1721177,832
4800,0.005514355937052324,2.25742,8.046713,5185
4801,0.000551967354162036,1.7207125,7.451749,519
4802,0.003456442969222768,1.5575879,6.238908,3250
4803,0.0026917714323393314,3.9580798,11.064843,2531
4804,0.0019451797509872134,1.3862215,5.463971,1829
4805,0.0007508457650065459,1.412391,6.8842444,706
4806,0.0019590055228641042,1.6607292,6.8946853,1842
4807,0.001331528183835971,1.5065427,5.225622,1252
4808,0.0012379383434385546,1.8974218,8.119336,1164
4809,0.01850100981310747,2.258632,11.568267,17396
4810,0.0036393685663631734,2.0079544,8.931548,3422
4811,0.0015995354540649365,1.8081328,6.8528976,1504
4812,0.0025737206109289535,1.9225428,7.7826724,2420
4813,0.003976504695976594,2.5540617,12.1427145,3739
4814,0.0009220726320972738,3.2814002,13.403077,867
4815,0.0026715645349807983,1.873115,7.1680717,2512
4816,2.1270418272140113e-06,1.2064638,1.2605382,2
4817,0.007690319726292257,1.4983517,5.1804495,7231
4818,0.005568595503646282,2.5369053,9.763066,5236
4819,0.0003509619014903119,1.6809528,7.9461017,330
4820,0.00025843558200650235,1.2233245,6.271952,243
4821,0.03249481799434845,1.7314744,7.3004246,30554
4822,0.053433417741443175,2.2467906,15.304144,50242
4823,0.0003956297798618061,1.0309402,3.453513,372
4824,0.0023195391125768795,4.3853946,12.735197,2181
4825,0.00045944103467822643,1.6479043,6.2975097,432
4826,0.0017580000701923804,1.5346533,5.813123,1653
4827,0.012282603031247308,1.5706525,8.299483,11549
4828,0.0018281924504904427,1.5605748,5.4111834,1719
4829,0.0016633467088813568,1.2011688,3.682134,1564
4830,0.00037116879884884494,1.4084831,7.1240516,349
4831,0.0027258041015747556,1.8239051,7.4938235,2563
4832,0.0027151688924386855,1.3833511,6.1088643,2553
4833,0.0024939565424084284,2.168792,6.815271,2345
4834,0.0033756153797886356,2.5610018,10.155987,3174
4835,0.0033330745432443554,1.3761189,4.7297826,3134
4836,0.0029480799725186196,1.8778267,7.290089,2772
4837,0.0010060907842722273,3.2225037,11.06115,946
4838,0.0027300581852291836,3.6053646,13.03118,2567
4839,0.0008189111034773944,1.2811391,3.9336,770
4840,0.0032937242694408963,1.8440474,9.533579,3097
4841,0.0013559891648489322,1.7445534,10.997266,1275
4842,0.0027183594551795066,2.4702756,7.7063046,2556
4843,0.00030842106494603165,1.1503323,4.605733,290
4844,0.0071362253303030075,2.1110291,10.390864,6710
4845,0.00031054810677324564,1.4509006,4.32737,292
4846,0.0022142505421297856,1.3162942,5.6580396,2082
4847,0.002682199744116868,2.8979478,9.054598,2522
4848,0.008560279833622788,1.4219241,6.988525,8049
4849,0.00414135043758568,1.3954306,6.07542,3894
4850,0.00034883485966309783,1.3761969,5.8633175,328
4851,0.0007519092859201529,1.4493444,10.518968,707
4852,0.0010794737273111107,1.8830583,9.260822,1015
4853,7.870054760691842e-05,1.1104468,2.5007892,74
4854,0.001894130747134077,1.9492588,7.624832,1781
4855,0.002497147105149249,4.092217,12.652741,2348
4856,0.001159237795831636,1.8646302,6.944295,1090
4857,0.0008029582897732892,1.2267696,3.742343,755
4858,0.00042009076087476724,1.2466604,5.531665,395
4859,0.004693317791747716,1.1725776,4.158627,4413
4860,0.09559457731956571,1.2731873,6.7584076,89885
4861,0.0018398911805401197,2.956613,10.364381,1730
4862,0.0007104319702894797,1.502555,5.990108,668
4863,0.00038924865438016407,0.9248794,2.595207,366
4864,0.000942279529455807,2.8083231,9.778246,886
4865,0.000568983688779748,1.2768743,6.6473885,535
4866,0.0013910853549979633,3.307258,10.572553,1308
4867,0.0007221307003391569,1.2367412,5.710216,679
4868,0.004491248818162385,1.7305454,7.2160034,4223
4869,0.0025418149835207435,3.260523,10.110332,2390
4870,0.002456733310432183,1.2879913,3.8763745,2310
4871,0.0006391760690778104,1.6774412,5.5544224,601
4872,0.0002648167074881444,1.5068904,6.355877,249
4873,0.0015889002449288663,2.4257166,11.293108,1494
4874,0.006299234371294295,1.11355,4.172835,5923
4875,0.000950787696764663,2.5355246,11.103926,894
4876,0.060689820934983776,2.2499654,7.421111,57065
4877,0.000936961924887772,1.8992683,7.051051,881
4878,0.0008593248981944605,1.5763203,7.463702,808
4879,0.001309194244650224,2.5867028,9.469256,1231
4880,0.001497437446358664,1.8813456,6.831952,1408
4881,0.0009156915066156319,1.2669551,7.8637815,861
4882,0.030407126440937897,2.417895,8.514188,28591
4883,0.002623706093868483,2.0125139,7.3908525,2467
4884,0.0008667695445897096,1.4218106,7.4303784,815
4885,0.0011688094840540991,1.3043356,4.7516932,1099
4886,0.0003424537341814558,1.2483459,3.6569061,322
4887,0.0012113503205983794,1.4554163,9.2886,1139
4888,0.0005115535594449697,2.127501,8.309947,481
4889,0.002311030945268023,3.0327044,12.975149,2173
4890,0.0008316733544406784,1.1077899,3.7115126,782
4891,7.019238029806238e-05,1.9126327,8.521106,66
4892,5.3176045680350284e-05,1.4572052,7.0522785,50
4893,0.0027332487479700043,1.4724663,5.396037,2570
4894,0.0005498403123348219,1.5703728,7.1154394,517
4895,0.0022089329375617507,3.0347118,9.179043,2077
4896,0.0009337713621469509,2.0765455,7.954696,878
4897,0.000759353932315402,1.5864453,11.5095625,714
4898,0.0007657350577970441,1.1264249,4.762289,720
4899,0.02679859998106933,1.4981567,6.197443,25198
4900,0.0019260363745422873,1.0880004,4.5375495,1811
4901,0.0007423375976976899,1.1063765,4.847878,698
4902,3.72232319762452e-05,1.0757604,2.4398708,35
4903,0.002973604474445188,2.1245995,9.576879,2796
4904,0.0007901960388100052,1.1607798,3.569536,743
4905,0.0017250309218705632,2.3709795,10.058921,1622
4906,0.00131770241195908,1.6762208,7.693205,1239
4907,0.0005987622743607442,1.6901174,6.704144,563
4908,0.0015314701155940882,1.167662,3.5635672,1440
4909,0.00210258084620105,2.2569168,8.907471,1977
4910,0.0007072414075486587,1.1437886,4.4343443,665
4911,0.0003435172550950628,1.7248902,6.113276,323
4912,0.0022259492721794626,3.352657,10.38548,2093
4913,8.189111034773943e-05,1.3703542,4.1113877,77
4914,0.006322631831393649,1.7285596,5.769655,5945
4915,0.007566951300313845,1.5034933,5.2722297,7115
4916,0.0023929220556157624,1.7405411,7.0914774,2250
4917,0.00056472960512532,2.057151,10.437388,531
4918,0.0016101706632010064,1.6025293,7.1359286,1514
4919,0.0007657350577970441,1.2844216,4.1999645,720
4920,0.0031894992199074097,2.7129421,9.768945,2999
4921,0.002430145287592008,2.7363262,8.881219,2285
4922,0.00016165517886826487,1.8673552,11.601885,152
4923,0.0025620218808792765,1.2449533,5.138039,2409
4924,0.001332591704749578,1.2764649,7.8201275,1253
4925,0.0003009764185507826,1.4776845,5.234982,283
4926,0.0006583194455227365,1.997714,7.6845865,619
4927,0.0020323884659029876,3.8150876,12.3954315,1911
4928,0.0013985300013932124,1.5228506,5.2275004,1315
4929,0.0036202251899182473,2.5551534,12.184012,3404
4930,0.002815139858317744,1.6697104,8.000458,2647
4931,0.003407521007196846,4.3513923,12.538372,3204
4932,0.0039009947111104965,1.6610049,5.2408304,3668
4933,0.0016856806480671038,2.8339772,8.829056,1585
4934,0.0006104610044104212,1.1888193,5.243594,574
4935,6.062069207559932e-05,1.1941189,2.8345525,57
4936,0.0008454991263175695,1.5910655,5.819706,795
4937,0.0029693503907907595,1.496224,4.546331,2792
4938,0.000372232319762452,1.1054345,5.099457,350
4939,0.02724208820204345,1.9986937,9.564737,25615
4940,0.0019611325646913184,1.3734823,5.0603685,1844
4941,0.003069321356669818,2.912653,7.8263845,2886
4942,0.0004775208902095455,1.8609234,10.400569,449
4943,0.003584065478855609,1.4030353,6.109076,3370
4944,0.003024653478298324,2.3344753,9.090113,2844
4945,0.0017835245721189484,2.7332823,10.834388,1677
4946,0.002607753280164378,1.137786,3.7021549,2452
4947,0.004880497472542549,1.6670876,6.995539,4589
4948,0.0014304356288014225,2.3575993,8.761023,1345
4949,0.0047592560883913506,2.6002984,9.746443,4475
4950,0.0002977858558099616,1.3733672,5.9983344,280
4951,0.0008635789818488886,1.1286653,3.7824519,812
4952,0.0030437968547432502,2.83456,10.642483,2862
4953,0.0006306679017689543,1.490931,4.940291,593
4954,0.004558250635719626,3.7305174,10.495033,4286
4955,0.00016590926252269287,1.4302465,7.9880543,156
4956,0.0034670781783588383,1.4888219,5.1038156,3260
4957,0.000562602563298106,1.4305826,6.023182,529
4958,0.0010348058489396165,0.9193602,3.0697815,973
4959,0.0023206026334904864,2.697845,11.50974,2182
4960,0.0010262976816307605,1.357962,5.892472,965
4961,0.0010188530352355115,1.5833651,11.893601,958
4962,0.0065959567061906485,2.108134,8.784713,6202
4963,0.002066421135138412,2.5944648,8.204446,1943
4964,0.0007178766166847288,1.038357,3.4509585,675
4965,0.001860098077898653,4.025173,12.971141,1749
4966,0.001496373925445057,2.1662865,6.6276855,1407
4967,0.005965288804421694,2.2434785,10.386667,5609
4968,0.002434399371246436,1.0304089,3.4339526,2289
4969,0.0020249438195077385,1.4491205,6.2517533,1904
4970,0.007776464920294425,2.699213,12.803239,7312
4971,0.0021323594317820462,1.3705839,6.3111835,2005
4972,0.0021355499945228673,1.3817084,4.3723574,2008
4973,0.00640026885808696,1.3919564,4.6218057,6018
4974,0.0006551288827819154,2.0280383,7.328116,616
4975,8.827223582938147e-05,1.3994325,4.1715508,83
4976,0.001534660678334909,1.628688,6.7097836,1443
4977,0.003370297775220601,1.4000274,5.281556,3169
4978,0.0031448313415359157,4.1956,12.32333,2957
4979,0.0026566752421903,1.8550395,9.125575,2498
4980,0.0031288785278318107,2.8353977,8.552556,2942
4981,5.849365024838531e-05,1.1234857,3.321158,55
4982,0.0005062359548769346,1.8360287,6.3398285,476
4983,1.3825771876891073e-05,0.73938155,0.9484139,13
4984,0.0008561343354536395,1.6217763,6.1773396,805
4985,0.0017154592336481001,2.2399027,7.537214,1613
4986,0.0004956007457408646,1.500466,5.7184544,466
4987,0.004996421252125713,2.678137,12.1553545,4698
4988,0.002520544565248603,2.7656076,9.854866,2370
4989,0.0018526534315034039,1.1698457,4.1349835,1742
4990,0.053195189056795204,1.4329433,4.946784,50018
4991,0.0012081597578575585,1.3707353,6.7017403,1136
4992,0.005602628172881706,1.2785186,5.1212854,5268
4993,0.0027268676224883625,2.6827483,9.445496,2564
4994,0.0010762831645702896,1.8092959,6.232933,1012
4995,0.003575557311546753,1.5685018,5.3648796,3362
4996,0.0006997967611534096,2.3618624,8.927803,658
4997,0.0032958513112681105,2.78675,10.048095,3099
4998,0.004766700734786599,4.1991796,13.323457,4482
4999,0.014997771923685994,1.4063513,5.7774734,14102
5000,0.0014729764653457027,1.4009488,6.0220494,1385
5001,0.003187372178080196,1.5247563,6.1127453,2997
5002,0.0050793758833870585,1.5931838,5.435848,4776
5003,0.0005051724339633276,1.4699833,9.272974,475
5004,0.0003573430269719539,1.4861515,6.4581304,336
5005,0.003049114459311285,1.8055642,7.184423,2867
5006,0.004132842270276824,2.5830219,11.899545,3886
5007,0.0009093103811339898,1.4884884,5.3248405,855
5008,0.002681136223203261,1.764944,8.697388,2521
5009,0.002432272329419222,2.8545487,9.686831,2287
5010,0.000956105301332698,1.7052835,7.9281545,899
5011,0.0025333068162118875,2.139021,8.520727,2382
5012,0.005214443039415148,2.9919677,11.157589,4903
5013,0.0022450926486243888,1.2855262,5.5216193,2111
5014,0.0008199746243910014,2.4218671,10.433254,771
5015,0.0004722032856415105,2.8256319,11.359905,444
5016,0.013916171154547668,1.2631752,5.8642635,13085
5017,0.002698152557820973,2.1647594,9.505274,2537
5018,0.0017877786557733764,1.09368,3.4948406,1681
5019,0.014915880813338254,1.3411556,6.0276175,14025
5020,0.0018228748459224076,1.3205152,5.238136,1714
5021,0.0020270708613349528,1.816602,6.647936,1906
5022,0.0010145989515810833,1.7560618,5.5963597,954
5023,0.0009348348830605579,2.035576,8.116714,879
5024,0.0004998548293952927,1.9706948,9.491564,470
5025,0.0008997386929115267,2.0451295,8.821281,846
5026,0.0004094555517386972,1.6776596,9.105113,385
5027,2.6588022840175142e-05,0.9034072,1.8429941,25
5028,0.006790581033380731,2.803384,10.574818,6385
5029,0.0011081887919785,1.5679585,6.3512983,1042
5030,0.0037701816387368347,1.7974281,8.476955,3545
5031,0.06335075026082851,1.3119655,5.3469286,59567
5032,0.001333655225663185,1.7355042,7.0720854,1254
5033,0.0011092523128921068,1.3131884,4.1091137,1043
5034,0.0009688675522959822,1.5253519,5.8262587,911
5035,0.003769118117823228,1.7998381,8.018878,3544
5036,0.00503258096318835,2.289731,10.831514,4732
5037,0.006458762508335345,2.006203,8.420082,6073
5038,0.005939764302495126,1.6042194,6.038801,5585
5039,0.0016122977050282204,1.6070285,8.533715,1516
5040,0.0006083339625832072,1.4450265,6.421341,572
5041,0.0014293721078878156,1.799738,7.482891,1344
5042,0.0006200326926328843,1.9988259,9.349303,583
5043,0.0006891615520173396,1.2171394,4.866039,648
5044,0.0013953394386523913,3.2335072,8.142239,1312
5045,0.003195880345389052,1.280121,4.943455,3005
5046,0.007793481254912137,1.5016686,5.8451557,7328
5047,0.005930192614272663,2.4129422,7.604288,5576
5048,0.00016590926252269287,1.4367193,5.1091633,156
5049,0.0038658985209614654,1.5329307,5.2253475,3635
5050,0.004238130840723917,2.557099,10.946942,3985
5051,0.0005934446697927092,2.0614548,8.743845,558
5052,0.0002839600839330705,1.5655533,7.921337,267
5053,0.0017728893629828783,3.448398,8.546633,1667
5054,0.004416802354209894,2.2048328,8.007594,4153
5055,6.381125481642034e-05,1.0597343,2.060545,60
5056,0.007097938577413155,3.338804,10.825143,6674
5057,0.0029842396835812576,1.9337803,9.191235,2806
5058,0.0001297495514600547,2.074496,7.222014,122
5059,0.0019600690437777115,3.1146662,10.619231,1843
5060,0.002462050915000218,1.4799712,5.302301,2315
5061,0.0027460109989332886,1.5176396,6.5103574,2582
5062,0.0002850236048466775,1.4040381,7.478575,268
5063,0.0016463303742636447,1.637459,7.506054,1548
5064,0.003535143516829687,1.8310604,6.7115026,3324
5065,0.00015952813704105085,0.9459713,2.4095032,150
5066,0.0003966933007754131,1.4513171,7.4114504,373
5067,0.00013825771876891074,1.6887412,6.9653416,130
5068,0.0027555826871557515,3.246664,13.456611,2591
5069,0.0008348639171814994,1.3864877,5.0421953,785
5070,0.0036723377146849904,1.7647848,6.856414,3453
5071,0.0005115535594449697,1.5307645,7.725154,481
5072,0.0004977277875680787,1.5925379,9.00095,468
5073,0.0009039927765659548,1.6330963,7.5017376,850
5074,0.003183118094425768,1.6885645,7.0736,2993
5075,0.0004190272399611602,1.8233876,11.25694,394
5076,0.006235423116477874,1.7941481,7.978626,5863
5077,0.04288329027846168,2.066047,7.269986,40322
5078,0.0018345735759720846,1.7882679,7.674016,1725
5079,0.0001116696959287356,1.4615694,5.4010687,105
5080,0.002480130770531537,3.165142,11.197145,2332
5081,0.000981629803259266,2.0500152,8.9240675,923
5082,0.0042051616924021,1.0947512,4.279788,3954
5083,0.0038510092281709672,2.0406067,7.6224895,3621
5084,0.0010071543051858344,1.3780353,7.1285725,947
5085,0.0045656952821148756,1.359373,4.6941266,4293
5086,0.002054722405088735,0.7922857,3.1003757,1932
5087,0.0005934446697927092,1.3568815,4.8684707,558
5088,0.008650679111279383,1.7555952,8.007874,8134
5089,0.004590156263127836,2.52848,8.402709,4316
5090,0.0007901960388100052,1.4376932,6.166944,743
5091,0.0022014882911665016,3.0401037,10.32884,2070
5092,0.004120080019313539,1.3587744,4.472679,3874
5093,0.0016718548761902128,3.3241785,10.4085,1572
5094,0.0006125880462376352,1.0615484,3.2176821,576
5095,0.0004381706164060863,1.8996546,9.150018,412
5096,0.004628443016017688,2.216283,8.604922,4352
5097,0.0031299420487454176,1.294609,4.713985,2943
5098,0.00253224329529828,2.0176883,6.9323044,2381
5099,0.018908338323018952,2.586604,10.469611,17779
5100,0.007794544775825744,1.6524961,9.78857,7329
5101,0.01781503882383095,1.4538383,5.8999743,16751
5102,1.0635209136070056e-06,1.6386049,1.6386049,1
5103,0.00042859892818362326,1.173689,4.4551945,403
5104,0.002100453804373836,1.6625001,7.38307,1975
5105,0.004275354072700163,2.5014563,8.85062,4020
5106,0.0019526243973824622,1.4190427,6.853671,1836
5107,0.00014676588607776678,1.1578767,2.7760093,138
5108,0.0005051724339633276,1.542426,4.6387267,475
5109,0.002874697029479736,3.5045726,10.701671,2703
5110,0.00915266098250189,1.4273818,6.2541795,8606
5111,0.003262882162946293,2.972172,10.937117,3068
5112,7.231942212527638e-05,1.1815426,3.533288,68
5113,0.0002307840382527202,0.8505847,1.6025969,217
5114,0.002086628032496945,2.0370657,7.5415115,1962
5115,0.0007965771642916473,1.7342018,5.7495017,749
5116,0.0038733431673567144,2.0212216,8.329852,3642
5117,0.015344479741521876,2.276917,7.958289,14428
5118,0.005568595503646282,1.1678303,3.483682,5236
5119,0.004635887662412938,2.255835,7.989039,4359
5120,0.0005158076430993977,1.4361567,4.4287324,485
5121,0.0026726280558944052,1.1039311,3.3815062,2513
5122,0.0013836407086027143,1.405043,3.9955251,1301
5123,0.00032862796230456476,1.733483,8.51853,309
5124,0.003989266946939878,2.7665114,8.203449,3751
5125,0.0029151108241968022,3.2689998,11.839462,2741
5126,0.0012273031343024844,2.3748114,8.8496065,1154
5127,0.003924392171209851,1.5485625,7.0976334,3690
5128,0.003016145310989468,3.4602616,10.481391,2836
5129,0.0013485445184536831,1.832872,6.11448,1268
5130,0.00017973503439958394,1.8905462,7.1351137,169
5131,0.001705887545425637,1.2599227,4.756821,1604
5132,0.0005083629967041487,1.5300585,7.2711234,478
5133,0.0014431978797647066,2.0005107,8.507671,1357
5134,0.00016909982526351389,1.302053,5.2755284,159
5135,0.0045018840272984546,3.4046402,10.456257,4233
5136,0.0029055391359743394,1.5334703,5.9866347,2732
5137,0.007126653642080544,0.8843793,2.710455,6701
5138,2.1270418272140113e-06,1.6786985,1.8100351,2
5139,0.007189401375983358,2.1635091,8.762402,6760
5140,0.003792515577922582,2.5528362,12.363021,3566
5141,0.012941985997683652,0.7788254,2.368915,12169
5142,0.007695637330860293,2.0771997,6.850111,7236
5143,0.0006189691717192773,1.3302982,5.1963396,582
5144,0.00023822868464796926,1.3165647,4.7491775,224
5145,0.0013730054994666443,1.3863242,6.4915433,1291
5146,0.0028736335085661293,2.0279388,7.2458754,2702
5147,0.0025258621698166384,1.6873077,6.6533484,2375
5148,0.00338837763075192,2.5701811,9.100734,3186
5149,0.0006498112782138805,1.2011532,4.3729234,611
5150,0.0006657640919179855,1.8435348,7.197782,626
5151,0.000744464639524904,1.6456043,6.9250383,700
5152,0.010073670093685557,1.6569161,6.621862,9472
5153,0.00203876959138463,1.8616961,8.773653,1917
5154,0.000935898403974165,1.1542746,3.437395,880
5155,0.015605042365355594,2.0244665,8.897321,14673
5156,0.0023929220556157624,3.1035228,9.932382,2250
5157,0.002594991029201094,2.499517,8.534992,2440
5158,0.0031373866951406666,1.6445231,6.452205,2950
5159,0.002705597204216222,1.674829,6.632594,2544
5160,0.006433238006408777,1.3729818,7.237632,6049
5161,0.0027640908544646074,2.1014645,6.9105453,2599
5162,0.00027757895845142847,1.2620606,4.592777,261
5163,0.002666246930412763,2.234715,9.623226,2507
5164,0.0015761379939655824,1.6961085,5.8971252,1482
5165,0.0028810781549613784,1.4729826,5.040049,2709
5166,4.2540836544280225e-06,1.0579269,1.6833681,4
5167,0.0015538040547798352,3.408282,10.983617,1461
5168,0.0034787769084085153,1.381281,5.314903,3271
5169,0.005704726180587978,2.0846303,8.324643,5364
5170,0.0006997967611534096,1.2023149,3.7784433,658
5171,0.0004551869510237984,1.5807922,8.998167,428
5172,0.0017856516139461624,1.6888102,7.5789495,1679
5173,0.010602239987748239,1.171866,4.801357,9969
5174,0.0012804791799828348,2.7642796,9.563762,1204
5175,0.0010337423280260094,3.0488946,11.352528,972
5176,0.026207282353103833,1.3099372,5.3192687,24642
5177,0.0027662178962918216,3.0000365,9.603119,2601
5178,0.00044348822097412135,1.332449,5.7394366,417
5179,0.002828965630194635,3.4653988,12.25678,2660
5180,0.0003413902132678488,1.5100644,5.4130783,321
5181,0.015624185741800519,1.394855,4.649594,14691
5182,0.0016176153095962555,1.3621386,5.191556,1521
5183,0.004908149016296331,1.6711893,6.4494476,4615
5184,0.002037706070471023,1.3166878,4.689272,1916
5185,0.0015889002449288663,2.0967493,7.650719,1494
5186,0.0010294882443715814,1.0781602,3.1717625,968
5187,0.001122014563855391,2.4048789,10.189614,1055
5188,0.0008635789818488886,1.844125,8.935698,812
5189,0.021593728629876643,2.0216346,7.7275786,20304
5190,0.00031161162768685263,1.2358139,4.3541336,293
5191,0.0033756153797886356,2.4377105,8.60389,3174
5192,0.004693317791747716,1.4215498,5.601232,4413
5193,0.00112945921025064,1.2629304,3.5306685,1062
5194,0.0041115718520046834,2.1373231,9.174368,3866
5195,0.0008837858792074217,1.7082397,5.6964345,831
5196,0.0019504973555552483,1.7133293,7.1652308,1834
5197,0.00010422504953348655,1.1308938,2.6281736,98
5198,0.0013974664804796053,1.166052,3.6077838,1314
5199,0.002271680671464564,1.4583306,4.7589192,2136
5200,0.0012273031343024844,1.7240734,7.186278,1154
5201,0.003404330444456025,3.2951133,10.434733,3201
5202,0.0002275934755118992,1.0785807,3.7512996,214
5203,0.0013538621230217182,3.817819,11.954914,1273
5204,0.0016144247468554346,3.0878885,10.084088,1518
5205,0.006859709892765186,2.6788971,9.768941,6450
5206,0.0016399492487820027,1.4685379,5.3469076,1542
5207,0.0002818330421058565,1.3877509,5.038051,265
5208,0.006365172667937929,2.3553379,9.035019,5985
5209,0.0037095609466612357,2.2691936,8.178328,3488
5210,0.0030905917749419584,1.6506696,5.9252076,2906
5211,0.00010103448679266554,1.2393128,3.3736053,95
5212,0.00044561526280133534,1.2251487,4.10746,419
5213,0.0002244029127710782,1.7916418,9.264926,211
5214,0.0013985300013932124,1.6234925,6.739791,1315
5215,0.002053658884175128,1.6864924,5.9706564,1931
5216,0.00027864247936503547,1.581373,9.264229,262
5217,0.0016410127696956096,1.5142713,5.876589,1543
5218,0.0034617605737908034,2.957349,11.832601,3255
5219,0.007017110987979023,1.2049519,5.401995,6598
5220,0.0010124719097538693,1.839894,8.634595,952
5221,0.0010220435979763323,1.7176236,8.414962,961
5222,0.0017643811956740223,1.5264595,4.703561,1659
5223,0.001905829477183754,1.2521828,6.2949543,1792
5224,0.0029193649078512306,2.3009455,10.221919,2745
5225,0.004401913061419396,2.1719203,8.354738,4139
5226,0.0008327368753542854,1.6078988,8.341689,783
5227,0.002504591751544498,1.5240624,5.8049245,2355
5228,0.00038818513346655707,2.0233638,10.939888,365
5229,0.0032894701857864683,2.4103668,10.006515,3093
5230,0.011647681045823926,1.4061029,5.8491893,10952
5231,0.0006689546546588066,1.6577582,5.915298,629
5232,0.0008306098335270714,1.2328298,4.883288,781
5233,0.010551190983895103,2.7396007,10.974442,9921
5234,0.0017388566937474542,2.0911946,6.2828865,1635
5235,0.0014027840850476404,1.5398042,5.7676215,1319
5236,0.002050468321434307,1.1086122,4.089991,1928
5237,0.0008412450426631415,1.6429764,6.960856,791
5238,0.0026758186186352263,1.4019636,5.1543756,2516
5239,0.0024907659796676073,2.408379,7.8900833,2342
5240,0.00025737206109289535,1.6675856,5.035795,242
5241,0.0004605045555918334,1.5055864,6.047887,433
5242,0.0032969148321817174,1.0060705,3.238918,3100
5243,0.0010805372482247178,1.4134516,6.148115,1016
5244,0.009338777142383117,47.34245,88.98552,8781
5245,0.0013740690203802512,1.4346553,4.891313,1292
5246,0.011788065806420051,1.3674523,4.8860936,11084
5247,0.0014495790052463486,1.4745184,5.9443445,1363
5248,0.002420573599369545,1.4008346,4.8150373,2276
5249,0.0014846751953953798,1.1282979,3.4754043,1396
5250,0.0046720473734755755,2.795318,9.424906,4393
5251,0.0023684610746028015,2.7357817,10.409463,2227
5252,0.005791934895503753,3.2688394,13.238498,5446
5253,7.65735057797044e-05,1.0067388,2.1476254,72
5254,0.0006466207154730595,1.8354354,7.606681,608
5255,0.0006849074683629116,1.6572096,8.4435215,644
5256,0.0012560181989698736,1.3761946,5.5062723,1181
5257,0.005605818735622527,0.96863526,3.2466798,5271
5258,0.0011049982292376788,2.0996633,11.720813,1039
5259,0.0010284247234579745,1.8401247,6.719933,967
5260,0.003589383083423644,1.6197381,6.3533335,3375
5261,0.0006125880462376352,1.3336687,5.449717,576
5262,0.004339165327516583,1.9260945,6.7610655,4080
5263,0.01390128186175717,2.1726272,6.5386977,13071
5264,0.0023206026334904864,2.625785,8.316215,2182
5265,0.004427437563345965,1.3697114,5.9816856,4163
5266,0.0008944210883434918,1.5211389,5.6276364,841
5267,0.0010401234535076516,1.6814754,7.064951,978
5268,0.0003403266923542418,1.0168487,4.31293,320
5269,0.0025854193409786306,2.3716626,7.0344057,2431
5270,0.0040020291979031624,2.3263109,10.013497,3763
5271,0.04196972581367326,2.5578234,9.874514,39463
5272,0.0008901670046890637,2.2474277,6.445635,837
5273,6.381125481642034e-05,0.9000821,1.9070487,60
5274,0.0025673394854473118,1.1118939,4.626175,2414
5275,0.0009901379705681223,2.073114,8.666748,931
5276,0.0004902831411728296,1.4092164,6.8189816,461
5277,0.00018398911805401198,1.0578924,2.7738457,173
5278,0.001668664313449392,1.5969051,7.402438,1569
5279,0.004544424863842735,1.3103827,3.7972054,4273
5280,0.0014325626706286367,1.4977652,8.346895,1347
5281,0.00010954265410152158,1.296617,4.153955,103
5282,0.0005923811488791021,1.1264085,3.7014217,557
5283,0.0010911724573607878,0.98589313,2.9683766,1026
5284,0.055798688253305154,3.5041077,10.562817,52466
5285,0.005670693511352554,2.442204,8.835194,5332
5286,0.0002467368519568253,1.3282597,4.194269,232
5287,0.008607074753821496,2.041747,9.307235,8093
5288,6.381125481642033e-06,0.97241837,1.5487336,6
5289,0.0009986461378769782,1.7727728,7.074844,939
5290,0.0026120073638188058,1.7973728,9.613837,2456
5291,0.0009061198183931688,1.6006838,7.7380805,852
5292,0.0026970890369073662,4.6554766,12.692125,2536
5293,0.004763510172045778,2.5410883,9.488904,4479
5294,0.0011656189213132783,1.9198122,6.509477,1096
5295,0.0077892271712577095,1.837519,6.703453,7324
5296,8.614519400216745e-05,1.0794108,3.5560315,81
5297,0.008457118305002908,1.4647127,5.5876555,7952
5298,0.0025609583599656696,1.7598642,5.513197,2408
5299,0.007904087429927266,1.5270023,5.3568087,7432
5300,0.023468716000565795,3.0650628,6.7758245,22067
5301,0.0009986461378769782,2.2290401,8.428063,939
5302,0.002207869416648144,1.9290376,7.358336,2076
5303,0.0037584829086871577,2.6315098,9.232318,3534
5304,0.0029002215314063045,2.4788043,8.945694,2727
5305,0.0005743012933477831,1.5530844,6.62816,540
5306,0.0014049111268748544,2.7885644,11.013066,1321
5307,0.0023673975536891946,1.9423202,7.6676874,2226
5308,0.009540846115968447,1.5313343,5.0293803,8971
5309,0.005616453944758596,1.8953774,8.226138,5281
5310,0.0017250309218705632,1.8485099,7.093345,1622
5311,0.0007965771642916473,1.6597836,9.169922,749
5312,0.0033585990451709237,1.9711821,6.9933047,3158
5313,0.0014485154843327417,2.3928492,9.3808,1362
5314,0.00042859892818362326,1.23592,4.071892,403
5315,0.0014081016896156755,4.3140473,15.250444,1324
5316,0.002033451986816595,1.1940389,4.577441,1912
5317,0.001514453780976376,1.1344901,3.7956586,1424
5318,0.0004722032856415105,1.5918384,6.5046625,444
5319,0.007125590121166938,2.6074295,9.666639,6700
5320,0.005762156309922757,1.9388871,6.822062,5418
5321,0.0012783521381556208,1.5781279,8.214804,1202
5322,0.002075992823360875,3.6661716,13.069183,1952
5323,0.0011815717350173833,1.3331,4.4716234,1111
5324,0.006323695352307255,2.618331,9.560141,5946
5325,0.00048709257843200857,1.595789,8.535532,458
5326,0.000190370243535654,0.9780709,2.3825035,179
5327,0.004598664430436692,1.9032505,6.231944,4324
5328,0.0014612777352960256,1.745102,10.072956,1374
5329,3.190562740821017e-05,1.0611907,2.1934159,30
5330,0.0012783521381556208,2.913792,10.40694,1202
5331,0.001123078084768998,1.404527,7.4947,1056
5332,0.0035106825358167254,1.0350298,3.6515121,3301
5333,0.0007370199931296549,1.2999208,5.2948475,693
5334,0.0042679094263049135,1.4012415,5.967362,4013
5335,0.0022110599793889645,1.0977099,4.860225,2079
5336,0.00024992741469764633,2.865064,13.821716,235
5337,0.0003424537341814558,1.3933516,5.8752747,322
5338,0.002238711523142747,1.8215898,8.947804,2105
5339,0.0032979783530953243,2.582693,9.973783,3101
5340,0.0053739711764561994,2.640815,12.102386,5053
5341,0.04114443358471423,1.538185,6.512606,38687
5342,0.0009965190960497642,1.1231531,4.018996,937
5343,0.008368846069173527,2.591334,9.364317,7869
5344,0.0006880980311037326,1.6178634,4.981153,647
5345,0.003924392171209851,2.3284898,9.361269,3690
5346,0.001141157940300317,1.6750381,7.413861,1073
5347,0.0006115245253240282,1.0960783,3.2024257,575
5348,0.004497629943644027,1.672964,6.250455,4229
5349,0.007756258022935892,2.149063,9.570597,7293
5350,0.0015995354540649365,1.5697604,6.9683475,1504
5351,0.004834766073257448,2.46536,10.4681425,4546
5352,0.0013825771876891074,1.418313,5.715357,1300
5353,0.032483119264298775,1.0582004,3.8403869,30543
5354,0.001316638891045473,1.5419147,6.6525598,1238
5355,0.003251183432896616,2.40253,8.945941,3057
5356,0.0025747841318425604,1.3728515,7.2963543,2421
5357,0.0002669437493153584,1.3650252,6.897654,251
5358,0.0010241706398035463,1.996085,10.830487,963
5359,0.004073285099114831,2.1666162,7.3495927,3830
5360,0.0021951071656848595,2.1305213,6.618363,2064
5361,0.03431343875661643,1.1263918,3.5852077,32264
5362,0.003236294140106118,3.5024576,12.487278,3043
5363,0.0007423375976976899,1.5072899,9.770705,698
5364,0.0011007441455832508,1.2480215,5.0071244,1035
5365,0.0018196842831815867,1.7069739,8.136727,1711
5366,2.5524501926568134e-05,1.1165389,1.9436034,24
5367,0.00725959375628142,1.7734745,7.888458,6826
5368,0.00017760799257236993,1.1656497,2.7072475,167
5369,0.00997688969054732,2.3468325,8.612327,9381
5370,0.011601949646538825,2.022279,8.516637,10909
5371,0.0032618186420326862,3.4093256,9.82803,3067
5372,0.0007997677270324682,1.664155,8.017564,752
5373,0.00300125601819897,2.4626002,8.515328,2822
5374,0.001514453780976376,1.3065704,4.8844967,1424
5375,0.005478196225989686,1.6340388,7.062343,5151
5376,0.006499176303052411,1.5760297,6.374476,6111
5377,0.00027864247936503547,1.1561695,5.4946017,262
5378,0.002018562694026097,1.5177757,6.290409,1898
5379,0.0033522179196892815,2.6181777,8.577771,3152
5380,0.03429216833834429,0.8867747,2.6099846,32244
5381,0.0009241996739244878,2.6188352,8.55711,869
5382,0.00019994193175811706,2.1999633,8.689672,188
5383,0.0012273031343024844,1.9987495,9.339824,1154
5384,0.0006189691717192773,1.6648076,9.137191,582
5385,0.0047124611681926415,1.4097775,4.8378577,4431
5386,0.0014570236516415977,1.5900453,7.4265914,1370
5387,0.002061103530570377,1.1622247,4.088606,1938
5388,0.005102773343486413,1.9985989,7.334278,4798
5389,0.0010730926018294687,1.2988709,5.5997167,1009
5390,0.0038850418974063915,2.2194078,9.535549,3653
5391,0.0019345445418511432,2.1054728,8.451321,1819
5392,0.0008125299779957523,1.9421395,7.615697,764
5393,0.0008508167308856045,1.0880678,5.6707826,800
5394,0.0006561924036955224,1.7871076,6.158644,617
5395,0.001899448351702112,1.2900895,5.164565,1786
5396,0.008600693628339854,1.5276874,5.227397,8087
5397,0.0002265299545982922,1.3399103,4.2011,213
5398,0.07939183620076297,1.3980677,7.030596,74650
5399,0.000754036327747367,1.4627895,5.9669714,709
5400,0.007660541140711261,1.8016971,8.405613,7203
5401,0.000570047209693355,1.1490091,6.2670727,536
5402,0.00016590926252269287,1.2932763,5.1037908,156
5403,0.005444163556754262,1.6908194,7.0476274,5119
5404,0.002318475591663272,1.7804987,7.6985784,2180
5405,0.0009635499477279471,2.0506325,8.723358,906
5406,0.004423183479691536,1.9144455,7.404067,4159
5407,0.0021961706865984668,2.5527756,7.7222867,2065
5408,0.005004929419434569,3.0657382,11.020029,4706
5409,0.0029587151816546898,2.6820683,8.787748,2782
5410,0.009429176420039712,1.7784368,6.6866693,8866
5411,0.0016644102297949637,3.8815355,11.943179,1565
5412,0.00476989129752742,2.3749325,7.8233447,4485
5413,0.0009997096587905853,1.9209701,7.622742,940
5414,0.0009125009438748108,1.2407655,3.6417391,858
5415,0.009029292556523478,1.241491,5.5364647,8490
5416,0.0008529437727128185,1.6176431,8.1418915,802
5417,0.0011092523128921068,1.871663,9.337452,1043
5418,0.0017388566937474542,1.1809235,3.5457819,1635
5419,0.0021376770363500815,3.2796965,13.449952,2010
5420,0.002397176139270191,2.1375625,10.011562,2254
5421,0.01823406606379211,1.4690002,8.745378,17145
5422,0.0001488929279049808,0.83769745,2.0871727,140
5423,0.022495594364615384,0.9119795,3.9367666,21152
5424,0.0030799565658058883,1.628882,5.4541593,2896
5425,0.0024429075385552917,2.8827975,10.432123,2297
5426,0.013398236469621056,2.066835,9.128499,12598
5427,0.008780428662739438,2.0046859,14.874709,8256
5428,0.005845110941184103,1.4111656,5.349558,5496
5429,0.0005455862286803939,1.4928803,5.9410367,513
5430,0.004295560970058696,1.7524589,8.323874,4039
5431,0.0008369909590087134,1.4794914,9.04352,787
5432,0.0003424537341814558,1.4727557,6.0961237,322
5433,0.0003584065478855609,1.3459786,6.009611,337
5434,0.0017718258420692714,2.8533027,8.28505,1666
5435,0.0017207768382161352,3.4420307,13.0888405,1618
5436,0.0020281343822485596,1.1254345,3.9021258,1907
5437,0.00151658082280359,1.7343503,8.192782,1426
5438,0.005665375906784519,2.608025,9.308961,5327
5439,0.00012336842597841265,2.0706604,8.7695875,116
5440,0.0002594991029201094,1.665411,7.8072124,244
5441,0.004864544658838444,1.5544791,6.7337093,4574
5442,0.0011985880696350954,3.410598,10.523351,1127
5443,0.00130706720282301,1.2687498,4.261451,1229
5444,0.0021227877435595834,1.3536259,4.858117,1996
5445,0.010760704603875683,2.9346004,11.67,10118
5446,0.0027896153563911757,3.8523586,10.919568,2623
5447,5.3176045680350284e-05,1.636391,4.001259,50
5448,0.003790388536095368,1.4990789,5.7550244,3564
5449,0.010441648329793581,1.2982266,5.2778864,9818
5450,0.00345218888556834,1.5589962,10.213698,3246
5451,0.010518221835573285,2.132999,8.942664,9890
5452,0.0012517641153154456,1.2563483,4.2400026,1177
5453,0.004551869510237984,2.9679158,9.990519,4280
5454,0.0061684212989206325,1.5367972,7.051988,5800
5455,0.0033022324367497527,2.979694,10.235334,3105
5456,3.084210649460316e-05,1.0463006,2.1459801,29
5457,0.012542102134167418,1.5700186,6.4360986,11793
5458,0.003370297775220601,2.0410707,7.1356287,3169
5459,0.000956105301332698,2.3906453,8.385205,899
5460,0.00873363374254073,1.0505394,5.6177816,8212
5461,0.001111379354719321,1.4896712,7.441062,1045
5462,0.00834651212998778,2.3963466,11.730784,7848
5463,0.0028959674477518765,2.9391098,9.951864,2723
5464,0.0019451797509872134,1.9538845,5.899351,1829
5465,0.0014102287314428895,1.5829152,6.6279917,1326
5466,0.00021695826637582914,1.4970653,9.8135395,204
5467,0.004127524665708789,1.3484404,4.6692333,3881
5468,0.005375034697369807,1.7573982,5.6824217,5054
5469,0.0010486316208165075,1.6362493,7.2844305,986
5470,0.0027577097289829657,1.4578421,4.9625645,2593
5471,0.00045837751376461944,1.2521002,4.4482617,431
5472,0.0010858548527927527,1.0701294,3.0806944,1021
5473,0.0018377641387129057,2.7227993,8.967696,1728
5474,0.0003435172550950628,1.7885667,7.6009846,323
5475,0.009722708192195246,1.3641145,9.106761,9142
5476,0.0009943920542225503,1.5605562,6.8572345,935
5477,0.0006221597344600983,1.574762,6.9712667,585
5478,0.002434399371246436,2.0350854,8.683548,2289
5479,0.00245779683134579,1.6686168,7.659987,2311
5480,0.00010316152861987954,1.2619219,3.8332207,97
5481,0.0027396298734516464,2.0779815,11.057485,2576
5482,0.004649713434289829,3.0105543,9.424976,4372
5483,0.005346319632702417,1.7552319,7.522911,5027
5484,0.004842210719652696,2.7401116,7.6811604,4553
5485,0.006729960341305132,2.3147438,7.7352133,6328
5486,0.0008391180008359275,1.6561724,7.3501015,789
5487,0.0002424827683023973,2.1703708,9.072347,228
5488,0.0005264428522354678,1.1861184,4.663384,495
5489,0.003366043691566173,1.2928284,4.684866,3165
5490,0.0014368167542830647,1.8167162,8.150399,1351
5491,0.00379676966157701,2.4114935,8.138771,3570
5492,0.002828965630194635,1.3587085,4.6628833,2660
5493,0.002999128976371756,3.4882615,12.467904,2820
5494,0.07023279409277944,1.0513101,3.561547,66038
5495,0.0006104610044104212,1.4432725,6.500847,574
5496,0.09752486777776241,2.504123,10.299774,91700
5497,0.0005753648142613901,1.1671809,4.6686225,541
5498,0.0009826933241728732,1.153995,3.4727504,924
5499,0.00055409439598925,1.4738476,4.9569106,521
5500,0.0057812996863676825,2.2151167,8.740043,5436
5501,0.004064776931805975,2.5744572,9.407797,3822
5502,0.006534272493201442,1.1663257,3.67589,6144
5503,0.006978824235089171,1.4660122,7.059776,6562
5504,0.0002265299545982922,1.5428619,4.6742587,213
5505,1.5952813704105085e-05,1.1077553,2.013442,15
5506,0.0018824320170844,2.4071624,8.019763,1770
5507,1.5952813704105085e-05,1.2976868,2.3388731,15
5508,0.005811078271948679,1.6153097,7.638038,5464
5509,0.0006593829664363435,2.1316428,9.370769,620
5510,0.0003190562740821017,1.9750649,8.334145,300
5511,0.010086432344648842,1.6281724,6.19694,9484
5512,0.003036352208348001,1.1247194,3.3765597,2855
5513,0.0014070381687020684,1.9096541,8.471641,1323
5514,0.0023046498197863813,2.1606448,8.552004,2167
5515,0.0014112922523564966,1.4668074,7.36549,1327
5516,0.000372232319762452,1.5627137,6.6302485,350
5517,0.003988203426026271,1.9767213,10.343552,3750
5518,0.02607753280164378,1.0926738,4.0337253,24520
5519,0.004120080019313539,2.4188685,8.749238,3874
5520,0.0014261815451469945,1.7317293,7.184817,1341
5521,0.004829448468689413,2.512374,8.343843,4541
5522,0.0018345735759720846,2.3742602,8.81979,1725
5523,0.0015378512410757301,1.9433978,8.855442,1446
5524,0.0010007731797041922,1.0990757,3.2088416,941
5525,9.57168822246305e-06,0.8596124,1.581509,9
5526,4.254083654428023e-05,1.0476344,2.852289,40
5527,0.0040424429926202285,3.8990586,11.866705,3801
5528,0.0014676588607776678,1.7175064,6.131552,1380
5529,0.0090175938264738,1.0316623,3.2465181,8479
5530,0.016744073263828697,1.3397819,5.7830133,15744
5531,0.00016484574160908588,2.886447,10.782319,155
5532,0.00048177497386397354,1.8449571,11.9462595,453
5533,0.0034543159273955544,3.7885103,12.170874,3248
5534,0.0012921779100325118,1.2804773,4.819456,1215
5535,0.0006806533847084836,1.2893393,5.247557,640
5536,0.00211321605533712,2.79232,11.439484,1987
5537,0.001500628009099485,1.289345,3.8908765,1411
5538,0.0014431978797647066,1.907235,6.95574,1357
5539,0.003424537341814558,1.5122433,5.649622,3220
5540,0.0025333068162118875,3.8222582,11.554652,2382
5541,0.022093583459271936,2.5625215,8.930606,20774
5542,0.0003626606315399889,2.2906516,8.652866,341
5543,0.0003966933007754131,1.3489963,5.1733418,373
5544,0.0023131579870952373,3.1990507,12.435198,2175
5545,0.001130522731164247,1.2196414,4.118934,1063
5546,0.0025854193409786306,4.156316,14.245252,2431
5547,0.002599245112855522,3.7332442,11.743707,2444
5548,0.0018005409067366606,1.5002481,6.7106013,1693
5549,0.08816056613345273,1.2051616,4.6092863,82895
5550,0.0007317023885616198,1.5698427,7.2761474,688
5551,0.0015729474312247613,3.4678798,12.346803,1479
5552,0.005812141792862286,2.9822335,11.250817,5465
5553,0.034670781783588386,0.93054175,2.9448347,32600
5554,0.0016154882677690415,1.3818706,5.1434064,1519
5555,0.00334583679420764,1.456092,6.272516,3146
5556,0.005249539229564179,2.841033,9.791696,4936
5557,0.002234457439488319,2.3634355,11.311916,2101
5558,0.0008104029361685383,1.5066077,7.3464403,762
5559,0.0015633757430022982,1.9780219,7.4046392,1470
5560,0.002037706070471023,3.0641296,9.352589,1916
5561,0.0008040218106868962,1.3047469,5.0916324,756
5562,0.000952914738591877,1.4387041,5.6008434,896
5563,0.0007178766166847288,2.4555244,7.594946,675
5564,0.0025822287782378095,1.8163581,6.670544,2428
5565,0.002278061796946206,2.3151171,8.825966,2142
5566,0.0023429365726762336,2.4177809,12.027963,2203
5567,0.0056472960512532,2.2951205,8.085667,5310
5568,1.0635209136070057e-05,1.0998858,1.7605586,10
5569,0.0027715355008598565,1.1730279,4.0216007,2606
5570,0.002666246930412763,1.2939085,4.5286374,2507
5571,0.0030874012122011373,2.8775616,9.594451,2903
5572,0.0005913176279654951,1.2235805,2.9243746,556
5573,0.007273419528158311,1.3581756,6.520919,6839
5574,0.020941790309835548,2.6314394,8.954998,19691
5575,0.0060152742873612235,1.074989,4.450856,5656
5576,0.0051921091002294015,1.8403366,6.990097,4882
5577,0.0019707042529137813,1.3016014,5.494742,1853
5578,0.0014070381687020684,2.0180771,8.46536,1323
5579,0.0011326497729914609,2.7627375,9.39767,1065
5580,0.0021323594317820462,1.3026986,5.263221,2005
5581,2.1270418272140113e-06,0.7552807,0.8544302,2
5582,0.007008602820670167,1.3175597,4.9448953,6590
5583,0.0027481380407605024,1.7315198,6.736089,2584
5584,0.0042562106962552365,1.2860023,5.267962,4002
5585,0.00243652641307365,2.6209693,14.393608,2291
5586,0.00042221780270198123,1.4110874,6.2032523,397
5587,0.004529535571052237,1.1258177,2.7288592,4259
5588,0.004745430316514459,2.3894997,10.393778,4462
5589,0.0014814846326545589,1.4219722,5.238514,1393
5590,0.006818232577134513,1.2566335,6.6161623,6411
5591,0.0025460690671751714,2.4794602,8.11385,2394
5592,0.00014144828150973175,1.179011,4.047892,133
5593,0.0014740399862593098,1.2056246,4.2683916,1386
5594,0.002676882139548833,1.1025887,5.916954,2517
5595,0.0030905917749419584,2.8297582,8.319123,2906
5596,0.002083437469756124,1.9956286,7.7691026,1959
5597,0.004210479296970136,1.0623981,4.421558,3959
5598,0.0018228748459224076,1.2139914,5.661287,1714
5599,0.002271680671464564,3.9168305,12.185246,2136
5600,0.003602145334386928,4.0219393,11.685305,3387
5601,0.00214512168274533,2.5368342,9.238005,2017
5602,0.002097263241633015,3.2629635,12.195799,1972
5603,0.00152721603193966,1.4332304,5.8609753,1436
5604,0.0026683739722399773,2.6401556,13.106439,2509
5605,0.0026992160787345804,1.1870718,4.692095,2538
5606,9.890744496545152e-05,2.2963443,10.93677,93
5607,0.002822584504712993,1.849881,9.470416,2654
5608,0.0011326497729914609,3.398573,10.413456,1065
5609,0.00031692923225488766,0.8972601,2.681565,298
5610,0.0018250018877496216,2.6141796,8.421848,1716
5611,0.001113506396546535,2.1945477,6.518845,1047
5612,0.0038861054183199984,1.9503525,8.036098,3654
5613,0.013467365329005512,1.252376,4.1069837,12663
5614,0.008340131004506137,3.2189956,10.0853815,7842
5615,0.0006966061984125887,1.7587423,11.367103,655
5616,0.0009890744496545152,2.5420916,8.028753,930
5617,0.0002892776885011055,1.3691778,6.0887313,272
5618,0.004092428475559758,1.2303318,7.02322,3848
5619,0.0018079855531319097,3.1082182,13.630368,1700
5620,0.005731314203428153,2.0567365,7.179082,5389
5621,0.03007956199954694,1.1396178,3.657149,28283
5622,0.008259303415072005,2.3052187,9.483425,7766
5623,0.0009635499477279471,1.1017995,4.536857,906
5624,0.0016176153095962555,1.9818877,7.870319,1521
5625,0.0015601851802614774,1.256885,4.8989277,1467
5626,0.001886686100738828,3.0255594,11.633192,1774
5627,0.002590736945546666,1.3940296,6.331319,2436
5628,0.0004615680765054404,1.1634802,3.3347747,434
5629,0.002140867599090902,1.2691947,3.6001792,2013
5630,0.008876145544964069,1.0848852,3.496842,8346
5631,0.03189924628272853,2.4335654,11.446564,29994
5632,0.002056849446915949,1.2288868,4.9415383,1934
5633,0.0019707042529137813,3.0361125,11.05058,1853
5634,0.005380352301937842,1.9541597,7.4250855,5059
5635,0.0062928532458126525,2.1227865,6.3420568,5917
5636,0.0016473938951772518,1.4178509,5.672346,1549
5637,0.006209898614551306,1.9080158,7.270335,5839
5638,0.000758290411401795,1.2563198,3.974074,713
5639,0.0009582323431599121,1.292292,4.775561,901
5640,0.0006402395899914174,2.083965,10.277902,602
5641,0.009931158291262218,1.3667504,4.578107,9338
5642,0.007912595597236121,1.6153278,7.3235793,7440
5643,0.0019611325646913184,1.5094098,5.334846,1844
5644,0.0013847042295163214,2.3720908,8.958185,1302
5645,0.0023748422000844436,2.61858,8.864624,2233
5646,0.006583194455227365,1.6562895,7.362254,6190
5647,0.001124141605682605,1.1892476,3.7959971,1057
5648,0.0012177314460800213,2.3247926,8.954412,1145
5649,0.0006444936736458454,1.9925172,8.263367,606
5650,0.0023174120707496653,2.9806767,9.913194,2179
5651,0.003031034603779966,2.2987237,8.019124,2850
5652,0.004775208902095455,1.5913243,8.121762,4490
5653,0.00013932123968251773,1.4793092,7.611736,131
5654,0.0004615680765054404,2.1466002,10.135895,434
5655,0.0005370780613715378,1.4903756,6.028775,505
5656,0.000373295840676059,1.5241243,5.361829,351
5657,0.0024141924738879028,1.3960004,5.4088387,2270
5658,0.021378897405328025,1.7667009,7.0883064,20102
5659,0.00047858441112315255,1.3479009,4.5323954,450
5660,0.0015559310966070492,3.4129238,10.369505,1463
5661,3.1905627408210167e-06,1.1508598,1.3681682,3
5662,0.0005923811488791021,1.7491786,7.154223,557
5663,0.0021227877435595834,1.6393193,5.5306945,1996
5664,0.0003956297798618061,1.2627494,4.733276,372
5665,0.0006147150880648493,1.4500215,7.3242345,578
5666,0.0002605626238337164,1.3236428,6.081251,245
5667,0.0019728312947409955,2.1797028,10.315568,1855
5668,0.00024992741469764633,2.205396,6.7858944,235
5669,0.0014697859026048818,1.7850473,9.067629,1382
5670,0.004140286916672073,2.6888278,9.003697,3893
5671,0.0005413321450259659,1.3990827,6.0803275,509
5672,0.0012560181989698736,1.1969951,5.618998,1181
5673,0.0007051143657214447,2.152719,8.860032,663
5674,0.0014570236516415977,1.1904322,3.2532856,1370
5675,0.0007891325178963982,1.4053493,5.8951063,742
5676,0.004177510148648318,1.7428176,6.928196,3928
5677,0.0016590926252269289,1.6668816,5.3553925,1560
5678,0.0031214338814365616,3.7790596,9.637537,2935
5679,0.0003998838635162341,1.3418316,3.9488575,376
5680,0.003999902156075948,3.2591581,11.877649,3761
5681,0.005084693487955094,2.6965024,13.291677,4781
5682,0.0015793285567064033,3.1837459,10.350147,1485
5683,0.0012092232787711654,1.4105268,4.2636337,1137
5684,0.021333166006042927,3.2701936,11.8775625,20059
5685,0.0048124321340717,3.2127306,8.659098,4525
5686,0.0055675319827326744,1.5527722,6.462669,5235
5687,0.17185540795066964,5.7843733,15.736957,161591
5688,0.0002265299545982922,1.3690284,6.682404,213
5689,0.0032490563910694023,1.3425759,5.6164026,3055
5690,0.0014240545033197805,1.5609605,5.4635835,1339
5691,0.00027864247936503547,1.4554534,6.8861938,262
5692,0.015916653993042446,1.1661359,5.474458,14966
5693,0.0017930962603414115,1.8835876,9.525967,1686
5694,0.0012102867996847725,1.3863614,4.940918,1138
5695,0.0006306679017689543,1.3921974,8.751585,593
5696,0.0008540072936264255,1.9475443,6.8911934,803
5697,0.003831865851726041,1.2935009,5.4763336,3603
5698,1.701633461771209e-05,0.89708066,1.674284,16
5699,0.002064294093311198,1.803878,7.846266,1941
5700,0.0007221307003391569,1.6752863,11.328572,679
5701,0.0042881163236634465,1.6603355,7.6575,4032
5702,0.00039243921712098505,1.6432619,8.404809,369
5703,0.011906116627830428,1.7421886,6.7320333,11195
5704,0.00396374244501331,3.922612,11.877432,3727
5705,4.679492019870825e-05,0.9111001,1.9456139,44
5706,0.0036319239199679243,1.5471959,5.3755937,3415
5707,0.000747655202265725,1.7852142,7.710832,703
5708,0.00048283849477758053,1.4824517,4.6876855,454
5709,0.0012368748225249475,1.9724683,7.5431666,1163
5710,0.004728413981896747,2.4384573,9.580576,4446
5711,0.0011741270886221342,1.9401053,7.5011287,1104
5712,0.004522090924656988,1.2067888,4.9353604,4252
5713,0.0017920327394278044,1.6792856,8.2949295,1685
5714,6.487477573002735e-05,3.083334,10.980055,61
5715,0.004030744262570551,1.6298287,6.4279556,3790
5716,0.0010082178260994413,2.8232856,10.711381,948
5717,0.0014453249215919206,1.3361223,6.1357,1359
5718,0.0013581162066761462,1.3108126,5.1502194,1277
5719,0.001696315857203174,3.3333325,11.414905,1595
5720,0.012641009579132868,1.7219547,6.405131,11886
5721,0.006184374112624738,2.1306036,11.0473175,5815
5722,0.0008795317955529936,2.1941667,8.249564,827
5723,0.0005360145404579308,1.8477123,7.6469884,504
5724,0.0027694084590326427,1.8483852,8.571555,2604
5725,0.001498500967272271,3.227161,10.391513,1409
5726,0.000567920167866141,1.961582,7.1577826,534
5727,0.00425833773808245,2.9392455,11.405963,4004
5728,0.004266845905391306,2.8192053,10.929739,4012
5729,0.0031469583833631295,1.9683883,8.820319,2959
5730,0.002291887568823097,1.0800202,3.934408,2155
5731,0.00916329619163796,1.6422234,6.047851,8616
5732,0.01110953946353878,2.4525898,9.34224,10446
5733,0.0010922359782743949,1.2697208,4.754639,1027
5734,8.401815217495345e-05,1.421824,6.5297294,79
5735,0.0003137386695140667,2.3603032,12.131312,295
5736,0.001728221484611384,2.2501228,7.6766996,1625
5737,0.0028927768850110554,2.6841078,8.781538,2720
5738,0.001303876640082189,1.2895255,4.6881447,1226
5739,0.0014463884425055277,1.6222342,7.5191975,1360
5740,0.0016622831879677497,2.5312786,7.4912734,1563
5741,0.0020408966332118436,1.0863819,4.2286754,1919
5742,0.006391760690778104,1.953343,10.5228195,6010
5743,0.004523154445570595,0.99990815,2.5661588,4253
5744,0.0013730054994666443,1.5057886,9.665614,1291
5745,0.0008072123734277173,1.3083637,5.848094,759
5746,0.003057622626620141,1.7285163,8.04309,2875
5747,0.0007370199931296549,0.82370704,1.9623448,693
5748,0.001678236001671855,1.4770291,6.0731378,1578
5749,0.0020355790286438087,2.2520108,10.084942,1914
5750,0.007332976699320304,1.6022007,6.8217926,6895
5751,0.0057812996863676825,2.6804075,11.180397,5436
5752,0.00040732850991148314,1.7685839,9.461199,383
5753,0.004424247000605144,1.1948382,4.0041246,4160
5754,0.012420860750016218,1.4139661,4.8898196,11679
5755,0.00023184755916632723,1.8805478,7.4864597,218
5756,5.7430129334778304e-05,0.9003768,2.3815675,54
5757,0.005107027427140841,3.2409925,10.332348,4802
5758,0.0019483703137280343,1.6904655,6.071919,1832
5759,0.000190370243535654,1.0146523,2.3855522,179
5760,0.0024982106260628563,3.4057236,11.226168,2349
5761,0.0008508167308856045,1.7275069,8.950286,800
5762,0.002114279576250727,3.0467646,11.337456,1988
5763,0.0025598948390520627,2.6446977,9.967852,2407
5764,0.006637434021821322,1.695043,8.828969,6241
5765,0.01951348172286134,1.1932707,6.1531363,18348
5766,0.000563666084211713,1.2534399,5.1436667,530
5767,0.001699506419943995,2.3973677,8.843346,1598
5768,0.00042115428178837424,2.4663644,12.048375,396
5769,0.015676298266567263,2.8384874,10.309932,14740
5770,0.0006827804265356976,1.1925579,3.4853694,642
5771,0.0015740109521383684,2.6267524,8.738123,1480
5772,0.007122399558426117,2.9961843,10.703243,6697
5773,0.0002807695211922495,1.2142128,4.09054,264
5774,0.004053078201756298,1.751875,7.914692,3811
5775,0.004950689852840611,2.2939901,7.3251348,4655
5776,0.029325525671799572,1.3951156,3.705901,27574
5777,0.0023727151582572294,1.8989993,8.232094,2231
5778,0.0006966061984125887,1.3125848,4.2031884,655
5779,0.0015612487011750842,1.6124004,6.4023843,1468
5780,0.000760417453229009,1.6258905,7.76193,715
5781,0.001137967377559496,1.4788415,7.044515,1070
5782,0.003962678924099703,1.0894299,3.8982909,3726
5783,0.09005256983875959,1.2708138,6.143583,84674
5784,0.0005423956659395729,1.2346271,3.5994217,510
5785,0.0007529728068337599,1.5159332,5.083231,708
5786,0.008770856974516975,1.7133319,8.141058,8247
5787,0.0008646425027624956,1.5713714,5.005121,813
5788,0.005278254294231569,1.9448743,8.6792555,4963
5789,0.0027109148087842575,2.860874,11.835447,2549
5790,0.00034883485966309783,1.4994038,8.885256,328
5791,0.003737212490415018,4.3754187,10.643625,3514
5792,0.0023907950137885487,1.3211744,4.9211307,2248
5793,0.00151658082280359,1.361008,7.774675,1426
5794,0.002085564511583338,1.8548086,7.7659063,1961
5795,0.01266227999740501,1.9405074,7.5131855,11906
5796,0.009116501271439252,1.7290839,7.318757,8572
5797,0.0022248857512658557,2.6031091,7.6336107,2092
5798,0.004802860445849238,1.8808333,7.011568,4516
5799,0.0015857096821880455,1.841189,6.477127,1491
5800,0.0013868312713435354,3.319736,13.902939,1304
5801,0.0038584538745662163,4.4221864,12.021699,3628
5802,0.0010422504953348656,1.7071351,6.0874724,980
5803,0.0006168421298920633,1.2230233,3.8985918,580
5804,3.615971106263819e-05,0.9758712,1.731019,34
5805,0.004524217966484202,1.6668687,9.889838,4254
5806,1.3825771876891073e-05,0.76207596,1.441046,13
5807,0.0033596625660845306,1.4618052,6.2192726,3159
5808,0.01918698080238399,1.4874274,5.6847367,18041
5809,0.0017580000701923804,1.3567606,5.0156345,1653
5810,0.00027970600027864246,2.2855387,11.799527,263
5811,0.00975674086143067,1.7224215,7.2493825,9174
5812,0.0031139892350413125,1.7966075,9.089772,2928
5813,0.0010571397881253635,1.236322,6.3874817,994
5814,0.002993811371803721,2.648536,9.655733,2815
5815,0.0008348639171814994,1.4225991,7.602592,785
5816,0.0028853322386158064,3.4566658,13.339446,2713
5817,0.0007072414075486587,2.0318062,8.102053,665
5818,0.007141542934871042,1.9057094,8.11306,6715
5819,0.0018367006177992986,1.3495439,7.9954605,1727
5820,0.010693702786318442,2.5015018,9.009478,10055
5821,1.2762250963284067e-05,0.8593606,1.4538777,12
5822,0.002496083584235642,1.5587436,5.8803277,2347
5823,0.0021419311200045095,2.7393653,9.562131,2014
5824,0.0018250018877496216,3.4420688,10.490816,1716
5825,1.0635209136070057e-05,0.75688916,1.0350249,10
5826,0.0031458948624495226,4.3290815,13.139769,2958
5827,0.0034936662011990135,2.960412,8.11232,3285
5828,0.011176541281096021,1.9276946,8.076197,10509
5829,0.003526635349520831,2.8678966,10.21882,3316
5830,0.00011060617501512859,1.212445,4.538696,104
5831,0.0007753067460195071,1.552254,6.2314377,729
5832,0.0019834665038770656,1.4973603,6.5416837,1865
5833,0.01806390271761499,3.6179512,7.7497926,16985
5834,0.0016644102297949637,3.692995,9.943386,1565
5835,0.0029002215314063045,3.122286,10.509092,2727
5836,0.0009231361530108808,1.6506288,6.47859,868
5837,0.019603881000517933,1.8411765,7.49167,18433
5838,0.22946633584076115,5.43617,19.22602,215761
5839,0.000566856646952534,1.4280305,9.01743,533
5840,0.0031416407787950946,2.2546365,8.797291,2954
5841,0.003370297775220601,2.074625,7.7748747,3169
5842,0.002085564511583338,1.6809624,6.079563,1961
5843,0.028524694423853497,2.6827042,7.479607,26821
5844,0.0005349510195443238,2.384306,11.202892,503
5845,0.001497437446358664,2.0319998,8.551188,1408
5846,0.00045837751376461944,1.6969177,7.9626703,431
5847,0.0023003957361319534,3.6549814,11.580002,2163
5848,0.04204736284036657,1.5681531,8.07649,39536
5849,0.001316638891045473,1.3367643,4.203667,1238
5850,0.00033288204595899274,1.2430706,4.3355813,313
5851,0.0010869183737063598,1.3276097,4.857523,1022
5852,0.0007763702669331141,1.4478455,5.724761,730
5853,0.0016973793781167809,3.003254,10.594,1596
5854,0.002685390306857689,2.317408,9.207507,2525
5855,0.003175673448030519,2.1735954,7.338293,2986
5856,0.0008231651871318224,1.7139271,6.332512,774
5857,0.0007146860539439078,1.2249417,6.2313614,672
5858,0.010967027661115443,2.0846407,8.570818,10312
5859,0.0010571397881253635,1.4088993,6.6317177,994
5860,0.004732668065551175,1.4857783,5.0301533,4450
5861,2.8715064667389152e-05,0.9263255,2.4957578,27
5862,0.0032969148321817174,1.9274396,7.9938793,3100
5863,0.00047858441112315255,1.2086893,4.2783175,450
5864,0.0010922359782743949,2.0824685,12.152043,1027
5865,0.002808758732836102,1.1550453,3.4309428,2641
5866,0.0006827804265356976,1.5514909,11.376181,642
5867,0.0033001053949225385,1.9587041,8.785672,3103
5868,0.0012911143891189047,0.9423458,3.374947,1214
5869,0.00036159711062638193,1.8322873,7.367997,340
5870,0.0023578258654667313,3.413227,13.7905855,2217
5871,0.0007093684493758727,1.2896897,4.2542973,667
5872,0.0004700762438142965,1.3753235,7.162183,442
5873,0.0012049691951167374,3.0793571,10.469146,1133
5874,0.0033288204595899274,2.800802,10.166191,3130
5875,0.002488638937840393,3.2640374,9.478647,2340
5876,0.0006689546546588066,1.0174191,3.8716838,629
5877,0.0015506134920390143,2.3608477,7.6846633,1458
5878,0.0008104029361685383,1.5368371,6.592714,762
5879,0.000762544495056223,1.0990458,4.215161,717
5880,0.0013730054994666443,1.3807716,5.503326,1291
5881,0.000947597134023842,1.7569158,6.1009846,891
5882,0.0017845880930325553,2.903294,10.06084,1678
5883,0.0029002215314063045,1.9238504,7.616171,2727
5884,0.0024865118960131793,1.5720317,7.112701,2338
5885,0.000567920167866141,1.1696545,4.9452114,534
5886,0.0031820545735121606,1.4224716,4.967357,2992
5887,0.0004849655366047946,1.6534593,10.492584,456
5888,0.003027844041039145,2.4252176,7.5159626,2847
5889,0.0005211252476674328,2.5377822,10.169076,490
5890,0.0011900799023262393,1.9409102,6.982769,1119
5891,0.0019132741235790031,1.7589244,8.026959,1799
5892,0.0008231651871318224,1.3105766,5.039404,774
5893,0.00029353177215553356,1.2753687,4.1927357,276
5894,0.0011836987768445973,2.7188954,7.9016895,1113
5895,0.000747655202265725,1.6692244,6.174632,703
5896,0.020840755823042883,1.4977102,5.683027,19596
5897,0.0006327949435961683,1.829439,10.9009495,595
5898,0.0005072994757905416,1.126573,3.7974691,477
5899,0.0019930381920995285,1.9871141,10.962418,1874
5900,0.007828577445061168,1.9705776,7.0386047,7361
5901,0.0012719710126739788,1.2927514,4.145619,1196
5902,0.0013496080393672902,1.1434263,4.597307,1269
5903,0.001106061750151286,1.7336726,6.7915177,1040
5904,1.8079855531319095e-05,0.7458008,1.0284456,17
5905,0.0028066316910088877,4.248732,12.969243,2639
5906,0.0039095028784193525,2.3418498,8.970101,3676
5907,0.0014017205641340335,1.5063264,8.483289,1318
5908,0.000379676966157701,1.7323732,7.0841603,357
5909,9.146279857020248e-05,2.9164393,9.687566,86
5910,0.00018824320170843998,1.154028,2.989133,177
5911,0.001534660678334909,1.338309,7.0882754,1443
5912,0.002497147105149249,1.2319448,3.0935369,2348
5913,0.017714004337038285,1.3650074,6.115749,16656
5914,0.006669339649229532,2.1987143,8.767868,6271
5915,0.0014761670280865238,2.0800962,8.059629,1388
5916,0.0014091652105292824,2.0103898,10.241719,1325
5917,0.0008454991263175695,1.9560817,6.5473537,795
5918,0.0007093684493758727,1.6686414,6.3016243,667
5919,0.0006817169056220906,1.8797463,7.6967564,641
5920,0.0042849257609226254,2.5317547,10.388986,4029
5921,0.014088461542552003,1.6696092,4.583618,13247
5922,0.020590828408345235,1.4980052,5.989068,19361
5923,0.0037116879884884495,1.5030866,5.1471024,3490
5924,0.007730733521009324,1.705297,7.1273103,7269
5925,0.0005413321450259659,1.9170334,10.33077,509
5926,0.00022972051733911322,1.807858,10.306769,216
5927,0.0031692923225488767,2.6422606,9.451804,2980
5928,0.0008603884191080676,1.9676771,11.522837,809
5929,0.0015442323665573721,1.1285768,3.972055,1452
5930,0.0007976406852052543,1.3894231,7.0971837,750
5931,0.0023291108007993423,3.269313,10.412532,2190
5932,0.0015878367240152594,2.153734,9.285432,1493
5933,0.000757226890488188,1.1843264,3.7774236,712
5934,0.0021589474546222214,1.3724434,4.629639,2030
5935,0.003594700687991679,1.666379,6.256469,3380
5936,0.0017548095074515593,2.6218603,8.14337,1650
5937,0.006905441292050288,2.5694947,9.563909,6493
5938,0.00042221780270198123,1.4904755,6.236687,397
5939,0.003390504672579134,2.2740154,10.025894,3188
5940,0.0022110599793889645,3.0945418,9.739062,2079
5941,0.006751230759577271,1.6929314,7.320264,6348
5942,0.0008401815217495345,1.2861189,4.3202496,790
5943,0.0016293140396459326,1.3471144,5.8280067,1532
5944,0.00020313249449893807,1.5031424,7.042707,191
5945,0.0006976697193261957,1.0306153,3.0731003,656
5946,0.009347285309691972,3.5023828,15.368379,8789
5947,0.00112945921025064,1.3984885,6.502949,1062
5948,0.0017441742983154893,3.4988587,11.519564,1640
5949,0.0009199455902700599,2.656447,11.314535,865
5950,0.0010932994991880017,1.9776763,8.615136,1028
5951,0.0014144828150973174,1.4636676,4.7016788,1330
5952,0.0008784682746393866,1.2988869,4.9361777,826
5953,0.0014187368987517454,1.4364209,5.237899,1334
5954,0.0008252922289590363,2.182461,8.8053255,776
5955,0.001329401142008757,1.2470758,4.1407228,1250
5956,0.0023493176981578753,2.2147784,9.291385,2209
5957,0.0006519383200410944,2.3083496,8.707909,613
5958,0.0015644392639159053,1.5798656,7.2057223,1471
5959,0.000561539042384499,1.9486843,9.833883,528
5960,0.07531855110164813,1.0939913,4.240215,70820
5961,0.0008210381453046084,1.5437611,5.791262,772
5962,0.0005030453921361137,1.9282836,8.057864,473
5963,0.0012666534081059438,1.5793478,7.5346675,1191
5964,0.0005317604568035028,1.7156746,8.660607,500
5965,0.016766407203014443,1.4569712,5.26411,15765
5966,0.0014070381687020684,2.686669,10.392397,1323
5967,0.013519477853772256,2.5768611,10.805135,12712
5968,0.001881368496170793,3.6116784,11.662264,1769
5969,0.002256791378674066,1.3636677,6.966298,2122
5970,0.002061103530570377,2.7056677,8.921819,1938
5971,0.0022014882911665016,3.5062642,12.7850685,2070
5972,0.0021621380173630425,1.4960464,8.162664,2033
5973,0.003955234277704454,0.84013957,1.9912695,3719
5974,0.0022652995459829218,2.0813103,9.318611,2130
5975,0.0033128676458858224,1.4563257,7.106222,3115
5976,0.00035308894331752586,1.7439088,8.904866,332
5977,0.001103934708324072,1.3989996,7.1574965,1038
5978,0.0028810781549613784,1.4834808,6.1578746,2709
5979,0.0008678330655033166,2.8309689,9.627203,816
5980,0.0018792414543435788,1.3374605,4.1757083,1767
5981,0.0009975826169633713,1.6422863,7.6403637,938
5982,0.002045150716866272,3.0703971,9.017013,1923
5983,0.002792805919131997,1.4231075,5.0418687,2626
5984,0.00034883485966309783,1.7220153,8.519975,328
5985,0.0007955136433780402,1.1192158,3.8158717,748
5986,0.0035085554939895116,1.3257157,4.395738,3299
5987,0.001119887522028177,1.7733321,8.216104,1053
5988,0.0005477132705076079,1.0218493,2.9749484,515
5989,0.00010316152861987954,1.0317324,2.133886,97
5990,0.0021695826637582916,2.3638694,9.942508,2040
5991,0.0010528857044709355,1.858741,7.833129,990
5992,0.003251183432896616,2.9611526,11.502174,3057
5993,0.0001722903880043349,1.5172211,7.220589,162
5994,0.0013804501458618934,1.1987373,3.8771176,1298
5995,0.0001712268670907279,1.4627767,7.210994,161
5996,0.00048815609934561556,1.5784597,7.8564687,459
5997,0.002203615332993716,2.2818365,9.763622,2072
5998,0.0019387986255055712,1.629664,5.8784084,1823
5999,0.005552642689942176,3.741269,11.394554,5221
6000,0.0013676878948986092,2.411684,7.190545,1286
6001,0.0008274192707862503,1.7292682,7.4236298,778
6002,0.0008944210883434918,1.4507216,4.921189,841
6003,7.338294303888339e-05,1.0334443,2.6781635,69
6004,0.0010294882443715814,2.350751,11.392908,968
6005,0.0021153430971643343,2.6021926,8.938364,1989
6006,0.00040732850991148314,1.8250378,11.657014,383
6007,0.005916366842395772,2.750282,9.492632,5563
6008,1.4889292790498078e-05,1.0361207,1.7357794,14
6009,0.003183118094425768,1.8340546,6.490998,2993
6010,0.002065357614224805,1.9997921,8.5917,1942
6011,3.72232319762452e-05,0.91136056,2.8429155,35
6012,0.007819005756838705,1.818321,8.826382,7352
6013,0.002862998299430059,1.4958702,6.098022,2692
6014,0.00012868603054644768,1.2244166,2.8390884,121
6015,0.0023801598046524785,1.9360287,6.997517,2238
6016,0.0013666243739850021,1.8756397,7.059696,1285
6017,0.004713524689106249,1.7992014,8.795543,4432
6018,0.0042764175936137695,2.773957,10.385451,4021
6019,0.02357294105009928,1.6015233,6.6745095,22165
6020,0.0003445807760086698,1.6665136,8.743473,324
6021,0.04396170048485919,2.507108,9.658533,41336
6022,0.0004562504719374054,2.0096805,9.066679,429
6023,0.0009933285333089432,1.0628419,3.8273034,934
6024,0.0021727732264991127,1.856,7.344137,2043
6025,2.7651543753782147e-05,0.969679,1.727614,26
6026,0.004860290575184016,1.8096828,5.996511,4570
6027,0.0027300581852291836,1.4436241,5.5893574,2567
6028,0.0006604464873499505,1.7251959,5.917384,621
6029,0.001127332168423426,2.1451886,8.85219,1060
6030,0.0072404503798364946,2.9843585,8.5403595,6808
6031,0.003258628079291865,2.353292,10.504231,3064
6032,0.0027640908544646074,2.6998131,9.802509,2599
6033,0.0007667985787106511,2.8497357,9.172636,721
6034,0.00034883485966309783,2.0590334,10.319245,328
6035,0.0015314701155940882,1.9115027,8.113074,1440
6036,0.00048177497386397354,1.0888143,2.9779553,453
6037,0.0009316443203197369,1.2282904,4.0244985,876
6038,0.0017973503439958395,1.4716574,5.5560837,1690
6039,0.000571110730606962,1.9346746,6.640969,537
6040,0.002875760550393343,2.0834723,7.7470865,2704
6041,2.1270418272140113e-06,1.0342095,1.2832975,2
6042,0.0002988493767235686,2.2873192,9.986396,281
6043,0.0010273612025443674,1.7276597,7.1913295,966
6044,0.0016271869978187186,3.756555,11.07592,1530
6045,0.000950787696764663,1.5984521,8.690806,894
6046,0.00416262085585782,1.3349915,6.793625,3914
6047,0.0003658511942808099,1.9843014,10.75777,344
6048,0.00033181852504538575,1.71885,9.404945,312
6049,0.0023057133406999882,1.7680428,6.897113,2168
6050,0.00044242470006051435,1.6211493,8.806251,416
6051,0.0010847913318791458,1.2920544,4.8838906,1020
6052,0.0027523921244149304,1.4240568,6.154224,2588
6053,0.0021791543519807544,1.1254773,4.018252,2049
6054,0.0017984138649094466,1.3947409,5.1249695,1691
6055,0.00031586571134128066,1.7311635,6.3943157,297
6056,0.00046475863924626146,1.1574833,3.9930549,437
6057,0.0032405482237605463,1.7296834,7.359021,3047
6058,0.001526152511026053,2.3567858,8.949106,1435
6059,5.9557171161992314e-05,1.1424327,2.0851083,56
6060,0.00189306722622047,2.785,10.785185,1780
6061,0.006617227124462789,2.425934,7.5667973,6222
6062,0.0035564139351018267,1.9137416,9.797632,3344
6063,0.0010145989515810833,1.8808286,8.372733,954
6064,0.0006785263428812695,2.5801027,10.550158,638
6065,0.0016601561461405357,1.3842179,5.588764,1561
6066,0.0026003086337691287,3.439423,9.594709,2445
6067,0.0005306969358898958,1.9360819,9.154351,499
6068,0.0007859419551555772,1.8060291,7.537127,739
6069,0.0027502650825877166,2.044925,7.8161225,2586
6070,0.0016516479788316798,2.071105,7.011604,1553
6071,0.00114009441938671,2.685869,9.442244,1072
6072,0.0004158366772203392,1.4054443,8.963601,391
6073,0.02289441470721801,1.1524608,4.034141,21527
6074,0.00014038476059612475,2.1514683,12.053498,132
6075,0.009260076594776198,1.4389464,5.8878813,8707
6076,0.0012187949669936284,1.4969244,6.248642,1146
6077,0.0018047949903910886,2.3204956,8.674814,1697
6078,0.09099378584730179,1.2288527,5.011792,85559
6079,0.0026088168010779847,2.5320857,10.878168,2453
6080,0.00015952813704105085,1.1776336,3.386434,150
6081,0.0008135934989093593,1.4969735,8.698672,765
6082,0.009991778983337817,1.8538808,9.103668,9395
6083,0.0008976116510843127,1.5807061,6.064122,844
6084,0.0009241996739244878,1.7236342,7.4778223,869
6085,0.0006200326926328843,4.9459357,11.157924,583
6086,0.0018505263896761899,3.1311095,11.008197,1740
6087,0.0005945081907063162,1.972963,7.0734973,559
6088,0.006978824235089171,1.8766685,8.466638,6562
6089,0.0004690127229006895,1.624892,12.330067,441
6090,0.0031341961323998455,1.9376707,7.3137355,2947
6091,2.7651543753782147e-05,1.203757,1.9747713,26
6092,0.00046475863924626146,2.557706,10.176371,437
6093,0.0001531470115594088,1.2720869,6.2597194,144
6094,0.002459923873173004,1.7266268,7.464467,2313
6095,0.0008869764419482427,1.4505501,4.5976562,834
6096,0.0018143666786135516,2.13897,9.479787,1706
6097,0.004257274217168844,2.7050405,9.181849,4003
6098,0.0007402105558704759,2.0421846,10.905159,696
6099,0.0027332487479700043,3.2811425,11.89871,2570
6100,0.002272744192378171,1.3606601,5.986548,2137
6101,0.004088174391905329,1.395267,4.729605,3844
6102,0.00015421053247301582,1.1069986,3.6823997,145
6103,0.0021802178728943617,1.1152611,3.6336284,2050
6104,0.00030948458585963864,1.8417684,7.266152,291
6105,0.001723967400956956,1.252923,3.9013152,1621
6106,0.00038712161255295,1.2448541,4.618712,364
6107,0.006978824235089171,3.018934,8.468304,6562
6108,0.0014198004196653525,1.6333869,7.9201217,1335
6109,0.0014389437961102786,1.7524394,6.1856833,1353
6110,0.0004232813236155882,1.5138526,7.65642,398
6111,0.0041349693121040376,2.2517335,11.150166,3888
6112,0.0012921779100325118,1.3807898,3.5729384,1215
6113,0.0014697859026048818,2.993018,11.026149,1382
6114,0.00019568784810368903,1.17965,3.4051597,184
6115,0.004975150833853572,1.5808095,5.8481717,4678
6116,0.0010773466854838967,1.2859659,5.300645,1013
6117,0.0007955136433780402,2.2165654,6.816979,748
6118,0.0006753357801404486,1.721184,5.8079114,635
6119,0.0015920908076696874,3.1205597,10.854028,1497
6120,0.0025067187933717123,1.681016,11.294904,2357
6121,0.0021908530820304315,2.9712799,11.044015,2060
6122,0.008479452244188656,1.6762327,6.208587,7973
6123,0.005392051031987519,0.94902384,5.7021565,5070
6124,0.0003647876733672029,1.5310241,9.499089,343
6125,0.00018079855531319097,1.209292,5.0642443,170
6126,8.508167308856045e-05,1.0840658,2.9159923,80
6127,0.007536109193819242,1.5480251,5.8999176,7086
6128,2.1270418272140113e-06,1.7363375,1.9809102,2
6129,0.008551771666313933,1.5077455,5.455007,8041
6130,0.0019292269372831081,1.9937752,12.717423,1814
6131,0.00056472960512532,1.7461817,6.0374465,531
6132,0.0008401815217495345,1.962703,9.871485,790
6133,0.003219277805488406,1.3193091,3.7965899,3027
6134,0.0010029002215314062,1.3197039,7.205408,943
6135,0.0074595356880395374,3.349136,12.521479,7014
6136,0.0003573430269719539,1.3762914,6.4732027,336
6137,0.016265488852705543,1.5131003,7.979399,15294
6138,0.0008497532099719975,1.2164402,4.6951747,799
6139,0.0025141634397669614,3.6119175,11.263547,2364
6140,0.0006593829664363435,1.8415279,8.274883,620
6141,0.04178892725836007,1.3796897,5.256997,39293
6142,0.00024035572647518327,1.3573637,4.850262,226
6143,0.0018356370968856917,1.2878139,5.6071634,1726
6144,0.001680363043499069,2.127955,7.8523245,1580
6145,0.0009008022138251337,1.193972,3.7901094,847
6146,0.0006827804265356976,1.4297365,4.803703,642
6147,0.004307259700108373,1.6592813,6.324574,4050
6148,0.0007029873238942307,1.2836221,4.790293,661
6149,0.09098208711725211,2.5786886,8.669705,85548
6150,0.011817844392001047,1.5194957,6.2519765,11112
6151,5.317604568035028e-06,1.167388,1.8827354,5
6152,0.029656280675931353,1.0744205,4.455423,27885
6153,0.006346029291493003,1.1480383,9.203137,5967
6154,0.0009039927765659548,1.133792,3.8447585,850
6155,0.0027449474780196813,2.453231,7.2196274,2581
6156,0.0006008893161879582,0.9469638,3.3917828,565
6157,0.0007072414075486587,1.393771,4.3260727,665
6158,0.0012985590355141538,1.3041968,5.045432,1221
6159,0.10080582979624003,1.9698806,7.7742844,94785
6160,0.0025886099037194517,3.1815362,11.004952,2434
6161,0.005488831435125756,2.2348804,8.169228,5161
6162,0.0007955136433780402,1.5641221,5.0642204,748
6163,0.0009571688222463051,1.4391774,5.260011,900
6164,8.082758943413243e-05,0.8912894,2.2110476,76
6165,0.04497629943644027,1.3475387,6.773774,42290
6166,0.0010337423280260094,1.6045675,7.791283,972
6167,0.005277190773317962,1.9152503,7.0505424,4962
6168,1.0635209136070056e-06,0.855582,0.855582,1
6169,0.0005423956659395729,1.7768606,7.449008,510
6170,0.004096682559214185,1.4114916,5.0663505,3852
6171,0.0005094265176177557,1.8580831,10.2328825,479
6172,0.005460116370458367,1.4525304,4.1024256,5134
6173,0.00210258084620105,1.9393753,7.722446,1977
6174,0.009438748108262176,1.6121408,6.1945615,8875
6175,0.00038605809163934303,1.3350679,4.754406,363
6176,0.004806051008590059,1.8926852,6.5533037,4519
6177,0.0025460690671751714,4.524653,13.063174,2394
6178,0.00045731399285101244,2.4166198,8.1337385,430
6179,0.0009795027614320521,1.4040164,4.4992785,921
6180,0.00036904175702163095,1.4173915,8.805128,347
6181,0.022946527231984752,1.6351672,4.2642426,21576
6182,0.005758965747181936,0.9677231,4.4050293,5415
6183,0.0010816007691383247,1.5373739,7.165248,1017
6184,0.00027970600027864246,1.7274945,7.3950973,263
6185,5.6366608421171295e-05,1.2269449,3.049286,53
6186,0.0025311797743846733,2.1820457,8.90984,2380
6187,0.00035415246423113286,1.2016085,5.0444083,333
6188,0.002086628032496945,1.3468139,4.3287053,1962
6189,0.00038818513346655707,1.6697125,7.404203,365
6190,3.296914832181717e-05,1.369628,4.211325,31
6191,0.0018579710360714387,1.2890555,5.3293915,1747
6192,0.001894130747134077,3.03366,10.939456,1781
6193,0.0038222941635035783,3.2683794,9.398011,3594
6194,0.0018537169524170108,1.2941823,3.6618521,1743
6195,0.0014166098569245314,1.8125683,8.535387,1332
6196,0.0014155463360109245,1.3146881,4.862661,1331
6197,0.005468624537767223,1.7747161,9.535934,5142
6198,0.002642849470313409,2.4705698,14.061764,2485
6199,0.0023599529072939455,2.6326025,8.658842,2219
6200,0.011134000444551742,1.6933664,4.435316,10469
6201,0.001115633438373749,1.2894254,4.7644777,1049
6202,0.009481288944806454,38.668987,69.02095,8915
6203,0.00222701279309307,1.9664291,7.267832,2094
6204,0.0016005989749785434,1.9909476,7.5122614,1505
6205,0.0025928639873738796,2.771745,9.856732,2438
6206,0.002037706070471023,1.1659083,3.9427986,1916
6207,0.0009188820693564529,2.5869172,12.081795,864
6208,0.0002658802284017514,1.0158154,2.7428985,250
6209,0.020444062522267468,1.5296783,5.6672997,19223
6210,0.0023780327628252647,1.087758,4.101706,2236
6211,0.0017984138649094466,1.8332633,10.09394,1691
6212,0.0006391760690778104,1.5826807,6.365627,601
6213,0.0014921198417906288,2.9159737,11.580959,1403
6214,0.0011773176513629553,1.5570774,5.2238235,1107
6215,0.0017845880930325553,3.6483023,12.54644,1678
6216,0.00419452648326603,1.0281727,3.069553,3944
6217,0.0005402686241123589,1.1163901,3.1499448,508
6218,0.00048071145295036654,1.8648959,7.4144807,452
6219,0.0014793575908273449,2.7238278,9.765448,1391
6220,0.00042115428178837424,1.3791339,6.2574744,396
6221,0.005121916719931339,1.7066524,8.055152,4816
6222,9.146279857020248e-05,1.239163,3.7794147,86
6223,0.012252824445666312,1.235991,4.5828404,11521
6224,0.0005743012933477831,1.0951319,2.796523,540
6225,0.013345060423940706,2.5755734,7.8986893,12548
6226,0.0038754702091839286,4.9022326,14.050486,3644
6227,8.933575674298847e-05,1.2333169,3.7099242,84
6228,0.0025439420253479577,3.8382683,11.546535,2392
6229,0.0017484283819699173,1.0889598,3.1123517,1644
6230,0.0018590345569850458,2.0767367,8.200996,1748
6231,0.0004966642666544716,1.512261,6.6321106,467
6232,0.0015580581384342632,1.3732107,5.1482687,1465
6233,0.001862225119725867,2.7470105,11.885188,1751
6234,7.338294303888339e-05,0.65879405,1.1134316,69
6235,0.0010177895143219044,1.5768595,5.2051835,957
6236,0.00203876959138463,3.0592597,11.442217,1917
6237,0.000565793126038927,1.6604962,7.892973,532
6238,0.0015995354540649365,2.1719131,10.412052,1504
6239,0.0008508167308856045,1.631984,7.8516235,800
6240,0.003081020086719495,2.8138602,9.017989,2897
6241,0.0019887841084451005,1.8610815,8.655484,1870
6242,0.007190464896896965,1.8685455,7.2479115,6761
6243,0.0018196842831815867,1.8224603,7.2814884,1711
6244,0.001534660678334909,1.8271213,8.584389,1443
6245,0.0010816007691383247,3.8317006,13.455683,1017
6246,0.008091267110722099,1.3884468,5.11114,7608
6247,0.00012336842597841265,2.2023335,12.655307,116
6248,0.001919655249060645,2.3426547,8.600785,1805
6249,0.0021770273101535407,3.3624463,11.840073,2047
6250,3.403266923542418e-05,0.9559784,1.4593941,32
6251,0.004971960271112751,1.6355717,6.3053985,4675
6252,0.0024865118960131793,2.6697552,8.365978,2338
6253,0.008882526670445711,1.6089805,5.4607015,8352
6254,0.0013400363511448272,1.8030792,7.486895,1260
6255,0.0034968567639398346,1.890914,6.927722,3288
6256,0.0007870054760691842,1.456237,5.6816907,740
6257,0.0007742432251059,1.4693725,5.371017,728
6258,0.0070639059081777315,1.6356081,6.00954,6642
6259,0.000758290411401795,1.5239334,7.3982244,713
6260,0.0006795898637948766,1.4567993,7.5315466,639
6261,0.007687129163551436,1.7864647,7.760452,7228
6262,0.0011028711874104648,1.0785853,3.7900858,1037
6263,0.0011049982292376788,1.2859993,4.617222,1039
6264,0.0006763993010540555,1.4422321,6.7607875,636
6265,0.00044986934645576337,1.9247448,8.175945,423
6266,0.0013964029595659984,2.4657438,9.9843235,1313
6267,0.0030884647331147442,1.1333014,3.5910687,2904
6268,0.028469391336345934,1.2606126,3.7689588,26769
6269,0.0041349693121040376,1.230331,5.6153994,3888
6270,0.0006264138181145264,1.7689679,10.580691,589
6271,0.0012985590355141538,2.1843784,12.501386,1221
6272,0.010879818946199668,2.0771666,8.111563,10230
6273,0.038200607695850035,3.7373397,15.682766,35919
6274,0.000939088966714986,1.5563265,5.877184,883
6275,0.0016665372716221777,1.219532,4.4682055,1567
6276,0.007993423186670255,1.623894,6.0862436,7516
6277,0.002437589933987257,3.1053,9.553744,2292
6278,0.00011592377958316362,1.3554374,4.4708796,109
6279,0.0027821707099959267,4.340144,11.261625,2616
6280,0.0029459529306914054,1.9129738,6.492079,2770
6281,0.0014665953398640607,1.2604383,7.817397,1379
6282,0.0009114374229612038,1.2778313,4.8232737,857
6283,0.012763314484197675,2.3948605,10.100192,12001
6284,0.008963354259879843,1.5950315,6.415643,8428
6285,0.001885622579825221,1.254572,4.525404,1773
6286,7.763702669331141e-05,2.0601676,8.455543,73
6287,0.001500628009099485,4.3135796,16.285265,1411
6288,0.002065357614224805,3.2742832,9.959638,1942
6289,0.002772599021773464,3.1193528,11.103126,2607
6290,0.001534660678334909,1.4357638,5.737168,1443
6291,0.0019228458118014662,1.9169569,8.796624,1808
6292,0.00028821416758749853,1.9068552,5.844066,271
6293,0.00034564429692227684,1.9857365,6.8855333,325
6294,0.0021238512644731903,1.4682713,5.8071585,1997
6295,0.001143284982127531,1.5390378,6.4098506,1075
6296,0.0017877786557733764,1.1377019,4.0274606,1681
6297,0.0020015463594083844,1.2425857,4.6018014,1882
6298,0.0021929801238576457,1.5423496,7.471768,2062
6299,0.0004775208902095455,1.2096024,5.098302,449
6300,0.0037074339048340215,0.9179864,2.575831,3486
6301,0.0013836407086027143,1.8063536,8.251222,1301
6302,0.001896257788961291,2.3266718,9.089913,1783
6303,0.010220435979763324,1.6796116,13.586535,9610
6304,0.017470458047822282,1.822895,13.861786,16427
6305,0.0021759637892399333,2.0620947,7.3833423,2046
6306,0.0008221016662182154,1.7392584,7.261961,773
6307,0.004900704369901082,1.7902642,7.144329,4608
6308,0.001304940160995796,1.366123,6.526248,1227
6309,0.0046029185140911205,1.8447872,6.718075,4328
6310,0.0016484574160908587,3.3450694,11.366278,1550
6311,0.002653484679449479,4.1589003,10.50287,2495
6312,0.0010922359782743949,2.657269,10.434828,1027
6313,0.0006732087383132346,1.5690595,6.84993,633
6314,0.0004945372248272576,1.3187956,4.274247,465
6315,0.0022089329375617507,1.3362765,7.594536,2077
6316,0.0020993902834602293,3.2250733,11.625403,1974
6317,0.000746591681352118,1.7145218,11.050926,702
6318,0.0002467368519568253,1.2532737,6.0104337,232
6319,0.002338682489021805,1.0769118,4.836371,2199
6320,0.003226722451883655,1.6525748,7.4662127,3034
6321,0.00042540836544280227,1.4343861,10.194532,400
6322,0.010580969569476099,1.5812443,9.52631,9949
6323,0.002014308610371669,2.043202,8.253444,1894
6324,4.147731563067322e-05,1.1880685,2.7641325,39
6325,0.0021759637892399333,2.737899,8.567909,2046
6326,0.00045731399285101244,1.613044,7.257229,430
6327,0.0010486316208165075,1.4441727,6.0707283,986
6328,0.0013708784576394303,1.148129,3.6116545,1289
6329,0.0019356080627647503,1.1592401,3.8831422,1820
6330,0.0023089039034408093,3.098202,9.361765,2171
6331,0.0012166679251664145,1.5409492,6.305944,1144
6332,0.0002690707911425724,1.4547786,9.719926,253
6333,0.002640722428486195,2.1684437,8.505382,2483
6334,0.0003031034603779966,1.6597518,8.134103,285
6335,0.003061876710274569,1.7726675,6.883066,2879
6336,1.701633461771209e-05,0.9994493,1.5817095,16
6337,0.002284442922427848,1.7590383,7.6741853,2148
6338,0.0013464174766264691,3.8220556,12.052159,1266
6339,0.0010284247234579745,1.4049686,5.7995625,967
6340,0.009691866085700641,1.5400578,5.6804876,9113
6341,0.0036840364447346674,3.2273164,12.194234,3464
6342,0.001343226913885648,1.2595588,4.4272842,1263
6343,0.0038946135856288548,1.8817669,8.566122,3662
6344,0.0017962868230822326,3.0539913,10.514888,1689
6345,0.00028715064667389153,1.9307282,9.084191,270
6346,0.0009156915066156319,1.3434625,4.4737434,861
6347,0.0012549546780562667,1.5773162,7.3549027,1180
6348,0.004629506536931296,2.1732373,8.801371,4353
6349,0.0006285408599417403,1.2123253,4.2469754,591
6350,0.002043023675039058,2.6934938,8.498638,1921
6351,0.011409452361175956,1.502055,6.3869386,10728
6352,0.0012943049518597258,1.3111367,3.7015908,1217
6353,0.010055590238154237,1.7114482,6.2404943,9455
6354,0.0008476261681447834,1.7365527,7.8315825,797
6355,0.0009146279857020249,1.8872391,6.7869797,860
6356,0.012364494141595047,2.5285673,7.466191,11626
6357,0.0007083049284622657,1.6136401,8.927196,666
6358,0.0022333939185747117,1.4914665,5.9920506,2100
6359,0.0016654737507085708,2.8559554,11.233849,1566
6360,0.009207964070009454,1.505984,6.3600664,8658
6361,0.004660348643425898,1.4977002,7.2379932,4382
6362,0.0006072704416696002,1.3680406,5.5090127,571
6363,0.005605818735622527,3.015084,10.033891,5271
6364,0.0010029002215314062,1.2667421,6.4241967,943
6365,0.0017782069675509134,2.7266414,11.440041,1672
6366,0.010569270839426421,2.1070292,8.704737,9938
6367,0.0036361780036223523,1.4880179,6.6185975,3419
6368,0.0023493176981578753,2.943459,11.0639305,2209
6369,0.001915401165406217,3.145323,11.061537,1801
6370,0.0007912595597236122,1.6362748,7.824003,744
6371,0.0010932994991880017,1.5499378,6.143958,1028
6372,0.0014517060470735626,1.3520035,5.3140464,1365
6373,0.005753648142613901,2.2961752,9.445506,5410
6374,0.0017771434466373065,1.2708106,4.4466834,1671
6375,0.0042189874642789916,1.8446114,9.496521,3967
6376,2.020689735853311e-05,1.0757698,1.5711298,19
6377,0.0018473358269353688,2.2885065,8.308446,1737
6378,0.0017441742983154893,3.1645684,10.240554,1640
6379,0.00016909982526351389,1.3368119,5.0034347,159
6380,0.0021642650591902563,2.6118262,8.819158,2035
6381,0.0034532524064819475,2.2553127,7.8134255,3247
6382,0.005214443039415148,2.6580439,9.965543,4903
6383,0.03220447678493374,0.9191495,4.0995984,30281
6384,0.002504591751544498,1.456483,7.165197,2355
6385,0.007669049308020118,1.278773,5.061937,7211
6386,0.016755771993878375,1.5144746,6.389323,15755
6387,0.005988686264521048,2.2608988,7.2536964,5631
6388,0.005707916743328799,1.6596887,8.571988,5367
6389,0.001889876663479649,1.3667742,5.3135056,1777
6390,0.0019228458118014662,2.259449,9.685644,1808
6391,0.003184181615339375,2.6182897,9.4119005,2994
6392,0.07283416624746217,8.508196,22.595243,68484
6393,0.004762446651132171,1.7303681,5.5658717,4478
6394,0.0005764283351749971,1.2687078,5.485539,542
6395,0.001866479203380295,2.6414669,9.325274,1755
6396,0.0023280472798857354,3.5886552,11.887556,2189
6397,0.00019887841084451004,1.1248903,4.3461547,187
6398,0.0019249728536286802,1.2965542,3.8201606,1810
6399,0.0018792414543435788,3.753645,10.586561,1767
6400,0.00011911434232398463,1.4970564,7.4553113,112
6401,1.91433764449261e-05,1.1911459,2.3888936,18
6402,6.381125481642034e-05,1.0634586,2.8681717,60
6403,0.0016527114997452867,2.7355661,10.116429,1554
6404,0.002638595386658981,2.2004066,8.323966,2481
6405,0.0004945372248272576,1.5669292,7.0194426,465
6406,0.0009678040313823752,1.2547336,4.5606437,910
6407,0.0008944210883434918,1.8458873,6.915621,841
6408,0.0019781488993090303,4.050441,13.290875,1860
6409,0.0014410708379374926,1.1574703,5.4045844,1355
6410,0.0018824320170844,2.400978,8.757137,1770
6411,0.0029608422234819035,3.3604515,9.421299,2784
6412,8.614519400216745e-05,2.2356918,9.55095,81
6413,0.00722768812887321,1.9720175,8.184364,6796
6414,0.0017675717584148434,1.7506249,6.6174793,1662
6415,0.0014708494235184887,1.7694712,5.930341,1383
6416,0.0005976987534471372,1.1738348,7.406928,562
6417,0.006053561040251076,2.5817504,9.90287,5692
6418,0.0012304936970433055,1.2924929,4.1258426,1157
6419,0.001897321309874898,3.6459436,12.7164755,1784
6420,0.0028810781549613784,2.9653566,10.719997,2709
6421,0.0008135934989093593,1.4124434,6.0808496,765
6422,0.002267426587810136,2.8912995,10.864117,2132
6423,0.004982595480248821,1.7598547,8.453575,4685
6424,0.0035234447867800098,1.5360346,8.729051,3313
6425,0.0017643811956740223,1.650314,7.7833967,1659
6426,0.0007859419551555772,1.4148518,4.484478,739
6427,0.002261045462328494,1.8552202,7.5800056,2126
6428,0.00045093286736937036,1.1995736,3.009075,424
6429,0.002883205196788592,2.8047843,9.713236,2711
6430,0.0002424827683023973,1.4539181,7.6044946,228
6431,0.004159430293116999,2.290415,8.417677,3911
6432,0.0010645844345206126,1.781402,6.863791,1001
6433,0.009125009438748109,28.649076,50.392807,8580
6434,0.0013666243739850021,2.5279639,8.298433,1285
6435,0.0006125880462376352,1.5191871,5.3738656,576
6436,0.0010145989515810833,1.3364699,4.6548448,954
6437,0.004650776955203436,1.7175202,7.3008666,4373
6438,0.0043689439130975794,1.6976936,8.064616,4108
6439,1.1698730049677062e-05,1.3094518,1.9886061,11
6440,0.0009093103811339898,2.15555,6.9647975,855
6441,0.0003031034603779966,1.4728776,5.153557,285
6442,0.0004115825935659112,1.2342596,4.2432714,387
6443,0.0023907950137885487,4.0816216,12.391097,2248
6444,0.002837473797503491,2.6158798,9.363387,2668
6445,0.007284054737294382,2.027606,10.964845,6849
6446,0.012515514111327243,1.7758262,7.2469034,11768
6447,0.01713013135546804,2.714229,7.174124,16107
6448,0.003212896680006764,1.915583,8.961637,3021
6449,0.010636272656983664,1.2625302,8.096419,10001
6450,0.0030820836076331025,2.7581785,9.365619,2898
6451,0.007109637307462832,1.3855214,5.147366,6685
6452,0.017973503439958394,1.801661,5.884027,16900
6453,0.000744464639524904,1.0830996,3.596053,700
6454,0.002804504649181674,3.4707355,9.58482,2637
6455,0.0003137386695140667,1.3489605,3.9687772,295
6456,0.0017112051499936721,2.8657048,10.845628,1609
6457,0.0018367006177992986,1.2476362,3.7128236,1727
6458,0.0007710526623650791,1.2235963,4.313062,725
6459,0.0012623993244515158,2.3377423,9.17606,1187
6460,0.02352614612990057,1.5305805,5.9901047,22121
6461,0.001534660678334909,1.4327072,7.0902476,1443
6462,0.0029257460333328724,2.8510065,9.370834,2751
6463,0.003218214284574799,2.3168013,8.055878,3026
6464,0.00034670781783588384,1.3338482,8.630078,326
6465,0.002053658884175128,1.077183,3.5303862,1931
6466,0.0004392341373196933,1.3987361,4.174539,413
6467,0.0008667695445897096,1.672628,6.341595,815
6468,0.0014410708379374926,1.5688407,7.6429415,1355
6469,0.0003031034603779966,1.1364206,2.9802008,285
6470,0.0005381415822851448,1.3622242,4.9199977,506
6471,0.001886686100738828,1.6900369,7.7857795,1774
6472,0.0010720290809158616,1.4459758,6.3056445,1008
6473,0.001880304975257186,4.06124,16.509468,1768
6474,0.0010964900619288228,1.3035201,3.946723,1031
6475,0.002085564511583338,2.0142303,9.010481,1961
6476,0.0005211252476674328,1.2403864,5.3536725,490
6477,0.002986366725408472,3.2980683,10.558597,2808
6478,0.0004466787837149424,1.285025,6.3140955,420
6479,0.0023418730517626263,2.139262,7.5127587,2202
6480,0.0005413321450259659,1.7638981,6.8046365,509
6481,0.0017888421766869835,1.4912694,5.5198936,1682
6482,0.010092813470130484,3.5284402,10.5327215,9490
6483,0.00151658082280359,3.070758,11.001284,1426
6484,0.00607695850035043,2.2177036,9.610052,5714
6485,0.006391760690778104,1.7599171,6.8421493,6010
6486,0.0018122396367863376,2.4274325,9.15799,1704
6487,0.003612780543522998,2.2386243,10.605345,3397
6488,0.0005551579169028569,1.1294211,3.5169668,522
6489,0.0021663921010174705,1.690518,6.9369903,2037
6490,0.00010741561227430756,1.2903987,5.106081,101
6491,0.0004243448445291952,1.7988925,8.815064,399
6492,0.00270985128787065,2.2906878,7.049311,2548
6493,0.0073095792392209495,1.5237963,5.664786,6873
6494,0.0006710816964860206,1.101108,4.6882205,631
6495,2.446098101296113e-05,1.7361255,5.127531,23
6496,0.002266363066896529,1.503316,5.1501627,2131
6497,0.00012868603054644768,1.2417833,3.4550252,121
6498,0.00029459529306914055,1.7625369,7.5800977,277
6499,0.013455666598955834,1.493138,5.747742,12652
6500,0.0010443775371620796,1.4309446,5.3082104,982
6501,0.018109634116900093,1.0893167,3.2652328,17028
6502,0.0031033540259052424,2.1740544,8.221962,2918
6503,0.0017420472564882753,2.1287284,6.6017942,1638
6504,0.000945470092196628,1.9777058,11.07767,889
6505,0.01853291544051568,0.9333667,3.3183377,17426
6506,0.002520544565248603,1.9499913,8.459612,2370
6507,0.001693125294462353,1.1176693,4.200968,1592
6508,0.006806533847084836,2.2224524,14.551359,6400
6509,0.08646212323442234,1.319943,5.5208707,81298
6510,0.001113506396546535,1.4399997,5.530324,1047
6511,0.0010188530352355115,1.4910884,5.0893316,958
6512,1.91433764449261e-05,1.0044587,1.491318,18
6513,0.009494051195769739,1.2843454,6.065216,8927
6514,0.004181764232302746,0.9931689,2.9872205,3932
6515,0.0014548966098143837,1.5493755,6.2143316,1368
6516,0.021997866577047304,1.4565464,4.9601336,20684
6517,0.009395143750804288,1.5631016,8.7738085,8834
6518,0.00022121235003025718,1.736309,12.086738,208
6519,0.0006572559246091295,1.8276407,8.323762,618
6520,0.002817266900144958,3.3118317,10.088978,2649
6521,0.0011720000467949202,1.2644756,4.143378,1102
6522,0.005191045579315794,2.5775042,9.183511,4881
6523,7.125590121166937e-05,0.90696394,2.080754,67
6524,0.0019781488993090303,1.3867531,5.9422073,1860
6525,0.0007880689969827912,1.456475,7.8268113,741
6526,0.0002839600839330705,1.4777888,7.627934,267
6527,0.0019621960856049253,1.2241682,3.7160995,1845
6528,0.0014719129444320958,2.824648,10.62395,1384
6529,0.0017909692185141975,3.093108,9.616464,1684
6530,0.0032777714557367913,1.1454592,4.3724604,3082
6531,0.004550805989324377,2.555619,8.750313,4279
6532,8.720871491577446e-05,2.792704,11.718205,82
6533,0.0017356661310066331,2.8287382,10.139509,1632
6534,0.009391953188063467,42.322994,76.9077,8831
6535,0.0017696988002420574,3.2982185,10.719375,1664
6536,0.013663053177109202,0.95164376,3.004538,12847
6537,0.0016282505187323257,1.1873654,4.541581,1531
6538,0.00337774242161585,1.3429241,4.156815,3176
6539,0.00270985128787065,3.0473082,10.583699,2548
6540,0.0023652705118619804,3.9258654,11.736869,2224
6541,0.0043285301183805126,2.090548,9.061614,4070
6542,0.0046029185140911205,2.8296473,7.943864,4328
6543,0.0025450055462615646,1.3577509,5.237693,2393
6544,0.001336845788404006,2.1234045,11.030078,1257
6545,0.039440673081115804,0.96612275,3.433058,37085
6546,0.0024312088085056147,2.8267083,10.025666,2286
6547,0.00048709257843200857,1.4778877,6.2716217,458
6548,0.0011751906095357411,2.1904218,7.3039837,1105
6549,0.0023737786791708368,2.2756233,7.6293573,2232
6550,0.002083437469756124,2.5246913,7.582723,1959
6551,0.0006572559246091295,1.5642731,7.4708667,618
6552,0.0011528566703499941,1.7169281,7.3634696,1084
6553,0.010097067553784912,2.0917943,7.907933,9494
6554,0.005430337784877371,1.4940625,6.0738525,5106
6555,0.0021068349298554783,1.2545941,5.2902427,1981
6556,0.005078312362473452,1.3810258,4.969702,4775
6557,0.0006987332402398027,1.2612978,5.6738076,657
6558,0.0012145408833392005,1.5208424,5.353085,1142
6559,0.0017494919028835242,1.2471364,4.666728,1645
6560,0.002033451986816595,2.978306,8.876833,1912
6561,0.006018464850102045,1.7906058,11.753338,5659
6562,0.0029523340561730476,2.6540287,9.378089,2776
6563,0.0008486896890583904,1.8435599,9.193808,798
6564,0.0029799855999268297,2.2425253,8.656847,2802
6565,0.0022014882911665016,1.1288863,4.1579537,2070
6566,0.0021749002683263264,2.9147286,8.733651,2045
6567,0.013250407062629683,1.7319299,7.409773,12459
6568,1.4889292790498078e-05,1.035604,1.6781043,14
6569,0.003368170733393387,1.7210898,7.2844667,3167
6570,0.0025141634397669614,1.5841341,5.832672,2364
6571,0.0031661017598080556,1.5832496,6.131482,2977
6572,0.0006827804265356976,2.5442731,8.974338,642
6573,0.0018186207622679796,1.6814637,8.384038,1710
6574,0.0008104029361685383,1.2878425,7.132044,762
6575,0.0023514447399850895,1.9812618,7.3562717,2211
6576,0.001303876640082189,0.95853955,2.7898984,1226
6577,0.0011815717350173833,1.6496458,8.360666,1111
6578,0.004758192567477743,1.9777873,6.58458,4474
6579,0.00025524501926568136,1.0929102,3.7946682,240
6580,0.0017569365492787732,1.4682238,6.181811,1652
6581,0.0016186788305098626,1.649114,7.4718747,1522
6582,0.0009039927765659548,1.7195313,7.760303,850
6583,0.009750359735949028,1.4355634,5.8737726,9168
6584,0.0010635209136070057,1.1740173,5.341451,1000
6585,0.001153920191263601,1.5719577,6.1550317,1085
6586,0.005640914925771558,2.1266425,8.735761,5304
6587,0.00047964793203675955,1.297124,4.5337405,451
6588,0.0010007731797041922,2.3912177,9.116904,941
6589,0.00044136117914690736,1.5900536,6.128581,415
6590,0.0021929801238576457,2.669324,9.846759,2062
6591,0.0014878657581362008,2.2730484,9.314341,1399
6592,0.0011188240011145698,1.3441873,5.798393,1052
6593,0.0012847332636372628,1.5463837,4.9567122,1208
6594,0.003198007387216266,2.2016582,8.162245,3007
6595,0.001320892974699901,2.107968,9.066215,1242
6596,0.003056559105706534,2.0645456,9.5585,2874
6597,0.0012007151114623094,1.3613687,4.8962603,1129
6598,0.0025269256907302453,2.604498,9.9637165,2376
6599,0.0018250018877496216,1.6456802,7.3675027,1716
6600,0.0022089329375617507,1.6747513,8.676246,2077
6601,0.001477230549000131,1.9723084,8.563243,1389
6602,0.0021982977284256805,2.2179356,9.040608,2067
6603,0.0022014882911665016,2.0794017,9.218584,2070
6604,0.0036319239199679243,1.11926,3.6174889,3415
6605,0.0432799835792371,1.343848,6.391248,40695
6606,0.002638595386658981,2.2642922,9.6679535,2481
6607,0.004224305068847026,1.4282906,5.511603,3972
6608,0.00012655898871923366,1.0759264,2.549494,119
6609,0.005996130910916298,2.28236,8.558526,5638
6610,0.01259421465893416,1.5851816,8.928641,11842
6611,0.001329401142008757,1.6940362,7.8972735,1250
6612,0.0010932994991880017,1.6138495,6.7048426,1028
6613,0.0013910853549979633,1.2486534,3.8961477,1308
6614,0.0004243448445291952,1.5031995,5.8178277,399
6615,0.0027534556453285377,1.2719982,4.2509813,2589
6616,0.002649230595795051,1.7744414,11.735274,2491
6617,0.0010560762672117566,1.5133715,7.414568,993
6618,0.0026832632650304754,1.866541,9.181538,2523
6619,0.0019536879182960694,2.2574353,7.3348327,1837
6620,0.004163684376771427,2.0126333,8.008823,3915
6621,0.003812722475281115,1.966206,6.9264297,3585
6622,0.0013028131191685818,1.9667048,7.6502056,1225
6623,0.001159237795831636,3.3689404,9.858928,1090
6624,0.0009295172784925229,1.542378,8.577928,874
6625,0.0006317314226825613,1.4510399,10.217084,594
6626,0.00016909982526351389,1.3850389,7.249424,159
6627,0.006224787907341804,1.9182394,8.437323,5853
6628,0.0002999128976371756,1.4744523,4.8155565,282
6629,0.0001116696959287356,2.370613,10.696735,105
6630,0.0009061198183931688,1.2751414,4.440216,852
6631,0.00445402558618614,1.5462091,11.238462,4188
6632,0.002061103530570377,1.4897627,7.7489038,1938
6633,0.003814849517108329,1.7863077,7.589631,3587
6634,0.0016005989749785434,1.4590188,4.227897,1505
6635,0.0006763993010540555,1.3475322,7.8786645,636
6636,0.0007667985787106511,1.9855033,7.5178065,721
6637,0.0021972342075120737,0.9182484,3.3008595,2066
6638,8.189111034773943e-05,0.85315865,2.0056708,77
6639,0.0025460690671751714,3.7107148,11.183511,2394
6640,0.0012889873472916908,1.6431425,8.196094,1212
6641,0.017237546967742347,1.1350831,4.2029333,16208
6642,0.004075412140942046,1.8213354,6.4645333,3832
6643,0.002847045485725954,1.095354,4.911504,2677
6644,0.0021525663291405792,3.4783962,11.534916,2024
6645,0.09164997825099731,1.3352468,6.421967,86176
6646,0.0015559310966070492,1.9738522,11.572924,1463
6647,0.0006093974834968142,1.9053098,8.353707,573
6648,0.003341582710553212,1.5655953,5.2746086,3142
6649,0.0008093394152549313,1.5397971,6.2413173,761
6650,0.0034926026802854066,2.6160967,9.127072,3284
6651,0.0025535137135704205,1.5532763,6.29796,2401
6652,0.000551967354162036,1.5069962,4.9524317,519
6653,0.0008284827916998574,1.9063408,8.208085,779
6654,0.0029023485732335183,1.3699913,5.1290746,2729
6655,0.0025194810443349962,3.6459768,11.6677475,2369
6656,0.0038861054183199984,4.2263007,11.190735,3654
6657,0.000744464639524904,1.4158472,4.2225404,700
6658,0.0012283666552160915,2.1698003,8.563871,1155
6659,0.037645449778947175,2.985925,11.799295,35397
6660,0.00606632329121436,7.1704617,16.892363,5704
6661,0.002459923873173004,1.209907,4.5488257,2313
6662,0.0017377931728338471,2.764769,8.918754,1634
6663,3.296914832181717e-05,1.509307,5.592103,31
6664,0.0009614229059007331,1.7085545,7.776223,904
6665,0.0017994773858230535,3.315728,13.910653,1692
6666,0.0009582323431599121,1.3289288,6.517355,901
6667,0.007731797041922931,1.0834752,5.838487,7270
6668,0.0004945372248272576,1.9462421,7.4990573,465
6669,0.001122014563855391,1.0892832,4.5173583,1055
6670,0.0023216661544040933,2.4906096,9.335753,2183
6671,0.031064382365547028,0.8704925,2.815215,29209
6672,0.0024992741469764632,2.767645,10.856803,2350
6673,0.00095185121767827,1.611083,8.149213,895
6674,0.00018186207622679796,1.3321204,4.9266114,171
6675,0.0014591506934688117,1.527698,7.649134,1372
6676,0.023109245931766626,2.4603791,8.494347,21729
6677,0.0021887260402032177,3.2639453,10.754922,2058
6678,5.104900385313627e-05,1.3792487,4.022898,48
6679,0.000953978259505484,1.3400255,4.3756123,897
6680,0.0014187368987517454,1.8432053,6.2499304,1334
6681,0.0016856806480671038,1.4535178,6.5580544,1585
6682,0.0025779746945833815,1.2368727,4.0752664,2424
6683,0.0006232232553737053,1.462029,5.250106,586
6684,0.004768827776613813,2.803175,10.07159,4484
6685,0.004985786042989642,1.9404896,12.0968275,4688
6686,0.0034883485966309786,1.4631697,5.782049,3280
6687,0.0003201197949957087,1.4807779,6.016512,301
6688,0.00946533613110235,2.0675726,7.225297,8900
6689,0.0005317604568035028,1.5527571,7.2410617,500
6690,0.002069611697879233,2.3045514,8.699709,1946
6691,9.997096587905853e-05,1.5848039,8.391094,94
6692,0.0012049691951167374,1.6927972,6.633208,1133
6693,0.001325147058354329,1.4080234,5.786756,1246
6694,0.0008316733544406784,1.4885824,5.7116466,782
6695,0.0008082758943413243,1.3993965,4.641693,760
6696,0.0006093974834968142,1.3275306,4.532611,573
6697,0.00024035572647518327,2.3423176,13.411876,226
6698,0.0008338003962678924,1.5709478,6.359523,784
6699,0.0010273612025443674,1.6606575,8.606612,966
6700,0.020008018947688597,1.5535978,6.091599,18813
6701,0.0014176733778381385,1.3591213,3.9512577,1333
6702,0.0023578258654667313,3.331963,10.961021,2217
6703,0.002273807713291778,1.3217909,4.1044626,2138
6704,0.0006317314226825613,1.1169978,3.5483804,594
6705,0.0008369909590087134,1.4899067,10.348,787
6706,0.0017877786557733764,1.2367202,4.7810783,1681
6707,0.006126943983289959,1.5890055,6.8297563,5761
6708,0.002068548176965626,1.9873369,9.3097105,1945
6709,0.0037148785512292706,3.1425464,12.257279,3493
6710,0.0008391180008359275,1.5884993,7.89291,789
6711,0.0017941597812550184,2.5662801,9.839013,1687
6712,0.00042647188635640927,1.2341608,5.2107263,401
6713,0.004807114529503665,1.4361286,5.253428,4520
6714,0.0021504392873133655,1.5412569,7.040428,2022
6715,0.0036244792735726753,1.8939499,8.15526,3408
6716,0.00207067521879284,2.2099798,8.603142,1947
6717,0.0025194810443349962,1.9143366,6.7319365,2369
6718,0.00030735754403242465,1.4317974,7.16114,289
6719,0.00040413794717066216,1.2407631,3.9115632,380
6720,0.005242094583168931,2.2083805,9.297571,4929
6721,0.005233586415860075,2.2837617,8.680849,4921
6722,0.004647586392462615,1.1329925,4.0322323,4370
6723,0.0027226135388339345,2.900067,10.6842785,2560
6724,0.00025843558200650235,1.2674263,3.520202,243
6725,0.000760417453229009,1.5476794,6.5833306,715
6726,0.00022546643368468518,1.4025657,6.6477733,212
6727,0.0025343703371254944,1.7115048,5.871995,2383
6728,0.000578555377002211,1.8760421,12.287954,544
6729,0.003016145310989468,2.180967,7.841108,2836
6730,0.00015633757430022984,1.065536,2.3418791,147
6731,0.0011507296285227801,1.7577931,9.426894,1082
6732,0.0014400073170238855,1.2581455,6.679107,1354
6733,0.05502763559094008,1.1882005,7.084825,51741
6734,0.0014283085869742085,1.4899977,5.8612022,1343
6735,0.0020313249449893807,2.7686992,9.849916,1910
6736,0.0021844719565487897,1.2141272,4.7942963,2054
6737,0.0007997677270324682,1.2861294,5.4506764,752
6738,0.0004987913084816857,1.0392647,5.0939307,469
6739,0.003044860375656857,1.5607468,5.923455,2863
6740,0.0008965481301707058,1.3295975,5.029541,843
6741,0.05653783528826203,2.4886875,10.248687,53161
6742,0.0009784392405184452,1.6408833,7.2346315,920
6743,0.0007721161832786861,2.3680537,10.321466,726
6744,0.026457209767801478,1.0122215,5.6735168,24877
6745,0.0011677459631404923,1.7213022,7.276866,1098
6746,0.005869571922197064,1.5068506,6.511378,5519
6747,0.0023014592570455602,2.036148,9.614085,2164
6748,0.0031129257141277056,2.4026453,8.239363,2927
6749,0.0008837858792074217,1.486869,6.0161343,831
6750,0.0011709365258813131,1.6839274,7.502884,1101
6751,0.003831865851726041,1.6224017,7.5561438,3603
6752,0.0010996806246696437,1.5592552,7.1708565,1034
6753,0.0012007151114623094,1.3571597,6.6223445,1129
6754,0.0019972922757539565,2.6656942,10.778277,1878
6755,0.0008859129210346357,1.8481643,8.011567,833
6756,0.00041264611447951817,1.7155108,7.0402236,388
6757,0.011772112992715945,1.3919983,5.0342484,11069
6758,0.00016909982526351389,1.1591861,3.5820355,159
6759,0.003793579098836189,1.9094608,7.9672995,3567
6760,0.00044986934645576337,1.5655862,10.108143,423
6761,0.002121724222645976,1.5630195,7.164033,1995
6762,0.0017643811956740223,1.6877322,6.5824733,1659
6763,0.0009603593849871261,2.886473,9.89323,903
6764,0.030236963094760778,1.7814237,6.147545,28431
6765,0.0106267009687612,1.2052399,4.2522664,9992
6766,0.004965579145631109,1.2333542,4.9035583,4669
6767,0.0011911434232398464,1.3124237,6.8334475,1120
6768,0.0008125299779957523,1.4005052,5.576919,764
6769,0.002864061820343666,1.7166028,7.280337,2693
6770,0.000936961924887772,2.685002,9.116783,881
6771,1.4889292790498078e-05,1.0487053,2.8123903,14
6772,0.0039414085058275625,1.2183754,4.53087,3706
6773,0.0002116406618077941,1.7403207,8.113368,199
6774,0.0019728312947409955,1.905249,6.721245,1855
6775,0.0031778004898577327,1.8862759,6.8015237,2988
6776,0.006539590097769478,1.262905,4.560147,6149
6777,0.014242672075025019,1.7600569,5.795057,13392
6778,0.0015708203893975473,2.7161522,13.688216,1477
6779,0.020180309335692932,1.1288729,5.039469,18975
6780,0.0015750744730519753,3.1149642,11.335008,1481
6781,0.0010284247234579745,1.6984745,6.505994,967
6782,0.0024865118960131793,1.4768039,6.8315907,2338
6783,0.00023822868464796926,1.4226615,5.5816455,224
6784,0.0007402105558704759,1.0938652,5.4492674,696
6785,0.0016176153095962555,2.4997456,9.5057535,1521
6786,0.003991393988767092,2.7219474,10.453932,3753
6787,0.006539590097769478,2.3341045,8.672871,6149
6788,0.002117470138991548,1.3771265,6.115811,1991
6789,0.0003424537341814558,1.3366586,5.6068006,322
6790,0.0022216951885250347,1.3461554,5.4599123,2089
6791,0.0030884647331147442,1.736077,8.30985,2904
6792,0.0023705881164300157,3.0328152,9.589474,2229
6793,0.0026885808695985103,4.165119,12.863558,2528
6794,0.009740788047726564,1.704104,6.535941,9159
6795,0.0003509619014903119,1.5101119,4.9592166,330
6796,0.0013623702903305742,1.3829485,5.296242,1281
6797,0.0005147441221857907,1.9256616,8.706903,484
6798,0.00021376770363500813,1.26746,5.919398,201
6799,0.0009667405104687681,1.0991058,4.7067347,909
6800,0.008841049354815039,1.5570108,5.6461716,8313
6801,0.0016271869978187186,1.7028898,9.130895,1530
6802,0.004971960271112751,2.6622002,11.992963,4675
6803,0.002289760526995883,1.4680665,5.699203,2153
6804,0.009489797112115311,1.1644039,6.9772425,8923
6805,0.009161169149810746,28.380203,53.788013,8614
6806,0.0016356951651275748,4.129554,15.943747,1538
6807,0.0019090200399245751,1.4856123,6.009591,1795
6808,0.00017973503439958394,2.4635618,8.44546,169
6809,0.014051238310575758,1.6153717,9.173485,13212
6810,0.0035181271822119745,1.3614302,5.859462,3308
6811,0.005107027427140841,1.8750988,9.571833,4802
6812,0.000950787696764663,1.5514014,5.363096,894
6813,0.002309967424354416,5.1776586,14.222723,2172
6814,0.0002095136199805801,0.9445918,3.2343566,197
6815,0.0029916843299765067,1.4358345,4.92208,2813
6816,0.0036691471519441693,1.7863117,6.9179544,3450
6817,0.0016739819180174268,3.2545786,10.292757,1574
6818,0.0024024937438382257,2.1746116,7.9602923,2259
6819,0.02222014244799117,1.3646333,5.757865,20893
6820,0.03464419376074821,1.0764574,4.656464,32575
6821,0.01221453769277646,2.9144192,10.894223,11485
6822,0.0021281053481276182,1.3538585,3.8433695,2001
6823,0.0036521308173264573,1.2469376,4.0274754,3434
6824,0.0013666243739850021,1.7471399,5.9846096,1285
6825,0.0031522759879311648,2.7175379,8.661883,2964
6826,0.0005189982058402188,1.5166804,5.4504232,488
6827,0.0005594120005572849,1.3140613,4.2412953,526
6828,0.005791934895503753,2.4178715,9.190332,5446
6829,0.0006487477573002735,2.0750532,6.901602,610
6830,0.0010167259934082975,1.804791,5.7975373,956
6831,0.003561731539669862,1.8145288,6.3751836,3349
6832,0.0007136225330303008,1.2790774,4.7739263,671
6833,0.011875274521335825,1.4316652,5.045845,11166
6834,0.002080246907015303,1.0206006,4.5880914,1956
6835,0.0008125299779957523,1.3832754,7.308335,764
6836,0.003004446580939791,1.0432664,3.8759022,2825
6837,0.005924875009704628,2.8069057,10.040501,5571
6838,0.005284635419713211,1.133578,6.5871263,4969
6839,0.0034585700110499823,1.9537579,7.3623624,3252
6840,0.0006689546546588066,1.2921411,5.5455327,629
6841,3.403266923542418e-05,1.0737343,2.762243,32
6842,7.763702669331141e-05,1.3052137,4.2795954,73
6843,0.002475876686877109,1.7641826,9.746393,2328
6844,0.0010390599325940445,2.1533897,8.679433,977
6845,0.02461306450360693,1.2278942,6.8433843,23143
6846,0.00761480974142616,1.6833665,6.381601,7160
6847,0.00010741561227430756,0.94816554,2.6724052,101
6848,0.004245575487119167,2.022708,8.465746,3992
6849,0.0022652995459829218,1.5410103,7.346501,2130
6850,0.0010635209136070057,1.1022485,3.6737423,1000
6851,0.005146377700944301,1.5648586,5.5976205,4839
6852,0.0005338874986307168,2.4225183,9.272117,502
6853,0.0017973503439958395,2.490824,9.805048,1690
6854,0.0023216661544040933,3.2424707,9.37778,2183
6855,0.0027789801472551056,2.8960311,10.701998,2613
6856,0.001115633438373749,3.1665385,8.910357,1049
6857,0.00012443194689201967,1.0128695,3.5883949,117
6858,0.0086379168603161,2.567496,8.992269,8122
6859,0.0007806243505875421,1.8179466,8.982221,734
6860,0.0005764283351749971,1.2350694,3.421108,542
6861,0.007775401399380818,2.6318116,11.100528,7311
6862,0.0012039056742031303,2.2954366,12.099159,1132
6863,0.002307840382527202,2.630371,7.672905,2170
6864,0.003782943889700119,2.2742186,8.964615,3557
6865,0.00288745928044302,1.4351609,5.4009795,2715
6866,0.0003966933007754131,1.8336072,11.466642,373
6867,0.0014368167542830647,3.1319585,10.140262,1351
6868,0.0005147441221857907,1.2291034,3.3589826,484
6869,0.0005487767914212149,1.7594479,5.487576,516
6870,0.001159237795831636,1.1667799,3.9405048,1090
6871,0.0025492596299159925,1.3701686,4.89845,2397
6872,3.509619014903119e-05,0.8290561,1.3272731,33
6873,0.0011528566703499941,2.3494496,6.958034,1084
6874,0.004908149016296331,2.751545,11.57656,4615
6875,0.0009316443203197369,1.5668089,9.704859,876
6876,0.0008274192707862503,1.5831366,9.550997,778
6877,0.0015995354540649365,1.8532959,7.3494964,1504
6878,0.0018281924504904427,1.0343212,3.7219217,1719
6879,0.001690998252635139,2.8262851,10.830976,1590
6880,0.0027981235237000317,4.2312627,11.432391,2631
6881,0.00035521598514473985,1.4057992,4.938842,334
6882,0.0006763993010540555,1.7032845,7.586197,636
6883,0.0008869764419482427,1.3121442,4.154511,834
6884,0.0015452958874709792,1.9188935,7.338466,1453
6885,0.0017590635911059872,1.8029219,7.811641,1654
6886,0.013852359899731248,1.6917273,6.0323873,13025
6887,0.0021929801238576457,1.2873596,5.455762,2062
6888,0.0004030744262570551,1.6251528,6.4433136,379
6889,0.002255727857760459,3.3000596,10.673159,2121
6890,0.00995242870953436,3.364693,17.73594,9358
6891,0.0012060327160303443,1.0824805,4.8264127,1134
6892,0.0006062069207559932,1.2761965,4.087948,570
6893,0.005023009274965888,1.3617855,4.7719164,4723
6894,0.0023652705118619804,2.9014297,8.982939,2224
6895,0.000578555377002211,2.0223944,10.312342,544
6896,0.001350671560280897,1.6416609,7.46147,1270
6897,0.0007987042061188613,1.2515752,5.2580767,751
6898,0.0044784865671991005,1.7432134,7.8204117,4211
6899,0.004778399464836276,2.7796752,8.95853,4493
6900,0.001123078084768998,1.5141299,5.636491,1056
6901,0.006437492090063205,1.4535071,5.5612125,6053
6902,0.010458664664411293,1.3870976,4.9778466,9834
6903,0.0037223231976245197,2.971874,11.595838,3500
6904,0.0029491434934322265,2.9080834,9.031477,2773
6905,0.0220276451626283,1.4326015,5.5522075,20712
6906,0.0010624573926933986,1.9001199,9.366892,999
6907,0.0012347477806977335,1.2100323,5.360466,1161
6908,0.010407615660558157,1.6143264,5.8455906,9786
6909,0.0019047659562701472,1.8562613,6.8505144,1791
6910,0.0025652124436200976,3.0875804,8.283162,2412
6911,4.466787837149424e-05,1.6638011,5.484195,42
6912,0.005582421275523173,1.9259623,8.500582,5249
6913,0.0016303775605595397,1.7081152,7.223313,1533
6914,0.006145023838821278,1.713739,7.5899696,5778
6915,0.002625833135695697,2.9596462,7.879579,2469
6916,0.0002275934755118992,1.2430006,3.3656116,214
6917,0.0007870054760691842,2.2151175,8.618071,740
6918,0.0019568784810368904,1.3575317,4.6830907,1840
6919,0.0019728312947409955,1.6956363,6.690028,1855
6920,0.006491731656657162,3.7901037,9.576144,6104
6921,0.00037010527793523794,1.6394857,6.6071534,348
6922,0.00012549546780562666,1.4615123,4.816157,118
6923,0.0023886679719613345,1.5654988,6.0555754,2246
6924,0.005836602773875247,1.5765749,5.6463966,5488
6925,0.028771431275810323,1.7206125,6.537907,27053
6926,0.0019409256673327852,2.19465,7.9943295,1825
6927,0.002330174321712949,1.1394993,4.5457106,2191
6928,0.0015559310966070492,2.1808224,8.065446,1463
6929,0.009162232670724354,30.733915,60.58341,8615
6930,0.08920388014970121,1.2497618,4.014934,83876
6931,0.015623122220886913,0.8008477,2.4568186,14690
6932,0.0034798404293221222,2.5050223,9.1059,3272
6933,0.0008348639171814994,1.6881742,6.4009323,785
6934,0.002298268694304739,2.9711154,9.054597,2161
6935,0.0012294301761296986,2.9080381,12.75837,1156
6936,4.892196202592226e-05,1.3466641,5.4455585,46
6937,0.0003594700687991679,1.5118179,7.8757486,338
6938,0.0035202542240391887,3.1586788,10.432966,3310
6939,0.0015431688456437652,2.7324731,9.685764,1451
6940,0.0010730926018294687,1.2260889,4.5011797,1009
6941,0.0015474229292981932,2.8369625,7.984112,1455
6942,0.0018196842831815867,1.4489053,6.9424214,1711
6943,0.00034883485966309783,1.1895741,3.1985579,328
6944,0.004824130864121377,2.3588603,8.40378,4536
6945,0.0021738367474127196,2.2712443,6.877702,2044
6946,0.0006763993010540555,0.98002315,4.930202,636
6947,0.0029672233489635457,2.4505782,8.609369,2790
6948,0.008849557522123894,2.7437892,9.399254,8321
6949,0.0006051433998423862,1.7974916,7.1870165,569
6950,0.006886297915605361,2.0532503,8.091505,6475
6951,0.0037233867185381265,1.6158484,6.4174824,3501
6952,0.031058001240065386,1.5063736,6.016304,29203
6953,7.444646395249039e-06,0.90270543,1.0747738,7
6954,0.0014655318189504538,2.9359167,10.149221,1378
6955,0.001336845788404006,1.4641294,6.101744,1257
6956,0.002848109006639561,1.4369563,4.333599,2678
6957,0.008745332472590408,1.083888,3.4159045,8223
6958,0.00025737206109289535,2.6277597,9.172098,242
6959,0.0005083629967041487,1.2033786,3.0305479,478
6960,0.018805176794399074,1.3146019,4.674761,17682
6961,0.0025226716070758173,1.6354294,5.65692,2372
6962,0.005369717092801771,2.6002007,13.38059,5049
6963,0.0025854193409786306,1.9684275,7.749987,2431
6964,0.0027194229760931134,1.5368978,11.340309,2557
6965,0.002903412094147125,2.9722855,11.527275,2730
6966,0.0012007151114623094,1.786222,8.941533,1129
6967,0.00226955362963735,2.7529483,8.881081,2134
6968,5.317604568035028e-06,1.0204667,1.1411823,5
6969,0.04009154788024329,0.868272,2.6058545,37697
6970,0.000749782244092939,1.5593996,5.818119,705
6971,0.007661604661624868,2.0672145,8.923754,7204
6972,0.001127332168423426,1.4722039,5.3027115,1060
6973,0.0006997967611534096,1.387252,6.0094457,658
6974,0.0018356370968856917,2.2524827,9.56191,1726
6975,0.004324276034726085,1.7644315,6.613579,4066
6976,0.003760609950514372,1.1903269,3.7860458,3536
6977,0.0018707332870347229,1.3095161,4.326513,1759
6978,0.0005753648142613901,1.8407297,6.656034,541
6979,0.002459923873173004,3.6333463,9.910911,2313
6980,0.0005136806012721837,1.5455557,8.009927,483
6981,0.001142221461213924,2.7319055,9.986867,1074
6982,0.008302907772529892,1.6763583,7.742192,7807
6983,0.0027279311434019694,2.4616156,9.268564,2565
6984,0.00242589120393758,2.8381114,9.820861,2281
6985,0.0001680363043499069,0.91079324,2.0847478,158
6986,0.0012528276362290527,2.6029553,11.860264,1178
6987,0.0004732668065551175,2.821532,12.107793,445
6988,0.0021589474546222214,3.6152947,12.138751,2030
6989,0.0006583194455227365,1.792214,8.484842,619
6990,0.0016165517886826486,3.403667,11.169574,1520
6991,0.000939088966714986,1.1936146,5.8248963,883
6992,0.0008933575674298848,2.1236672,9.128641,840
6993,0.00017441742983154891,2.1285748,5.9522204,164
6994,0.00380740487071308,1.2648551,5.4871764,3580
6995,0.0021738367474127196,2.592294,8.973254,2044
6996,0.003535143516829687,2.5274088,8.25855,3324
6997,0.00306506727301539,1.7782632,6.584058,2882
6998,0.0022099964584753576,1.4114318,4.176994,2078
6999,0.0004722032856415105,1.1993612,3.1578805,444
7000,0.0017537459865379524,2.4297733,9.569505,1649
7001,0.0005211252476674328,1.956348,7.4190903,490
7002,0.030272059284909808,2.1858816,14.055383,28464
7003,0.0016697278343629988,2.1675472,6.622533,1570
7004,0.010182149226873471,1.1657771,4.6872797,9574
7005,0.001921782290887859,1.0959108,3.2476242,1807
7006,0.0037095609466612357,1.3150353,4.6666636,3488
7007,0.00027438839571060743,1.8115332,6.6956763,258
7008,0.002294014610650311,2.4378674,8.483406,2157
7009,0.00047964793203675955,1.6211383,6.2544703,451
7010,0.0003020399394643896,1.1951213,5.5593486,284
7011,0.002654548200363086,2.3592956,13.53766,2496
7012,0.0027311217061427905,1.4844567,8.606607,2568
7013,0.006846947641801902,1.6163385,7.644764,6438
7014,0.0002977858558099616,2.1874175,10.650716,280
7015,0.004445517418877284,1.3507273,4.8690963,4180
7016,0.001124141605682605,2.0016713,8.747807,1057
7017,0.0003350090877862068,1.3808264,5.842215,315
7018,0.007230878691614031,1.43455,5.3478675,6799
7019,0.0025939275082874865,1.6065371,6.3594146,2439
7020,0.0006264138181145264,1.1572549,4.494228,589
7021,0.0009082468602203828,1.529455,6.451632,854
7022,0.0002446098101296113,1.2635115,5.979641,230
7023,0.004250893091687202,1.8986542,9.851667,3997
7024,0.0030395427710888222,1.2758138,3.9790428,2858
7025,0.0023961126183565835,1.6532731,7.003069,2253
7026,0.0029353177215553357,2.117718,6.948726,2760
7027,0.0012273031343024844,1.4072291,6.655757,1154
7028,0.004255147175341629,3.3476403,9.532714,4001
7029,0.006525764325892586,1.0757407,4.3112907,6136
7030,0.002286569964255062,1.6761954,7.7752514,2150
7031,0.0007391470349568689,1.182183,4.4671307,695
7032,0.004053078201756298,1.4140185,5.1918526,3811
7033,0.0007242577421663709,1.6578387,6.3190417,681
7034,0.0017133321918208861,1.2793314,4.698855,1611
7035,0.0016154882677690415,3.2006826,9.906412,1519
7036,0.0017377931728338471,3.1024165,9.252356,1634
7037,0.029232999352315762,1.5406091,5.5427904,27487
7038,0.002487575416926786,2.9070067,9.218595,2339
7039,0.0009752486777776241,1.3979027,6.0523868,917
7040,0.0010613938717797917,1.3638583,4.971396,998
7041,0.0013644973321577881,3.0005715,11.737975,1283
7042,0.002464177956827432,1.2868725,7.385153,2317
7043,0.000759353932315402,1.6118029,6.188433,714
7044,1.5952813704105085e-05,1.5314232,3.1394985,15
7045,0.002033451986816595,2.2030637,8.121833,1912
7046,0.003982885821458236,1.5037138,5.970123,3745
7047,0.0012740980545011928,3.7979503,13.57144,1198
7048,0.002121724222645976,1.5089903,5.3647766,1995
7049,0.0031203703605229547,1.7587975,9.04711,2934
7050,4.9985482939529265e-05,1.3761194,3.79163,47
7051,0.0015889002449288663,1.7100798,7.0854225,1494
7052,0.0007221307003391569,1.0489275,2.5866416,679
7053,0.0003956297798618061,1.6677577,6.7122235,372
7054,0.002105771408941871,2.4642615,8.264827,1980
7055,0.0022812523596870272,1.6616284,6.2227793,2145
7056,0.0010411869744212585,1.1605207,5.1680517,979
7057,0.003574493790633146,2.6058178,9.277614,3361
7058,0.0011751906095357411,1.3962263,6.12739,1105
7059,0.0017154592336481001,2.2878618,10.189854,1613
7060,0.0007699891414514721,1.8353965,7.6761155,724
7061,0.0027236770597475414,0.9886791,2.8822284,2561
7062,0.00035202542240391887,1.1602951,4.349991,331
7063,8.189111034773943e-05,1.0634774,2.5707142,77
7064,0.0009061198183931688,1.8124573,9.485334,852
7065,0.0029097932196287674,1.3960162,7.9804664,2736
7066,0.0010932994991880017,1.1360711,3.3119876,1028
7067,0.0019164646863198242,2.436946,7.348898,1802
7068,0.000565793126038927,1.5832124,4.6686134,532
7069,0.002836410276589884,1.3008859,4.3009415,2667
7070,0.0004519963882829774,2.0457935,10.1845255,425
7071,0.00407753918276926,2.7075684,9.588813,3834
7072,0.002484384854185965,2.128744,7.4154305,2336
7073,1.3825771876891073e-05,1.3910713,3.0764112,13
7074,0.003542588163224936,1.1509688,3.8939307,3331
7075,0.030117848752436793,1.3316059,7.8799644,28319
7076,0.0023737786791708368,3.2584016,8.064726,2232
7077,0.000938025445801379,1.7802917,6.7426596,882
7078,0.0017399202146610611,1.366015,5.3454547,1636
7079,0.0017622541538468083,2.1491542,9.536782,1657
7080,0.0002446098101296113,1.1774933,3.9619923,230
7081,0.0003945662589481991,1.5917947,10.030778,371
7082,0.0008859129210346357,1.6527977,6.468162,833
7083,0.00707879520096823,2.3759346,8.917095,6656
7084,0.00027438839571060743,1.1892867,4.3655524,258
7085,0.0033405191896396045,2.597511,9.134777,3141
7086,0.00222701279309307,1.4153461,4.9502378,2094
7087,0.0021982977284256805,2.8647296,9.377009,2067
7088,0.0006147150880648493,1.7023034,6.817066,578
7089,0.0011826352559309902,1.8150783,7.032791,1112
7090,0.0016218693932506835,1.5749002,6.2227526,1525
7091,0.002268490108723743,1.246276,4.9108467,2133
7092,0.013220628477048687,1.1215183,3.911967,12431
7093,0.0034468712810003053,2.1484475,10.073282,3241
7094,0.008017884167683216,2.0950093,10.158604,7539
7095,0.00018079855531319097,1.1566457,4.294674,170
7096,0.00042540836544280227,2.2010458,7.1437345,400
7097,0.012400653852657685,1.5908451,7.073326,11660
7098,0.00209194563706498,2.1438465,8.459811,1967
7099,0.0019515608764688554,1.2815958,4.404054,1835
7100,0.008334813399938103,1.9485905,6.459299,7837
7101,0.009464272610188743,47.378372,88.60724,8899
7102,0.0018771144125163649,1.5497761,5.0733705,1765
7103,0.004462533753494996,2.63417,9.364784,4196
7104,0.004616744285968011,1.3108398,4.6694746,4341
7105,0.00015633757430022984,1.1258365,3.9620721,147
7106,0.0003584065478855609,1.860178,10.7499075,337
7107,0.0007689256205378651,2.2300334,9.920729,723
7108,0.020843946385783702,1.105263,3.8210716,19599
7109,0.004661412164339506,2.8409674,10.163318,4383
7110,0.004034998346224979,1.5383983,10.178912,3794
7111,0.0021929801238576457,3.075884,11.895708,2062
7112,0.0016973793781167809,1.3308403,9.4111805,1596
7113,0.00044455174188772834,1.514634,6.078312,418
7114,0.00604505287294222,1.9590428,7.87387,5684
7115,0.0018377641387129057,2.270999,7.3079977,1728
7116,0.0032820255393912192,1.5698224,9.615149,3086
7117,0.006491731656657162,2.4110403,9.259034,6104
7118,0.0028651253412572734,1.4256006,6.0204206,2694
7119,3.72232319762452e-05,0.67746097,1.5171293,35
7120,0.00037542288250327297,1.459037,11.631979,353
7121,0.0008688965864169236,1.7117049,7.7675133,817
7122,0.0012581452407970876,1.6388252,6.456095,1183
7123,0.004172192544080283,2.8581908,9.35574,3923
7124,0.0012379383434385546,1.5903426,5.0024724,1164
7125,0.0021344864736092604,2.600209,9.766327,2007
7126,7.444646395249039e-06,0.8568503,1.0763553,7
7127,1.2762250963284067e-05,1.2640271,1.9845214,12
7128,0.0015750744730519753,1.3965391,5.407984,1481
7129,0.011187176490232093,1.699832,6.850932,10519
7130,0.0009805662823456592,2.2519004,10.7833185,922
7131,0.0008742141909849586,1.6764612,6.6184216,822
7132,0.0005934446697927092,1.6205361,6.007164,558
7133,0.0013857677504299283,1.7197436,6.9527283,1303
7134,0.003222468368229227,1.5450014,5.89066,3030
7135,0.02962118448578232,1.8345696,6.0672593,27852
7136,0.0003190562740821017,2.4605772,11.3613615,300
7137,0.0013889583131707493,1.3908744,6.3624835,1306
7138,0.0034415536764322704,2.5156362,10.17572,3236
7139,0.0031937533035618377,1.5874051,6.1679287,3003
7140,0.002089818595237766,1.2030609,4.254389,1965
7141,0.0019802759411362445,1.363475,6.0489554,1862
7142,0.0015527405338662283,1.2734755,6.2006865,1460
7143,0.0009922650123953363,1.2973456,5.3421755,933
7144,0.00048283849477758053,1.5183682,5.1147118,454
7145,0.00011060617501512859,2.649114,11.004609,104
7146,0.0025216080861622104,2.3187273,7.8425894,2371
7147,0.003199070908129873,1.9091337,7.275353,3008
7148,0.0031490854251903437,3.3812387,11.721302,2961
7149,0.0010826642900519318,1.9640666,6.844757,1018
7150,0.0023248567171449143,1.5306933,8.471988,2186
7151,0.001525088990112446,1.7930647,7.3718715,1434
7152,0.0012262396133888775,1.5846106,4.8572474,1153
7153,0.0013910853549979633,1.3526934,7.2222815,1308
7154,0.003731894885846983,2.8302372,10.283554,3509
7155,0.0027672814172054285,2.4079733,10.740222,2602
7156,1.0635209136070057e-05,0.814152,1.3367163,10
7157,0.0003339455668725998,1.2254621,4.2506075,314
7158,0.0006519383200410944,1.518041,5.565379,613
7159,0.0033362651059851765,1.4936615,6.126292,3137
7160,0.005686646325056659,1.6744738,6.7796755,5347
7161,1.701633461771209e-05,0.94151354,1.511544,16
7162,0.0007231942212527639,4.2880177,11.7079,680
7163,0.0018420182223673337,3.160962,10.25282,1732
7164,0.0005349510195443238,1.5507654,10.80353,503
7165,0.003186308657166589,4.1143727,12.278045,2996
7166,0.001498500967272271,1.1954484,3.9636378,1409
7167,5.317604568035028e-06,1.0797253,1.3557073,5
7168,0.00114009441938671,1.3620756,5.0641437,1072
7169,0.0013028131191685818,1.5110583,6.9444113,1225
7170,0.0005221887685810398,1.543431,8.474152,491
7171,0.0010305517652851885,2.3598013,8.13676,969
7172,0.007599920448635662,1.5415077,7.6915693,7146
7173,0.000948660654937449,1.3682861,6.949903,892
7174,0.0023376189681081983,4.7811847,15.169421,2198
7175,0.025015075408950378,1.7627549,7.751205,23521
7176,0.0027587732498965726,3.0817332,11.060174,2594
7177,0.0014612777352960256,1.7969148,8.186999,1374
7178,0.0027555826871557515,1.9863253,8.319429,2591
7179,0.0005221887685810398,2.0068414,7.2875686,491
7180,0.000944406571283021,1.4500728,5.13672,888
7181,0.0009348348830605579,2.419357,11.042339,879
7182,0.01262292972360155,1.122434,3.6227024,11869
7183,0.0010167259934082975,1.7297659,8.588677,956
7184,0.00042540836544280227,1.5426294,6.905099,400
7185,2.1270418272140113e-06,0.44731507,0.47750348,2
7186,0.0010996806246696437,1.1619767,6.7713137,1034
7187,0.008783619225480259,1.4598267,6.8229494,8259
7188,0.005535626355324464,1.4034148,5.4659743,5205
7189,0.0032724538511687564,1.5344658,6.2802973,3077
7190,0.006271582827540512,1.383067,5.029948,5897
7191,0.001315575370131866,1.6034564,10.09255,1237
7192,0.001890940184393256,1.8883198,7.139479,1778
7193,0.001688871210807925,3.3756373,9.112872,1588
7194,0.0044986934645576335,2.7765174,8.328561,4230
7195,0.0004488058255421564,1.9591842,9.393277,422
7196,0.00706071534543691,1.466995,4.9123416,6639
7197,0.0015601851802614774,1.4641546,6.32782,1467
7198,0.0024429075385552917,1.568157,5.997155,2297
7199,0.0010592668299525777,1.7179798,6.0219455,996
7200,0.0026960255159937593,2.3539424,8.942331,2535
7201,4.2540836544280225e-06,0.9913366,1.3792641,4
7202,0.0017782069675509134,1.3144066,7.8279047,1672
7203,0.0017771434466373065,1.9573781,8.640557,1671
7204,0.0011953975068942743,1.8170918,6.1206594,1124
7205,0.002430145287592008,2.6597846,9.352252,2285
7206,0.0008338003962678924,1.3061982,4.738253,784
7207,0.0005987622743607442,1.433597,6.417697,563
7208,0.002062167051483984,1.0185308,4.10188,1939
7209,0.0010954265410152157,1.7473814,8.904081,1030
7210,0.00264604003305423,3.7345736,9.726395,2488
7211,3.72232319762452e-05,1.2183073,4.3958125,35
7212,0.0025673394854473118,2.422863,8.553453,2414
7213,0.0003945662589481991,1.6064947,7.6926403,371
7214,0.0014368167542830647,1.268476,4.1060944,1351
7215,0.002653484679449479,2.742429,8.228237,2495
7216,0.000566856646952534,1.5125172,5.3897495,533
7217,0.00240462078566544,1.4318324,5.613747,2261
7218,0.0022025518120801085,1.238793,4.6006517,2071
7219,0.006945855086767354,2.6119933,10.2877445,6531
7220,0.00014463884425055276,1.7056115,7.6554785,136
7221,0.004306196179194766,1.48756,5.6437855,4049
7222,0.0011656189213132783,1.4503093,5.5678983,1096
7223,0.0005881270652246741,1.3568217,3.7199867,553
7224,0.02779937316077352,1.610108,5.1254606,26139
7225,0.0020313249449893807,1.7332503,5.6884046,1910
7226,0.0015176443437171971,1.2045815,4.969975,1427
7227,0.003923328650296244,3.0101776,13.024857,3689
7228,0.002483321333272358,3.3916163,10.7103405,2335
7229,0.0014176733778381385,2.7382605,10.242534,1333
7230,0.0012666534081059438,1.8117402,8.41099,1191
7231,0.0025130999188533545,2.3113587,10.883035,2363
7232,3.72232319762452e-05,1.2233653,2.406517,35
7233,0.0005019818712225067,1.5296092,7.1776333,472
7234,0.0027715355008598565,1.4068172,4.7422314,2606
7235,0.012453829898338035,1.4756477,5.1877604,11710
7236,0.000563666084211713,1.7183404,10.497104,530
7237,0.0016473938951772518,2.1707575,11.2456875,1549
7238,0.0017867151348597695,3.4463606,10.5829315,1680
7239,0.00046582216015986845,1.9829181,6.481241,438
7240,0.0057121708269832275,1.6315675,6.6787777,5371
7241,0.0010029002215314062,1.3545226,5.8394322,943
7242,0.0045625047193740545,2.501137,7.5538893,4290
7243,0.002219568146697821,2.1990042,6.9946675,2087
7244,0.0026566752421903,3.3970435,10.834063,2498
7245,0.0004020109053434481,1.5635089,7.530847,378
7246,0.0014570236516415977,1.7674735,5.12993,1370
7247,0.002108961971682692,1.8908215,8.190085,1983
7248,0.0004147731563067322,1.6880369,6.8063307,390
7249,0.0031054810677324566,1.2051785,4.542135,2920
7250,7.444646395249039e-06,1.1576965,1.7129484,7
7251,0.001341099872058434,1.1814724,7.190677,1261
7252,0.0003126751486004597,1.3535299,5.412774,294
7253,0.017273706678804984,1.4229242,6.0603256,16242
7254,0.0003062940231188176,1.6314913,9.453806,288
7255,0.0064949222193979835,1.9779158,4.8228893,6107
7256,0.001159237795831636,2.2080617,8.894265,1090
7257,0.0007923230806372192,1.1731423,3.8268476,745
7258,3.72232319762452e-05,0.9195227,1.7399818,35
7259,0.005662185344043698,1.6886142,7.5788302,5324
7260,0.0006232232553737053,1.3520535,6.0563407,586
7261,0.002832156192935456,1.8262467,8.022119,2663
7262,0.007427630060631327,2.355807,10.834203,6984
7263,0.031018650966261926,1.6447529,6.9873247,29166
7264,0.0019717677738273886,1.7422913,7.567296,1854
7265,0.005155949389166763,2.1402783,8.843644,4848
7266,0.0016750454389310339,2.68794,8.698003,1575
7267,0.00015740109521383683,0.91393065,2.380206,148
7268,1.0635209136070057e-05,0.8506701,1.044964,10
7269,0.0027226135388339345,3.0213518,8.754384,2560
7270,0.02402387391746865,1.4461951,7.1567183,22589
7271,0.0008540072936264255,1.5476102,5.5423164,803
7272,0.0012836697427236559,2.0187917,7.666839,1207
7273,0.0036893540493027027,1.5951389,7.9681344,3469
7274,0.0027523921244149304,1.3576901,5.49595,2588
7275,0.0006317314226825613,1.7883766,8.357569,594
7276,0.0052612379596138565,1.8915427,6.4830055,4947
7277,0.00023716516373436226,1.2162815,4.174411,223
7278,0.0025407514626071366,1.0845841,4.1832547,2389
7279,0.0017654447165876294,1.5628092,5.78304,1660
7280,0.0018207478040951936,0.9844373,3.3981347,1712
7281,0.0009592958640735191,1.3662715,6.590424,902
7282,0.0035276988704344378,2.3096507,8.160982,3317
7283,0.0002307840382527202,0.9349544,2.5600038,217
7284,0.00029353177215553356,1.4227631,6.664247,276
7285,0.00019781488993090305,0.9788312,2.1618373,186
7286,0.006040798789287792,1.7700838,7.9203134,5680
7287,0.0013400363511448272,1.0484315,4.251546,1260
7288,0.0013921488759115704,1.5364003,9.040083,1309
7289,0.00261413440564602,2.294663,7.9241204,2458
7290,0.008077441338845208,4.188611,10.100138,7595
7291,0.0007295753467344058,1.6434063,9.788186,686
7292,0.0021632015382766494,1.8709028,9.924882,2034
7293,5.104900385313627e-05,0.85441476,1.4523537,48
7294,0.0015569946175206563,1.697004,8.136113,1464
7295,0.0028661888621708802,3.0101757,9.163741,2695
7296,0.0016037895377193645,3.5755608,11.434407,1508
7297,0.0021398040781772953,4.7489142,14.311928,2012
7298,0.001336845788404006,1.4954332,5.544349,1257
7299,0.0040381889089658,1.0597421,3.6237817,3797
7300,0.07497077976289865,1.6803341,11.033181,70493
7301,0.0027949329609592106,1.838869,7.4359136,2628
7302,0.0010943630201016089,1.5343331,7.4912143,1029
7303,0.0027045336833026153,3.9087703,11.79465,2543
7304,0.00046475863924626146,1.6811361,7.0419855,437
7305,0.006335394082356932,2.9018204,7.8991036,5957
7306,0.00012762250963284068,1.5347869,5.461558,120
7307,0.0010922359782743949,1.9685756,6.5110397,1027
7308,0.0008720871491577447,1.6903255,8.767595,820
7309,4.360435745788723e-05,1.1486816,2.235377,41
7310,0.0010390599325940445,1.2509595,3.0320468,977
7311,0.0009241996739244878,1.4595554,4.85106,869
7312,0.0010635209136070057,1.4618052,6.935,1000
7313,0.010267230899962032,2.263202,8.193334,9654
7314,0.0009943920542225503,1.4151304,6.3704877,935
7315,0.00342028325816013,1.4314405,6.373118,3216
7316,0.009726962275849673,1.7417142,7.949693,9146
7317,0.00020419601541254507,1.1632787,4.121884,192
7318,0.006117372295067497,1.1568301,3.8715045,5752
7319,0.0008816588373802077,1.1954728,3.8111136,829
7320,0.0005828094606566391,1.3518916,6.6032557,548
7321,0.0006189691717192773,1.1453689,3.809647,582
7322,0.0004349800536652653,1.9561201,8.257069,409
7323,0.00492622887182765,2.8514855,10.591045,4632
7324,2.233393918574712e-05,0.98692095,1.6224682,21
7325,0.0006689546546588066,1.1683979,3.3717215,629
7326,0.0030001924972853627,1.4831271,7.831395,2821
7327,0.007546744402955312,2.8944135,14.009178,7096
7328,0.004217923943365384,2.3703818,6.792438,3966
7329,0.0006274773390281333,1.211092,5.544772,590
7330,0.00042221780270198123,1.7459807,7.962683,397
7331,0.002191916602944039,3.586973,10.030125,2061
7332,0.0018675427242939018,1.3047224,5.9853787,1756
7333,0.00056472960512532,2.2438598,7.5845585,531
7334,0.0037701816387368347,1.5093629,7.6470137,3545
7335,0.000952914738591877,1.2389683,3.6102812,896
7336,0.0008242287080454293,1.2287885,4.982155,775
7337,0.0012964319936869398,1.7324618,9.157208,1219
7338,0.002903412094147125,2.7354596,12.66777,2730
7339,0.0031458948624495226,1.5270349,5.8767443,2958
7340,0.00024141924738879027,1.481263,7.776591,227
7341,0.008510294350683258,1.9706101,7.6471233,8002
7342,0.0008742141909849586,1.2529045,4.6977763,822
7343,0.0005966352325335302,2.2916677,9.11622,561
7344,0.0025099093561125334,2.4373558,8.731603,2360
7345,0.000553030875075643,1.5525318,9.259972,520
7346,0.0002307840382527202,1.1428132,3.656919,217
7347,0.004272163509959342,1.9757962,7.6115794,4017
7348,0.0030512415011384993,1.9848953,9.450774,2869
7349,0.0027981235237000317,2.492433,8.12152,2631
7350,0.0014102287314428895,1.7288674,12.770067,1326
7351,0.0016037895377193645,1.809453,6.631187,1508
7352,0.03957999432079832,1.3172048,7.994351,37216
7353,0.005267619085095499,2.0243633,9.442418,4953
7354,0.001510199697321948,1.6092616,5.1869526,1420
7355,0.00045731399285101244,1.9290576,8.813479,430
7356,0.0005891905861382811,2.3753326,8.289606,554
7357,0.0004753938483823315,1.7838513,8.160751,447
7358,0.003092718816769172,1.0210598,3.305273,2908
7359,0.001321956495613508,1.400787,7.2252626,1243
7360,0.002129168869041225,1.9544631,9.4795475,2002
7361,0.033737010421441435,1.951771,6.2302837,31722
7362,0.001899448351702112,1.072736,3.8437257,1786
7363,0.00813380794726638,1.869764,8.807737,7648
7364,0.0015038185718403059,2.3677468,8.7550335,1414
7365,0.0036361780036223523,1.6927171,8.333039,3419
7366,0.0007859419551555772,1.3887144,5.1198287,739
7367,0.0009795027614320521,1.6671969,7.289515,921
7368,0.004638014704240152,3.4305465,8.185093,4361
7369,0.0037584829086871577,1.2076746,3.9975612,3534
7370,0.0014846751953953798,1.4203928,7.0281506,1396
7371,0.0009954555751361574,1.9578905,7.0943437,936
7372,0.0017207768382161352,1.7250011,7.097378,1618
7373,0.006719325132169061,2.1927328,7.3842015,6318
7374,0.02215207710952032,2.275824,9.584099,20829
7375,0.0005009183503088997,1.5137726,5.2762775,471
7376,0.006753357801404486,2.1313548,11.688625,6350
7377,0.0004764573692959385,1.617656,7.4333916,448
7378,0.002872569987652522,1.6978565,7.149002,2701
7379,0.00792748489002662,2.431699,9.282489,7454
7380,0.0020036734012355987,1.6057253,6.501778,1884
7381,0.0015740109521383684,1.3199996,4.4115677,1480
7382,0.0012262396133888775,1.9948498,7.8414783,1153
7383,0.00915266098250189,23.204107,40.4098,8606
7384,0.0004605045555918334,1.4897035,4.98118,433
7385,0.043524593389366706,8.246715,16.966286,40925
7386,0.00020206897358533108,2.134671,11.328394,190
7387,0.00654916178599194,2.1878583,6.615406,6158
7388,0.011055299896944823,1.4353418,5.9584947,10395
7389,0.002421637120283152,1.4604032,5.022403,2277
7390,0.0024982106260628563,3.299884,10.178462,2349
7391,0.003948853152222812,2.5130434,9.414029,3713
7392,0.0014155463360109245,1.150176,3.6052723,1331
7393,0.008067869650622745,1.7482067,7.7598476,7586
7394,0.002120660701732369,2.1369653,9.035384,1994
7395,0.00031161162768685263,1.5954322,9.167123,293
7396,0.004583775137646194,1.9001082,7.6784286,4310
7397,0.008200809764823621,1.9135561,8.43979,7711
7398,0.0006540653618683084,1.6229136,8.528246,615
7399,0.0084103233848042,1.0654504,3.3449218,7908
7400,0.004723096377328712,2.208934,9.405011,4441
7401,2.5524501926568134e-05,0.9018004,1.5383168,24
7402,0.0002265299545982922,1.3586351,5.325844,213
7403,0.0017633176747604154,1.8675492,8.614458,1658
7404,0.0062641381811452635,1.5746709,5.770585,5890
7405,0.0025152269606805683,1.5239867,6.80033,2365
7406,0.0019356080627647503,1.4449742,7.0827837,1820
7407,0.0017824610512053413,2.6601894,10.203775,1676
7408,0.005888715298641991,2.5023491,7.7089906,5537
7409,9.784392405184451e-05,2.0504894,12.07415,92
7410,0.00245779683134579,1.5263263,5.690308,2311
7411,0.0009954555751361574,1.4381841,6.9616423,936
7412,0.0008189111034773944,1.5431175,9.912479,770
7413,0.000553030875075643,1.4433616,6.5577354,520
7414,0.003060813189360962,2.1788182,8.512089,2878
7415,0.0027896153563911757,2.977031,9.814908,2623
7416,0.000189306722622047,1.4190737,4.2005696,178
7417,0.0016644102297949637,1.4577307,5.0440235,1565
7418,0.0019547514392096762,2.4440744,7.978387,1838
7419,7.231942212527638e-05,1.2834232,4.1861258,68
7420,0.0026322142611773388,1.1441547,4.27903,2475
7421,0.002998065455458149,1.9415079,11.084114,2819
7422,0.0014602142143824188,2.1801639,7.7100124,1373
7423,0.0047964793203675955,1.5601672,5.912718,4510
7424,0.005817459397430321,2.820488,8.822583,5470
7425,0.0016761089598446408,1.3585584,5.177639,1576
7426,0.00044561526280133534,1.3971164,5.6828504,419
7427,0.0019473067928144274,1.5411379,6.9355865,1831
7428,0.002234457439488319,1.1355662,4.379117,2101
7429,0.004837956635998269,1.1805332,5.453459,4549
7430,0.0007923230806372192,1.0776229,2.8183181,745
7431,0.0012294301761296986,1.6963967,8.572397,1156
7432,0.0022408385649699608,1.7445433,6.757251,2107
7433,0.0038701526046158933,1.9879245,8.384199,3639
7434,0.002874697029479736,1.3690771,4.157828,2703
7435,0.0012655898871923366,1.4273373,8.243217,1190
7436,0.0015708203893975473,1.3548769,6.30445,1477
7437,0.0012049691951167374,1.2849619,3.4347982,1133
7438,0.001498500967272271,2.0218267,7.353397,1409
7439,0.0015761379939655824,0.98857546,3.2580304,1482
7440,0.005197426704797436,1.3908209,6.094963,4887
7441,0.002191916602944039,1.7478637,7.637742,2061
7442,0.0022291398349202837,4.146648,11.097912,2096
7443,0.0009061198183931688,1.5635532,6.779112,852
7444,0.0022025518120801085,2.0655892,9.526915,2071
7445,0.01172425455160363,1.917595,7.815055,11024
7446,0.0019260363745422873,3.062511,12.787672,1811
7447,0.006039735268374185,2.2750454,12.667494,5679
7448,0.003634050961795138,1.9240687,7.258648,3417
7449,0.010852167402445885,1.0353652,3.7760167,10204
7450,0.0005243158104082538,1.1929432,4.5526824,493
7451,0.00013932123968251773,1.0650256,2.8919358,131
7452,0.0014293721078878156,1.2883134,5.1037154,1344
7453,0.0040381889089658,2.559377,10.407252,3797
7454,0.004830511989603019,1.5777981,6.6635156,4542
7455,0.01042782255791669,2.120884,8.2683115,9805
7456,0.0028959674477518765,1.7702949,6.448703,2723
7457,0.005005992940348175,1.8147466,7.7328115,4707
7458,0.00015740109521383683,0.949667,2.0686066,148
7459,0.004213669859710957,1.6705564,6.8110247,3962
7460,0.001113506396546535,3.433859,11.376138,1047
7461,0.0008391180008359275,1.3048521,4.3531504,789
7462,0.0001329401142008757,1.1115098,2.7814126,125
7463,0.0007210671794255498,1.2371911,4.0559587,678
7464,0.014855260121262655,2.0033967,8.139318,13968
7465,0.011947593943461102,1.352755,6.903575,11234
7466,0.0008252922289590363,2.2253523,7.167956,776
7467,0.0017739528838964854,1.1159384,4.2264547,1668
7468,0.001130522731164247,1.5587786,5.5108,1063
7469,0.0010752196436566827,1.9925362,8.095005,1011
7470,0.004561441198460447,2.441468,7.8425384,4289
7471,0.0033054229994905733,1.9179535,7.780783,3108
7472,0.00027757895845142847,1.63621,6.6934576,261
7473,0.00169418881537596,1.3424708,7.4095545,1593
7474,0.0006849074683629116,1.4782358,7.6278872,644
7475,0.0001722903880043349,0.89845836,2.2821784,162
7476,0.002654548200363086,2.2756715,10.97121,2496
7477,0.0014612777352960256,1.2009618,4.129319,1374
7478,0.010167259934082974,3.551157,16.763021,9560
7479,0.0002988493767235686,1.1913211,3.506173,281
7480,0.00025524501926568136,1.0940365,3.8822489,240
7481,0.0016761089598446408,1.7589842,6.4395256,1576
7482,0.0022025518120801085,1.0929829,5.6441727,2071
7483,0.0008869764419482427,1.413391,4.990349,834
7484,0.02240094100330436,1.4998189,5.227093,21063
7485,0.002669437493153584,1.9607673,8.184036,2510
7486,0.011178668322923236,2.511397,8.733084,10511
7487,0.0036627660264625275,3.4327664,13.07792,3444
7488,0.002852363090293989,2.348843,8.663292,2682
7489,0.0012209220088208424,1.6517606,6.62087,1148
7490,0.0019707042529137813,1.3797557,5.1243844,1853
7491,0.001692061773548746,1.9598197,7.450849,1591
7492,0.0050304539213611365,1.1689827,4.419493,4730
7493,0.00018824320170843998,1.4617149,4.7357316,177
7494,0.011151016779169454,1.699901,6.2800703,10485
7495,0.0006593829664363435,1.6303393,5.9834256,620
7496,0.00012017786323759164,1.0356296,2.5828474,113
7497,0.0021802178728943617,1.2081175,4.7959538,2050
7498,0.0012826062218100488,1.4252818,5.4244447,1206
7499,0.005968479367162515,1.3744189,4.733274,5612
7500,0.0021398040781772953,2.022739,8.136931,2012
7501,0.0008997386929115267,1.0786393,4.7620687,846
7502,0.002772599021773464,2.1948118,8.364628,2607
7503,0.003772308680564049,2.0119627,8.799253,3547
7504,0.0025237351279894242,2.3279483,7.4250846,2373
7505,0.0006912885938445537,1.3467696,5.3762293,650
7506,0.007645651847920764,3.2371268,13.640736,7189
7507,0.0015910272867560803,3.8828375,13.990939,1496
7508,1.0635209136070056e-06,1.0263101,1.0263101,1
7509,0.0019239093327150733,1.7000993,8.259052,1809
7510,0.0013464174766264691,1.4160757,3.679909,1266
7511,0.0009709945941231962,1.6438144,9.45697,913
7512,0.0018590345569850458,1.5151205,7.0796933,1748
7513,0.001880304975257186,1.1400119,3.0362217,1768
7514,0.00040732850991148314,1.6027995,5.2437773,383
7515,0.0025609583599656696,2.4123893,7.671401,2408
7516,0.0017856516139461624,1.9398469,7.1251745,1679
7517,0.005371844134628986,2.1593502,8.617753,5051
7518,0.0006678911337451996,1.7058322,9.278933,628
7519,0.0029831761626676508,2.9084263,9.044081,2805
7520,0.0027109148087842575,2.841348,11.018626,2549
7521,0.0006604464873499505,1.9623471,8.368349,621
7522,0.0025811652573242026,2.3514466,8.364937,2427
7523,0.002637531865745374,1.3469887,4.2392936,2480
7524,0.0005264428522354678,1.6331822,8.050943,495
7525,0.00023291108007993423,2.307449,9.299103,219
7526,0.0006019528371015651,1.4160978,8.37705,566
7527,0.006433238006408777,1.163479,4.3144,6049
7528,0.0015655027848295122,1.4413081,5.5280557,1472
7529,0.003006573622767005,4.2015204,11.501068,2827
7530,0.0002680072702289654,2.332493,11.3867,252
7531,0.0021632015382766494,2.4199257,10.129154,2034
7532,0.006175865945315882,2.618005,11.0349245,5807
7533,0.0025896734246330586,1.8401433,8.664193,2435
7534,0.0011815717350173833,1.0352095,3.591419,1111
7535,0.002097263241633015,2.8867102,9.608777,1972
7536,0.024741750534153378,1.1182703,4.6461034,23264
7537,0.0027289946643155763,2.4229226,9.8470745,2566
7538,0.0004924101830000436,1.9683689,11.397362,463
7539,0.002772599021773464,3.1033988,10.64344,2607
7540,0.005246348666823358,1.7898,7.648797,4933
7541,0.020167547084729648,2.2396553,9.629331,18963
7542,0.0027864247936503547,1.3466568,6.267269,2620
7543,0.0010964900619288228,2.1522918,12.108598,1031
7544,0.0008125299779957523,1.6033305,6.590043,764
7545,0.00048602905751840157,1.3132734,4.9883885,457
7546,0.001514453780976376,2.0231762,7.492513,1424
7547,0.0012900508682052979,1.4411435,3.968039,1213
7548,0.002480130770531537,2.6093779,8.905366,2332
7549,0.0020355790286438087,1.5777684,6.7330804,1914
7550,0.00337774242161585,2.3186862,9.75709,3176
7551,0.001912210602665396,2.7233677,10.460747,1798
7552,0.00018505263896761897,1.106653,2.86102,174
7553,0.0020238802985941317,2.609139,10.695224,1903
7554,0.00706071534543691,1.8036852,7.236847,6639
7555,0.0029204284287648375,3.467249,10.275039,2746
7556,0.0006891615520173396,1.338756,4.1125603,648
7557,0.0006912885938445537,1.859964,9.702251,650
7558,0.0024227006411967587,1.3764151,4.979642,2278
7559,0.008508167308856045,1.5188485,6.467519,8000
7560,0.0014729764653457027,1.149205,4.4960566,1385
7561,0.0009624864268143401,2.2738445,6.6990047,905
7562,0.0012666534081059438,2.0517974,8.250833,1191
7563,0.0005870635443110671,1.4125417,7.474739,552
7564,0.0004562504719374054,1.1105528,3.5945237,429
7565,0.004786907632145132,2.1182165,6.914574,4501
7566,0.0011900799023262393,2.7193081,9.603293,1119
7567,0.0015474229292981932,2.4970891,10.458579,1455
7568,0.007192591938724179,2.0442994,7.741945,6763
7569,0.0097461056522946,2.8664832,9.002344,9164
7570,0.005412257929346052,1.9106553,9.652106,5089
7571,0.0001520834906458018,1.0944715,3.2514243,143
7572,7.019238029806238e-05,1.7231823,5.956497,66
7573,0.003830802330812434,1.5361522,8.712924,3602
7574,0.003042733333829643,2.2037683,11.093083,2861
7575,0.00019143376444926102,1.3359178,6.198207,180
7576,0.00019143376444926102,1.1369013,5.374067,180
7577,0.0014272450660606016,1.3302708,4.643065,1342
7578,0.0015474229292981932,2.2084188,9.339304,1455
7579,0.00594189134432234,2.4724162,9.591168,5587
7580,0.001135840335732282,1.6026243,7.711372,1068
7581,0.0045656952821148756,1.2741878,4.461011,4293
7582,0.0008752777118985656,1.2264112,3.8238275,823
7583,0.0029448894097777985,1.8669862,6.508291,2769
7584,0.0023652705118619804,2.1017358,7.9979944,2224
7585,0.0004020109053434481,1.0185852,2.6709006,378
7586,0.002625833135695697,2.2508223,7.8846016,2469
7587,0.0024237641621103656,2.9498272,9.672374,2279
7588,0.0003498983805767048,1.7495217,7.205914,329
7589,0.0016027260168057574,1.5035219,6.01884,1507
7590,0.004334911243862155,3.8666954,12.274903,4076
7591,0.0021738367474127196,1.4032723,4.6666455,2044
7592,0.0013262105792679361,3.0190349,10.689028,1247
7593,0.0013623702903305742,1.5714167,5.9930186,1281
7594,0.0005881270652246741,1.337166,6.756003,553
7595,2.1270418272140114e-05,0.9604716,1.3278673,20
7596,0.009410033043594786,38.616245,68.48066,8848
7597,0.0016080436213737925,1.4245611,5.5727973,1512
7598,0.0009901379705681223,1.1362973,5.391396,931
7599,0.0002754519166242145,1.5866364,8.394816,259
7600,0.001862225119725867,1.2680446,3.61144,1751
7601,0.0011464755448683521,1.65833,7.63646,1078
7602,0.001689934731721532,2.9508715,9.403417,1589
7603,0.0004732668065551175,1.793926,9.204983,445
7604,0.003015081790075861,1.517258,5.014868,2835
7605,0.0022131870212161787,2.6714096,8.333899,2081
7606,0.013604559526860816,2.21971,9.027599,12792
7607,0.009488733591201705,0.8884522,2.8796852,8922
7608,0.0010167259934082975,1.6194507,8.441512,956
7609,0.0033341380641579627,1.3547426,4.217491,3135
7610,0.0025290527325574595,2.1018832,8.644477,2378
7611,0.0017484283819699173,2.7988987,10.120376,1644
7612,0.0005168711640130047,1.8354146,8.080634,486
7613,0.0020876915534105522,2.8471577,7.579564,1963
7614,0.0033128676458858224,1.4573034,7.3773236,3115
7615,0.003609589980782177,3.3019645,10.324104,3394
7616,0.0033213758131946784,4.1227665,11.22419,3123
7617,0.00038924865438016407,1.55923,9.569759,366
7618,0.0012230490506480564,1.9458385,8.682188,1150
7619,0.0023525082608986964,2.1944826,9.46829,2212
7620,0.036379859891754844,1.9307978,9.108831,34207
7621,0.004245575487119167,3.3234713,12.693543,3992
7622,0.00012017786323759164,1.1413586,2.6805003,113
7623,0.0038850418974063915,1.3990247,4.9181547,3653
7624,0.0029491434934322265,2.9328222,10.591006,2773
7625,9.784392405184451e-05,1.2339524,3.0568042,92
7626,0.0010294882443715814,1.6937364,8.178027,968
7627,0.0003573430269719539,1.1040612,4.0474963,336
7628,0.0016165517886826486,1.6263399,5.9887514,1520
7629,0.004467851358063031,2.1869898,14.197827,4201
7630,0.010038573903536525,3.1140401,10.751037,9439
7631,0.0029044756150607325,1.9088047,6.880262,2731
7632,0.0009614229059007331,1.6193695,6.3856134,904
7633,0.0008231651871318224,1.5060169,6.4191103,774
7634,0.002212123500302572,1.4376152,5.2921076,2080
7635,0.0031288785278318107,1.4407328,5.0852976,2942
7636,0.0023376189681081983,1.3733747,5.0443716,2198
7637,0.0017314120473522052,3.2652843,8.429081,1628
7638,0.001998355796667564,2.3180668,7.337085,1879
7639,3.1905627408210167e-06,1.988739,2.3791037,3
7640,0.0024429075385552917,2.4420621,7.273468,2297
7641,0.001136903856645889,3.4876096,11.53801,1069
7642,0.0036797823610802394,2.404285,8.508678,3460
7643,0.006025909496497294,1.8503674,7.6024036,5666
7644,0.0007210671794255498,1.712539,11.353526,678
7645,0.0023376189681081983,2.612536,12.081903,2198
7646,0.0007519092859201529,1.9706275,6.9757924,707
7647,0.03358705397262284,1.1741053,3.8560605,31581
7648,0.0005551579169028569,1.8752967,9.772344,522
7649,5.4239566593957285e-05,0.90174156,1.5877631,51
7650,0.020545097009060136,1.9236624,8.286008,19318
7651,0.0006795898637948766,2.3052704,8.798326,639
7652,0.0006359855063369894,1.9344695,10.619591,598
7653,0.0011698730049677062,1.2273145,4.7904425,1100
7654,0.0022812523596870272,1.5540898,6.381293,2145
7655,0.0021897895611168246,1.6596404,9.803668,2059
7656,0.00018186207622679796,1.1426195,3.9053943,171
7657,0.0015548675756934423,1.7640928,8.675852,1462
7658,0.001153920191263601,1.3916054,5.277425,1085
7659,0.0012187949669936284,1.4658834,5.8977194,1146
7660,0.0029246825124192655,3.1168458,11.159828,2750
7661,0.00033075500413177875,1.5072352,9.086972,311
7662,0.000567920167866141,1.2292321,3.9289238,534
7663,0.009929031249435005,1.5174961,5.782696,9336
7664,0.002259981941414887,1.4470886,6.526059,2125
7665,0.005359081883665701,1.8675869,8.188774,5039
7666,0.0012634628453651227,1.3271976,4.532756,1188
7667,0.0006136515671512422,1.3233532,6.712264,577
7668,0.0018526534315034039,1.1444365,5.695305,1742
7669,0.004875179867974514,1.3405118,6.9972095,4584
7670,0.00013613067694169672,1.912813,9.093843,128
7671,0.00042115428178837424,1.43598,9.100881,396
7672,0.006037608226546971,1.8309859,8.657465,5677
7673,0.0029055391359743394,2.1606555,9.343979,2732
7674,0.002097263241633015,2.0334308,8.427155,1972
7675,0.0008540072936264255,1.0641809,4.408055,803
7676,0.0023546353027259106,2.674599,8.589025,2214
7677,0.0004839020156911876,2.1774788,8.011795,455
7678,0.00042966244909723025,2.3559384,13.980523,404
7679,0.001336845788404006,3.2151136,13.72317,1257
7680,5.317604568035028e-06,1.572741,2.2040863,5
7681,0.003999902156075948,2.0132608,7.6826224,3761
7682,0.006792708075207945,1.0110766,4.106682,6387
7683,0.000939088966714986,2.6232207,11.635174,883
7684,0.002598181591941915,1.5902721,7.1949286,2443
7685,0.004814559175898915,2.809715,9.899025,4527
7686,0.0005487767914212149,1.1581349,3.6217234,516
7687,0.017043986161465872,1.8917979,9.903637,16026
7688,0.0008242287080454293,1.2764091,5.3468432,775
7689,0.0003339455668725998,1.7441041,9.405157,314
7690,0.01362795698696017,1.4410826,7.073814,12814
7691,0.0011826352559309902,1.5258422,7.9687357,1112
7692,0.0006093974834968142,1.8105109,10.04904,573
7693,0.0023631434700347666,1.2281817,3.923755,2222
7694,0.0019409256673327852,2.916068,10.252336,1825
7695,0.003751038262291909,1.313394,4.544683,3527
7696,0.004324276034726085,2.1379101,7.576947,4066
7697,0.0006912885938445537,1.618776,5.6341686,650
7698,0.0013751325412938583,3.7215316,12.403116,1293
7699,0.0011932704650670603,1.3954434,8.674928,1122
7700,0.0026885808695985103,2.8291612,9.739996,2528
7701,0.00019781488993090305,2.4181497,11.4232435,186
7702,0.0004466787837149424,1.7395002,8.286627,420
7703,0.002640722428486195,4.3401837,12.562827,2483
7704,0.0002669437493153584,1.9497886,8.532017,251
7705,0.0036850999656482743,3.1520753,10.967853,3465
7706,0.0006487477573002735,2.3050363,11.64713,610
7707,0.006195009321760808,2.01495,9.370551,5825
7708,0.0036776553192530257,2.6322875,11.351143,3458
7709,0.00028821416758749853,1.335984,4.8994155,271
7710,0.0017356661310066331,1.4774345,6.26866,1632
7711,0.0010337423280260094,1.0414635,3.1730478,972
7712,0.002880014634047771,4.5319414,13.336986,2708
7713,0.0023248567171449143,1.990025,10.058076,2186
7714,0.006046116393855827,1.2059687,3.5359309,5685
7715,0.0017494919028835242,1.9251069,5.8803267,1645
7716,0.00025099093561125333,1.3630121,5.670859,236
7717,0.002286569964255062,2.7747219,8.772414,2150
7718,0.0014091652105292824,2.504484,11.307864,1325
7719,0.001692061773548746,1.3454676,4.532508,1591
7720,0.0002520544565248603,1.4904871,7.273541,237
7721,0.09371533586522213,2.1898305,9.257749,88118
7722,0.000577491856088604,1.3199672,4.2390666,543
7723,0.0024141924738879028,3.7634883,9.62522,2270
7724,0.001153920191263601,1.3176544,4.1766644,1085
7725,0.019877205875314934,1.3223656,4.5903025,18690
7726,0.0002637531865745374,2.3740072,8.512308,248
7727,0.0014634047771232396,1.4756652,4.689859,1376
7728,9.039927765659548e-05,1.0095007,1.8708227,85
7729,0.006129071025117174,2.1707873,11.661079,5763
7730,0.0003413902132678488,1.5564867,6.957053,321
7731,0.020087783016209122,0.8640744,2.9011161,18888
7732,0.0016410127696956096,1.5847934,4.991177,1543
7733,0.0010029002215314062,1.6785042,6.4182906,943
7734,0.008793190913702722,2.1082182,10.591701,8268
7735,0.004974087312939965,1.5757209,6.0483804,4677
7736,0.005172965723784476,2.1111088,8.102221,4864
7737,0.005153822347339549,1.1552292,5.0388145,4846
7738,0.005297397670676495,2.8705435,8.987049,4981
7739,0.005069804195164596,0.9549613,3.0444808,4767
7740,0.003215023721833978,1.5088748,6.6128974,3023
7741,0.0006317314226825613,1.2511243,4.5754747,594
7742,0.0010348058489396165,1.3677347,5.1553245,973
7743,0.0005477132705076079,1.8261536,9.91837,515
7744,0.011767858909061518,1.9819015,7.032608,11065
7745,0.00042966244909723025,1.9841348,8.858199,404
7746,0.010822388816864889,1.8771123,6.9254932,10176
7747,0.0078636736352102,1.1486921,5.7815104,7394
7748,0.001325147058354329,2.7659311,10.588391,1246
7749,0.00031586571134128066,1.8927213,11.410756,297
7750,4.254083654428023e-05,1.1327536,2.6273699,40
7751,0.009344094746951151,1.7691166,6.660092,8786
7752,0.0003977568216890201,1.5548166,6.2850795,374
7753,0.0010209800770627254,2.0051372,8.20334,960
7754,0.006482159968434699,3.3689594,11.647773,6095
7755,0.0007178766166847288,1.5941434,7.909133,675
7756,0.0025641489227064907,1.8971565,6.88281,2411
7757,0.0003350090877862068,1.3588281,4.5053964,315
7758,0.011992261821832596,1.5320652,6.586436,11276
7759,0.0021110890135099063,1.7717553,7.49295,1985
7760,0.0020004828384947776,1.2710599,5.03511,1881
7761,0.002455669789518576,1.5636849,8.21846,2309
7762,0.0037191326348836986,1.403501,5.6212373,3497
7763,0.006082276104918466,2.0066867,7.515833,5719
7764,0.004263655342650485,3.4205108,13.039818,4009
7765,0.0013995935223068193,1.4690099,5.5788226,1316
7766,0.0016122977050282204,1.8964689,7.736604,1516
7767,0.0010837278109655387,1.402783,6.2962685,1019
7768,0.0014049111268748544,1.9631119,8.987509,1321
7769,0.02354741654817271,1.2659377,4.2521663,22141
7770,0.0003179927531684947,1.7931485,7.2182617,299
7771,0.0027619638126373937,1.4850978,7.652661,2597
7772,0.002089818595237766,2.3961089,9.129055,1965
7773,0.0008263557498726433,1.8051317,5.089721,777
7774,0.0004488058255421564,1.4701034,7.164015,422
7775,0.0008423085635767485,1.3581325,6.7683887,792
7776,0.0005381415822851448,1.4729034,5.148132,506
7777,0.0003594700687991679,1.3714535,4.0172534,338
7778,0.0015825191194472244,1.4634104,10.2122555,1488
7779,0.006146087359734886,1.6499565,7.5062947,5779
7780,0.0010911724573607878,1.7884213,6.9592166,1026
7781,0.0025801017364105957,1.8897728,6.119056,2426
7782,0.0008178475825637874,1.6875622,6.3855805,769
7783,0.0029076661778015536,2.3569229,9.41073,2734
7784,0.0020951361998058013,1.3582499,3.8708794,1970
7785,0.004633760620585723,0.9623933,2.9771802,4357
7786,0.0017548095074515593,1.8748235,7.5468287,1650
7787,0.0002765154375378215,0.9779499,2.441552,260
7788,0.0009614229059007331,1.3230433,5.3747587,904
7789,0.022679583482669394,1.3030376,2.9530168,21325
7790,0.0021855354774623966,2.5914803,9.187101,2055
7791,4.041379471706622e-05,1.1333344,2.0717802,38
7792,0.0025513866717432063,1.9364974,8.839413,2399
7793,0.003005510101853398,1.9459747,9.047916,2826
7794,2.1270418272140114e-05,1.3677621,3.7582638,20
7795,0.0005402686241123589,1.5931872,6.4920073,508
7796,0.0006551288827819154,1.6121442,6.522244,616
7797,0.0011953975068942743,3.7681413,12.240694,1124
7798,0.0006476842363866665,2.2048392,7.575994,609
7799,0.002701343120561794,1.7473364,7.9488845,2540
7800,0.0030969729004236,1.7818604,6.9338636,2912
7801,0.0004966642666544716,1.3871434,5.8429723,467
7802,0.0004849655366047946,1.8895402,8.091409,456
7803,0.00042009076087476724,1.4114474,5.5671325,395
7804,0.00031586571134128066,1.0750821,3.7784297,297
7805,0.0013740690203802512,1.4164437,9.665953,1292
7806,0.0025407514626071366,1.6611451,6.4049673,2389
7807,0.0018409547014537268,1.4226009,6.317308,1731
7808,0.0,0.0,0.0,0
7809,0.11255029124520219,1.5923728,9.693774,105828
7810,0.0006264138181145264,1.70265,6.9329805,589
7811,0.0011858258186718113,1.6132091,7.871946,1115
7812,0.00264604003305423,1.8958093,7.4612346,2488
7813,6.274773390281333e-05,1.5135452,4.9871473,59
7814,0.0031171797977821336,2.5353675,8.296693,2931
7815,0.0004317894909244443,1.978765,10.313722,406
7816,0.0029225554705920513,2.9821947,9.814293,2748
7817,0.00042540836544280227,1.7529087,8.266927,400
7818,0.001295368472773333,1.4323177,6.0723624,1218
7819,0.0027183594551795066,3.4669409,10.125976,2556
7820,0.0545905284954476,1.3474828,4.7157383,51330
7821,0.0024237641621103656,1.0829444,3.250118,2279
7822,0.00031692923225488766,2.2479343,10.655953,298
7823,0.00033075500413177875,1.8379339,8.607221,311
7824,0.004495502901816812,1.5692985,6.516259,4227
7825,0.0008678330655033166,2.948455,10.575436,816
7826,0.002851299569380382,3.8624804,10.924745,2681
7827,0.0010241706398035463,1.1186849,3.6987226,963
7828,0.001350671560280897,1.7056565,8.777457,1270
7829,0.00020632305723975909,2.1090643,8.97274,194
7830,0.0004700762438142965,1.7683147,9.438571,442
7831,0.0021589474546222214,3.1754184,11.970471,2030
7832,0.0013464174766264691,1.2085676,7.28622,1266
7833,0.0023684610746028015,2.213345,10.003947,2227
7834,0.002299332215218346,1.3442304,6.7460475,2162
7835,0.009520639218609914,1.2399111,5.657347,8952
7836,0.00033819965052702777,1.7703105,6.574842,318
7837,0.005985495701780228,2.515496,8.35118,5628
7838,0.0026088168010779847,3.284739,10.380266,2453
7839,0.00690437777113668,2.4350786,9.681621,6492
7840,0.0014676588607776678,1.4223534,7.633372,1380
7841,0.0005923811488791021,1.5613835,5.8190503,557
7842,0.0007178766166847288,1.192748,6.3682985,675
7843,0.0006115245253240282,1.5277059,5.674745,575
7844,0.0019600690437777115,1.1193225,3.2893858,1843
7845,0.0046231254114496535,2.006508,7.865879,4347
7846,0.003717005593056485,2.116618,7.837202,3495
7847,0.004099873121955006,1.839524,6.420445,3855
7848,0.001862225119725867,1.2806336,4.2658944,1751
7849,0.001497437446358664,2.3513649,9.142498,1408
7850,0.0016878076898943178,1.7343823,7.0814176,1587
7851,0.005021945754052281,1.8995078,6.633335,4722
7852,0.00076360801596983,1.6715232,6.810899,718
7853,0.0017835245721189484,2.3716233,10.267289,1677
7854,0.00037010527793523794,2.2945702,7.4262624,348
7855,0.0027406933943652533,3.6917107,13.573582,2577
7856,0.0031054810677324566,3.2739422,11.309791,2920
7857,0.005164457556475619,1.8144399,6.602573,4856
7858,0.0010911724573607878,1.8354192,7.906642,1026
7859,0.003184181615339375,2.5786831,11.906922,2994
7860,0.003040606292002429,2.3748453,8.740249,2859
7861,0.05185302566382317,1.0664611,3.9620478,48756
7862,0.0027289946643155763,2.4910238,8.008437,2566
7863,0.0009880109287409083,1.2231572,4.651588,929
7864,0.016595180335923717,5.595065,12.06079,15604
7865,0.001145412023954745,1.4004521,5.8588085,1077
7866,0.008152951323711305,2.3525443,9.117349,7666
7867,0.0010305517652851885,1.4636992,6.7611833,969
7868,0.0065236372840653725,2.9674711,10.574851,6134
7869,0.0027864247936503547,4.3264985,11.513519,2620
7870,0.0019951652339267427,3.114447,12.153428,1876
7871,0.007243640942577316,1.5111266,6.7296977,6811
7872,0.03241292688400071,1.639466,7.0728264,30477
7873,0.039036535133945144,0.9328136,2.947539,36705
7874,0.0018079855531319097,1.1969234,5.311939,1700
7875,0.0019270998954558942,3.7211971,11.298085,1812
7876,0.0007168130957711218,1.2783424,4.5897207,674
7877,0.0006434301527322384,2.277643,8.274541,605
7878,0.005269746126922713,2.1935587,7.973145,4955
7879,0.0001712268670907279,1.2885855,6.6918807,161
7880,0.0038839783764927846,1.6872787,6.409089,3652
7881,0.0012623993244515158,1.3687061,7.3199596,1187
7882,0.00473798567011921,1.4319639,5.889624,4455
7883,0.06399949801812878,0.9952628,3.46039,60177
7884,0.0023620799491211597,1.041257,3.4458168,2221
7885,0.000577491856088604,1.6455306,10.500727,543
7886,0.0010964900619288228,1.3643641,5.285542,1031
7887,0.0006136515671512422,1.4210409,5.1595607,577
7888,0.0012815427008964417,1.7848332,6.2699056,1205
7889,0.0008550708145400325,1.8538157,9.759771,804
7890,0.0014942468836178428,1.685259,9.70402,1405
7891,0.0156667265783448,1.8112911,7.4555535,14731
7892,0.13409084382939848,1.4670633,5.2516713,126082
7893,0.0003424537341814558,2.0067375,8.367136,322
7894,0.002673691576808012,1.3754591,6.1335015,2514
7895,0.001124141605682605,1.4089546,5.024595,1057
7896,0.0008242287080454293,1.8387347,7.333978,775
7897,0.00011592377958316362,1.3251644,3.5171726,109
7898,0.0003424537341814558,1.2771866,4.1797905,322
7899,0.006884170873778147,1.576667,5.6186647,6473
7900,0.0025673394854473118,3.5528839,10.452519,2414
7901,0.002950207014345834,2.4595773,8.707037,2774
7902,0.002065357614224805,1.0263698,3.612032,1942
7903,0.002121724222645976,3.4488413,12.829213,1995
7904,0.0002520544565248603,1.2653872,4.430017,237
7905,0.00131770241195908,1.0675449,3.4876957,1239
7906,0.004532726133793058,1.8433415,8.836377,4262
7907,0.012794156590692277,1.523265,5.0131764,12030
7908,0.0011688094840540991,1.9254241,6.29792,1099
7909,0.002821520983799386,1.5767285,7.2605343,2653
7910,0.0034224102999873443,2.4464467,10.571133,3218
7911,0.006682101900192816,2.1933684,9.779201,6283
7912,0.0010613938717797917,1.2168157,4.2938066,998
7913,0.004746493837428066,1.3242531,4.25604,4463
7914,0.0015293430737668742,1.3146062,4.2975245,1438
7915,0.0006306679017689543,1.682985,7.1942945,593
7916,0.00011911434232398463,1.296109,5.9978647,112
7917,0.006348156333320217,2.0935113,7.4792757,5969
7918,0.0004977277875680787,1.275181,3.803261,468
7919,0.0012740980545011928,1.5296063,7.7584667,1198
7920,0.005299524712503709,1.6307516,6.205259,4983
7921,0.012292174719469771,1.345754,5.059651,11558
7922,0.000745528160438511,1.4183866,5.215438,701
7923,0.00017335390891794192,1.2929485,3.918205,163
7924,0.0027821707099959267,2.455111,8.987952,2616
7925,0.0005551579169028569,1.2276691,4.673436,522
7926,0.0010922359782743949,1.2337027,3.8013587,1027
7927,0.002679009181376047,2.3270638,11.048005,2519
7928,0.0019398621464191783,2.9066772,8.920226,1824
7929,0.0034862215548037644,4.1027927,10.276644,3278
7930,0.00025099093561125333,1.7736322,8.506105,236
7931,0.005376098218283413,1.4051768,6.729022,5055
7932,0.0008848494001210287,2.1771288,13.826481,832
7933,0.010256595690825963,2.3442378,5.1780753,9644
7934,0.0019643231274321395,1.9202247,7.1887813,1847
7935,0.0008699601073305306,2.69748,14.217711,818
7936,0.001123078084768998,1.545619,8.314472,1056
7937,0.011324370688087396,2.5302958,15.313009,10648
7938,0.0027151688924386855,1.956173,6.991938,2553
7939,0.00010954265410152158,1.3703833,3.6881373,103
7940,0.00934834883060558,42.441868,77.24619,8790
7941,0.00042647188635640927,1.2887328,5.0633445,401
7942,0.0005551579169028569,1.7769608,7.391133,522
7943,0.002970413911704367,2.9093316,9.871342,2793
7944,0.009265394199344234,1.3748547,5.637119,8712
7945,0.0005136806012721837,2.6064525,10.122518,483
7946,0.0016431398115228236,1.4962318,8.227726,1545
7947,0.0014729764653457027,1.605389,7.1605606,1385
7948,0.0008540072936264255,1.6801254,5.608059,803
7949,0.0006710816964860206,1.6674525,6.5740156,631
7950,0.003542588163224936,1.974562,6.8196816,3331
7951,0.01012259205571148,2.2276368,9.213469,9518
7952,0.008812334290147649,2.048291,8.321107,8286
7953,0.012873920659212803,1.1132121,3.601415,12105
7954,0.010139608390329192,1.387227,5.436038,9534
7955,0.00047858441112315255,1.4680511,4.8838058,450
7956,0.0010550127462981495,1.8088762,6.872333,992
7957,0.0030820836076331025,1.1732578,3.5185657,2898
7958,0.0036638295473761344,3.0836697,8.324634,3445
7959,0.0014187368987517454,1.284652,5.056126,1334
7960,0.003724450239451734,2.7360976,11.428462,3502
7961,0.0013783231040346792,2.9766977,11.75469,1296
7962,0.005080439404300666,1.1846752,4.901061,4777
7963,0.0027226135388339345,2.2263653,7.796403,2560
7964,0.0004381706164060863,1.7761258,8.986842,412
7965,0.001716522754561707,2.2687428,8.226558,1614
7966,0.0016101706632010064,1.9905336,7.106162,1514
7967,0.0029012850523199114,4.755982,11.93363,2728
7968,0.0008295463126134644,1.2033925,4.9352674,780
7969,0.0005030453921361137,1.6570895,9.58159,473
7970,0.0010114083888402624,1.3374485,5.920493,951
7971,0.0012443194689201965,1.2366854,4.0890293,1170
7972,0.002247219690451603,1.6608111,5.353782,2113
7973,0.000942279529455807,1.2409792,5.251069,886
7974,0.0018090490740455165,3.1807075,10.903797,1701
7975,0.002273807713291778,1.9090934,7.2218924,2138
7976,0.0010837278109655387,1.7015926,6.9846554,1019
7977,0.0019600690437777115,2.0412138,7.1022315,1843
7978,0.0005966352325335302,1.5086889,8.072141,561
7979,0.0006296043808553473,1.4008955,6.618295,592
7980,0.005368653571888165,2.1144474,7.3772063,5048
7981,0.0005860000233974601,1.763672,5.0422597,551
7982,0.004957070978322253,2.2737272,8.931638,4661
7983,0.0007093684493758727,1.9999686,7.784358,667
7984,0.0023131579870952373,1.685794,7.156031,2175
7985,0.0021504392873133655,3.5948408,11.48552,2022
7986,0.002389731492874942,2.8026097,12.6195965,2247
7987,0.004208352255142921,2.6750398,8.678971,3957
7988,0.000563666084211713,2.3727827,10.556888,530
7989,0.0005913176279654951,1.2673678,7.794453,556
7990,0.041667685874208875,1.0102656,4.555154,39179
7991,0.0007965771642916473,2.337938,7.1801405,749
7992,0.0002669437493153584,1.0475106,2.9870858,251
7993,0.0009635499477279471,3.1955419,10.935276,906
7994,0.0025747841318425604,2.055289,9.483138,2421
7995,0.003353281440602889,2.7436728,8.6311865,3153
7996,0.0021440581618317233,2.1321285,6.313355,2016
7997,0.00045837751376461944,1.278633,6.1175156,431
7998,0.0019941017130131354,1.7706168,7.159831,1875
7999,0.0030916552958555653,1.469592,5.381013,2907
8000,0.009132454085143358,2.2504456,10.125905,8587
8001,0.007679684517156188,1.7531506,6.140695,7221
8002,0.0012166679251664145,1.7429967,6.84717,1144
8003,4.147731563067322e-05,1.0846792,1.9198407,39
8004,0.0015708203893975473,1.701533,5.5813217,1477
8005,0.004334911243862155,2.3264313,7.6726813,4076
8006,0.005185727974747759,2.8669572,9.178812,4876
8007,0.002825775067453814,1.5118387,5.9090595,2657
8008,0.002880014634047771,1.6038778,6.0125785,2708
8009,0.0018728603288619369,1.1644447,4.9627233,1761
8010,0.00170482402451203,1.1191261,6.21671,1603
8011,0.002527989211643852,1.4916356,4.9714384,2377
8012,0.0002680072702289654,1.4677564,6.1094756,252
8013,0.0008986751719979197,1.3837833,5.97343,845
8014,0.0025588313181384554,3.5552208,11.093379,2406
8015,0.0029650963071363315,2.7247267,7.368386,2788
8016,0.0002265299545982922,1.0307417,2.1787071,213
8017,0.0005158076430993977,1.5970818,9.595317,485
8018,0.0007816878715011491,1.4239068,4.6281114,735
8019,0.00042753540727001626,1.690082,8.720694,402
8020,0.004515709799175346,1.8290281,7.1707363,4246
8021,0.0002275934755118992,1.4978443,8.081071,214
8022,0.007605238053203697,1.8167722,7.077156,7151
8023,0.005497339602434612,1.6335087,8.19652,5169
8024,0.0016133612259418275,3.7085645,15.99311,1517
8025,0.0015484864502118,1.6059811,7.134328,1456
8026,0.0004605045555918334,1.2312865,4.7040057,433
8027,0.0017112051499936721,4.3571434,13.422155,1609
8028,0.0003626606315399889,1.145791,3.5725474,341
8029,0.0025333068162118875,1.1814275,4.115026,2382
8030,0.003036352208348001,1.5886378,7.25455,2855
8031,4.573139928510124e-05,0.8993551,1.8151916,43
8032,5.7430129334778304e-05,1.538933,3.280711,54
8033,0.001147539065781959,1.7556043,9.29663,1079
8034,8.082758943413243e-05,2.2485783,8.518861,76
8035,0.0007423375976976899,1.6622026,5.77907,698
8036,0.0019334810209375361,1.707557,7.6844025,1818
8037,0.002247219690451603,1.695774,7.5985384,2113
8038,0.0032171507636611922,2.0701737,12.186494,3025
8039,0.00055409439598925,1.5560093,8.649061,521
8040,0.0019994193175811707,1.8235307,7.0618362,1880
8041,0.0017335390891794191,1.4161718,6.529303,1630
8042,0.0019802759411362445,2.8694513,10.553252,1862
8043,0.0021621380173630425,1.4311918,4.866724,2033
8044,0.00031480219042767367,1.128723,3.507329,296
8045,0.0003647876733672029,1.2414109,4.4680095,343
8046,0.00055409439598925,1.9701327,12.798847,521
8047,0.04477423046285494,0.92498434,3.6116967,42100
8048,0.004394468415024147,2.0852256,7.3736067,4132
8049,0.001528279552853267,2.4303954,7.6335535,1437
8050,0.000758290411401795,1.3755369,5.326519,713
8051,0.007762639148417534,1.5498508,6.9857903,7299
8052,0.0020483412796070927,1.4652479,6.139858,1926
8053,0.012397463289916864,1.21574,4.9107385,11657
8054,0.0016420762906092167,1.7861772,9.837092,1544
8055,0.0038797242928383566,3.37396,9.507777,3648
8056,0.0006349219854233823,1.3880585,5.7425175,597
8057,0.000571110730606962,1.2810725,6.321799,537
8058,0.010762831645702896,1.4791988,6.979194,10120
8059,0.002066421135138412,4.0046487,11.7070265,1943
8060,0.0032011979499570868,1.5187752,6.0622516,3010
8061,0.0024152559948015097,1.412597,5.3366914,2271
8062,0.0019898476293587074,3.6128016,11.0301695,1871
8063,0.009373873332532147,41.95036,77.42657,8814
8064,3.82867528898522e-05,0.9291081,1.8236159,36
8065,0.0009199455902700599,2.1049812,6.715541,865
8066,0.006792708075207945,2.1398437,9.53927,6387
8067,0.0178373727630167,1.4622097,7.270827,16772
8068,0.014139510546405139,1.823924,6.200245,13295
8069,0.00914202577336582,1.7492754,8.098244,8596
8070,0.011078697357044177,2.0054746,7.49555,10417
8071,0.0007402105558704759,1.8042868,5.8457246,696
8072,0.0024120654320606886,1.1538911,3.5395188,2268
8073,0.0077977353385665655,1.4061587,5.158887,7332
8074,0.000754036327747367,0.96609604,3.4389973,709
8075,0.0036723377146849904,1.4178983,5.0607624,3453
8076,0.00025524501926568136,1.2582556,3.7840273,240
8077,0.00034670781783588384,1.2504051,3.738951,326
8078,0.0003062940231188176,1.6926277,9.467187,288
8079,0.0010582033090389706,3.0786154,12.750925,995
8080,0.0029576516607410825,4.0210004,11.003214,2781
8081,0.0018281924504904427,2.1566541,9.081702,1719
8082,0.002871506466738915,1.4539007,6.343432,2700
8083,0.002826838588367421,3.2171223,11.261936,2658
8084,0.0017622541538468083,1.5548748,6.211722,1657
8085,0.0013985300013932124,2.0110602,6.9906154,1315
8086,0.016203804639716338,1.1244138,3.9681091,15236
8087,0.0006987332402398027,1.315394,4.88005,657
8088,0.0024790672496179302,2.3765023,9.8323765,2331
8089,0.0011741270886221342,1.2199252,3.1381717,1104
8090,0.005728123640687332,2.404983,8.568286,5386
8091,0.00029459529306914055,2.1967192,9.559735,277
8092,0.018762635957854792,1.2626317,5.9550023,17642
8093,0.0032331035773652973,1.3806856,5.2066503,3040
8094,0.0010518221835573286,1.4472988,4.1090436,989
8095,0.0023780327628252647,2.2693818,9.467075,2236
8096,0.0010858548527927527,1.6785333,7.18635,1021
8097,0.0008901670046890637,1.4398383,6.328641,837
8098,0.0022419020858835677,1.9878285,6.855529,2108
8099,0.0010560762672117566,1.7457474,5.8581495,993
8100,0.0016016624958921505,1.8044285,5.8691926,1506
8101,0.0006657640919179855,1.7932436,8.956748,626
8102,0.0015197713855444111,1.9080459,6.409942,1429
8103,0.0015538040547798352,1.5245924,8.295177,1461
8104,0.0009029292556523477,1.6924006,8.141191,849
8105,0.0029459529306914054,1.8056719,8.00032,2770
8106,0.0046837461035252525,2.1396096,8.802565,4404
8107,2.020689735853311e-05,0.9748116,1.7119308,19
8108,0.0023673975536891946,2.8249948,10.136667,2226
8109,0.017091844602578187,1.4291022,5.9136996,16071
8110,0.0005328239777171098,1.9871695,8.439207,501
8111,0.0004839020156911876,1.7673352,6.3498073,455
8112,0.0024024937438382257,3.0205255,10.427971,2259
8113,0.00012443194689201967,2.0572507,5.713246,117
8114,0.001712268670907279,3.08735,10.637738,1610
8115,0.016470748389031696,1.630507,8.367409,15487
8116,0.001692061773548746,1.524187,5.2925534,1591
8117,0.001518707864630804,1.5994412,6.564427,1428
8118,0.0004839020156911876,1.4855435,9.335958,455
8119,0.0009890744496545152,2.9868383,9.791393,930
8120,0.0007231942212527639,1.7406675,6.5912457,680
8121,0.002140867599090902,1.989364,7.015775,2013
8122,0.0005583484796436779,1.1979281,4.2542977,525
8123,0.00306506727301539,2.6727562,10.987428,2882
8124,0.0002084500990669731,1.3584464,7.8528495,196
8125,0.002492893021494821,3.620056,12.372297,2344
8126,0.0018409547014537268,1.4116138,4.9188476,1731
8127,0.00017548095074515594,1.1107652,3.6886306,165
8128,0.0031171797977821336,1.2373116,4.261172,2931
8129,0.00018398911805401198,1.3652089,8.788528,173
8130,3.084210649460316e-05,1.0527563,2.1637433,29
8131,0.005989749785434656,2.4653447,9.161277,5632
8132,0.003392631714406348,1.8759489,8.674334,3190
8133,0.0009986461378769782,1.2772126,4.994402,939
8134,0.0011209510429417838,1.5296243,6.454672,1054
8135,0.00225891842050128,2.9708536,9.238572,2124
8136,0.006985205360570813,2.6079507,9.920633,6568
8137,0.0006530018409547014,1.5700674,5.646777,614
8138,0.01567417122474005,1.5684408,5.8514905,14738
8139,0.0018505263896761899,1.811724,7.0001225,1740
8140,0.0013262105792679361,1.4398407,4.821616,1247
8141,0.0029650963071363315,1.1829636,3.0089052,2788
8142,0.006871408622814864,1.7796997,7.065021,6461
8143,0.0010699020390886476,1.2299252,4.5930033,1006
8144,0.0008688965864169236,2.2134433,6.961226,817
8145,0.017583191264664625,1.1866649,5.576657,16533
8146,0.00042115428178837424,1.6718868,7.168598,396
8147,0.00400628328155759,2.121786,9.738196,3767
8148,0.004552933031151591,1.6772346,6.1134095,4281
8149,3.1905627408210167e-06,1.2712383,1.4489082,3
8150,0.002084500990669731,1.0999163,3.881498,1960
8151,0.0029204284287648375,1.4677619,5.8174415,2746
8152,0.001690998252635139,1.835689,8.628961,1590
8153,0.005634533800289916,3.1666286,10.562421,5298
8154,0.0002765154375378215,1.6522536,7.13605,260
8155,0.0032926607485272894,1.3685058,6.262967,3096
8156,0.017463013401427033,1.370954,8.142233,16420
8157,0.0031969438663026588,2.186721,8.245115,3006
8158,0.0014527695679871697,1.4110317,6.371398,1366
8159,0.002772599021773464,4.285464,9.653017,2607
8160,0.00014463884425055276,0.9321375,1.9187224,136
8161,0.0010571397881253635,1.2849379,5.5436816,994
8162,0.0006019528371015651,1.6419975,8.8753195,566
8163,0.006660831481920676,1.5687468,6.156736,6263
8164,0.0028534266112075963,1.777239,6.831272,2683
8165,0.0015655027848295122,1.4253354,7.0013275,1472
8166,0.005655804218562056,1.803871,7.1446867,5318
8167,0.001860098077898653,1.6596372,9.2736435,1749
8168,0.0028693794249117013,2.0235238,8.0652485,2698
8169,0.014925452501560717,1.6178889,6.2481623,14034
8170,0.0004839020156911876,1.4761472,5.244251,455
8171,0.0033086135622313944,3.4356134,12.6464615,3111
8172,0.001730348526438598,2.465226,9.491473,1627
8173,0.0023014592570455602,2.8244607,9.825346,2164
8174,0.002083437469756124,4.361724,13.140348,1959
8175,0.00025737206109289535,1.3590578,4.6842957,242
8176,0.0012730345335875857,1.2329346,3.7735279,1197
8177,0.001475103507172917,1.8832269,9.131507,1387
8178,0.0013538621230217182,1.5936118,5.3672357,1273
8179,0.0035255718286072235,2.7045023,10.559861,3315
8180,0.0020323884659029876,3.1408997,9.350001,1911
8181,0.004220050985192598,1.7918258,5.4980226,3968
8182,0.01094256668010248,0.9922696,3.4960072,10289
8183,0.001705887545425637,1.2658805,5.7174606,1604
8184,0.0017845880930325553,2.8945928,9.942483,1678
8185,0.0016718548761902128,1.8267993,8.414443,1572
8186,0.00033075500413177875,1.7882593,6.330656,311
8187,0.001709078108166458,3.174511,10.380627,1607
8188,0.0013730054994666443,2.3487823,7.649119,1291
8189,0.001313448328304652,3.2783353,9.711832,1235
8190,0.007773274357553604,2.3784068,8.418888,7309
8191,0.00022865699642550622,1.1110289,3.4210129,215
