feature,density,mean_act,max_act,n_active_frames
0,0.003906312315678531,3.7446558,12.578125,3673
1,0.0012241125715616635,2.6581428,11.415639,1151
2,0.004557187114806019,1.7408068,5.4610767,4285
3,0.013557764606662108,1.4654269,6.8318663,12748
4,0.04859546110544491,2.1998622,8.745305,45693
5,0.00047858441112315255,1.9127812,7.0417557,450
6,0.0013538621230217182,1.6437712,9.9951,1273
7,0.00014038476059612475,1.2958962,6.612202,132
8,0.0018452087851081548,1.2733774,4.40945,1735
9,0.0009986461378769782,1.4798833,6.633769,939
10,0.003408584528110453,1.3310041,8.019751,3205
11,0.03216087242747585,1.4069654,5.3083515,30240
12,0.0018420182223673337,1.3374915,5.986908,1732
13,9.039927765659548e-05,0.8236061,1.9952536,85
14,0.001860098077898653,3.0995505,8.028723,1749
15,0.0039414085058275625,1.5535287,6.7079697,3706
16,0.004895386765333047,1.5738741,9.093992,4603
17,0.002851299569380382,2.4584513,13.482738,2681
18,0.0008040218106868962,1.7367564,5.781903,756
19,0.0029374447633825494,3.0057657,9.398789,2762
20,0.00021057714089418712,1.2658895,5.0567136,198
21,0.000568983688779748,1.2839606,7.0452485,535
22,0.0006647005710043785,1.083436,4.5805693,625
23,4.2540836544280225e-06,0.82689685,0.94119704,4
24,4.9985482939529265e-05,1.0693917,1.9813988,47
25,1.701633461771209e-05,0.55638325,2.5756378,16
26,0.0039095028784193525,2.1766257,13.26585,3676
27,0.0011443485030411382,1.6322535,5.434548,1076
28,0.0023003957361319534,2.0034475,6.4200263,2163
29,2.9778585580996157e-05,1.3716035,3.0088863,28
30,0.0026683739722399773,2.1421287,7.6061745,2509
31,0.0004775208902095455,1.3903391,7.2891164,449
32,0.0022886970060822763,1.1760585,7.193363,2152
33,8.295463126134644e-05,0.83148193,1.6101724,78
34,0.0015452958874709792,1.4382308,7.926371,1453
35,0.006482159968434699,1.6310899,8.473361,6095
36,0.0008497532099719975,1.7390852,7.55126,799
37,0.0018675427242939018,2.136959,6.8846016,1756
38,0.00010954265410152158,2.7839975,9.874095,103
39,0.002191916602944039,4.316107,13.7236595,2061
40,0.0006753357801404486,1.4185083,7.782907,635
41,0.004283862240009019,1.7942995,7.4868293,4028
42,0.00022865699642550622,1.422279,5.0633726,215
43,0.0008008312479460752,1.4722607,6.828981,753
44,0.0027555826871557515,2.2602055,8.716133,2591
45,0.0021461852036589375,1.7140917,4.983712,2018
46,0.0017962868230822326,2.8848937,9.3200035,1689
47,0.00014570236516415978,1.5936079,5.648154,137
48,0.006473651801125843,4.470968,15.1846695,6087
49,0.0009646134686415541,1.6912993,9.19667,907
50,0.0029129837823695885,1.9982587,6.453075,2739
51,0.004157303251289785,2.0793004,9.140801,3909
52,0.0007721161832786861,1.6183343,7.1019115,726
53,0.005669629990438947,1.3201219,9.166462,5331
54,0.007815815194097884,2.3161516,7.8070054,7349
55,0.002222758709438642,2.9388225,9.752537,2090
56,2.1270418272140113e-06,0.82264423,1.0715554,2
57,0.0005136806012721837,1.394311,8.131302,483
58,6.700181755724135e-05,0.68700385,1.4832526,63
59,0.003933963859432314,1.9691058,7.8816185,3699
60,9.997096587905853e-05,0.98722976,3.2199001,94
61,0.0025237351279894242,3.0691698,9.011027,2373
62,0.0016644102297949637,2.5269666,6.9646096,1565
63,2.5524501926568134e-05,0.9823769,3.3686082,24
64,0.004555060072978805,2.5720384,9.234435,4283
65,0.0026056262383371636,2.8687975,9.095924,2450
66,0.006307742538603151,2.0885437,9.6438875,5931
67,0.0010709655600022547,1.483717,9.524344,1007
68,0.0002637531865745374,1.2126698,5.034208,248
69,0.009201582944527813,1.7123287,6.809897,8652
70,0.002977858558099616,1.3083788,5.6189756,2800
71,0.002239775044056354,1.6402382,6.2138033,2106
72,0.000757226890488188,1.4343889,8.592477,712
73,0.002235520960401926,1.2901189,5.2164273,2102
74,0.0013028131191685818,1.4129367,4.785441,1225
75,0.001159237795831636,2.131756,7.3694935,1090
76,0.0006327949435961683,1.2295253,6.2863092,595
77,0.0018494628687625828,3.0981696,9.776383,1739
78,0.003657448421894492,2.347805,8.064552,3439
79,0.0003201197949957087,1.6087407,9.573906,301
80,0.0012560181989698736,1.4673582,6.855549,1181
81,0.001331528183835971,2.7390187,10.070622,1252
82,0.06848649275263674,1.355419,9.446474,64396
83,0.00036691471519441696,1.4405767,7.2488256,345
84,0.0007848784342419701,1.3028402,5.6998286,738
85,0.0017845880930325553,1.3990641,10.714223,1678
86,0.008931448632471634,2.2831607,8.478168,8398
87,0.0012219855297344495,1.1897051,5.5857596,1149
88,0.0012889873472916908,1.3010988,5.8736577,1212
89,0.00033181852504538575,1.5248641,8.789538,312
90,0.0013400363511448272,1.6054827,7.235068,1260
91,0.0014942468836178428,1.988665,9.719834,1405
92,0.00048177497386397354,1.3269595,6.1931005,453
93,0.004653967517944256,1.463591,5.1191177,4376
94,7.65735057797044e-05,1.8357255,6.66997,72
95,0.0072085447524282845,2.2961118,11.113172,6778
96,0.0013262105792679361,1.4771309,6.7645874,1247
97,0.001692061773548746,1.4838904,6.2195196,1591
98,0.0021727732264991127,2.1132407,5.9194775,2043
99,0.00016909982526351389,1.6423874,6.717317,159
100,0.0011081887919785,1.2624322,7.1179104,1042
101,0.00028715064667389153,1.8937205,9.347002,270
102,0.001897321309874898,1.9656789,9.159942,1784
103,0.0008965481301707058,1.7065392,9.8654375,843
104,0.013398236469621056,1.0108296,3.2203107,12598
105,0.00010635209136070057,0.73024035,1.7519823,100
106,0.0016048530586329716,2.4241881,8.831285,1509
107,0.00016271869978187186,0.87063336,1.96056,153
108,0.00031692923225488766,8.306244,14.028473,298
109,0.003337328626898784,1.6225778,7.105645,3138
110,0.00017973503439958394,1.0012728,2.4076483,169
111,0.002822584504712993,3.2404141,8.606533,2654
112,0.00042115428178837424,2.4113443,9.222593,396
113,0.02862998299430059,1.6520218,5.561235,26920
114,0.002973604474445188,2.0198076,7.2064977,2796
115,0.004366816871270365,4.198591,13.058925,4106
116,0.005310159921639779,1.5116878,6.1234922,4993
117,0.000749782244092939,1.4727758,5.599985,705
118,0.0012698439708467646,3.083827,9.709509,1194
119,0.002682199744116868,2.1536512,9.634574,2522
120,0.01809261778228238,8.370267,19.376822,17012
121,0.0009231361530108808,2.296256,9.119694,868
122,0.005036835046842779,2.16177,8.961445,4736
123,0.00027119783296978645,1.633512,8.915,255
124,0.009513194572214665,43.42007,78.06284,8945
125,0.0008486896890583904,1.5754517,9.406174,798
126,0.0870311069232021,10.127965,55.833477,81833
127,0.0034745228247540874,1.3458112,6.0233083,3267
128,0.0005455862286803939,2.1895344,10.198755,513
129,5.4239566593957285e-05,0.9210349,2.4553106,51
130,0.0021663921010174705,1.2905465,6.960236,2037
131,0.0005009183503088997,1.3968735,8.2459345,471
132,0.0017537459865379524,1.441908,7.5536013,1649
133,0.0018441452641945477,2.1435163,7.660171,1734
134,0.0002839600839330705,2.3997464,8.499523,267
135,0.005043216172324421,2.1015706,9.935122,4742
136,0.000746591681352118,1.2989672,9.462466,702
137,0.0026928349532529382,4.2662277,9.842808,2532
138,0.00266731045132637,2.7366228,8.057359,2508
139,0.010274675546357281,1.9833305,9.1492605,9661
140,6.168421298920632e-05,0.62374336,1.6935185,58
141,0.0010060907842722273,1.3353429,5.8297205,946
142,0.0003626606315399889,2.5451314,10.242529,341
143,0.0023652705118619804,1.7445984,11.664196,2224
144,0.00012336842597841265,1.7604192,9.520474,116
145,0.0017771434466373065,1.5716959,10.406979,1671
146,0.0012251760924752704,1.4482441,7.632192,1152
147,0.002062167051483984,1.728379,13.510266,1939
148,0.0001318765932872687,0.97080934,2.4378319,124
149,0.0014283085869742085,1.4542508,5.5129876,1343
150,0.0034777133874949085,2.226586,10.5111,3270
151,0.004172192544080283,4.4671965,11.869961,3923
152,2.020689735853311e-05,1.2207216,2.3357213,19
153,0.0038967406274560685,1.9944891,9.693489,3664
154,0.002203615332993716,3.289429,10.900747,2072
155,0.0031118621932140983,2.3569145,9.293721,2926
156,0.0032054520336115147,2.2874377,10.719414,3014
157,0.001497437446358664,1.6655664,8.434875,1408
158,0.0012921779100325118,1.5047323,5.6302524,1215
159,6.700181755724135e-05,0.9388815,1.8087271,63
160,0.002454606268604969,3.4610214,8.909951,2308
161,0.00977801127970281,2.6464689,10.452119,9194
162,0.001333655225663185,3.1985435,9.448404,1254
163,0.0009805662823456592,1.1735824,4.485233,922
164,0.01242405131275704,2.3174603,9.18247,11682
165,0.0008742141909849586,1.5618112,7.867774,822
166,0.0005976987534471372,1.4331019,5.196287,562
167,0.0016218693932506835,2.6135314,9.137407,1525
168,0.0027077242460434364,2.5385866,9.133654,2546
169,0.004128588186622396,1.3947494,6.7403536,3882
170,0.0034458077600866984,3.4665756,12.396152,3240
171,0.0027991870446136386,2.9413075,10.573887,2632
172,0.0008486896890583904,1.3492513,5.8786507,798
173,6.381125481642033e-06,0.61014843,0.8422404,6
174,2.6588022840175142e-05,0.9336747,2.5234225,25
175,0.006447063778285668,2.688539,13.340606,6062
176,0.017267325553323342,1.0701742,4.3873954,16236
177,0.0006551288827819154,1.0696415,2.393501,616
178,0.0005753648142613901,1.1914433,7.380551,541
179,0.0016261234769051117,1.7018312,8.838067,1529
180,0.00822208018309576,1.6292129,12.214033,7731
181,0.0006168421298920633,1.4541326,5.8437643,580
182,3.084210649460316e-05,1.0456363,3.2187023,29
183,0.0009975826169633713,3.0533357,8.980265,938
184,0.0013995935223068193,2.6768782,8.890291,1316
185,0.0015452958874709792,2.5834303,6.732305,1453
186,0.0010550127462981495,1.5913368,8.750469,992
187,0.0009167550275292389,1.3605607,4.6675773,862
188,0.0020398331122982367,1.5862575,6.5081997,1918
189,0.0002275934755118992,1.509632,6.1832476,214
190,0.0006891615520173396,1.8411858,6.7852244,648
191,0.00021908530820304316,1.5846564,11.014627,206
192,6.274773390281333e-05,0.79258,2.1337519,59
193,0.0017696988002420574,1.5264322,6.5192018,1664
194,0.004107317768350256,2.6781886,7.9947333,3862
195,0.0011985880696350954,1.8325301,7.7678537,1127
196,0.00045731399285101244,1.4087801,7.4550867,430
197,0.0004977277875680787,1.3354251,6.1102977,468
198,0.00035521598514473985,1.193117,6.2047777,334
199,0.0004402976582333003,1.2249928,4.563159,414
200,0.001921782290887859,1.5195657,6.931283,1807
201,0.005493085518780184,1.8146026,7.9950657,5165
202,0.002235520960401926,1.4307171,5.7145085,2102
203,0.0011847622977582042,2.5085714,8.180382,1114
204,0.0007146860539439078,1.3950298,6.2900243,672
205,1.8079855531319095e-05,0.6226449,1.2666062,17
206,0.005582421275523173,3.1023595,11.670422,5249
207,0.007416994851495258,1.5862243,5.131682,6974
208,0.011058490459685644,2.899326,11.718029,10398
209,0.001896257788961291,2.4998841,12.562575,1783
210,7.65735057797044e-05,2.1476827,7.600832,72
211,0.0010645844345206126,1.5240886,6.457425,1001
212,0.001898384830788505,1.7688847,6.796523,1785
213,0.005851492066665745,1.100847,5.038808,5502
214,0.0013783231040346792,2.0512536,8.040773,1296
215,0.00875171359807205,2.2474122,9.880773,8229
216,0.0002850236048466775,2.0014193,10.403092,268
217,0.0015442323665573721,1.2995524,4.728102,1452
218,1.8079855531319095e-05,2.0344534,5.43049,17
219,0.0004371070954924793,1.2844067,4.059115,411
220,0.02085564511583338,1.7544912,7.360638,19610
221,0.0001116696959287356,1.7611209,5.543949,105
222,0.00010103448679266554,1.6286328,5.5589786,95
223,0.0025747841318425604,2.5168176,9.108887,2421
224,0.0006168421298920633,1.6904618,8.806448,580
225,0.0017537459865379524,1.4791766,8.133479,1649
226,0.001684617127153497,1.7404585,6.1968937,1584
227,4.2540836544280225e-06,1.7609438,3.8187056,4
228,0.0050017388566937476,1.4348439,6.0141177,4703
229,0.004903894932641903,1.8615266,8.357869,4611
230,0.001133713293905068,1.0138067,3.0603755,1066
231,0.005025136316793102,1.6132578,10.512511,4725
232,0.002583292299151417,3.9214804,15.645028,2429
233,0.0006966061984125887,1.6116325,8.780677,655
234,0.0011932704650670603,1.7557948,10.922716,1122
235,0.0009943920542225503,1.9528611,9.729339,935
236,0.0006753357801404486,1.5829228,6.763348,635
237,0.0009943920542225503,1.4280221,5.9310513,935
238,0.0005349510195443238,1.0223352,3.7053766,503
239,0.04115294175202308,1.5005906,6.989481,38695
240,0.00048602905751840157,1.8329343,10.080068,457
241,2.020689735853311e-05,1.3832313,3.033951,19
242,0.009264330678430625,1.731455,9.953669,8711
243,0.005842983899356889,2.474316,7.5471234,5494
244,0.00031054810677324564,1.3234129,6.6262174,292
245,0.005349510195443238,2.9912233,9.764848,5030
246,0.010702210953627297,0.9835379,5.840331,10063
247,0.0036904175702163096,3.2886698,10.040963,3470
248,5.317604568035028e-06,0.84395164,1.3373644,5
249,0.002275934755118992,1.6745484,6.2997007,2140
250,0.00030842106494603165,1.4368494,5.1731215,290
251,0.0033171217295402504,2.1770434,6.8855085,3119
252,0.0007051143657214447,1.7589365,6.622776,663
253,0.014184178424776634,1.7953867,7.6485677,13337
254,0.000746591681352118,1.5052204,7.6184816,702
255,0.0027332487479700043,2.4540684,10.234352,2570
256,0.001498500967272271,1.8887117,9.960385,1409
257,0.015257271026606102,1.4043974,6.398989,14346
258,0.0018771144125163649,2.690185,12.353457,1765
259,4.041379471706622e-05,0.6915717,1.0834126,38
260,0.0007965771642916473,1.5874188,5.3473825,749
261,0.001313448328304652,1.8926518,6.221189,1235
262,0.0021312959108684393,2.0451796,6.7725163,2004
263,0.0029097932196287674,1.9456509,8.622493,2736
264,0.0009688675522959822,1.4022553,10.507232,911
265,0.010405488618730942,1.6832895,7.2409134,9784
266,0.012780330818815386,1.5156792,6.0269675,12017
267,2.7651543753782147e-05,0.9860748,3.4710896,26
268,0.002247219690451603,3.0282612,9.306456,2113
269,0.002315285028922451,2.3170397,9.941041,2177
270,0.0038946135856288548,1.7821636,10.5847225,3662
271,0.001509136176408341,1.4639927,5.501805,1419
272,0.004079666224596473,2.9413536,9.486152,3836
273,0.0067778187824174465,2.3656445,7.2817845,6373
274,0.015725220228593184,1.7607259,8.18933,14786
275,0.0483965826946004,1.7649393,6.8557897,45506
276,0.002456733310432183,2.071357,10.764623,2310
277,0.0010379964116804376,2.3387709,6.8280325,976
278,0.0027757895845142845,1.2273662,4.2848268,2610
279,0.0004711397647279035,1.5761831,7.4829774,443
280,4.679492019870825e-05,1.1691598,3.4960723,44
281,2.7651543753782147e-05,1.0067084,2.2344992,26
282,0.000372232319762452,1.8045919,9.742204,350
283,0.0028768240713069504,1.6919712,8.564051,2705
284,0.002125978306300404,2.8887882,9.593977,1999
285,0.005645169009425986,2.5856948,10.573765,5308
286,0.0017654447165876294,3.6253412,12.205423,1660
287,0.12337055302023987,1.6732846,8.868267,116002
288,0.002093009157978587,2.6372817,9.99587,1968
289,0.0012400653852657686,1.7707949,11.43278,1166
290,9.571688222463051e-05,0.85606897,2.1622167,90
291,0.004731604544637568,1.586384,5.9700346,4449
292,0.02149163062217037,1.7984,6.663984,20208
293,0.0018207478040951936,1.5433422,7.0703626,1712
294,0.000568983688779748,1.1377193,3.4038618,535
295,0.00045731399285101244,1.2968686,4.7561665,430
296,0.0016037895377193645,3.3601525,11.500495,1508
297,5.104900385313627e-05,1.0003405,2.6537147,48
298,0.002884268717702199,2.7301512,9.127659,2712
299,0.001159237795831636,1.6747094,5.662724,1090
300,0.0001297495514600547,2.5966368,10.159715,122
301,0.0021185336599051554,1.6863046,5.7736754,1992
302,0.0053739711764561994,2.5928426,13.225679,5053
303,0.0021887260402032177,2.8659263,8.445189,2058
304,0.005078312362473452,3.1225371,10.776969,4775
305,0.0018069220322183025,1.3032492,5.4162545,1699
306,0.00039137569620737806,1.8245939,9.375189,368
307,0.0009688675522959822,1.2890304,6.423126,911
308,0.0017441742983154893,1.5136114,6.0751066,1640
309,9.46533613110235e-05,1.538819,6.14024,89
310,0.001147539065781959,1.3239577,5.4473004,1079
311,0.0008135934989093593,1.371113,6.794508,765
312,6.381125481642033e-06,0.8559558,1.3749038,6
313,0.00019675136901729605,1.536677,8.182635,185
314,6.912885938445537e-05,0.82432353,1.6264925,65
315,0.0020058004430628124,1.7141019,7.558983,1886
316,0.00407753918276926,1.1654828,5.5480886,3834
317,0.0017877786557733764,2.5282886,8.14079,1681
318,0.0008359274380951064,1.9106852,7.17968,786
319,0.00526017443870025,2.5818527,9.362405,4946
320,1.0635209136070056e-06,0.67406267,0.67406267,1
321,0.024570523667062652,1.7702181,10.107915,23103
322,0.00939088966714986,1.5580146,6.498805,8830
323,4.041379471706622e-05,0.7659223,1.8801336,38
324,0.004390214331369719,3.0843484,9.399964,4128
325,0.0038786607719247493,1.2945205,6.9696207,3647
326,0.0062173432609465545,0.97387975,3.7996016,5846
327,0.00035308894331752586,1.2384228,6.0068593,332
328,0.00302252643647111,2.055351,6.976179,2842
329,0.0014527695679871697,1.6127127,7.8254504,1366
330,0.00324267526558776,2.8785477,9.446953,3049
331,0.0015878367240152594,2.175738,8.590897,1493
332,0.0014697859026048818,2.4306195,7.432502,1382
333,0.003236294140106118,4.2058997,11.257514,3043
334,0.0015835826403608315,1.3671522,5.3922615,1489
335,0.0012134773624255934,1.5205147,7.843751,1141
336,0.005217633602155969,1.4361857,5.654867,4906
337,0.0017112051499936721,1.9555162,7.978982,1609
338,0.0005945081907063162,1.9166428,8.068571,559
339,0.002429081766678401,1.6017213,6.330462,2284
340,3.1905627408210167e-06,0.91143006,1.0489349,3
341,0.00046688568107347545,1.5694835,9.062676,439
342,0.0018047949903910886,2.8778307,12.078446,1697
343,0.0004753938483823315,0.9870591,3.9382427,447
344,0.003778689806045691,1.5441383,6.9439054,3553
345,0.00027438839571060743,1.0360427,3.183638,258
346,0.0001510199697321948,1.0240365,3.9538467,142
347,0.0015410418038165512,1.7078116,5.980634,1449
348,0.0006540653618683084,1.8240232,9.529006,615
349,0.0012198584879072355,3.200356,7.9042683,1147
350,0.0033585990451709237,1.729041,8.802834,3158
351,0.0029385082842961563,1.1991919,3.8508308,2763
352,0.0049783413965943935,1.7430276,8.555183,4681
353,0.0006030163580151721,2.9099097,8.94989,567
354,0.000381804007984915,0.8664099,2.837383,359
355,0.0012475100316610176,1.7100278,8.683229,1173
356,0.0002084500990669731,2.4934776,8.07725,196
357,0.005294207107935674,2.3765378,9.112289,4978
358,0.0014112922523564966,0.89852846,4.456799,1327
359,0.003076766003065067,1.5346147,6.9552474,2893
360,0.000745528160438511,1.0390195,4.8366885,701
361,0.000566856646952534,2.2294054,13.2188835,533
362,0.0002478003728704323,1.3465751,5.0887933,233
363,0.0023993031810974046,2.222038,8.889603,2256
364,0.005665375906784519,2.6326447,8.299588,5327
365,0.006665085565575104,1.6634645,6.7028356,6267
366,0.002817266900144958,2.2703564,7.3096128,2649
367,0.0022174411048706067,3.3272924,9.996132,2085
368,0.0009656769895551611,1.102568,5.442289,908
369,0.0007327659094752269,1.9257839,8.141349,689
370,0.0036521308173264573,1.743161,9.184652,3434
371,0.0012804791799828348,1.6272688,6.046593,1204
372,0.005531372271670036,1.477608,9.517712,5201
373,0.0003350090877862068,1.3298779,5.357817,315
374,0.0008710236282441377,1.4702691,7.922055,819
375,0.0006657640919179855,1.4397153,7.67608,626
376,0.002655611721276693,1.5279987,8.7767315,2497
377,0.020721641480718898,1.4470686,5.6101294,19484
378,0.0008891034837754567,1.426545,6.048765,836
379,0.018399975326314804,4.6335754,9.760166,17301
380,0.0009933285333089432,1.0400158,3.2854264,934
381,0.0017250309218705632,1.8700011,8.002384,1622
382,0.008434784365817162,2.909478,6.0936575,7931
383,0.0010369328907668305,1.7277564,5.4737167,975
384,5.317604568035028e-06,0.75396657,1.1113336,5
385,0.0009901379705681223,1.4604524,5.223041,931
386,0.003072511919410639,4.3029943,10.909239,2889
387,0.0009571688222463051,1.4810983,6.4334836,900
388,0.0010996806246696437,1.5835814,7.4464602,1034
389,0.026175376725695622,3.3675368,12.234751,24612
390,0.001690998252635139,2.979959,8.6917,1590
391,3.72232319762452e-05,0.73444086,1.4290675,35
392,0.0023450636145034474,2.379917,12.018094,2205
393,0.0016569655833997149,2.317143,8.74283,1558
394,0.000190370243535654,1.430633,6.505474,179
395,0.0027619638126373937,1.5047208,5.802127,2597
396,0.00023610164282075524,1.4968475,7.043105,222
397,0.028773558317637535,1.0758601,3.7758837,27055
398,0.0009348348830605579,2.7122798,10.257856,879
399,0.0012592087617106947,2.9098976,9.446567,1184
400,0.0017835245721189484,1.208826,4.090603,1677
401,0.0019068929980973611,2.0816164,7.251672,1793
402,0.0006551288827819154,1.468703,4.464194,616
403,0.0003265009204773507,2.384258,9.817627,307
404,2.446098101296113e-05,1.2462755,2.8670852,23
405,7.444646395249039e-06,0.750645,0.9967242,7
406,0.0012262396133888775,1.2937478,5.2218275,1153
407,0.0022536008159332447,4.1009455,12.880509,2119
408,0.0051112815107952694,2.2052112,8.982825,4806
409,0.0030118912273350397,3.2035956,10.109643,2832
410,0.0008518802517992115,2.422112,8.181673,801
411,0.0054058768038644095,1.4901205,7.379365,5083
412,0.08476580737721917,2.0914493,12.404792,79703
413,0.004853909449702373,1.314837,6.985287,4564
414,0.0081369985100072,2.268708,8.178732,7651
415,0.002644976512140623,1.4652656,5.215831,2487
416,0.05447779527860526,1.0023937,4.733106,51224
417,0.0017760799257236994,1.7236493,6.5952005,1670
418,0.0006093974834968142,2.175646,10.740323,573
419,0.00321076963817955,0.86882854,3.8242488,3019
420,0.0038999311901968896,2.6725392,10.363348,3667
421,0.003085274170373923,1.4348897,10.843599,2901
422,0.0003573430269719539,2.0436134,9.245551,336
423,0.0016505844579180727,1.0802242,4.5787873,1552
424,0.01210393151776133,2.0061755,8.791323,11381
425,1.2762250963284067e-05,0.82580423,1.4757113,12
426,0.0034500618437411264,2.659008,11.872562,3244
427,0.0007508457650065459,1.9605383,7.0700517,706
428,0.0005030453921361137,1.2496929,4.9470716,473
429,0.005496276081521005,1.2068225,3.7666116,5168
430,0.0005434591868531799,2.397252,7.713661,511
431,0.0019132741235790031,1.8990542,7.0923476,1799
432,0.00024992741469764633,2.0786264,10.085724,235
433,0.004017982011607267,1.8284798,8.236304,3778
434,1.5952813704105085e-05,0.64577955,1.385231,15
435,0.009673786230169323,2.1628706,9.083865,9096
436,0.0019781488993090303,2.6098895,9.16705,1860
437,8.082758943413243e-05,1.9823772,6.1961293,76
438,0.0018154301995271585,4.096124,11.951673,1707
439,0.00012549546780562666,1.9673002,11.227981,118
440,0.00267794566046244,2.3491807,10.29057,2518
441,0.0031267514860045965,1.506119,9.108759,2940
442,0.0003201197949957087,0.95418763,4.0681973,301
443,0.0005902541070518881,1.1129277,4.426975,555
444,0.00027226135388339344,0.9211902,3.9005544,256
445,0.0064460002573720615,1.9104705,6.537392,6061
446,0.0021844719565487897,1.8155812,6.429817,2054
447,6.381125481642033e-06,0.99400425,1.2354714,6
448,0.0014899927999634148,2.0336444,7.287698,1401
449,0.0002669437493153584,1.6825223,7.9909797,251
450,0.007260657277195028,1.369852,9.769152,6827
451,4.254083654428023e-05,0.8633438,1.9178786,40
452,0.008392243529272881,1.623168,5.6949987,7891
453,5.7430129334778304e-05,0.7400054,2.629638,54
454,0.0014219274614925665,2.9173331,12.927427,1337
455,0.0013602432485033602,1.3559932,4.5068574,1279
456,0.002222758709438642,1.8921444,8.115838,2090
457,0.0009773757196048381,2.0343158,9.229113,919
458,0.0005147441221857907,1.3251585,5.9115424,484
459,0.01290688980753462,1.7033222,9.230239,12136
460,0.00016909982526351389,0.8616757,2.2594497,159
461,0.00024141924738879027,1.9454119,11.687492,227
462,0.0005445227077667869,3.113218,8.704671,512
463,0.02549685038281435,1.1653754,4.2185044,23974
464,1.91433764449261e-05,0.7724596,1.4696248,18
465,0.0026949619950801524,1.9042069,7.8400793,2534
466,0.0012336842597841266,1.5702542,8.623677,1160
467,0.005523927625274787,2.1730525,9.490605,5194
468,0.005153822347339549,1.8824137,7.551483,4846
469,0.008779365141825831,2.459797,10.307227,8255
470,0.0016420762906092167,1.4655342,5.5879865,1544
471,0.0025843558200650237,1.672241,8.722501,2430
472,0.0014708494235184887,1.3517488,4.8710513,1383
473,0.00025524501926568136,1.287452,5.829033,240
474,0.012670788164713865,1.2983323,4.810855,11914
475,0.04046590724183296,1.4095408,6.7025666,38049
476,0.00010422504953348655,1.123561,4.154405,98
477,5.9557171161992314e-05,3.051287,13.704151,56
478,0.01258357944979809,1.8412297,6.909395,11832
479,0.000378613445244094,1.3492419,8.505329,356
480,0.0007795608296739351,0.9014831,2.7337115,733
481,0.020758864712695144,1.5163596,5.786516,19519
482,0.0028704429458253082,2.6519525,9.752643,2699
483,0.0003052305022052106,2.4721563,13.140209,287
484,1.0635209136070057e-05,0.8838527,1.8365258,10
485,0.0011847622977582042,1.609922,5.7981043,1114
486,0.0041115718520046834,1.6009715,7.3453107,3866
487,0.0021440581618317233,1.3677127,5.250293,2016
488,0.0007200036585119428,2.6912608,8.574038,677
489,0.029503133664371944,1.2293103,5.0804663,27741
490,0.004660348643425898,1.8292444,7.43295,4382
491,0.0012145408833392005,1.2783976,5.6826215,1142
492,0.002804504649181674,2.9982624,8.336324,2637
493,3.084210649460316e-05,0.66538113,1.0808443,29
494,0.032592661918400295,1.5189211,5.6504974,30646
495,0.0009252631948380949,1.7216624,7.2403116,870
496,0.0002478003728704323,0.92977035,5.0280137,233
497,0.010138544869415584,1.3326236,5.229449,9533
498,3.82867528898522e-05,0.7008744,1.3943805,36
499,0.007842403216938059,1.5416727,6.1253085,7374
500,0.0001712268670907279,1.188012,4.1839156,161
501,0.0003275644413909577,1.5314248,7.735836,308
502,0.00011592377958316362,1.5458727,6.226348,109
503,0.004916657183605187,1.4136008,5.735035,4623
504,3.403266923542418e-05,1.0356902,3.134946,32
505,0.002634341303004553,2.8633797,8.567599,2477
506,0.0006444936736458454,1.6884722,5.733302,606
507,0.003222468368229227,2.1756418,11.253497,3030
508,0.0007795608296739351,1.4766771,5.5214357,733
509,0.003238421181933332,1.8051013,10.570442,3045
510,0.005496276081521005,1.8939581,9.366358,5168
511,0.007950882350125974,2.8096948,10.214722,7476
512,0.001314511849218259,4.205592,15.201966,1236
513,0.0003275644413909577,1.8398138,10.829961,308
514,0.011192494094800127,1.6637167,17.108854,10524
515,0.0006147150880648493,1.017202,3.725288,578
516,0.0016516479788316798,1.4461203,7.05389,1553
517,9.57168822246305e-06,0.80398434,1.5830345,9
518,0.0031012269840780286,1.726064,9.663477,2916
519,0.003836119935380469,1.7604878,8.4491625,3607
520,0.0003254373995637437,1.0891601,3.921048,306
521,0.003031034603779966,3.1232028,12.133839,2850
522,0.0012007151114623094,1.7207749,6.1651764,1129
523,1.5952813704105085e-05,0.9623541,1.9410754,15
524,0.0029193649078512306,1.6116484,8.284799,2745
525,0.007401042037791152,1.8744104,8.183273,6959
526,0.0025641489227064907,3.0130866,9.261466,2411
527,0.0007742432251059,1.8836038,6.854065,728
528,0.001124141605682605,1.6905363,5.0868764,1057
529,0.0011911434232398464,2.8927274,10.984718,1120
530,0.0006880980311037326,0.99923956,3.6835697,647
531,0.0011071252710648928,1.1580848,5.051328,1041
532,0.0014506425261599557,1.5421771,6.901394,1364
533,0.0018026679485638746,1.5924065,6.911992,1695
534,0.00038286752889852204,1.5406189,7.8061705,360
535,3.1905627408210167e-06,0.52290845,0.79478467,3
536,0.0010082178260994413,1.4350826,6.8014402,948
537,0.0021759637892399333,2.6471088,10.215988,2046
538,0.0008008312479460752,1.8146499,7.989326,753
539,0.00014357532333694577,1.4752088,5.510115,135
540,0.002508845835198926,1.4642087,7.174267,2359
541,0.002663056367671942,1.5428019,6.1746473,2504
542,0.005343129069961597,1.9614247,8.408786,5024
543,0.0018473358269353688,1.5348337,6.130807,1737
544,0.01575606233508779,1.5296875,7.668941,14815
545,0.0012549546780562667,1.5412673,5.4837427,1180
546,0.0027555826871557515,3.1157875,10.461145,2591
547,0.0006678911337451996,1.0269716,2.942123,628
548,0.00029140473032831957,1.3834767,5.747623,274
549,0.0027406933943652533,1.2734896,6.060672,2577
550,0.004813495654985307,1.8552043,8.526167,4526
551,0.003172482885289698,2.3856091,12.347982,2983
552,0.008553898708141145,2.3164158,9.008423,8043
553,0.0005551579169028569,0.9236445,3.3888628,522
554,0.002096199720719408,1.5535045,7.9925694,1971
555,0.03229593958350394,1.1483101,4.7654085,30367
556,0.003353281440602889,1.6474429,6.007919,3153
557,0.0025971180710283076,1.6969421,8.685254,2442
558,0.0007072414075486587,1.6814686,5.1782513,665
559,0.0031267514860045965,2.1535969,8.028972,2940
560,0.0008125299779957523,1.3071482,4.278179,764
561,0.0011145699174601419,2.8768475,10.492014,1048
562,0.004524217966484202,0.9881253,5.254903,4254
563,0.00207067521879284,3.1343515,10.5659275,1947
564,0.0010901089364471809,1.8458592,8.689077,1025
565,3.403266923542418e-05,1.4809663,6.212204,32
566,0.0014346897124558507,1.7402219,7.640659,1349
567,0.010970218223856264,1.948824,7.72244,10315
568,0.000373295840676059,1.2390115,4.5452547,351
569,0.006298170850380687,1.4098353,6.090786,5922
570,0.0008018947688596822,2.0163274,6.190841,754
571,0.0009986461378769782,1.7530226,8.144876,939
572,0.0010231071188899394,1.2653116,4.6888328,962
573,0.002825775067453814,3.9097528,11.344535,2657
574,0.0016005989749785434,1.253542,5.210757,1505
575,2.8715064667389152e-05,0.7374479,1.2198014,27
576,0.004720969335501498,1.2211626,5.487594,4439
577,0.006665085565575104,2.498217,10.149911,6267
578,0.0005211252476674328,1.5886536,7.617304,490
579,0.002251473774106031,3.5631006,9.862239,2117
580,0.005014501107657032,1.3201412,3.2783186,4715
581,0.010574588443994457,1.3213342,5.8448167,9943
582,0.003235230619192511,1.432293,7.8770957,3042
583,0.0091845666099101,31.697588,53.197678,8636
584,0.006806533847084836,1.911266,6.0243773,6400
585,0.0003626606315399889,1.5246443,7.922967,341
586,0.0003637241524535959,1.618795,5.2551427,342
587,0.002010054526717241,3.5557117,10.59435,1890
588,0.0003562795060583469,1.7442378,6.92562,335
589,0.0007955136433780402,2.354478,8.068761,748
590,0.0061886281962791655,2.393356,8.585601,5819
591,0.0013708784576394303,2.1510878,9.525206,1289
592,0.0016091071422873996,4.6332064,14.86527,1513
593,0.000567920167866141,1.1318333,4.0964804,534
594,0.0010975535828424297,1.2628309,5.302019,1032
595,0.001905829477183754,1.9950639,8.105165,1792
596,3.615971106263819e-05,1.3734416,3.5571969,34
597,0.002078119865188089,2.0763688,7.0216026,1954
598,0.00016378222069547886,1.6315411,7.857159,154
599,0.0010103448679266553,1.4072522,7.681481,950
600,0.00028715064667389153,1.5894612,7.3867335,270
601,7.870054760691842e-05,0.7668679,1.9523634,74
602,0.00208131042792891,4.9004025,11.167933,1957
603,0.0013730054994666443,1.8862462,8.047213,1291
604,0.016468621347204483,1.1834497,4.1167736,15485
605,0.0011922069441534532,1.3413812,5.0659227,1121
606,0.0013357822674903992,1.5482959,8.399102,1256
607,0.008973989469015913,1.2289093,6.069162,8438
608,0.001892003705306863,1.7291542,7.668068,1779
609,0.00025630854017928836,1.3441417,7.459666,241
610,4.466787837149424e-05,0.7650079,1.1929448,42
611,0.004938991122790934,3.2155495,9.153301,4644
612,0.0011975245487214883,1.295231,4.474114,1126
613,0.041129544291923725,1.4577807,5.9753,38673
614,0.0027226135388339345,2.367853,9.779425,2560
615,0.005667502948611733,2.6018786,9.582331,5329
616,0.0009880109287409083,0.77499676,1.943158,929
617,0.0005466497495940009,0.9182846,4.2930675,514
618,0.0032692632884279353,1.3419209,4.8605385,3074
619,0.0030235899573847168,3.024681,9.119097,2843
620,0.0002275934755118992,1.0583717,4.4036164,214
621,0.0013995935223068193,1.436067,4.695739,1316
622,0.0002807695211922495,1.624374,5.1063175,264
623,0.013882138485312244,1.0137686,5.3565025,13053
624,0.0001680363043499069,0.8528901,2.4366095,158
625,0.001113506396546535,1.4366515,5.7336807,1047
626,0.005663248864957305,1.6267818,9.357229,5325
627,0.0005264428522354678,2.0114086,9.600168,495
628,0.0008795317955529936,1.6519443,8.083363,827
629,0.013748134850197762,2.8755455,10.456775,12927
630,0.005499466644261826,1.2587928,5.76935,5171
631,0.004591219784041443,2.216852,9.273224,4317
632,0.0008795317955529936,1.0544708,4.6437273,827
633,0.0031097351513868846,1.6267048,6.668686,2924
634,0.0019738948156546024,1.5530483,5.7250633,1856
635,0.005470751579594437,1.8063204,6.0556793,5144
636,0.00036691471519441696,1.8052975,9.804663,345
637,0.0005881270652246741,1.062896,9.298884,553
638,0.003056559105706534,1.94331,6.6014686,2874
639,0.0024141924738879028,2.0269706,9.940031,2270
640,0.0019504973555552483,3.6824636,9.821503,1834
641,0.0013623702903305742,1.6761067,5.7051044,1281
642,0.004488058255421564,3.0619285,8.871455,4220
643,0.0014729764653457027,1.7358727,7.423397,1385
644,0.0031171797977821336,1.6055683,8.950968,2931
645,0.005158076430993978,2.228443,8.228769,4850
646,0.0026364683448317668,2.794437,10.005083,2479
647,0.0010560762672117566,1.3041755,6.0112834,993
648,0.004385960247715291,1.1081215,6.9850965,4124
649,0.001149666107609173,1.1193869,4.1987395,1081
650,0.0002988493767235686,2.3818166,10.766229,281
651,0.0006976697193261957,1.4033992,5.8743486,656
652,0.0025843558200650237,2.4698021,10.509666,2430
653,0.00015527405338662282,1.6934288,11.022885,146
654,0.0003062940231188176,1.4158648,6.0342627,288
655,0.0546064813091517,1.0414333,4.9431815,51345
656,0.015861350905534883,1.3917961,4.049372,14914
657,0.000570047209693355,1.3156832,5.6068926,536
658,0.004957070978322253,1.2812682,4.8928957,4661
659,0.0010592668299525777,1.3033139,4.0779014,996
660,0.0012081597578575585,1.5024735,5.8752832,1136
661,0.00010635209136070057,1.680721,12.572435,100
662,0.0003275644413909577,1.9510993,9.677553,308
663,0.002650294116708658,3.3151348,10.900649,2492
664,0.00167291839710382,3.3315864,9.237008,1573
665,6.274773390281333e-05,0.52303255,0.8564232,59
666,0.003027844041039145,2.9163501,12.691201,2847
667,0.002401430222924619,2.0843527,8.885812,2258
668,0.0018611615988122598,1.1385462,6.5174074,1750
669,0.0009624864268143401,1.6838851,8.444556,905
670,0.003924392171209851,1.6616913,8.905965,3690
671,0.0013942759177387844,1.8003917,6.5836377,1311
672,0.0010071543051858344,2.2602699,8.674417,947
673,0.0010954265410152157,2.347187,7.7118435,1030
674,0.0034575064901363754,2.637122,8.506996,3251
675,0.000762544495056223,1.1500087,5.106562,717
676,0.0018090490740455165,3.2480886,9.873687,1701
677,0.0027002795996481873,2.1415765,9.397267,2539
678,0.0009199455902700599,1.6582196,7.00005,865
679,0.003005510101853398,1.2609087,6.499478,2826
680,0.004338101806602976,1.0684701,4.3747616,4079
681,0.0014389437961102786,1.2379248,8.719313,1353
682,0.0010560762672117566,1.0925692,5.2017374,993
683,0.008717680928836626,2.315783,8.527034,8197
684,0.0012070962369439514,2.842207,10.465843,1135
685,0.00022227587094386417,1.093877,4.346088,209
686,0.0011581742749180292,2.1146686,11.069604,1089
687,0.002644976512140623,1.7067121,8.893569,2487
688,0.003785070931527333,2.1792104,8.0747595,3559
689,0.00036904175702163095,0.96686167,2.3050292,347
690,0.002507782314285319,2.3127775,6.458477,2358
691,8.295463126134644e-05,1.4953061,5.22232,78
692,0.005795125458244573,1.0688388,6.6509695,5449
693,0.001143284982127531,1.6959846,10.243581,1075
694,0.0011911434232398464,1.2417123,5.1188335,1120
695,0.004875179867974514,2.0842762,10.088488,4584
696,0.0008571978563672465,1.370521,5.5521126,806
697,0.0004977277875680787,1.1308881,5.654304,468
698,0.00046369511833265446,1.1234754,5.883519,436
699,0.0027587732498965726,2.1615336,7.4761834,2594
700,0.001703760503598423,2.8548853,8.255747,1602
701,1.8079855531319095e-05,0.93229824,2.2195325,17
702,0.0010231071188899394,1.284197,4.193906,962
703,0.0006179056508056703,1.7188202,7.58828,581
704,7.444646395249039e-06,0.88958997,1.086147,7
705,0.004708207084538214,1.7469146,6.9226527,4427
706,0.0013825771876891074,1.0831896,3.0241427,1300
707,0.0010145989515810833,1.7250856,6.3215613,954
708,0.0008678330655033166,1.4573125,5.7492485,816
709,0.0007412740767840829,1.4291141,5.803789,697
710,0.0006338584645097753,1.5917069,6.671255,596
711,0.00042115428178837424,1.4415303,11.421442,396
712,0.00031586571134128066,1.4936552,5.559094,297
713,0.014434105839474281,1.5932708,5.6780977,13572
714,0.00010954265410152158,1.4404579,4.952549,103
715,0.0037425300949830527,2.4930754,11.985187,3519
716,1.2762250963284067e-05,0.8702471,1.4496788,12
717,0.0025354338580391013,1.3073398,4.3754053,2384
718,0.10324235620931368,1.3714584,12.698016,97076
719,0.00035308894331752586,1.6561213,5.637837,332
720,0.0025056552724581054,3.1182184,8.198061,2356
721,0.0020228167776805248,3.7404082,12.246847,1902
722,0.0030757024821514603,3.0804925,11.955633,2892
723,0.0011656189213132783,1.8926854,7.2568655,1096
724,0.03115265460137641,2.1142812,10.255301,29292
725,0.0012772886172420137,1.6119206,5.937803,1201
726,0.003381996505270278,2.2058053,8.197842,3180
727,0.0009975826169633713,2.2553864,9.129877,938
728,0.003836119935380469,1.9331174,8.147734,3607
729,1.0635209136070056e-06,1.552208,1.552208,1
730,0.007527601026510386,1.357106,6.6529636,7078
731,0.0006136515671512422,1.6285273,6.2359915,577
732,0.0029002215314063045,2.2125459,9.521309,2727
733,2.3397460099354124e-05,0.75602305,1.4188715,22
734,0.0033596625660845306,1.9479539,7.703291,3159
735,0.003357535524257317,1.8737609,7.399586,3157
736,0.0005434591868531799,1.7322196,7.702245,511
737,0.005381415822851448,2.885141,11.112337,5060
738,0.0020004828384947776,2.3909743,9.572871,1881
739,0.00027864247936503547,1.5820299,6.639297,262
740,0.0012538911571426596,2.587749,10.3867655,1179
741,0.002262108983242101,3.2783349,9.891549,2127
742,0.003155466550671986,3.8526232,10.111734,2967
743,0.0034617605737908034,3.2926335,11.146939,3255
744,0.0031278150069182034,4.0454454,12.029823,2941
745,0.0023567623445531244,2.3016574,8.288434,2216
746,0.0005732377724341761,1.6043278,8.3546915,539
747,0.0010039637424450133,1.2260828,6.394027,944
748,0.0004977277875680787,1.7101136,6.7463565,468
749,0.01730454878529959,2.6412072,11.643978,16271
750,0.0005275063731490748,2.5513887,6.7024817,496
751,0.0016569655833997149,3.6511495,12.188939,1558
752,0.0009890744496545152,1.2603315,5.4123325,930
753,0.0031203703605229547,1.3589287,4.669715,2934
754,0.0004679492019870825,1.2882897,5.3845973,440
755,0.0021727732264991127,2.149825,10.119271,2043
756,0.0020557859260023417,1.573075,11.326642,1933
757,0.0015335971574213022,0.8724605,4.152208,1442
758,0.003266072725687114,1.7860498,6.9451113,3071
759,0.01120206578302259,1.1165347,3.40193,10533
760,0.0010847913318791458,1.8038286,8.113075,1020
761,0.0009848203660000872,2.6415749,7.634463,926
762,0.00011486025866955661,0.90698093,2.339697,108
763,9.997096587905853e-05,1.414645,4.144394,94
764,0.0014134192941837106,2.2518435,7.5876803,1329
765,0.002880014634047771,1.2099793,3.7646294,2708
766,0.00011273321684234259,1.8023356,6.5326095,106
767,0.0012241125715616635,3.2813969,10.154974,1151
768,0.0007848784342419701,1.449067,8.136875,738
769,0.0031565300715855928,1.2974095,6.130398,2968
770,0.009857775348223335,2.1911862,8.869558,9269
771,0.0003265009204773507,1.2219937,5.0430427,307
772,0.008761285286294513,21.500349,38.797108,8238
773,0.002452479226777755,2.9512157,10.090558,2306
774,0.001868606245207509,1.6230049,8.511593,1757
775,0.0010794737273111107,1.2233846,7.583696,1015
776,0.0006221597344600983,1.1639807,4.4762897,585
777,0.000758290411401795,1.1379714,3.9985683,713
778,0.015071154866724877,1.4677782,5.6034255,14171
779,0.012856904324595091,1.598779,6.8743644,12089
780,0.0019845300247906725,2.0367882,7.3138657,1866
781,0.0010784102063975036,3.0250344,9.411902,1014
782,6.487477573002735e-05,1.3122101,3.5607386,61
783,0.001860098077898653,2.5435767,7.432619,1749
784,0.0008827223582938147,1.0827184,4.003794,830
785,0.0010348058489396165,1.5169346,7.2986107,973
786,0.011623220064810964,1.4759688,6.8532705,10929
787,0.0018632886406394738,1.6478264,5.8101554,1752
788,0.0021961706865984668,1.9082898,10.281486,2065
789,0.003558540976929041,3.6332939,11.055103,3346
790,0.002238711523142747,3.5605147,10.449587,2105
791,0.00939088966714986,36.487907,64.93566,8830
792,0.0006785263428812695,1.5183312,8.195841,638
793,0.0012443194689201965,2.1000226,7.530079,1170
794,0.003638305045449566,1.7355309,7.080207,3421
795,0.0004402976582333003,1.7022222,8.032848,414
796,0.003016145310989468,2.3168268,9.305225,2836
797,0.0014623412562096328,1.5226109,7.1053777,1375
798,0.0017250309218705632,2.110265,6.852771,1622
799,0.003794642619749796,2.2037492,7.503055,3568
800,0.004303005616453945,1.4686509,5.039683,4046
801,0.0016229329141642906,2.1530895,7.3516154,1526
802,0.0012730345335875857,1.5002639,6.210439,1197
803,0.0031820545735121606,2.3570702,11.317326,2992
804,0.0007753067460195071,1.5403676,6.628529,729
805,0.0032777714557367913,1.4643683,5.7537956,3082
806,0.0008401815217495345,1.236649,5.905923,790
807,3.615971106263819e-05,1.0104184,4.509078,34
808,0.00016484574160908588,0.8450315,3.0454633,155
809,0.004770954818441028,1.7546272,7.81138,4486
810,0.0004924101830000436,1.7143934,9.175182,463
811,0.000579618897915818,1.8516611,7.8168488,545
812,0.002140867599090902,1.6640127,5.859313,2013
813,0.0007784973087603281,3.1858528,10.943486,732
814,0.0003360726086998138,1.0310694,4.105234,316
815,0.0010007731797041922,1.7758576,7.5699916,941
816,0.0002754519166242145,1.4104687,4.743079,259
817,0.0036648930682897413,1.476889,7.8253317,3446
818,0.0018462723060217617,1.9719645,10.06103,1736
819,0.0019802759411362445,3.6364887,11.427839,1862
820,0.0001137967377559496,0.47847018,0.8291339,107
821,0.0021376770363500815,3.6294463,11.042507,2010
822,0.0024110019111470817,4.0280066,12.8650875,2267
823,0.005432464826704585,1.2162634,4.3385425,5108
824,0.000551967354162036,1.5435523,6.7960677,519
825,0.0014304356288014225,2.4046638,7.0980835,1345
826,0.007921103764544978,2.143855,8.878296,7448
827,0.007292562904603238,1.5248501,5.6396294,6857
828,0.00550159368608904,1.8857155,6.997261,5173
829,0.0006795898637948766,2.523061,9.634412,639
830,0.0012783521381556208,1.973006,5.5400825,1202
831,0.002594991029201094,2.7692864,11.540668,2440
832,0.00016909982526351389,1.4230945,4.3002934,159
833,0.0029406353261233705,2.9629219,7.655677,2765
834,0.0010369328907668305,1.4255645,7.8803167,975
835,0.003032098124693573,2.5167742,8.261093,2851
836,0.003965869486840524,2.67099,8.073185,3729
837,0.0019260363745422873,2.100044,7.609847,1811
838,0.0003211833159093157,1.3676533,3.8783813,302
839,0.001126268647509819,1.3276495,7.5437484,1059
840,0.0024184465575423308,2.7397034,8.530972,2274
841,0.0019834665038770656,2.9448023,8.124511,1865
842,1.5952813704105085e-05,0.9185535,1.4855564,15
843,0.0009975826169633713,1.8265139,8.093151,938
844,0.0002275934755118992,1.1074992,3.7706766,214
845,5.317604568035028e-06,1.2148263,1.9709696,5
846,0.0016676007925357848,1.5912014,9.943966,1568
847,0.0016856806480671038,2.5493119,8.8154955,1585
848,0.012620802681774335,1.4842374,7.051857,11867
849,0.005503720727916254,1.0845379,3.4284103,5175
850,0.0042274956315878475,1.1474806,7.314285,3975
851,0.0008571978563672465,1.4323314,4.5407763,806
852,0.0005923811488791021,1.7170649,6.207513,557
853,0.02103325310840575,1.6750501,6.0484357,19777
854,0.0017675717584148434,1.6421605,5.4242363,1662
855,0.0010039637424450133,1.1890774,4.1282573,944
856,0.023211343939472898,1.5753713,6.6591105,21825
857,0.0013836407086027143,1.5019879,10.089499,1301
858,0.0046316335787585095,1.973468,9.405663,4355
859,0.0015793285567064033,1.2933602,4.665395,1485
860,0.0026875173486849034,2.4759495,7.4908524,2527
861,0.001143284982127531,1.8817339,7.419961,1075
862,0.011388181942903816,2.9172175,10.664475,10708
863,0.0004105190726523042,1.0859151,2.9908555,386
864,0.0018537169524170108,2.7415247,7.633678,1743
865,0.002053658884175128,2.0450926,7.4149914,1931
866,0.001881368496170793,1.3974179,7.307087,1769
867,0.0023865409301341207,1.7488152,5.64224,2244
868,0.0010518221835573286,1.6404103,8.03067,989
869,0.0004179637190475532,1.6495043,9.08693,393
870,0.002120660701732369,1.4123123,6.5190744,1994
871,0.0005913176279654951,1.8187658,7.9558387,556
872,0.0006934156356717677,1.6722939,6.612234,652
873,0.0029108567405423742,2.4530342,8.609765,2737
874,0.0006104610044104212,1.2817706,5.367811,574
875,2.6588022840175142e-05,0.7982105,1.9153712,25
876,0.000189306722622047,2.0461955,7.6236606,178
877,0.004112635372918291,2.4842536,7.86739,3867
878,0.0007806243505875421,1.5884914,8.292259,734
879,0.0021344864736092604,2.3761635,12.893757,2007
880,0.006084403146745679,1.2921355,4.121692,5721
881,0.0002626896656609304,1.5241687,4.895253,247
882,0.0014485154843327417,2.3765876,10.970109,1362
883,0.0006923521147581607,2.0053403,10.380705,651
884,0.007963644601089259,2.3905706,10.395385,7488
885,0.0023280472798857354,3.5465922,11.905392,2189
886,0.0007901960388100052,3.0689828,9.914939,743
887,4.254083654428023e-05,1.1366262,3.014924,40
888,0.010463982268979329,2.6171215,8.19746,9839
889,0.0027034701623890084,3.340387,11.00202,2542
890,0.0010986171037560368,1.486436,6.1888795,1033
891,0.01031083525741992,1.6379812,7.9019527,9695
892,0.0027406933943652533,1.8093749,9.524198,2577
893,0.04056162412405759,1.2301353,5.24988,38139
894,0.0029129837823695885,2.7627692,9.58936,2739
895,1.91433764449261e-05,0.86946315,1.6144565,18
896,0.004916657183605187,2.3258913,9.114675,4623
897,0.0011815717350173833,1.9244035,9.316486,1111
898,4.041379471706622e-05,1.117319,3.3110948,38
899,0.0008263557498726433,0.9601403,3.5028765,777
900,0.004629506536931296,1.9821335,7.1622334,4353
901,0.00012655898871923366,1.0154537,2.446587,119
902,0.0005828094606566391,1.7212532,8.547697,548
903,0.0025513866717432063,1.2360824,6.392346,2399
904,0.004348737015739046,1.9577771,6.698646,4089
905,0.0008454991263175695,1.5078629,8.191077,795
906,0.0015910272867560803,1.3637643,6.229812,1496
907,0.002815139858317744,1.4509059,5.5674458,2647
908,0.007607365095030912,2.0491366,9.182957,7153
909,0.00042859892818362326,1.6105418,6.745094,403
910,0.0008412450426631415,1.4486713,6.614826,791
911,0.000551967354162036,1.4457172,5.7100067,519
912,0.0026088168010779847,3.3956215,10.256675,2453
913,0.014122494211787427,1.8178731,6.935375,13279
914,0.0010486316208165075,1.5660363,7.110934,986
915,5.849365024838531e-05,1.9694154,9.078668,55
916,0.0011751906095357411,1.3472897,6.732754,1105
917,6.806533847084836e-05,0.79803497,2.291127,64
918,3.72232319762452e-05,1.3411306,2.7709002,35
919,0.00041370963539312516,0.99751854,4.610495,389
920,0.0012379383434385546,1.3897167,8.583625,1164
921,0.002284442922427848,4.058135,12.267704,2148
922,0.002666246930412763,1.8238646,8.760035,2507
923,3.615971106263819e-05,0.84364486,1.5019196,34
924,0.0004339165327516583,1.7203307,9.3795,408
925,1.1698730049677062e-05,0.8190142,1.378096,11
926,0.0026715645349807983,2.215102,9.628988,2512
927,0.0018537169524170108,3.525763,10.051398,1743
928,0.00028821416758749853,1.047649,3.040264,271
929,0.005023009274965888,1.0841105,4.698732,4723
930,0.0004243448445291952,2.6281435,8.118999,399
931,0.00015421053247301582,1.7273756,10.454508,145
932,0.0031352596533134524,2.1406145,8.582889,2948
933,0.0008380544799223204,1.6139244,7.097848,788
934,0.00012230490506480565,2.042123,10.255634,115
935,0.0004551869510237984,1.5588713,8.82099,428
936,0.0025609583599656696,1.773699,6.1959834,2408
937,0.003243738786501367,2.5526185,9.71038,3050
938,0.0017505554237971313,2.6641405,8.805639,1646
939,0.0026205155311276617,1.5048107,6.7138033,2464
940,0.021943627010453347,1.6098288,5.3742113,20633
941,0.004356181662134295,2.0901232,8.627008,4096
942,0.0008199746243910014,2.9592955,11.3528385,771
943,0.0015197713855444111,2.9294858,9.15252,1429
944,3.1905627408210167e-06,0.83075255,1.2870225,3
945,0.00327458089299597,2.535831,7.343757,3079
946,0.0031288785278318107,2.2185938,7.898197,2942
947,0.0003126751486004597,1.7330774,8.531704,294
948,0.0003371361296134208,1.3020523,6.5246453,317
949,0.014073572249761506,1.5606167,6.7906675,13233
950,0.00021270418272140114,1.1733967,3.5855987,200
951,0.0017611906329332012,1.9865748,7.382674,1656
952,0.00042540836544280227,1.726024,7.069667,400
953,0.0015665663057431193,2.4605997,8.902316,1473
954,0.0006625735291771645,1.6381035,8.203237,623
955,0.003006573622767005,1.7233403,7.884278,2827
956,0.001314511849218259,1.0941007,3.1453483,1236
957,0.0007008602820670168,1.5670267,6.0693245,659
958,1.0635209136070057e-05,0.6204819,1.1195277,10
959,0.002156820412795007,1.4532118,6.1518016,2028
960,0.012097550392279688,1.8246235,8.726659,11375
961,0.002871506466738915,2.7294805,7.818426,2700
962,0.00010635209136070057,1.385109,4.1220136,100
963,0.0038297388098988273,2.3764691,8.514281,3601
964,0.00039031217529377106,1.4358345,8.606224,367
965,0.0005338874986307168,1.9155202,7.7751284,502
966,0.002627960177522911,2.0826905,9.149899,2471
967,0.0007657350577970441,1.4762499,5.227211,720
968,0.0019430527091599992,2.95326,10.996785,1827
969,6.274773390281333e-05,1.0532727,3.0850563,59
970,0.01508817120134259,1.5203145,6.906131,14187
971,0.002397176139270191,2.1050897,8.7592945,2254
972,0.002862998299430059,2.2950552,9.123931,2692
973,0.001886686100738828,1.2483919,6.2559595,1774
974,0.0030831471285467094,2.3118289,12.004794,2899
975,0.00015740109521383683,0.91992366,2.405941,148
976,0.0008571978563672465,1.2682639,4.1557927,806
977,0.006597020227104256,2.453803,8.985701,6203
978,0.00027864247936503547,1.8370547,9.447272,262
979,0.0017803340093781274,2.942178,8.834773,1674
980,0.0008518802517992115,1.4917101,7.59144,801
981,1.3825771876891073e-05,0.7816626,1.3595872,13
982,0.0032490563910694023,1.610211,5.3422637,3055
983,0.00037542288250327297,1.3451449,4.9030085,353
984,0.008877209065877675,4.5362816,7.9041033,8347
985,0.0002648167074881444,2.145809,10.52395,249
986,0.02265299545982922,5.1300507,13.506775,21300
987,0.0058972234659508465,1.0090874,3.488351,5545
988,0.0005913176279654951,1.9340166,9.233015,556
989,0.0016388857278683956,2.0812047,6.189129,1541
990,0.0007965771642916473,1.5595876,6.4785256,749
991,0.0023961126183565835,1.2199979,4.2569466,2253
992,0.00032331035773652974,1.4398882,6.214672,304
993,0.011911434232398464,1.4867427,6.153081,11200
994,0.0004530599091965844,1.1771361,4.1909814,426
995,3.190562740821017e-05,0.87919116,2.0562396,30
996,0.002670501014067191,1.7977355,7.03752,2511
997,0.0012889873472916908,1.772077,6.5633483,1212
998,0.0021078984507690852,1.5600145,7.5660186,1982
999,0.00014463884425055276,1.5685437,5.778256,136
1000,0.00021802178728943616,0.7601971,4.5621443,205
1001,0.0003413902132678488,0.8020958,1.6070454,321
1002,0.01006941601003113,1.6934706,9.634881,9468
1003,0.007068159991832159,1.8212895,12.711859,6646
1004,0.07325638405016416,6.9413743,24.7244,68881
1005,0.0008125299779957523,1.5997213,5.9297442,764
1006,0.001900511872615719,2.555023,8.120941,1787
1007,0.003592573646164465,2.3890626,8.657784,3378
1008,0.0011645554003996712,2.9952068,10.834119,1095
1009,4.7858441112315255e-05,0.8486485,1.3921475,45
1010,0.002497147105149249,3.3647246,10.1091585,2348
1011,0.00010209800770627253,1.6152847,6.880135,96
1012,0.00023184755916632723,1.1941116,4.5654163,218
1013,0.0008614519400216746,1.0251697,4.8906994,810
1014,0.00030735754403242465,1.081659,3.245825,289
1015,0.01892322761580945,1.4497931,5.8832088,17793
1016,0.007571205383968273,1.4149983,5.6271563,7119
1017,0.0048049874876764515,2.0178738,9.047053,4518
1018,0.006030163580151722,1.1989411,5.5975165,5670
1019,0.00170482402451203,1.5349625,6.217796,1603
1020,0.004011600886125625,1.7443961,6.414546,3772
1021,0.000561539042384499,1.6802129,6.0356016,528
1022,0.0008550708145400325,1.521988,5.9516315,804
1023,0.0014400073170238855,1.6185609,5.8264465,1354
1024,0.0006487477573002735,2.7871544,8.880844,610
1025,0.00203876959138463,2.7840967,10.573229,1917
1026,0.0016665372716221777,2.1191483,7.0003753,1567
1027,0.0008316733544406784,1.0600401,4.109062,782
1028,0.0024141924738879028,2.8789725,9.04569,2270
1029,0.003740403053155839,1.8133322,5.529896,3517
1030,8.295463126134644e-05,0.8102014,2.1327717,78
1031,0.0010401234535076516,2.818516,9.493026,978
1032,0.004810305092244486,3.141755,10.123074,4523
1033,0.005016628149484246,1.758417,7.903488,4717
1034,0.0029831761626676508,1.8045459,7.787489,2805
1035,0.0029874302463220787,2.220153,8.712681,2809
1036,0.0003211833159093157,1.6504183,9.049033,302
1037,0.004871989305233693,2.3436148,9.636703,4581
1038,0.0002244029127710782,2.0610526,10.289381,211
1039,0.001878177933429972,1.4126651,6.0243473,1766
1040,0.0017792704884645205,1.1778731,5.9764338,1673
1041,0.0010784102063975036,1.7156428,9.117011,1014
1042,0.0010975535828424297,2.1287565,9.107901,1032
1043,0.0008529437727128185,1.3579935,5.6658473,802
1044,0.0006125880462376352,1.4523226,5.5408306,576
1045,0.008628345172093637,17.955414,34.024437,8113
1046,0.0018186207622679796,3.6614106,12.4911375,1710
1047,0.0002658802284017514,1.0286398,2.414807,250
1048,0.0074712344180892145,1.8537984,5.5339446,7025
1049,0.00038393104981212904,1.6780553,6.482199,361
1050,0.00017760799257236993,2.402639,13.049902,167
1051,0.005440972994013441,2.3056946,9.596167,5116
1052,0.0001499564488185878,1.1063441,5.396526,141
1053,0.007047953094473626,1.5000455,6.8773155,6627
1054,0.0007423375976976899,1.2954081,4.9749217,698
1055,0.0033213758131946784,1.5120765,7.9089665,3123
1056,0.00018079855531319097,1.5466757,8.245238,170
1057,0.003944599068568384,4.520613,12.858964,3709
1058,0.0005923811488791021,1.5752735,8.007446,557
1059,0.04565269873749432,1.2084682,4.533758,42926
1060,0.003341582710553212,1.063894,3.3467286,3142
1061,4.041379471706622e-05,0.7592308,1.5589777,38
1062,0.0016750454389310339,2.2191052,10.31414,1575
1063,0.009397270792631501,36.241226,61.72291,8836
1064,0.015693314601184977,1.6895677,6.7057796,14756
1065,0.0019802759411362445,1.4935588,5.3847528,1862
1066,0.0032841525812184334,1.0859398,4.942954,3088
1067,0.007160686311315969,2.0206623,8.527999,6733
1068,4.147731563067322e-05,1.227114,3.8509429,39
1069,0.0016484574160908587,2.5553207,7.927226,1550
1070,0.0005987622743607442,1.6329408,8.6523695,563
1071,0.0016112341841146135,1.8054854,9.838184,1515
1072,0.00267794566046244,2.2869854,7.147107,2518
1073,0.010209800770627254,1.1644422,4.140936,9600
1074,0.0008614519400216746,1.5438433,9.2019,810
1075,0.006748040196836451,1.3233694,4.377433,6345
1076,5.9557171161992314e-05,0.9141749,1.9313701,56
1077,4.254083654428023e-05,1.1447535,2.818138,40
1078,0.005710043785156013,1.5373842,5.7589417,5369
1079,0.0001680363043499069,1.1150422,4.6706305,158
1080,0.00013932123968251773,1.064879,2.5216749,131
1081,0.0003265009204773507,1.49986,10.208104,307
1082,0.0002424827683023973,2.009863,11.606812,228
1083,0.0007965771642916473,1.8276141,8.348176,749
1084,0.0006508747991274875,1.4021493,6.386516,612
1085,0.0009826933241728732,1.4417782,5.2185054,924
1086,0.0004615680765054404,1.2844679,4.0507903,434
1087,0.0025481961090023856,1.2405128,5.248569,2396
1088,0.0017867151348597695,3.3073823,11.110418,1680
1089,0.015316828197768095,2.40423,11.054557,14402
1090,0.0006317314226825613,1.4862151,5.960453,594
1091,0.001692061773548746,1.5537775,5.7808523,1591
1092,0.0016186788305098626,1.258056,6.9340653,1522
1093,0.0012294301761296986,1.7634544,8.267626,1156
1094,0.002903412094147125,1.8640907,7.195951,2730
1095,0.0014304356288014225,1.3042634,6.807881,1345
1096,0.000550903833248429,1.6026859,11.532097,518
1097,0.008540072936264255,2.7010372,10.78373,8030
1098,0.00040520146808426915,1.2673018,6.138799,381
1099,0.00480179692493563,3.1261947,8.536248,4515
1100,0.0034904756384581924,2.7365248,7.8142114,3282
1101,0.061046100441042125,0.9589382,4.1240015,57400
1102,0.0019398621464191783,1.7300128,7.137841,1824
1103,0.0018207478040951936,3.981371,12.989916,1712
1104,0.0004232813236155882,1.6739895,7.326271,398
1105,1.2762250963284067e-05,0.8426016,1.3372884,12
1106,0.04244937374571002,0.8487698,2.761782,39914
1107,1.2762250963284067e-05,1.1016973,1.7025561,12
1108,0.00018079855531319097,1.168335,4.2673755,170
1109,0.001320892974699901,1.1238754,4.491944,1242
1110,0.026800727022896542,1.0387752,4.3692417,25200
1111,0.004278544635440983,2.603925,9.3696785,4023
1112,0.0016410127696956096,2.9110885,8.560549,1543
1113,0.0003966933007754131,1.6073778,6.8626666,373
1114,0.0003562795060583469,1.4892066,4.9952846,335
1115,0.0031501489461039506,2.38416,10.311618,2962
1116,0.0023961126183565835,3.9501126,12.859144,2253
1117,0.0018632886406394738,1.5235676,7.017628,1752
1118,0.0028895863222702343,2.6586092,8.113577,2717
1119,0.001915401165406217,1.6006502,7.7851257,1801
1120,0.005768537435404398,2.3116758,10.118455,5424
1121,0.004193462962352423,1.8169624,9.988499,3943
1122,0.00048709257843200857,1.2565848,4.355442,458
1123,0.00019143376444926102,1.845441,6.074901,180
1124,0.001491056320877022,3.2498405,8.745818,1402
1125,0.0004924101830000436,2.0852342,6.0249934,463
1126,0.002469495561395467,1.2504071,5.867612,2322
1127,0.0013708784576394303,3.2522118,12.208531,1289
1128,0.00020419601541254507,2.077115,8.578568,192
1129,0.002156820412795007,1.3827746,6.0893016,2028
1130,0.0017962868230822326,2.6691656,9.181343,1689
1131,0.0031044175468188493,1.8652066,6.0357695,2919
1132,0.00242589120393758,2.119101,7.3528748,2281
1133,5.104900385313627e-05,1.7740871,6.7048383,48
1134,0.00012762250963284068,2.4695513,11.638209,120
1135,0.0003573430269719539,1.6020834,6.1295,336
1136,0.00056472960512532,1.1985129,3.8211641,531
1137,0.0016208058723370766,2.4290748,8.074889,1524
1138,0.00021695826637582914,1.6583151,4.6274543,204
1139,2.233393918574712e-05,1.2866732,2.7114046,21
1140,0.003155466550671986,1.5795975,9.196253,2967
1141,0.000950787696764663,2.2556992,12.058988,894
1142,0.00149531040453145,1.5733469,6.4402556,1406
1143,0.007183020250501716,1.5149806,8.838209,6754
1144,0.005815332355603107,2.5201764,8.793293,5468
1145,0.003823357684417185,1.9100504,7.006326,3595
1146,0.008931448632471634,2.670254,8.178881,8398
1147,0.0017463013401427033,1.892125,7.3994975,1642
1148,0.014086334500724789,2.2863002,7.4449472,13245
1149,0.006632116417253287,1.3673697,5.945592,6236
1150,0.0018016044276502675,1.6260881,7.3180428,1694
1151,0.000565793126038927,1.6275004,7.29562,532
1152,0.0018250018877496216,1.6867807,5.636614,1716
1153,0.0030597496684473553,2.2048306,6.9776363,2877
1154,0.0020483412796070927,3.1800385,9.125259,1926
1155,0.0029140473032831953,1.6152028,7.212274,2740
1156,0.0017314120473522052,1.3916801,5.861235,1628
1157,0.0037701816387368347,1.3080989,6.955663,3545
1158,0.0008412450426631415,1.4903257,7.2453866,791
1159,0.0014591506934688117,1.4461379,5.3213086,1372
1160,0.007161749832229576,1.2681473,6.1552005,6734
1161,9.146279857020248e-05,0.7781033,1.742442,86
1162,0.009973699127806499,1.8274392,7.7019277,9378
1163,0.00016909982526351389,1.7526205,9.136865,159
1164,0.003459633531963589,1.7985022,5.671726,3253
1165,7.65735057797044e-05,0.8380792,1.6545157,72
1166,8.827223582938147e-05,1.2614923,4.591099,83
1167,0.0025747841318425604,3.349392,11.606521,2421
1168,0.003913756962073781,1.6479652,6.438978,3680
1169,0.0019728312947409955,1.2790939,5.0561686,1855
1170,0.03290001946243272,1.6889721,7.1171417,30935
1171,0.003392631714406348,3.5594003,11.752327,3190
1172,0.002880014634047771,3.2545843,12.07974,2708
1173,0.00036691471519441696,1.4172767,4.909918,345
1174,0.0029810491208404366,1.2603557,8.428233,2803
1175,0.0004892196202592226,1.307399,8.773933,460
1176,0.0021557568918814003,2.1906126,8.626979,2027
1177,0.0014846751953953798,1.4731929,4.957743,1396
1178,0.0005285698940626817,1.6440951,6.4742475,497
1179,0.004729477502810354,2.9869246,10.688319,4447
1180,0.0017356661310066331,3.5668314,11.859906,1632
1181,0.0006572559246091295,1.3009746,5.423458,618
1182,0.0021759637892399333,4.159769,11.458064,2046
1183,0.0012283666552160915,2.0227978,6.9535675,1155
1184,0.002428018245764794,2.529336,10.498819,2283
1185,0.00324267526558776,2.3174183,8.322642,3049
1186,0.0007317023885616198,1.5077469,6.887012,688
1187,0.004797542841281202,2.0708082,10.173832,4511
1188,0.005105963906227234,1.8669491,10.036888,4801
1189,0.002899158010492697,4.009805,12.818403,2726
1190,0.0012166679251664145,2.1163743,6.56606,1144
1191,0.001313448328304652,1.2032737,4.2146535,1235
1192,0.0010411869744212585,2.0531304,7.260954,979
1193,0.0007901960388100052,1.3707474,5.2430754,743
1194,0.0031490854251903437,1.8598088,6.7425027,2961
1195,0.00025524501926568136,1.0727922,4.8322735,240
1196,0.0025481961090023856,3.1123502,10.027064,2396
1197,0.007953009391953187,1.5960966,10.171523,7478
1198,0.0045859021794734086,2.3572402,9.249257,4312
1199,0.009061198183931687,2.7704892,8.360409,8520
1200,5.4239566593957285e-05,1.3108678,4.284156,51
1201,0.003790388536095368,3.238969,10.213265,3564
1202,0.0002818330421058565,1.4553456,5.463812,265
1203,0.0014187368987517454,2.870432,10.155199,1334
1204,0.00732021444835702,1.7840241,6.5655007,6883
1205,0.000570047209693355,1.4257938,7.017359,536
1206,0.0007838149133283631,1.7080444,8.526731,737
1207,0.0007061778866350517,1.3765433,6.3370624,664
1208,0.0014283085869742085,1.2247314,6.5607805,1343
1209,8.614519400216745e-05,1.5935259,7.7473125,81
1210,0.031843943195220964,0.73216975,2.2061114,29942
1211,0.005130424887240195,1.7496705,7.92915,4824
1212,0.06788241287370796,1.0326252,4.976943,63828
1213,0.0013761960622074652,1.192673,5.381181,1294
1214,0.003999902156075948,1.4211314,6.776034,3761
1215,0.0007412740767840829,1.5820296,4.953886,697
1216,0.020324948179943486,1.1071362,4.211711,19111
1217,9.35898403974165e-05,0.9198476,1.9230099,88
1218,0.001330464662922364,2.8357651,10.314995,1251
1219,0.0024110019111470817,3.7491953,13.785786,2267
1220,0.0003052305022052106,1.0063438,5.2557435,287
1221,0.0005881270652246741,1.3271986,5.4600635,553
1222,0.00016909982526351389,0.7162021,1.6379895,159
1223,0.0005338874986307168,1.1401696,3.616276,502
1224,0.0014921198417906288,1.013362,3.8334305,1403
1225,0.0013847042295163214,1.9130138,7.8571215,1302
1226,0.002299332215218346,2.3180826,9.083931,2162
1227,0.0023822868464796927,4.2380347,11.862961,2240
1228,0.004129651707536003,2.243893,7.444743,3883
1229,0.0034500618437411264,2.474192,7.0494175,3244
1230,0.0016761089598446408,1.471884,5.6869454,1576
1231,0.0010518221835573286,1.3134115,5.589617,989
1232,0.001101807666496858,1.2398394,5.6925397,1036
1233,0.00021483122454861513,1.7416791,8.701965,202
1234,0.006792708075207945,1.0697743,4.6594133,6387
1235,0.0012124138415119865,1.3798969,4.0420814,1140
1236,0.0013698149367258232,2.1710134,9.533091,1288
1237,0.001334718746576792,2.5965223,6.9487295,1255
1238,0.003397949318974383,1.2068436,4.2458572,3195
1239,0.0025481961090023856,3.44033,10.721813,2396
1240,0.00028608712576028454,1.6922543,7.0492435,269
1241,0.0046454593506354,3.3472831,10.549931,4368
1242,9.57168822246305e-06,0.90000325,1.1258011,9
1243,0.0018143666786135516,3.2745624,12.376788,1706
1244,0.00029459529306914055,1.4434049,7.610983,277
1245,0.00042753540727001626,1.6495903,8.108855,402
1246,0.009346221788778366,36.82217,63.142467,8788
1247,0.0012751615754147997,1.963338,8.90794,1199
1248,0.0012464465107474105,1.6225346,8.779602,1172
1249,6.274773390281333e-05,1.6410916,7.1712017,59
1250,0.0021982977284256805,1.5391259,5.83099,2067
1251,0.006602337831672291,1.7687479,9.156559,6208
1252,0.0021440581618317233,1.425253,6.5433197,2016
1253,0.0013613067694169673,1.8471302,8.631658,1280
1254,0.011205256345763411,1.8003465,9.155551,10536
1255,0.0030757024821514603,1.7458098,7.8389707,2892
1256,1.0635209136070057e-05,0.7570982,1.432387,10
1257,0.0072659748817630624,1.7687472,9.664629,6832
1258,0.0027321852270563974,1.5212892,6.6040645,2569
1259,0.0018728603288619369,1.2038982,5.3612347,1761
1260,0.0017654447165876294,1.4899215,5.1815257,1660
1261,0.002289760526995883,2.0086718,9.123268,2153
1262,0.003981822300544629,1.4725335,5.0149794,3744
1263,0.0008944210883434918,1.8223919,8.675074,841
1264,0.0005158076430993977,1.5685611,5.764817,485
1265,0.0030874012122011373,3.6210306,12.524318,2903
1266,0.0025024647097172843,1.4664706,6.818597,2353
1267,0.002282315880600634,2.1670501,9.480257,2146
1268,0.0023429365726762336,3.5688758,10.66283,2203
1269,0.004763510172045778,2.8078482,10.795467,4479
1270,0.0017271579636977772,1.6284727,6.5177035,1624
1271,0.0002765154375378215,1.3861059,4.6115584,260
1272,0.03405606669552354,2.2341323,8.751719,32022
1273,0.004391277852283326,2.1311343,9.155542,4129
1274,0.0038563268327390025,1.8566401,9.069844,3626
1275,0.001514453780976376,1.4383308,7.1752133,1424
1276,0.009087786206771862,1.5523297,6.3668237,8545
1277,0.0006678911337451996,1.9577662,7.824666,628
1278,0.00017760799257236993,2.7966585,7.8930364,167
1279,0.0004775208902095455,1.7527306,6.587442,449
1280,8.720871491577446e-05,0.94697034,2.7807496,82
1281,0.00011911434232398463,0.8356369,2.171337,112
1282,0.0009103739020475968,1.5835191,8.483414,856
1283,0.003183118094425768,2.0423,8.676492,2993
1284,3.296914832181717e-05,1.1375426,3.6240945,31
1285,0.0019398621464191783,1.1615508,4.229554,1824
1286,0.0021876625192896104,3.0627265,8.577116,2057
1287,0.0029268095542464793,2.25948,12.9196005,2752
1288,0.001892003705306863,1.1803455,6.6792197,1779
1289,0.0017505554237971313,1.8610598,7.5602736,1646
1290,0.0009156915066156319,2.0214007,9.467728,861
1291,0.010097067553784912,1.6347697,5.0263453,9494
1292,1.0635209136070056e-06,0.8655052,0.8655052,1
1293,0.000580682418829425,1.1417114,3.6187956,546
1294,0.062306372723666424,1.5189538,8.488912,58585
1295,0.0031586571134128065,1.567368,6.4027505,2970
1296,0.004457216148926961,1.1780875,5.0746613,4191
1297,0.0008667695445897096,1.0028389,5.45706,815
1298,0.0007189401375983358,1.0326374,4.348076,676
1299,0.0027279311434019694,1.3887691,11.599692,2565
1300,0.0014378802751966715,2.550399,8.226903,1352
1301,0.0014676588607776678,2.400101,8.483137,1380
1302,0.000567920167866141,2.4791088,8.701217,534
1303,0.0010730926018294687,3.4914463,10.434349,1009
1304,0.02614453461920102,2.3399484,9.461224,24583
1305,0.00439340489411054,2.0866103,5.767952,4131
1306,0.0012251760924752704,1.1472051,4.540523,1152
1307,0.038231449802344636,1.448745,6.5706353,35948
1308,0.002299332215218346,2.8867092,9.819624,2162
1309,0.0010528857044709355,2.7681882,7.592982,990
1310,0.0014559601307279908,1.300475,5.2066045,1369
1311,4.2540836544280225e-06,0.61180145,0.79901063,4
1312,0.001899448351702112,1.4790627,7.8583455,1786
1313,0.0004466787837149424,1.7648618,8.214946,420
1314,0.0016973793781167809,1.1846082,4.3178563,1596
1315,0.00034564429692227684,1.4003483,6.1830196,325
1316,5.5303087507564294e-05,0.8726984,1.8540162,52
1317,0.0034468712810003053,3.2710278,10.680142,3241
1318,6.487477573002735e-05,0.83948207,1.6928649,61
1319,0.0008082758943413243,1.6920673,8.222542,760
1320,0.00951532161404188,36.427593,64.44303,8947
1321,0.011945466901633887,2.0564413,9.145261,11232
1322,0.0017643811956740223,2.2465136,7.818606,1659
1323,0.0005583484796436779,1.3242725,5.168815,525
1324,0.0019664501692593533,3.7095935,11.696197,1849
1325,0.0012655898871923366,1.4487971,5.717653,1190
1326,0.001334718746576792,2.4915652,8.207793,1255
1327,0.0009178185484428459,2.146475,9.719247,863
1328,0.0002690707911425724,1.3954786,8.852594,253
1329,0.002459923873173004,2.6358132,7.5245304,2313
1330,0.000377549924330487,1.2340983,5.2399063,355
1331,0.0007667985787106511,1.4216241,6.7152743,721
1332,0.013835343565113536,3.4316025,12.001382,13009
1333,0.0004243448445291952,1.3933697,5.532798,399
1334,0.0031703558434624836,1.8246173,6.435297,2981
1335,0.0021780908310671475,3.7063415,12.510189,2048
1336,0.0005987622743607442,2.378331,10.993643,563
1337,0.0021738367474127196,3.5305216,12.523605,2044
1338,0.0017367296519202402,1.2946576,4.5423245,1633
1339,0.0002594991029201094,0.9498209,3.2396927,244
1340,0.0007965771642916473,2.1672838,9.425643,749
1341,0.0030884647331147442,2.2546935,10.569024,2904
1342,0.007892388699877588,2.064656,7.6262403,7421
1343,0.0003179927531684947,1.3410399,4.793141,299
1344,0.0010273612025443674,1.6226131,8.492094,966
1345,0.01476805140634688,1.4092641,3.6076913,13886
1346,0.004474232483544673,1.750823,7.77776,4207
1347,0.01528279552853267,1.1562614,5.4578385,14370
1348,0.0024354628921600427,1.4027225,5.3898954,2290
1349,0.0004700762438142965,1.3422707,5.2229605,442
1350,0.00732021444835702,1.944593,7.147603,6883
1351,6.381125481642033e-06,1.94188,3.9899654,6
1352,0.0021515028082269723,1.7217278,6.3463492,2023
1353,0.00922391688371356,0.975967,3.6909094,8673
1354,2.1270418272140113e-06,0.6971039,0.73381937,2
1355,0.0014357532333694576,3.6029203,13.929207,1350
1356,0.0003360726086998138,1.4014003,8.249142,316
1357,0.00042647188635640927,1.6380284,5.851128,401
1358,0.0008380544799223204,1.7239224,10.119967,788
1359,0.0006179056508056703,1.8486868,7.0936337,581
1360,0.002594991029201094,2.1386535,6.2571974,2440
1361,0.006126943983289959,2.0406766,9.499863,5761
1362,0.00040839203082509014,1.4341818,5.9190717,384
1363,0.028202447587030575,2.286188,11.386951,26518
1364,0.0009199455902700599,1.9670542,8.956587,865
1365,0.001525088990112446,1.7077955,6.0681643,1434
1366,0.00040626498899787615,1.1857202,4.180906,382
1367,0.005388860469246698,1.7184318,6.4914527,5067
1368,0.0005870635443110671,1.3775896,8.647787,552
1369,0.0023907950137885487,2.0517986,8.077379,2248
1370,9.997096587905853e-05,1.1930481,5.1644063,94
1371,0.00027864247936503547,1.4285643,6.173057,262
1372,0.0018749873706891509,2.5542698,8.015817,1763
1373,2.8715064667389152e-05,1.0671605,1.9275763,27
1374,0.0005360145404579308,0.80361396,2.403297,504
1375,0.0029023485732335183,3.848891,8.859739,2729
1376,0.004468914878976638,2.2836757,6.320725,4202
1377,0.0011741270886221342,1.5365437,8.822638,1104
1378,0.006456635466508131,2.0696144,6.6537204,6071
1379,0.00321076963817955,1.6336509,7.0745096,3019
1380,1.5952813704105085e-05,1.4292728,4.872441,15
1381,0.0012060327160303443,1.5422904,7.69037,1134
1382,0.0005455862286803939,1.4632888,8.187928,513
1383,1.1698730049677062e-05,0.70299774,0.9950805,11
1384,0.024114273195125244,1.81221,6.787275,22674
1385,0.005027263358620315,1.9533821,7.5403624,4727
1386,0.005412257929346052,1.5015724,6.0310135,5089
1387,0.00048709257843200857,1.661622,9.580352,458
1388,0.0044582796698405674,2.7789423,11.331298,4192
1389,0.00012336842597841265,1.2641051,3.9372358,116
1390,0.02140016782360017,1.2142285,5.716285,20122
1391,0.0019568784810368904,2.8476772,7.660676,1840
1392,0.0029289365960736935,0.9959169,4.2494063,2754
1393,0.0026524211585358722,2.5434735,10.367161,2494
1394,0.0025715935691017397,1.1046525,5.0715528,2418
1395,0.0034851580338901575,1.730829,7.3186007,3277
1396,0.00014357532333694577,1.7533852,9.539825,135
1397,0.0013751325412938583,2.9359522,11.065852,1293
1398,0.0002892776885011055,1.029935,3.7801514,272
1399,0.00012017786323759164,1.7965195,6.7163877,113
1400,0.0019185917281470382,1.440299,7.840804,1804
1401,0.002651357637622265,2.589887,10.078438,2493
1402,0.0015378512410757301,1.7010309,6.9880114,1446
1403,0.0004147731563067322,1.7778074,7.340718,390
1404,0.0016346316442139676,1.6644232,7.466401,1537
1405,0.022852937391587336,1.1750355,3.4308922,21488
1406,0.012169869814404965,1.9022343,6.1838427,11443
1407,0.0006870345101901256,2.3000467,8.844175,646
1408,0.00029246825124192656,1.825498,7.394353,275
1409,0.040424429926202286,0.7652186,2.4037611,38010
1410,0.002658802284017514,1.3318596,5.0105443,2500
1411,0.03337115922716062,0.86281073,4.324549,31378
1412,0.004063713410892369,2.3114355,9.831239,3821
1413,8.295463126134644e-05,0.7584622,1.6702287,78
1414,0.0012900508682052979,1.4029899,6.060321,1213
1415,0.0023961126183565835,1.1146215,4.3703136,2253
1416,0.002094072678892194,1.8830389,6.660312,1969
1417,0.0011209510429417838,1.6167849,6.3145647,1054
1418,0.00829652664704825,2.2177553,8.833448,7801
1419,0.01386299510886732,1.1271936,10.3847,13035
1420,5.104900385313627e-05,0.8365414,1.4970874,48
1421,0.0013698149367258232,1.453946,5.593601,1288
1422,0.002504591751544498,1.9710801,7.7950587,2355
1423,0.002821520983799386,2.8076284,10.428287,2653
1424,0.00019781488993090305,1.2950636,6.5283813,186
1425,0.0005849365024838531,1.9456359,7.6712174,550
1426,0.002045150716866272,2.6909702,8.059879,1923
1427,0.027379282399898754,0.9956637,7.422803,25744
1428,0.001686744168980711,3.063838,10.908547,1586
1429,0.00245779683134579,2.4181201,9.950545,2311
1430,0.0025269256907302453,2.8794987,9.281627,2376
1431,0.005210188955760721,2.7993085,9.830477,4899
1432,0.0022972051733911323,1.346242,6.528097,2160
1433,0.00010316152861987954,0.8405826,2.0997343,97
1434,0.0027821707099959267,2.8543234,11.000839,2616
1435,0.01659730737775093,1.6977856,5.424113,15606
1436,0.004895386765333047,1.6740211,5.078319,4603
1437,0.0029491434934322265,1.5107424,7.718814,2773
1438,0.0040424429926202285,1.4961565,6.7772613,3801
1439,0.001887749621652435,1.0014335,5.3499417,1775
1440,0.001309194244650224,1.7847434,5.8381705,1231
1441,0.0023376189681081983,1.7658265,8.375151,2198
1442,0.0003626606315399889,1.1773258,7.1552258,341
1443,0.0015708203893975473,1.549028,7.19078,1477
1444,0.00033926317144063477,1.4813706,6.2260275,319
1445,0.0024035572647518326,2.8946002,10.926603,2260
1446,0.0015378512410757301,2.9646125,7.9787264,1446
1447,0.0077222253537004674,1.1630136,4.308984,7261
1448,0.028005696218013278,4.0446014,12.040543,26333
1449,0.00022014882911665015,0.83589435,2.1789393,207
1450,0.0023620799491211597,3.4642122,13.376954,2221
1451,0.0015527405338662283,2.2183638,7.855722,1460
1452,0.0027417569152788607,3.0114095,10.068917,2578
1453,0.002464177956827432,3.7956102,10.581555,2317
1454,0.0026885808695985103,2.0911014,7.6452737,2528
1455,0.0031778004898577327,3.122019,11.89329,2988
1456,0.0017813975302917345,2.394675,7.5149355,1675
1457,0.005358018362752094,1.3777993,7.1263423,5038
1458,0.002236584481315533,1.9067,8.316916,2103
1459,0.0005891905861382811,1.778184,7.6824627,554
1460,5.7430129334778304e-05,1.1378692,3.9297612,54
1461,0.002309967424354416,1.9505014,8.453741,2172
1462,0.00023610164282075524,0.976139,4.069892,222
1463,0.00012124138415119864,1.8081242,8.853124,114
1464,0.0006732087383132346,3.1058512,9.554217,633
1465,0.0009029292556523477,1.3462327,5.381643,849
1466,0.001532533636507695,1.7178384,5.8790298,1441
1467,0.002314221508008844,2.0181472,9.278772,2176
1468,0.0030937823376827795,3.5089571,11.023003,2909
1469,0.011312671958037718,1.1043668,3.5306702,10637
1470,0.0008550708145400325,1.5966647,8.2146635,804
1471,5.6366608421171295e-05,1.1453195,3.2348874,53
1472,0.0004551869510237984,1.5307195,9.65618,428
1473,0.058984996910471744,0.8450811,3.530036,55462
1474,0.0009146279857020249,1.3253855,9.100729,860
1475,0.0015527405338662283,1.7722648,7.595933,1460
1476,0.001343226913885648,1.7321286,8.834106,1263
1477,0.0006381125481642034,1.2260656,4.555413,600
1478,0.0014049111268748544,0.968593,3.694627,1321
1479,0.006809724409825657,1.2375395,4.174645,6403
1480,0.002633277782090946,3.8238435,12.866184,2476
1481,0.00010635209136070057,1.1086588,3.3134193,100
1482,0.003804214307972259,2.502802,9.400349,3577
1483,0.005641978446685165,1.7181592,6.3138013,5305
1484,0.0028459819648123472,1.4495125,5.949593,2676
1485,7.019238029806238e-05,1.2030073,4.3420315,66
1486,0.0025662759645337044,2.5710502,7.068721,2413
1487,0.0014836116744817729,4.0482984,13.10114,1395
1488,0.00042540836544280227,1.8308581,5.720231,400
1489,0.00025099093561125333,1.2136955,4.290518,236
1490,0.001686744168980711,2.3160925,8.420277,1586
1491,0.0025960545501147007,1.7681297,6.7503386,2441
1492,0.0019302904581967152,1.6053101,6.317158,1815
1493,0.0002244029127710782,1.8575654,6.7986536,211
1494,0.00022546643368468518,1.344398,6.8383136,212
1495,0.0018143666786135516,1.3151368,7.6037383,1706
1496,0.00019568784810368903,2.1085594,11.962645,184
1497,0.0011666824422268852,1.8375992,5.6795034,1097
1498,0.0017484283819699173,1.5823216,8.402404,1644
1499,0.007302134592825701,1.7999097,7.3200727,6866
1500,0.0012209220088208424,1.8303303,7.045792,1148
1501,0.015335971574213021,1.0172076,3.4601822,14420
1502,0.008199746243910013,1.3691616,6.270494,7710
1503,0.0009337713621469509,2.5213845,10.884491,878
1504,0.008466689993225371,2.1129527,7.7853785,7961
1505,0.0007529728068337599,1.5861334,9.039965,708
1506,0.0013379093093176132,1.7861993,6.635791,1258
1507,0.002430145287592008,2.5814471,8.036933,2285
1508,0.010252341607171533,0.88220197,3.0393605,9640
1509,0.0004179637190475532,1.0521864,5.3100076,393
1510,0.0026843267859440823,1.6709383,5.7699122,2524
1511,0.000189306722622047,1.1635321,3.1883326,178
1512,0.0004753938483823315,1.7094024,9.958178,447
1513,0.007443582874335432,2.1838126,9.611034,6999
1514,0.0004392341373196933,2.0807073,8.345659,413
1515,0.001510199697321948,1.7388682,9.037566,1420
1516,0.0018483993478489757,2.6847308,10.112654,1738
1517,0.007045826052646412,1.0718178,4.5755587,6625
1518,0.00017441742983154891,1.2323368,3.370479,164
1519,0.0018218113250088007,1.575616,6.2097473,1713
1520,0.004785844111231525,1.462568,6.803935,4500
1521,0.0006296043808553473,1.2139187,5.6139407,592
1522,6.487477573002735e-05,1.3806019,3.3874102,61
1523,0.0012698439708467646,2.1512775,6.732857,1194
1524,0.0019941017130131354,3.7393954,11.520325,1875
1525,4.254083654428023e-05,1.3268734,3.69609,40
1526,0.0012219855297344495,1.2819008,5.5519915,1149
1527,9.35898403974165e-05,1.3520222,3.688726,88
1528,4.2540836544280225e-06,1.0206561,1.5815393,4
1529,0.0002616261447473234,1.9416804,10.840731,246
1530,0.00055409439598925,1.6444639,5.6710544,521
1531,7.125590121166937e-05,1.0225985,3.1088264,67
1532,0.002100453804373836,3.8155003,12.843758,1975
1533,0.0025524501926568136,2.2662642,6.923432,2400
1534,0.0014463884425055277,1.7167014,6.293253,1360
1535,0.033630658330080734,1.1671253,3.8939734,31622
1536,0.0006008893161879582,2.1954396,7.556525,565
1537,0.0018345735759720846,2.259789,9.703876,1725
1538,0.0052240147276376115,3.9783006,9.813846,4912
1539,0.0045103921946073105,1.8537716,6.9154606,4241
1540,0.0013602432485033602,1.3315077,4.9317656,1279
1541,0.006476842363866664,1.4142287,9.990754,6090
1542,0.0001297495514600547,0.75577,1.7352381,122
1543,0.0001722903880043349,1.263471,4.6807656,162
1544,0.000773179704192293,1.3105868,5.240968,727
1545,0.0020408966332118436,1.3688427,8.415294,1919
1546,0.0027874883145639615,4.1014323,11.693335,2621
1547,0.0009125009438748108,1.7512451,7.9538865,858
1548,0.0016186788305098626,1.9078401,6.5499325,1522
1549,0.00038818513346655707,2.1588066,10.81901,365
1550,0.017525761135329845,1.5989383,6.3471494,16479
1551,0.0030554955847929273,2.5802145,10.615411,2873
1552,0.0012379383434385546,1.5573226,6.673949,1164
1553,0.003278834976650398,2.039195,6.0096607,3083
1554,0.001518707864630804,2.8275561,11.619191,1428
1555,7.231942212527638e-05,2.1307664,8.018502,68
1556,0.0003658511942808099,1.2554172,5.267057,344
1557,0.0014857387163089869,1.274178,6.0687857,1397
1558,0.0022302033558338906,2.3802354,7.4777894,2097
1559,0.0004998548293952927,1.7363893,7.0387177,470
1560,0.019440098779822456,1.4013258,5.5791736,18279
1561,0.00047964793203675955,1.8676763,9.421565,451
1562,0.013103641176551916,0.92126,3.154017,12321
1563,0.0010539492253845426,2.2750022,8.140788,991
1564,0.0019324175000239292,2.2289453,8.476871,1817
1565,0.016141056905813526,1.3001671,4.8218784,15177
1566,2.5524501926568134e-05,1.9349784,5.481704,24
1567,0.0027789801472551056,2.6705766,8.112783,2613
1568,0.0,0.0,0.0,0
1569,4.7858441112315255e-05,0.8478519,2.306302,45
1570,0.0009241996739244878,1.8420589,5.2538905,869
1571,0.0005860000233974601,1.247752,6.6919923,551
1572,0.0005902541070518881,1.3720713,5.0752606,555
1573,0.0017994773858230535,2.7733145,8.12037,1692
1574,0.021603300318099105,1.6627387,5.946065,20313
1575,0.002445034580382506,2.1711857,7.4606237,2299
1576,0.00014144828150973175,0.9381116,2.5991323,133
1577,0.00022227587094386417,1.5145895,6.3497,209
1578,0.0003265009204773507,1.3774107,5.924329,307
1579,0.0065640510787824385,0.9025655,3.0372877,6172
1580,0.00042540836544280227,1.8327683,9.065868,400
1581,0.0007838149133283631,1.3905594,5.107163,737
1582,0.02150545639404726,2.2988966,11.282523,20221
1583,0.004742239753773638,2.5389225,9.791233,4459
1584,0.000749782244092939,1.7786511,7.4146137,705
1585,0.0007125590121166938,1.7803917,7.3158784,670
1586,4.2540836544280225e-06,0.9558555,1.6560341,4
1587,0.0020483412796070927,2.981178,9.7533245,1926
1588,0.00033926317144063477,1.1801437,5.0550632,319
1589,0.0009199455902700599,1.2042326,10.856842,865
1590,0.0036967986956979513,1.943387,7.7536483,3476
1591,0.00012868603054644768,0.97011495,3.5727837,121
1592,0.0025301162534710664,2.9329987,8.113708,2379
1593,0.005973796971730551,0.91513795,3.6034808,5617
1594,0.00418389127412996,3.0361602,10.279948,3934
1595,0.0013559891648489322,1.462945,5.7596645,1275
1596,0.0007051143657214447,1.4890716,4.2538,663
1597,0.00019143376444926102,1.6917886,7.32233,180
1598,0.008201873285737227,1.46004,5.033693,7712
1599,0.0010262976816307605,1.5538301,6.1104774,965
1600,0.0005998257952743512,1.5892307,7.4671373,564
1601,0.00020313249449893807,1.2856672,7.357394,191
1602,0.0016644102297949637,1.4267259,5.434351,1565
1603,0.0015442323665573721,2.3097987,9.246977,1452
1604,0.0019111470817517891,2.3272486,10.417193,1797
1605,0.0014091652105292824,1.2970848,5.144417,1325
1606,0.0009741851568640171,1.5004932,7.2048554,916
1607,0.006645942189130178,1.6752323,8.1617775,6249
1608,0.00025418149835207437,1.5984973,6.001422,239
1609,0.0019621960856049253,3.2372465,9.555552,1845
1610,0.021493757663997585,1.2391702,5.199705,20210
1611,0.00527080964783632,1.5922972,6.490888,4956
1612,0.0005168711640130047,1.7617729,6.4955688,486
1613,0.013753452454765797,1.8579385,7.284089,12932
1614,0.0006274773390281333,1.2182281,4.8623576,590
1615,1.701633461771209e-05,1.2466053,2.6074367,16
1616,0.00039137569620737806,1.6031358,10.383391,368
1617,0.0043051326582811585,2.9555151,9.871006,4048
1618,0.0038754702091839286,1.448462,4.941509,3644
1619,0.0007168130957711218,1.1838738,4.776392,674
1620,0.0032405482237605463,1.978145,8.620227,3047
1621,0.004566758803028482,1.8640426,7.0145235,4294
1622,0.010455474101670472,2.0932035,9.719775,9831
1623,0.001303876640082189,1.8459967,7.3535295,1226
1624,0.0018133031576999445,2.606602,8.694733,1705
1625,0.0017675717584148434,2.489784,9.459475,1662
1626,0.0023376189681081983,2.069394,6.045771,2198
1627,0.003243738786501367,1.2642891,5.2648497,3050
1628,0.0021844719565487897,3.16495,11.4769745,2054
1629,0.0009741851568640171,1.130439,5.2556334,916
1630,0.0001520834906458018,1.0524278,4.749506,143
1631,0.0012368748225249475,1.6681422,8.582657,1163
1632,0.001325147058354329,1.9976315,8.233927,1246
1633,0.0025886099037194517,1.6523861,5.8886576,2434
1634,0.0008561343354536395,1.8429761,8.605514,805
1635,0.0024152559948015097,1.994521,7.0110006,2271
1636,0.0020270708613349528,2.5434434,8.575524,1906
1637,0.00013932123968251773,2.2457075,11.595111,131
1638,0.009617419621748152,1.2867757,4.761197,9043
1639,0.00799874079123829,1.7451798,9.2859,7521
1640,0.004846464803307125,1.266943,5.483854,4557
1641,0.00032862796230456476,1.7771738,12.076671,309
1642,0.0008582613772808535,1.4635152,4.660752,807
1643,0.0004020109053434481,0.8425707,5.865368,378
1644,0.0009114374229612038,1.5856972,7.7162027,857
1645,0.0001329401142008757,0.79287386,2.0485015,125
1646,0.00018824320170843998,1.3517265,8.29327,177
1647,0.017020588701366517,2.0033596,6.053654,16004
1648,0.007045826052646412,1.4157953,4.1114664,6625
1649,0.0004115825935659112,1.7572778,7.652698,387
1650,0.0015910272867560803,2.101217,8.171651,1496
1651,0.004249829570773594,3.512184,12.117054,3996
1652,0.006004639078225154,2.8404708,9.422008,5646
1653,0.0008412450426631415,1.9545928,10.713804,791
1654,0.0016356951651275748,3.6453862,10.252712,1538
1655,0.036974368082461156,1.9724803,7.3787503,34766
1656,0.0015527405338662283,1.53836,9.617045,1460
1657,0.001324083537440722,1.2626113,4.4993925,1245
1658,2.1270418272140114e-05,0.65607315,1.1743395,20
1659,0.0006306679017689543,0.91647285,4.8540654,593
1660,0.0015452958874709792,1.7925072,7.5428653,1453
1661,0.0004605045555918334,1.2997744,4.896386,433
1662,0.0003275644413909577,1.278228,5.5852957,308
1663,0.009449383317398245,2.269456,9.727971,8885
1664,0.003053368542965713,3.042533,8.068516,2871
1665,0.0010582033090389706,1.6779704,7.1953793,995
1666,0.00016378222069547886,1.2230092,3.9410226,154
1667,0.001880304975257186,2.0349503,9.406985,1768
1668,0.001341099872058434,1.4757899,7.2621665,1261
1669,0.0037223231976245197,1.9706569,8.630255,3500
1670,0.0001340036351144827,0.8086582,1.602021,126
1671,0.0004147731563067322,1.243688,6.6733527,390
1672,0.0010284247234579745,1.5365446,5.9242735,967
1673,0.0006583194455227365,1.2332313,4.661294,619
1674,9.35898403974165e-05,1.004893,2.6191328,88
1675,0.0017229038800433492,1.2770889,5.2483745,1620
1676,0.0002265299545982922,1.3154918,6.0056105,213
1677,0.0017643811956740223,1.8773836,5.4316335,1659
1678,0.11856662905347702,4.4996676,13.134246,111485
1679,0.0016378222069547887,1.968125,10.990736,1540
1680,0.001313448328304652,2.227872,10.790347,1235
1681,0.0004392341373196933,1.8508251,7.4914722,413
1682,0.00024141924738879027,1.6691079,9.101576,227
1683,0.0037138150303156637,2.5584188,8.1986885,3492
1684,0.0006434301527322384,1.7589651,6.5588093,605
1685,0.0027662178962918216,1.7069991,6.428834,2601
1686,0.0011486025866955661,1.3007456,4.456516,1080
1687,0.0005466497495940009,1.2272482,7.808279,514
1688,4.466787837149424e-05,0.9696402,1.9064275,42
1689,0.002266363066896529,4.2267275,12.429105,2131
1690,0.04039358781970768,1.2724745,7.729592,37981
1691,0.005009183503088996,2.1352065,8.830445,4710
1692,0.023485732335183505,2.1811504,8.213306,22083
1693,0.0005498403123348219,1.8282993,13.717653,517
1694,0.0040913649546461504,1.5959958,7.5404587,3847
1695,0.0008678330655033166,1.4023048,6.793767,816
1696,0.0021812813938079686,1.9327674,7.148688,2051
1697,0.009020784389214621,2.100545,12.625268,8482
1698,4.9985482939529265e-05,2.1670666,7.5562525,47
1699,0.0004690127229006895,0.95031774,2.2651143,441
1700,0.0026162614474732337,1.4142208,6.6044416,2460
1701,0.003804214307972259,1.5275253,6.655441,3577
1702,0.0016356951651275748,2.8511777,9.8006735,1538
1703,0.001728221484611384,1.8634951,10.092467,1625
1704,0.001101807666496858,2.9785662,12.438069,1036
1705,0.005009183503088996,1.694569,6.9909415,4710
1706,0.0004839020156911876,1.6262654,6.4510183,455
1707,0.02836410276589884,1.12216,4.4867444,26670
1708,0.0005126170803585767,1.4892703,8.192098,482
1709,0.002835346755676277,2.452206,9.425528,2666
1710,0.00046369511833265446,1.3499186,6.9654455,436
1711,0.00010209800770627253,1.3152572,4.1588426,96
1712,6.593829664363434e-05,2.4188373,10.909393,62
1713,0.0007412740767840829,1.6939722,6.094763,697
1714,0.023162421977446977,1.271342,4.9242063,21779
1715,0.001889876663479649,1.421229,5.5520897,1777
1716,0.0021759637892399333,3.650324,13.048693,2046
1717,0.009957746314102393,3.8394556,14.393548,9363
1718,0.008387989445618454,1.8632338,7.1601124,7887
1719,3.403266923542418e-05,1.2649549,4.022793,32
1720,0.0050400256095836,0.81426215,2.6136966,4739
1721,0.0005434591868531799,1.7334322,8.1095915,511
1722,0.001963259606518532,2.1091456,8.500515,1846
1723,0.001106061750151286,2.3069499,10.0253725,1040
1724,0.0008476261681447834,1.4185685,9.962478,797
1725,0.0004466787837149424,1.6638502,8.438848,420
1726,0.006917140022099965,1.5927632,6.901391,6504
1727,9.35898403974165e-05,1.0933771,3.167129,88
1728,0.006420475755445493,4.1874037,12.805411,6037
1729,0.0039212016084690295,1.6853245,6.509689,3687
1730,0.014950977003487286,1.9103659,8.5591135,14058
1731,0.0034926026802854066,1.2097272,3.8409114,3284
1732,0.002634341303004553,1.5843452,5.685663,2477
1733,0.002473749645049895,2.2765536,8.240475,2326
1734,0.00037542288250327297,1.713607,7.148615,353
1735,0.00024141924738879027,1.5524966,5.98664,227
1736,0.002433335850332829,1.5133421,5.932174,2288
1737,0.002602435675596343,2.4099271,7.145796,2447
1738,0.0025524501926568136,3.6102672,9.230815,2400
1739,9.46533613110235e-05,1.2478416,3.7458665,89
1740,0.00020100545267172406,2.1387756,8.833333,189
1741,0.0001340036351144827,1.8420494,12.317121,126
1742,0.004568885844855696,0.9742901,3.1332953,4296
1743,0.012459147502906071,1.2892582,5.06357,11715
1744,0.0023684610746028015,1.6787153,7.495611,2227
1745,0.004547615426583556,1.6591008,8.057304,4276
1746,0.003423473820900951,2.9981,10.591398,3219
1747,0.00012017786323759164,1.1408166,3.1726398,113
1748,0.002488638937840393,2.1440828,10.897003,2340
1749,0.0008518802517992115,2.7546146,12.752058,801
1750,0.007764766190244748,1.858298,8.803418,7301
1751,0.00014463884425055276,1.1680038,3.1847773,136
1752,0.003972250612322166,2.8589048,8.755393,3735
1753,0.0036329874408815312,3.6781926,11.0488205,3416
1754,0.004847528324220731,2.1823049,8.402885,4558
1755,0.001508072655494734,2.671094,8.2084055,1418
1756,0.002622642572954876,1.1736722,4.1064672,2466
1757,0.0007338294303888339,1.7252023,8.668316,690
1758,0.00041370963539312516,1.3437258,9.301954,389
1759,0.0016144247468554346,3.6001904,12.1124115,1518
1760,0.00665232331461182,2.6177895,10.323934,6255
1761,0.006935219877631284,1.8274441,6.9671283,6521
1762,0.0004232813236155882,1.6236019,8.839873,398
1763,0.005722806036119297,1.9551003,10.172758,5381
1764,0.006226914949169018,1.8404098,8.087787,5855
1765,0.0017962868230822326,1.6798049,7.0352287,1689
1766,0.0005285698940626817,0.886466,3.780122,497
1767,0.0006583194455227365,1.2973552,9.966941,619
1768,0.0003031034603779966,1.4095738,6.591282,285
1769,0.0016197423514234695,3.6734955,11.552054,1523
1770,0.002803441128268067,2.8932693,8.706071,2636
1771,0.0007646715368834371,1.3521085,5.099601,719
1772,0.0009614229059007331,1.5869149,9.490195,904
1773,0.0032947877903545036,2.7030764,9.961645,3098
1774,0.00012017786323759164,1.7119522,8.818804,113
1775,0.0027502650825877166,2.963221,9.784981,2586
1776,0.0037425300949830527,1.0796597,3.4000256,3519
1777,0.0018292559714040498,1.9477592,8.342884,1720
1778,0.007921103764544978,1.5151302,8.174023,7448
1779,0.026920904886134134,1.2714744,5.156288,25313
1780,0.02857999751136106,1.125505,3.739171,26873
1781,0.0008901670046890637,1.9566321,8.767064,837
1782,0.0038924865438016406,5.3908696,11.480371,3660
1783,0.0022025518120801085,3.4108682,9.975,2071
1784,0.003361789607911745,1.7514809,5.8553247,3161
1785,0.0006806533847084836,1.5256991,8.312654,640
1786,0.0024992741469764632,3.8978636,8.150298,2350
1787,0.0008635789818488886,1.48398,5.967858,812
1788,0.00025099093561125333,1.9389515,9.874949,236
1789,0.0017473648610563102,2.0241213,6.002835,1643
1790,0.003216087242747585,3.0717654,8.990366,3024
1791,0.0009965190960497642,1.689013,6.11214,937
1792,0.011465818969597127,1.6709741,7.444669,10781
1793,0.002250410253192424,3.1193428,9.5216255,2116
1794,0.0031778004898577327,1.6678228,7.4458404,2988
1795,0.00013506715602808973,2.2218187,10.61863,127
1796,0.003381996505270278,2.7706943,11.365809,3180
1797,0.06755697547414422,8.648274,20.958769,63522
1798,0.0058334122111344255,1.7040496,7.624606,5485
1799,0.0028821416758749853,3.3776073,9.935729,2710
1800,0.012773949693333744,1.7220377,6.5485744,12011
1801,0.0024237641621103656,2.0694375,10.6657715,2279
1802,0.005705789701501585,1.2203002,4.7224264,5365
1803,0.0009912014914817292,1.6803489,6.5972023,932
1804,0.0023195391125768795,1.5025896,9.01866,2181
1805,0.0037255137603653407,1.8155044,6.4809427,3503
1806,0.005653677176734842,1.7853146,7.4371824,5316
1807,0.003459633531963589,2.4138873,10.180303,3253
1808,0.00013719419785530372,1.8119404,7.49189,129
1809,0.0008816588373802077,1.4774005,5.5643487,829
1810,0.0018388276596265128,1.7427764,7.9467187,1729
1811,0.0014814846326545589,1.1672192,4.917495,1393
1812,0.0025556407553976347,1.5420479,4.9432135,2403
1813,0.003230976535538083,1.4988723,7.811726,3038
1814,0.0006966061984125887,1.147113,5.1269636,655
1815,0.012790966027951456,1.3401419,4.6818085,12027
1816,0.0001297495514600547,1.6340325,8.980936,122
1817,0.002140867599090902,1.5883598,5.7873325,2013
1818,0.0025418149835207435,1.5196463,5.6809993,2390
1819,0.0005051724339633276,1.4957091,8.284702,475
1820,0.000580682418829425,1.2670383,7.5708904,546
1821,0.002078119865188089,1.4194968,4.689655,1954
1822,0.00014038476059612475,1.6564175,4.6938396,132
1823,0.004750747921082494,0.7293284,2.200798,4467
1824,0.002454606268604969,2.456361,7.764933,2308
1825,0.10836639997107222,0.9871645,3.82673,101894
1826,0.0017654447165876294,1.144876,5.436298,1660
1827,0.0020206897358533106,2.6760256,7.561778,1900
1828,0.0028959674477518765,2.3291376,7.7226863,2723
1829,0.0008550708145400325,1.2867963,4.8304963,804
1830,3.72232319762452e-05,1.1319321,3.1074247,35
1831,0.0002765154375378215,1.2249763,3.9816198,260
1832,0.005413321450259659,2.5085537,8.155907,5090
1833,0.0006051433998423862,1.7657857,7.9397006,569
1834,0.0019334810209375361,1.4073792,7.4040046,1818
1835,0.0017420472564882753,1.4719126,7.2373514,1638
1836,0.003598954771646107,2.4419763,6.4286346,3384
1837,0.0007944501224644332,2.264801,9.239068,747
1838,0.004182827753216353,2.4426875,10.28351,3933
1839,0.002045150716866272,2.4248888,6.0822153,1923
1840,0.006325822394134469,2.5490947,8.423171,5948
1841,0.001703760503598423,2.830706,9.024893,1602
1842,0.0007784973087603281,1.2861917,4.025148,732
1843,0.005730250682514547,4.4069166,12.024519,5388
1844,0.00267794566046244,2.293668,8.522949,2518
1845,0.0005072994757905416,1.7792488,6.3968263,477
1846,0.0015038185718403059,1.7702769,6.2601542,1414
1847,0.0009284537575789159,1.1411945,6.1887717,873
1848,0.0027300581852291836,1.422264,6.5531287,2567
1849,0.0017346026100930262,1.8042641,8.292272,1631
1850,0.0012070962369439514,1.5167527,8.182156,1135
1851,0.0011443485030411382,1.7560244,6.899158,1076
1852,0.0023982396601837977,1.3595208,7.7114415,2255
1853,0.010787292626715858,1.1305007,8.593525,10143
1854,0.0034649511365316245,2.3871021,8.740227,3258
1855,0.0009008022138251337,2.0845428,9.6075115,847
1856,0.0009848203660000872,1.379571,5.5412683,926
1857,0.0018250018877496216,2.5072021,7.393232,1716
1858,0.002883205196788592,2.679304,7.5172944,2711
1859,0.0021738367474127196,1.5267899,5.4707184,2044
1860,0.0014814846326545589,1.2489868,5.1743793,1393
1861,0.005410130887518838,2.2632313,9.9889965,5087
1862,0.004117952977486326,1.5603412,7.7412996,3872
1863,0.00014782940699137377,0.8850609,1.6773558,139
1864,0.0008486896890583904,1.5703725,9.703223,798
1865,0.0010156624724946904,1.4849024,4.5201845,955
1866,0.0003052305022052106,1.5643834,5.3825903,287
1867,0.0003371361296134208,1.7197123,6.738365,317
1868,0.002267426587810136,2.503829,7.3536344,2132
1869,6.381125481642033e-06,1.1909804,2.187568,6
1870,0.0007997677270324682,1.616581,6.024946,752
1871,0.002439716975814471,1.7597145,8.480354,2294
1872,0.001127332168423426,1.0367967,2.7942345,1060
1873,0.002658802284017514,2.2202575,8.992135,2500
1874,0.0008848494001210287,1.8236787,6.873959,832
1875,2.3397460099354124e-05,1.0068301,2.7084234,22
1876,3.1905627408210167e-06,1.7679871,2.6248703,3
1877,0.0008880399628618497,1.1099273,4.118437,835
1878,0.0008274192707862503,1.6348766,6.3411574,778
1879,6.168421298920632e-05,0.9470873,1.9237627,58
1880,0.005042152651410814,1.4996188,6.3537636,4741
1881,0.0012794156590692277,1.8780961,6.9821815,1203
1882,0.0004775208902095455,1.3736846,4.288916,449
1883,0.0031150527559549194,1.0244855,3.4442987,2929
1884,0.0021536298500541865,2.972859,10.676033,2025
1885,0.015337035095126628,1.4252477,7.335391,14421
1886,0.0018749873706891509,4.145723,15.015353,1763
1887,0.006927775231236034,1.8368723,7.0755844,6514
1888,0.0037095609466612357,1.7286155,7.25518,3488
1889,0.00657787685065933,1.523041,7.3420753,6185
1890,0.0005849365024838531,1.3271273,4.9242992,550
1891,0.0003498983805767048,1.4751828,4.638891,329
1892,0.0013772595831210723,1.2915162,6.139222,1295
1893,0.001684617127153497,2.1887398,8.839195,1584
1894,0.0015697568684839402,2.9388778,10.646216,1476
1895,0.001486802237222594,1.2646171,4.2942667,1398
1896,0.0007923230806372192,1.051308,4.0051885,745
1897,0.011751906095357412,1.6044059,5.697544,11050
1898,0.0008476261681447834,1.9706167,6.313391,797
1899,0.0018292559714040498,1.7197945,5.470937,1720
1900,0.0006551288827819154,1.3107824,9.173854,616
1901,0.0026056262383371636,4.0240417,10.611138,2450
1902,0.004377452080406435,1.1294339,4.6686044,4116
1903,1.0635209136070056e-06,0.8744612,0.8744612,1
1904,0.002120660701732369,2.156996,6.629697,1994
1905,0.0004307259700108373,1.5146418,5.2925706,405
1906,0.0010847913318791458,1.5937135,7.121348,1020
1907,0.001688871210807925,4.1080613,14.236211,1588
1908,0.003542588163224936,2.4696062,10.172581,3331
1909,0.0010284247234579745,0.809561,3.428254,967
1910,0.0013379093093176132,1.9342091,6.987986,1258
1911,0.0026683739722399773,2.2831547,15.649384,2509
1912,0.02138208796806885,1.8655851,8.264151,20105
1913,0.0012049691951167374,1.7197669,5.5489283,1133
1914,0.0016622831879677497,1.6084969,7.0293207,1563
1915,5.317604568035028e-06,1.4469342,3.011458,5
1916,0.019564530726714477,1.7527514,7.394729,18396
1917,0.0008369909590087134,1.6889129,6.375087,787
1918,0.014123557732701035,1.1148149,4.064371,13280
1919,0.0002637531865745374,1.6670926,8.326789,248
1920,0.0012379383434385546,1.6115019,8.474151,1164
1921,0.011306290832556076,1.9822375,7.727395,10631
1922,0.0021834084356351824,2.3050256,9.20351,2053
1923,0.0023323013635401634,2.1461608,10.935727,2193
1924,0.008194428639341979,2.7945151,9.655639,7705
1925,0.0008944210883434918,1.6064097,5.9409986,841
1926,0.007755194502022285,1.0849899,4.082831,7292
1927,0.003592573646164465,1.7291265,6.451077,3378
1928,0.0037457206577238738,3.4178724,10.322995,3522
1929,0.0005998257952743512,0.9451397,3.141463,564
1930,0.0009858838869136943,2.1479485,11.382881,927
1931,0.003748911220464695,2.1803186,7.769885,3525
1932,0.0010018367006177993,1.7877731,6.9880304,942
1933,0.0001680363043499069,2.096293,7.669254,158
1934,0.0006742722592268416,1.6009684,5.756674,634
1935,0.009257949552948983,26.556393,45.393574,8705
1936,7.019238029806238e-05,1.5502402,5.480852,66
1937,0.005696218013279122,2.7285292,10.048685,5356
1938,0.0031097351513868846,4.2860193,13.207237,2924
1939,0.0016303775605595397,2.2419043,8.287804,1533
1940,0.0059812416181258,1.5791723,9.07765,5624
1941,0.014293721078878156,2.52201,10.909005,13440
1942,0.004413611791469073,1.2456101,3.9403226,4150
1943,0.0007380835140432619,1.180043,5.4114084,694
1944,0.0009678040313823752,1.316557,3.9889522,910
1945,0.00042966244909723025,1.7891616,5.7556834,404
1946,0.0017377931728338471,1.3386254,5.946187,1634
1947,0.0024152559948015097,1.6785507,6.3994966,2271
1948,0.06979994108094138,1.1323806,4.8347015,65631
1949,0.0002903412094147125,1.4761152,7.391767,273
1950,1.8079855531319095e-05,1.2107842,2.603306,17
1951,0.0016495209370044658,1.114155,8.42316,1551
1952,0.0011656189213132783,1.9132289,6.2673945,1096
1953,0.0031299420487454176,4.1338997,12.526533,2943
1954,0.0004700762438142965,1.3487204,8.215014,442
1955,0.003598954771646107,1.293868,4.668279,3384
1956,0.0003945662589481991,1.9374856,7.10372,371
1957,0.010908534010867056,1.1458362,4.849728,10257
1958,0.0004902831411728296,1.629229,9.078566,461
1959,0.00036159711062638193,1.4035213,4.4508867,340
1960,0.0004711397647279035,1.1648209,4.1019945,443
1961,0.007698827893601113,2.0904095,11.69731,7239
1962,0.0014091652105292824,2.276337,8.012313,1325
1963,0.001101807666496858,1.8818468,7.463543,1036
1964,0.004746493837428066,3.0503323,8.722696,4463
1965,0.0021908530820304315,3.469106,12.028783,2060
1966,0.0029789220790132228,2.1618216,8.792169,2801
1967,3.296914832181717e-05,0.64716107,1.0437421,31
1968,0.006650196272784606,2.063133,6.9185705,6253
1969,0.12669405587526175,1.5155962,10.85869,119127
1970,0.00010954265410152158,0.74741465,1.5142729,103
1971,0.0032373576610197252,2.2645922,11.099746,3044
1972,0.0019526243973824622,3.2697928,11.244947,1836
1973,0.0016718548761902128,2.1585035,8.699604,1572
1974,0.0014187368987517454,1.3901799,5.1054397,1334
1975,0.001712268670907279,1.2891403,4.028361,1610
1976,0.00032862796230456476,1.6378504,8.310733,309
1977,0.00010528857044709356,1.199977,3.8641098,99
1978,0.003908439357505746,1.3488991,4.5844684,3675
1979,0.000568983688779748,1.9012136,7.265777,535
1980,0.0027609002917237868,1.497345,6.6913843,2596
1981,0.0015846461612744383,1.9390508,6.735255,1490
1982,0.004279608156354591,2.471505,8.449865,4024
1983,0.0021185336599051554,1.7243166,6.569571,1992
1984,0.0015623122220886913,1.2809755,5.4170957,1469
1985,0.0007327659094752269,1.8022312,8.579256,689
1986,0.000380740487071308,1.9573916,7.2805324,358
1987,0.0016027260168057574,2.8642619,10.896635,1507
1988,0.003049114459311285,2.4768205,7.3740582,2867
1989,0.002282315880600634,2.4340641,8.486084,2146
1990,0.003243738786501367,1.6809894,5.7639766,3050
1991,0.0001669727834362999,1.4341239,4.529606,157
1992,0.012134773624255935,1.6740152,7.399561,11410
1993,0.0005721742515205691,1.6449728,8.960161,538
1994,0.02033664690999316,1.4897373,6.5317774,19122
1995,0.0010964900619288228,1.69462,6.1462626,1031
1996,0.0020058004430628124,1.5831635,5.9624453,1886
1997,0.0027534556453285377,1.0681709,3.9870827,2589
1998,0.025437293211652362,0.97282064,5.243512,23918
1999,0.004044570034447442,1.4505548,7.2347617,3803
2000,0.0030778295239786745,0.8293836,2.859704,2894
2001,1.0635209136070056e-06,0.5277792,0.5277792,1
2002,0.0021663921010174705,2.2619374,9.107173,2037
2003,0.000568983688779748,1.8320596,6.4741573,535
2004,0.0016388857278683956,1.598559,5.2813296,1541
2005,0.0018558439942442247,3.6240504,12.836282,1745
2006,0.0007391470349568689,1.5713967,7.1073666,695
2007,4.892196202592226e-05,0.91197157,1.5365003,46
2008,0.0022248857512658557,2.5295408,11.499866,2092
2009,0.003179927531684947,2.7543614,8.257161,2990
2010,1.0635209136070057e-05,0.79176384,1.079516,10
2011,0.010025811652573243,2.8915012,10.674929,9427
2012,0.0020483412796070927,2.8176837,8.324922,1926
2013,0.0023237931962313075,2.392791,7.990525,2185
2014,0.003782943889700119,1.8963846,8.645629,3557
2015,0.0003605335897127749,1.1345396,4.1207476,339
2016,0.0058217134810847485,1.237754,4.254579,5474
2017,0.0012709074917603717,2.5776715,7.015837,1195
2018,6.912885938445537e-05,0.8039607,1.827256,65
2019,0.0004392341373196933,1.4990461,5.129168,413
2020,0.0018324465341448706,2.1104836,8.138537,1723
2021,1.0635209136070057e-05,0.6923068,0.8675668,10
2022,0.0004934737039136506,1.4178442,11.330362,464
2023,0.0036829729238210605,2.0712638,8.143944,3463
2024,0.0007987042061188613,1.3425174,5.313902,751
2025,0.003175673448030519,3.110492,8.843056,2986
2026,0.0019047659562701472,3.757557,10.421232,1791
2027,0.00032969148321817176,1.702225,7.4960537,310
2028,0.0016378222069547887,1.3712188,8.771055,1540
2029,0.00574301293347783,1.8065767,6.9769063,5400
2030,0.00011486025866955661,1.1007655,3.2328534,108
2031,0.013083434279193383,1.2021838,5.384464,12302
2032,0.00011486025866955661,0.758404,2.0520577,108
2033,0.002590736945546666,1.390216,8.091746,2436
2034,0.001910083560838182,3.0451365,11.346356,1796
2035,0.008638980381229707,1.6132725,6.1143465,8123
2036,0.004282798719095412,2.3844981,11.060444,4027
2037,0.07416144034764371,2.7921622,10.090819,69732
2038,0.0016973793781167809,2.9705143,11.667818,1596
2039,0.0021515028082269723,1.4532741,5.79807,2023
2040,0.0184148646191053,1.4273425,5.1787796,17315
2041,0.0002892776885011055,2.578228,11.807955,272
2042,0.00225891842050128,1.4055992,7.373321,2124
2043,0.005369717092801771,2.5187087,8.022718,5049
2044,0.0006476842363866665,1.7221603,9.459225,609
2045,0.003771245159650442,1.3708506,4.572546,3546
2046,0.0005264428522354678,1.905015,8.036402,495
2047,0.00011698730049677062,1.2025583,3.736703,110
2048,6.487477573002735e-05,1.2124465,4.028625,61
2049,1.1698730049677062e-05,0.9373737,1.3175206,11
2050,0.0030778295239786745,2.6191113,11.881016,2894
2051,0.000553030875075643,2.1953866,10.234682,520
2052,0.002050468321434307,1.4245049,5.684265,1928
2053,0.0016218693932506835,1.7611812,7.404154,1525
2054,0.00835395677638303,0.91850746,3.6035733,7855
2055,0.004930482955482078,2.291684,7.3266077,4636
2056,5.317604568035028e-06,0.9956203,1.487797,5
2057,0.0008869764419482427,1.5455728,7.7995195,834
2058,0.0027853612727367478,1.3918967,5.7909822,2619
2059,0.0031894992199074097,1.7110322,5.5070844,2999
2060,0.00048602905751840157,1.2815733,7.5322447,457
2061,0.007542490319300884,2.0761142,8.054596,7092
2062,0.001341099872058434,1.5913302,9.39451,1261
2063,0.0008221016662182154,1.646067,6.516546,773
2064,0.002974667995358795,2.321351,8.596,2797
2065,0.0009082468602203828,1.9970939,9.441941,854
2066,0.0007891325178963982,1.5985154,5.9661555,742
2067,6.062069207559932e-05,1.1132119,2.5172582,57
2068,0.0005764283351749971,1.2815956,5.775552,542
2069,0.0040945555173869715,1.0234642,4.327897,3850
2070,0.0020121815685444546,2.289498,8.142461,1892
2071,0.001686744168980711,2.335172,8.096179,1586
2072,0.0009252631948380949,1.7286907,9.144163,870
2073,0.0022174411048706067,1.5274365,7.631334,2085
2074,0.013434396180683695,1.885086,5.569946,12632
2075,0.0004328530118380513,1.6234287,5.798871,407
2076,0.0022206316676114278,2.7993171,7.309741,2088
2077,0.00015740109521383683,0.8658527,1.6794578,148
2078,0.001325147058354329,2.614593,9.682059,1246
2079,0.000955041780419091,1.957762,7.842889,898
2080,0.001511263218235555,1.4025488,5.5213246,1421
2081,0.00037010527793523794,1.5314453,7.455909,348
2082,0.0005987622743607442,1.7615719,10.6067915,563
2083,0.0031458948624495226,3.9816504,10.422561,2958
2084,0.0029767950371860086,2.5942411,12.07736,2799
2085,0.0010986171037560368,2.381777,10.473199,1033
2086,0.00024354628921600428,0.7554717,2.9162421,229
2087,0.006593829664363435,2.4512734,6.8057303,6200
2088,0.00022546643368468518,1.5358417,5.9383874,212
2089,0.0011826352559309902,1.9191725,7.7384057,1112
2090,0.001142221461213924,2.2056303,6.6389613,1074
2091,0.001157110754004422,3.873275,13.11838,1088
2092,0.0011507296285227801,1.4445564,7.0954304,1082
2093,0.00018186207622679796,1.7240264,10.0943,171
2094,0.00014570236516415978,1.6237382,8.935996,137
2095,0.00010528857044709356,1.0138558,3.421963,99
2096,0.04671515613018772,1.1175197,4.0915575,43925
2097,0.000581745939743032,1.4310024,6.635984,547
2098,4.2540836544280225e-06,0.8942523,1.1032567,4
2099,0.004507201631866489,3.053111,10.318583,4238
2100,0.001123078084768998,2.370851,7.7460737,1056
2101,0.0017399202146610611,3.7428846,12.355296,1636
2102,1.0635209136070057e-05,0.85416275,1.1525569,10
2103,0.0012900508682052979,1.3634992,5.042071,1213
2104,0.001325147058354329,3.0901444,12.234505,1246
2105,0.0029682868698771526,2.1036124,7.819641,2791
2106,0.00040413794717066216,1.7782984,9.314312,380
2107,0.0025067187933717123,1.5384295,6.78252,2357
2108,0.005015564628570638,2.5937066,7.913017,4716
2109,0.0011166969592873559,1.6425225,5.7609572,1050
2110,0.00010103448679266554,1.3823798,6.9134493,95
2111,0.001512326739149162,1.5574859,7.0489817,1422
2112,0.01852866135686125,1.4697639,5.680977,17422
2113,0.0009614229059007331,1.3658841,6.07267,904
2114,0.00021908530820304316,1.1562349,4.5790358,206
2115,0.00028608712576028454,1.7665575,7.5578313,269
2116,0.004396595456851361,1.7113917,6.455994,4134
2117,0.00028608712576028454,1.7961466,9.294104,269
2118,0.005172965723784476,1.637538,7.5210495,4864
2119,0.00025524501926568136,1.7559748,7.101277,240
2120,0.0004020109053434481,1.3235538,7.4718986,378
2121,0.0019685772110865675,1.4021504,6.8802238,1851
2122,0.00169418881537596,2.138005,7.7513356,1593
2123,0.001301749598254975,3.1978443,11.06778,1224
2124,0.00660978247806754,2.7705202,9.348625,6215
2125,0.0007933866015508262,1.3566724,7.047125,746
2126,0.0014921198417906288,2.2205687,8.157413,1403
2127,0.0046316335787585095,1.1027375,7.4865847,4355
2128,0.00416262085585782,1.8406657,12.576352,3914
2129,0.0005434591868531799,1.7865943,9.353236,511
2130,0.0008338003962678924,1.3220719,4.42968,784
2131,0.0004551869510237984,1.1948833,5.5952153,428
2132,0.00228018883877342,1.4254546,6.9527936,2144
2133,0.0017888421766869835,1.9163456,8.868106,1682
2134,0.002215314063043393,1.3554132,4.702566,2083
2135,0.001888813142566042,2.6597521,9.8099165,1776
2136,0.00018505263896761897,1.3848832,9.336335,174
2137,0.007255339672626993,2.8187397,11.297882,6822
2138,0.003744657136810267,2.7796755,9.58214,3521
2139,5.7430129334778304e-05,2.5466626,9.036803,54
2140,0.0008922940465162777,2.7118719,10.189095,839
2141,0.00023397460099354125,1.6567185,5.8278666,220
2142,0.0004849655366047946,1.1987054,5.6221933,456
2143,0.00515701291008037,1.9283928,8.690635,4849
2144,0.0004605045555918334,1.7471085,9.883873,433
2145,0.002274871234205385,2.8210962,7.9797344,2139
2146,0.0007774337878467211,1.3762074,4.7306767,731
2147,0.0008667695445897096,1.2549523,3.229994,815
2148,0.004785844111231525,1.5899419,8.558281,4500
2149,0.003357535524257317,3.3645813,10.364624,3157
2150,0.011666824422268851,1.1974069,4.6183605,10970
2151,0.0018324465341448706,1.597305,6.427544,1723
2152,9.784392405184451e-05,1.4008961,4.603696,92
2153,0.014293721078878156,1.7381607,7.2357635,13440
2154,3.82867528898522e-05,0.831266,1.484529,36
2155,0.0029172378660240164,3.915019,13.03805,2743
2156,0.003209706117265943,1.7066846,8.956063,3018
2157,0.00017867151348597695,1.8804797,8.485908,168
2158,0.0016792995225854619,1.6456585,7.38517,1579
2159,0.00027332487479700044,1.0733643,4.3140116,257
2160,0.003831865851726041,1.8480872,7.754483,3603
2161,0.005866381359456243,1.8627614,10.351418,5516
2162,0.0027662178962918216,2.5180576,8.409458,2601
2163,0.00011698730049677062,1.9458628,7.5394197,110
2164,0.0001680363043499069,0.85398835,2.141267,158
2165,0.0010326788071124025,1.4107125,5.1374817,971
2166,0.0004307259700108373,1.0581194,4.966853,405
2167,0.0023599529072939455,2.280073,8.2319,2219
2168,0.003922265129382637,2.8168674,7.989032,3688
2169,0.0016654737507085708,2.8075438,8.288845,1566
2170,0.001678236001671855,1.3718354,5.5760884,1578
2171,0.0014251180242333876,1.3029746,9.15966,1340
2172,0.002216377583957,3.8174872,9.61128,2084
2173,0.0009188820693564529,1.6617073,9.361331,864
2174,0.00013825771876891074,0.82067454,1.6872481,130
2175,0.0010433140162484724,1.6955488,6.16589,981
2176,0.0015665663057431193,1.5173568,5.5934234,1473
2177,0.0006987332402398027,1.3671088,8.163238,657
2178,4.2540836544280225e-06,1.2582779,1.9541522,4
2179,0.0026322142611773388,1.7864583,8.32426,2475
2180,0.005110217989881662,2.2395241,9.843438,4805
2181,0.0014081016896156755,1.399079,8.332186,1324
2182,0.003428791425468986,1.985745,5.4028106,3224
2183,0.021884069839291354,1.1458759,4.779582,20577
2184,0.0032979783530953243,2.5909717,9.905286,3101
2185,0.0015633757430022982,1.2248058,4.50876,1470
2186,0.0025226716070758173,3.0639937,8.668763,2372
2187,4.360435745788723e-05,1.1993287,2.674989,41
2188,0.0035223812658664025,1.5686189,5.893164,3312
2189,2.6588022840175142e-05,1.1906133,2.3341267,25
2190,0.0022259492721794626,3.8135202,14.348545,2093
2191,6.381125481642033e-06,0.7251129,0.8600776,6
2192,0.000745528160438511,1.5992126,10.263991,701
2193,0.001309194244650224,1.3176284,6.0551186,1231
2194,0.0017250309218705632,1.551939,6.689748,1622
2195,0.0002754519166242145,1.2286979,5.057688,259
2196,0.000553030875075643,2.539766,7.9295387,520
2197,0.002094072678892194,1.4769222,5.3345695,1969
2198,0.0014261815451469945,2.132993,7.5115767,1341
2199,0.00042647188635640927,1.3116182,5.8596654,401
2200,0.002504591751544498,1.158002,3.9874651,2355
2201,0.0029565881398274756,1.7523787,8.731019,2780
2202,0.002817266900144958,1.3600909,6.345462,2649
2203,0.0008306098335270714,1.260098,5.3662295,781
2204,0.0009624864268143401,1.2512555,4.1032696,905
2205,0.000193560806276475,2.3078017,10.680975,182
2206,0.00016909982526351389,0.80514246,2.087123,159
2207,0.000773179704192293,1.2204852,5.7780027,727
2208,0.0003413902132678488,1.108551,6.582077,321
2209,0.0005296334149762888,1.5951974,5.0013976,498
2210,0.00031692923225488766,1.2057024,6.155485,298
2211,0.0020089910058036335,1.2835994,4.821584,1889
2212,0.0030469874174840713,3.1700408,10.625757,2865
2213,0.00025630854017928836,1.7603538,10.814315,241
2214,0.005534562834410857,2.6619961,10.193383,5204
2215,0.0012592087617106947,1.5285908,8.07784,1184
2216,0.002682199744116868,2.1976664,8.399782,2522
2217,0.0014729764653457027,1.7441461,6.4629493,1385
2218,0.0020270708613349528,3.0760343,8.482546,1906
2219,0.0009678040313823752,1.5370821,6.953843,910
2220,0.0007061778866350517,0.9490836,4.6713676,664
2221,0.0026524211585358722,2.7115417,9.9308815,2494
2222,3.1905627408210167e-06,0.9096572,1.0956014,3
2223,0.001324083537440722,3.6004064,11.350783,1245
2224,0.002110025492596299,1.5950638,8.655798,1984
2225,0.0008433720844903555,1.4133364,4.765208,793
2226,0.00036691471519441696,1.1907878,4.823225,345
2227,0.002859807736689238,1.4719058,6.9187593,2689
2228,0.00609822891862257,2.0034864,7.898311,5734
2229,0.002607753280164378,1.3100067,6.04813,2452
2230,2.233393918574712e-05,0.759897,1.5751687,21
2231,0.003364980170652566,1.4194427,5.4371023,3164
2232,0.0002807695211922495,1.5228246,4.533561,264
2233,0.0017346026100930262,1.4629058,6.434645,1631
2234,0.003459633531963589,1.4817364,6.7193465,3253
2235,0.009496178237596953,1.6008817,7.202143,8929
2236,0.008028519376819285,1.0755585,3.8282065,7549
2237,0.001693125294462353,1.7250154,6.2686253,1592
2238,0.00036159711062638193,1.2495831,4.2635937,340
2239,0.0014187368987517454,1.5429149,8.292005,1334
2240,0.0019590055228641042,1.6825786,6.4764786,1842
2241,0.0006168421298920633,2.4868274,8.031833,580
2242,0.008188047513860337,1.581557,7.590553,7699
2243,0.002433335850332829,2.0859864,7.5213075,2288
2244,0.0018388276596265128,1.3096848,5.080994,1729
2245,0.0,0.0,0.0,0
2246,0.0019462432719008203,1.6702893,6.7923636,1830
2247,0.000936961924887772,1.3546025,4.7475615,881
2248,0.0038669620418750723,1.4441875,8.27806,3636
2249,0.011441357988584167,1.9432559,6.515673,10758
2250,0.001689934731721532,1.5447879,5.944052,1589
2251,0.001892003705306863,1.7920296,7.835124,1779
2252,0.005412257929346052,1.2846847,4.718921,5089
2253,0.0004562504719374054,1.1040759,4.2191663,429
2254,0.0016399492487820027,3.1509554,11.891241,1542
2255,0.0006785263428812695,1.5184795,7.0144753,638
2256,0.0009795027614320521,1.1745393,4.123578,921
2257,0.0021515028082269723,1.4032791,5.0068574,2023
2258,0.0010752196436566827,1.4979544,7.2803807,1011
2259,0.008724062054318266,1.7773145,6.4368963,8203
2260,0.17312631544243,2.6801362,10.82241,162786
2261,0.0030469874174840713,4.474275,12.594434,2865
2262,0.0041434774794128935,2.146058,8.338832,3896
2263,0.00019887841084451004,1.8958443,7.648062,187
2264,0.0004169001981339462,1.554053,12.634278,392
2265,0.006539590097769478,2.6483207,9.4617405,6149
2266,0.0002456733310432183,1.2053541,4.342616,231
2267,0.002621579052041269,3.1999295,8.854389,2465
2268,0.002478003728704323,2.007433,8.422942,2330
2269,9.35898403974165e-05,0.85137117,2.0241144,88
2270,0.004371070954924793,1.3289967,5.137199,4110
2271,0.0021632015382766494,3.863081,11.994339,2034
2272,0.0005158076430993977,3.1229231,8.155021,485
2273,0.0017760799257236994,2.1188593,9.153221,1670
2274,0.0010496951417301146,1.7274064,6.816554,987
2275,0.00037116879884884494,1.3646832,6.73117,349
2276,0.0006753357801404486,1.4151436,6.548814,635
2277,0.0011560472330908152,2.087896,7.2852273,1087
2278,0.0008157205407365733,1.3069161,6.1516337,767
2279,0.0007072414075486587,1.3742985,7.110069,665
2280,0.026053071820630817,1.8392086,7.2591543,24497
2281,0.0002052595363261521,3.6007566,11.555913,193
2282,0.0027619638126373937,2.2181857,10.350042,2597
2283,0.014804211117409519,1.8036548,7.847823,13920
2284,0.0030597496684473553,1.8029412,6.5365906,2877
2285,0.002655611721276693,0.9808427,4.546009,2497
2286,0.020918392849736192,1.2433286,6.277539,19669
2287,0.004499756985471241,1.3523425,6.315036,4231
2288,0.00028821416758749853,1.9526644,9.071797,271
2289,0.05860638346522765,0.9504813,4.1406126,55106
2290,0.0017516189447107382,1.620759,7.745865,1647
2291,0.001154983712177208,1.4236904,9.630224,1086
2292,0.002295078131563918,1.9044081,7.547229,2158
2293,0.0009975826169633713,2.5062847,8.976444,938
2294,0.0040052197606439835,2.3933682,7.9107337,3766
2295,0.0012794156590692277,1.4349633,5.666229,1203
2296,0.0002903412094147125,1.0714378,3.1564693,273
2297,0.004047760597188263,1.8984348,7.9208364,3806
2298,0.0006157786089784563,2.2381806,6.7742376,579
2299,0.0003254373995637437,1.3906033,8.851139,306
2300,0.0009295172784925229,1.2779555,5.999641,874
2301,0.0023057133406999882,3.0658226,11.153411,2168
2302,0.0013847042295163214,1.639346,7.0104237,1302
2303,0.005505847769743468,1.4786395,6.4373884,5177
2304,0.002657738763103907,2.5072412,10.645161,2499
2305,0.0008784682746393866,1.2764741,7.9920516,826
2306,4.2540836544280225e-06,0.6491936,0.94064355,4
2307,0.0029395718052097636,1.9140617,7.4120593,2764
2308,0.0014899927999634148,2.9744294,11.054074,1401
2309,0.00438276968497447,4.8914986,11.728311,4121
2310,0.001885622579825221,1.8663837,7.0568037,1773
2311,4.041379471706622e-05,1.1432624,2.8380342,38
2312,0.0029066026568879463,2.1971965,8.095535,2733
2313,0.00039243921712098505,1.4874632,9.684552,369
2314,0.0031703558434624836,1.6755893,6.0844502,2981
2315,0.0007763702669331141,1.6201229,7.339707,730
2316,0.0023195391125768795,1.6605554,8.542754,2181
2317,0.002854490132121203,2.2098756,9.807957,2684
2318,0.001477230549000131,2.137364,6.3014293,1389
2319,0.0057206789942920834,0.95005816,4.1765723,5379
2320,0.0004541234301101914,1.1394606,6.9173546,427
2321,0.006207771572724092,3.233046,13.969178,5837
2322,0.00010528857044709356,0.7865026,2.1216826,99
2323,5.317604568035028e-06,0.8902402,1.0124604,5
2324,0.0007221307003391569,1.7215812,6.5737143,679
2325,0.007974279810225329,1.4267422,11.009337,7498
2326,6.062069207559932e-05,0.8221954,2.212666,57
2327,0.0035138730985575465,1.590172,6.5514627,3304
2328,0.0004966642666544716,1.4097792,6.7010536,467
2329,2.446098101296113e-05,0.7699284,1.4526886,23
2330,0.0010411869744212585,1.4868742,6.9685483,979
2331,0.0006466207154730595,1.3294555,5.357248,608
2332,0.012410225540880148,1.0290002,4.699545,11669
2333,9.571688222463051e-05,0.7950302,2.2038982,90
2334,0.005665375906784519,1.7078598,8.384139,5327
2335,0.0001137967377559496,1.8060476,9.2963505,107
2336,0.0017813975302917345,1.6416008,5.9266167,1675
2337,0.02553620065661781,1.6829017,5.6168227,24011
2338,0.0023833503673932996,1.617575,6.5985928,2241
2339,0.007861546593382986,1.682283,6.316392,7392
2340,0.005678138157747803,2.2848547,10.238743,5339
2341,0.0008167840616501803,2.2884576,12.543047,768
2342,1.2762250963284067e-05,0.8181929,1.165943,12
2343,4.360435745788723e-05,1.5768462,5.8575325,41
2344,0.0032565010374646514,1.9486041,7.2042775,3062
2345,0.0014155463360109245,1.790317,8.2162285,1331
2346,0.0002467368519568253,0.74827033,2.2122893,232
2347,0.0007519092859201529,2.125944,9.366252,707
2348,0.001303876640082189,1.1598872,3.9396071,1226
2349,0.0012124138415119865,1.6548668,7.167026,1140
2350,0.004060522848151548,1.4007168,5.174513,3818
2351,0.004334911243862155,0.9868954,2.8983896,4076
2352,0.0006817169056220906,1.8602216,6.3603363,641
2353,0.0012783521381556208,1.6070311,7.0493035,1202
2354,0.000579618897915818,1.5531315,6.1626863,545
2355,0.03169611378822959,0.8871509,4.0947413,29803
2356,0.015177506958085576,1.7264618,7.625156,14271
2357,0.0010433140162484724,1.2935996,4.937865,981
2358,0.0003424537341814558,1.9028528,7.604573,322
2359,0.00410944481017747,2.1920917,11.650222,3864
2360,0.00024035572647518327,1.1767511,4.1708355,226
2361,0.0005094265176177557,1.247411,8.083924,479
2362,0.0003424537341814558,1.3965888,5.869918,322
2363,0.001678236001671855,2.5104384,8.061706,1578
2364,0.0020408966332118436,2.330184,9.409151,1919
2365,0.0002818330421058565,2.0085804,11.398125,265
2366,0.0023120944661816304,2.9681711,12.0094185,2174
2367,0.01781184826109013,1.240732,4.481566,16748
2368,3.615971106263819e-05,1.0745549,2.6892388,34
2369,0.0029289365960736935,0.93751806,5.9943767,2754
2370,0.005152758826425942,1.2444334,8.399757,4845
2371,0.004502947548212062,1.5794219,6.26283,4234
2372,0.010149180078551655,1.2685099,7.2348857,9543
2373,0.0031565300715855928,3.222265,12.367403,2968
2374,0.0004402976582333003,1.1972567,4.265133,414
2375,0.0012602722826243016,1.920521,8.20196,1185
2376,0.005715361389724049,2.3330529,9.174178,5374
2377,0.007324468532011448,2.7859254,10.231145,6887
2378,0.00263540482391816,2.257016,7.4511943,2478
2379,0.00010316152861987954,0.8659336,2.9146597,97
2380,0.0003031034603779966,1.3958383,6.5468454,285
2381,0.008063615566968317,2.399463,8.434145,7582
2382,0.0015984719331513294,2.490396,8.185582,1503
2383,0.0005349510195443238,1.5253446,11.044182,503
2384,0.0018079855531319097,1.8165746,6.230588,1700
2385,0.0005923811488791021,1.721209,7.506606,557
2386,0.0018186207622679796,3.0786314,10.363992,1710
2387,0.0006700181755724136,1.1734954,5.0358615,630
2388,0.0011826352559309902,1.68906,9.457367,1112
2389,0.0013964029595659984,2.8819125,8.836143,1313
2390,0.008011503042201574,1.8052424,7.5596957,7533
2391,0.0053367479444799545,2.5795853,10.919907,5018
2392,0.013800247374964505,0.9921683,4.5156565,12976
2393,0.0008678330655033166,1.3344877,5.690099,816
2394,0.0007178766166847288,1.2348844,4.9394717,675
2395,0.00207067521879284,1.7537031,5.9538436,1947
2396,0.002409938390233475,1.945049,8.811197,2266
2397,0.0029172378660240164,2.749721,12.345845,2743
2398,1.0635209136070057e-05,0.9664088,1.6142932,10
2399,0.05000037223231976,1.7643776,6.783056,47014
2400,0.0020026098803219918,1.9348992,6.834333,1883
2401,0.0006008893161879582,1.7697245,7.6255646,565
2402,0.002034515507730202,1.5904206,6.6446266,1913
2403,0.0011443485030411382,1.1060286,3.877004,1076
2404,0.0020228167776805248,1.4682971,5.5436997,1902
2405,0.0030395427710888222,1.5869148,6.045056,2858
2406,5.317604568035028e-06,0.8141967,1.3876812,5
2407,0.000935898403974165,1.7492406,9.94238,880
2408,0.00250033766789007,2.8978205,8.810468,2351
2409,0.0007391470349568689,1.4822218,6.897736,695
2410,0.0013123848073910449,1.1664586,4.6409483,1234
2411,8.508167308856045e-06,0.6344428,1.2885514,8
2412,0.0029533975770866545,1.9064077,7.730138,2777
2413,0.014523441596217268,2.4755564,8.423759,13656
2414,0.0029161743451104095,1.2127682,7.865301,2742
2415,0.0023801598046524785,3.373455,9.171409,2238
2416,0.0003605335897127749,1.5919509,11.130756,339
2417,0.007380835140432619,1.1136874,6.6528673,6940
2418,0.0029767950371860086,2.0434256,8.545273,2799
2419,0.0025354338580391013,2.0497808,7.0540147,2384
2420,0.0009273902366653089,2.1508026,7.2943897,872
2421,0.001509136176408341,1.4496431,5.5602493,1419
2422,0.0025407514626071366,1.2146041,4.244021,2389
2423,0.0024822578123587513,1.637053,7.659661,2334
2424,0.0011815717350173833,1.8949263,6.6692104,1111
2425,0.0012847332636372628,3.0738626,9.305976,1208
2426,0.0006827804265356976,2.1656659,10.91938,642
2427,0.007045826052646412,2.6029794,8.843801,6625
2428,0.002069611697879233,2.3575678,7.8568296,1946
2429,0.000755099848660974,1.3671732,9.320061,710
2430,0.0014474519634191346,2.130418,8.733184,1361
2431,0.0008125299779957523,1.8921362,6.411583,764
2432,0.00018292559714040495,6.6647563,12.876764,172
2433,0.0012570817198834807,2.3389618,9.694222,1182
2434,0.0032331035773652973,1.9786265,9.750139,3040
2435,0.0034543159273955544,0.9972356,3.2008705,3248
2436,0.0020015463594083844,2.6928525,9.647301,1882
2437,0.0012496370734882316,1.8075014,7.4364576,1175
2438,0.23442659738182423,3.0305178,9.725686,220425
2439,0.00876234880720812,2.5501184,9.661113,8239
2440,0.0032639456838599004,2.5728488,10.907745,3069
2441,0.0007806243505875421,1.8710625,6.094177,734
2442,0.0035691761860651107,2.1303658,8.054129,3356
2443,0.0010624573926933986,1.1911029,6.7893443,999
2444,0.0055707225454734955,4.078994,11.6188345,5238
2445,0.001680363043499069,1.5249408,6.411985,1580
2446,0.001141157940300317,2.8583846,11.191248,1073
2447,0.00036159711062638193,1.3797244,6.340485,340
2448,0.0008231651871318224,1.6183434,9.146768,774
2449,0.000953978259505484,1.3455807,5.4802747,897
2450,0.011728508635258058,1.3674333,7.128779,11028
2451,0.0013496080393672902,2.8066225,9.376285,1269
2452,0.002634341303004553,2.4512837,9.920705,2477
2453,0.0006136515671512422,1.3540102,6.5208716,577
2454,0.000562602563298106,2.2621434,9.121816,529
2455,0.0016527114997452867,2.8790693,9.4155655,1554
2456,0.00032969148321817176,1.494322,5.9712877,310
2457,0.0015410418038165512,1.7562379,5.960614,1449
2458,0.0038052778288858663,3.9790258,10.21793,3578
2459,0.000945470092196628,1.877516,6.213316,889
2460,0.0007997677270324682,1.5381159,5.695236,752
2461,0.00012762250963284068,1.190117,3.991474,120
2462,0.00016271869978187186,2.1792011,9.012123,153
2463,0.00167291839710382,1.4149715,7.6991453,1573
2464,2.3397460099354124e-05,0.8538711,1.4009722,22
2465,0.0010645844345206126,1.7925278,6.1373525,1001
2466,0.0020717387397064468,2.9744,10.648983,1948
2467,0.00014676588607776678,0.88565606,2.502733,138
2468,0.000580682418829425,0.8146803,2.4647455,546
2469,0.02723783411838902,1.5401492,5.931256,25611
2470,0.03985970032107696,1.7635255,6.2990975,37479
2471,4.360435745788723e-05,1.2126936,3.5180926,41
2472,0.0009061198183931688,1.262762,6.131142,852
2473,0.10808137636622556,1.1904404,5.5772443,101626
2474,0.0006189691717192773,1.4782677,7.3325095,582
2475,0.0019898476293587074,1.314225,4.093583,1871
2476,0.05347702209890107,2.0005536,6.96241,50283
2477,0.0009741851568640171,1.4279772,8.5064945,916
2478,0.01611765944571417,2.2174249,9.412818,15155
2479,0.0006912885938445537,1.1017873,4.19219,650
2480,0.0010645844345206126,1.449615,8.461093,1001
2481,0.0006051433998423862,5.763212,13.037466,569
2482,0.001898384830788505,3.0261135,9.014874,1785
2483,0.00044136117914690736,1.2672523,5.019916,415
2484,5.6366608421171295e-05,1.2622442,4.331733,53
2485,0.0006200326926328843,1.3964075,6.070763,583
2486,0.0017452378192290962,2.3285306,9.728208,1641
2487,0.002808758732836102,1.9741778,7.636072,2641
2488,0.0021068349298554783,1.685923,8.101057,1981
2489,0.0020313249449893807,2.085078,8.664083,1910
2490,0.0008763412328121726,1.7036576,8.01658,824
2491,0.0002594991029201094,1.672483,7.108271,244
2492,0.0023408095308490194,4.1866064,13.741782,2201
2493,0.0020111180476308477,3.303423,9.323841,1891
2494,0.00170482402451203,1.4864471,5.7936854,1603
2495,0.0012209220088208424,1.114893,5.75507,1148
2496,0.005211252476674327,5.390834,11.687618,4900
2497,0.002216377583957,3.6663918,11.226576,2084
2498,0.0014655318189504538,4.013375,12.560014,1378
2499,0.00133897283023122,1.5632843,6.3908577,1259
2500,0.0013900218340843565,1.6036478,6.6107903,1307
2501,0.0009018657347387407,2.508682,14.451205,848
2502,0.0011943339859806672,1.8406113,6.1747847,1123
2503,0.001103934708324072,1.328207,7.921659,1038
2504,0.0005721742515205691,1.9387105,10.4864855,538
2505,0.02785254920645387,1.7326576,6.3896284,26189
2506,0.005708980264242406,2.4089415,11.096352,5368
2507,0.0018292559714040498,3.6228259,11.581915,1720
2508,0.0004381706164060863,1.3815656,6.672376,412
2509,0.0005094265176177557,1.7042032,9.28361,479
2510,0.002116406618077941,1.2732826,7.415402,1990
2511,0.00027970600027864246,1.0726961,4.2075214,263
2512,0.0015665663057431193,1.2042153,4.8248577,1473
2513,0.0013379093093176132,2.2428207,6.3315144,1258
2514,0.007285118258207988,0.9547807,3.815045,6850
2515,0.009780138321530024,2.9460385,11.589525,9196
2516,0.005347383153616024,2.0467741,8.130749,5028
2517,0.005523927625274787,1.2429276,5.790697,5194
2518,0.00040413794717066216,1.0395308,3.467318,380
2519,0.009080341560376614,1.5060054,6.17137,8538
2520,0.001895194268047684,3.2140322,9.939359,1782
2521,0.0021078984507690852,1.71912,7.6484046,1982
2522,0.001309194244650224,2.0248897,6.645143,1231
2523,0.0018611615988122598,3.5876682,10.628307,1750
2524,0.024402487362712746,1.5955617,6.3312635,22945
2525,1.0635209136070057e-05,0.8887673,1.4215262,10
2526,0.0006966061984125887,2.3355584,10.188315,655
2527,0.0069511726913353885,1.0938054,3.7451808,6536
2528,0.0005338874986307168,2.2576997,7.8089585,502
2529,4.7858441112315255e-05,0.7437149,1.9391044,45
2530,0.0010667114763478266,1.6349808,7.675062,1003
2531,0.0009252631948380949,1.7660706,6.2966547,870
2532,0.0009858838869136943,1.3428051,5.992455,927
2533,0.0008497532099719975,1.9306324,10.506694,799
2534,0.05448949400865493,1.0535613,4.211053,51235
2535,0.0016569655833997149,1.5829595,5.288282,1558
2536,0.001149666107609173,1.5256464,5.7286386,1081
2537,0.0013836407086027143,1.7320176,9.235792,1301
2538,0.00260349919650995,2.7227213,8.542822,2448
2539,0.0002594991029201094,1.4645278,6.157876,244
2540,0.0014559601307279908,4.025015,10.649013,1369
2541,0.010160878808601332,1.4738662,7.5790644,9554
2542,0.009437684587348567,1.5984795,6.9404917,8874
2543,0.0005179346849266117,1.0262256,4.224094,487
2544,0.001894130747134077,1.5581027,5.9789915,1781
2545,0.0002424827683023973,1.7680992,6.944955,228
2546,0.002471622603222681,1.2296419,5.7084303,2324
2547,0.0022812523596870272,2.0651443,10.957903,2145
2548,0.001119887522028177,1.82555,6.715999,1053
2549,0.0025715935691017397,1.5165894,5.200365,2418
2550,0.005953590074372017,2.028252,9.804373,5598
2551,0.0030001924972853627,1.3957727,6.6614914,2821
2552,0.02304649819786381,2.0116656,6.9098473,21670
2553,0.0016048530586329716,1.6035132,6.70576,1509
2554,0.001345353955712862,2.75429,10.417439,1265
2555,0.009051626495709226,1.2904323,5.3223567,8511
2556,0.006415158150877458,2.0190802,7.8626475,6032
2557,0.00036691471519441696,1.6013067,9.992212,345
2558,0.0007285118258207988,1.3024355,4.846154,685
2559,0.0006413031109050244,1.0994136,3.7897341,603
2560,0.0027258041015747556,1.9475497,10.350991,2563
2561,0.00012762250963284068,1.3902748,5.452145,120
2562,8.508167308856045e-05,0.6021895,0.94812936,80
2563,0.0004530599091965844,1.2556202,8.78941,426
2564,2.9778585580996157e-05,0.7098849,1.5210013,28
2565,0.0031065445886460635,1.4703825,5.0000925,2921
2566,0.0015559310966070492,1.3376817,4.701034,1463
2567,0.005967415846248909,0.9450323,3.6429846,5611
2568,0.004069031015460404,1.6226473,4.841988,3826
2569,0.0016303775605595397,1.1085838,7.640864,1533
2570,0.0013900218340843565,1.4821061,9.162151,1307
2571,0.0017696988002420574,1.1909891,7.67823,1664
2572,0.0016048530586329716,1.7629561,6.766251,1509
2573,0.00046369511833265446,1.2389141,8.304458,436
2574,0.0019526243973824622,3.4193583,8.866134,1836
2575,0.0015665663057431193,3.8717554,13.147116,1473
2576,0.0016559020624861078,1.6318569,11.393345,1557
2577,0.000565793126038927,1.6697884,7.185811,532
2578,0.0010060907842722273,1.0763429,4.364466,946
2579,0.000945470092196628,1.4742463,9.42315,889
2580,9.57168822246305e-06,0.6220619,0.996948,9
2581,4.147731563067322e-05,1.6570169,4.2231665,39
2582,0.0016399492487820027,1.8519615,7.0071554,1542
2583,0.002674755097721619,2.262285,8.121466,2515
2584,0.00035202542240391887,1.6223687,6.9791613,331
2585,0.0003998838635162341,1.5179036,14.925746,376
2586,0.0016590926252269289,1.2069249,3.713623,1560
2587,0.003773372201477656,4.8805056,12.53124,3548
2588,0.0006880980311037326,1.90192,5.799221,647
2589,0.0006232232553737053,1.4884313,5.844077,586
2590,0.008866573856741606,1.8453106,7.2304797,8337
2591,0.0021802178728943617,0.79680574,2.88886,2050
2592,0.0017569365492787732,2.4833949,8.505469,1652
2593,0.009397270792631501,35.019043,62.618378,8836
2594,0.0006179056508056703,1.6045172,5.780581,581
2595,0.00021589474546222215,1.9228173,11.750367,203
2596,3.403266923542418e-05,0.9047614,1.6411817,32
2597,0.0039095028784193525,2.1250074,8.873531,3676
2598,0.00152721603193966,1.3062665,6.591334,1436
2599,0.01167107850592328,1.2453172,6.308106,10974
2600,0.0006934156356717677,1.0251095,2.9907272,652
2601,0.005086820529782308,2.3974972,10.439179,4783
2602,1.0635209136070056e-06,1.5322092,1.5322092,1
2603,0.0007104319702894797,1.1237267,4.530638,668
2604,0.00034670781783588384,2.093987,10.969999,326
2605,0.000377549924330487,1.6786108,9.231466,355
2606,0.0015484864502118,1.9682481,9.158028,1456
2607,0.02426954724851187,1.5869198,5.473327,22820
2608,0.000374359361589666,1.2554885,4.9949193,352
2609,0.005217633602155969,1.878462,7.660817,4906
2610,0.0012102867996847725,1.3583732,5.6503196,1138
2611,0.0018696697661211158,1.8848786,5.70137,1758
2612,3.084210649460316e-05,1.3331527,3.2453706,29
2613,0.018087300177714344,1.981895,6.7138367,17007
2614,0.0047124611681926415,2.4669046,7.225284,4431
2615,0.00149531040453145,1.3278757,4.906117,1406
2616,5.6366608421171295e-05,0.96648276,2.1562126,53
2617,0.0004700762438142965,0.92891335,2.894283,442
2618,0.003611717022609391,1.8428243,7.5296063,3396
2619,0.0039041852738513176,2.273808,6.686434,3671
2620,0.0005998257952743512,1.2764261,7.677108,564
2621,0.007155368706747934,2.1094472,11.209628,6728
2622,6.381125481642033e-06,1.053365,2.1940708,6
2623,0.0007285118258207988,1.4557288,6.8429837,685
2624,0.0010784102063975036,1.3853076,5.6427584,1014
2625,0.00076360801596983,1.6658661,7.6141357,718
2626,0.002630087219350125,1.901295,5.682159,2473
2627,0.005790871374590146,2.2070875,7.952098,5445
2628,0.004862417617011229,1.3344824,5.249641,4572
2629,0.001690998252635139,1.6618593,6.9496117,1590
2630,0.0017580000701923804,1.0155529,4.1143546,1653
2631,0.0021355499945228673,1.6705742,6.898216,2008
2632,0.003076766003065067,1.8734983,9.308675,2893
2633,0.0013847042295163214,1.5285865,6.707401,1302
2634,0.0017154592336481001,2.8974943,8.496486,1613
2635,0.001886686100738828,2.63747,8.179499,1774
2636,0.001304940160995796,2.0855708,7.383705,1227
2637,0.0019419891882463923,1.6658078,6.2386966,1826
2638,0.001297495514600547,1.6221976,8.774682,1220
2639,0.0025886099037194517,2.423846,7.717717,2434
2640,0.0007083049284622657,1.313229,5.7019053,666
2641,0.00014570236516415978,1.2207408,4.250661,137
2642,0.00019781488993090305,1.4462918,6.184716,186
2643,0.00619075523810638,1.1317474,5.1755266,5821
2644,0.0001318765932872687,1.3735507,7.205187,124
2645,0.006218406781860162,1.3183151,5.545423,5847
2646,0.0019568784810368904,1.5517893,5.079642,1840
2647,9.67804031382375e-05,1.0474403,2.519275,91
2648,0.0019941017130131354,2.145607,9.957581,1875
2649,0.005762156309922757,1.4504874,6.403756,5418
2650,0.004723096377328712,2.8452482,10.4324875,4441
2651,0.00635772802154268,2.2564704,9.052786,5978
2652,4.254083654428023e-05,1.1381009,3.1914113,40
2653,0.0019207187699742522,4.492459,11.846161,1806
2654,0.0014623412562096328,1.5252349,5.231583,1375
2655,0.00042009076087476724,1.3645968,7.0409126,395
2656,0.0001510199697321948,1.2593174,5.7851763,142
2657,3.935027380345921e-05,0.8601919,1.4672215,37
2658,0.0035213177449527956,1.1739442,5.5065284,3311
2659,2.5524501926568134e-05,1.5273546,4.4918947,24
2660,0.0018483993478489757,1.7597584,9.857415,1738
2661,0.0017399202146610611,1.4444879,5.2538967,1636
2662,0.003213960200920371,1.3867284,8.92963,3022
2663,0.004376388559492828,1.4941237,7.5029035,4115
2664,0.0012251760924752704,1.1784358,4.298284,1152
2665,0.00010528857044709356,1.5110359,7.631943,99
2666,0.001299622556427761,1.7097796,8.183827,1222
2667,0.027630273335510006,1.5462097,6.8266015,25980
2668,0.0006402395899914174,1.2774613,5.718432,602
2669,0.00017973503439958394,1.6293068,7.8626256,169
2670,0.003421346779073737,1.8058242,6.208446,3217
2671,0.0018090490740455165,1.3360271,4.353221,1701
2672,0.0023918585347021556,1.5874299,6.142917,2249
2673,0.000571110730606962,1.3793031,4.627511,537
2674,0.0006115245253240282,2.4047194,10.882529,575
2675,0.0027630273335510006,3.9557235,14.039217,2598
2676,0.0014846751953953798,3.4599936,8.381334,1396
2677,0.008396497612927309,1.6890827,8.281787,7895
2678,0.00047964793203675955,1.3974876,9.383747,451
2679,0.0009571688222463051,1.0402948,4.5855002,900
2680,0.0003626606315399889,1.8163568,8.179057,341
2681,0.0021536298500541865,3.3010979,11.7650795,2025
2682,0.0003265009204773507,1.598708,7.7921243,307
2683,0.00010316152861987954,0.9327723,1.7584269,97
2684,0.007670112828933724,2.1674972,10.570259,7212
2685,0.0020047369221492055,3.5640717,11.463668,1885
2686,0.005332493860825526,2.1159859,9.610639,5014
2687,0.005968479367162515,1.7224939,6.451603,5612
2688,0.002456733310432183,3.0045054,8.275803,2310
2689,5.7430129334778304e-05,2.1822438,11.533136,54
2690,0.0003275644413909577,1.9756781,7.2324166,308
2691,0.0006880980311037326,1.5339675,5.166216,647
2692,0.00055409439598925,1.6938227,7.198742,521
2693,0.002977858558099616,2.1107347,8.066542,2800
2694,1.3825771876891073e-05,1.0746104,1.7739754,13
2695,0.00646408011290338,1.5470643,6.3221574,6078
2696,0.002275934755118992,2.8876588,8.311489,2140
2697,0.005818522918343927,1.6830446,6.074912,5471
2698,0.0010656479554342197,1.5591301,7.526224,1002
2699,0.0007274483049071918,1.3666465,7.3478985,684
2700,0.00034883485966309783,1.717835,9.511149,328
2701,2.233393918574712e-05,0.8335994,2.6790822,21
2702,0.0012156044042528073,2.0222092,7.9297395,1143
2703,0.0019462432719008203,2.4459639,8.458491,1830
2704,0.0005392051031987518,1.4244245,5.6302414,507
2705,0.00017548095074515594,1.2652897,5.2824125,165
2706,0.0010007731797041922,1.0870181,5.646557,941
2707,0.0037297678440197687,1.2085935,5.170413,3507
2708,0.0010496951417301146,1.4358282,7.3594756,987
2709,0.0021717097055855054,2.1765013,7.530906,2042
2710,0.0020153721312852757,1.5755153,5.658694,1895
2711,0.002618388489300448,4.755915,11.46129,2462
2712,0.0004924101830000436,1.4584546,6.559691,463
2713,0.00151658082280359,1.3272902,6.7651644,1426
2714,0.0012347477806977335,3.125522,8.514076,1161
2715,0.0007529728068337599,1.4238617,7.1762214,708
2716,0.002673691576808012,3.6870015,13.194296,2514
2717,9.67804031382375e-05,1.8975874,8.132774,91
2718,0.0015399782829029441,1.5700783,8.1276,1448
2719,0.0026726280558944052,1.4974972,7.08895,2513
2720,0.005235713457687289,2.1051245,8.412574,4923
2721,0.0011720000467949202,1.0127158,3.366438,1102
2722,3.1905627408210167e-06,2.553405,3.9339807,3
2723,0.0022408385649699608,1.5720695,8.992618,2107
2724,2.1270418272140113e-06,0.6338469,0.68163586,2
2725,0.0002850236048466775,1.3239225,4.3640943,268
2726,0.002405684306579047,1.6696675,8.707697,2262
2727,0.00133897283023122,2.2224739,8.006495,1259
2728,0.002625833135695697,2.1151316,8.380923,2469
2729,0.001692061773548746,1.9507118,6.6939077,1591
2730,0.004326403076553299,1.508603,6.2440453,4068
2731,0.0005189982058402188,1.6842742,9.369992,488
2732,0.0015623122220886913,1.5284479,5.7836947,1469
2733,0.00190370243535654,2.2628808,7.192544,1790
2734,0.0023323013635401634,2.0703404,7.8333807,2193
2735,0.03670955137497301,3.7014387,9.929117,34517
2736,0.0017984138649094466,1.7532709,7.3819222,1691
2737,0.0022259492721794626,2.6635773,9.611352,2093
2738,0.003752101783205516,1.7544531,6.8738556,3528
2739,0.00340964804902406,1.7721456,9.144907,3206
2740,0.00017335390891794192,1.526006,5.5056605,163
2741,0.00027757895845142847,1.1977197,5.5170174,261
2742,0.001693125294462353,2.5623412,10.083865,1592
2743,0.00027119783296978645,1.5629233,5.7852716,255
2744,2.8715064667389152e-05,0.7831684,1.4890152,27
2745,0.001341099872058434,2.2930923,9.770969,1261
2746,0.0002658802284017514,1.005171,5.1813326,250
2747,0.004957070978322253,2.2427142,11.422088,4661
2748,0.004606109076831942,1.2571715,6.472067,4331
2749,0.011972054924474063,1.0747333,3.6531703,11257
2750,0.002073865781533661,1.433831,6.112708,1950
2751,0.0025301162534710664,1.9387857,8.981183,2379
2752,0.0008657060236761026,1.6025739,6.337964,814
2753,6.487477573002735e-05,0.85823905,1.8079213,61
2754,0.0009965190960497642,1.7606281,7.6243615,937
2755,0.0021951071656848595,2.4781144,7.440008,2064
2756,0.002104707888028264,1.3164799,5.784239,1979
2757,0.006461953071076166,1.3486711,5.7873287,6076
2758,0.000743401118611297,1.3487741,5.17553,699
2759,0.0012730345335875857,3.2470708,9.504217,1197
2760,0.00577491856088604,1.454662,6.005147,5430
2761,0.0033171217295402504,1.5627589,5.940776,3119
2762,0.004320021951071657,1.319744,8.299897,4062
2763,0.0016367586860411816,1.2888261,6.712966,1539
2764,0.0025556407553976347,1.2322856,4.494565,2403
2765,4.041379471706622e-05,0.9234543,2.0937288,38
2766,0.00019249728536286802,0.9426824,3.1143816,181
2767,0.0004530599091965844,1.7579027,8.1174755,426
2768,0.0001116696959287356,1.1957119,5.164995,105
2769,0.00095185121767827,2.179979,11.296656,895
2770,0.0046752379362163966,2.3012788,8.884592,4396
2771,4.2540836544280225e-06,2.368823,3.0621748,4
2772,0.00040520146808426915,1.6429486,11.907297,381
2773,0.00228018883877342,2.1371365,9.28788,2144
2774,4.2540836544280225e-06,0.94262516,1.2270204,4
2775,0.002270617150550957,3.2528434,9.357295,2135
2776,0.005081502925214273,4.1056223,12.755892,4778
2777,0.0008593248981944605,1.3979905,5.636331,808
2778,0.0015708203893975473,1.1920362,5.1397486,1477
2779,0.0011677459631404923,3.1420152,9.817491,1098
2780,0.0038403740190348975,1.3401825,6.0753403,3611
2781,0.006907568333877501,2.7395315,10.883895,6495
2782,0.0027438839571060744,1.5811831,8.063156,2580
2783,0.0004732668065551175,1.0259337,5.7963095,445
2784,0.00012017786323759164,0.8854088,2.245162,113
2785,0.000577491856088604,2.2139723,8.521252,543
2786,0.0009146279857020249,1.8959458,8.445264,860
2787,0.002864061820343666,2.4450984,8.875852,2693
2788,0.000935898403974165,1.3550942,5.720854,880
2789,0.002296141652477525,1.8755465,7.7145324,2159
2790,0.002234457439488319,1.7933533,5.7413154,2101
2791,0.002058976488743163,1.5507098,6.051549,1936
2792,0.0010316152861987954,1.7178506,6.9280324,970
2793,0.002080246907015303,1.7831757,6.547176,1956
2794,2.3397460099354124e-05,3.3038213,5.6706696,22
2795,0.0006093974834968142,2.0092628,6.586178,573
2796,0.0002424827683023973,1.7812022,10.8943205,228
2797,4.573139928510124e-05,1.156728,2.6264987,43
2798,0.019021071539861295,0.8389405,3.1474934,17885
2799,0.0019813394620498514,2.9221199,9.7768755,1863
2800,0.0031235609232637754,2.9840214,9.3082075,2937
2801,0.0035117460567303327,1.7176096,5.6860094,3302
2802,0.0019568784810368904,1.448911,7.3645225,1840
2803,0.0006136515671512422,1.5365753,4.650638,577
2804,0.00187179680794833,2.6742127,11.1925535,1760
2805,0.001700569940857602,1.5332851,6.639178,1599
2806,0.0048251943850349845,2.4545946,11.896813,4537
2807,0.0007689256205378651,1.6933928,7.16395,723
2808,0.0012623993244515158,2.1724708,10.480809,1187
2809,0.00019143376444926102,1.7393501,13.587455,180
2810,0.0012826062218100488,2.7022834,8.612001,1206
2811,0.00015633757430022984,1.3283712,5.331018,147
2812,0.007935993057335475,1.5549903,4.1513305,7462
2813,0.002140867599090902,2.724545,8.7194195,2013
2814,0.0010624573926933986,1.6651201,7.7075415,999
2815,0.00023397460099354125,1.6023114,5.868968,220
2816,0.0002765154375378215,1.7333854,7.5904827,260
2817,0.0022131870212161787,1.9734787,10.267898,2081
2818,0.00246843204048186,2.2922149,7.8610687,2321
2819,0.004869862263406479,1.3932462,6.1345835,4579
2820,0.0024748131659635022,1.4870659,6.9638367,2327
2821,5.9557171161992314e-05,1.715926,8.068962,56
2822,0.0001137967377559496,1.2235353,4.663762,107
2823,3.1905627408210167e-06,0.60295624,0.8839543,3
2824,0.002654548200363086,2.927367,10.905299,2496
2825,0.0002648167074881444,2.5193892,8.864099,249
2826,0.0015729474312247613,1.4924959,6.957442,1479
2827,0.002797060002786425,1.9139928,8.404606,2630
2828,0.0028863957595294133,3.1181176,13.740612,2714
2829,0.0012560181989698736,1.0950509,4.6278076,1181
2830,0.004890069160765012,4.371448,14.791323,4598
2831,0.0003584065478855609,1.6767232,8.554608,337
2832,0.002639658907572588,1.7174323,9.679516,2482
2833,0.0011507296285227801,3.6685586,12.316096,1082
2834,0.0027417569152788607,3.9866068,12.508995,2578
2835,0.0027981235237000317,4.469073,11.47653,2631
2836,0.00010847913318791457,1.9378915,8.117239,102
2837,0.000743401118611297,1.3392957,8.499003,699
2838,0.0014134192941837106,2.2511044,10.343817,1329
2839,0.0646408011290338,1.1102879,6.144836,60780
2840,0.00016590926252269287,1.4818885,5.4418755,156
2841,0.00019249728536286802,1.288723,4.8662357,181
2842,0.006905441292050288,1.8247975,7.2700458,6493
2843,0.00011805082141037762,1.5858593,10.752669,111
2844,0.001309194244650224,1.3353534,7.1478896,1231
2845,9.35898403974165e-05,0.7347275,1.4671669,88
2846,0.002609880321991592,1.7547351,8.521875,2454
2847,0.0010794737273111107,1.6448079,8.805738,1015
2848,0.011237161973171622,1.5327648,7.725362,10566
2849,0.0006104610044104212,2.1874578,11.070374,574
2850,0.0010613938717797917,1.1499261,6.1318555,998
2851,0.0013442904347992551,1.5705901,8.010828,1264
2852,0.008876145544964069,1.7796751,7.205069,8346
2853,0.00012655898871923366,1.1173581,3.49035,119
2854,0.0031224974023501685,1.3754814,6.3076177,2936
2855,0.002090882116151373,2.6761856,7.729829,1966
2856,0.0005232522894946468,1.0308098,2.9497228,492
2857,0.0033830600261838847,1.5089384,7.7328424,3181
2858,0.001898384830788505,1.4787239,9.557268,1785
2859,0.0005423956659395729,2.442727,10.982938,510
2860,0.001315575370131866,2.2806864,7.2663865,1237
2861,0.007694573809946686,1.6035872,8.469453,7235
2862,0.0004030744262570551,0.7226791,2.2033472,379
2863,0.004039252429879407,1.5287101,7.158866,3798
2864,0.007292562904603238,1.2902036,5.2131224,6857
2865,0.002663056367671942,2.487502,8.320074,2504
2866,0.0025364973789527086,4.367624,13.536995,2385
2867,0.0008465626472311765,1.084399,4.726932,796
2868,0.009823742678987911,1.2498305,5.4184804,9237
2869,0.01879241454343579,1.4704906,6.882808,17670
2870,0.09492455914399328,1.3163866,7.220418,89255
2871,0.0002669437493153584,1.5902025,6.8446345,251
2872,0.004913466620864366,1.5357875,8.839088,4620
2873,0.0008710236282441377,1.2671497,5.8035045,819
2874,0.0003584065478855609,1.9238201,8.752468,337
2875,9.890744496545152e-05,2.0906475,8.052367,93
2876,0.0013730054994666443,2.4141486,8.5428505,1291
2877,0.028375801495948517,1.5959004,7.7766376,26681
2878,0.003366043691566173,4.0907903,10.397369,3165
2879,0.0038446281026893255,1.5603551,5.7399583,3615
2880,0.0022185046257842136,1.6210935,7.31977,2086
2881,0.0003637241524535959,1.2069453,7.4499884,342
2882,0.0019345445418511432,2.000429,11.082776,1819
2883,0.0014325626706286367,2.920376,10.366317,1347
2884,0.013015368940722534,2.4702544,10.37777,12238
2885,0.0029246825124192655,1.704856,7.4028745,2750
2886,5.3176045680350284e-05,1.4391521,5.461583,50
2887,0.0012751615754147997,1.832588,7.1099076,1199
2888,4.466787837149424e-05,1.5871606,4.7840743,42
2889,0.0020281343822485596,2.3843749,6.276813,1907
2890,0.00015846461612744383,1.1412358,4.0343595,149
2891,0.0021738367474127196,2.0354562,6.861961,2044
2892,0.0029342542006417283,2.6662695,9.454182,2759
2893,0.009117564792352859,2.0976772,9.104622,8573
2894,0.0023790962837388716,2.4870968,10.749535,2237
2895,0.0007317023885616198,1.321864,4.300365,688
2896,0.0011847622977582042,1.563,7.827289,1114
2897,0.0010613938717797917,1.411114,5.659593,998
2898,0.0012592087617106947,1.5284512,6.396916,1184
2899,2.9778585580996157e-05,0.65603185,1.1574434,28
2900,0.00010528857044709356,0.8551202,1.7187785,99
2901,0.0009635499477279471,2.0065255,6.4585786,906
2902,0.0003647876733672029,1.256013,4.2068944,343
2903,0.0005285698940626817,1.3151851,5.137409,497
2904,0.0016973793781167809,3.3291962,9.803543,1596
2905,6.381125481642033e-06,0.68812567,0.9768874,6
2906,0.0012262396133888775,1.9267728,7.6562448,1153
2907,0.008095521194376527,1.8580366,6.4695144,7612
2908,0.002641785949399802,2.5606384,8.968002,2484
2909,0.00037116879884884494,1.7927737,8.537957,349
2910,0.003416029174505702,2.3333185,8.136891,3212
2911,0.0015825191194472244,1.6007606,8.024445,1488
2912,0.009813107469851841,1.4072667,5.4593706,9227
2913,0.000947597134023842,1.2710078,3.880165,891
2914,0.0008295463126134644,1.8291992,6.5728617,780
2915,0.002460987394086611,2.1843014,7.7361426,2314
2916,0.001333655225663185,2.1826267,7.2076135,1254
2917,0.004081793266423687,3.0854282,10.381609,3838
2918,0.03410286161572224,1.8645203,6.8978944,32066
2919,0.001331528183835971,1.8229966,8.646287,1252
2920,0.002497147105149249,1.5451722,11.437759,2348
2921,0.0004307259700108373,1.6147442,5.8966537,405
2922,0.0002446098101296113,1.6220306,11.348054,230
2923,6.381125481642033e-06,0.72655755,1.283566,6
2924,0.00011060617501512859,0.8687449,1.9867612,104
2925,0.006106737085931426,1.3412045,6.3638787,5742
2926,0.006126943983289959,1.2839774,4.452863,5761
2927,0.0009592958640735191,2.2024896,9.2065935,902
2928,0.005822777001998356,0.84267056,2.585269,5475
2929,0.008784682746393867,22.579649,44.22871,8260
2930,0.004965579145631109,1.9064382,8.113599,4669
2931,0.00019887841084451004,0.9459136,2.9653318,187
2932,0.001324083537440722,1.1408806,4.4557514,1245
2933,0.0034628240947044103,1.3347263,4.462546,3256
2934,0.00677675526150384,2.5270476,10.448803,6372
2935,0.0011188240011145698,1.6544822,8.805455,1052
2936,0.002685390306857689,2.2827284,9.489854,2525
2937,0.00032862796230456476,1.1674397,5.7239347,309
2938,0.0016676007925357848,2.2446356,8.6571045,1568
2939,0.002488638937840393,2.989584,9.894675,2340
2940,0.008586867856462963,1.716426,7.895183,8074
2941,0.00284491844389874,1.5835427,5.814489,2675
2942,0.006455571945594524,1.9491438,7.903538,6070
2943,0.0015718839103111544,2.0104654,10.502028,1478
2944,0.000759353932315402,1.4603469,4.8602557,714
2945,0.0023440000935898405,2.3326554,10.15305,2204
2946,0.000553030875075643,1.2974665,7.340555,520
2947,0.0011081887919785,1.1573684,5.7008357,1042
2948,9.67804031382375e-05,0.93819314,2.6112363,91
2949,0.0003562795060583469,1.5031475,5.1549993,335
2950,0.001684617127153497,2.124439,8.568082,1584
2951,0.0001722903880043349,2.108507,9.444545,162
2952,0.003944599068568384,1.1771443,3.8899574,3709
2953,0.00034777133874949083,2.005907,9.93973,327
2954,0.0016527114997452867,1.7118626,6.295626,1554
2955,0.0001137967377559496,1.251403,5.1721606,107
2956,0.001700569940857602,3.7348104,11.3117075,1599
2957,0.000578555377002211,1.0652202,4.945946,544
2958,0.001136903856645889,1.7431713,6.361853,1069
2959,0.015545485194193602,1.4207028,5.0347433,14617
2960,0.0018771144125163649,1.7027854,7.038273,1765
2961,0.12101166363385953,1.7358416,7.871395,113784
2962,0.0013847042295163214,2.4253943,8.365308,1302
2963,0.00020313249449893807,1.5241773,4.7346034,191
2964,0.0019132741235790031,1.50344,5.9811625,1799
2965,0.003073575440324246,2.082388,8.9752655,2890
2966,0.006913949459359144,2.353965,9.762393,6501
2967,0.0035000473266806557,1.3234471,6.0237117,3291
2968,0.0019366715836783572,1.5030035,8.450264,1821
2969,0.001333655225663185,1.315437,6.7211227,1254
2970,0.0004158366772203392,1.3439591,8.812179,391
2971,0.0024822578123587513,1.3121924,6.21083,2334
2972,0.0009199455902700599,2.0411215,6.4898014,865
2973,0.005214443039415148,1.3064935,4.999597,4903
2974,0.00033926317144063477,1.2937521,6.1625214,319
2975,0.005713234347896834,2.620455,8.200766,5372
2976,0.0012879238263780839,1.5854309,6.677921,1211
2977,0.0018441452641945477,2.921781,9.876977,1734
2978,0.0013623702903305742,1.3309442,4.161668,1281
2979,0.0017229038800433492,2.8740396,9.296242,1620
2980,0.0018218113250088007,1.4694965,6.6370296,1713
2981,0.0007210671794255498,0.8944335,2.8880868,678
2982,0.00023716516373436226,1.1614918,4.317497,223
2983,0.0016973793781167809,1.1976041,4.5491304,1596
2984,0.0033022324367497527,2.1113338,7.402216,3105
2985,0.00038499457072573603,1.5068694,6.325551,362
2986,0.0017133321918208861,2.0525737,9.715108,1611
2987,2.233393918574712e-05,1.2336665,2.252733,21
2988,0.002832156192935456,1.4400597,5.463246,2663
2989,0.0012719710126739788,1.7062488,10.394779,1196
2990,0.0002680072702289654,2.045433,8.867884,252
2991,0.010100258116525733,2.1339538,10.1405,9497
2992,0.0007327659094752269,1.2069848,8.3791,689
2993,0.0011103158338057139,2.3388805,7.6438556,1044
2994,0.015548675756934423,1.3045702,4.685612,14620
2995,0.008166777095588195,1.6243347,9.21876,7679
2996,0.003412838611764881,2.0378962,9.387051,3209
2997,0.0016410127696956096,1.2171893,4.089244,1543
2998,0.0006072704416696002,2.686259,8.372135,571
2999,0.00116136483765885,1.5211179,7.379801,1092
3000,0.002156820412795007,1.3248311,4.5380974,2028
3001,0.0016388857278683956,2.7522528,8.218336,1541
3002,0.0012634628453651227,1.7396628,5.9729333,1188
3003,0.005112345031708876,1.7917762,8.092957,4807
3004,0.0018313830132312638,3.6721797,10.47652,1722
3005,0.006823550181702548,1.9353306,8.481794,6416
3006,0.0007263847839935848,1.8460162,8.228829,683
3007,0.001546359408384586,3.0284498,10.963393,1454
3008,0.002129168869041225,1.8511791,7.442483,2002
3009,0.0014836116744817729,2.9330695,11.001839,1395
3010,0.0005753648142613901,1.6096463,8.148771,541
3011,0.0010645844345206126,1.7519068,6.414446,1001
3012,0.0018569075151578318,1.4470898,7.6734767,1746
3013,0.00010635209136070057,1.0711908,3.2657845,100
3014,0.0006519383200410944,1.7218542,7.8102245,613
3015,0.0004094555517386972,1.3270948,6.6542387,385
3016,0.003025716999211931,1.659837,5.739058,2845
3017,0.002120660701732369,2.5433328,9.66439,1994
3018,0.0017665082375012363,1.3982089,6.176326,1661
3019,0.0029225554705920513,2.4903767,8.200772,2748
3020,0.00038924865438016407,1.3980356,7.6431613,366
3021,0.0071362253303030075,2.1530793,10.338626,6710
3022,0.0015293430737668742,1.3662274,6.2756724,1438
3023,1.4889292790498078e-05,0.77415496,1.1545284,14
3024,0.006135452150598815,1.6968062,7.5463963,5769
3025,9.57168822246305e-06,1.3723013,2.435326,9
3026,0.0050910746134367356,1.5868977,7.6231837,4787
3027,0.0015633757430022982,1.6858034,9.050825,1470
3028,0.0016197423514234695,2.4621642,9.981475,1523
3029,0.0002658802284017514,1.0616622,3.0255737,250
3030,0.012989844438795967,1.0486114,4.149044,12214
3031,0.0019887841084451005,1.9497848,7.1853843,1870
3032,0.005141060096376265,2.8057766,9.414997,4834
3033,0.00601314724553401,1.0290928,3.170132,5654
3034,0.0008242287080454293,1.0773113,3.6213546,775
3035,0.00923774265559045,1.9530872,7.556782,8686
3036,0.0021312959108684393,1.4131905,6.318521,2004
3037,0.0014463884425055277,2.2409275,9.928311,1360
3038,0.01005452671724063,1.7023362,7.1889334,9454
3039,0.00024354628921600428,1.3410788,5.388612,229
3040,0.005595183526486457,1.2262477,4.8319397,5261
3041,2.233393918574712e-05,1.0291965,2.375249,21
3042,0.0005434591868531799,1.7588344,7.686385,511
3043,2.233393918574712e-05,0.7212532,1.6116374,21
3044,0.0004987913084816857,1.01146,4.2699804,469
3045,0.0018250018877496216,2.995242,8.30729,1716
3046,0.0016771724807582479,1.4050386,6.060623,1577
3047,0.022354146083105653,1.350881,9.005758,21019
3048,0.0017633176747604154,1.5684292,7.195164,1658
3049,0.0004913466620864366,1.6347748,12.212607,462
3050,0.00546968805868083,2.5118668,9.334641,5143
3051,2.9778585580996157e-05,0.7050543,1.5231013,28
3052,0.0038946135856288548,2.956531,10.587899,3662
3053,0.007903023909013658,1.5097427,5.2498984,7431
3054,0.0013751325412938583,1.9450126,7.1039786,1293
3055,0.03673188531415876,1.0589657,4.3361077,34538
3056,0.0018271289295768356,2.1399398,5.8714204,1718
3057,0.0018515899105897968,2.2922153,10.364822,1741
3058,0.0011103158338057139,1.8473808,7.5945625,1044
3059,0.005854682629406566,1.358913,6.31964,5505
3060,0.0028895863222702343,2.6359403,9.059137,2717
3061,0.0013357822674903992,3.3602896,10.778831,1256
3062,0.00010954265410152158,1.2024125,4.9809318,103
3063,0.0008497532099719975,2.1266565,6.538929,799
3064,0.0012304936970433055,1.8311535,6.9943786,1157
3065,0.000950787696764663,1.4697622,5.602657,894
3066,0.0012847332636372628,2.159604,9.657869,1208
3067,0.0008657060236761026,1.2381511,7.5635443,814
3068,0.0009039927765659548,1.3972558,7.864651,850
3069,0.0009295172784925229,1.7535034,8.794644,874
3070,0.00027119783296978645,1.8828157,9.138166,255
3071,0.003402203402628811,1.4804139,6.5995245,3199
3072,0.0012730345335875857,1.95088,7.62644,1197
3073,0.0004924101830000436,1.3652846,11.384155,463
3074,0.0013687514158122163,1.0545257,5.893363,1287
3075,0.0006732087383132346,2.046312,10.491371,633
3076,0.0007380835140432619,1.3664805,6.10261,694
3077,0.0013613067694169673,1.5407164,9.750367,1280
3078,0.0023120944661816304,1.0194004,3.727457,2174
3079,0.001147539065781959,1.0657418,4.40829,1079
3080,0.0010252341607171534,2.2631652,9.536353,964
3081,0.0005062359548769346,1.5544736,7.5959907,476
3082,0.000571110730606962,1.3719698,4.9955316,537
3083,0.0011762541304493482,1.298378,5.8736253,1106
3084,0.0016718548761902128,2.9689257,8.623666,1572
3085,0.005836602773875247,1.9347273,7.7174916,5488
3086,0.0007689256205378651,1.343133,7.9020314,723
3087,0.0011890163814126324,1.5452405,5.72285,1118
3088,0.00575045757987308,2.165328,8.931333,5407
3089,0.0020111180476308477,1.6313146,8.644863,1891
3090,0.0009039927765659548,1.2503316,4.927445,850
3091,1.1698730049677062e-05,0.90191174,1.8028046,11
3092,0.0002456733310432183,1.4727578,6.827775,231
3093,0.0007912595597236122,1.9825556,5.5386376,744
3094,0.00047858441112315255,0.8095435,3.4130723,450
3095,0.008309288898011535,1.6301864,6.068962,7813
3096,0.0031331326114862387,2.4557195,10.254707,2946
3097,0.00023610164282075524,1.5334941,7.5362463,222
3098,0.006865027497333222,1.8069106,14.816017,6455
3099,0.00020206897358533108,0.899325,2.5556848,190
3100,0.000563666084211713,1.5902365,6.6039796,530
3101,0.0033235028550218926,4.3517604,11.284859,3125
3102,0.0018154301995271585,1.4443163,7.339899,1707
3103,0.0018101125949591236,4.0670924,11.081717,1702
3104,0.004846464803307125,1.9352851,9.101226,4557
3105,0.00380740487071308,2.839437,9.222075,3580
3106,0.03647557677397947,1.1436864,6.6131315,34297
3107,0.003771245159650442,2.1371868,7.754946,3546
3108,0.0036702106728577766,1.2972206,5.995389,3451
3109,1.5952813704105085e-05,0.7271902,1.0788302,15
3110,0.0012156044042528073,1.6529546,6.3702636,1143
3111,0.006172675382575061,2.2331212,12.034896,5804
3112,0.0013644973321577881,1.5072958,6.948498,1283
3113,0.0030820836076331025,1.8917984,8.387195,2898
3114,0.00019568784810368903,1.9478106,8.74039,184
3115,0.00022121235003025718,1.3482398,3.739388,208
3116,0.00035202542240391887,1.5550857,7.072261,331
3117,0.0032607551211190793,2.168004,8.305171,3066
3118,0.0018569075151578318,1.4613217,7.559337,1746
3119,0.0022769982760325993,1.3201439,5.745529,2141
3120,0.004355118141220688,1.7066258,6.9463067,4095
3121,0.0009933285333089432,1.670479,9.613119,934
3122,0.005009183503088996,2.2996364,9.469092,4710
3123,0.0019441162300736063,1.863005,9.2483,1828
3124,0.0007667985787106511,1.4884392,5.4940395,721
3125,1.8079855531319095e-05,0.91082126,1.6630057,17
3126,0.000947597134023842,1.34336,5.2430763,891
3127,0.0002116406618077941,2.317577,11.173854,199
3128,0.0014570236516415977,2.641144,8.04458,1370
3129,0.008782555704566652,24.78212,50.902306,8258
3130,4.466787837149424e-05,0.8112787,1.3477031,42
3131,0.0011911434232398464,3.662271,10.350782,1120
3132,0.0015899637658424734,1.3495363,6.0633774,1495
3133,0.002527989211643852,1.6221654,6.5507455,2377
3134,0.002314221508008844,1.8961176,11.460107,2176
3135,0.0008221016662182154,1.8872323,10.426239,773
3136,0.0020238802985941317,2.6396163,9.2485285,1903
3137,0.0010390599325940445,1.5913471,8.068688,977
3138,0.019306095144707974,2.1479468,10.1076765,18153
3139,2.9778585580996157e-05,1.01492,2.199441,28
3140,0.006566178120609653,1.759605,6.3675814,6174
3141,0.0015878367240152594,1.6739243,7.382889,1493
3142,0.00028608712576028454,1.172351,4.2690673,269
3143,0.004032871304397765,1.7375232,6.6407022,3792
3144,0.0022652995459829218,1.1133959,3.3491514,2130
3145,0.0028885228013566275,3.4934378,11.529232,2716
3146,0.0004966642666544716,1.3910923,4.849207,467
3147,0.0005030453921361137,1.4501122,4.6946344,473
3148,0.00027864247936503547,1.3832633,5.531016,262
3149,0.0010029002215314062,1.7106586,9.088071,943
3150,0.0025024647097172843,0.832211,3.233549,2353
3151,0.0012432559480065896,1.3334715,5.2307363,1169
3152,0.005883397694073955,1.3028613,6.181644,5532
3153,0.0019866570666178863,1.6878924,6.868185,1868
3154,0.0002073865781533661,0.9011077,3.090181,195
3155,0.0008465626472311765,1.683772,8.599708,796
3156,0.0006466207154730595,1.1786494,4.1682878,608
3157,0.004640141746067365,2.9326072,8.831865,4363
3158,0.002326983758972128,1.7769401,7.103769,2188
3159,0.0002850236048466775,1.5473117,7.962135,268
3160,0.0018133031576999445,1.5204867,6.1801577,1705
3161,0.00043604357457887233,2.046355,9.259657,410
3162,0.0016612196670541428,1.6469159,7.7230515,1562
3163,0.004397658977764968,1.6591047,10.983712,4135
3164,0.000747655202265725,1.8124703,7.76007,703
3165,0.10147797501363966,2.1742208,8.629214,95417
3166,0.003621288710831854,2.1138408,8.862485,3405
3167,1.1698730049677062e-05,1.0099828,1.523349,11
3168,0.006784199907899089,1.4495276,5.6382203,6379
3169,0.000380740487071308,1.698168,10.365756,358
3170,0.0022014882911665016,1.9094533,9.565502,2070
3171,9.57168822246305e-06,0.76555085,1.1612304,9
3172,3.1905627408210167e-06,0.643504,0.8210865,3
3173,0.001692061773548746,1.4955764,9.736725,1591
3174,0.0025694665272745255,2.1874378,7.812072,2416
3175,0.0012507005944018387,1.8947173,9.221895,1176
3176,0.0008359274380951064,1.6557927,7.684754,786
3177,0.0036595754637217064,1.8879569,9.058676,3441
3178,0.003056559105706534,3.0895653,10.290416,2874
3179,0.0029640327862227246,1.205715,4.2983003,2787
3180,0.00025843558200650235,1.5938736,7.43687,243
3181,0.0035681126651515038,1.0808846,5.170888,3355
3182,2.446098101296113e-05,1.6587592,4.766924,23
3183,0.008685775301428415,19.265675,43.319874,8167
3184,0.0016176153095962555,2.1839676,8.897478,1521
3185,0.00229082404790949,2.608875,9.247797,2154
3186,0.001703760503598423,2.9417102,8.892752,1602
3187,0.0004307259700108373,1.3508422,4.630219,405
3188,0.0018175572413543727,2.38804,12.723808,1709
3189,0.0009167550275292389,1.9671226,8.7171545,862
3190,0.0023620799491211597,2.1144955,8.300622,2221
3191,0.001864352161553081,2.8812423,9.496807,1753
3192,0.00017973503439958394,0.8168141,2.647035,169
3193,0.0012698439708467646,1.5613476,8.405595,1194
3194,0.00019568784810368903,1.7027019,6.937006,184
3195,0.0013836407086027143,1.0796102,4.001817,1301
3196,0.0011028711874104648,1.7433414,9.400645,1037
3197,0.001498500967272271,3.4744728,10.55469,1409
3198,0.0002520544565248603,1.1239425,3.2821789,237
3199,0.0086836482596012,1.8038313,6.8515635,8165
3200,0.004375325038579221,1.592633,7.216893,4114
3201,0.003637241524535959,1.3981965,7.504026,3420
3202,7.444646395249039e-06,0.9460405,1.5846883,7
3203,0.00035202542240391887,1.1708262,4.0166745,331
3204,0.006510875033102088,1.8572893,7.506269,6122
3205,0.0030969729004236,2.9572515,8.459574,2912
3206,0.0010550127462981495,1.6130799,8.615903,992
3207,4.147731563067322e-05,0.6735822,1.163416,39
3208,0.001497437446358664,1.5925997,8.538669,1408
3209,0.002203615332993716,1.4320343,5.263476,2072
3210,0.000570047209693355,1.6216426,9.0797205,536
3211,0.001491056320877022,1.2819178,10.086237,1402
3212,0.002236584481315533,2.3917632,11.030085,2103
3213,0.0012102867996847725,1.6861794,11.100529,1138
3214,0.0006327949435961683,1.4210026,4.8569446,595
3215,1.3825771876891073e-05,0.9468653,1.5241642,13
3216,0.0009667405104687681,1.6589121,5.0459776,909
3217,2.1270418272140114e-05,0.6842283,1.5628772,20
3218,0.000565793126038927,1.2935932,5.789523,532
3219,0.0013772595831210723,1.4117094,5.4067245,1295
3220,9.997096587905853e-05,1.2227925,5.475058,94
3221,1.0635209136070056e-06,0.95096713,0.95096713,1
3222,0.000955041780419091,1.5284795,9.345205,898
3223,0.0023525082608986964,3.276837,10.60821,2212
3224,0.0017803340093781274,2.1902168,7.4374514,1674
3225,0.000377549924330487,1.8382215,6.3406615,355
3226,0.00033181852504538575,1.0862558,3.9856951,312
3227,0.0023493176981578753,1.1776065,4.902228,2209
3228,0.0,0.0,0.0,0
3229,0.001117760480200963,1.7209882,7.1380696,1051
3230,0.003202261470870694,1.617041,6.285449,3011
3231,0.0024992741469764632,3.4192276,10.877714,2350
3232,0.005462243412285581,2.4086063,9.551276,5136
3233,0.0017718258420692714,1.890768,7.036162,1666
3234,0.00021057714089418712,0.86668986,3.1043632,198
3235,0.005449481161322297,3.1259835,10.254869,5124
3236,0.0019621960856049253,2.1377394,8.022918,1845
3237,0.003361789607911745,3.1117363,8.459941,3161
3238,0.003771245159650442,1.9396551,7.350486,3546
3239,0.001101807666496858,3.039138,10.2591305,1036
3240,0.0016505844579180727,2.9224432,9.21322,1552
3241,0.008358210860037458,1.4479815,7.487162,7859
3242,0.000577491856088604,1.3365332,6.2043734,543
3243,0.003966933007754131,2.254396,8.049773,3730
3244,0.00042009076087476724,1.6369033,9.813475,395
3245,0.003019335873730289,3.778775,11.332847,2839
3246,0.012443194689201966,1.128615,5.461945,11700
3247,0.00014782940699137377,1.53784,6.8283725,139
3248,0.0021706461846718985,3.0531495,10.284366,2041
3249,0.0006210962135464913,1.302281,3.537667,584
3250,0.0023812233255660854,2.551143,9.932196,2239
3251,0.001491056320877022,2.2039866,9.613225,1402
3252,0.0025056552724581054,2.1671233,11.186916,2356
3253,0.0017569365492787732,2.5566616,9.173846,1652
3254,0.00025418149835207437,1.4579501,9.993612,239
3255,0.004343419411171011,2.999061,8.285155,4084
3256,0.0012294301761296986,1.4299399,8.091292,1156
3257,0.0021440581618317233,2.537821,7.1341863,2016
3258,0.0006008893161879582,1.3031775,5.511627,565
3259,0.001331528183835971,1.2902876,6.9680414,1252
3260,0.0019994193175811707,2.4066052,6.6894655,1880
3261,0.0009008022138251337,1.0734636,5.825202,847
3262,0.005662185344043698,1.6419908,7.3863716,5324
3263,0.0005104900385313627,1.310458,5.78305,480
3264,0.0015825191194472244,3.2332764,12.60493,1488
3265,0.001700569940857602,1.8683798,9.769705,1599
3266,0.0010752196436566827,1.5706897,12.303259,1011
3267,0.0002807695211922495,1.2414784,5.8165517,264
3268,0.0017494919028835242,2.2106817,7.972202,1645
3269,0.0023057133406999882,3.8879006,10.596992,2168
3270,0.0008869764419482427,1.3632025,4.290295,834
3271,0.0021195971808187623,1.5883828,6.765213,1993
3272,0.009272838845739482,2.5381057,13.243173,8719
3273,0.0061801200289703095,1.3751646,5.017999,5811
3274,0.00015633757430022984,2.332619,9.263131,147
3275,0.001103934708324072,1.906932,7.490344,1038
3276,0.000759353932315402,2.0700228,10.3513775,714
3277,0.002999128976371756,4.0800357,13.4289055,2820
3278,0.0029608422234819035,2.5426025,7.202556,2784
3279,0.0005338874986307168,1.703421,7.992054,502
3280,0.0026683739722399773,1.4015002,7.1616564,2509
3281,0.000373295840676059,1.2937105,4.0932493,351
3282,0.0007646715368834371,1.4181745,4.443053,719
3283,0.009519575697696308,1.0697498,4.5891085,8951
3284,0.0002446098101296113,1.2279024,6.1477075,230
3285,0.0016697278343629988,1.4490626,7.171012,1570
3286,0.0003052305022052106,0.9050396,3.1762576,287
3287,0.00045093286736937036,1.5806103,7.8359766,424
3288,0.001126268647509819,1.3761108,7.3540955,1059
3289,0.0035000473266806557,1.7508714,7.765226,3291
3290,0.0050400256095836,1.9949639,8.065563,4739
3291,0.0009008022138251337,1.695531,9.053825,847
3292,0.009399397834458716,36.662426,65.61143,8838
3293,2.1270418272140113e-06,1.4164276,1.5404543,2
3294,0.001491056320877022,1.4045146,6.1636267,1402
3295,0.002838537318417098,2.482903,8.563959,2669
3296,0.002057912967829556,2.3444984,12.261112,1935
3297,0.01025021456534432,1.6641924,7.738345,9638
3298,0.0002265299545982922,1.514637,11.195568,213
3299,0.0015538040547798352,4.274124,11.458145,1461
3300,0.026909206156084456,1.6875161,6.1082597,25302
3301,0.0035287623913480446,2.5500767,10.461773,3318
3302,5.3176045680350284e-05,1.322379,3.7470765,50
3303,0.0005189982058402188,1.6038722,5.0857306,488
3304,0.0026992160787345804,2.034153,12.113778,2538
3305,0.0012528276362290527,1.3299209,4.682936,1178
3306,0.0016282505187323257,1.1460292,4.5636435,1531
3307,0.0013719419785530372,3.437816,12.328085,1290
3308,0.007171321520452039,1.0238978,5.772544,6743
3309,0.0010539492253845426,1.7185736,5.859302,991
3310,0.001510199697321948,1.4120035,4.989213,1420
3311,0.0044412633352228555,2.3392537,9.972492,4176
3312,0.0003562795060583469,1.177112,4.012897,335
3313,0.01189867198143518,1.1353092,3.9642901,11188
3314,0.004121143540227147,3.0216813,13.377391,3875
3315,0.0006721452173996276,1.6813246,7.8644733,632
3316,0.0009571688222463051,1.691279,8.3356695,900
3317,0.0029076661778015536,2.6127954,10.650232,2734
3318,1.3825771876891073e-05,1.4602383,3.3039768,13
3319,0.0013538621230217182,2.3758533,8.422532,1273
3320,0.0008072123734277173,1.6561526,11.031731,759
3321,0.0025311797743846733,2.3058805,9.565073,2380
3322,0.0008816588373802077,1.3936373,8.6458,829
3323,0.011722127509776416,1.1515967,3.754521,11022
3324,0.0004147731563067322,1.199171,6.3599925,390
3325,0.00037542288250327297,1.3592856,7.2964215,353
3326,9.57168822246305e-06,1.0133808,1.8945742,9
3327,0.001486802237222594,1.3694499,8.595332,1398
3328,0.020048432742405663,2.2619352,8.971207,18851
3329,0.0010114083888402624,1.9708941,8.383286,951
3330,0.0014272450660606016,1.6585279,6.2973704,1342
3331,0.002460987394086611,2.7397437,6.997049,2314
3332,0.011247797182307692,1.1376894,6.745913,10576
3333,0.011749779053530198,2.0439541,8.138845,11048
3334,0.00638963364895089,1.3819087,5.806694,6008
3335,0.0008922940465162777,1.7265444,6.291439,839
3336,0.0015442323665573721,1.4388928,5.415767,1452
3337,0.00444658093979089,1.1192985,4.542197,4181
3338,1.8079855531319095e-05,0.6928433,1.8417435,17
3339,0.0019621960856049253,2.122468,10.816629,1845
3340,0.002450352184950541,1.9878078,6.60715,2304
3341,0.006854392288197151,1.7287457,8.733082,6445
3342,1.3825771876891073e-05,0.952923,1.5677294,13
3343,0.00362979687814071,0.9743017,3.15385,3413
3344,0.0008699601073305306,1.49526,6.596627,818
3345,0.00285555365303481,1.8040234,6.272022,2685
3346,0.0009305807994061299,1.7982813,8.964285,875
3347,0.011047855250549575,1.5624722,7.544482,10388
3348,0.010802181919506356,2.1068044,9.955201,10157
3349,0.004556123593892412,1.4640821,5.975251,4284
3350,0.009929031249435005,2.1869116,9.534534,9336
3351,0.000565793126038927,1.2872756,7.6600914,532
3352,0.0028140763374041367,1.5169206,8.522066,2646
3353,0.0005328239777171098,1.6682003,5.210345,501
3354,0.002100453804373836,3.8555245,10.633647,1975
3355,0.0010560762672117566,1.0102682,3.767555,993
3356,0.002125978306300404,2.3073971,6.9637957,1999
3357,0.0016676007925357848,2.5264802,9.019972,1568
3358,0.00023397460099354125,1.65534,8.497478,220
3359,0.002475876686877109,1.4104885,6.4550686,2328
3360,0.01956665776854169,1.164856,4.490566,18398
3361,0.0015644392639159053,3.1765418,12.596255,1471
3362,0.0007933866015508262,1.4457849,7.5604424,746
3363,3.615971106263819e-05,0.92717075,1.5837075,34
3364,7.44464639524904e-05,1.8465068,12.118877,70
3365,0.005099582780745592,1.6389364,6.8331804,4795
3366,0.0011730635677085271,1.9209477,6.741221,1103
3367,0.00025099093561125333,1.3000454,4.9749446,236
3368,0.005457989328631153,1.4668088,6.7277822,5132
3369,0.0005200617267538258,1.2247441,6.1299787,489
3370,0.004312577304676408,2.0721638,8.952724,4055
3371,0.0024312088085056147,2.3610942,7.596272,2286
3372,0.00033926317144063477,1.8809586,8.849609,319
3373,0.0018771144125163649,1.8089857,9.31316,1765
3374,0.0011751906095357411,2.0170305,6.7920384,1105
3375,0.0014623412562096328,1.6810395,6.7020993,1375
3376,0.0018771144125163649,2.714098,10.182159,1765
3377,9.252631948380949e-05,1.5514808,5.5832863,87
3378,0.0018579710360714387,2.1862266,7.9470787,1747
3379,0.0006732087383132346,1.3173658,5.896365,633
3380,3.72232319762452e-05,0.87051433,2.0656755,35
3381,0.002776853105427892,2.8580084,11.309358,2611
3382,0.0026960255159937593,1.3521329,6.8779883,2535
3383,0.00032862796230456476,1.5587547,5.7404904,309
3384,0.05795338162427295,1.4216655,6.41642,54492
3385,0.0034149656535920952,3.948302,10.884594,3211
3386,0.0032331035773652973,0.95757043,3.3476665,3040
3387,0.004456152628013354,1.6534771,7.5432224,4190
3388,0.0007338294303888339,1.1081511,4.125122,690
3389,0.003787197973354547,2.2310371,8.471863,3561
3390,0.0021227877435595834,2.3892848,6.924133,1996
3391,0.00133897283023122,1.8197027,7.1244326,1259
3392,0.005507974811570682,2.2004764,8.065705,5179
3393,0.0017675717584148434,1.7098976,9.796219,1662
3394,0.004483804171767135,1.3936359,6.6901464,4216
3395,0.0021887260402032177,2.7967525,8.290968,2058
3396,0.0015484864502118,1.1043801,3.217599,1456
3397,0.011129746360897313,1.792314,9.135341,10465
3398,0.003827611768071613,0.88689,3.8666213,3599
3399,0.0026928349532529382,2.0058424,8.975412,2532
3400,0.013242962416234435,1.7296902,6.716154,12452
3401,0.03309677083145002,1.4821615,5.514539,31120
3402,0.0004913466620864366,1.3852919,7.4460144,462
3403,0.002982112641754044,1.0349598,4.368801,2804
3404,0.00040520146808426915,1.0601057,8.5336,381
3405,0.0024152559948015097,1.1658995,4.384612,2271
3406,0.003370297775220601,1.6665467,7.8785048,3169
3407,0.002108961971682692,1.3485309,6.3492494,1983
3408,0.002287633485168669,3.1184585,8.473253,2151
3409,0.0002467368519568253,1.3602245,4.9861507,232
3410,0.0063417752078385745,1.7609149,8.221766,5963
3411,0.00038924865438016407,1.5282708,6.95384,366
3412,0.003781880368786512,1.2779979,4.999081,3556
3413,0.00042009076087476724,1.5673138,4.853623,395
3414,0.003915884003900995,3.2241738,8.772238,3682
3415,0.0002818330421058565,1.1126287,3.9199476,265
3416,0.0029757315162724017,3.024971,9.325128,2798
3417,0.0014006570432204264,1.398587,5.8076196,1317
3418,0.012670788164713865,1.8398892,7.782114,11914
3419,0.0009603593849871261,1.426333,5.6156044,903
3420,0.002089818595237766,2.6387053,10.158416,1965
3421,0.0038733431673567144,1.4677941,4.881299,3642
3422,0.008230588350404617,2.6588235,9.910364,7739
3423,5.5303087507564294e-05,1.0529743,3.9227881,52
3424,0.0011145699174601419,1.2925631,3.9940097,1048
3425,0.0010964900619288228,3.2426665,12.07736,1031
3426,0.002768344938119036,2.5614944,8.837858,2603
3427,0.0007933866015508262,1.3568473,5.4485664,746
3428,0.0021281053481276182,1.2918428,7.4501143,2001
3429,0.0009922650123953363,1.4010948,7.3857417,933
3430,0.0024184465575423308,1.5007672,8.069418,2274
3431,0.0019579420019504973,3.0956023,9.358643,1841
3432,0.009415350648162821,1.6810383,7.8935094,8853
3433,0.000754036327747367,1.4411762,5.4014945,709
3434,0.008040218106868963,1.6074178,6.67178,7560
3435,1.0635209136070056e-06,0.8050253,0.8050253,1
3436,0.0018367006177992986,1.1166553,3.7742653,1727
3437,0.0018420182223673337,3.0848832,11.82315,1732
3438,0.002473749645049895,1.3408601,9.400954,2326
3439,0.00095185121767827,2.1762745,9.090106,895
3440,0.0003956297798618061,0.95250237,5.698562,372
3441,0.0011730635677085271,1.6746155,6.7122927,1103
3442,0.004041379471706621,2.7786267,10.440899,3800
3443,6.381125481642034e-05,0.7620016,1.6175239,60
3444,0.0005168711640130047,1.5094442,7.1587114,486
3445,0.002650294116708658,1.4104847,6.3303227,2492
3446,0.0014517060470735626,1.4100388,6.778345,1365
3447,0.00132833762109515,1.6203938,5.5257297,1249
3448,0.0015676298266567262,1.9893224,8.556704,1474
3449,0.004818813259553342,1.6398624,7.2859125,4531
3450,0.00023291108007993423,1.5476531,9.120473,219
3451,0.006569368683350473,2.5990415,9.6726885,6177
3452,0.00472735046098314,1.9643042,8.641353,4445
3453,0.00028715064667389153,1.113946,5.7404375,270
3454,0.0026992160787345804,3.2244747,9.839933,2538
3455,0.00027226135388339344,1.3861743,10.160286,256
3456,9.039927765659548e-05,0.7504361,1.69273,85
3457,2.020689735853311e-05,1.6877038,7.432836,19
3458,0.014218211094012058,1.976551,9.058325,13369
3459,0.0017569365492787732,1.68912,5.9542894,1652
3460,0.0011900799023262393,1.8194985,7.1157403,1119
3461,0.0016654737507085708,3.8649535,15.896633,1566
3462,0.001293241430946119,1.1950651,5.7458096,1216
3463,0.00169418881537596,2.0988348,8.98862,1593
3464,0.00555476973176939,2.5148437,8.413769,5223
3465,0.0016112341841146135,2.9253914,7.671258,1515
3466,0.0034543159273955544,3.272436,9.736876,3248
3467,0.005786617290935717,1.8647628,6.2907977,5441
3468,0.0002754519166242145,1.4527897,5.579901,259
3469,0.006929902273063249,1.3093938,6.268099,6516
3470,1.701633461771209e-05,0.9128894,2.0719383,16
3471,7.55099848660974e-05,0.80331177,1.6975178,71
3472,0.0025418149835207435,1.2164838,7.5851893,2390
3473,0.00023184755916632723,1.5489535,4.364638,218
3474,0.00014676588607776678,2.3946989,5.9455056,138
3475,0.0012804791799828348,1.8937703,5.662995,1204
3476,0.00228018883877342,2.4307384,10.336761,2144
3477,0.0012358113016113406,1.3738058,6.90939,1162
3478,0.00149531040453145,2.8989356,10.367166,1406
3479,0.004177510148648318,2.1078842,11.129855,3928
3480,0.0283428323476267,2.2456787,8.4479265,26650
3481,0.002274871234205385,2.0385516,13.355111,2139
3482,0.0014346897124558507,1.0285482,2.7231953,1349
3483,0.0029012850523199114,2.3422158,8.258,2728
3484,0.000380740487071308,1.4290457,4.703614,358
3485,0.003463887615618017,1.8317739,6.106158,3257
3486,0.0015516770129526212,1.3313166,7.821226,1459
3487,0.00025524501926568136,1.678961,8.834061,240
3488,2.3397460099354124e-05,0.89353836,1.8641875,22
3489,0.0033001053949225385,1.7619565,8.281508,3103
3490,0.0006157786089784563,1.9150416,6.589016,579
3491,1.5952813704105085e-05,0.8082272,1.6622791,15
3492,0.0008976116510843127,1.6738147,7.624399,844
3493,0.0015740109521383684,2.0108309,8.166912,1480
3494,0.000551967354162036,1.0218619,3.9647338,519
3495,9.252631948380949e-05,1.5865065,6.7136097,87
3496,0.0015559310966070492,3.4635813,10.012834,1463
3497,0.004132842270276824,1.7040812,5.3237376,3886
3498,0.0002658802284017514,0.9563331,4.1066046,250
3499,0.01089364471807656,1.8322333,5.4706984,10243
3500,0.006031227101065329,3.6508884,11.13791,5671
3501,0.002408874869319868,3.7700255,12.928718,2265
3502,0.007354247117592444,1.8594233,11.538082,6915
3503,2.1270418272140113e-06,0.8845042,1.0134941,2
3504,0.00034883485966309783,1.7141627,8.279287,328
3505,0.00044136117914690736,1.3557569,7.3577657,415
3506,0.0037021163002659866,1.8667437,7.8050504,3481
3507,0.0002807695211922495,1.2967579,10.120906,264
3508,0.006423666318186314,1.2825447,4.4421263,6040
3509,0.0013974664804796053,1.3923541,5.507085,1314
3510,0.003793579098836189,3.1160774,9.3979645,3567
3511,0.0021961706865984668,1.6269428,6.602259,2065
3512,0.0005083629967041487,1.5383664,6.6747355,478
3513,0.002334428405367377,2.8664942,9.797281,2195
3514,0.0030874012122011373,2.6043406,8.304409,2903
3515,0.0029480799725186196,1.468983,7.1465845,2772
3516,0.006958617337730638,1.099155,4.7712593,6543
3517,0.004899640848987475,1.6247693,6.0919433,4607
3518,0.0011603013167452432,1.1786072,4.285727,1091
3519,0.0046922542708341085,2.5423114,9.07199,4412
3520,0.0007040508448078377,1.3584031,5.1429977,662
3521,0.0009592958640735191,1.6422776,8.708952,902
3522,0.00042009076087476724,1.1414685,2.5598474,395
3523,0.0010252341607171534,1.6188571,4.6825433,964
3524,0.004387023768628898,1.545044,7.850874,4125
3525,0.0004711397647279035,0.90217984,4.04092,443
3526,0.0036989257375251655,2.0422564,8.284203,3478
3527,0.0015867732031016523,2.1266239,10.10741,1492
3528,0.00014038476059612475,1.5890725,7.3142824,132
3529,0.001297495514600547,3.1944792,10.526749,1220
3530,0.00021376770363500813,1.6641355,7.8386984,201
3531,8.189111034773943e-05,2.3357296,15.525148,77
3532,0.011628537669379,3.1540313,9.9151535,10934
3533,0.0025226716070758173,3.1616282,8.30054,2372
3534,3.935027380345921e-05,2.0555587,5.3661346,37
3535,0.002068548176965626,2.190163,10.16369,1945
3536,0.01061606575962513,1.9923141,8.097057,9982
3537,0.0002637531865745374,1.4872872,6.898641,248
3538,0.005069804195164596,1.51366,7.4111133,4767
3539,0.00030842106494603165,1.222623,5.037134,290
3540,0.00033819965052702777,0.9746032,3.0758245,318
3541,0.0023312378426265565,2.3723402,7.832948,2192
3542,0.003406457486283239,2.0176451,6.3796263,3203
3543,2.7651543753782147e-05,1.1711695,3.7478294,26
3544,7.976406852052543e-05,0.85914123,2.1124794,75
3545,0.004099873121955006,3.787453,9.590891,3855
3546,0.0011528566703499941,1.748164,9.013646,1084
3547,0.0034883485966309786,3.9757006,10.461928,3280
3548,0.0008827223582938147,1.8404049,8.436987,830
3549,0.0027247405806611483,1.879816,9.076974,2562
3550,0.0008433720844903555,1.1435425,5.6538568,793
3551,0.012989844438795967,1.364196,3.495341,12214
3552,0.00011592377958316362,0.957813,2.2943614,109
3553,0.0017750164048100925,2.4355407,8.74457,1669
3554,0.00012017786323759164,1.7139795,7.4712157,113
3555,0.004208352255142921,3.2348433,11.660927,3957
3556,0.026426367661306877,1.561938,6.211309,24848
3557,9.57168822246305e-06,0.74902433,2.2458525,9
3558,0.0021663921010174705,2.3015785,9.1097,2037
3559,0.0010305517652851885,1.9692202,7.783422,969
3560,0.1527981766997457,5.9888616,29.063725,143672
3561,0.0010284247234579745,1.2754514,4.7077084,967
3562,0.0010996806246696437,2.7994144,10.613486,1034
3563,0.000946533613110235,1.4810858,5.1514716,890
3564,9.571688222463051e-05,1.5549856,7.577179,90
3565,0.00036904175702163095,1.2561486,5.0486293,347
3566,0.0080763778179316,4.912947,14.166427,7594
3567,0.0005083629967041487,1.3138078,8.733113,478
3568,0.00045837751376461944,1.7571998,7.1781754,431
3569,0.003431981988209807,1.3206928,6.945776,3227
3570,0.0017580000701923804,3.5583384,13.915538,1653
3571,0.0002892776885011055,1.8293806,9.897507,272
3572,0.006069513853955181,1.7474566,6.667919,5707
3573,0.013513096728290614,1.1336395,5.17122,12706
3574,0.002609880321991592,2.0434616,8.70246,2454
3575,0.000943343050369414,2.627395,12.458716,887
3576,0.010202356124232004,1.9733666,9.322389,9593
3577,0.002228076314006677,1.3676577,5.758281,2095
3578,0.004157303251289785,2.2525306,8.607696,3909
3579,0.0010922359782743949,1.0216156,3.88766,1027
3580,0.004355118141220688,1.9039882,7.495466,4095
3581,0.0002754519166242145,2.4609811,7.999855,259
3582,0.0005232522894946468,2.0465615,7.74236,492
3583,1.1698730049677062e-05,1.0474018,1.5894877,11
3584,0.0005264428522354678,1.1360282,3.5402226,495
3585,0.002670501014067191,1.4575397,5.4027596,2511
3586,0.0005221887685810398,1.6823627,5.8065777,491
3587,0.0024227006411967587,3.5055223,10.560247,2278
3588,0.00038286752889852204,1.7211307,10.110824,360
3589,2.446098101296113e-05,1.1227078,2.4176955,23
3590,0.002452479226777755,1.2239201,3.87257,2306
3591,0.008214635536700512,1.2742026,4.6683226,7724
3592,0.0020281343822485596,4.9552593,13.73993,1907
3593,2.1270418272140113e-06,0.93257284,1.023001,2
3594,0.0035053649312486905,2.3071868,10.172844,3296
3595,0.00380740487071308,3.6014473,11.440415,3580
3596,0.00010316152861987954,0.73954964,1.5129414,97
3597,0.001524025469198839,0.9679636,2.738823,1433
3598,0.00011805082141037762,1.2477906,4.35861,111
3599,0.019785743076744734,1.6566805,8.604614,18604
3600,0.002768344938119036,1.4307884,5.8953075,2603
3601,0.008608138274735104,1.1116002,4.3011017,8094
3602,0.012860094887335912,1.1183072,3.4258604,12092
3603,5.317604568035028e-06,0.8993073,1.1430156,5
3604,0.01154664655903126,1.6124991,6.3640494,10857
3605,0.0018324465341448706,1.4105127,6.049941,1723
3606,0.0025769111736697746,1.2298563,4.615623,2423
3607,0.001511263218235555,1.4914807,6.4664083,1421
3608,0.0008657060236761026,1.429828,8.913985,814
3609,0.00012017786323759164,0.6962601,1.477881,113
3610,0.0014134192941837106,1.3271526,5.150296,1329
3611,0.00034564429692227684,1.8494279,10.586994,325
3612,0.04587072052478376,1.4018775,6.600704,43131
3613,0.003235230619192511,2.0562272,7.300651,3042
3614,0.0018292559714040498,2.2132277,8.17074,1720
3615,0.00023610164282075524,1.1752417,3.639669,222
3616,0.002117470138991548,1.4940438,5.7586803,1991
3617,1.701633461771209e-05,0.98997,1.429592,16
3618,0.0019781488993090303,2.0429602,10.579788,1860
3619,0.0018409547014537268,2.2358518,7.654171,1731
3620,0.011571107540044222,1.5080242,5.022069,10880
3621,2.9778585580996157e-05,1.2593575,3.053804,28
3622,0.0013730054994666443,1.5743736,6.887044,1291
3623,7.976406852052543e-05,1.2301776,2.8966534,75
3624,0.00035415246423113286,0.8547804,2.2185714,333
3625,0.0003637241524535959,1.1967882,5.2618093,342
3626,0.00014251180242333874,1.8624667,9.344574,134
3627,1.2762250963284067e-05,1.3500733,2.8347037,12
3628,0.0025673394854473118,1.8511015,6.2362657,2414
3629,0.001327274100181543,1.4014233,8.167184,1248
3630,0.00011698730049677062,0.7689582,2.0888305,110
3631,0.0012634628453651227,1.6812146,5.947986,1188
3632,0.00042221780270198123,1.4939891,6.2133846,397
3633,0.00469544483357493,2.1676998,9.5855465,4415
3634,0.0006072704416696002,1.0740517,5.091364,571
3635,0.0006434301527322384,1.3845475,6.5992265,605
3636,0.004666729768907541,1.5719005,6.5229373,4388
3637,0.00214512168274533,1.483669,6.5872746,2017
3638,0.05826605677287341,0.8602399,3.16144,54786
3639,0.0006763993010540555,1.2367429,4.3240066,636
3640,0.00018292559714040495,0.7052978,1.9827565,172
3641,0.0004722032856415105,0.8363286,3.759939,444
3642,0.002835346755676277,2.772544,7.635149,2666
3643,0.011445612072238594,1.0611304,6.741983,10762
3644,0.0027534556453285377,1.2810023,4.369459,2589
3645,0.0050793758833870585,1.3577656,5.9768515,4776
3646,0.027231452992907378,1.8272344,7.335027,25605
3647,0.016339935316658033,2.0522683,7.1410885,15364
3648,0.0037138150303156637,1.4714545,6.503253,3492
3649,0.006589575580709007,1.2732507,6.0095315,6196
3650,0.0011985880696350954,1.3518976,7.069873,1127
3651,0.0005955717116199232,1.6437042,8.941906,560
3652,0.000374359361589666,1.3311659,8.439911,352
3653,0.0003339455668725998,2.1297991,10.129636,314
3654,0.002471622603222681,1.3809749,6.051225,2324
3655,2.3397460099354124e-05,0.6771139,1.18894,22
3656,0.0015803920776200104,1.8680434,6.1249814,1486
3657,0.0006317314226825613,1.2397884,6.392822,594
3658,0.002583292299151417,2.341208,9.18886,2429
3659,0.00048709257843200857,1.5644516,8.30082,458
3660,0.0012198584879072355,1.2665795,4.160609,1147
3661,0.00048602905751840157,1.3375143,7.715492,457
3662,0.0014602142143824188,1.7223718,9.812603,1373
3663,0.001477230549000131,1.7949021,7.2460384,1389
3664,0.001546359408384586,1.5831013,7.2166967,1454
3665,0.00804128162778257,1.687905,6.866053,7561
3666,0.00021589474546222215,1.4010257,5.7617464,203
3667,0.00032862796230456476,1.2031546,3.9919467,309
3668,0.0068937425620006106,1.4918025,6.97283,6482
3669,0.008075314297017994,3.3195539,11.153639,7593
3670,0.0008742141909849586,1.3216885,5.4752526,822
3671,0.0012549546780562667,2.4081743,7.513518,1180
3672,0.003459633531963589,1.3545245,6.1581335,3253
3673,0.0011932704650670603,1.675573,7.7666316,1122
3674,4.7858441112315255e-05,0.76308876,2.0122347,45
3675,0.002488638937840393,2.1154156,6.6483164,2340
3676,0.005479259746903293,1.8237714,7.5972214,5152
3677,0.0008242287080454293,1.6443702,7.807609,775
3678,0.0011741270886221342,3.039993,10.598148,1104
3679,0.0021972342075120737,3.3110697,11.556534,2066
3680,0.0006710816964860206,1.011775,3.0907013,631
3681,0.009376000374359362,43.561066,82.51057,8816
3682,0.00027864247936503547,1.7855362,7.5387263,262
3683,1.5952813704105085e-05,1.1090292,2.1233017,15
3684,0.0007880689969827912,1.3362608,5.3397985,741
3685,0.0012634628453651227,1.4761322,7.3990226,1188
3686,0.0010188530352355115,1.3159353,5.445897,958
3687,0.00167291839710382,1.1245317,4.373234,1573
3688,0.00025418149835207437,1.0656563,3.6694977,239
3689,0.0010486316208165075,1.3853377,7.331586,986
3690,0.00036691471519441696,1.2065556,4.6950836,345
3691,0.0010241706398035463,1.5647943,9.182424,963
3692,0.001106061750151286,1.4310994,7.2201185,1040
3693,0.0024790672496179302,1.4651651,4.8803062,2331
3694,0.0021195971808187623,2.4813397,9.781923,1993
3695,0.0018281924504904427,1.805343,5.892181,1719
3696,0.0032171507636611922,2.0345201,5.9982095,3025
3697,0.0016676007925357848,2.2852,8.592613,1568
3698,0.0023705881164300157,2.2936115,9.081848,2229
3699,0.00047858441112315255,1.8796539,9.099105,450
3700,0.002792805919131997,3.217062,10.285793,2626
3701,0.0004179637190475532,1.2600366,3.35025,393
3702,0.0016676007925357848,1.8205618,7.796289,1568
3703,0.0012496370734882316,2.6578758,9.973524,1175
3704,0.015456149437450613,1.0023527,3.8930602,14533
3705,0.004314704346503622,1.8321218,10.972195,4057
3706,0.0022216951885250347,2.7932239,9.270848,2089
3707,0.002238711523142747,1.5119896,7.214518,2105
3708,0.0033362651059851765,2.2639244,7.851877,3137
3709,0.0021759637892399333,2.6419382,8.426365,2046
3710,0.003626606315399889,4.0827656,10.570118,3410
3711,0.0017516189447107382,1.8139611,6.931534,1647
3712,6.806533847084836e-05,1.0034566,3.3635159,64
3713,0.004399786019592182,1.8217562,5.930553,4137
3714,7.763702669331141e-05,1.9106418,8.193301,73
3715,0.0034894121175445855,3.624374,13.782573,3281
3716,0.0011868893395854184,1.5135255,5.814043,1116
3717,0.015735855437729256,2.124016,9.069258,14796
3718,0.001131586252077854,2.42076,7.9595,1064
3719,0.0002765154375378215,1.5318426,11.462854,260
3720,0.0032915972276136825,2.4675665,10.0812,3095
3721,9.571688222463051e-05,1.3178763,6.576023,90
3722,0.0004753938483823315,1.2073522,6.0215526,447
3723,0.026746487456302585,1.4055557,6.1480775,25149
3724,0.0037095609466612357,1.2529553,4.495703,3488
3725,2.446098101296113e-05,0.89514965,1.9188334,23
3726,0.00025843558200650235,1.3138913,4.57297,243
3727,0.0020366425495574156,2.6954818,7.560341,1915
3728,0.0015591216593478703,1.8892802,7.752693,1466
3729,0.0016739819180174268,1.6206914,6.7185254,1574
3730,0.0016676007925357848,1.4952029,5.186236,1568
3731,0.003014018269162254,1.71094,7.918156,2834
3732,0.0016601561461405357,2.083818,6.2641406,1561
3733,1.701633461771209e-05,0.8197625,1.7907103,16
3734,0.0002658802284017514,1.6245601,11.378815,250
3735,0.015317891718681703,1.1958241,3.8942966,14403
3736,0.0016665372716221777,2.0857182,8.218358,1567
3737,0.0012847332636372628,2.8385992,7.8461657,1208
3738,0.004916657183605187,1.4971486,6.2258534,4623
3739,0.0014368167542830647,1.6394856,8.331304,1351
3740,0.001137967377559496,3.1253526,9.246733,1070
3741,9.890744496545152e-05,0.9812157,4.0533237,93
3742,0.0004020109053434481,1.7000757,5.9988213,378
3743,0.0020238802985941317,2.4545395,9.180074,1903
3744,0.002658802284017514,1.4619843,4.5884185,2500
3745,0.0013006860773413678,1.0885692,3.4503186,1223
3746,0.002257854899587673,1.0799404,4.424706,2123
3747,0.0009263267157517019,1.8837351,9.133979,871
3748,0.001678236001671855,2.968447,12.393367,1578
3749,0.0036882905283890954,1.5938407,6.472618,3468
3750,0.002874697029479736,0.98939574,3.1848838,2703
3751,0.001689934731721532,2.8552704,8.261589,1589
3752,0.0019526243973824622,2.1466908,9.977238,1836
3753,0.0002828965630194635,1.2369775,4.063841,266
3754,0.0014208639405789594,1.778137,5.4373326,1336
3755,0.0010007731797041922,1.6457114,9.866022,941
3756,0.0017324755682658123,1.5628008,12.432364,1629
3757,0.0014431978797647066,1.6750231,11.47065,1357
3758,0.0011603013167452432,1.3788066,5.0697584,1091
3759,0.0018441452641945477,2.9112604,9.5900345,1734
3760,0.002837473797503491,1.73213,6.3868904,2668
3761,0.00012443194689201967,0.7634168,1.5672977,117
3762,0.0076158732623397675,2.0690258,9.034808,7161
3763,0.002074929302447268,1.9736413,5.8667417,1951
3764,0.0004392341373196933,2.3513372,9.673035,413
3765,0.003591510125250858,2.5519898,9.596125,3377
3766,0.0005413321450259659,1.9597187,11.080375,509
3767,0.004752874962909708,1.9672704,8.213547,4469
3768,0.00027013431205617945,1.6819307,6.930276,254
3769,0.0012177314460800213,1.7723379,10.140209,1145
3770,0.001488929279049808,2.402579,6.655978,1400
3771,0.0027236770597475414,2.0393262,7.5967503,2561
3772,0.031102669118436878,1.7057028,8.2260895,29245
3773,0.018427626870068586,1.2706788,8.236061,17327
3774,0.004757129046564136,1.6228994,7.196335,4473
3775,0.0009656769895551611,1.4110832,6.5763397,908
3776,0.0005477132705076079,0.87816936,3.1711931,515
3777,0.0010103448679266553,1.7160088,7.347428,950
3778,0.0017133321918208861,2.4933174,9.5498905,1611
3779,0.0023089039034408093,1.9356664,8.736217,2171
3780,0.00031480219042767367,1.3759788,5.5199404,296
3781,0.008877209065877675,1.5087574,6.8424745,8347
3782,0.0012113503205983794,1.5855988,6.235076,1139
3783,0.0027694084590326427,1.2162857,3.686717,2604
3784,0.0009646134686415541,2.3775854,8.673286,907
3785,0.004000965676989555,1.7129366,7.0229125,3762
3786,0.0009114374229612038,1.4653621,6.7563205,857
3787,0.0007040508448078377,1.0405923,4.068041,662
3788,0.0019302904581967152,2.9083264,10.199995,1815
3789,0.0004700762438142965,1.6348981,9.786919,442
3790,0.0014049111268748544,3.33985,12.824433,1321
3791,0.0012623993244515158,2.1671054,9.043052,1187
3792,0.0006232232553737053,1.491471,6.7554626,586
3793,0.0020164356521988826,1.4499265,7.9612436,1896
3794,0.0003424537341814558,1.6206852,9.390478,322
3795,0.0004147731563067322,1.5798947,9.013415,390
3796,0.0013751325412938583,4.008087,11.722909,1293
3797,0.002816203379231351,2.7214463,8.508689,2648
3798,0.002120660701732369,1.3608749,5.9186687,1994
3799,0.0008540072936264255,1.3023005,5.886352,803
3800,0.0012464465107474105,1.427838,4.5242352,1172
3801,0.00428705280274984,1.0992148,6.464973,4031
3802,0.0012230490506480564,1.8901913,10.247535,1150
3803,0.0017441742983154893,1.3518915,7.1689725,1640
3804,0.008104029361685383,2.772533,11.2956705,7620
3805,0.00028608712576028454,1.697129,6.5567307,269
3806,0.003908439357505746,3.4317248,7.4373503,3675
3807,0.010908534010867056,1.9275581,9.649252,10257
3808,0.0013910853549979633,3.456264,9.997813,1308
3809,0.0024152559948015097,1.298946,4.215039,2271
3810,0.0008391180008359275,2.0682666,9.225232,789
3811,0.009261140115689804,1.4062983,6.70895,8708
3812,0.0017973503439958395,2.4985602,6.5884027,1690
3813,0.0002307840382527202,0.8879571,1.6919597,217
3814,0.00038286752889852204,1.7259024,8.863253,360
3815,0.0008008312479460752,1.5613617,6.2535763,753
3816,0.001528279552853267,1.4873912,6.4798436,1437
3817,0.0014027840850476404,1.3805635,6.9113536,1319
3818,0.0041115718520046834,1.4380388,7.3226466,3866
3819,0.00012762250963284068,1.3354324,7.35108,120
3820,0.0041349693121040376,1.7631568,7.740693,3888
3821,0.008665568404069882,1.5739758,6.056783,8148
3822,0.0008338003962678924,1.7459478,10.7035885,784
3823,0.015934733848573766,1.336344,6.028914,14983
3824,0.001303876640082189,1.1859106,4.672323,1226
3825,0.00012443194689201967,0.7986378,2.5501008,117
3826,0.002647103553967837,1.5400268,5.7623134,2489
3827,0.00025843558200650235,1.3590583,5.644093,243
3828,0.003717005593056485,1.4428962,6.933288,3495
3829,0.0001669727834362999,2.0190504,8.9907255,157
3830,4.041379471706622e-05,1.1874218,2.988421,38
3831,0.0013123848073910449,1.7733974,8.54756,1234
3832,0.0012687804499331577,1.5862992,3.843754,1193
3833,0.0013836407086027143,1.5611014,6.756231,1301
3834,0.004041379471706621,1.6563812,6.6688414,3800
3835,3.190562740821017e-05,1.2688563,3.2507918,30
3836,0.0007423375976976899,1.2681879,4.2640824,698
3837,0.0021195971808187623,1.2991956,4.0355167,1993
3838,0.004105190726523042,2.4573517,7.8378353,3860
3839,0.004166874939512248,1.5358006,5.9505725,3918
3840,0.020662084309556905,0.9373277,2.8396783,19428
3841,0.0017845880930325553,2.6156573,9.677585,1678
3842,0.001710141629080065,2.2452025,9.5510435,1608
3843,0.00039882034260262713,1.4891738,9.777646,375
3844,0.0007646715368834371,1.5903312,6.5789647,719
3845,0.002491829500581214,2.7203379,11.167087,2343
3846,0.0017782069675509134,2.2786107,7.311238,1672
3847,0.007416994851495258,1.7419161,6.511437,6974
3848,0.009473844298411206,1.4873216,5.233379,8908
3849,0.0006551288827819154,1.9012601,10.438286,616
3850,0.025886099037194518,1.4469771,6.1121473,24340
3851,0.00029246825124192656,1.1798762,4.652341,275
3852,0.0027311217061427905,1.3890756,8.135071,2568
3853,0.0167749153703233,0.9312101,3.5918443,15773
3854,0.00014676588607776678,1.1549056,2.8266432,138
3855,0.0016176153095962555,1.271366,5.327061,1521
3856,0.0004317894909244443,1.2435514,5.5687566,406
3857,0.0001712268670907279,0.9626305,2.9952917,161
3858,0.001126268647509819,1.6074165,6.0309987,1059
3859,0.0030395427710888222,1.4901955,5.620811,2858
3860,0.0020089910058036335,2.4749033,10.415829,1889
3861,0.004830511989603019,1.7629687,7.012898,4542
3862,0.0062641381811452635,0.9659848,3.5084388,5890
3863,0.01017257753865101,2.3762186,9.410349,9565
3864,0.0019090200399245751,2.0019696,9.203074,1795
3865,0.0002828965630194635,1.6660308,8.018757,266
3866,0.0006338584645097753,1.8531605,7.450472,596
3867,0.007051143657214447,2.1157432,8.402988,6630
3868,0.00038712161255295,1.5803561,8.595581,364
3869,0.007231942212527639,2.1987267,10.305772,6800
3870,0.00040732850991148314,1.6282965,7.2501564,383
3871,0.0031820545735121606,1.7811795,7.447328,2992
3872,0.0016293140396459326,2.1281066,7.8280334,1532
3873,0.0010847913318791458,1.2667563,8.239656,1020
3874,0.004445517418877284,5.341578,14.0639925,4180
3875,0.000939088966714986,1.8037487,7.0980444,883
3876,0.01818939818542062,1.1047381,4.62241,17103
3877,0.04203141002666247,2.794886,9.810499,39521
3878,0.005932319656099878,1.252301,5.279495,5578
3879,0.004979404917508,1.3039973,6.3595643,4682
3880,0.0020004828384947776,1.6331676,7.390383,1881
3881,0.004768827776613813,3.8774703,12.837324,4484
3882,0.00952595682317795,39.86317,68.2319,8957
3883,0.0005402686241123589,1.9431261,9.507496,508
3884,0.00038393104981212904,1.1633366,3.4680953,361
3885,6.168421298920632e-05,0.75342685,1.6169416,58
3886,0.0014676588607776678,2.4667969,10.2304945,1380
3887,0.0001137967377559496,2.1724465,8.360125,107
3888,0.0016229329141642906,1.7147527,8.606565,1526
3889,0.0010847913318791458,0.9670372,4.3095503,1020
3890,0.0014017205641340335,1.5309215,5.773396,1318
3891,0.0023174120707496653,2.8048632,9.444488,2179
3892,0.0002892776885011055,1.6904037,7.9909267,272
3893,0.0021749002683263264,2.9112613,7.639339,2045
3894,0.00423387675706949,1.2943994,6.806122,3981
3895,0.00015527405338662282,2.0492775,9.291179,146
3896,0.0004179637190475532,1.4640372,6.808676,393
3897,0.003543651684138543,2.5855386,10.271543,3332
3898,0.0059546535952856245,1.6602201,6.568979,5599
3899,0.0036404320872767803,2.5300105,8.6816225,3423
3900,0.0014261815451469945,1.3991041,5.8376803,1341
3901,0.006114181732326676,1.2002927,4.40972,5749
3902,0.00441467531238268,3.1332836,8.690241,4151
3903,0.041984615106463764,2.2990034,7.070706,39477
3904,0.0005285698940626817,1.5588038,5.908564,497
3905,0.00628647212033101,1.4535255,7.117855,5911
3906,0.0006253502972009194,1.2523167,6.135429,588
3907,0.001496373925445057,1.4037277,5.7109036,1407
3908,0.0018696697661211158,1.9810642,8.090139,1758
3909,0.001329401142008757,1.9358273,6.9874597,1250
3910,0.021827703230870184,2.9542487,11.965723,20524
3911,0.0029161743451104095,3.5569694,11.225993,2742
3912,0.00031692923225488766,1.1261662,6.716303,298
3913,0.0006849074683629116,1.7730398,8.896695,644
3914,0.0013761960622074652,1.5709114,7.2197185,1294
3915,0.001318765932872687,2.101668,9.037431,1240
3916,0.001101807666496858,1.0543252,4.0228224,1036
3917,3.72232319762452e-05,1.1194718,3.171715,35
3918,0.019628341981530895,1.4051673,6.0830755,18456
3919,0.0003966933007754131,1.7196459,7.6870503,373
3920,0.000561539042384499,0.847624,1.87903,528
3921,0.0014580871725552048,1.6151868,7.9446964,1371
3922,0.0004966642666544716,1.3592212,6.2061863,467
3923,0.0005594120005572849,1.6308327,7.58507,526
3924,0.004417865875123501,1.2898657,5.288389,4154
3925,0.00018079855531319097,0.92040557,3.8841457,170
3926,9.35898403974165e-05,1.0227981,2.3388116,88
3927,0.00019887841084451004,1.3408992,5.6224637,187
3928,0.00037116879884884494,1.9078861,7.54748,349
3929,1.701633461771209e-05,1.0817492,3.0318193,16
3930,4.041379471706622e-05,0.9380798,2.152928,38
3931,0.008626218130266422,1.5474145,5.5967813,8111
3932,0.0004551869510237984,1.1282783,4.9567633,428
3933,0.0038839783764927846,3.2662508,11.859223,3652
3934,0.0004115825935659112,1.1464673,5.8630824,387
3935,0.00114009441938671,1.581231,5.4847336,1072
3936,0.00027332487479700044,2.4729073,8.793191,257
3937,0.000938025445801379,1.5409925,6.4206123,882
3938,2.5524501926568134e-05,2.0236661,5.536869,24
3939,0.002050468321434307,1.5044717,6.370903,1928
3940,0.002808758732836102,3.6600525,9.451711,2641
3941,0.0012943049518597258,1.4799231,6.6821723,1217
3942,0.004725223419155926,1.5773524,9.793484,4443
3943,0.0044614702325813885,4.7966714,12.502197,4195
3944,0.01086812021614999,2.145883,7.2719316,10219
3945,0.004220050985192598,2.088385,7.6862645,3968
3946,0.002417383036628724,1.7624773,8.445807,2273
3947,0.0038914230228880337,3.3151064,9.106566,3659
3948,0.001475103507172917,1.695535,8.078754,1387
3949,0.005413321450259659,2.2316723,7.587033,5090
3950,0.0009795027614320521,1.3695816,12.00974,921
3951,0.002072802260620054,3.6897025,10.108889,1949
3952,0.003804214307972259,1.8921758,7.1708045,3577
3953,0.0014166098569245314,1.9548941,6.421374,1332
3954,0.003574493790633146,3.9613552,9.766319,3361
3955,0.0013868312713435354,2.2858937,7.5193796,1304
3956,0.007446773437076253,1.8052613,7.737809,7002
3957,0.0005136806012721837,1.7076772,7.3671646,483
3958,0.0006008893161879582,1.2671934,5.1858263,565
3959,0.013723673869184801,1.6289468,7.2605124,12904
3960,0.004016918490693661,2.9154048,9.730836,3777
3961,0.003607462938954963,1.8741304,10.051058,3392
3962,0.00020632305723975909,1.890806,11.449502,194
3963,0.004930482955482078,2.0613308,8.58022,4636
3964,0.00031161162768685263,1.3148773,4.397366,293
3965,0.00025524501926568136,1.304134,5.333997,240
3966,0.0014134192941837106,1.8193389,6.6049695,1329
3967,0.0005189982058402188,1.5351964,6.756255,488
3968,0.020817358362943527,1.3906931,5.9951777,19574
3969,0.00012762250963284068,2.179274,9.187739,120
3970,0.000953978259505484,1.3354467,5.321903,897
3971,0.0010390599325940445,1.8343093,8.158551,977
3972,0.0006891615520173396,0.92221695,4.203678,648
3973,0.00034564429692227684,1.4822388,5.003196,325
3974,2.1270418272140114e-05,0.99146575,2.0698571,20
3975,0.0032405482237605463,1.1476077,4.036113,3047
3976,0.0029108567405423742,2.1083853,8.15648,2737
3977,0.00016271869978187186,2.094659,7.899904,153
3978,0.02797379059060507,1.5173546,9.621964,26303
3979,0.01373111851558005,2.6849658,10.856678,12911
3980,0.002136613515436474,2.0663621,6.5216055,2009
3981,0.00040520146808426915,1.17997,4.7856135,381
3982,2.446098101296113e-05,1.1950681,2.4559538,23
3983,0.01576669754422386,1.0670161,4.8049874,14825
3984,0.0051229802408449465,1.328684,4.997616,4817
3985,0.0007019238029806237,0.9934631,2.9379926,660
3986,0.0010124719097538693,1.5410254,5.692451,952
3987,0.0014123557732701035,1.213113,8.5537,1328
3988,0.001880304975257186,3.986288,11.510788,1768
3989,0.003266072725687114,1.754734,6.402578,3071
3990,0.0006997967611534096,1.6716094,7.4621706,658
3991,0.0003371361296134208,1.8192092,6.1794457,317
3992,0.0029225554705920513,1.8599102,6.526558,2748
3993,0.0027375028316244327,1.5553294,8.863003,2574
3994,4.466787837149424e-05,2.7010574,10.86426,42
3995,0.003025716999211931,1.7073166,8.022947,2845
3996,0.007761575627503927,1.9937152,9.100121,7298
3997,0.00469544483357493,1.8186946,7.0839167,4415
3998,0.00044455174188772834,1.3228222,5.621831,418
3999,0.0002605626238337164,1.6939979,10.597239,245
4000,0.0016016624958921505,3.2020829,9.285696,1506
4001,0.00039031217529377106,1.3658484,4.472446,367
4002,0.0030820836076331025,2.5959811,8.824694,2898
4003,0.000757226890488188,1.3012615,6.157633,712
4004,0.0035415246423113286,2.6474717,9.432321,3330
4005,0.0005976987534471372,1.7805783,10.817045,562
4006,0.0008731506700713516,0.9402721,5.800441,821
4007,0.0013953394386523913,3.1800752,9.113761,1312
4008,0.0009082468602203828,1.3256264,7.7000003,854
4009,0.0006763993010540555,1.1579603,6.065519,636
4010,0.008761285286294513,1.65983,7.0173016,8238
4011,0.002096199720719408,1.8677415,9.165239,1971
4012,0.00016909982526351389,0.96655875,2.3936343,159
4013,0.0008348639171814994,1.6749439,8.033685,785
4014,0.0004232813236155882,1.5146562,7.35638,398
4015,0.0014782940699137378,1.9330397,5.818419,1390
4016,0.008085949506154063,1.7105616,7.788477,7603
4017,0.0045103921946073105,2.0463965,7.9257584,4241
4018,3.72232319762452e-05,0.62760043,1.2817643,35
4019,0.00377549924330487,2.3652608,11.438213,3550
4020,0.007180893208674502,1.7521632,8.010606,6752
4021,0.01909445448290018,1.1245866,4.262536,17954
4022,0.006056751602991897,1.9417576,7.223765,5695
4023,5.3176045680350284e-05,1.3285065,4.2566752,50
4024,0.0003637241524535959,1.4153655,7.526794,342
4025,0.00017867151348597695,1.645412,11.078518,168
4026,0.05330473171089673,1.280764,6.0418963,50121
4027,0.0027577097289829657,2.6388798,8.087792,2593
4028,0.0005200617267538258,1.8631474,8.943095,489
4029,0.15396273210014538,5.8273597,20.557358,144767
4030,0.0018154301995271585,1.6149045,5.8645267,1707
4031,0.004491248818162385,1.8517902,6.7401514,4223
4032,0.0034926026802854066,1.5582972,8.259119,3284
4033,0.00021483122454861513,0.7065766,1.2896256,202
4034,0.001303876640082189,1.860739,7.9483023,1226
4035,0.0013613067694169673,1.5950834,5.7210608,1280
4036,0.002835346755676277,2.1339107,10.368411,2666
4037,0.00018824320170843998,1.7533365,9.749715,177
4038,0.004136032833017645,1.9575467,7.4162736,3889
4039,0.000374359361589666,1.4984343,7.450525,352
4040,0.0002478003728704323,1.2074205,3.3445032,233
4041,0.006263074660231656,2.1692426,8.090627,5889
4042,0.00015846461612744383,1.2790829,4.7555504,149
4043,0.000561539042384499,1.6495036,10.255398,528
4044,0.029793474873786654,4.1861143,13.098679,28014
4045,0.0011900799023262393,1.4176365,5.769467,1119
4046,0.0025173540025077825,1.4801645,7.585328,2367
4047,0.0007784973087603281,1.9042202,6.0595994,732
4048,5.5303087507564294e-05,2.4363892,10.557421,52
4049,0.0001308130723736617,1.1926504,5.9751444,123
4050,0.0014049111268748544,2.96398,8.247586,1321
4051,0.002338682489021805,2.6395166,7.792942,2199
4052,0.0028885228013566275,2.564663,7.876082,2716
4053,0.0005966352325335302,1.511076,6.688848,561
4054,0.002238711523142747,1.4820526,6.598151,2105
4055,0.001892003705306863,1.699126,5.667381,1779
4056,5.4239566593957285e-05,0.67222357,1.2846482,51
4057,0.0027545191662421446,3.1741228,8.8757925,2590
4058,1.701633461771209e-05,1.0192692,1.5313668,16
4059,0.006848011162715509,1.6340964,6.6546593,6439
4060,0.001323020016527115,3.4610403,10.232395,1244
4061,6.806533847084836e-05,0.9807408,2.4942198,64
4062,0.0017622541538468083,2.6121147,11.410807,1657
4063,0.0007838149133283631,1.4773542,6.471604,737
4064,0.002256791378674066,1.5671586,10.369148,2122
4065,0.010348058489396164,1.564119,5.268225,9730
4066,0.013288693815519535,1.6797739,8.503752,12495
4067,0.0004519963882829774,1.7203233,6.216324,425
4068,0.002101517325287443,3.5082257,10.363965,1976
4069,0.0031171797977821336,1.9897407,9.249934,2931
4070,0.0010901089364471809,1.6362509,6.6755705,1025
4071,0.0015527405338662283,2.2061217,5.667876,1460
4072,9.67804031382375e-05,1.943291,13.752172,91
4073,0.0001722903880043349,1.6258204,6.3491635,162
4074,0.00076360801596983,1.5851791,5.998551,718
4075,0.0017792704884645205,2.867089,9.698547,1673
4076,8.189111034773943e-05,1.3007175,5.0944166,77
4077,0.002057912967829556,2.8132064,8.894103,1935
4078,0.0029172378660240164,2.6001122,8.454386,2743
4079,0.0035255718286072235,1.6104245,6.1968274,3315
4080,6.700181755724135e-05,0.9874527,1.92552,63
4081,0.0017175862754753141,1.8819375,8.096385,1615
4082,0.0021472487245725444,2.2340198,7.1327095,2019
4083,0.0014740399862593098,1.6509521,6.193394,1386
4084,0.0023280472798857354,2.9234724,10.424369,2189
4085,0.0028066316910088877,2.042683,10.576024,2639
4086,0.0008189111034773944,2.031026,8.199225,770
4087,0.0008710236282441377,1.3655317,5.5049644,819
4088,0.002082373948842517,2.0785267,6.6034184,1958
4089,0.004041379471706621,2.599666,9.485522,3800
4090,0.001900511872615719,3.132398,11.205308,1787
4091,0.0035085554939895116,1.274682,5.231189,3299
4092,0.00019781488993090305,1.9373692,10.643294,186
4093,0.007339357824801946,1.777874,7.5316367,6901
4094,0.0035276988704344378,2.751627,11.813036,3317
4095,0.01781610234474456,0.7204704,2.4385173,16752
4096,0.002686453827771296,3.9192731,12.935104,2526
4097,0.00016271869978187186,1.3660036,7.620701,153
4098,0.005201680788451865,2.4532967,10.5761595,4891
4099,0.0011720000467949202,1.7044086,6.2389183,1102
4100,0.004327466597466906,2.6379793,10.8646145,4069
4101,0.0033266934177627137,2.488289,9.052633,3128
4102,0.0015857096821880455,1.162573,5.3829007,1491
4103,0.0018377641387129057,3.02397,10.394636,1728
4104,0.0010677749972614337,1.5986947,7.923307,1004
4105,0.001530406594680481,2.646467,10.959645,1439
4106,0.0005838729815702461,1.9664028,6.7346287,549
4107,0.003815913038021936,2.7691271,9.965541,3588
4108,0.00037010527793523794,1.9421864,8.731675,348
4109,0.0034660146574452314,2.4720705,7.47297,3259
4110,0.0017643811956740223,1.920089,5.9088607,1659
4111,0.0003009764185507826,1.6064918,6.0025716,283
4112,0.0019611325646913184,2.4058514,7.765602,1844
4113,0.00025737206109289535,1.4362856,8.116844,242
4114,0.0015931543285832945,1.3605746,6.667594,1498
4115,0.0014602142143824188,2.0380366,6.8211727,1373
4116,0.0031235609232637754,3.4792616,11.513368,2937
4117,9.997096587905853e-05,1.0661503,2.8122334,94
4118,0.0009741851568640171,1.7712705,6.3871574,916
4119,0.0025726570900153466,3.838817,12.643331,2419
4120,0.0008784682746393866,1.4379265,5.238296,826
4121,0.0010241706398035463,1.6263607,7.6931415,963
4122,0.0033352015850715696,1.117659,4.8583145,3136
4123,0.000758290411401795,1.5506217,9.836621,713
4124,0.00035415246423113286,0.8875627,2.394963,333
4125,0.0007508457650065459,1.4770887,9.995868,706
4126,0.020167547084729648,1.3801694,5.0099864,18963
4127,0.0013751325412938583,2.601311,6.6861324,1293
4128,0.00018079855531319097,2.890817,11.042381,170
4129,0.017255626823273668,2.8340085,11.37254,16225
4130,0.0035255718286072235,3.4673066,11.262868,3315
4131,0.0004998548293952927,2.1193328,10.794667,470
4132,0.0007412740767840829,1.1478071,4.396286,697
4133,0.0021429946409181164,1.563468,6.5683413,2015
4134,0.0039212016084690295,1.3876128,5.420962,3687
4135,2.7651543753782147e-05,2.0967789,5.4132404,26
4136,0.006143960317907671,1.3828402,5.792208,5777
4137,5.104900385313627e-05,0.8126167,1.6085999,48
4138,0.003460697052877196,1.9009602,7.4563785,3254
4139,0.009373873332532147,2.7559488,8.464134,8814
4140,4.573139928510124e-05,1.1587517,2.7583888,43
4141,0.001134776814818675,2.0460386,8.503944,1067
4142,0.0019111470817517891,1.5659815,8.187146,1797
4143,0.00042966244909723025,1.4478154,7.042037,404
4144,0.001103934708324072,1.3210138,5.0185585,1038
4145,0.0004966642666544716,2.1666553,10.251562,467
4146,0.015313637635027274,3.6649733,9.967947,14399
4147,0.003595764208905286,2.439735,9.77372,3381
4148,2.1270418272140114e-05,0.94917786,2.1959836,20
4149,0.0018047949903910886,2.0190604,8.950646,1697
4150,0.000579618897915818,1.4271861,6.989875,545
4151,0.0021940436447712526,1.6785235,9.7035885,2063
4152,0.0003998838635162341,0.9775667,3.4903603,376
4153,0.0027523921244149304,1.6290317,6.1654296,2588
4154,0.0036042723762141422,1.857053,11.31054,3389
4155,0.0001116696959287356,0.79392606,2.1036863,105
4156,0.0015016915300130919,1.5362895,5.9401345,1412
4157,0.000379676966157701,1.1381782,3.950409,357
4158,0.00039882034260262713,1.1917953,4.2432575,375
4159,0.0173066758271268,1.7441969,8.769077,16273
4160,0.035375896149309825,1.0086733,4.370758,33263
4161,0.0021068349298554783,2.690408,10.795021,1981
4162,0.004792225236713167,1.7008016,11.472475,4506
4163,0.00022227587094386417,1.4255497,7.56025,209
4164,0.0014091652105292824,2.123823,7.1245112,1325
4165,0.0002244029127710782,1.0711149,4.541598,211
4166,0.0029714774326179737,2.821419,10.125384,2794
4167,0.002788551835477569,2.3521183,9.116769,2622
4168,0.0006817169056220906,1.3892055,5.542375,641
4169,0.0017558730283651664,3.6614418,11.384948,1651
4170,0.003423473820900951,1.951425,9.959181,3219
4171,0.0008816588373802077,1.0361227,5.0407557,829
4172,0.003772308680564049,2.930574,14.8278675,3547
4173,1.0635209136070056e-06,2.4622529,2.4622529,1
4174,0.0002648167074881444,1.6093309,9.7289295,249
4175,0.0042391943616375246,3.2959158,7.8931704,3986
4176,0.0022652995459829218,1.9611146,8.739337,2130
4177,5.5303087507564294e-05,1.2713923,7.1003275,52
4178,0.0018398911805401197,1.5051527,4.4445972,1730
4179,0.0031458948624495226,4.349681,12.019567,2958
4180,0.0048975138071602605,1.2121975,5.9685707,4605
4181,0.002291887568823097,1.6505609,7.774179,2155
4182,0.005388860469246698,3.315901,10.741069,5067
4183,0.005652613655821235,2.3090487,8.683316,5315
4184,0.0009624864268143401,2.408705,9.74134,905
4185,0.0015378512410757301,1.9762232,9.278383,1446
4186,0.004547615426583556,2.6254742,12.799712,4276
4187,0.0023354919262809845,3.0033934,9.443529,2196
4188,0.00015633757430022984,0.74888206,1.9719404,147
4189,0.005447354119495083,1.2438622,4.5091505,5122
4190,0.002389731492874942,1.2964104,6.5989347,2247
4191,6.593829664363434e-05,1.3934054,5.1736145,62
4192,0.002504591751544498,2.5567656,7.8252435,2355
4193,0.05968692071345237,0.9274153,3.9244452,56122
4194,0.006871408622814864,1.6850224,6.380101,6461
4195,0.0062843450785037966,1.5286185,8.869782,5909
4196,0.002416319515715117,2.571172,11.653647,2272
4197,0.00586744488036985,1.6082608,8.214541,5517
4198,0.0024269547248511867,2.672616,11.052458,2282
4199,0.0023599529072939455,2.475731,9.173363,2219
4200,0.0033469003151212467,1.4199487,5.5186753,3147
4201,0.00040732850991148314,1.7223158,8.027882,383
4202,0.010123655576625087,0.90176046,3.7802882,9519
4203,0.0038446281026893255,2.5099726,11.845846,3615
4204,0.0005211252476674328,1.556156,5.8803477,490
4205,0.00030842106494603165,1.7800466,6.1460066,290
4206,0.002239775044056354,1.8361716,9.443093,2106
4207,0.0035681126651515038,2.8287835,7.9903,3355
4208,0.005116599115363304,2.103546,6.979257,4811
4209,0.0024939565424084284,3.6810458,9.747888,2345
4210,0.0008678330655033166,1.2444353,5.5051484,816
4211,0.0034670781783588383,1.3475178,7.227793,3260
4212,0.001515517301889983,2.660172,10.591645,1425
4213,0.00044136117914690736,1.106784,5.434456,415
4214,0.005980178097212192,1.6910495,6.5922484,5623
4215,0.009661023979206039,1.7591534,9.046441,9084
4216,0.004834766073257448,2.8688376,11.613728,4546
4217,0.0018207478040951936,2.019962,6.469373,1712
4218,0.003539397600484115,3.910042,9.814941,3328
4219,0.0022333939185747117,2.03487,11.130686,2100
4220,0.0013964029595659984,1.4933584,8.319376,1313
4221,0.002030261424075774,4.2187653,11.770437,1909
4222,0.0017856516139461624,1.9020379,6.3381605,1679
4223,0.0007657350577970441,1.5089487,4.780637,720
4224,0.0010709655600022547,1.3485674,4.7324996,1007
4225,0.0014602142143824188,1.6713156,6.2531238,1373
4226,0.00515701291008037,2.223651,9.10977,4849
4227,0.0028300291511082418,2.448792,7.8175344,2661
4228,0.0001712268670907279,1.474988,4.9637713,161
4229,0.0014527695679871697,1.8208863,7.866607,1366
4230,0.0009943920542225503,1.1341692,6.614046,935
4231,0.0013804501458618934,1.406627,6.3947086,1298
4232,0.0004105190726523042,1.1212525,4.434864,386
4233,0.006191818759019987,2.4539278,12.686946,5822
4234,0.0021483122454861513,2.6652813,10.956724,2020
4235,0.0009901379705681223,1.7083532,7.0445924,931
4236,0.003419219737246523,1.694456,5.8136907,3215
4237,0.001692061773548746,2.4212403,8.906133,1591
4238,0.002389731492874942,1.7533019,8.280881,2247
4239,0.0061886281962791655,1.8213253,8.432269,5819
4240,0.0027874883145639615,1.9894036,6.8859363,2621
4241,0.009215408716404704,1.6301634,4.1027856,8665
4242,0.009580196389771907,1.0085149,7.360209,9008
4243,0.0,0.0,0.0,0
4244,0.002234457439488319,1.491816,5.840771,2101
4245,0.0006264138181145264,1.1708599,8.430173,589
4246,0.002450352184950541,1.0959224,4.0322127,2304
4247,0.027787674430723844,2.5049794,10.428083,26128
4248,0.005696218013279122,2.0278027,7.7619486,5356
4249,0.003986076384199057,3.8993049,12.212232,3748
4250,0.0016388857278683956,2.6835792,10.792704,1541
4251,0.0010465045789892935,1.91957,8.350915,984
4252,0.00011698730049677062,1.4559305,8.356695,110
4253,0.0003350090877862068,1.4123915,6.9336076,315
4254,0.0016282505187323257,1.9509988,8.914308,1531
4255,0.003810595433453901,1.7498912,6.640382,3583
4256,0.0046635392061667195,1.9366423,6.426734,4385
4257,0.0008763412328121726,1.9693066,6.2953224,824
4258,0.004078602703682867,2.4075341,9.102507,3835
4259,0.0006604464873499505,1.0054449,2.9568691,621
4260,0.0007912595597236122,1.4367952,6.514836,744
4261,0.0011326497729914609,1.8640002,8.496715,1065
4262,0.001126268647509819,2.355787,9.632908,1059
4263,0.00014570236516415978,0.9689686,2.9958487,137
4264,0.0036999892584387724,2.225899,7.9566607,3479
4265,0.0020876915534105522,2.230219,8.394901,1963
4266,0.009363238123396078,1.3144122,5.490519,8804
4267,0.002299332215218346,1.52152,5.796342,2162
4268,0.002822584504712993,1.1456896,6.5839343,2654
4269,0.00416262085585782,3.2632875,11.681866,3914
4270,0.0006274773390281333,1.3706163,5.0995502,590
4271,0.0004339165327516583,1.3984085,4.7417793,408
4272,0.0016612196670541428,1.4038067,6.112432,1562
4273,0.003042733333829643,2.6493137,7.4111543,2861
4274,0.01458299876737926,1.3903285,5.520993,13712
4275,0.0025896734246330586,2.9792166,11.115979,2435
4276,0.015796476129804855,1.8874183,8.327797,14853
4277,0.0003031034603779966,1.582161,6.713924,285
4278,0.0019760218574818166,2.4996557,10.524873,1858
4279,7.444646395249039e-06,0.70448184,0.87510914,7
4280,0.004399786019592182,1.3376238,8.277126,4137
4281,0.002651357637622265,1.610846,7.7170224,2493
4282,0.0018037314694774815,2.3214674,7.2880363,1696
4283,0.0023673975536891946,2.398572,7.922111,2226
4284,0.013405681116016305,2.130295,8.912049,12605
4285,0.00041264611447951817,0.93943495,5.9235425,388
4286,0.0025779746945833815,2.3064134,10.199192,2424
4287,0.0009741851568640171,2.0425181,10.541667,916
4288,0.0018377641387129057,1.6411824,8.328205,1728
4289,0.0010145989515810833,1.3084586,6.3828745,954
4290,0.002701343120561794,1.2387176,5.2188387,2540
4291,0.0009837568450864803,1.5941411,8.256035,925
4292,0.00226955362963735,3.7694886,12.900811,2134
4293,0.0023493176981578753,2.841321,8.782281,2209
4294,0.007353183596678837,3.4289753,9.997542,6914
4295,0.00133897283023122,2.8952847,8.430929,1259
4296,0.0013559891648489322,3.3248177,10.768002,1275
4297,0.0018377641387129057,3.6327827,9.786816,1728
4298,0.0023769692419116574,3.1683557,11.311365,2235
4299,0.0001488929279049808,1.0563217,3.335381,140
4300,0.0025439420253479577,3.1641746,10.05613,2392
4301,0.0007285118258207988,1.4001467,9.551768,685
4302,0.0023620799491211597,2.1234827,6.997439,2221
4303,3.935027380345921e-05,0.9680824,2.0479524,37
4304,0.000946533613110235,1.7172247,7.5674944,890
4305,0.0022419020858835677,2.8102152,9.829025,2108
4306,0.003159720634326414,1.5986755,6.3492208,2971
4307,0.00919201125630535,41.513763,80.51513,8643
4308,0.0021844719565487897,3.152997,11.22887,2054
4309,0.004682682582611646,3.367579,10.69282,4403
4310,0.0003041669812916036,1.5714644,6.8699117,286
4311,0.0014761670280865238,1.932815,7.1746163,1388
4312,0.004255147175341629,3.1811187,13.735887,4001
4313,0.000947597134023842,1.6481577,6.8255424,891
4314,0.002850236048466775,2.1353664,11.814276,2680
4315,0.001686744168980711,1.3100617,4.037728,1586
4316,0.010662860679823838,1.2304572,4.7918487,10026
4317,9.146279857020248e-05,0.99216026,1.9557046,86
4318,0.00023610164282075524,0.9972713,2.8842452,222
4319,0.011218018596726696,1.2170839,4.574344,10548
4320,0.0009869474078273012,1.8192993,7.283062,928
4321,0.0002988493767235686,1.3311613,5.8472466,281
4322,0.00040732850991148314,1.8981302,8.583357,383
4323,0.00010422504953348655,1.1123035,3.3403065,98
4324,0.004020109053434482,4.2820387,10.426139,3780
4325,0.0027034701623890084,2.441632,10.698426,2542
4326,0.019329492604807326,1.9427385,7.611069,18175
4327,0.0009678040313823752,1.6171482,9.270827,910
4328,0.002459923873173004,1.8015226,7.7604437,2313
4329,0.007526537505596779,2.3340979,7.2679543,7077
4330,1.0635209136070056e-06,1.4514093,1.4514093,1
4331,0.0050506608187196695,1.3264335,4.762072,4749
4332,0.0004381706164060863,2.4216366,11.249791,412
4333,0.0010390599325940445,1.2762096,5.529205,977
4334,0.00667359373288396,1.4505721,5.7169795,6275
4335,0.0013932123968251773,1.6849988,8.132306,1310
4336,0.0001488929279049808,1.5708553,8.257673,140
4337,0.0012868603054644768,1.6821625,6.8725324,1210
4338,0.024971471051492493,1.6793752,5.9741383,23480
4339,0.0010390599325940445,1.6208735,7.4517717,977
4340,0.002836410276589884,2.0364006,9.302572,2667
4341,0.0025779746945833815,3.2302666,12.65326,2424
4342,0.002714105371525078,2.3147967,8.489784,2552
4343,0.002289760526995883,2.870899,8.664183,2153
4344,0.00288745928044302,1.3194205,8.642873,2715
4345,0.0015995354540649365,2.3546584,9.723484,1504
4346,0.008058297962400282,1.7851272,7.683775,7577
4347,2.1270418272140114e-05,0.8632575,1.5823365,20
4348,0.0038467551445165392,1.5530937,7.777323,3617
4349,0.0023748422000844436,2.7604275,7.1831837,2233
4350,0.005502657207002647,2.414959,8.705191,5174
4351,0.00023929220556157628,1.129011,4.1172605,225
4352,7.55099848660974e-05,1.2424989,5.31427,71
4353,0.0032639456838599004,1.8086278,6.6394796,3069
4354,0.0004679492019870825,1.2997177,4.9311523,440
4355,0.0008880399628618497,1.6614134,7.4750547,835
4356,0.002430145287592008,1.9105164,11.282525,2285
4357,0.0140576194360574,0.97915196,4.0838056,13218
4358,2.7651543753782147e-05,0.8475242,2.2437978,26
4359,0.001712268670907279,1.1693848,4.7293324,1610
4360,0.022644487292520363,1.1860555,5.8448634,21292
4361,0.03546629542696642,1.0347619,3.8713238,33348
4362,0.004084983829164508,2.928613,10.286805,3841
4363,0.0017994773858230535,2.5490363,6.684684,1692
4364,0.0008497532099719975,1.6880461,7.290557,799
4365,0.004774145381181848,1.5412695,7.551676,4489
4366,0.00036691471519441696,1.7827122,9.646194,345
4367,0.0036936081329571307,1.7028085,7.794322,3473
4368,0.0009210091111836669,1.4933187,6.9260273,866
4369,0.004790098194885953,2.7129862,10.501256,4504
4370,0.00034883485966309783,1.4591429,5.840522,328
4371,0.0009305807994061299,1.7877665,7.400456,875
4372,0.000936961924887772,1.2307091,7.558519,881
4373,0.002516290481594175,1.4065734,5.7585273,2366
4374,0.00210258084620105,2.957405,11.406698,1977
4375,0.0002839600839330705,0.8783651,3.0300496,267
4376,0.0039095028784193525,2.7869668,7.7331214,3676
4377,0.0006359855063369894,1.5688123,6.3784156,598
4378,0.002618388489300448,2.020651,8.80048,2462
4379,0.0002052595363261521,1.642108,9.751807,193
4380,0.0001116696959287356,0.9111089,2.893085,105
4381,0.0053452561117888105,2.6888585,11.366913,5026
4382,0.00023822868464796926,1.5724472,7.3480387,224
4383,0.02159798271353107,1.3440614,5.050415,20308
4384,0.009205837028182241,2.7586622,9.176794,8656
4385,0.0002605626238337164,1.1297895,4.968873,245
4386,0.006141833276080457,1.0698909,3.1515489,5775
4387,0.0021387405572636884,3.3473034,10.328779,2011
4388,0.00035415246423113286,1.6470593,6.2974815,333
4389,0.0016814265644126759,2.2252712,9.874261,1581
4390,5.317604568035028e-06,1.0766929,1.3345975,5
4391,0.0001329401142008757,1.4863194,5.023274,125
4392,0.0037095609466612357,3.59435,12.274724,3488
4393,0.001919655249060645,1.8652778,7.213276,1805
4394,0.0008018947688596822,1.5816998,6.1560063,754
4395,1.4889292790498078e-05,0.7497078,0.94732994,14
4396,0.0004913466620864366,1.5930269,6.209881,462
4397,0.0023822868464796927,1.1103244,5.0791945,2240
4398,0.00020632305723975909,1.2338359,6.3983855,194
4399,0.0002616261447473234,1.330551,5.375458,246
4400,0.0391673482063188,1.0051306,6.0750403,36828
4401,0.0010433140162484724,3.0466151,13.167497,981
4402,2.6588022840175142e-05,0.89502513,1.7579591,25
4403,0.0011762541304493482,1.1785871,5.705588,1106
4404,0.0028895863222702343,1.5295329,7.9661484,2717
4405,0.007021365071633451,1.1696316,5.801413,6602
4406,0.0008657060236761026,1.4742934,6.278211,814
4407,4.466787837149424e-05,1.2533859,3.9888484,42
4408,0.019638977190666967,2.5248299,7.648849,18466
4409,0.022564723223999838,1.7508912,6.767279,21217
4410,0.0009624864268143401,1.1186454,3.6689394,905
4411,0.002606689759250771,1.4998492,6.462751,2451
4412,0.0011868893395854184,3.1300774,11.382819,1116
4413,0.00034564429692227684,1.2218225,3.374569,325
4414,0.000553030875075643,2.1777382,8.215531,520
4415,0.007261720798108634,2.2348359,9.630134,6828
4416,0.0008667695445897096,1.5843127,9.076014,815
4417,0.002520544565248603,1.9711152,10.7948885,2370
4418,0.00011486025866955661,1.8308494,7.3638797,108
4419,0.00017654447165876293,1.2617229,3.939858,166
4420,0.0075297280683376,2.1315396,8.335539,7080
4421,0.0036553213800672784,2.6481986,9.699645,3437
4422,0.006822486660788941,1.4095821,6.763322,6415
4423,0.0021312959108684393,1.9871336,6.532514,2004
4424,0.0036797823610802394,3.0877588,10.351339,3460
4425,0.003004446580939791,1.6653098,10.093838,2825
4426,0.0002765154375378215,1.7437439,9.571408,260
4427,0.006857582850937972,1.4262999,6.240634,6448
4428,0.004311513783762801,2.6810577,11.408518,4054
4429,0.00039137569620737806,2.9499018,10.175862,368
4430,0.00023929220556157628,1.0384067,2.9681795,225
4431,0.002459923873173004,1.2466291,4.627671,2313
4432,0.019863380103438043,1.6056046,5.225502,18677
4433,0.0023323013635401634,2.2490027,7.946612,2193
4434,0.020868407366796664,1.5026635,5.935205,19622
4435,0.00048177497386397354,0.92606914,4.0774217,453
4436,0.0003371361296134208,1.0514951,3.7252007,317
4437,0.0017175862754753141,1.1633339,6.2020783,1615
4438,0.001887749621652435,3.2962427,8.454397,1775
4439,0.002219568146697821,2.4308512,8.4755,2087
4440,0.004167938460425855,1.6316993,6.123432,3919
4441,0.0014102287314428895,1.5753641,7.6871653,1326
4442,0.0002478003728704323,1.2432052,4.7373867,233
4443,0.0011900799023262393,2.0154588,10.007303,1119
4444,4.9985482939529265e-05,0.828736,1.7214714,47
4445,0.0023886679719613345,3.7014008,12.945634,2246
4446,0.002267426587810136,4.5581822,12.872486,2132
4447,7.444646395249039e-06,0.8619644,1.54199,7
4448,0.0023716516373436226,1.5280974,7.5173545,2230
4449,0.0024035572647518326,2.6930866,8.415982,2260
4450,0.03326480713579992,1.4045947,6.519113,31278
4451,0.00010528857044709356,1.220058,3.5789018,99
4452,0.0019281634163695013,2.410383,8.518468,1813
4453,0.006775691740590233,2.724864,11.733963,6371
4454,0.0005264428522354678,2.021158,9.720893,495
4455,0.0010964900619288228,2.1187623,9.058357,1031
4456,0.004029680741656944,2.2327929,8.417153,3789
4457,0.0019324175000239292,1.9447135,7.40181,1817
4458,0.009005895096424124,25.326387,49.456947,8468
4459,0.000373295840676059,1.3622824,4.88724,351
4460,0.0005126170803585767,1.4673473,6.6424947,482
4461,0.002609880321991592,1.9445393,8.308592,2454
4462,0.0016367586860411816,2.8820186,9.503131,1539
4463,0.001313448328304652,0.9893411,3.6552646,1235
4464,0.002053658884175128,2.1993713,7.567763,1931
4465,0.0003350090877862068,1.3662302,5.231368,315
4466,0.029532912249952938,1.4225575,5.1945043,27769
4467,0.0020323884659029876,1.6940488,8.397527,1911
4468,0.0013474809975400762,2.4219024,7.6154785,1267
4469,0.0008189111034773944,2.4366608,11.2830715,770
4470,0.0005381415822851448,1.6455954,5.4103694,506
4471,0.0013825771876891074,1.461749,5.7200828,1300
4472,0.00016378222069547886,1.9816592,11.064427,154
4473,0.005461179891371974,1.6508774,9.184532,5135
4474,0.00027226135388339344,1.0180441,4.7383347,256
4475,0.0012655898871923366,1.9979591,8.515943,1190
4476,0.00044136117914690736,1.2591422,3.7972462,415
4477,0.0021153430971643343,2.9192665,10.255273,1989
4478,0.004723096377328712,2.2367172,8.784347,4441
4479,2.8715064667389152e-05,0.7000986,1.2879139,27
4480,0.007807307026789028,2.0914903,8.993308,7341
4481,0.0008901670046890637,1.3307048,4.302213,837
4482,0.000561539042384499,1.3613402,9.297332,528
4483,0.0012613358035379087,3.2070062,11.092143,1186
4484,0.0003626606315399889,1.5236135,6.4431176,341
4485,0.0013708784576394303,1.5122079,6.2266693,1289
4486,0.0015729474312247613,1.3302803,7.095503,1479
4487,0.0009284537575789159,2.1358993,8.3776655,873
4488,0.0006944791565853747,1.3358787,5.769687,653
4489,0.0003052305022052106,1.0443405,3.5374668,287
4490,0.0004722032856415105,1.6094201,9.896963,444
4491,0.00207067521879284,1.6513393,7.1099997,1947
4492,0.0011922069441534532,1.3381073,4.902939,1121
4493,0.0002095136199805801,1.1650273,6.2197633,197
4494,0.019229521638928267,1.57084,9.686828,18081
4495,0.00011805082141037762,0.9632438,3.639418,111
4496,0.002433335850332829,3.5791926,11.112984,2288
4497,0.001309194244650224,2.97366,9.38529,1231
4498,0.0382410214905671,2.3221872,8.687452,35957
4499,0.00055409439598925,1.2850052,4.9948206,521
4500,0.0035064284521622974,5.4532824,12.705309,3297
4501,0.020988585230034256,2.8658845,11.3641,19735
4502,0.00010741561227430756,1.2204828,3.4646904,101
4503,0.0033022324367497527,2.5691657,12.770869,3105
4504,0.0038403740190348975,2.0176938,8.398373,3611
4505,0.001154983712177208,1.326814,4.973804,1086
4506,4.2540836544280225e-06,0.8213831,1.1384584,4
4507,0.0002424827683023973,1.9271283,7.849994,228
4508,0.08196874737443274,8.293757,44.692673,77073
4509,5.104900385313627e-05,1.4816152,6.722453,48
4510,4.360435745788723e-05,0.7733233,1.4628139,41
4511,0.012218791776430888,3.0395691,12.995154,11489
4512,0.003421346779073737,2.9869666,8.665818,3217
4513,0.0024269547248511867,2.4579165,10.010545,2282
4514,0.00014357532333694577,1.1874859,4.732517,135
4515,0.016855742959757433,2.142907,6.8421073,15849
4516,0.0004169001981339462,1.694984,8.475105,392
4517,0.0025269256907302453,1.6573303,9.004658,2376
4518,0.0032575645583782582,1.1012136,5.06013,3063
4519,0.00019675136901729605,0.9374786,2.8625293,185
4520,0.0007253212630799778,1.9173336,8.259937,682
4521,0.002795996481872818,1.2309227,4.0602193,2629
4522,0.00038605809163934303,1.7961997,8.949877,363
4523,0.0009752486777776241,1.1389202,4.8580527,917
4524,0.00039137569620737806,2.5176513,8.736478,368
4525,0.00021589474546222215,0.9517926,4.552142,203
4526,0.0018569075151578318,3.448071,10.967346,1746
4527,0.0013868312713435354,1.5391709,4.5464244,1304
4528,0.004817749738639736,2.169901,9.22119,4530
4529,0.002950207014345834,3.133515,8.835124,2774
4530,0.002075992823360875,2.151512,7.2920437,1952
4531,0.012065644764871479,2.2660415,10.489862,11345
4532,0.0013878947922571422,1.123726,6.717891,1305
4533,0.001297495514600547,2.739274,8.199921,1220
4534,0.00015740109521383683,1.868008,6.7662177,148
4535,0.0008720871491577447,0.9893858,4.753543,820
4536,0.00013613067694169672,1.3425585,5.7899637,128
4537,0.002445034580382506,3.6813593,12.521705,2299
4538,0.0012209220088208424,1.4445757,5.7578273,1148
4539,0.002792805919131997,3.2550209,10.825865,2626
4540,0.0014921198417906288,2.4733102,10.547877,1403
4541,0.27715142304415846,6.3574576,20.144234,260598
4542,1.0635209136070056e-06,0.5897314,0.5897314,1
4543,0.00039882034260262713,1.389666,7.098759,375
4544,0.0009348348830605579,1.1976829,4.8370767,879
4545,0.0033543449615164958,2.5398104,9.296041,3154
4546,0.0023907950137885487,1.742029,6.5005784,2248
4547,7.44464639524904e-05,1.0661728,1.8804113,70
4548,0.0005072994757905416,1.3309917,9.941882,477
4549,0.0008167840616501803,2.5637896,9.847084,768
4550,0.0001488929279049808,1.3919606,6.172527,140
4551,0.005236776978600896,1.2360569,5.6845617,4924
4552,0.0002073865781533661,1.5805464,5.9615664,195
4553,0.0015931543285832945,2.2367165,9.216572,1498
4554,0.0012464465107474105,1.0299709,3.8306036,1172
4555,0.0015431688456437652,1.4564676,4.607986,1451
4556,0.00023503812190714824,1.9065427,9.912952,221
4557,2.446098101296113e-05,0.92064565,1.3884895,23
4558,0.00023610164282075524,0.8954734,2.6447995,222
4559,0.009013339742819372,1.8764989,8.48389,8475
4560,7.44464639524904e-05,1.2995847,4.6271124,70
4561,0.005948272469803982,1.5101022,5.6672716,5593
4562,0.0010348058489396165,1.2740278,6.1205535,973
4563,0.0009135644647884178,1.5462623,6.7457743,859
4564,0.0009795027614320521,1.97085,7.2939067,921
4565,0.008984624678151984,2.879078,9.042995,8448
4566,0.001320892974699901,1.7303662,9.241762,1242
4567,0.00048177497386397354,1.3748757,7.445508,453
4568,0.0005381415822851448,1.3732239,7.4381332,506
4569,0.001153920191263601,0.8622556,3.2390811,1085
4570,9.46533613110235e-05,1.7478042,7.608613,89
4571,0.0005051724339633276,1.5120454,5.989537,475
4572,0.0011188240011145698,2.1043313,11.570603,1052
4573,0.0053941780738147324,2.3752673,9.617242,5072
4574,0.0027513286035013235,3.4606066,11.287256,2587
4575,0.0001137967377559496,0.9336718,3.4475012,107
4576,0.002262108983242101,2.173093,8.410585,2127
4577,0.007812624631357063,1.9711225,8.569035,7346
4578,0.0035298259122616515,3.1250463,10.831634,3319
4579,0.0017941597812550184,2.561846,7.6009407,1687
4580,0.0013421633929720411,1.4428667,6.090791,1262
4581,1.701633461771209e-05,1.0359951,2.198855,16
4582,0.010103448679266554,2.625755,10.464987,9500
4583,0.0015389147619893372,3.4234166,12.151803,1447
4584,0.003559604497842648,3.9239228,12.289741,3347
4585,0.000948660654937449,1.5196066,6.9419603,892
4586,0.0019951652339267427,1.5214999,5.4324574,1876
4587,0.0012666534081059438,2.3489716,9.85879,1191
4588,0.003206515554525122,2.364006,7.557409,3015
4589,5.4239566593957285e-05,2.1963637,8.855817,51
4590,7.231942212527638e-05,0.89631104,2.1695597,68
4591,0.002053658884175128,2.120429,7.581173,1931
4592,0.003045923896570464,2.9012518,10.095907,2864
4593,0.0023588893863803386,2.3635042,8.437398,2218
4594,0.0016559020624861078,1.6979066,9.119242,1557
4595,0.0010794737273111107,2.109467,7.5021477,1015
4596,0.0009050562974795618,1.2161387,5.030011,851
4597,0.002686453827771296,2.3065727,8.443501,2526
4598,0.0030586861475337484,2.9315486,9.045692,2876
4599,0.000773179704192293,1.0039741,3.3145516,727
4600,0.00028715064667389153,2.152887,11.850038,270
4601,0.006895869603827824,1.3028959,6.59025,6484
4602,0.00021908530820304316,1.3550622,5.234259,206
4603,0.006097165397708963,1.7282307,7.192737,5733
4604,0.0025014011888036774,1.8393624,7.010418,2352
4605,0.00187179680794833,1.7299823,4.946231,1760
4606,0.003057622626620141,1.6449903,5.6595845,2875
4607,0.00019462432719008203,2.0592039,13.617693,183
4608,0.0023418730517626263,2.22621,6.580136,2202
4609,0.0013910853549979633,2.2781246,9.75052,1308
4610,0.0020291979031621665,2.7133512,9.111591,1908
4611,0.0038095319125402943,2.4536734,9.598371,3582
4612,0.0017356661310066331,2.1134026,10.720931,1632
4613,0.001682490085326283,2.5864167,10.954775,1582
4614,0.0007178766166847288,1.6185615,5.762969,675
4615,0.0001701633461771209,1.082158,3.6936262,160
4616,0.0158336993617811,1.5586561,6.5036826,14888
4617,0.007578650030363522,1.7882051,11.027486,7126
4618,0.0005891905861382811,1.5962596,9.366865,554
4619,0.0015548675756934423,1.5550194,7.75683,1462
4620,0.0021993612493392874,2.3829644,8.158933,2068
4621,0.0006413031109050244,1.9127368,5.690801,603
4622,0.0014719129444320958,2.7173712,11.403468,1384
4623,0.000550903833248429,1.6088946,5.245516,518
4624,0.0001669727834362999,1.8747853,10.072917,157
4625,0.012386828080780794,2.2783403,8.639561,11647
4626,0.0022302033558338906,1.994818,8.107742,2097
4627,3.403266923542418e-05,1.0045946,1.6386147,32
4628,0.01959218227046826,0.996601,3.7992196,18422
4629,0.0004169001981339462,1.1548176,2.7682102,392
4630,0.0017271579636977772,2.4030242,10.564662,1624
4631,0.005132551929067409,1.6153009,7.308402,4826
4632,0.00013613067694169672,1.1587455,5.2632804,128
4633,0.0010826642900519318,1.7422559,5.0625596,1018
4634,0.0004392341373196933,1.2750777,4.9118414,413
4635,0.00032331035773652974,1.4085329,7.1800404,304
4636,0.0024024937438382257,3.6239743,11.295452,2259
4637,0.0010018367006177993,1.4017106,9.16865,942
4638,0.0018388276596265128,2.388402,9.705569,1729
4639,0.0009103739020475968,1.1011506,6.6299114,856
4640,0.0022185046257842136,1.3478374,5.23463,2086
4641,0.0018207478040951936,1.0705723,5.382346,1712
4642,0.002306776861613595,1.6801257,7.3634596,2169
4643,0.0007136225330303008,1.5639341,10.463838,671
4644,0.007376581056778191,1.1950428,4.711728,6936
4645,0.001721840359129742,2.7967792,8.672027,1619
4646,0.0004328530118380513,1.570792,5.8964453,407
4647,0.0017441742983154893,1.4279934,5.724943,1640
4648,0.0010507586626437215,1.7710631,7.251508,988
4649,0.0006062069207559932,1.5438114,7.5475736,570
4650,0.016885521545338428,1.0489069,6.4650583,15877
4651,0.0006976697193261957,1.2670698,5.8983436,656
4652,0.0011581742749180292,1.5216764,4.414946,1089
4653,0.0020121815685444546,1.7125853,7.774105,1892
4654,0.0027832342309095336,1.2959089,4.2499437,2617
4655,0.006036544705633364,3.4455478,10.758174,5676
4656,0.0035723667488059318,3.2876747,10.590611,3359
4657,0.00019781488993090305,1.1213974,6.351019,186
4658,0.003731894885846983,3.5684783,9.5684185,3509
4659,0.0012028421532895234,1.9818032,6.181071,1131
4660,0.00027119783296978645,1.7264949,6.8207903,255
4661,0.007448900478903468,1.7556534,8.732521,7004
4662,0.00042753540727001626,2.0825593,6.1916714,402
4663,0.002133422952695653,2.272329,7.6819525,2006
4664,0.0003584065478855609,1.8919905,8.699215,337
4665,0.004428501084259571,2.138994,12.398724,4164
4666,0.0009848203660000872,1.7727958,7.7812304,926
4667,0.0038595173954798236,1.9900832,9.861488,3629
4668,0.009846076618173659,2.4270654,9.660429,9258
4669,0.0031703558434624836,1.6429625,6.6204605,2981
4670,0.002598181591941915,1.5163496,6.820032,2443
4671,2.1270418272140113e-06,0.7796949,0.8793532,2
4672,0.0025237351279894242,1.9203972,6.746714,2373
4673,0.0034670781783588383,3.6192484,9.630384,3260
4674,0.0004392341373196933,0.9589826,2.2140055,413
4675,7.231942212527638e-05,0.88256663,2.4821188,68
4676,7.338294303888339e-05,0.9915645,4.153534,69
4677,0.0002084500990669731,1.434262,8.252534,196
4678,0.0019260363745422873,2.346669,8.663529,1811
4679,0.004477423046285494,4.5524817,12.736004,4210
4680,0.0019824029829634583,1.6504151,6.629291,1864
4681,0.0008901670046890637,1.2981288,5.4808717,837
4682,0.0031469583833631295,1.6524162,7.0494475,2959
4683,0.0005604755214708919,2.1610103,10.035102,527
4684,0.00023822868464796926,1.7413207,8.167461,224
4685,0.001314511849218259,2.1648602,10.99726,1236
4686,0.0023610164282075524,2.1413426,8.774305,2220
4687,0.0021355499945228673,1.3317747,6.5345345,2008
4688,0.023777137065511825,1.3001788,6.170774,22357
4689,0.00040626498899787615,1.3664578,5.8888907,382
4690,0.00012443194689201967,0.98468477,2.8429341,117
4691,0.003172482885289698,2.5520697,11.224193,2983
4692,0.00048815609934561556,1.753801,7.876177,459
4693,0.0009178185484428459,1.9607463,7.769637,863
4694,0.00011273321684234259,2.5415895,11.876802,106
4695,0.0004530599091965844,1.4266334,5.225406,426
4696,0.0033203122922810715,1.2024546,5.123075,3122
4697,0.0017920327394278044,2.8461642,14.319793,1685
4698,0.0008742141909849586,1.5932463,8.153699,822
4699,0.0005423956659395729,1.534763,6.394148,510
4700,0.0006136515671512422,1.4067839,10.208579,577
4701,0.0017760799257236994,1.1014899,4.725646,1670
4702,0.0015878367240152594,2.9424176,8.987453,1493
4703,0.0015740109521383684,1.8188112,7.609556,1480
4704,0.002219568146697821,2.468963,9.448062,2087
4705,0.008425212677594699,13.703058,32.092533,7922
4706,0.002475876686877109,1.7502825,6.190638,2328
4707,0.004693317791747716,2.4122202,9.475321,4413
4708,0.0009273902366653089,1.7314165,6.579931,872
4709,0.0005264428522354678,1.8563914,9.611302,495
4710,0.0025567042763112416,2.879969,8.4869995,2404
4711,0.0010943630201016089,2.4945061,9.59194,1029
4712,0.002083437469756124,3.8115635,11.293955,1959
4713,0.0038573903536526094,1.4396297,7.8592963,3627
4714,0.0011071252710648928,1.599376,8.897805,1041
4715,0.0014134192941837106,1.6224078,10.7471,1329
4716,0.0013474809975400762,1.384984,8.358138,1267
4717,0.002256791378674066,1.5686979,7.7935977,2122
4718,0.0035479057677929708,1.6325649,11.048799,3336
4719,0.0035340799959160795,2.5402424,9.137981,3323
4720,0.0007029873238942307,1.2516359,5.9297094,661
4721,0.002270617150550957,2.8216817,9.514599,2135
4722,0.004650776955203436,2.6606963,9.926578,4373
4723,0.006576813329745723,1.1537588,3.8408847,6184
4724,0.0017952233021686255,1.5227792,7.722386,1688
4725,0.02073546725259579,1.3280593,5.719336,19497
4726,0.0002988493767235686,1.4486153,6.944768,281
4727,0.003424537341814558,2.2660835,8.341391,3220
4728,0.0008699601073305306,1.3264146,5.5317116,818
4729,0.0017154592336481001,2.2469249,11.067162,1613
4730,0.00024992741469764633,2.0646794,6.6878204,235
4731,2.1270418272140113e-06,1.1220205,1.5394458,2
4732,0.008320987628061213,1.9918784,8.526812,7824
4733,0.0008944210883434918,1.8087473,9.082445,841
4734,0.0014676588607776678,1.0875891,3.8670561,1380
4735,0.0007359564722160479,1.65609,7.523126,692
4736,0.0021536298500541865,1.8723038,5.9848723,2025
4737,0.0024110019111470817,2.094423,9.947548,2267
4738,0.00046369511833265446,1.152884,6.6169367,436
4739,0.0031894992199074097,1.237672,5.4881716,2999
4740,0.004304069137367552,1.8755357,6.843875,4047
4741,0.0004775208902095455,1.1955007,5.681708,449
4742,0.002835346755676277,1.7099935,6.0050774,2666
4743,0.0011751906095357411,2.0194857,8.289173,1105
4744,0.00040626498899787615,1.3674676,6.601205,382
4745,0.00023397460099354125,1.3938946,5.0474677,220
4746,0.004179637190475532,1.5085831,8.543107,3930
4747,0.007247895026231743,1.499501,6.4992166,6815
4748,0.0033181852504538577,2.8642595,12.865197,3120
4749,0.0010124719097538693,1.8332199,8.411055,952
4750,0.002338682489021805,2.5137773,8.459243,2199
4751,0.0015357241992485162,1.7496384,6.8246465,1444
4752,0.003634050961795138,1.9975904,7.651423,3417
4753,0.0019366715836783572,1.8449999,7.0998325,1821
4754,0.00036691471519441696,1.087553,3.5462408,345
4755,2.1270418272140114e-05,1.8420523,6.2529945,20
4756,0.00022121235003025718,1.441254,6.256636,208
4757,0.0007210671794255498,2.0952954,11.527851,678
4758,0.003020399394643896,2.0879931,12.259904,2840
4759,0.0013442904347992551,1.6814696,8.335145,1264
4760,0.0006285408599417403,1.2406076,4.075937,591
4761,0.0019494338346416414,1.2764349,4.500629,1833
4762,0.002080246907015303,3.1996675,10.724357,1956
4763,0.00019675136901729605,0.90031034,3.9359965,185
4764,0.000562602563298106,2.3639362,8.688336,529
4765,0.012497434255795923,1.7173283,5.3336663,11751
4766,0.004733731586464782,2.5429037,9.081054,4451
4767,0.004017982011607267,2.6005502,10.050331,3778
4768,0.0011805082141037762,1.534764,5.5873976,1110
4769,0.0006944791565853747,1.0644199,7.136198,653
4770,0.003021462915557503,1.9603412,8.963294,2841
4771,0.03683504684277864,1.6323608,7.9287977,34635
4772,0.0007253212630799778,1.2694234,6.46514,682
4773,0.004540170780188307,2.6535163,7.359472,4269
4774,0.0019941017130131354,2.3320882,7.792229,1875
4775,0.00015846461612744383,0.69187415,1.4107226,149
4776,7.444646395249039e-06,0.8916631,1.4549689,7
4777,0.0016442033324364307,1.9592218,8.910211,1546
4778,0.0016761089598446408,2.3410194,9.389998,1576
4779,0.002090882116151373,2.43795,7.587043,1966
4780,0.00016271869978187186,1.2738184,3.0850549,153
4781,0.0027343122688836116,2.899323,7.459047,2571
4782,0.00035308894331752586,1.4587646,7.010471,332
4783,0.0007721161832786861,1.860446,9.815034,726
4784,0.00015846461612744383,1.2859067,3.4656556,149
4785,0.001698442899030388,1.173365,7.5200973,1597
4786,0.0008540072936264255,1.7777983,10.27509,803
4787,3.509619014903119e-05,0.8545104,2.3105001,33
4788,0.0025662759645337044,2.4545228,9.754797,2413
4789,0.002449288664036934,2.3089092,7.753869,2303
4790,6.168421298920632e-05,0.9144523,2.3451867,58
4791,0.00342028325816013,1.8774204,7.418415,3216
4792,0.0008316733544406784,1.6424258,6.8689957,782
4793,0.003928646254864279,2.1975756,8.319258,3694
4794,2.6588022840175142e-05,0.8053848,1.1535642,25
4795,0.005989749785434656,1.6108074,6.9884405,5632
4796,0.0005445227077667869,0.8114066,2.8282032,512
4797,0.0017962868230822326,2.3085017,10.756698,1689
4798,0.002451415705864148,2.5969522,8.374238,2305
4799,0.003943535547654777,3.5612907,10.069152,3708
4800,0.002129168869041225,2.5509062,9.547181,2002
4801,0.006953299733162603,1.8742806,9.039522,6538
4802,0.001499564488185878,1.1620299,5.9526405,1410
4803,0.0010305517652851885,1.6574228,7.830981,969
4804,0.0008508167308856045,1.2552553,5.861997,800
4805,0.0010986171037560368,1.3635602,10.24699,1033
4806,0.0010645844345206126,1.7996402,9.646567,1001
4807,0.0014017205641340335,2.488835,8.13384,1318
4808,0.0004349800536652653,1.0313425,3.1457005,409
4809,0.00021695826637582914,1.5295949,7.6288724,204
4810,0.016165517886826485,2.423355,8.85327,15200
4811,0.0038680255627886796,1.6000828,6.0788813,3637
4812,0.0011836987768445973,1.1315175,5.288203,1113
4813,0.0034543159273955544,2.9282856,10.507426,3248
4814,0.0013857677504299283,1.550313,7.1715965,1303
4815,0.004932609997309292,1.4783695,6.3184233,4638
4816,8.508167308856045e-06,0.70059097,1.0758138,8
4817,0.0023333648844537703,2.3738225,6.8635254,2194
4818,0.0029959384136309347,1.5593462,5.5979943,2817
4819,0.0005062359548769346,1.6309481,7.433917,476
4820,0.0002892776885011055,2.7125466,12.18871,272
4821,0.004049887639015477,2.5177658,13.943811,3808
4822,0.040327649523064044,2.5459483,20.173481,37919
4823,0.0043253395556396915,0.8300501,2.4649758,4067
4824,0.0037074339048340215,5.3034797,14.997016,3486
4825,0.003983949342371843,0.9719774,4.265816,3746
4826,0.01870945991217444,1.8145077,5.7647543,17592
4827,0.008380544799223205,1.80746,8.914098,7880
4828,0.005331430339911919,2.5434058,10.309325,5013
4829,0.00019994193175811706,1.4108886,5.8594475,188
4830,0.0006625735291771645,1.5670719,8.158479,623
4831,1.2762250963284067e-05,0.99585176,2.2511184,12
4832,0.0010550127462981495,2.0361764,10.78004,992
4833,0.0021717097055855054,2.5640016,9.172893,2042
4834,0.0010231071188899394,1.2323484,4.571265,962
4835,0.001131586252077854,2.8707862,9.653052,1064
4836,0.001311321286477438,1.4053236,7.6491256,1233
4837,0.00027864247936503547,1.3364983,5.03729,262
4838,0.00010528857044709356,1.7227339,8.371398,99
4839,0.0034628240947044103,1.2790829,4.972307,3256
4840,0.0017175862754753141,2.427761,9.404389,1615
4841,0.0010369328907668305,2.8929696,9.13105,975
4842,0.005988686264521048,2.441097,9.165721,5631
4843,0.00014570236516415978,1.6753528,7.1071773,137
4844,0.0014144828150973174,2.530973,10.972282,1330
4845,0.00040732850991148314,1.8381096,11.03439,383
4846,0.0029916843299765067,3.0481818,7.894658,2813
4847,0.003072511919410639,2.511466,7.5867352,2889
4848,0.0006072704416696002,1.8565305,6.9068613,571
4849,0.0009337713621469509,2.4632769,8.255126,878
4850,0.0003339455668725998,1.7915721,7.5866284,314
4851,0.0019770853783954235,1.5874157,10.996146,1859
4852,0.014605332706565008,1.7676742,6.7841473,13733
4853,4.147731563067322e-05,1.0313715,3.0522838,39
4854,0.0006423666318186314,1.1969874,5.4807944,604
4855,0.003967996528667738,1.8190264,7.8417954,3731
4856,0.0013464174766264691,3.7469788,11.010546,1266
4857,0.00021376770363500813,1.7429643,6.746658,201
4858,2.020689735853311e-05,1.0230933,2.322104,19
4859,0.0018420182223673337,2.7179399,7.939868,1732
4860,0.0021068349298554783,1.7950275,6.828943,1981
4861,0.0004753938483823315,1.1688563,6.864264,447
4862,0.0019366715836783572,1.459451,6.4835935,1821
4863,0.0002531179774384673,1.2746403,3.4543557,238
4864,0.0005498403123348219,2.082263,7.71379,517
4865,1.701633461771209e-05,2.6754675,10.906811,16
4866,0.0016761089598446408,4.25056,11.078233,1576
4867,0.00399564807242152,2.3818386,8.503347,3757
4868,0.0030980364213372075,3.778289,11.033178,2913
4869,0.0002531179774384673,1.4856327,5.4537287,238
4870,0.003037415729261608,1.2678972,4.4312572,2856
4871,0.008381608320136812,2.6399617,8.83157,7881
4872,0.0007242577421663709,1.569441,6.349715,681
4873,0.0028778875922205573,2.8200338,9.734522,2706
4874,0.0012560181989698736,1.6210427,7.4013143,1181
4875,0.0025630854017928834,2.5830925,10.129915,2410
4876,0.005749394058959472,1.8551735,6.8750987,5406
4877,0.00010635209136070057,1.9672847,11.116748,100
4878,0.001515517301889983,1.7217226,7.3850613,1425
4879,0.002298268694304739,4.2891006,13.952432,2161
4880,0.0012847332636372628,1.1194865,3.516451,1208
4881,0.0014612777352960256,1.4540902,9.725423,1374
4882,0.0029300001169873004,1.3185719,4.784508,2755
4883,0.0026641198885855493,1.9201176,7.99584,2505
4884,0.0007231942212527639,1.5056316,7.0174465,680
4885,0.0005976987534471372,1.3292065,3.4939032,562
4886,0.0006710816964860206,1.4240192,6.937497,631
4887,0.002851299569380382,3.296771,10.107407,2681
4888,0.0008295463126134644,1.8117262,7.357226,780
4889,0.0011794446931901693,1.4325703,6.3042355,1109
4890,0.0009125009438748108,0.8242308,2.7365038,858
4891,0.0019526243973824622,2.438462,9.50741,1836
4892,0.00011698730049677062,0.9987871,2.9050379,110
4893,0.0018824320170844,2.3299022,8.461542,1770
4894,0.0006827804265356976,1.5634205,6.609817,642
4895,0.004278544635440983,2.217631,12.543449,4023
4896,0.0015942178494969014,2.36029,9.253132,1499
4897,0.002235520960401926,2.0282462,8.859195,2102
4898,0.00032862796230456476,0.9105946,4.4099116,309
4899,0.009619546663575366,1.4890308,5.6762652,9045
4900,0.0018367006177992986,3.3163292,13.465356,1727
4901,0.0002999128976371756,1.5154331,6.47283,282
4902,0.0006317314226825613,1.7758964,6.7172937,594
4903,0.006319441268652828,1.7447809,7.559013,5942
4904,0.007120272516598903,1.6890723,5.6887116,6695
4905,0.008987815240892805,2.2141569,7.288373,8451
4906,0.0012772886172420137,1.6985873,7.079896,1201
4907,0.0004998548293952927,1.7519416,5.8696227,470
4908,0.002270617150550957,2.6486719,7.706434,2135
4909,0.0034426171973458773,2.7564585,11.284971,3237
4910,0.0013474809975400762,1.3579792,6.2150917,1267
4911,3.190562740821017e-05,0.84676254,1.781128,30
4912,0.02072057795980529,1.3777112,6.439727,19483
4913,0.00037542288250327297,1.313287,5.54945,353
4914,0.007956199954694008,1.5508916,5.8623996,7481
4915,0.014488345406068238,1.544959,6.5518174,13623
4916,0.004086047350078116,1.3456337,9.926858,3842
4917,0.0005275063731490748,1.6751541,9.086322,496
4918,0.00322140484731562,1.5922974,7.889872,3029
4919,0.003607462938954963,1.8507643,6.716606,3392
4920,0.0010007731797041922,1.5445735,5.2466345,941
4921,0.00024035572647518327,1.4545159,5.6158137,226
4922,0.00033288204595899274,1.2311449,5.8728595,313
4923,7.44464639524904e-05,1.5180973,5.1097836,70
4924,0.00303316164560718,2.5117855,8.38387,2852
4925,0.00891868638150835,1.6049947,8.355921,8386
4926,0.004775208902095455,1.8521013,6.21182,4490
4927,0.0009646134686415541,2.1076658,8.394468,907
4928,0.004670983852561969,4.3802986,11.12631,4392
4929,0.0059344466979270915,2.4272387,10.424736,5580
4930,0.008578359689154108,1.3989067,6.035026,8066
4931,0.005702599138760764,4.299335,12.430631,5362
4932,0.002822584504712993,1.2316114,4.599132,2654
4933,0.001866479203380295,2.206328,7.7473063,1755
4934,0.0015421053247301581,1.7452639,5.893307,1450
4935,0.0022408385649699608,2.3013387,7.778408,2107
4936,0.00278110718908232,1.8953687,7.4068923,2615
4937,0.003026780520125538,1.9790099,5.3878713,2846
4938,0.0007019238029806237,1.2172168,3.6474826,660
4939,0.0008348639171814994,1.0758913,3.3339283,785
4940,0.0006327949435961683,1.8289157,8.715798,595
4941,0.0010241706398035463,1.4506425,9.288015,963
4942,0.000945470092196628,1.4090002,6.9751024,889
4943,0.0008550708145400325,1.7911732,6.4259305,804
4944,0.021082175070431673,1.0887542,3.8213418,19823
4945,0.001324083537440722,2.507424,6.5553136,1245
4946,0.007280864174553561,2.3054497,8.022018,6846
4947,0.001142221461213924,1.248106,6.189633,1074
4948,0.0023046498197863813,2.2696598,10.000234,2167
4949,0.0005158076430993977,1.1861033,4.853994,485
4950,0.0005296334149762888,1.6358234,7.079508,498
4951,5.317604568035028e-06,1.0482796,1.6076481,5
4952,0.008821905978370112,2.1325693,8.014006,8295
4953,0.001122014563855391,2.861449,9.487276,1055
4954,0.0044412633352228555,3.9869027,10.791688,4176
4955,8.508167308856045e-06,1.968367,5.5224466,8
4956,0.0030757024821514603,2.6133006,7.927783,2892
4957,0.001714395712734493,1.3182212,7.3983026,1612
4958,0.0025354338580391013,1.7037911,9.483254,2384
4959,0.000950787696764663,2.9187312,10.173582,894
4960,0.019848490810647546,1.3262429,6.570273,18663
4961,0.0002637531865745374,1.4835126,7.9291525,248
4962,0.0012400653852657686,1.394276,4.772322,1166
4963,0.00131770241195908,1.3392558,4.793659,1239
4964,0.0025396879416935293,1.2800517,9.052663,2388
4965,0.0013379093093176132,2.101435,9.746184,1258
4966,0.0014304356288014225,1.5018404,5.81231,1345
4967,0.002116406618077941,1.9584031,6.9112115,1990
4968,4.679492019870825e-05,0.867461,1.7047734,44
4969,0.0001680363043499069,1.073632,3.5971966,158
4970,0.0016154882677690415,2.0291162,9.392504,1519
4971,0.0012943049518597258,1.3692988,7.634581,1217
4972,0.002488638937840393,1.5040303,6.813846,2340
4973,0.0016154882677690415,2.4159808,9.045557,1519
4974,0.00302252643647111,1.8822198,8.533442,2842
4975,0.0003498983805767048,1.7513436,8.377927,329
4976,0.0006519383200410944,1.4832119,6.609803,613
4977,0.0025524501926568136,3.2434907,8.690308,2400
4978,0.006140769755166851,1.9425553,7.139435,5774
4979,0.001668664313449392,2.2123108,7.890939,1569
4980,0.0007721161832786861,1.5796006,6.3304477,726
4981,2.020689735853311e-05,1.1006035,2.2513092,19
4982,0.0025247986489030315,1.3880067,5.925189,2374
4983,4.2540836544280225e-06,0.7047057,0.9333144,4
4984,0.0003584065478855609,1.079839,4.5923314,337
4985,0.000190370243535654,0.9596217,3.2007966,179
4986,0.003943535547654777,1.1247734,4.904617,3708
4987,0.0038839783764927846,1.7300698,6.3258524,3652
4988,0.0010379964116804376,3.728225,11.019058,976
4989,0.0006264138181145264,1.7999033,9.528798,589
4990,0.006420475755445493,1.1393371,4.1362953,6037
4991,0.0025684030063609187,2.1860154,8.700582,2415
4992,0.0019558149601232836,2.7117558,8.794823,1839
4993,0.002641785949399802,1.2804028,5.058953,2484
4994,0.000567920167866141,1.4535434,6.5881205,534
4995,0.024153623468928704,1.463873,5.2818303,22711
4996,0.002089818595237766,4.1603575,11.230511,1965
4997,0.008326305232629247,1.9758646,10.675406,7829
4998,0.00010422504953348655,0.67984384,1.2476966,98
4999,0.008888907795927353,1.3448468,6.2410817,8358
5000,0.0005360145404579308,1.3461156,5.756334,504
5001,0.005746203496218651,2.2010806,7.7199845,5403
5002,0.003790388536095368,1.9256688,7.7065306,3564
5003,0.0015314701155940882,3.15363,10.820485,1440
5004,0.0012102867996847725,1.3883255,4.99958,1138
5005,0.003393695235319955,1.8944134,6.9276958,3191
5006,0.0016112341841146135,1.3338339,7.4935155,1515
5007,0.002330174321712949,2.1466,9.107532,2191
5008,0.001320892974699901,1.390836,6.6902385,1242
5009,0.0034894121175445855,3.505821,10.207023,3281
5010,3.1905627408210167e-06,1.5474966,2.8973877,3
5011,0.008307161856184322,1.234743,6.164557,7811
5012,0.0017452378192290962,2.299768,7.514956,1641
5013,0.0001329401142008757,1.1138463,6.5035276,125
5014,0.0005732377724341761,1.4942323,7.2498126,539
5015,0.0006625735291771645,1.9638287,8.634817,623
5016,0.00190370243535654,2.9967496,12.011855,1790
5017,0.0019770853783954235,2.9545717,11.708377,1859
5018,0.000567920167866141,0.942195,4.682441,534
5019,0.0010794737273111107,1.4898909,7.644183,1015
5020,0.0019685772110865675,1.8563874,7.2656326,1851
5021,0.0002754519166242145,0.9977402,4.7618475,259
5022,0.0016548385415725007,2.9313965,8.3335,1556
5023,0.0023939855765293698,1.9201293,7.8359265,2251
5024,0.0010528857044709355,1.8814876,8.075524,990
5025,0.002797060002786425,1.8534193,6.559395,2630
5026,0.0006072704416696002,1.8447903,7.459284,571
5027,0.004007346802471197,1.9461293,9.6781645,3768
5028,0.0007040508448078377,1.2975667,4.90631,662
5029,0.0015506134920390143,1.9133363,7.4680634,1458
5030,0.0023929220556157624,2.3999815,9.155415,2250
5031,0.0014325626706286367,1.7600416,7.3074665,1347
5032,0.0015772015148791893,1.6194282,8.9528265,1483
5033,0.0007742432251059,1.1725466,4.487282,728
5034,0.0009050562974795618,1.9513435,6.3981137,851
5035,0.0002073865781533661,1.2387342,4.9864035,195
5036,0.0069830783187435986,1.9423157,9.72442,6566
5037,0.0012102867996847725,2.7720673,11.312399,1138
5038,0.0001712268670907279,1.8766847,10.74006,161
5039,0.0002903412094147125,1.7527295,7.1821,273
5040,0.0009837568450864803,1.3900863,4.8065877,925
5041,0.0008210381453046084,1.4236697,7.6295476,772
5042,0.004373197996752007,2.9965491,10.140542,4112
5043,0.00024992741469764633,1.1665012,3.3937702,235
5044,0.0011049982292376788,2.8655639,8.344609,1039
5045,0.000744464639524904,1.1602913,4.3607802,700
5046,0.003939281464000349,1.9839325,7.178375,3704
5047,0.0014134192941837106,2.5774114,11.431594,1329
5048,0.0005317604568035028,1.1186739,4.5042214,500
5049,0.0006370490272505964,1.0154868,3.7499938,599
5050,0.006129071025117174,2.90825,12.024679,5763
5051,4.2540836544280225e-06,0.8553371,1.2179711,4
5052,0.0005455862286803939,1.1478194,5.1799936,513
5053,0.0014814846326545589,2.4586678,8.582961,1393
5054,0.001143284982127531,2.4345424,7.748576,1075
5055,0.0014123557732701035,2.9196734,8.602899,1328
5056,0.0098981891429404,1.7884077,6.250386,9307
5057,0.0024003667020110115,2.8020766,10.395281,2257
5058,3.82867528898522e-05,0.72624606,2.055135,36
5059,0.00210258084620105,2.1250105,7.174413,1977
5060,0.00048709257843200857,1.5205164,6.8183455,458
5061,0.0029629692653091178,1.1101531,4.5959363,2786
5062,2.1270418272140113e-06,0.7985544,1.0099517,2
5063,0.0017441742983154893,1.2499517,5.657109,1640
5064,0.008095521194376527,1.2635475,4.11872,7612
5065,0.00042009076087476724,1.0043973,3.4995902,395
5066,0.0006051433998423862,1.4012563,4.552284,569
5067,0.006937346919458498,1.3070129,4.8964443,6523
5068,0.0017399202146610611,1.7958645,8.553821,1636
5069,0.00032331035773652974,1.7174932,10.215472,304
5070,0.0033107406040586086,1.4211742,5.3502803,3113
5071,0.004840083677825483,2.0880473,9.266049,4551
5072,0.0012677169290195506,0.99031615,3.1866963,1192
5073,0.0038733431673567144,1.8708969,7.5236564,3642
5074,0.0076328895969574794,1.7147146,6.454866,7177
5075,0.0006817169056220906,0.8365685,3.1293726,641
5076,0.010099194595612126,1.5612296,5.6927867,9496
5077,0.004257274217168844,4.3746862,11.288318,4003
5078,0.0006019528371015651,1.7964159,7.6414585,566
5079,0.0026843267859440823,2.5247123,7.721866,2524
5080,0.0015920908076696874,2.705571,9.80147,1497
5081,0.0023833503673932996,2.4789803,9.862829,2241
5082,0.0022185046257842136,3.7426627,12.938732,2086
5083,0.0025609583599656696,3.3274477,10.038452,2408
5084,0.0006179056508056703,1.8605865,8.74605,581
5085,0.0012826062218100488,3.4752195,10.613333,1206
5086,0.0007816878715011491,1.4363633,5.675737,735
5087,0.008004058395806325,1.8863238,7.2040234,7526
5088,0.0028768240713069504,2.338874,10.035883,2705
5089,0.0022216951885250347,2.601965,7.53118,2089
5090,0.0007912595597236122,1.9270815,6.9249444,744
5091,0.0023216661544040933,3.0314856,8.188089,2183
5092,0.000553030875075643,1.8427215,10.168806,520
5093,0.0018771144125163649,3.098425,10.868435,1765
5094,0.003762736992341586,2.2559955,6.9529986,3538
5095,0.0020174991731124895,1.2719898,5.421211,1897
5096,0.0012964319936869398,1.1775423,3.8877053,1219
5097,0.00190370243535654,1.4653108,5.6098347,1790
5098,0.0013793866249482863,2.1869962,7.6780415,1297
5099,0.0019132741235790031,2.763843,10.115895,1799
5100,0.0008231651871318224,1.9413862,10.196992,774
5101,0.0006115245253240282,1.7878444,8.366631,575
5102,1.3825771876891073e-05,1.2816957,2.3262062,13
5103,0.0006678911337451996,1.3634031,5.298798,628
5104,0.0032331035773652973,1.78791,9.316572,3040
5105,0.001881368496170793,1.8091112,6.2347155,1769
5106,0.0004232813236155882,1.8225305,7.0750628,398
5107,0.001881368496170793,2.7847276,11.453412,1769
5108,0.001145412023954745,1.735897,5.085991,1077
5109,0.0020004828384947776,2.8819342,8.929414,1881
5110,0.0884136841108912,2.4267735,9.663642,83133
5111,0.0023259202380585212,2.226095,8.013065,2187
5112,0.004411484749641859,1.5098478,8.158985,4148
5113,0.0028853322386158064,0.748727,2.19809,2713
5114,0.004088174391905329,1.3199357,6.080196,3844
5115,0.0014644682980368467,1.776771,6.6128964,1377
5116,0.00042540836544280227,1.8570937,10.02974,400
5117,0.01557420025886099,1.5673752,8.371689,14644
5118,0.0001329401142008757,1.4553199,7.9199095,125
5119,0.0036234157526590684,2.5692153,9.246971,3407
5120,0.000748718723179332,1.4560304,4.4410863,704
5121,0.0007178766166847288,1.5030303,9.933698,675
5122,0.007088366889190693,3.1164486,12.590892,6665
5123,0.00798810558210222,1.6867224,7.252497,7511
5124,0.002689644390512117,3.0082679,8.83021,2529
5125,0.002397176139270191,1.7448285,6.617296,2254
5126,0.0019749583365682092,2.310153,10.20981,1857
5127,0.0013878947922571422,1.4377724,6.912791,1305
5128,0.002797060002786425,2.2077785,6.280469,2630
5129,0.0012209220088208424,1.4818859,6.1094384,1148
5130,0.01576244346056943,1.6601269,5.156064,14821
5131,0.002693898474166545,2.3243763,7.8016367,2533
5132,0.0029395718052097636,2.765917,7.9659104,2764
5133,0.006323695352307255,2.0483534,9.077385,5946
5134,0.0016261234769051117,2.3674269,8.686325,1529
5135,0.0007987042061188613,1.3389884,7.0813484,751
5136,0.0001712268670907279,1.5066617,5.597282,161
5137,0.011566853456389792,1.0797788,3.0128624,10876
5138,0.00013932123968251773,1.8692204,6.6252375,131
5139,0.015017978821044527,1.8477224,7.98562,14121
5140,0.00267794566046244,1.9608893,9.552396,2518
5141,0.00034564429692227684,1.3063866,6.026273,325
5142,0.020349409160956445,1.9752146,7.259005,19134
5143,0.0028895863222702343,1.5506264,6.2683525,2717
5144,0.00013613067694169672,1.1184343,4.324007,128
5145,0.00025630854017928836,1.2775701,6.8878837,241
5146,0.0021398040781772953,3.0140631,9.172966,2012
5147,0.001309194244650224,1.6759828,7.597375,1231
5148,0.00429768801188591,2.7268846,8.955923,4041
5149,0.0074797425853980705,1.3944683,6.479772,7033
5150,0.0005902541070518881,1.5587035,7.37566,555
5151,0.005719615473378476,2.2078962,8.894934,5378
5152,0.004378515601320042,3.293822,8.490588,4117
5153,0.0016016624958921505,1.6782043,7.5627418,1506
5154,0.00029140473032831957,0.9129527,2.8827403,274
5155,0.00444658093979089,0.88621294,3.4276605,4181
5156,0.0019356080627647503,1.3681129,7.399788,1820
5157,0.0001701633461771209,0.8537493,2.3588073,160
5158,0.0018101125949591236,1.6881241,8.381981,1702
5159,0.00017441742983154891,1.4137717,5.151645,164
5160,0.010505459584610001,1.5775222,6.1062717,9878
5161,0.0008922940465162777,2.1937068,7.811509,839
5162,0.0013028131191685818,1.359491,5.3078494,1225
5163,0.002469495561395467,2.0139859,8.19175,2322
5164,0.0003137386695140667,2.2421296,8.828344,295
5165,0.002460987394086611,2.3716211,8.528231,2314
5166,6.274773390281333e-05,0.89984715,2.5582473,59
5167,0.0024312088085056147,3.7701268,14.535937,2286
5168,0.0007136225330303008,1.5007517,7.087886,671
5169,0.0029650963071363315,2.3198984,8.4982,2788
5170,0.001313448328304652,1.6584164,7.053741,1235
5171,0.0020876915534105522,1.8498582,7.838322,1963
5172,0.0004551869510237984,1.5260062,5.8632026,428
5173,1.4889292790498078e-05,0.83045363,1.4560773,14
5174,0.00029459529306914055,1.8480463,8.280822,277
5175,0.002681136223203261,1.9382197,8.805569,2521
5176,0.004164747897685034,1.382019,9.614696,3916
5177,0.0001318765932872687,1.855307,9.682583,124
5178,0.0015527405338662283,1.6359037,7.9463663,1460
5179,0.0031278150069182034,2.5871968,8.116354,2941
5180,0.00021908530820304316,2.4406176,6.08607,206
5181,0.0016537750206588938,2.2883215,9.453633,1555
5182,0.0009699310732095892,1.969444,9.760113,912
5183,0.005208061913933507,1.4687012,6.1301045,4897
5184,6.381125481642033e-06,0.7902627,1.0781502,6
5185,0.0019855935457042794,2.944325,11.459003,1867
5186,0.002654548200363086,3.2339659,10.567105,2496
5187,0.00045731399285101244,1.2584484,8.367764,430
5188,0.001900511872615719,1.3019909,6.665252,1787
5189,0.00843903844947159,1.3964988,6.56997,7935
5190,0.091631898395466,9.379516,51.904385,86159
5191,0.002871506466738915,2.503576,8.629076,2700
5192,0.002837473797503491,1.4072607,6.367877,2668
5193,0.00046582216015986845,1.5667716,6.0278444,438
5194,0.00010847913318791457,1.1050621,3.2405877,102
5195,0.00022546643368468518,1.5198725,5.7450213,212
5196,0.004113698893831898,2.6099389,10.651983,3868
5197,0.0005296334149762888,2.1267562,8.906865,498
5198,0.0034989838057670484,1.280656,6.9384284,3290
5199,7.870054760691842e-05,0.9641914,2.7151453,74
5200,0.0021759637892399333,2.0184317,17.64577,2046
5201,0.005725996598860118,1.6560918,6.9866643,5384
5202,0.0011688094840540991,2.086179,7.6169915,1099
5203,0.001515517301889983,4.014112,11.365508,1425
5204,0.00027757895845142847,1.8709872,7.7551317,261
5205,0.003396885798060776,1.5086263,5.6194735,3194
5206,0.000580682418829425,2.5814834,11.797841,546
5207,0.00038499457072573603,0.9717251,3.9571338,362
5208,0.00691182241753193,2.1004474,8.47179,6499
5209,0.0017441742983154893,1.4382844,4.798642,1640
5210,0.0005764283351749971,1.4670134,7.2322288,542
5211,0.07285650018664792,1.4740256,13.500321,68505
5212,0.003148021904276737,3.9975977,10.025866,2960
5213,0.0005732377724341761,1.6557534,9.498704,539
5214,0.001497437446358664,1.538475,6.929401,1408
5215,0.00039137569620737806,1.4927917,6.200232,368
5216,0.0009986461378769782,1.3622454,4.2897506,939
5217,0.0016037895377193645,1.9060506,8.538964,1508
5218,0.004975150833853572,3.631528,10.945796,4678
5219,0.005311223442553386,1.5165423,9.786825,4994
5220,0.0008338003962678924,1.22708,5.8384895,784
5221,0.003577684353373967,1.6530409,8.726239,3364
5222,0.0011975245487214883,1.2952898,6.9787827,1126
5223,0.0019972922757539565,1.7143829,9.214183,1878
5224,0.001131586252077854,1.9955556,6.883411,1064
5225,0.0003222468368229227,1.9516441,10.088505,303
5226,0.0006976697193261957,1.6812901,8.5769825,656
5227,0.001504882092753913,1.5092129,6.119643,1415
5228,0.0007136225330303008,1.8275065,7.19329,671
5229,0.003416029174505702,1.9445896,6.236119,3212
5230,0.0078062435058754214,3.880605,12.513369,7340
5231,0.0025769111736697746,1.6593013,7.2042556,2423
5232,0.0016580291043133218,1.88352,6.580351,1559
5233,0.009671659188342108,2.095549,10.094683,9094
5234,0.001532533636507695,1.9177727,6.2873526,1441
5235,0.004232813236155882,1.2736434,7.212708,3980
5236,0.0019313539791103221,2.6452944,10.327202,1816
5237,0.003472395782926873,1.4735682,7.3915153,3265
5238,0.0008210381453046084,1.5052187,6.9550557,772
5239,0.0020015463594083844,1.8774564,8.289447,1882
5240,0.0006019528371015651,1.3197713,6.3276415,566
5241,0.0025875463828058448,2.1739697,6.713023,2433
5242,0.0010709655600022547,1.1203893,3.8867447,1007
5243,0.005979114576298586,2.1427307,8.298212,5622
5244,0.009583386952512728,46.074474,84.65439,9011
5245,0.0018250018877496216,1.2934474,11.14168,1716
5246,0.002826838588367421,2.625688,10.144005,2658
5247,0.0011486025866955661,2.268766,7.7252975,1080
5248,0.020098418225345194,1.4541992,5.973463,18898
5249,0.0023737786791708368,3.2024734,9.518633,2232
5250,0.0027002795996481873,3.8192513,12.964524,2539
5251,0.0021632015382766494,2.8264465,8.673602,2034
5252,0.0009858838869136943,1.1757562,3.6590555,927
5253,2.3397460099354124e-05,0.81723535,2.1645634,22
5254,0.003819103600762757,2.1332054,6.9175653,3591
5255,0.0008742141909849586,1.440252,4.716351,822
5256,0.002094072678892194,2.8980937,10.386788,1969
5257,0.001475103507172917,2.7349863,10.510292,1387
5258,0.0007657350577970441,1.5250798,8.499629,720
5259,0.00028608712576028454,1.5920099,4.8759694,269
5260,0.0015038185718403059,1.9574583,8.14672,1414
5261,0.0005179346849266117,1.2608852,5.0719323,487
5262,0.00040839203082509014,2.812169,7.6314073,384
5263,0.0010539492253845426,1.8108283,6.4138093,991
5264,0.003998838635162341,1.4831362,5.278344,3760
5265,0.04760000553030875,0.99647915,5.554715,44757
5266,0.0016271869978187186,2.1278064,7.069827,1530
5267,0.0006902250729309467,1.1280408,4.931875,649
5268,0.00011911434232398463,0.76146114,2.0770044,112
5269,0.00542714722213655,1.5802411,7.102735,5103
5270,0.0034947297221126204,1.9636884,9.305559,3286
5271,0.08938148814227358,3.0016189,11.56028,84043
5272,0.0020111180476308477,2.3807352,10.088876,1891
5273,0.00034777133874949083,1.2197012,4.3008184,327
5274,0.0005009183503088997,1.6045327,8.8038,471
5275,0.000754036327747367,2.4853654,11.272751,709
5276,0.002808758732836102,1.3489441,6.2554035,2641
5277,0.0003275644413909577,0.93865496,5.0289197,308
5278,0.0021302323899548324,3.620087,11.350436,2003
5279,1.0635209136070056e-06,0.70972186,0.70972186,1
5280,0.0006849074683629116,1.7500924,7.062536,644
5281,0.00605568808207829,2.9764395,11.72362,5694
5282,0.0016250599559915046,3.086008,12.533673,1528
5283,0.0006296043808553473,0.7757895,2.1801863,592
5284,0.004217923943365384,1.6674949,6.8922524,3966
5285,0.0022450926486243888,1.5412456,6.7795095,2111
5286,0.00019462432719008203,1.2453477,4.4881244,183
5287,0.006806533847084836,1.9288712,7.43552,6400
5288,3.1905627408210167e-06,0.8172887,0.9337135,3
5289,0.0006689546546588066,2.0208926,7.876795,629
5290,0.0011815717350173833,2.0277982,7.214239,1111
5291,0.003424537341814558,0.8738192,3.7346807,3220
5292,0.033454113858421966,0.9628563,4.0902953,31456
5293,0.0043083232210219796,2.6275172,10.69827,4051
5294,0.002451415705864148,1.1297991,7.520215,2305
5295,0.0071160184329444745,1.9459848,6.947894,6691
5296,0.0010528857044709355,1.9823356,9.465464,990
5297,0.0009284537575789159,1.3010783,6.945572,873
5298,3.72232319762452e-05,1.016707,2.020069,35
5299,0.0021589474546222214,1.5591725,5.9601865,2030
5300,0.0002095136199805801,0.967721,3.5069199,197
5301,0.006038671747460578,1.8053275,7.6530375,5678
5302,0.006994777048793276,1.3142456,6.043029,6577
5303,0.0023237931962313075,2.320275,7.8071446,2185
5304,0.0010220435979763323,1.3793175,7.2953076,961
5305,0.005263365001441071,1.2412434,4.8911796,4949
5306,0.0008040218106868962,1.6194174,7.236122,756
5307,0.003836119935380469,1.8056792,7.841553,3607
5308,5.849365024838531e-05,0.6948005,1.1990626,55
5309,0.007829640965974775,2.2213295,6.9028397,7362
5310,0.0007402105558704759,1.889606,7.3440905,696
5311,0.003209706117265943,1.8055328,9.949178,3018
5312,0.0034617605737908034,1.7518315,7.3881874,3255
5313,0.010548000421154282,1.954532,7.0091357,9918
5314,0.010333169196605667,1.4236505,7.583872,9716
5315,9.252631948380949e-05,1.0857207,3.194899,87
5316,0.001730348526438598,1.5924939,7.0162244,1627
5317,0.0010379964116804376,1.2189058,3.719148,976
5318,0.00023397460099354125,1.2700695,4.6573815,220
5319,0.020064385556109766,1.3360611,4.168653,18866
5320,0.00016165517886826487,0.89687365,2.1738577,152
5321,0.002702406641475401,1.8473531,5.3280597,2541
5322,0.0015899637658424734,1.3682327,4.8566785,1495
5323,0.0013102577655638309,1.3741702,4.754156,1232
5324,0.0010932994991880017,2.9814944,8.820713,1028
5325,0.0012719710126739788,1.6816956,7.275689,1196
5326,2.7651543753782147e-05,1.0161042,1.8724643,26
5327,0.0025014011888036774,1.4944305,7.3885207,2352
5328,0.000748718723179332,1.6691198,6.597717,704
5329,5.104900385313627e-05,0.5326536,0.9474967,48
5330,0.0008061488525141102,1.7455385,7.682823,758
5331,0.0014761670280865238,1.8238236,10.25175,1388
5332,0.00024035572647518327,1.7060986,7.209847,226
5333,0.018170254808975692,1.3836123,6.4555225,17085
5334,0.0013602432485033602,3.2829742,10.46467,1279
5335,0.000186116159881226,1.4134144,5.8137894,175
5336,0.0002116406618077941,1.8394811,11.69473,199
5337,3.72232319762452e-05,1.2859235,2.6933186,35
5338,0.0006944791565853747,1.3795693,6.562832,653
5339,0.003337328626898784,1.537992,9.29558,3138
5340,0.01540722747542469,1.7081602,6.313936,14487
5341,0.00250033766789007,2.0114057,7.5840845,2351
5342,0.001316638891045473,1.6367247,5.569462,1238
5343,0.003559604497842648,2.8283503,9.022071,3347
5344,0.0004158366772203392,1.825269,8.325769,391
5345,0.003519190703125582,1.7766378,7.310254,3309
5346,0.0015697568684839402,1.3916837,6.520433,1476
5347,0.0003190562740821017,1.4749851,7.2913747,300
5348,0.00043604357457887233,1.1799089,4.3409724,410
5349,0.002837473797503491,2.710907,9.931963,2668
5350,0.00551222889522511,0.94689935,3.3658936,5183
5351,0.0021312959108684393,2.5438402,7.9986253,2004
5352,0.00016271869978187186,1.2321831,3.8606777,153
5353,0.002676882139548833,3.0331163,9.24027,2517
5354,0.0023397460099354125,1.1262777,7.705748,2200
5355,0.0034660146574452314,2.2007556,8.595372,3259
5356,0.0011815717350173833,1.2036419,6.6893854,1111
5357,0.0005445227077667869,1.750371,9.511872,512
5358,0.002228076314006677,1.9686164,7.4172015,2095
5359,0.0019164646863198242,1.0544538,3.7412086,1802
5360,0.0027162324133522923,1.9786913,6.4037833,2554
5361,0.0019866570666178863,3.3863933,10.003712,1868
5362,0.0013623702903305742,2.334726,7.979852,1281
5363,4.360435745788723e-05,0.8035882,2.1587498,41
5364,0.0023620799491211597,1.9313375,7.0003114,2221
5365,0.00039137569620737806,1.2300891,4.380796,368
5366,3.190562740821017e-05,0.67998505,1.2499045,30
5367,0.006602337831672291,2.3788786,9.04677,6208
5368,0.018416991660932518,1.7495902,5.420695,17317
5369,0.0011326497729914609,1.4324225,9.22175,1065
5370,0.0008954846092570988,2.015838,10.860082,842
5371,0.004609299639572763,2.5067608,8.649613,4334
5372,0.0034617605737908034,3.6761909,11.038337,3255
5373,0.00046688568107347545,1.1281563,4.0506716,439
5374,0.0017930962603414115,3.7668488,11.903493,1686
5375,0.0036989257375251655,2.772653,10.040482,3478
5376,0.047258615317040904,1.1892377,5.5637274,44436
5377,0.0005402686241123589,1.635625,5.831714,508
5378,0.0006317314226825613,1.7023039,7.3199577,594
5379,0.008814461331974863,1.2038519,4.312009,8288
5380,0.00916329619163796,1.0808377,6.3480873,8616
5381,0.0015633757430022982,1.6864542,6.389778,1470
5382,0.0014400073170238855,1.8891922,7.3976836,1354
5383,0.002238711523142747,1.3511801,4.278068,2105
5384,0.0001329401142008757,1.3032795,8.936893,125
5385,0.00010528857044709356,0.95040536,2.8146136,99
5386,0.0027087877669570433,3.9636629,12.344278,2547
5387,0.001324083537440722,1.4026054,7.5154305,1245
5388,0.001125205126596212,1.279137,3.7314062,1058
5389,0.006885234394691755,1.35575,5.448679,6474
5390,0.008256112852331184,1.9178634,7.447681,7763
5391,0.0004902831411728296,1.4358164,5.9826465,461
5392,0.0001712268670907279,1.9413075,6.6648254,161
5393,0.004557187114806019,2.7662654,11.904535,4285
5394,0.0005487767914212149,1.0835382,3.6069183,516
5395,0.0029257460333328724,2.5556455,6.8606977,2751
5396,0.000374359361589666,2.051825,7.3968425,352
5397,0.022058487269122903,0.79754525,3.3509085,20741
5398,0.00016484574160908588,1.3448108,4.2073846,155
5399,0.019359271190388324,2.0507329,9.713676,18203
5400,0.0016516479788316798,2.3886566,8.144294,1553
5401,0.00015740109521383683,0.7036783,1.9151167,148
5402,0.0070436990108191985,2.7505941,11.528616,6623
5403,0.0014410708379374926,1.2845231,5.239654,1355
5404,0.021948944615021383,2.1132734,11.03383,20638
5405,0.0008454991263175695,1.1300384,4.364768,795
5406,0.004410421228728252,2.3194628,8.44772,4147
5407,0.0023450636145034474,3.4460802,11.415528,2205
5408,0.0004764573692959385,1.6137643,7.329655,448
5409,0.009867347036445798,1.3205965,6.1283655,9278
5410,0.00030948458585963864,1.4779364,7.5457287,291
5411,0.0002658802284017514,1.4795755,8.619414,250
5412,0.0008976116510843127,1.5499417,5.5945807,844
5413,0.00014251180242333874,2.5136383,15.526192,134
5414,0.0003201197949957087,1.5311357,5.3529854,301
5415,0.00025630854017928836,1.3031961,4.755586,241
5416,0.0006987332402398027,2.0127828,7.91344,657
5417,0.004105190726523042,1.3938466,9.068876,3860
5418,0.00014676588607776678,1.5440575,6.4651904,138
5419,0.0032767079348231844,1.8710222,7.6747127,3081
5420,0.005384606385592269,1.8454849,8.873855,5063
5421,0.018466977143872045,1.4091926,8.105143,17364
5422,1.91433764449261e-05,0.82136965,2.4838758,18
5423,0.009605720891698475,1.7692206,7.716051,9032
5424,0.0018569075151578318,1.6511904,5.602621,1746
5425,0.0029874302463220787,3.6660469,13.050232,2809
5426,0.0023131579870952373,2.380096,7.6000056,2175
5427,0.00040413794717066216,1.3788791,6.1890225,380
5428,0.0005019818712225067,0.94930595,3.01496,472
5429,0.0021982977284256805,2.7661655,10.12381,2067
5430,0.0013644973321577881,1.4040577,8.029108,1283
5431,0.010000287150646674,1.2506474,3.9630146,9403
5432,5.2112524766743275e-05,1.6795076,4.5594945,49
5433,0.0022812523596870272,2.6091406,7.8218694,2145
5434,0.0005264428522354678,1.3273311,9.20494,495
5435,0.0013868312713435354,1.5890255,9.488566,1304
5436,0.0012549546780562667,1.4801872,6.714987,1180
5437,0.0007210671794255498,1.5454173,8.999762,678
5438,0.006232232553737053,2.352929,9.656237,5860
5439,2.8715064667389152e-05,1.7022433,4.1751685,27
5440,0.0002520544565248603,2.6146927,9.271342,237
5441,0.013030258233513033,1.7521014,6.311249,12252
5442,0.0008221016662182154,1.518339,9.169789,773
5443,0.00018079855531319097,1.9350492,11.14455,170
5444,0.0020015463594083844,2.3423164,9.284724,1882
5445,0.001910083560838182,2.0700097,6.234767,1796
5446,0.0012496370734882316,2.0617723,7.8292174,1175
5447,0.0004764573692959385,1.7742362,8.399859,448
5448,0.0032830890603048266,1.0444984,5.0781374,3087
5449,0.06968508082227183,7.545005,16.43016,65523
5450,0.001333655225663185,1.5090916,6.4557242,1254
5451,0.015071154866724877,1.5249201,6.584042,14171
5452,0.003407521007196846,2.0449176,5.5068517,3204
5453,0.002318475591663272,2.4112356,10.599991,2180
5454,0.0028098222537497088,2.051901,8.294176,2642
5455,0.010703274474540905,1.3835692,6.0486517,10064
5456,3.82867528898522e-05,0.81433964,1.7333119,36
5457,0.02944357649320995,1.8524672,6.2901106,27685
5458,0.010060907842722273,1.6222099,7.846876,9460
5459,0.001518707864630804,1.6871728,6.7570953,1428
5460,0.008369909590087134,1.4687616,5.151091,7870
5461,0.0005551579169028569,1.1838852,4.348808,522
5462,0.0008252922289590363,1.9954071,7.218553,776
5463,0.0006136515671512422,2.980859,10.837791,577
5464,0.001502755050926699,2.9258976,9.103412,1413
5465,0.0010518221835573286,1.4329698,7.8143735,989
5466,0.002257854899587673,2.6146605,9.782204,2123
5467,0.003172482885289698,1.6243169,6.726737,2983
5468,0.0025556407553976347,1.7692689,6.666707,2403
5469,0.0021387405572636884,3.564144,11.325293,2011
5470,0.005398432157469161,1.1768357,4.7422915,5076
5471,0.0004551869510237984,1.310285,8.861876,428
5472,0.0027981235237000317,1.7198284,5.9854336,2631
5473,0.0018335100550584777,2.4946108,8.969187,1724
5474,0.0004764573692959385,1.6445595,8.987131,448
5475,0.0010050272633586204,1.3944153,4.482581,945
5476,0.0008221016662182154,1.5128187,7.383627,773
5477,0.0007880689969827912,1.3042626,4.191942,741
5478,0.0037542288250327297,1.8539934,9.194567,3530
5479,0.002326983758972128,2.215211,7.1776743,2188
5480,0.008008312479460752,3.8375492,9.326546,7530
5481,0.0025694665272745255,1.9121052,9.275296,2416
5482,0.0018483993478489757,3.248162,12.668626,1738
5483,0.004931546476395685,1.8516072,7.498073,4637
5484,0.0015952813704105085,2.651712,9.612165,1500
5485,0.0059865592226938345,2.398432,8.308883,5629
5486,0.003855263311825395,1.4375017,6.502885,3625
5487,0.022991195110356247,1.1167865,2.6648092,21618
5488,0.0011730635677085271,1.3656026,5.5875573,1103
5489,0.0015782650357927964,2.098673,10.315633,1484
5490,0.0010177895143219044,2.7773218,8.68182,957
5491,0.0025939275082874865,2.990204,8.733923,2439
5492,0.008941020320694095,1.0004377,3.7055671,8407
5493,0.005465433975026402,1.3951974,7.243234,5139
5494,0.07607046038756829,2.7236075,7.3800387,71527
5495,0.004928355913654864,2.673507,11.904856,4634
5496,0.0008199746243910014,1.3933907,7.557996,771
5497,0.0012496370734882316,1.6761603,5.713854,1175
5498,0.0027300581852291836,1.5046964,5.919598,2567
5499,0.00012017786323759164,1.3005087,4.7617035,113
5500,0.00021695826637582914,1.2843921,6.430032,204
5501,0.005388860469246698,1.1391853,4.7671003,5067
5502,5.317604568035028e-06,0.70060027,1.1947325,5
5503,0.003418156216332916,1.3792363,4.8589897,3214
5504,0.010455474101670472,3.114254,9.136601,9831
5505,0.002397176139270191,1.871169,5.6461234,2254
5506,0.00017867151348597695,1.8639553,8.122534,168
5507,4.466787837149424e-05,1.0591195,2.445288,42
5508,0.0023833503673932996,1.9059669,7.675493,2241
5509,0.00027119783296978645,1.1826025,4.5390935,255
5510,0.00114009441938671,1.6187558,7.7021103,1072
5511,0.0010316152861987954,1.3521466,6.1068344,970
5512,0.002222758709438642,4.084167,12.507045,2090
5513,0.002433335850332829,3.3180156,10.378899,2288
5514,0.0019090200399245751,1.5539893,8.465058,1795
5515,0.004612490202313584,1.2454703,5.6800003,4337
5516,7.763702669331141e-05,1.1914291,6.1295676,73
5517,0.002579038215496989,1.9537544,8.078422,2425
5518,0.0003275644413909577,1.9033147,7.68524,308
5519,0.0015410418038165512,1.5825353,7.3620234,1449
5520,3.615971106263819e-05,0.9294538,1.9432284,34
5521,0.005049597297806063,2.0931683,9.050395,4748
5522,0.0012889873472916908,1.6066633,6.5177245,1212
5523,0.0015357241992485162,1.4748005,6.484154,1444
5524,0.003843564581775718,1.5593767,6.5158663,3614
5525,2.1270418272140113e-06,0.9309609,0.99065644,2
5526,1.4889292790498078e-05,1.0228883,1.5287148,14
5527,0.0036276698363134964,2.9373677,11.034513,3411
5528,0.0010422504953348656,1.3698698,8.843332,980
5529,0.00203876959138463,1.5564467,6.7101226,1917
5530,0.0027694084590326427,1.4271971,6.1628265,2604
5531,0.0027513286035013235,4.0657473,11.059931,2587
5532,0.0014389437961102786,2.0184405,11.717032,1353
5533,0.0007721161832786861,1.3731326,5.3838096,726
5534,0.008805953164666007,1.4017444,7.30751,8280
5535,0.0004722032856415105,1.3578151,6.7613254,444
5536,0.002124914785386797,1.3397908,6.195014,1998
5537,0.0036680836310305624,2.3695953,8.200373,3449
5538,0.0031161162768685263,1.0884145,7.7295876,2930
5539,0.001866479203380295,1.5895241,7.913598,1755
5540,0.0032713903302551495,3.0440674,9.375361,3076
5541,0.008638980381229707,1.8077327,9.675364,8123
5542,0.006690610067501672,2.3729172,10.427898,6291
5543,0.0035649221024106827,4.1644845,10.720941,3352
5544,0.00031161162768685263,1.2006234,4.6244597,293
5545,0.0004349800536652653,1.6529329,8.133342,409
5546,0.0016835536062398898,2.7735217,12.787336,1583
5547,0.0025152269606805683,1.791306,6.6626925,2365
5548,0.0017377931728338471,1.4684384,6.077568,1634
5549,0.0021738367474127196,2.3087647,7.394072,2044
5550,0.00031692923225488766,1.2674994,6.064996,298
5551,0.0018494628687625828,3.5052283,10.703638,1739
5552,0.003606399418041356,2.1685057,7.0911117,3391
5553,0.0011656189213132783,1.425271,5.6775985,1096
5554,0.002648167074881444,1.1971698,4.129819,2490
5555,0.003936090901259528,1.3851978,5.4224052,3701
5556,0.006500239823966018,3.9357321,15.345154,6112
5557,0.006812914972566478,1.6040431,7.535702,6406
5558,0.0008816588373802077,1.6784221,8.553391,829
5559,0.0026949619950801524,2.4101684,8.404067,2534
5560,0.0032533104747238303,1.3545877,4.4707246,3059
5561,0.0019579420019504973,3.5862586,11.168444,1841
5562,0.0009029292556523477,0.96646655,5.2715726,849
5563,7.444646395249039e-06,0.91700596,1.3812164,7
5564,0.002682199744116868,2.561615,9.129116,2522
5565,0.0025290527325574595,3.4871666,10.468637,2378
5566,0.0021440581618317233,2.9730484,8.987314,2016
5567,0.005766410393577184,2.4246387,8.697557,5422
5568,5.317604568035028e-06,1.1116852,1.6452098,5
5569,0.000757226890488188,1.916548,8.811292,712
5570,0.001895194268047684,1.2442069,4.384185,1782
5571,0.002045150716866272,2.4129949,8.56716,1923
5572,0.00048283849477758053,1.7050674,8.312934,454
5573,0.005250602750477787,2.5420108,11.083147,4937
5574,1.2762250963284067e-05,1.1493369,1.8071607,12
5575,0.008807016685579613,1.7577915,6.339616,8281
5576,0.00827206566603529,2.0878468,7.071836,7778
5577,0.001712268670907279,1.3538965,9.296956,1610
5578,0.001135840335732282,1.5838385,7.0055895,1068
5579,0.00034670781783588384,0.95846915,2.8439548,326
5580,0.0016473938951772518,2.1492562,6.4995213,1549
5581,1.0635209136070056e-06,0.85556674,0.85556674,1
5582,0.0010603303508661846,1.5670984,8.678574,997
5583,0.0016750454389310339,1.8084749,10.619249,1575
5584,0.00827206566603529,2.2407804,7.22718,7778
5585,0.0037095609466612357,1.8979825,9.154375,3488
5586,0.0001318765932872687,1.3672681,4.1981263,124
5587,0.0010262976816307605,1.9081928,6.977746,965
5588,0.0010348058489396165,1.6001704,8.614752,973
5589,0.008173158221069838,1.7267511,9.69275,7685
5590,0.0004402976582333003,1.3887461,5.2773595,414
5591,0.007016047467065416,1.9639491,9.341955,6597
5592,4.679492019870825e-05,0.7502283,2.2380059,44
5593,0.007412740767840829,1.894407,10.125269,6970
5594,0.0005211252476674328,1.0466572,4.2262735,490
5595,0.0017686352793284503,2.4045377,8.2059555,1663
5596,0.0011049982292376788,2.9135747,10.37533,1039
5597,0.002478003728704323,2.026212,7.3421926,2330
5598,0.0016676007925357848,1.9937882,7.271857,1568
5599,0.0010964900619288228,1.3639205,6.087857,1031
5600,0.0010582033090389706,1.4661891,4.485822,995
5601,0.005451608203149511,4.1269574,11.321881,5126
5602,0.0023514447399850895,2.2760923,7.447282,2211
5603,0.001333655225663185,1.1846294,3.7430427,1254
5604,0.018670109638370985,2.8503447,10.810925,17555
5605,0.0023354919262809845,1.5452482,5.7504716,2196
5606,0.0011996515905487023,1.9215842,6.9675,1128
5607,0.0016569655833997149,2.084843,7.539303,1558
5608,0.0016005989749785434,3.874038,11.213562,1505
5609,3.296914832181717e-05,0.88882285,1.5368292,31
5610,0.0023748422000844436,1.8908247,7.782013,2233
5611,0.0025577677972248485,1.9320973,6.0208635,2405
5612,0.0019898476293587074,1.668596,9.575566,1871
5613,0.0005104900385313627,1.5299492,6.0202246,480
5614,0.0018069220322183025,3.6294465,12.259228,1699
5615,0.005543071001719713,1.2387072,5.7747464,5212
5616,0.0017346026100930262,1.4120439,5.706194,1631
5617,0.002599245112855522,2.3802955,8.5686245,2444
5618,0.0002828965630194635,1.5836538,8.910474,266
5619,0.001343226913885648,1.9326055,8.358484,1263
5620,0.00042647188635640927,1.7527647,6.026507,401
5621,0.0036489402545856362,1.1976659,7.507379,3431
5622,0.006987332402398027,2.9770708,10.14087,6570
5623,0.002236584481315533,3.0241315,12.255048,2103
5624,0.000189306722622047,0.86015695,2.6902008,178
5625,0.021436327534662805,1.0936663,3.1664536,20156
5626,0.0014793575908273449,2.1618373,9.175594,1391
5627,0.0008380544799223204,1.5414258,7.8988357,788
5628,0.003148021904276737,5.8517575,13.336774,2960
5629,0.0033713612961342077,1.3364047,6.188296,3170
5630,0.0016059165795465785,2.8572695,9.530918,1510
5631,0.0015963448913241154,1.1200471,3.9545407,1501
5632,0.000567920167866141,1.2486166,6.658981,534
5633,0.0016527114997452867,2.9299924,9.893599,1554
5634,0.00027119783296978645,0.931407,2.5454173,255
5635,0.0016527114997452867,2.2751422,8.946087,1554
5636,0.0005381415822851448,1.6883664,6.6946626,506
5637,0.005077248841559845,1.8675565,8.050573,4774
5638,0.0008348639171814994,1.321834,4.4604387,785
5639,0.0006423666318186314,1.5961903,8.648008,604
5640,0.0006891615520173396,1.2368293,4.912376,648
5641,0.0019111470817517891,2.2557552,9.856761,1797
5642,0.0018473358269353688,1.3692662,7.7207794,1737
5643,0.0009592958640735191,1.0522733,5.4759574,902
5644,0.0021557568918814003,3.0100124,12.311076,2027
5645,0.0029257460333328724,2.282548,8.899985,2751
5646,0.001319829453786294,1.527603,6.02625,1241
5647,0.0010348058489396165,1.2581196,4.7244406,973
5648,0.0030395427710888222,2.2335424,7.467432,2858
5649,0.010155561204033296,2.7720897,11.1196375,9549
5650,0.00032969148321817176,1.3885577,6.9510264,310
5651,0.0034957932430262277,2.4195216,10.318987,3287
5652,0.002212123500302572,2.5735416,9.584189,2080
5653,0.0009678040313823752,1.3923447,6.4866557,910
5654,0.01313767384578734,1.6296473,4.615386,12353
5655,0.0010018367006177993,1.5905381,6.1819053,942
5656,0.0016314410814731466,1.5331032,5.397945,1534
5657,0.00032331035773652974,1.5539705,6.483622,304
5658,0.011186112969318485,1.8344336,6.7537203,10518
5659,0.002512036397939747,1.5179911,6.051116,2362
5660,0.0015218984273716251,2.5855134,9.9725065,1431
5661,2.020689735853311e-05,1.2456936,2.2635112,19
5662,0.0002265299545982922,1.7331188,12.084524,213
5663,0.002311030945268023,1.5984286,6.269103,2173
5664,0.0011751906095357411,3.065415,10.520345,1105
5665,0.0025577677972248485,2.773044,9.877512,2405
5666,0.0013995935223068193,1.7864987,6.798745,1316
5667,8.189111034773943e-05,1.505237,4.277004,77
5668,0.0018558439942442247,1.2524663,5.7452903,1745
5669,0.0014198004196653525,1.5524116,7.133498,1335
5670,0.002583292299151417,2.3527474,7.3069634,2429
5671,0.00012655898871923366,1.3555449,4.304242,119
5672,3.935027380345921e-05,1.7924104,5.2965436,37
5673,0.0011720000467949202,1.7398777,6.780433,1102
5674,0.0002446098101296113,1.9096135,8.36411,230
5675,0.0006817169056220906,1.7835726,8.801929,641
5676,0.0018143666786135516,2.7502415,9.442243,1706
5677,0.0001701633461771209,1.3371625,4.865899,160
5678,0.002272744192378171,2.915509,9.143777,2137
5679,0.0016835536062398898,2.2736857,8.148923,1583
5680,0.0007040508448078377,1.9378555,8.115418,662
5681,0.001315575370131866,1.7825974,6.5099616,1237
5682,0.0014027840850476404,1.6418469,5.64822,1319
5683,0.005891905861382811,1.645085,6.294032,5540
5684,0.009222853362799953,1.7957942,7.212578,8672
5685,0.0009114374229612038,1.3741094,6.960681,857
5686,0.014239481512284198,2.3228593,7.1092935,13389
5687,0.09189246101929971,3.7323918,11.644249,86404
5688,0.001124141605682605,1.7335352,6.5320106,1057
5689,0.001693125294462353,3.4155197,10.164827,1592
5690,0.001507009134581127,1.9077545,8.1605015,1417
5691,0.006005702599138761,1.463238,5.9815984,5647
5692,0.005672820553179768,1.6789758,8.679498,5334
5693,0.006014210766447617,1.6877333,6.5187054,5655
5694,0.0019515608764688554,1.843786,9.24345,1835
5695,0.0007891325178963982,1.7180228,12.270707,742
5696,0.008922940465162777,1.3894442,5.7540917,8390
5697,0.00014144828150973175,1.5899398,9.230143,133
5698,3.403266923542418e-05,0.721625,1.3678262,32
5699,0.0004849655366047946,1.4454176,4.5871067,456
5700,0.0012177314460800213,1.9094851,8.600024,1145
5701,0.0023014592570455602,1.5963053,5.752384,2164
5702,0.002903412094147125,2.8923764,9.6901,2730
5703,0.00038605809163934303,1.3762572,5.6413994,363
5704,0.0018558439942442247,2.8223655,9.543731,1745
5705,2.1270418272140114e-05,0.7250979,1.2636849,20
5706,0.0021536298500541865,2.6154134,9.061045,2025
5707,0.00978864648883888,1.2884347,6.9488554,9204
5708,0.00030948458585963864,1.9063563,9.047776,291
5709,0.0056919639296246945,4.0092535,10.102745,5352
5710,0.002066421135138412,3.4293597,11.682867,1943
5711,0.0016654737507085708,2.180134,8.534172,1566
5712,0.0023482541772442684,1.1944433,9.543491,2208
5713,0.001333655225663185,1.8865557,10.693552,1254
5714,0.0012060327160303443,1.221155,5.406003,1134
5715,0.000761480974142616,1.6310289,8.737553,716
5716,0.004313640825590014,1.9966848,9.651052,4056
5717,0.019428400049772778,1.9467077,6.576916,18268
5718,0.00112945921025064,2.4647374,9.173359,1062
5719,0.0019685772110865675,1.7575295,6.743051,1851
5720,0.0033437097523804256,2.4346678,9.416346,3144
5721,0.0033011689158361454,1.2772193,5.2440305,3104
5722,0.00010528857044709356,1.2597591,3.7376857,99
5723,0.0005136806012721837,1.0286734,4.456308,483
5724,0.0025067187933717123,1.6567944,7.488652,2357
5725,0.006251375930181979,1.5025971,8.149935,5878
5726,0.004541234301101914,1.2196054,4.93104,4270
5727,0.0005976987534471372,1.6194243,7.1228485,562
5728,7.870054760691842e-05,3.1583002,10.099436,74
5729,0.0009210091111836669,1.6298258,7.57559,866
5730,0.001528279552853267,2.336497,7.8450155,1437
5731,0.006275836911194941,2.1003556,8.276903,5901
5732,0.01653668668567533,2.6386707,11.099756,15549
5733,0.0021738367474127196,1.571738,6.178126,2044
5734,6.487477573002735e-05,1.1677786,3.6952817,61
5735,0.0003424537341814558,1.6872181,7.708811,322
5736,0.0024907659796676073,2.1038165,9.842178,2342
5737,0.00032331035773652974,1.0448575,5.1342287,304
5738,0.0003339455668725998,1.495355,5.9671097,314
5739,0.002450352184950541,1.8421834,5.7220187,2304
5740,0.0025386244207799224,1.985581,6.02014,2387
5741,0.00048177497386397354,1.4487306,9.10551,453
5742,0.0031618476761536276,2.6751556,7.2198424,2973
5743,0.0001669727834362999,1.1470561,3.9410455,157
5744,7.338294303888339e-05,0.6572232,1.5359285,69
5745,0.0029448894097777985,2.2683368,10.84846,2769
5746,0.003978631737803808,2.5129743,9.712717,3741
5747,0.001128395689337033,2.263131,9.251095,1061
5748,0.0017824610512053413,2.2463071,6.8041735,1676
5749,0.04437328307842509,2.2072346,8.817816,41723
5750,0.0005881270652246741,1.2748613,7.8752656,553
5751,0.000567920167866141,1.2814745,5.569713,534
5752,0.0005870635443110671,1.2160378,5.7927275,552
5753,0.006880980311037326,2.1148503,9.609803,6470
5754,0.008239096517713472,2.689601,8.856391,7747
5755,0.00017867151348597695,1.5861422,5.095321,168
5756,1.3825771876891073e-05,0.8988296,1.6692446,13
5757,0.005421829617568515,3.4090784,10.88801,5098
5758,0.0013847042295163214,1.4165502,5.503698,1302
5759,0.00032862796230456476,1.1739503,4.348941,309
5760,0.003222468368229227,5.2143073,12.136655,3030
5761,0.0016197423514234695,2.160424,7.650371,1523
5762,0.0030895282540283515,3.0685632,10.433468,2905
5763,0.001111379354719321,3.1885064,10.567492,1045
5764,0.0030001924972853627,1.3070933,3.985887,2821
5765,0.00027013431205617945,1.8173103,12.372256,254
5766,0.0009678040313823752,2.0267358,7.446986,910
5767,0.0001712268670907279,1.5582902,5.853224,161
5768,0.00022865699642550622,1.6325943,8.128251,215
5769,0.005003865898520961,2.8406985,9.980095,4705
5770,0.000571110730606962,1.3768792,8.01767,537
5771,0.0036755282774258114,2.1578119,8.258017,3456
5772,0.0032054520336115147,3.762177,10.927432,3014
5773,0.0029108567405423742,1.4493188,8.039769,2737
5774,0.0023493176981578753,1.4663502,6.3165245,2209
5775,0.0023525082608986964,1.5351799,6.534786,2212
5776,0.009535528511400413,3.2942839,10.670578,8966
5777,0.0017601271120195943,4.0295305,11.996821,1655
5778,1.91433764449261e-05,1.344514,2.8501678,18
5779,0.0014846751953953798,2.9322994,8.451043,1396
5780,0.002462050915000218,2.1446087,7.0177374,2315
5781,0.0015569946175206563,1.3234686,5.4944167,1464
5782,0.0020717387397064468,1.2206023,6.6710362,1948
5783,0.0039180110457282084,1.1913775,4.364812,3684
5784,0.0002446098101296113,1.2823257,3.8779945,230
5785,0.0010667114763478266,1.6730652,8.223609,1003
5786,0.0006732087383132346,1.3184944,5.474637,633
5787,0.00028608712576028454,1.5025628,7.597661,269
5788,0.005701535617847157,2.1027365,8.496384,5361
5789,0.003380932984356671,1.7274235,8.889858,3179
5790,0.0002892776885011055,1.8056418,11.325509,272
5791,0.0018398911805401197,2.5346637,9.356343,1730
5792,0.0027449474780196813,2.0475557,7.9860377,2581
5793,0.0021685191428446843,2.6909053,9.981221,2039
5794,0.002838537318417098,2.2383103,8.993719,2669
5795,0.016528178518366476,1.6694624,6.0346956,15541
5796,0.005027263358620315,1.287678,5.142993,4727
5797,0.000186116159881226,0.9559225,3.0345185,175
5798,0.004601854993177513,3.7330058,9.585311,4327
5799,0.0020313249449893807,1.2692643,4.8495455,1910
5800,0.003617034627177426,1.6948534,6.3175197,3401
5801,0.0010199165561491183,1.5939065,5.2274256,959
5802,0.0023429365726762336,2.0568848,8.903924,2203
5803,0.0019239093327150733,1.6185186,6.59656,1809
5804,2.020689735853311e-05,0.8778905,1.3688742,19
5805,0.0006944791565853747,1.5651889,5.263863,653
5806,0.00011060617501512859,1.4984072,4.2468567,104
5807,0.00011486025866955661,1.3471532,4.6368847,108
5808,0.0002073865781533661,1.6836889,6.762689,195
5809,0.00019994193175811706,1.3234022,6.976484,188
5810,0.00018824320170843998,1.8649094,7.462935,177
5811,0.00270985128787065,2.2516685,8.620595,2548
5812,0.00010954265410152158,1.0900856,3.0343533,103
5813,0.0043806426431472565,1.4239166,6.5806956,4119
5814,0.0024141924738879028,2.2888138,6.9062076,2270
5815,0.0025343703371254944,1.4537352,8.640312,2383
5816,0.002093009157978587,3.0810773,9.839006,1968
5817,9.784392405184451e-05,1.1261292,2.8158765,92
5818,0.0019398621464191783,1.3397763,5.136638,1824
5819,0.004954943936495039,2.035428,10.946788,4659
5820,0.01320892974699901,1.8757895,6.645015,12420
5821,5.6366608421171295e-05,0.78666866,1.4582095,53
5822,0.004237067319810311,1.1749564,4.175572,3984
5823,0.005661121823130091,2.5704138,12.725107,5323
5824,0.001712268670907279,3.6976194,11.790063,1610
5825,0.00010528857044709356,0.8059839,2.1935632,99
5826,0.00222701279309307,2.5085533,8.090439,2094
5827,0.04018513772064071,1.1326127,3.7897546,37785
5828,0.014228846303148128,1.9280528,9.2715,13379
5829,0.0027375028316244327,4.788577,13.575001,2574
5830,0.0002446098101296113,1.0076184,3.902526,230
5831,0.0007997677270324682,1.4615581,7.3120766,752
5832,0.0015857096821880455,2.110235,9.990715,1491
5833,0.0002424827683023973,0.82914716,2.409783,228
5834,0.0010837278109655387,1.2308211,4.353555,1019
5835,0.0027672814172054285,1.5329123,8.512546,2602
5836,0.003012954748248647,1.7320375,6.8255067,2833
5837,0.0006264138181145264,1.3632253,4.6506867,589
5838,0.13237432107483676,5.3215585,18.171198,124468
5839,0.0021312959108684393,1.1239302,4.7188063,2004
5840,0.0005030453921361137,1.3734365,8.474841,473
5841,0.0031363231742270598,1.1900724,5.0358353,2949
5842,0.00035202542240391887,1.2116606,4.4438024,331
5843,1.3825771876891073e-05,0.75583255,1.3885859,13
5844,0.0003350090877862068,2.5654821,10.059007,315
5845,0.0005721742515205691,2.2628162,6.4342856,538
5846,0.0021387405572636884,1.6704614,8.907445,2011
5847,2.446098101296113e-05,0.77145636,1.7964926,23
5848,0.013967220158400805,1.9853429,6.802079,13133
5849,0.0003584065478855609,1.054449,3.9324808,337
5850,5.2112524766743275e-05,1.0225564,1.8654864,49
5851,0.0021695826637582916,1.3894994,5.0891285,2040
5852,0.00019143376444926102,1.8926551,8.097683,180
5853,0.0028778875922205573,2.4138265,8.079608,2706
5854,0.004108381289263862,1.1851447,7.6246853,3863
5855,2.233393918574712e-05,1.1798185,3.0415947,21
5856,0.0014006570432204264,1.6157275,6.5430417,1317
5857,0.005676011115920589,1.3203154,6.649382,5337
5858,0.01658986273135568,2.2951899,10.127807,15599
5859,0.0011890163814126324,1.296388,3.8462157,1118
5860,0.0028055681700952808,2.65906,11.622178,2638
5861,3.1905627408210167e-06,0.74493974,0.90692955,3
5862,1.701633461771209e-05,0.9314805,1.6695254,16
5863,0.001329401142008757,2.1257992,8.330463,1250
5864,0.0031607841552400207,1.2545142,4.3454285,2972
5865,0.003779753326959298,1.2897154,5.365809,3554
5866,0.003559604497842648,1.3107944,6.7644973,3347
5867,0.0007019238029806237,1.8955128,11.157997,660
5868,0.0005189982058402188,1.33191,8.493079,488
5869,0.006210962135464913,1.7325114,8.388729,5840
5870,8.720871491577446e-05,1.0760723,3.0475216,82
5871,0.0030235899573847168,1.9787037,10.2720995,2843
5872,0.001117760480200963,1.4631108,4.917729,1051
5873,0.0008688965864169236,1.277769,5.20144,817
5874,0.0004924101830000436,1.7870852,7.6928697,463
5875,0.003542588163224936,1.9265524,8.195634,3331
5876,0.0001329401142008757,0.8945713,2.4148161,125
5877,0.00190370243535654,2.0950117,7.885049,1790
5878,0.0010720290809158616,1.929897,7.456399,1008
5879,0.015145601330677367,1.3121331,4.1355953,14241
5880,0.0004158366772203392,1.7577653,6.82564,391
5881,0.0005243158104082538,1.6694019,7.789036,493
5882,0.0002658802284017514,1.4012238,8.056424,250
5883,0.002129168869041225,1.4784856,5.922109,2002
5884,0.0025386244207799224,2.8760538,9.279995,2387
5885,0.0007753067460195071,1.6910228,6.784313,729
5886,0.001680363043499069,2.6196165,7.619989,1580
5887,0.0030778295239786745,3.5598164,10.958345,2894
5888,0.0003265009204773507,0.8153474,2.5220432,307
5889,0.004685873145352467,1.5154576,10.92313,4406
5890,8.933575674298847e-05,0.9936934,1.972628,84
5891,0.0007348929513024409,1.6072048,6.0403185,691
5892,0.0024992741469764632,2.6942468,8.4055605,2350
5893,0.0086836482596012,1.5961164,8.552057,8165
5894,0.0002818330421058565,0.8957867,3.4570267,265
5895,0.10318279903815168,1.530427,7.118002,97020
5896,0.0021844719565487897,1.7010431,7.0339575,2054
5897,0.007978533893879756,1.8959861,7.2745123,7502
5898,0.00014144828150973175,1.070801,3.3002658,133
5899,0.0008189111034773944,0.9536804,4.5162325,770
5900,0.0005594120005572849,1.7229991,10.162468,526
5901,0.002970413911704367,1.7383308,7.0891795,2793
5902,0.0007412740767840829,0.9369435,4.3493395,697
5903,0.0044582796698405674,1.1779333,4.7838826,4192
5904,2.5524501926568134e-05,0.8791065,2.3301287,24
5905,0.00620139044724245,1.4649158,6.2708755,5831
5906,3.1905627408210167e-06,0.92076534,1.3288827,3
5907,0.002315285028922451,1.3230352,7.9638586,2177
5908,0.0006476842363866665,1.8153414,8.363303,609
5909,0.0040626498899787615,2.4805665,10.426214,3820
5910,0.00035308894331752586,1.3397375,6.3569984,332
5911,0.0008082758943413243,2.0240862,11.071278,760
5912,0.10925337641302048,1.6089789,9.568761,102728
5913,0.007556316091177775,1.7009144,6.9493365,7105
5914,0.014304356288014226,1.8772571,8.121069,13450
5915,0.0012209220088208424,1.6230905,5.682414,1148
5916,0.0005913176279654951,2.208907,9.35501,556
5917,0.0012507005944018387,1.2904876,4.525678,1176
5918,0.022675329399014968,0.8663873,3.2282338,21321
5919,0.0046316335787585095,1.7500783,7.8119693,4355
5920,0.00056472960512532,1.459094,5.539951,531
5921,0.002430145287592008,1.4649184,8.2058,2285
5922,0.0002850236048466775,1.2741393,5.3948765,268
5923,0.012142218270651184,1.1949102,4.2852283,11417
5924,0.00568983688779748,1.6143572,6.7419124,5350
5925,0.011760414262666267,1.3172001,6.3855376,11058
5926,0.0007827513924147561,1.2215754,6.4134398,736
5927,0.0025843558200650237,3.6001973,11.717009,2430
5928,0.0006264138181145264,1.9886299,8.970498,589
5929,0.003776562764218477,3.458262,9.97327,3551
5930,0.0010539492253845426,1.473167,6.207453,991
5931,0.0004190272399611602,1.2583704,5.708904,394
5932,0.0005913176279654951,1.6266856,7.8240275,556
5933,0.0012230490506480564,1.0777216,3.9652624,1150
5934,0.00018186207622679796,1.3745228,6.427057,171
5935,0.00567920167866141,1.917512,7.682297,5340
5936,0.008407132822063379,1.9892294,8.620177,7905
5937,0.003855263311825395,2.703983,8.950755,3625
5938,0.006476842363866664,1.6504691,7.4526176,6090
5939,0.0,0.0,0.0,0
5940,0.00010103448679266554,1.9430021,10.530535,95
5941,0.0012985590355141538,1.5691249,7.6129575,1221
5942,0.0058972234659508465,1.4426354,8.0200815,5545
5943,0.0012549546780562667,3.3016176,11.981478,1180
5944,0.0001329401142008757,1.2512208,3.9350817,125
5945,0.0004849655366047946,1.0580121,5.638092,456
5946,2.1270418272140114e-05,1.3496307,3.1777732,20
5947,0.001508072655494734,1.4677004,4.8350067,1418
5948,0.001899448351702112,1.9452143,9.691542,1786
5949,0.001680363043499069,1.8382148,8.1613035,1580
5950,0.005338874986307168,2.468962,8.044363,5020
5951,0.008252922289590363,2.6732657,10.480692,7760
5952,0.0012900508682052979,1.1622529,4.184666,1213
5953,0.00019462432719008203,1.4166218,5.571389,183
5954,0.0060790855421776445,1.8326386,11.857984,5716
5955,0.005563277899078246,1.648968,6.4153666,5231
5956,0.0029874302463220787,1.1958045,6.9694304,2809
5957,0.0072287516497868175,1.7459381,7.139423,6797
5958,0.0011188240011145698,0.99019945,5.1625023,1052
5959,0.000378613445244094,1.2839586,6.972948,356
5960,0.00012230490506480565,0.9550274,4.126483,115
5961,0.0005200617267538258,1.4880543,5.7028146,489
5962,0.0023259202380585212,1.5384878,5.994898,2187
5963,0.001881368496170793,1.0755426,4.7987022,1769
5964,0.0012772886172420137,1.4502378,6.153649,1201
5965,5.2112524766743275e-05,1.3662897,6.345202,49
5966,0.002129168869041225,1.6657249,7.89043,2002
5967,0.002633277782090946,2.5591662,10.766934,2476
5968,0.0017580000701923804,3.4338763,9.263077,1653
5969,0.0013102577655638309,1.5289314,5.1042256,1232
5970,0.001524025469198839,1.6254417,7.6678605,1433
5971,0.0015665663057431193,3.181918,11.239537,1473
5972,0.0014942468836178428,1.8790852,9.679077,1405
5973,1.701633461771209e-05,1.0343158,2.0450184,16
5974,0.0011730635677085271,1.3322372,4.763125,1103
5975,0.0008252922289590363,1.7862169,6.6346836,776
5976,0.00019462432719008203,1.7966024,10.745609,183
5977,0.03712432453127974,1.5099857,7.3041463,34907
5978,0.0009688675522959822,1.807045,7.821877,911
5979,0.001546359408384586,2.3105664,9.484575,1454
5980,0.0011911434232398464,1.1660002,4.393336,1120
5981,0.002788551835477569,2.4065623,9.163613,2622
5982,0.0033394556687259976,3.1003065,9.9325485,3140
5983,0.0016452668533500376,1.917947,6.297816,1547
5984,0.0029353177215553357,2.298977,8.893072,2760
5985,0.0012304936970433055,1.4188042,5.7107263,1157
5986,0.0005721742515205691,2.3801944,7.2556825,538
5987,0.0013060036819094029,2.0568926,7.1737714,1228
5988,0.0002594991029201094,0.92262053,2.3979528,244
5989,4.2540836544280225e-06,0.96813005,2.0123794,4
5990,0.0023748422000844436,3.00178,8.404377,2233
5991,0.00010635209136070057,1.4106711,6.2426686,100
5992,0.0016835536062398898,1.8724134,5.979865,1583
5993,0.0010486316208165075,2.2954793,8.008736,986
5994,0.002068548176965626,2.1428676,9.053061,1945
5995,0.0009178185484428459,1.2509344,6.780407,863
5996,0.004359372224875116,1.3245709,4.421031,4099
5997,0.002640722428486195,2.1851032,7.828655,2483
5998,0.0003020399394643896,2.015478,7.765937,284
5999,0.00022972051733911322,1.307617,5.8459373,216
6000,0.002097263241633015,3.7582347,10.293169,1972
6001,0.00018186207622679796,1.6337323,8.985332,171
6002,0.0006615100082635575,1.5140631,6.6505685,622
6003,0.003638305045449566,1.2830588,5.63376,3421
6004,0.0029268095542464793,1.070624,4.4446034,2752
6005,0.0007157495748575148,1.2603585,5.7201767,673
6006,0.001321956495613508,1.6350462,7.7172847,1243
6007,1.3825771876891073e-05,0.9706713,1.6025622,13
6008,1.91433764449261e-05,0.7409368,1.2816434,18
6009,0.001106061750151286,1.4804363,6.6290784,1040
6010,0.022646614334347576,1.7261624,9.445121,21294
6011,0.0003360726086998138,1.0959024,4.262707,316
6012,0.0006721452173996276,1.2184788,6.950471,632
6013,0.0006444936736458454,1.6132498,6.923542,606
6014,0.0007168130957711218,1.0767328,3.7307103,674
6015,0.0007763702669331141,1.9877335,7.570591,730
6016,0.0010305517652851885,1.2437615,4.3992686,969
6017,0.00718514729232893,1.8566637,7.6512504,6756
6018,0.0012156044042528073,1.5439497,9.303454,1143
6019,0.004986849563903249,3.930751,10.068432,4689
6020,0.002231266876747498,2.170745,9.590636,2098
6021,0.05467667368944976,2.8240576,9.78158,51411
6022,0.040248948975457124,1.3106297,6.689335,37845
6023,0.0016771724807582479,1.5964819,10.482122,1577
6024,0.0010029002215314062,1.596987,7.175081,943
6025,0.0001340036351144827,0.9697715,2.2573001,126
6026,0.0019909111502723147,3.24413,11.104218,1872
6027,0.0006849074683629116,1.182614,5.836192,644
6028,0.004889005639851405,1.2881293,6.295642,4597
6029,0.012110312643242973,2.7468882,13.059418,11387
6030,0.007210671794255498,2.7617245,9.1749325,6780
6031,0.004157303251289785,3.0083134,8.75262,3909
6032,0.00345218888556834,2.7915378,9.382782,3246
6033,0.005403749762037196,1.8024093,9.023946,5081
6034,1.91433764449261e-05,0.7493478,1.2637652,18
6035,0.003044860375656857,2.0989385,5.8151455,2863
6036,0.0006317314226825613,0.8960522,2.4146507,594
6037,0.0008423085635767485,1.9185654,9.92121,792
6038,0.0012432559480065896,1.2768607,7.208548,1169
6039,0.005449481161322297,1.6320757,6.2481694,5124
6040,0.007141542934871042,1.2034565,6.0865684,6715
6041,0.0008922940465162777,1.3788607,6.4203205,839
6042,0.010358693698532234,1.4427869,3.7723541,9740
6043,0.0013878947922571422,1.5921474,11.040008,1305
6044,0.0027704719799462496,0.97197866,3.5969765,2605
6045,0.011950784506201921,1.8605093,7.5687613,11237
6046,0.0008125299779957523,1.8700271,8.080692,764
6047,0.013943822698301451,1.0282538,3.5797234,13111
6048,0.00020313249449893807,1.2387528,7.2452493,191
6049,0.0005062359548769346,1.6432475,12.744917,476
6050,0.0006561924036955224,1.811637,5.702711,617
6051,0.00046369511833265446,1.9067907,7.9642754,436
6052,0.0019270998954558942,2.9959044,8.033634,1812
6053,0.0003211833159093157,1.3481419,3.8230586,302
6054,0.0002084500990669731,1.1872393,6.0418396,196
6055,0.011890163814126322,0.94165605,4.4878387,11180
6056,0.0015899637658424734,1.4195964,6.7900553,1495
6057,0.0018324465341448706,3.6154835,13.596005,1723
6058,0.002252537295019638,1.2984096,4.2754297,2118
6059,4.9985482939529265e-05,0.83393365,1.925215,47
6060,0.0009720581150368031,1.54031,6.062509,914
6061,0.006475778842953057,2.0834188,7.510308,6089
6062,0.09803110373263935,2.587601,9.190974,92176
6063,0.003546842246879364,1.2346916,5.3566227,3335
6064,0.0013910853549979633,1.4622225,5.183014,1308
6065,0.0030033830600261838,4.2270665,11.72269,2824
6066,0.0012134773624255934,1.9679065,7.7318797,1141
6067,0.00018186207622679796,1.8531679,7.0788403,171
6068,0.001919655249060645,1.4221641,5.6323867,1805
6069,0.0023163485498360584,1.7801607,6.1516685,2178
6070,0.001696315857203174,2.043114,6.377474,1595
6071,0.002247219690451603,1.7362812,5.5347033,2113
6072,0.0004711397647279035,1.6933942,11.169715,443
6073,0.0042849257609226254,1.2144709,5.3804817,4029
6074,0.00038605809163934303,0.9634424,3.0273652,363
6075,0.0035021743685078694,1.6262779,6.2062273,3293
6076,0.0021227877435595834,1.4449061,6.6582317,1996
6077,0.003040606292002429,2.4938924,10.017666,2859
6078,0.0008433720844903555,1.75485,6.6002517,793
6079,0.0016590926252269289,3.8019052,11.980331,1560
6080,0.00169418881537596,2.1349673,10.127484,1593
6081,0.059509312720879996,1.522566,5.8472667,55955
6082,0.003236294140106118,2.7382772,7.0759935,3043
6083,0.0006966061984125887,1.3564363,6.6965504,655
6084,0.00967484975108293,1.5546659,6.782099,9097
6085,0.00013932123968251773,1.2914346,4.1346107,131
6086,0.0003360726086998138,1.4816613,7.616669,316
6087,0.0004753938483823315,1.7254798,6.879679,447
6088,0.007151114623093506,2.108126,8.362975,6724
6089,0.00253224329529828,4.166343,9.321215,2381
6090,0.002997001934544542,2.696466,8.305362,2818
6091,9.57168822246305e-06,0.7704161,1.4332416,9
6092,0.0023323013635401634,1.5336767,6.7271852,2193
6093,4.679492019870825e-05,3.3247812,12.363318,44
6094,0.0017760799257236994,1.5264376,5.758683,1670
6095,0.0007944501224644332,2.0842962,7.9058876,747
6096,0.002437589933987257,2.5509052,9.800585,2292
6097,0.0018452087851081548,3.2867103,9.30127,1735
6098,0.001320892974699901,1.364216,7.190134,1242
6099,0.0001499564488185878,6.0904903,9.533612,141
6100,0.0017377931728338471,2.4769464,11.104958,1634
6101,0.000939088966714986,1.7831182,11.3369875,883
6102,4.147731563067322e-05,0.7505489,1.665922,39
6103,0.000561539042384499,0.91648304,5.2177505,528
6104,0.0011081887919785,1.9163045,8.809504,1042
6105,8.508167308856045e-05,1.5119998,6.265349,80
6106,0.0018728603288619369,3.4097412,9.967666,1761
6107,0.0019653866483457464,1.5671406,11.24125,1848
6108,0.003955234277704454,1.6896149,7.2442503,3719
6109,0.0014814846326545589,1.3838146,4.3547716,1393
6110,0.0006413031109050244,1.4841605,9.184617,603
6111,0.0008742141909849586,1.092734,4.881849,822
6112,0.0009731216359504101,1.40684,6.6524587,915
6113,0.0017346026100930262,2.8996546,11.132226,1631
6114,3.190562740821017e-05,1.0910819,2.8103702,30
6115,0.009428112899126104,1.1012677,6.277099,8865
6116,0.003835056414466862,2.460384,11.806984,3606
6117,0.0013985300013932124,3.132866,11.838745,1315
6118,7.870054760691842e-05,0.7640241,1.8371122,74
6119,0.0020238802985941317,2.360551,8.93924,1903
6120,0.002867252383084487,3.329756,10.448517,2696
6121,0.0022376480022291397,3.7014208,10.417921,2104
6122,0.012009278156450308,1.8071569,6.5736265,11292
6123,0.0010954265410152157,1.211545,7.6011124,1030
6124,0.0007317023885616198,1.5607437,10.6878395,688
6125,4.573139928510124e-05,1.4712316,5.9787273,43
6126,0.0012602722826243016,1.6314234,6.790347,1185
6127,0.0036234157526590684,1.4353596,4.773364,3407
6128,0.0008657060236761026,1.6593729,9.465266,814
6129,0.010819198254124068,1.8068969,6.662056,10173
6130,0.0037350854485878036,2.731048,9.288165,3512
6131,0.00048283849477758053,1.4190922,8.394285,454
6132,0.0011975245487214883,1.7915233,8.912004,1126
6133,0.0012623993244515158,2.0125804,8.166814,1187
6134,0.0007912595597236122,1.8779724,9.211687,744
6135,2.8715064667389152e-05,1.039993,2.1090157,27
6136,0.004298751532799517,2.4854083,8.965965,4042
6137,0.05065762815692889,1.2337253,6.177287,47632
6138,0.0019568784810368904,2.5476499,11.135466,1840
6139,0.0011815717350173833,1.4486221,7.326883,1111
6140,0.0003020399394643896,2.1180599,9.167305,284
6141,0.0015176443437171971,1.1039208,3.8967118,1427
6142,0.00572174251520569,1.4152572,5.1380324,5380
6143,0.0008423085635767485,1.9289857,9.029668,792
6144,0.0029523340561730476,3.178706,10.463669,2776
6145,0.001111379354719321,1.5075575,6.848111,1045
6146,0.012806918841655562,1.3244278,4.4386835,12042
6147,0.004356181662134295,1.635987,7.882166,4096
6148,0.00022546643368468518,1.6828763,6.339751,212
6149,0.0050187551913114595,3.578746,10.0714855,4719
6150,0.0002850236048466775,1.5920463,7.6158476,268
6151,9.57168822246305e-06,0.96513444,1.351203,9
6152,0.0033596625660845306,1.2303956,4.209565,3159
6153,0.00012336842597841265,1.6742972,7.4658484,116
6154,0.00015846461612744383,1.2719537,7.5071588,149
6155,0.0030235899573847168,2.8426828,9.19175,2843
6156,0.0005477132705076079,1.0884665,3.5323308,515
6157,0.00019887841084451004,1.1812226,3.898768,187
6158,0.0010156624724946904,1.6837556,6.209936,955
6159,0.0010156624724946904,1.5662764,9.319439,955
6160,0.001139030898473103,1.9108524,6.1684127,1071
6161,0.0005913176279654951,1.4544563,4.460512,556
6162,0.004167938460425855,2.2334874,10.785302,3919
6163,4.2540836544280225e-06,0.91266406,1.0481356,4
6164,0.004041379471706621,1.7199414,7.180051,3800
6165,0.0018345735759720846,1.1052877,4.6491957,1725
6166,0.0007806243505875421,1.8129389,9.973512,734
6167,0.010926613866398377,1.6086987,7.1197524,10274
6168,0.0002275934755118992,1.5978384,6.8427467,214
6169,0.0028980944895790903,2.289178,9.181911,2725
6170,0.00042115428178837424,0.84455794,2.9291484,396
6171,0.0013676878948986092,1.4504799,5.4804463,1286
6172,0.001333655225663185,1.9226075,8.079522,1254
6173,0.00523890402042811,1.9528537,8.55763,4926
6174,0.004298751532799517,1.7631322,7.2378283,4042
6175,0.0025854193409786306,1.6616626,7.6342363,2431
6176,0.005159139951907584,2.1511977,7.546776,4851
6177,0.003008700664594219,3.3589938,10.776165,2829
6178,5.9557171161992314e-05,1.8370137,6.915685,56
6179,0.0008667695445897096,1.3078063,5.7813253,815
6180,0.00033926317144063477,1.0540481,4.3713403,319
6181,0.00167291839710382,1.6121428,12.35564,1573
6182,5.317604568035028e-06,0.7166827,0.93165356,5
6183,1.5952813704105085e-05,1.542878,4.534828,15
6184,0.0016197423514234695,2.2617986,8.438939,1523
6185,0.00190370243535654,2.1018724,5.821417,1790
6186,0.0036521308173264573,2.7457383,10.694708,3434
6187,0.0036436226500176014,3.3925638,9.536157,3426
6188,0.0010316152861987954,1.6886022,7.9572754,970
6189,0.0025269256907302453,3.0092194,10.684931,2376
6190,0.05747905129680422,0.8001925,2.4933338,54046
6191,0.002884268717702199,1.5270199,7.008497,2712
6192,0.0003179927531684947,1.5809684,6.4555573,299
6193,0.005259110917786643,1.5961695,6.528961,4945
6194,0.0005551579169028569,1.4828826,6.294111,522
6195,0.0013878947922571422,1.7470297,6.9913564,1305
6196,0.0003424537341814558,1.3176335,7.9911213,322
6197,0.0016154882677690415,1.3264298,4.1444917,1519
6198,0.004007346802471197,2.9738011,9.791176,3768
6199,0.003372424817047815,2.4663143,9.260878,3171
6200,0.00025737206109289535,2.1930106,9.921313,242
6201,0.0036893540493027027,3.5996194,10.075945,3469
6202,0.009708882420318355,37.450798,66.98079,9129
6203,0.003955234277704454,1.567114,6.3536377,3719
6204,0.000563666084211713,1.409188,6.011826,530
6205,0.0031129257141277056,1.8257993,7.4424925,2927
6206,0.0025960545501147007,1.4444697,5.4696403,2441
6207,0.0018164937204407656,1.468423,5.467566,1708
6208,1.5952813704105085e-05,0.65283984,1.1829822,15
6209,2.9778585580996157e-05,1.1536188,2.3683167,28
6210,2.446098101296113e-05,1.120429,3.4209187,23
6211,0.0006806533847084836,1.5692427,7.7532306,640
6212,0.0018260654086632287,2.6286085,9.525022,1717
6213,0.0019462432719008203,2.2726104,8.112406,1830
6214,0.005936573739754305,1.3358974,4.4334416,5582
6215,0.0005551579169028569,1.7936907,7.495299,522
6216,0.0035521598514473987,1.550234,5.64763,3340
6217,0.00020419601541254507,1.1871768,3.1817613,192
6218,3.403266923542418e-05,0.73873127,2.1080685,32
6219,0.002034515507730202,1.3758754,7.82102,1913
6220,0.0034702687410996594,3.0537271,10.0967865,3263
6221,0.00016271869978187186,1.4307456,5.8826056,153
6222,0.0004466787837149424,1.6043776,5.8331275,420
6223,0.00546968805868083,1.6185821,8.383028,5143
6224,0.0018090490740455165,1.9722586,5.924693,1701
6225,0.003744657136810267,2.241703,6.66098,3521
6226,0.00037648640341687997,1.3450763,7.973445,354
6227,2.233393918574712e-05,1.0857704,2.6343231,21
6228,0.002397176139270191,0.93993443,4.418867,2254
6229,0.0042647188635640924,2.187576,8.244671,4010
6230,0.003436236071864235,1.121538,3.73776,3231
6231,1.0635209136070056e-06,0.53027076,0.53027076,1
6232,0.002234457439488319,3.4757435,12.552512,2101
6233,0.0008231651871318224,1.8693076,7.779556,774
6234,6.700181755724135e-05,0.67448306,1.2101208,63
6235,0.000565793126038927,1.287255,7.4062757,532
6236,0.0010582033090389706,2.4819102,8.693542,995
6237,0.029259587375155938,1.4612688,6.6373734,27512
6238,0.015045630364798309,1.6547045,7.628679,14147
6239,4.254083654428023e-05,1.5827491,5.38589,40
6240,0.0017292850055249912,1.5788678,8.855117,1626
6241,0.004719905814587891,2.516912,8.129264,4438
6242,0.005961034720767267,1.5914743,7.875123,5605
6243,0.0011932704650670603,1.2534115,6.8195176,1122
6244,0.003443680718259484,4.9180355,13.343786,3238
6245,0.0019494338346416414,3.1968553,10.117632,1833
6246,0.0048656081797520505,1.188386,4.0675025,4575
6247,0.00042221780270198123,2.0691447,7.652276,397
6248,0.01862969584365392,1.2332792,5.2752585,17517
6249,0.0013995935223068193,3.9524863,12.220997,1316
6250,5.5303087507564294e-05,1.4351659,3.7382834,52
6251,0.0033585990451709237,2.3867922,7.810748,3158
6252,0.00356598562332429,2.9532232,8.82789,3353
6253,0.0019941017130131354,2.2618692,8.546406,1875
6254,0.0024790672496179302,1.3038455,8.086659,2331
6255,0.00013932123968251773,1.7228996,9.321584,131
6256,0.0005849365024838531,1.5167749,6.4678674,550
6257,0.0005243158104082538,1.3671516,4.937549,493
6258,0.0025141634397669614,2.9065459,16.457901,2364
6259,0.00020100545267172406,1.8973653,6.698928,189
6260,0.001921782290887859,2.0232186,7.1989417,1807
6261,0.0006391760690778104,1.1670166,5.540842,601
6262,0.000761480974142616,1.791684,6.150539,716
6263,0.00377549924330487,2.5806625,9.540336,3550
6264,0.0006498112782138805,1.5175388,7.070428,611
6265,0.0015218984273716251,1.6686666,6.0598726,1431
6266,0.0023929220556157624,2.6362267,8.5214615,2250
6267,2.9778585580996157e-05,1.3828244,3.3293242,28
6268,0.02727399382945166,1.5678252,6.5075297,25645
6269,0.001334718746576792,1.5157014,6.4765577,1255
6270,0.017256690344187274,1.1168569,5.072901,16226
6271,0.0031033540259052424,3.3324342,8.097376,2918
6272,0.010274675546357281,2.1067004,8.422174,9661
6273,0.0039212016084690295,4.456552,13.818284,3687
6274,0.003031034603779966,3.0873048,10.218978,2850
6275,0.001327274100181543,1.5483031,9.731902,1248
6276,0.0005253793313218608,1.2408543,7.4205046,494
6277,0.001295368472773333,1.9575827,6.9409137,1218
6278,0.0010326788071124025,0.7290471,2.1233246,971
6279,0.00323204005645169,2.2775984,8.210129,3039
6280,0.0012241125715616635,1.6018666,6.1945925,1151
6281,0.007155368706747934,1.1270502,5.004557,6728
6282,0.0019962287548403496,1.3818234,6.1649113,1877
6283,0.00594933599071759,2.7414699,7.491028,5594
6284,0.007012856904324595,2.3341966,7.7679887,6594
6285,9.039927765659548e-05,1.6020881,9.165331,85
6286,6.806533847084836e-05,2.7579563,12.579661,64
6287,0.00014357532333694577,1.1635805,3.7025385,135
6288,0.00040732850991148314,1.5717319,11.157002,383
6289,0.0027864247936503547,2.8537843,9.034163,2620
6290,0.0016186788305098626,2.1211994,11.932253,1522
6291,0.002849172527553168,3.9412751,11.303495,2679
6292,0.04551125045598459,0.7555341,2.7194874,42793
6293,0.0009954555751361574,1.2557111,5.8227196,936
6294,0.00167291839710382,1.4307928,6.3464866,1573
6295,0.006469397717471416,2.5795672,7.6955833,6083
6296,0.0005189982058402188,2.2173254,7.747528,488
6297,0.001699506419943995,2.982917,9.077441,1598
6298,0.0029512705352594407,2.3026543,12.497849,2775
6299,0.007300007550998486,1.554303,5.598886,6864
6300,0.002993811371803721,1.4918361,5.940509,2815
6301,0.0018228748459224076,2.502241,9.330421,1714
6302,0.0011028711874104648,1.291394,6.2569594,1037
6303,0.0021982977284256805,2.130556,12.225135,2067
6304,0.0020483412796070927,1.4996299,5.896829,1926
6305,0.012733535898616678,1.1813914,7.6484847,11973
6306,0.002077056344274482,4.6428585,12.335543,1953
6307,0.0015389147619893372,1.7646167,6.637841,1447
6308,0.0010805372482247178,1.4381446,8.334958,1016
6309,0.0007019238029806237,1.4102851,8.663865,660
6310,0.0002828965630194635,1.2824129,4.6242304,266
6311,0.0025588313181384554,2.6444883,7.8348513,2406
6312,8.508167308856045e-05,1.2232119,3.401124,80
6313,0.0021855354774623966,2.0394917,7.7610035,2055
6314,0.0006912885938445537,1.3110702,9.355588,650
6315,0.006727833299477917,1.6686847,7.1891,6326
6316,0.013172770035936372,2.932099,10.4578085,12386
6317,0.0018537169524170108,1.4442685,6.003871,1743
6318,0.001998355796667564,1.4172796,7.190418,1879
6319,0.0005072994757905416,1.298065,5.3820953,477
6320,0.00735212007576523,1.3123246,5.414419,6913
6321,0.0029629692653091178,1.1753839,4.926241,2786
6322,0.0013379093093176132,1.7426703,8.191429,1258
6323,0.002867252383084487,1.9166704,8.242788,2696
6324,0.000773179704192293,1.2669777,5.881611,727
6325,0.001127332168423426,1.6417379,6.432817,1060
6326,0.009806726344370199,1.2426552,4.6952,9221
6327,0.0068299313071841904,1.2568035,4.179787,6422
6328,2.1270418272140113e-06,0.8695668,1.1378891,2
6329,0.0002892776885011055,1.5133651,6.6483207,272
6330,0.0017760799257236994,2.5540824,9.208386,1670
6331,0.0017888421766869835,1.7798245,8.782221,1682
6332,1.91433764449261e-05,0.93278116,2.6010659,18
6333,0.0020238802985941317,2.8875759,8.692184,1903
6334,0.00010316152861987954,1.516401,9.479985,97
6335,0.0018186207622679796,1.2904712,5.2503843,1710
6336,7.444646395249039e-06,1.0063926,1.7118657,7
6337,0.0005402686241123589,1.8531775,11.171526,508
6338,5.104900385313627e-05,0.78276336,2.1176007,48
6339,0.0036276698363134964,1.032505,3.8978553,3411
6340,0.00395310723587724,4.2790346,10.132373,3717
6341,0.004237067319810311,2.9664028,10.189026,3984
6342,0.003583001957942002,1.8674796,8.092003,3369
6343,0.0014219274614925665,2.84699,9.925342,1337
6344,0.0032490563910694023,2.7210746,9.771962,3055
6345,0.0023769692419116574,2.4723754,6.6091495,2235
6346,0.0005243158104082538,1.6386214,10.229337,493
6347,0.002236584481315533,2.2226696,10.146368,2103
6348,0.006174802424402275,2.6736255,10.419598,5806
6349,0.0008476261681447834,1.9381104,6.2717795,797
6350,0.0008284827916998574,1.2862961,3.8570642,779
6351,0.001887749621652435,1.8007449,7.7628503,1775
6352,0.014272450660606015,5.227375,17.45693,13420
6353,7.65735057797044e-05,1.2749549,5.959943,72
6354,0.0014453249215919206,1.503298,8.93678,1359
6355,0.002676882139548833,2.5671349,13.405453,2517
6356,0.0017611906329332012,1.5534003,7.2806563,1656
6357,0.0006051433998423862,1.6160593,6.972959,569
6358,0.002626896656609304,2.4372578,10.828198,2470
6359,0.0017367296519202402,3.3266249,9.529429,1633
6360,0.0003435172550950628,1.6775452,6.8692966,323
6361,0.05245178793818391,1.609973,5.856387,49319
6362,0.002433335850332829,1.4196544,6.1165085,2288
6363,0.0014442614006783137,1.489154,7.531999,1358
6364,0.0031076081095596703,1.4915633,4.3190613,2922
6365,0.0016665372716221777,2.3926506,9.370902,1567
6366,0.0018335100550584777,3.070623,8.538819,1724
6367,0.0033639166497389586,1.3068843,5.51111,3163
6368,0.0021578839337086145,2.8685365,7.3101454,2029
6369,0.0012698439708467646,1.4328277,5.2850795,1194
6370,0.0004328530118380513,1.416881,7.189461,407
6371,0.002094072678892194,2.1170912,8.537416,1969
6372,0.0007338294303888339,1.2866838,5.7677426,690
6373,0.002282315880600634,2.0061476,10.341034,2146
6374,0.002088755074324159,3.8823402,12.233084,1964
6375,0.009583386952512728,1.7398466,9.04462,9011
6376,0.0013102577655638309,1.6305716,5.9815664,1232
6377,0.001860098077898653,3.256263,10.00284,1749
6378,0.0006593829664363435,1.4949093,7.864889,620
6379,0.001101807666496858,1.6387197,8.394669,1036
6380,0.001719713317302528,1.6418799,7.7558484,1617
6381,0.0098524577436553,2.287957,8.223682,9264
6382,0.0018590345569850458,2.2301009,9.762211,1748
6383,0.0027555826871557515,1.1708199,4.334315,2591
6384,0.00243652641307365,1.2825184,4.9236975,2291
6385,0.019518799327429375,1.6391333,6.822316,18353
6386,7.125590121166937e-05,2.0503662,8.304949,67
6387,0.0014357532333694576,3.0504694,9.946067,1350
6388,0.0073585012012468715,1.6246847,7.8386974,6919
6389,7.231942212527638e-05,0.5260967,1.1650943,68
6390,0.001325147058354329,2.99241,9.556239,1246
6391,0.005913176279654951,1.4816457,6.7390203,5560
6392,0.002997001934544542,0.5803106,1.7453866,2818
6393,0.0011911434232398464,1.0996711,5.4302616,1120
6394,1.3825771876891073e-05,0.9235412,1.621346,13
6395,0.0157273472704204,1.1072556,6.252467,14788
6396,0.0031586571134128065,1.4123721,5.5006046,2970
6397,0.0012028421532895234,1.664998,6.984321,1131
6398,0.0019228458118014662,2.994182,12.482199,1808
6399,0.0025290527325574595,3.7799408,11.566225,2378
6400,0.00025524501926568136,1.2500037,4.667659,240
6401,5.2112524766743275e-05,1.5380236,4.527541,49
6402,0.0003275644413909577,1.6120297,6.6669936,308
6403,0.021538425542369077,1.5068518,7.0246005,20252
6404,0.004921974788173222,2.208323,7.984651,4628
6405,0.0029214919496784444,2.0508492,7.492358,2747
6406,0.001912210602665396,1.5415127,6.5087605,1798
6407,0.010188530352355113,1.5048532,5.1894355,9580
6408,0.0008369909590087134,1.5556978,10.284154,787
6409,0.0016165517886826486,1.7708932,6.077518,1520
6410,0.0006668276128315925,2.272012,9.152542,627
6411,0.0026162614474732337,2.6501088,8.508273,2460
6412,0.0006104610044104212,1.3460193,5.74919,574
6413,0.005293143587022067,2.0194547,9.856252,4977
6414,0.0025960545501147007,4.4905796,12.440693,2441
6415,0.0010613938717797917,1.289318,4.4734282,998
6416,0.00021270418272140114,1.1314687,5.3018064,200
6417,0.0030746389612378534,2.946462,8.8106985,2891
6418,0.0006774628219676625,1.600797,8.368529,637
6419,0.0015016915300130919,3.5475307,12.313004,1412
6420,0.006970316067780315,2.1012905,7.754864,6554
6421,0.0018749873706891509,1.5348353,5.415704,1763
6422,0.012838824469063773,1.4681834,6.950678,12072
6423,0.0016197423514234695,1.5700262,7.997216,1523
6424,0.00019568784810368903,1.0343738,2.496688,184
6425,0.001142221461213924,1.4706935,6.212934,1074
6426,5.317604568035028e-06,0.85142344,1.2835448,5
6427,0.0013793866249482863,2.5944064,9.039933,1297
6428,0.00023929220556157628,1.8936056,8.87842,225
6429,0.001128395689337033,1.10591,5.5581756,1061
6430,0.0008454991263175695,1.5020252,6.8941135,795
6431,0.0009933285333089432,1.66778,7.1596007,934
6432,0.03351048046684314,2.572763,12.85659,31509
6433,0.009363238123396078,38.82603,67.13861,8804
6434,0.0005891905861382811,1.9405354,9.447822,554
6435,0.0001340036351144827,1.394731,7.457912,126
6436,0.0017643811956740223,3.4761047,12.498422,1659
6437,0.003768054596909621,1.7776154,8.696966,3543
6438,0.0007721161832786861,2.2908678,8.389953,726
6439,0.022623216874248224,4.6659746,12.883134,21272
6440,0.001125205126596212,1.3917615,7.3439364,1058
6441,0.00021908530820304316,1.6945555,11.360744,206
6442,0.0005243158104082538,1.3808584,8.555623,493
6443,0.00030948458585963864,1.8979903,9.147606,291
6444,0.0005126170803585767,1.6347245,7.22342,482
6445,0.0021227877435595834,2.333616,6.7732854,1996
6446,0.017071637705219654,2.4174438,9.437397,16052
6447,1.91433764449261e-05,0.7497205,1.1568123,18
6448,0.0003998838635162341,1.5282153,5.9701223,376
6449,0.0004551869510237984,2.0502448,8.793781,428
6450,0.0030629402311881763,3.00086,9.599637,2880
6451,0.0016325046023867537,3.2081957,9.166075,1535
6452,0.00017548095074515594,1.933865,8.755052,165
6453,4.892196202592226e-05,0.73012865,1.4549052,46
6454,0.0014187368987517454,2.977161,10.744116,1334
6455,0.0053569548418384875,2.2118125,10.853305,5037
6456,0.002056849446915949,2.1236782,10.677996,1934
6457,0.0027991870446136386,2.7566032,8.48701,2632
6458,0.001119887522028177,1.5803963,7.0907784,1053
6459,0.004125397623881575,2.1882772,9.177264,3879
6460,0.0018313830132312638,1.2135903,4.782132,1722
6461,0.001512326739149162,1.3038656,4.4136777,1422
6462,0.0022408385649699608,2.2232223,8.720722,2107
6463,3.1905627408210167e-06,0.73629,0.83280617,3
6464,0.002306776861613595,2.9252737,9.493906,2169
6465,0.0005466497495940009,1.6231248,8.317021,514
6466,9.252631948380949e-05,1.8861225,7.0506396,87
6467,0.0010890454155335738,1.399102,8.640571,1024
6468,5.4239566593957285e-05,1.4287333,4.488802,51
6469,0.0008295463126134644,2.2875447,7.5639305,780
6470,0.000936961924887772,2.1898937,8.373065,881
6471,0.00130706720282301,1.6305033,7.914142,1229
6472,0.003989266946939878,1.7901822,7.816916,3751
6473,0.0027417569152788607,3.102051,11.001309,2578
6474,0.0007721161832786861,1.1967165,4.4204965,726
6475,0.0010635209136070057,1.9435089,8.634226,1000
6476,0.0009178185484428459,1.4771359,6.2531676,863
6477,0.0028300291511082418,1.6466452,7.1361265,2661
6478,0.0014591506934688117,2.0924313,9.112682,1372
6479,0.0019760218574818166,4.60103,12.678876,1858
6480,0.00021908530820304316,1.5726138,9.068682,206
6481,0.0002680072702289654,1.2735912,5.620972,252
6482,0.007674366912588153,2.7628508,8.776131,7216
6483,0.002859807736689238,1.8241193,6.3146663,2689
6484,0.0007508457650065459,2.2460358,8.494068,706
6485,0.002079183386101696,1.2298467,4.903747,1955
6486,0.001522961948285232,3.0749006,10.598839,1432
6487,0.004129651707536003,1.7138176,7.7963943,3883
6488,0.008830414145678967,1.6500928,6.225611,8303
6489,0.021583093420740572,1.1330084,5.7350965,20294
6490,0.020954552560798832,2.0862236,8.828691,19703
6491,0.0010720290809158616,2.2735832,10.47735,1008
6492,0.000563666084211713,1.0077418,4.1003146,530
6493,0.0025237351279894242,2.0662236,7.8755627,2373
6494,0.000580682418829425,0.92196226,3.5740826,546
6495,4.679492019870825e-05,0.6173879,2.21724,44
6496,0.0025843558200650237,3.8454232,11.74262,2430
6497,8.295463126134644e-05,0.887984,2.3647137,78
6498,0.001686744168980711,1.4359208,7.4569654,1586
6499,0.003641495608190387,2.2424088,6.974352,3424
6500,0.0003339455668725998,1.5595088,6.1877556,314
6501,0.006068450333041574,1.3817652,5.8561745,5706
6502,0.0006104610044104212,1.2758777,6.079751,574
6503,0.003772308680564049,4.4596643,10.316641,3547
6504,0.0006700181755724136,1.3879405,6.9469576,630
6505,0.0017665082375012363,1.212911,4.618312,1661
6506,0.0042764175936137695,1.5953379,7.161675,4021
6507,0.00187179680794833,1.468667,6.4719768,1760
6508,0.006136515671512422,1.6234343,6.5360985,5770
6509,0.0006040798789287792,1.9670073,10.513293,568
6510,0.0020270708613349528,2.9901059,8.137059,1906
6511,0.001705887545425637,1.3293403,4.4906178,1604
6512,8.508167308856045e-06,0.7349607,0.99013275,8
6513,0.009671659188342108,1.7710494,6.8577824,9094
6514,0.0012156044042528073,1.8503664,6.7042413,1143
6515,0.00014357532333694577,2.1071348,10.360623,135
6516,0.0001722903880043349,1.8642607,9.326527,162
6517,0.0010390599325940445,1.0730665,3.007404,977
6518,0.000562602563298106,1.536619,4.7197895,529
6519,0.006218406781860162,1.6395054,8.545953,5847
6520,0.00019143376444926102,0.84071636,2.3147764,180
6521,0.00047964793203675955,1.3341211,6.0901623,451
6522,0.00013932123968251773,0.93295264,2.970967,131
6523,9.571688222463051e-05,0.88099885,3.0784068,90
6524,0.00095185121767827,1.4054257,7.287306,895
6525,0.001721840359129742,2.7092626,8.5133505,1619
6526,0.0017399202146610611,1.2701887,3.5480227,1636
6527,0.002282315880600634,1.6462246,9.132163,2146
6528,0.002389731492874942,4.3729663,13.250016,2247
6529,0.0027034701623890084,1.9487671,11.422347,2542
6530,0.0017441742983154893,1.5523362,4.900054,1640
6531,0.0038095319125402943,0.91855,3.8956892,3582
6532,0.001886686100738828,1.5385208,6.5531054,1774
6533,0.0004530599091965844,1.4077439,5.662244,426
6534,0.009417477689990034,40.908447,73.76092,8855
6535,0.0014836116744817729,1.4076362,6.6223736,1395
6536,0.0028459819648123472,1.3126289,7.2163343,2676
6537,5.4239566593957285e-05,0.9946728,1.9436871,51
6538,0.0027981235237000317,2.2110286,8.196532,2631
6539,0.002455669789518576,3.4964542,10.918694,2309
6540,0.0027566462080693584,3.1758933,11.289713,2592
6541,0.018285115067645248,1.6755732,8.892118,17193
6542,0.002619452010214055,2.465534,9.022182,2463
6543,0.0012815427008964417,2.4187474,10.601253,1205
6544,0.0005306969358898958,1.7547015,7.7238083,499
6545,0.00038712161255295,1.708911,6.5200624,364
6546,0.00029565881398274755,1.7652256,8.11645,278
6547,0.0005423956659395729,1.639066,7.9223537,510
6548,0.0018250018877496216,2.2209404,9.304947,1716
6549,0.003053368542965713,1.8281518,8.257697,2871
6550,0.0014081016896156755,1.6428314,4.965376,1324
6551,0.0006859709892765186,1.6301804,9.766013,645
6552,0.0032405482237605463,3.459148,9.77194,3047
6553,0.002273807713291778,2.8097057,9.076232,2138
6554,0.0006072704416696002,1.628605,6.738394,571
6555,0.0011698730049677062,1.8073997,8.055008,1100
6556,0.0009624864268143401,1.3935667,6.183769,905
6557,0.0002850236048466775,1.4189292,9.6326885,268
6558,0.0005338874986307168,1.8678992,9.16113,502
6559,0.00019675136901729605,1.3958383,4.805939,185
6560,0.007687129163551436,2.6060193,9.019174,7228
6561,0.0032575645583782582,2.418616,8.498067,3063
6562,0.006733150904045953,1.5330416,7.425423,6331
6563,0.001721840359129742,1.9805244,6.0935593,1619
6564,0.0031352596533134524,2.343491,6.916967,2948
6565,0.0006880980311037326,1.8618798,9.413745,647
6566,0.0019834665038770656,2.0717974,6.4741163,1865
6567,0.0034862215548037644,2.0043843,8.851895,3278
6568,4.360435745788723e-05,0.77246165,1.3940425,41
6569,0.0029906208090629,2.7190304,7.9135056,2812
6570,0.0012007151114623094,1.3069141,4.733602,1129
6571,0.00783176800780199,5.265757,11.451116,7364
6572,0.0016431398115228236,1.3317964,4.676083,1545
6573,6.912885938445537e-05,0.84903777,1.7637817,65
6574,4.147731563067322e-05,1.3016132,4.5802865,39
6575,0.0026960255159937593,2.0301948,7.258114,2535
6576,0.0036925446120435234,2.2939806,7.344348,3472
6577,0.0027736625426870707,2.3061657,6.8843865,2608
6578,0.004190272399611603,1.3446563,5.3259544,3940
6579,0.0005487767914212149,1.3330145,5.2675905,516
6580,0.0071043197028947975,1.4201468,5.8464746,6680
6581,0.003041669812916036,2.7061965,9.04353,2860
6582,0.0016250599559915046,1.9626356,6.081632,1528
6583,0.004499756985471241,3.2641692,10.697381,4231
6584,0.0002052595363261521,2.0900655,8.094157,193
6585,0.00042859892818362326,2.6316304,8.956154,403
6586,0.00798066093570697,1.9237156,7.9620113,7504
6587,3.509619014903119e-05,0.9426714,1.7378714,33
6588,0.00024035572647518327,1.3278292,4.44545,226
6589,0.006862900455506007,1.9837302,6.754068,6453
6590,0.000561539042384499,1.2420092,4.185806,528
6591,0.0011560472330908152,1.6986859,7.3950124,1087
6592,0.00024035572647518327,1.4818211,6.5631175,226
6593,0.0025014011888036774,3.0797174,11.743276,2352
6594,0.0002658802284017514,1.2106314,6.018559,250
6595,0.0034628240947044103,1.3485383,6.513852,3256
6596,0.002488638937840393,1.4173939,7.3544025,2340
6597,0.0010390599325940445,2.357128,9.424334,977
6598,0.0001722903880043349,1.2094494,4.9179225,162
6599,1.5952813704105085e-05,1.0961385,2.9330647,15
6600,0.002714105371525078,2.4831855,9.104898,2552
6601,0.004200907608747672,1.6416433,8.104135,3950
6602,0.0015176443437171971,2.76732,10.900785,1427
6603,0.002156820412795007,1.8203301,8.977619,2028
6604,0.003391568193492741,0.9513027,3.5893679,3189
6605,0.02902454925324879,0.9382786,3.7649388,27291
6606,0.0003190562740821017,1.4840838,5.2354383,300
6607,0.0006040798789287792,1.4389223,4.451159,568
6608,3.509619014903119e-05,0.7998935,1.2685273,33
6609,0.009885426891977118,3.3178594,11.410769,9295
6610,0.1328794935088001,1.3899058,9.216841,124943
6611,0.0009997096587905853,1.8431232,6.9978704,940
6612,0.0036627660264625275,2.6130562,7.945447,3444
6613,0.0013666243739850021,3.360648,10.539135,1285
6614,0.0020291979031621665,2.2194848,12.9277,1908
6615,0.002441844017641685,3.711378,10.241169,2296
6616,0.002842791402071526,4.7390504,13.171203,2673
6617,0.0006349219854233823,1.4174672,7.3369217,597
6618,0.0018367006177992986,3.119409,9.606863,1727
6619,3.82867528898522e-05,1.3263642,3.797156,36
6620,0.0017973503439958395,2.2705374,8.141097,1690
6621,3.1905627408210167e-06,0.93688273,1.1587046,3
6622,0.004084983829164508,2.5595977,8.61543,3841
6623,0.0008210381453046084,1.2367616,5.7965913,772
6624,0.001873923849775544,2.5814445,10.961677,1762
6625,0.0019207187699742522,1.9990934,6.3976154,1806
6626,0.0001340036351144827,1.1450276,4.4269724,126
6627,0.005728123640687332,1.8688568,6.8363934,5386
6628,0.0012060327160303443,1.3967016,10.268914,1134
6629,0.0009327078412333439,1.3717741,4.8091254,877
6630,0.0002084500990669731,1.7885478,7.5464463,196
6631,0.002660929325844728,2.0215573,8.462431,2502
6632,0.004370007434011186,4.2042136,10.746046,4109
6633,0.0006349219854233823,2.0504975,6.5842795,597
6634,0.0010390599325940445,1.5093688,4.6408477,977
6635,0.0016761089598446408,3.3670304,10.462875,1576
6636,0.0011900799023262393,1.241034,4.6298337,1119
6637,0.001134776814818675,1.2797784,4.4422846,1067
6638,1.91433764449261e-05,0.72098285,0.99820715,18
6639,0.004810305092244486,2.4614754,9.030851,4523
6640,0.001163491879486064,2.0454957,7.2279596,1094
6641,0.000187179680794833,2.432908,11.300253,176
6642,0.0022025518120801085,4.248466,11.966623,2071
6643,0.0008944210883434918,1.6466962,8.249923,841
6644,0.00020206897358533108,1.5929376,7.648885,190
6645,0.0004402976582333003,0.8528352,2.5266898,414
6646,0.0007678620996242581,1.6401464,9.108412,722
6647,0.004376388559492828,3.307789,8.310534,4115
6648,0.0031310055696590245,1.9520518,7.20735,2944
6649,0.003987139905112664,1.2179024,5.4898906,3749
6650,0.0021993612493392874,2.2091808,7.1032147,2068
6651,0.0006838439474493046,1.9990491,7.9176183,643
6652,0.0019813394620498514,3.6566868,13.070288,1863
6653,0.0012698439708467646,4.201314,14.229144,1194
6654,0.0014782940699137378,1.8944227,7.987115,1390
6655,0.00831460650257957,1.7176204,7.578206,7818
6656,0.0007338294303888339,1.1722515,4.767021,690
6657,0.0002648167074881444,2.0006018,7.3999033,249
6658,0.0002531179774384673,1.4112355,4.9387264,238
6659,0.0022099964584753576,2.7210636,7.277565,2078
6660,0.004396595456851361,2.571836,6.715677,4134
6661,0.0036393685663631734,1.7804744,9.729087,3422
6662,0.00039137569620737806,1.6482381,9.094636,368
6663,0.00023184755916632723,0.820341,2.634907,218
6664,0.0026566752421903,2.5537415,8.452219,2498
6665,0.0027002795996481873,3.4387429,9.942688,2539
6666,0.002458860352259397,1.8626941,8.83093,2312
6667,0.0004775208902095455,1.8953085,8.762284,449
6668,0.0011624283585724572,1.2360401,4.0390787,1093
6669,0.00031480219042767367,1.1429422,4.019151,296
6670,0.03198220091398987,1.6486065,8.430002,30072
6671,0.01517644343717197,1.3870299,5.878589,14270
6672,0.0022652995459829218,3.5287178,9.978152,2130
6673,0.0026875173486849034,2.1572444,5.944813,2527
6674,0.0004158366772203392,1.3266839,4.6270547,391
6675,0.0023440000935898405,3.3069303,10.123387,2204
6676,0.024625826754570215,2.7684278,10.482308,23155
6677,0.0021834084356351824,2.2027915,7.765012,2053
6678,0.0012017786323759163,1.467019,8.696543,1130
6679,0.002299332215218346,2.6340516,8.55213,2162
6680,0.0036351144827087454,2.8179893,8.348415,3418
6681,0.002108961971682692,1.569819,6.105875,1983
6682,0.004046697076274656,2.170712,9.231869,3805
6683,0.0009826933241728732,1.4284663,6.1690474,924
6684,0.0013921488759115704,1.8629924,7.205356,1309
6685,0.0017760799257236994,1.44629,7.7824173,1670
6686,0.025500040945555174,1.295718,3.563123,23977
6687,0.003218214284574799,1.5124414,6.3119593,3026
6688,1.701633461771209e-05,0.62434715,0.9689612,16
6689,0.0005477132705076079,1.3206413,6.405653,515
6690,0.002629023698436518,2.3944545,8.161673,2472
6691,0.05936467387662945,1.3733587,8.146065,55819
6692,0.0023833503673932996,2.6175282,8.598359,2241
6693,0.0011858258186718113,1.0387216,3.9886432,1115
6694,0.00023291108007993423,1.8016245,9.4255295,219
6695,0.004600791472263907,3.455906,10.823158,4326
6696,0.0048124321340717,1.6820539,8.933346,4525
6697,0.0007072414075486587,2.022172,6.600113,665
6698,0.005068740674250989,2.4747725,11.355814,4766
6699,0.0021344864736092604,1.799317,7.1845493,2007
6700,0.0006466207154730595,1.9062256,9.856474,608
6701,0.0051112815107952694,2.555129,10.43461,4806
6702,0.0031193068396093474,3.456586,10.156597,2933
6703,0.0006062069207559932,2.1644003,9.964539,570
6704,0.0012826062218100488,1.8569142,6.601194,1206
6705,0.0018324465341448706,2.5371377,7.5097275,1723
6706,0.0017154592336481001,2.06161,6.899129,1613
6707,0.0026205155311276617,2.9323926,9.330835,2464
6708,0.0015559310966070492,1.5388029,6.186529,1463
6709,0.0018324465341448706,2.9188733,10.857611,1723
6710,0.008374163673741563,1.6838219,6.771372,7874
6711,0.00042966244909723025,2.359461,8.509345,404
6712,2.9778585580996157e-05,1.0031606,1.639746,28
6713,0.002261045462328494,1.6663333,7.0212545,2126
6714,0.0001712268670907279,1.3171349,4.387961,161
6715,0.005664312385870912,1.9503431,7.217681,5326
6716,0.0020249438195077385,2.4596946,10.951471,1904
6717,0.00027438839571060743,1.1910932,5.3640647,258
6718,0.0018016044276502675,3.1141374,10.403207,1694
6719,0.003278834976650398,1.4208944,4.8663006,3083
6720,0.0005158076430993977,1.3612581,5.6485777,485
6721,0.00025843558200650235,1.2077055,3.547042,243
6722,0.012957938811387756,1.213015,4.3645725,12184
6723,0.0045539965520651985,2.112,9.271323,4282
6724,5.849365024838531e-05,1.3145704,4.2528257,55
6725,0.0019579420019504973,1.973165,7.5712414,1841
6726,0.0010188530352355115,2.8623817,9.414855,958
6727,0.007830704486888383,3.0749314,8.462055,7363
6728,8.720871491577446e-05,2.5924945,7.692752,82
6729,0.0031448313415359157,1.4873037,4.948329,2957
6730,0.00048602905751840157,1.4323546,5.534321,457
6731,0.002801314086440853,3.426507,10.592502,2634
6732,0.0008146570198229663,3.0493684,10.747663,766
6733,0.0018186207622679796,1.3706551,7.8902154,1710
6734,0.0019941017130131354,1.6518745,8.798941,1875
6735,0.001507009134581127,2.3651845,9.032918,1417
6736,0.0023003957361319534,2.613076,9.84275,2163
6737,0.0007008602820670168,1.6494367,5.6525373,659
6738,0.005486704393298542,1.8132027,6.9647737,5159
6739,0.003731894885846983,2.304241,8.703224,3509
6740,0.0017845880930325553,3.949271,11.457411,1678
6741,0.012558054947871522,2.0615015,5.892848,11808
6742,0.0018154301995271585,2.1116037,12.727308,1707
6743,0.003172482885289698,2.799627,10.077582,2983
6744,0.0010592668299525777,1.4614848,5.2384067,996
6745,0.003760609950514372,1.5588363,10.551265,3536
6746,0.001695252336289567,1.7171718,5.760611,1594
6747,0.0037106244675748426,3.164398,8.209373,3489
6748,0.002850236048466775,1.9092584,6.043633,2680
6749,0.001301749598254975,4.0265384,13.229327,1224
6750,0.00345218888556834,1.5087701,7.7912188,3246
6751,0.005535626355324464,1.0053554,4.2056885,5205
6752,0.00013932123968251773,1.510325,6.9743814,131
6753,0.021596919192617463,1.4306676,6.52197,20307
6754,0.0021685191428446843,2.6789746,12.243939,2039
6755,0.005940827823408734,1.7113127,7.5638776,5586
6756,4.2540836544280225e-06,0.8921242,0.98639125,4
6757,0.00025099093561125333,1.3799673,7.7357163,236
6758,0.0003371361296134208,0.9563064,3.9857018,317
6759,3.935027380345921e-05,1.000987,1.9006582,37
6760,0.0014229909824061736,2.8862793,8.224595,1338
6761,0.0027651543753782148,3.7392962,13.864492,2600
6762,0.002586482861892238,1.1616433,3.9116273,2432
6763,0.0013889583131707493,1.4491416,5.2147155,1306
6764,0.029982781596408704,1.5251462,5.2450757,28192
6765,0.0012794156590692277,1.2639836,5.961885,1203
6766,0.0013751325412938583,2.1897647,7.4883423,1293
6767,0.09085233756579206,1.3339076,7.716628,85426
6768,0.00027119783296978645,1.233828,4.896725,255
6769,0.0004466787837149424,1.4502146,7.60738,420
6770,0.020278153259744778,0.96329117,7.2491183,19067
6771,0.002272744192378171,1.5592716,8.683305,2137
6772,0.002989557288149293,1.4873667,5.867428,2811
6773,0.000945470092196628,1.1070279,6.162477,889
6774,0.005881270652246741,1.2316263,4.451579,5530
6775,0.0018388276596265128,2.802877,8.353993,1729
6776,0.0022291398349202837,3.5284212,11.9668255,2096
6777,0.0023057133406999882,3.29699,11.89479,2168
6778,0.002408874869319868,1.3634384,5.8434052,2265
6779,3.72232319762452e-05,0.82609916,1.9338218,35
6780,0.0019111470817517891,3.0322773,9.957126,1797
6781,0.0009018657347387407,1.4154716,6.2243667,848
6782,0.016514352746489585,1.5825645,4.1802754,15528
6783,3.403266923542418e-05,1.1061072,2.6673045,32
6784,0.000981629803259266,1.5064356,8.150323,923
6785,0.0009912014914817292,1.9145976,7.6698666,932
6786,0.00027438839571060743,1.1987057,4.777459,258
6787,0.009362174602482471,1.4507338,5.605239,8803
6788,0.0021344864736092604,1.8783624,7.6573043,2007
6789,0.017853325576720803,0.94534284,3.4924333,16787
6790,0.02315710437287894,2.366532,11.341566,21774
6791,8.189111034773943e-05,1.8593094,10.231977,77
6792,0.0017526824656243453,1.9832962,5.9332457,1648
6793,0.010533111128363784,1.9300036,8.096903,9904
6794,0.0004339165327516583,1.0506676,2.4875739,408
6795,6.487477573002735e-05,0.90424734,3.1555352,61
6796,0.0014112922523564966,1.8071924,9.008663,1327
6797,0.0010071543051858344,1.7357088,6.629247,947
6798,1.2762250963284067e-05,0.83802885,1.5492079,12
6799,0.00015633757430022984,0.9628986,2.8016694,147
6800,0.015725220228593184,3.3227916,11.661044,14786
6801,0.0021323594317820462,3.4401624,10.055958,2005
6802,0.01728327836702745,1.480267,8.409665,16251
6803,0.0006040798789287792,1.0203879,2.4625604,568
6804,1.5952813704105085e-05,0.82462585,1.73205,15
6805,1.0635209136070056e-06,1.234353,1.234353,1
6806,0.0010741561227430756,3.0192256,12.063337,1010
6807,0.0027151688924386855,1.3691916,4.823741,2553
6808,0.000955041780419091,2.0289483,7.027398,898
6809,0.0014155463360109245,1.3944852,6.519227,1331
6810,0.0006242867762873123,2.2409654,10.346129,587
6811,0.006838439474493046,1.3678705,5.2281284,6430
6812,0.0029363812424689426,1.7848694,7.736628,2761
6813,0.0014187368987517454,3.165572,9.565422,1334
6814,0.00023822868464796926,1.0613788,4.2746983,224
6815,0.004060522848151548,1.78068,6.8522644,3818
6816,0.0019207187699742522,1.642612,6.8000903,1806
6817,0.0017835245721189484,3.6344414,11.303611,1677
6818,0.00012655898871923366,1.5261585,8.984158,119
6819,0.05975817661466404,1.1888822,5.307702,56189
6820,0.00033181852504538575,1.4478482,7.1314087,312
6821,0.017351343705498297,2.0392609,9.885675,16315
6822,0.0006349219854233823,1.2775238,4.65867,597
6823,0.0056398514048579505,1.3662982,7.3371315,5303
6824,0.002831092672021849,1.5736294,7.050012,2662
6825,0.0006859709892765186,2.42285,13.153461,645
6826,0.0010986171037560368,1.3663253,11.497871,1033
6827,0.0009763121986912311,1.5072966,10.181134,918
6828,0.0052038078302790785,1.8329486,8.101702,4893
6829,0.00032437387865013673,1.1077557,4.083033,305
6830,0.0027587732498965726,2.3517187,6.616301,2594
6831,0.005593056484659242,1.4804149,6.8643394,5259
6832,0.0018728603288619369,2.0993772,8.451616,1761
6833,0.040874299272658045,1.5152482,6.658638,38433
6834,0.0010986171037560368,1.7837008,8.661279,1033
6835,0.0006870345101901256,1.3448846,8.186977,646
6836,2.6588022840175142e-05,0.93273836,1.7370187,25
6837,0.0030746389612378534,1.4181145,8.8804865,2891
6838,0.0025960545501147007,1.1516378,4.681056,2441
6839,0.0014229909824061736,1.5720781,7.0447593,1338
6840,0.0011932704650670603,1.6624985,7.781651,1122
6841,0.00027757895845142847,1.1195925,5.1638045,261
6842,0.00027864247936503547,1.7065629,8.518739,262
6843,0.00018186207622679796,1.3577313,6.463506,171
6844,0.016314410814731468,1.4477822,4.9479227,15340
6845,0.002216377583957,3.4871523,10.409815,2084
6846,0.0006104610044104212,1.5369982,9.462979,574
6847,5.3176045680350284e-05,0.89107007,2.6962962,50
6848,0.002673691576808012,1.7656064,6.78995,2514
6849,0.00016378222069547886,1.524822,5.3252444,154
6850,0.0027268676224883625,2.101229,6.358453,2564
6851,0.0013666243739850021,1.4059743,4.9651794,1285
6852,8.508167308856045e-05,0.7155914,2.1649866,80
6853,0.000581745939743032,1.6811773,6.356226,547
6854,0.005719615473378476,1.4554152,7.1189756,5378
6855,0.001878177933429972,3.0072463,9.690478,1766
6856,0.0014208639405789594,3.4230602,11.598959,1336
6857,0.0012028421532895234,2.116004,6.5023513,1131
6858,0.00017548095074515594,1.4279339,9.456688,165
6859,0.00018292559714040495,1.839108,10.772973,172
6860,0.0026120073638188058,2.1648004,6.093326,2456
6861,0.0029321271588145146,2.7904294,8.990936,2757
6862,0.0014485154843327417,1.6090571,5.8299594,1362
6863,0.003048050938397678,2.9211037,9.605975,2866
6864,0.0010752196436566827,1.6976175,8.134315,1011
6865,0.006788453991553517,1.5965711,5.9642196,6383
6866,0.0020036734012355987,2.4776,7.941773,1884
6867,0.0015601851802614774,2.6650786,9.588979,1467
6868,4.041379471706622e-05,1.3467584,5.103417,38
6869,0.002018562694026097,2.0226476,8.844211,1898
6870,0.002389731492874942,1.5947243,9.32131,2247
6871,0.001318765932872687,2.20927,8.176768,1240
6872,0.000580682418829425,1.3079982,5.78255,546
6873,0.004622061890536046,2.023688,7.7594137,4346
6874,0.005471815100508044,2.3723285,8.67053,5145
6875,0.000946533613110235,1.2359235,4.794155,890
6876,0.004786907632145132,1.0908537,4.501333,4501
6877,0.0013921488759115704,2.072506,6.5487094,1309
6878,0.00801256656311518,1.0432005,4.9380584,7534
6879,0.002054722405088735,2.5096533,8.765538,1932
6880,0.009648261728242754,1.7218039,7.5715065,9072
6881,0.0012368748225249475,1.763954,7.5270414,1163
6882,0.015484864502118003,1.4806665,6.4078765,14560
6883,0.0020153721312852757,2.84498,9.694178,1895
6884,0.0004030744262570551,1.5127631,7.025884,379
6885,0.006937346919458498,2.9466264,10.050621,6523
6886,0.03356791059617792,1.555564,5.894915,31563
6887,0.0010294882443715814,1.6634979,6.031925,968
6888,0.001714395712734493,1.7479165,6.4000025,1612
6889,0.0009986461378769782,1.2885054,8.918,939
6890,0.0025492596299159925,2.2353432,8.043572,2397
6891,0.0013644973321577881,1.3883168,4.674622,1283
6892,0.001334718746576792,1.4539101,5.5199213,1255
6893,0.0013442904347992551,3.3867044,11.792722,1264
6894,5.7430129334778304e-05,1.5230418,7.707861,54
6895,0.0012592087617106947,1.5753771,7.5129237,1184
6896,0.00010422504953348655,2.1828432,10.884476,98
6897,0.0008199746243910014,1.8253069,7.4154286,771
6898,0.005172965723784476,3.7943647,12.522867,4864
6899,0.0010465045789892935,1.527521,5.9047,984
6900,0.0021982977284256805,1.2566344,4.5665092,2067
6901,0.003601081813473321,3.3682072,10.442256,3386
6902,0.0019590055228641042,1.3549416,6.251622,1842
6903,0.0015038185718403059,1.8252602,7.551646,1414
6904,0.000562602563298106,1.5886574,5.4768023,529
6905,0.006448127299199275,1.3853372,5.2191277,6063
6906,0.0005158076430993977,1.9024776,7.612238,485
6907,0.005708980264242406,1.5799785,6.4025946,5368
6908,0.0020600400096567697,3.1329627,9.87116,1937
6909,0.00076360801596983,1.0628985,4.2255845,718
6910,0.004157303251289785,1.8222748,6.265872,3909
6911,0.002389731492874942,1.6247034,8.158537,2247
6912,0.05800336710721248,2.1691017,9.175256,54539
6913,0.0006976697193261957,1.9787022,7.0153885,656
6914,0.006381125481642034,1.7510563,7.5117,6000
6915,0.002841727881157919,1.8974817,6.929631,2672
6916,0.0007870054760691842,1.5815771,5.931237,740
6917,0.004096682559214185,4.119013,9.513606,3852
6918,0.00095185121767827,1.553092,8.135071,895
6919,0.0009125009438748108,1.4511931,8.147615,858
6920,0.00031054810677324564,1.2667787,4.487511,292
6921,2.5524501926568134e-05,0.93929136,1.7248217,24
6922,0.00019781488993090305,1.3153709,6.1263075,186
6923,0.0035649221024106827,3.3330615,14.588784,3352
6924,0.0030395427710888222,2.636795,10.809343,2858
6925,0.1744450813753027,2.1948602,12.147253,164026
6926,0.0026162614474732337,2.435388,8.0775385,2460
6927,0.008560279833622788,2.4026527,8.737519,8049
6928,0.02755050926698948,0.7968889,2.696749,25905
6929,0.009558925971499767,34.89862,62.712254,8988
6930,0.16143715708097542,2.2818851,9.063993,151795
6931,0.001143284982127531,1.2687753,6.2351403,1075
6932,0.0030820836076331025,2.2613275,10.032919,2898
6933,0.0021387405572636884,2.2931054,9.122068,2011
6934,0.002104707888028264,1.5339056,5.928207,1979
6935,0.0014378802751966715,3.417618,13.174316,1352
6936,7.338294303888339e-05,1.3358517,4.7873235,69
6937,0.0023227296753177,1.4834489,9.160409,2184
6938,0.00263540482391816,2.621825,7.202497,2478
6939,0.0020515318423479137,2.216331,8.281809,1929
6940,0.0019398621464191783,3.1793735,9.738535,1824
6941,0.006742722592268415,2.0966146,7.1050634,6340
6942,1.1698730049677062e-05,1.1557161,2.2377365,11
6943,0.00056472960512532,1.2870911,4.976989,531
6944,0.009286664617616373,1.4326557,6.315077,8732
6945,0.0014261815451469945,2.1506987,7.778706,1341
6946,0.0002680072702289654,1.7214158,6.7892046,252
6947,0.0015931543285832945,2.4881825,7.746275,1498
6948,0.0018101125949591236,3.3305652,9.224003,1702
6949,0.0005434591868531799,1.6722759,8.326786,511
6950,0.0012794156590692277,1.429726,5.656938,1203
6951,0.00037542288250327297,1.5098476,6.2125154,353
6952,0.0018558439942442247,1.5463268,5.6905994,1745
6953,1.1698730049677062e-05,1.0905956,2.5194037,11
6954,0.0024312088085056147,3.389693,10.5589485,2286
6955,0.0017548095074515593,3.391956,10.766643,1650
6956,0.0031458948624495226,3.237479,9.611713,2958
6957,0.005381415822851448,1.7289301,7.833254,5060
6958,0.0013719419785530372,2.2900035,10.136016,1290
6959,0.0005285698940626817,1.4333023,6.4508805,497
6960,0.0007051143657214447,1.378016,5.7234616,663
6961,0.002236584481315533,3.4708054,10.0578985,2103
6962,0.003366043691566173,2.0595179,8.454323,3165
6963,0.0035085554939895116,2.0872269,7.5512743,3299
6964,0.0009071833393067758,1.3225038,4.725237,853
6965,0.000952914738591877,1.5158505,7.714155,896
6966,0.0008061488525141102,1.5602134,6.161863,758
6967,0.0007742432251059,1.445374,5.179696,728
6968,0.034084781760190926,3.5554395,7.398466,32049
6969,0.027189975677276705,0.7768559,2.3388119,25566
6970,0.0010550127462981495,1.4916832,5.7651205,992
6971,0.0004924101830000436,1.3980389,5.3253655,463
6972,0.0031894992199074097,1.0237396,4.989224,2999
6973,0.0021791543519807544,2.018286,6.1179113,2049
6974,0.0029353177215553357,2.6103463,8.682226,2760
6975,0.009654642853724396,2.8994107,9.135567,9078
6976,0.0028810781549613784,1.5068636,6.1427717,2709
6977,0.0008082758943413243,1.6877398,8.496547,760
6978,0.0016654737507085708,2.3254533,9.963119,1566
6979,0.005623898591153846,1.1079227,4.2197633,5288
6980,0.0003998838635162341,1.094304,5.5863986,376
6981,0.0020717387397064468,2.312263,9.799066,1948
6982,0.00023716516373436226,1.5929149,5.657023,223
6983,1.2762250963284067e-05,0.99214464,2.1210914,12
6984,0.0023876044510477276,2.5726805,7.6823306,2245
6985,5.849365024838531e-05,0.98294044,3.039632,55
6986,0.005873826005851492,1.812185,8.54196,5523
6987,0.00812955386361195,1.5421529,5.115719,7644
6988,0.0023610164282075524,3.716501,12.88366,2220
6989,0.002492893021494821,1.0969378,4.415141,2344
6990,0.0019345445418511432,3.1834135,12.414251,1819
6991,0.0033596625660845306,3.4309466,11.11405,3159
6992,0.03713070565676139,1.5923795,6.231569,34913
6993,0.005060232506942133,1.2378657,5.1152105,4758
6994,0.000193560806276475,1.3350145,6.5271964,182
6995,0.0010145989515810833,1.2025738,8.375903,954
6996,8.508167308856045e-05,0.8810585,2.0749083,80
6997,0.0004169001981339462,1.6781352,7.292562,392
6998,0.0004392341373196933,0.87126875,2.589145,413
6999,0.000981629803259266,1.6513896,7.375465,923
7000,0.0027896153563911757,2.885579,8.043605,2623
7001,0.0002446098101296113,1.9777142,8.85763,230
7002,3.1905627408210167e-06,1.9581081,2.6419709,3
7003,0.0008252922289590363,1.1088032,3.5173326,776
7004,0.0005168711640130047,1.5666125,6.950055,486
7005,0.0017526824656243453,1.3954933,6.004031,1648
7006,0.0017643811956740223,1.8511695,7.9926596,1659
7007,0.00012124138415119864,1.1530075,2.7914562,114
7008,0.005078312362473452,1.2101897,3.9093256,4775
7009,0.0002307840382527202,1.6188458,8.462231,217
7010,6.381125481642033e-06,1.0334076,1.8728014,6
7011,0.006559796995128011,2.1240647,16.090546,6168
7012,0.0038616444373070374,2.14739,9.545294,3631
7013,0.0015612487011750842,1.6018901,8.131227,1468
7014,0.00011698730049677062,1.2417216,5.3249927,110
7015,0.0009656769895551611,1.99525,7.145077,908
7016,0.0023195391125768795,1.6993093,7.1347413,2181
7017,0.0004551869510237984,1.6179838,6.6665707,428
7018,0.0017803340093781274,1.8184336,8.970023,1674
7019,0.0021834084356351824,2.7740505,9.993439,2053
7020,0.0030884647331147442,2.0595832,7.780229,2904
7021,0.00016271869978187186,1.2030637,5.168048,153
7022,0.0011996515905487023,1.2600633,5.2080345,1128
7023,0.10609046521595324,2.24042,9.585524,99754
7024,0.002808758732836102,2.5392761,10.689766,2641
7025,0.00011805082141037762,0.84241843,3.4766147,111
7026,0.0019558149601232836,1.40108,4.510994,1839
7027,0.0011943339859806672,2.009756,8.22475,1123
7028,0.003163974717980842,2.7085474,10.141873,2975
7029,0.002247219690451603,2.5791576,7.95483,2113
7030,0.0006647005710043785,1.2671317,5.1148324,625
7031,0.00032437387865013673,1.1465222,3.654462,305
7032,0.0008082758943413243,1.6109297,6.6677403,760
7033,0.0009327078412333439,1.6693374,7.9379663,877
7034,2.446098101296113e-05,1.1453894,2.7419019,23
7035,0.0006551288827819154,1.4283644,8.778877,616
7036,0.0010284247234579745,1.5641567,8.168588,967
7037,0.027601558270842617,2.016353,7.6912556,25953
7038,1.0635209136070056e-06,0.8510453,0.8510453,1
7039,0.0007295753467344058,1.6238868,6.9280105,686
7040,0.06689440194496704,1.3565414,5.0446763,62899
7041,0.001693125294462353,2.020028,7.95529,1592
7042,0.0033118041249722155,1.7376631,7.4703364,3114
7043,0.0007912595597236122,2.0028746,7.100314,744
7044,0.004676301457130004,1.2397671,4.7458596,4397
7045,0.0023216661544040933,2.6129115,10.239009,2183
7046,0.0013379093093176132,1.3457284,5.247691,1258
7047,0.0072893723418624165,1.0779735,3.4912827,6854
7048,0.0027332487479700043,2.4045737,7.415328,2570
7049,0.0012028421532895234,1.634238,6.0389843,1131
7050,0.0045625047193740545,2.9177449,8.686813,4290
7051,4.892196202592226e-05,0.7363243,1.4587337,46
7052,0.0004849655366047946,1.3322725,7.1834054,456
7053,0.0022302033558338906,2.7365065,10.361013,2097
7054,0.004359372224875116,1.7115467,7.0261855,4099
7055,0.0011528566703499941,3.1222513,12.735641,1084
7056,0.004017982011607267,0.998075,3.3823664,3778
7057,0.00039882034260262713,0.9822478,3.4475865,375
7058,0.0025301162534710664,1.9390284,8.258239,2379
7059,0.004468914878976638,1.3559086,6.225713,4202
7060,0.0005976987534471372,1.5364243,4.610961,562
7061,0.0003945662589481991,1.6255858,7.5961885,371
7062,0.002326983758972128,2.6994994,8.9328785,2188
7063,0.0014208639405789594,1.4543017,5.7811036,1336
7064,0.0003020399394643896,1.7227588,9.028013,284
7065,0.0033022324367497527,2.708376,8.461083,3105
7066,0.0055994376101408845,2.2077165,11.540115,5265
7067,0.001159237795831636,2.799705,9.072427,1090
7068,0.002117470138991548,1.8504978,10.500533,1991
7069,0.0008072123734277173,1.929861,8.586219,759
7070,0.0012517641153154456,1.5661688,8.815799,1177
7071,0.0009582323431599121,1.874138,7.9708576,901
7072,0.0006285408599417403,1.377231,5.42848,591
7073,0.0,0.0,0.0,0
7074,0.0030703848775834254,1.3659896,6.1023855,2887
7075,0.003206515554525122,1.7402074,8.925339,3015
7076,0.002701343120561794,2.967352,8.095697,2540
7077,0.00014251180242333874,0.83821905,1.8444211,134
7078,0.0025481961090023856,1.5041825,5.5870275,2396
7079,0.0013932123968251773,2.495656,9.167085,1310
7080,0.0008167840616501803,0.9959216,3.925317,768
7081,0.0011326497729914609,1.5547233,6.3431873,1065
7082,0.007261720798108634,1.875626,11.449501,6828
7083,0.01259846874258859,2.8625734,10.900953,11846
7084,0.007143669976698257,2.9515936,13.652286,6717
7085,0.0019239093327150733,3.4882627,10.909454,1809
7086,0.005548388606287749,1.2299795,5.325743,5217
7087,0.0007178766166847288,1.2110554,4.466982,675
7088,0.0001712268670907279,0.9439748,2.7610965,161
7089,0.0008954846092570988,1.9593163,7.2949076,842
7090,0.008242287080454293,1.086595,4.2730174,7750
7091,4.041379471706622e-05,0.8230727,1.2176961,38
7092,0.0036202251899182473,1.3859217,6.1069384,3404
7093,0.0012751615754147997,1.4701594,10.117143,1199
7094,0.023947300411688945,2.0368476,11.720502,22517
7095,0.0018250018877496216,3.7286515,10.046705,1716
7096,0.00266731045132637,1.4161395,6.857697,2508
7097,0.006287535641244618,1.2085398,4.8114114,5912
7098,6.700181755724135e-05,0.9515239,2.415007,63
7099,0.0044295646051731785,0.988189,4.405615,4165
7100,0.0036680836310305624,1.8668795,9.504914,3449
7101,0.00908565916494465,38.005276,73.00695,8543
7102,0.0024748131659635022,3.1359208,9.5759115,2327
7103,0.0024312088085056147,2.539202,11.181639,2286
7104,0.013157880743145873,1.2734617,6.1896462,12372
7105,0.00011805082141037762,2.0211842,8.617528,111
7106,0.0185818374025416,1.0254203,3.6482837,17472
7107,0.09509578601108401,1.0669856,12.519126,89416
7108,0.012971764583264647,1.0210508,3.353783,12197
7109,0.004573139928510124,1.6271633,7.226312,4300
7110,0.0009805662823456592,1.4533815,7.6589737,922
7111,0.029623311527609535,1.0331404,4.176521,27854
7112,0.008568788000931644,1.4507525,5.3286724,8057
7113,0.002487575416926786,3.6179113,11.608373,2339
7114,4.2540836544280225e-06,1.7679856,2.7432623,4
7115,0.002251473774106031,2.856301,9.326866,2117
7116,0.0002467368519568253,2.0362408,7.179451,232
7117,0.005460116370458367,1.9085604,6.612678,5134
7118,0.0004488058255421564,1.4301089,5.482944,422
7119,0.002267426587810136,1.7812012,6.5686193,2132
7120,0.000579618897915818,1.5748639,10.814431,545
7121,0.004488058255421564,1.8363439,7.2436924,4220
7122,0.00044242470006051435,1.7071146,8.198903,416
7123,0.002639658907572588,2.1845555,8.340299,2482
7124,0.002156820412795007,1.7067966,9.73601,2028
7125,0.0021759637892399333,3.509421,12.462116,2046
7126,0.0,0.0,0.0,0
7127,0.0001137967377559496,2.114111,10.451014,107
7128,0.003753165304119123,2.8100457,10.124715,3529
7129,0.006558733474214404,1.8630393,8.458639,6167
7130,0.003211833159093157,1.5749604,6.2702885,3020
7131,0.0034543159273955544,1.979872,8.211784,3248
7132,0.0008135934989093593,1.6580043,7.301461,765
7133,0.005358018362752094,1.8119004,7.7674723,5038
7134,0.003543651684138543,1.2641224,5.4803376,3332
7135,0.0018281924504904427,2.0367937,7.3598475,1719
7136,0.000378613445244094,1.8553462,8.729265,356
7137,0.0009412160085422,1.8940158,12.592308,885
7138,0.00017441742983154891,2.0796716,9.773017,164
7139,0.0007221307003391569,1.4788027,6.992738,679
7140,0.0013379093093176132,3.9463015,13.333073,1258
7141,0.10690086815212178,1.8513901,10.552516,100516
7142,0.0012889873472916908,1.3633252,4.715172,1212
7143,0.0019334810209375361,3.4024215,12.094721,1818
7144,0.0006593829664363435,1.6543927,6.158568,620
7145,0.00021695826637582914,1.4148341,7.406275,204
7146,0.0022174411048706067,2.1381257,7.043284,2085
7147,0.007598856927722056,2.314013,8.95229,7145
7148,0.005315477526207814,2.7969747,10.022703,4998
7149,0.016567528792169935,2.5693007,10.184547,15578
7150,0.002299332215218346,1.3197024,4.563329,2162
7151,0.003774435722391263,2.807544,8.789181,3549
7152,0.00046263159741904747,1.2321967,5.29147,435
7153,0.007307452197393736,1.2073601,6.827519,6871
7154,0.003744657136810267,2.9361944,9.139452,3521
7155,0.0062290419909962315,1.0704598,3.9897313,5857
7156,1.2762250963284067e-05,1.3565793,3.1655195,12
7157,1.3825771876891073e-05,1.6947536,4.419861,13
7158,0.0017250309218705632,3.053411,9.229367,1622
7159,0.001304940160995796,1.4224424,4.961967,1227
7160,0.0068820438319509335,1.5021973,6.1205506,6471
7161,3.935027380345921e-05,0.8103675,1.7494378,37
7162,0.014407517816634106,2.055742,9.729946,13547
7163,0.0036797823610802394,2.7276511,9.176633,3460
7164,0.0036765917983394183,2.1830251,6.900461,3457
7165,9.997096587905853e-05,0.90606046,1.9101931,94
7166,0.0004764573692959385,1.469845,5.097132,448
7167,3.403266923542418e-05,0.70499885,1.5049812,32
7168,0.0008848494001210287,1.1100273,5.14231,832
7169,0.0003637241524535959,1.5094253,8.434634,342
7170,0.00022546643368468518,2.0379095,6.3462815,212
7171,0.0006636370500907715,1.4634161,5.5325713,624
7172,0.003278834976650398,1.2852255,5.928737,3083
7173,0.0015197713855444111,1.4444017,10.531297,1429
7174,0.0015293430737668742,2.991033,10.559391,1438
7175,0.02280933303412945,1.7105017,9.8846655,21447
7176,0.0036946716538707376,4.8815827,12.71863,3474
7177,0.0025747841318425604,3.0851102,10.358152,2421
7178,0.001507009134581127,3.2102966,11.608217,1417
7179,0.0010018367006177993,2.842741,12.803586,942
7180,0.00015527405338662282,1.4295429,6.794477,146
7181,8.189111034773943e-05,1.1528646,4.3678107,77
7182,0.0010773466854838967,1.780436,8.404059,1013
7183,0.0008710236282441377,1.495242,5.9344535,819
7184,0.0006062069207559932,1.5970825,8.110619,570
7185,1.3825771876891073e-05,0.6987759,1.0308099,13
7186,0.020413220415772867,1.2059457,5.2598643,19194
7187,0.003172482885289698,1.4659711,9.627584,2983
7188,0.0007263847839935848,1.384895,5.766445,683
7189,2.5524501926568134e-05,0.7899084,1.2396821,24
7190,0.007117081953858082,1.0046406,4.0195284,6692
7191,0.0012017786323759163,1.3476753,8.199342,1130
7192,0.002690707911425724,1.7123066,7.632428,2530
7193,0.0003179927531684947,1.3716077,6.477216,299
7194,0.0001701633461771209,1.7875205,9.576465,160
7195,0.0024184465575423308,1.3132186,6.160941,2274
7196,0.0007093684493758727,1.8368856,7.55307,667
7197,0.0007210671794255498,2.2780735,10.412774,678
7198,0.002721550017920327,1.400676,5.536861,2559
7199,0.0016697278343629988,2.0343525,10.381451,1570
7200,0.0028236480256266,3.8839114,11.164123,2655
7201,0.0020196262149397037,1.3636585,6.11245,1899
7202,0.0019207187699742522,1.1707166,5.318572,1806
7203,0.0005551579169028569,1.5069796,5.778241,522
7204,0.001885622579825221,1.3707514,7.012256,1773
7205,0.0011762541304493482,1.3009794,5.8422403,1106
7206,0.0016271869978187186,2.0319867,8.358815,1530
7207,0.0008827223582938147,1.8515962,9.690043,830
7208,0.0007029873238942307,1.3639838,6.5217495,661
7209,0.0016633467088813568,3.3374844,9.864221,1564
7210,0.0018537169524170108,3.506957,11.211797,1743
7211,0.0018313830132312638,2.0898306,8.168513,1722
7212,0.0009263267157517019,2.6087348,11.8606415,871
7213,0.0018356370968856917,2.4734209,7.9814653,1726
7214,5.849365024838531e-05,1.0270791,2.4516542,55
7215,0.0038701526046158933,5.8569283,14.36598,3639
7216,0.11994920624116613,1.51024,9.019483,112785
7217,0.000744464639524904,1.6816981,5.41674,700
7218,0.0006763993010540555,1.8583204,7.313227,636
7219,0.0004030744262570551,1.6547058,7.5074234,379
7220,1.8079855531319095e-05,0.84918725,1.7020245,17
7221,0.0005923811488791021,1.3436964,8.70494,557
7222,0.0017930962603414115,2.7730708,8.734444,1686
7223,0.0028576806948620243,4.2957845,10.324476,2687
7224,0.00014782940699137377,1.0376686,3.9466834,139
7225,0.0009635499477279471,1.5894296,8.3940935,906
7226,0.01159982260471161,2.298006,10.810605,10907
7227,0.00529208006610846,2.228669,9.201555,4976
7228,0.0020079274848900266,2.7519586,10.5299015,1888
7229,0.0006072704416696002,1.4284999,3.9923978,571
7230,0.0006327949435961683,1.5283104,6.1900163,595
7231,0.00483370255234384,2.6389544,9.278583,4545
7232,0.0001499564488185878,2.4019475,8.064381,141
7233,0.10520242525309138,1.2607771,5.6519947,98919
7234,0.007610555657771733,2.2787926,10.957302,7156
7235,0.005453735244976725,1.5038097,5.997284,5128
7236,0.00016165517886826487,1.670727,7.762543,152
7237,0.013104704697465523,2.1541398,11.724994,12322
7238,0.002104707888028264,2.3861713,6.930335,1979
7239,0.0010688385181750408,1.211695,6.554199,1005
7240,0.00323204005645169,2.0477726,9.602865,3039
7241,0.0019760218574818166,1.5162967,6.395318,1858
7242,0.0018324465341448706,1.5069784,6.217362,1723
7243,0.002112152534423513,2.5505087,6.713709,1986
7244,0.0011581742749180292,3.2090776,10.561821,1089
7245,0.004008410323384805,3.9423916,10.448007,3769
7246,0.001866479203380295,1.648609,7.5692306,1755
7247,0.006142896796994065,1.2562101,5.954481,5776
7248,0.0007763702669331141,1.3969527,5.0399156,730
7249,0.00019143376444926102,1.6529504,6.577535,180
7250,0.020956679602626045,1.754809,8.385051,19705
7251,0.0032852161021320403,1.7752705,6.361435,3089
7252,0.0023206026334904864,2.8172584,8.478277,2182
7253,0.0009082468602203828,1.5912097,7.196146,854
7254,0.003708497425747629,3.0359924,7.921086,3487
7255,0.0012092232787711654,2.0313022,9.114453,1137
7256,0.0019696407320001744,4.0138755,11.931132,1852
7257,0.001682490085326283,1.8189361,6.734715,1582
7258,0.0002626896656609304,1.2174327,3.938531,247
7259,0.003563858581497076,1.9282603,7.8968244,3351
7260,0.0077137171863916115,1.2716662,3.933264,7253
7261,0.0009795027614320521,1.6690856,10.5934105,921
7262,0.0030959093795099933,1.9434456,8.731754,2911
7263,0.02265937658531086,1.1811826,4.5823803,21306
7264,0.00022121235003025718,1.4849929,5.6577706,208
7265,0.0030714483984970323,1.174293,4.395098,2888
7266,0.0023461271354170542,1.479601,6.235759,2206
7267,0.0007114954912030868,1.2075938,7.9138474,669
7268,3.1905627408210167e-06,0.8102115,0.99890584,3
7269,0.0017611906329332012,3.9836898,10.294488,1656
7270,0.0013591797275897533,2.1195376,11.507954,1278
7271,0.0006721452173996276,1.4674094,5.8685966,632
7272,0.001892003705306863,1.460793,6.4649596,1779
7273,0.02531286126476034,1.4690772,8.767386,23801
7274,0.0009135644647884178,1.8055615,8.255287,859
7275,0.00027970600027864246,1.6397874,9.010704,263
7276,0.00306506727301539,1.2937996,5.163439,2882
7277,0.007590348760413199,1.646279,12.141074,7137
7278,0.002104707888028264,2.2563558,7.692993,1979
7279,0.003413902132678488,1.1377198,5.282237,3210
7280,1.0635209136070057e-05,1.2720318,2.6028607,10
7281,0.00041370963539312516,1.8187999,7.743201,389
7282,0.0006296043808553473,1.762941,7.6745005,592
7283,7.444646395249039e-06,0.75125146,1.0557134,7
7284,3.296914832181717e-05,0.7922063,1.6775523,31
7285,0.0033500908778620678,1.6002116,5.986328,3150
7286,0.004385960247715291,1.6426431,7.0043287,4124
7287,0.0036882905283890954,1.6033168,5.3881187,3468
7288,0.0007987042061188613,1.7885511,8.791235,751
7289,0.0019568784810368904,1.9244037,6.286094,1840
7290,0.005360145404579309,2.2745907,6.4108834,5040
7291,0.00027757895845142847,1.2688614,4.5055327,261
7292,0.0029789220790132228,1.7418823,7.535114,2801
7293,0.11715746384294774,4.3717246,12.624353,110160
7294,0.0007753067460195071,1.2801421,5.7853594,729
7295,0.0007253212630799778,1.2172836,6.1786284,682
7296,0.002315285028922451,1.6891855,5.835176,2177
7297,0.004471041920803852,1.4550791,6.1506124,4204
7298,0.00030948458585963864,2.0068445,7.7173767,291
7299,0.00010741561227430756,1.1608421,5.915419,101
7300,0.008592185461030999,1.1824301,6.613493,8079
7301,0.002043023675039058,1.3328921,5.253808,1921
7302,0.0040456335553610496,1.7908943,9.343351,3804
7303,0.002797060002786425,4.02989,11.970444,2630
7304,0.004826257905948592,1.431368,6.1918144,4538
7305,0.012113503205983794,2.787186,9.805996,11390
7306,0.033509416945929536,0.8020438,2.5456178,31508
7307,0.0022014882911665016,3.455471,9.797581,2070
7308,0.0016069801004601856,1.4248132,4.5643606,1511
7309,0.001706951066339244,2.2931962,7.8524213,1605
7310,0.0024354628921600427,3.128782,9.7795925,2290
7311,0.002311030945268023,2.6132536,9.329516,2173
7312,0.013222755518875902,1.5155671,7.027924,12433
7313,0.0031246244441773827,1.5367777,7.578255,2938
7314,0.001123078084768998,1.229205,5.853285,1056
7315,0.00018079855531319097,1.791217,7.6415753,170
7316,0.0012485735525746245,3.0264792,8.706707,1174
7317,0.02454287212330887,1.4312862,6.740035,23077
7318,0.002489702458754,1.4332775,6.9249496,2341
7319,0.0032054520336115147,2.686288,9.232334,3014
7320,0.001127332168423426,1.2298988,7.76926,1060
7321,0.00025630854017928836,1.4284921,5.846178,241
7322,0.0027119783296978644,1.7276884,4.8986745,2550
7323,0.002899158010492697,2.6092029,8.401877,2726
7324,0.0011028711874104648,1.3561767,6.790866,1037
7325,0.0007689256205378651,1.5211934,11.81289,723
7326,0.0018292559714040498,3.7390878,10.180111,1720
7327,0.011193557615713735,2.5595183,10.871869,10525
7328,0.0004551869510237984,1.1137639,4.6193366,428
7329,0.0007880689969827912,1.5519642,7.3178735,741
7330,0.0013485445184536831,1.274607,3.9472933,1268
7331,0.0020196262149397037,3.4647675,10.782434,1899
7332,0.0006912885938445537,1.4490904,10.978083,650
7333,0.004854972970615981,2.3602114,8.669639,4565
7334,0.03619587077370083,2.0297203,7.584615,34034
7335,0.0021504392873133655,2.412533,10.612659,2022
7336,0.0014240545033197805,3.0099473,10.63507,1339
7337,0.0015357241992485162,2.142563,8.887568,1444
7338,0.0017984138649094466,1.2587509,9.0130205,1691
7339,0.0036797823610802394,2.0096264,8.51752,3460
7340,0.04214839732715924,1.4156432,6.0470843,39631
7341,0.0008742141909849586,1.5048276,5.118878,822
7342,0.00024141924738879027,1.3218815,5.7923126,227
7343,0.0009965190960497642,1.2564126,5.017511,937
7344,0.00012124138415119864,1.7025551,5.8851147,114
7345,0.0024078113484062606,1.8584254,7.6682425,2264
7346,0.0036936081329571307,1.1855898,5.377169,3473
7347,0.001680363043499069,2.6532505,7.790596,1580
7348,0.004835829594171054,2.7008827,7.6221857,4547
7349,0.009114374229612037,1.7863042,7.1901894,8570
7350,0.05482875718009557,1.1077093,5.3088827,51554
7351,0.0010911724573607878,1.6059041,7.355414,1026
7352,0.0009316443203197369,1.5693839,11.358702,876
7353,0.0031256879650909896,1.7808396,7.4829803,2939
7354,0.0003254373995637437,1.8191072,9.432377,306
7355,0.0030905917749419584,1.2239275,3.8130193,2906
7356,0.003258628079291865,2.3022926,8.186283,3064
7357,0.0008561343354536395,1.7728529,6.76339,805
7358,0.0008869764419482427,1.8596326,5.281866,834
7359,0.0005594120005572849,1.8199513,10.9923935,526
7360,0.003191626261734624,1.8776506,7.5202303,3001
7361,0.0025535137135704205,2.4606688,9.635581,2401
7362,0.0017431107774018822,1.2609512,4.1962876,1639
7363,0.07680854390161156,1.0492955,5.7022333,72221
7364,0.0018420182223673337,2.478874,9.80166,1732
7365,0.0026970890369073662,1.7035757,10.123511,2536
7366,0.001889876663479649,3.3909378,12.401044,1777
7367,0.007356374159419658,1.4499376,7.969507,6917
7368,0.0035447152050521497,2.709417,9.554846,3333
7369,0.009716327066713604,1.0131767,4.7864017,9136
7370,0.0026992160787345804,3.4497495,10.811989,2538
7371,0.0007859419551555772,1.5339144,9.133403,739
7372,0.008894225400495387,1.5092807,6.3322625,8363
7373,0.0005913176279654951,3.0835617,8.941855,556
7374,0.0027066607251298295,1.3132782,5.3894525,2545
7375,0.0012219855297344495,1.7907634,8.080954,1149
7376,0.0027077242460434364,1.6456463,9.692721,2546
7377,0.00033926317144063477,1.6136942,6.4752655,319
7378,0.0011783811722765622,1.5593686,5.6437254,1108
7379,0.004691190749920502,2.450883,8.37637,4411
7380,0.0053367479444799545,1.8564639,7.432685,5018
7381,0.0015952813704105085,3.8915348,11.71236,1500
7382,2.1270418272140114e-05,1.1494461,2.0843503,20
7383,0.009234552092849629,27.769672,50.13103,8683
7384,8.082758943413243e-05,1.5876601,5.2534013,76
7385,6.381125481642034e-05,1.3230453,5.583238,60
7386,0.03493453497016292,1.017624,3.649812,32848
7387,0.0024141924738879028,1.639507,5.670613,2270
7388,0.0037212596767109128,1.6176953,6.3118587,3499
7389,0.0005828094606566391,1.4271375,8.077805,548
7390,0.002295078131563918,2.0776887,7.484869,2158
7391,0.0017409837355746682,1.3725045,5.3457966,1637
7392,0.003563858581497076,3.7379704,11.653347,3351
7393,0.007880689969827912,1.54214,7.120679,7410
7394,0.0023450636145034474,4.1037593,11.578164,2205
7395,0.0002828965630194635,1.2572247,5.415213,266
7396,0.001157110754004422,3.2891054,12.210016,1088
7397,0.002473749645049895,3.9367259,11.154197,2326
7398,0.0006838439474493046,1.5887146,11.849478,643
7399,0.005652613655821235,2.5976553,10.918452,5315
7400,0.0076530964943160125,2.7002995,13.337702,7196
7401,8.401815217495345e-05,0.7326586,1.498606,79
7402,0.0007391470349568689,1.610828,6.756164,695
7403,0.0005211252476674328,1.07371,4.903669,490
7404,0.0009146279857020249,1.6280657,5.5248055,860
7405,0.00035521598514473985,1.2142825,5.0551567,334
7406,0.0010103448679266553,1.6666158,5.502221,950
7407,7.338294303888339e-05,0.9758498,3.1456969,69
7408,0.0033064865204041807,2.1966636,7.347546,3109
7409,0.00038924865438016407,1.4777923,6.7488585,366
7410,0.0036829729238210605,3.1981997,8.358721,3463
7411,0.0021834084356351824,1.3509297,4.844337,2053
7412,0.00038712161255295,1.6934948,10.210264,364
7413,0.004719905814587891,3.5437863,9.899431,4438
7414,0.00324267526558776,2.355528,9.281164,3049
7415,0.0012081597578575585,1.4447154,4.938104,1136
7416,0.0002520544565248603,1.459863,4.810635,237
7417,0.0017611906329332012,1.7942549,6.218217,1656
7418,0.0023907950137885487,3.003332,9.809849,2248
7419,0.0005445227077667869,1.420406,4.5433702,512
7420,0.0021078984507690852,0.9905491,3.2917285,1982
7421,0.0009614229059007331,1.9181541,9.332758,904
7422,0.0005104900385313627,1.3217404,4.017081,480
7423,0.0061939458008472,1.657139,8.172789,5824
7424,0.0017845880930325553,1.1199855,4.3147655,1678
7425,0.00011592377958316362,0.7098245,2.1016786,109
7426,0.0020281343822485596,2.892165,11.199137,1907
7427,0.0018792414543435788,2.3181634,7.637989,1767
7428,0.005591992963745636,1.590674,5.8214087,5258
7429,0.0018164937204407656,1.6859643,5.5674953,1708
7430,0.005987622743607442,1.3714318,5.4969077,5630
7431,1.0635209136070056e-06,1.0441642,1.0441642,1
7432,0.004842210719652696,1.9015423,9.256708,4553
7433,0.0022493467322788167,1.6849343,6.937074,2115
7434,0.04790523603251396,1.4847282,6.9688835,45044
7435,0.000380740487071308,1.3856709,5.1072845,358
7436,0.002661992846758335,2.193789,7.3810425,2503
7437,0.0004849655366047946,1.3710263,5.811309,456
7438,0.00358725604159643,4.2563887,9.959424,3373
7439,0.0005126170803585767,1.0729442,3.3437607,482
7440,0.00016271869978187186,1.0960915,4.017688,153
7441,0.00035521598514473985,1.6103876,5.989396,334
7442,0.0021472487245725444,3.0630248,9.771927,2019
7443,0.0012868603054644768,1.6503384,5.534741,1210
7444,0.005147441221857907,2.8139906,15.703638,4840
7445,0.008082758943413242,1.301894,4.141632,7600
7446,0.001998355796667564,2.739087,9.603689,1879
7447,0.001159237795831636,1.5749334,7.5739098,1090
7448,0.006897996645655038,2.7440112,12.938732,6486
7449,0.002583292299151417,3.2001429,9.831534,2429
7450,0.005027263358620315,2.00917,6.035226,4727
7451,0.0019441162300736063,1.6749134,6.4821873,1828
7452,0.03855795072282199,2.3354824,11.721598,36255
7453,0.004383833205888078,1.8733639,7.608879,4122
7454,0.0015665663057431193,1.4091421,5.4832773,1473
7455,0.002270617150550957,1.8519534,5.810289,2135
7456,1.2762250963284067e-05,0.85012263,1.5288389,12
7457,0.003603208855300535,1.8658895,8.635184,3388
7458,6.274773390281333e-05,2.7167144,7.82433,59
7459,0.009045245370227583,1.0960851,4.732618,8505
7460,0.0008348639171814994,2.8106878,9.512426,785
7461,0.0029257460333328724,2.3376994,10.281737,2751
7462,0.0003360726086998138,1.3239329,4.5147285,316
7463,0.001141157940300317,1.8814416,8.612999,1073
7464,0.004273227030872948,1.8089676,7.048084,4018
7465,0.013050465130871566,1.995083,8.667729,12271
7466,0.0003435172550950628,1.4597359,5.26578,323
7467,0.0002807695211922495,1.2573673,5.787737,264
7468,9.46533613110235e-05,0.7688578,2.9044793,89
7469,0.0019239093327150733,2.5148666,11.627373,1809
7470,0.0008423085635767485,1.4804314,6.1533356,792
7471,0.00016165517886826487,0.78766686,1.7824552,152
7472,0.004966642666544716,1.3040742,3.9771996,4670
7473,0.0024110019111470817,2.91293,11.120657,2267
7474,1.4889292790498078e-05,0.8985016,1.5200264,14
7475,2.1270418272140114e-05,1.129737,2.8774667,20
7476,0.0003350090877862068,1.1526366,3.8125992,315
7477,0.0016314410814731466,2.9576588,11.536014,1534
7478,0.00033288204595899274,0.94590664,5.382582,313
7479,0.0005828094606566391,1.5335953,7.6077313,548
7480,0.0005360145404579308,1.3148997,3.7732546,504
7481,0.0014229909824061736,1.3712479,5.8191233,1338
7482,7.55099848660974e-05,1.484978,5.0112753,71
7483,0.00035202542240391887,1.6145957,6.7757154,331
7484,7.125590121166937e-05,1.2430818,4.9862237,67
7485,0.0031054810677324566,2.025748,7.540628,2920
7486,0.015590153072565095,2.1765857,7.603859,14659
7487,0.0029608422234819035,3.2518892,11.757768,2784
7488,0.00011486025866955661,0.98849756,3.1220675,108
7489,0.0006359855063369894,1.6236547,7.794477,598
7490,0.0014400073170238855,1.2037457,4.2479043,1354
7491,0.0003041669812916036,2.0984485,10.610207,286
7492,0.0012421924270929825,1.7553574,6.725203,1168
7493,7.65735057797044e-05,1.121248,4.100339,72
7494,0.00010103448679266554,0.8675865,2.165855,95
7495,0.000749782244092939,1.150384,4.9528456,705
7496,2.7651543753782147e-05,0.9116934,1.5788176,26
7497,0.0030916552958555653,3.4870622,10.773484,2907
7498,0.00014676588607776678,1.0114009,4.4128637,138
7499,9.252631948380949e-05,2.1220572,8.742818,87
7500,0.0004158366772203392,2.6552343,8.31895,391
7501,0.0001510199697321948,0.92394453,2.8043976,142
7502,0.0014378802751966715,1.6763501,6.719805,1352
7503,0.004166874939512248,1.9710944,8.340414,3918
7504,0.0004147731563067322,1.5162084,5.1506553,390
7505,0.002673691576808012,2.0848806,10.988531,2514
7506,0.00021589474546222215,2.084424,7.9486,203
7507,0.0008582613772808535,1.5139027,6.322594,807
7508,6.381125481642033e-06,0.6594009,0.8459156,6
7509,2.1270418272140113e-06,0.72689855,0.9869079,2
7510,0.0005072994757905416,1.7615156,7.008266,477
7511,0.000373295840676059,1.3752304,7.8206787,351
7512,0.001536787720162123,1.957309,7.6843314,1445
7513,0.00011060617501512859,0.80099446,1.6364684,104
7514,9.57168822246305e-06,0.7580571,1.229078,9
7515,0.005028326879533923,1.9235147,7.177246,4728
7516,0.003025716999211931,2.2139182,7.070177,2845
7517,0.0016601561461405357,1.3929977,7.302411,1561
7518,0.00012549546780562666,1.5864445,4.3700056,118
7519,0.005902541070518881,1.8650993,9.038678,5550
7520,0.0001499564488185878,1.7988633,9.416074,141
7521,0.002654548200363086,5.164866,13.03757,2496
7522,0.0030948458585963864,3.406707,11.824562,2910
7523,0.0020206897358533106,2.602251,9.28621,1900
7524,0.0003265009204773507,0.92763096,5.1361704,307
7525,0.00149531040453145,1.3267562,6.37879,1406
7526,0.0007519092859201529,1.5919547,6.5787854,707
7527,0.0023780327628252647,1.1867589,8.963501,2236
7528,0.0004839020156911876,1.6844774,11.715981,455
7529,9.67804031382375e-05,1.3767834,4.3372746,91
7530,0.0005976987534471372,1.701709,8.050002,562
7531,0.0023684610746028015,3.8880649,11.900112,2227
7532,0.004262591821736879,2.2907748,11.022011,4008
7533,0.0028704429458253082,1.5763757,5.9901485,2699
7534,0.0023174120707496653,1.8887416,6.8197017,2179
7535,0.00033926317144063477,1.5600064,7.356596,319
7536,0.0031033540259052424,2.5234604,9.869537,2918
7537,0.0025396879416935293,3.0528908,11.437515,2388
7538,0.00023929220556157628,1.2903961,7.3414874,225
7539,0.1885027008113601,3.1174386,11.051452,177244
7540,0.0026162614474732337,2.3146064,7.818413,2460
7541,0.0014240545033197805,1.3263409,5.6900673,1339
7542,0.019720868301014705,1.0095624,4.7444267,18543
7543,0.001680363043499069,2.00281,6.978199,1580
7544,0.0003647876733672029,1.4745488,7.858436,343
7545,0.0001722903880043349,1.5359304,7.6759176,162
7546,0.0005158076430993977,1.6369424,8.360879,485
7547,0.002665183409499156,1.750695,6.5200205,2506
7548,0.0015835826403608315,2.3536422,8.900924,1489
7549,0.0017484283819699173,1.7631199,7.709273,1644
7550,0.0037116879884884495,1.6329627,7.026712,3490
7551,0.0005498403123348219,1.8175461,6.922174,517
7552,3.82867528898522e-05,0.89601886,1.8265114,36
7553,0.013515223770117827,1.1793934,4.300575,12708
7554,0.024836403895464404,2.0824308,7.5394955,23353
7555,0.001905829477183754,1.3294213,6.4425616,1792
7556,0.0001499564488185878,1.874448,6.434191,141
7557,0.002674755097721619,1.3829654,5.695417,2515
7558,0.0012889873472916908,1.2687234,5.6552873,1212
7559,0.00152721603193966,3.7024844,11.848796,1436
7560,0.000579618897915818,1.2999712,6.9096637,545
7561,0.002033451986816595,2.599937,8.272572,1912
7562,0.006985205360570813,1.438308,5.1112175,6568
7563,3.1905627408210167e-06,1.4582263,2.2585034,3
7564,0.0016548385415725007,1.59725,5.226405,1556
7565,0.0033320110223307485,2.210174,9.930433,3133
7566,0.0027289946643155763,2.306375,8.685819,2566
7567,0.0052729366896635335,1.5519983,7.3220105,4958
7568,0.005254856834132215,5.9882755,14.203,4941
7569,0.0021504392873133655,2.0009472,6.9371624,2022
7570,0.004921974788173222,1.6748747,6.8223677,4628
7571,8.614519400216745e-05,0.86214733,3.6112316,81
7572,0.000940152487628593,1.6278921,5.483199,884
7573,0.0006657640919179855,1.3468922,6.011365,626
7574,0.003550032809620185,2.2326784,10.05377,3338
7575,0.000755099848660974,1.3166476,7.460181,710
7576,0.0014293721078878156,2.2265196,8.725301,1344
7577,0.0023493176981578753,1.6579603,6.0749755,2209
7578,0.001163491879486064,2.1417437,7.9965124,1094
7579,0.00022546643368468518,1.2497541,4.252974,212
7580,0.014343706561817686,2.6030164,10.046482,13487
7581,0.004280671677268198,1.9952627,9.5697975,4025
7582,8.614519400216745e-05,1.2433507,4.651034,81
7583,0.0002052595363261521,1.4881402,7.3838973,193
7584,0.0065842579761409715,2.227872,8.436397,6191
7585,0.0014006570432204264,1.1987078,3.7178254,1317
7586,2.1270418272140114e-05,0.69562906,1.1412729,20
7587,0.0023886679719613345,2.553875,9.857936,2246
7588,0.00013719419785530372,0.84487575,4.1707478,129
7589,0.0016016624958921505,1.3384085,5.157761,1506
7590,0.002654548200363086,3.174055,12.9360485,2496
7591,0.004254083654428023,3.10761,9.309127,4000
7592,0.010706465037281726,1.4788513,6.2270646,10067
7593,0.0013985300013932124,3.2178485,8.723529,1315
7594,0.00019887841084451004,1.1050295,3.5477822,187
7595,0.028833115488799528,2.357303,9.639416,27111
7596,0.009510004009473844,38.46196,64.03209,8942
7597,0.005305905837985351,2.6093535,7.772818,4989
7598,0.0007827513924147561,1.814563,8.038702,736
7599,0.000943343050369414,1.5849566,9.18015,887
7600,0.001354925643935325,1.6641059,5.836941,1274
7601,0.0009646134686415541,1.9260746,9.16869,907
7602,0.003069321356669818,2.8723915,9.779675,2886
7603,0.0031512124670175575,2.1395106,13.05729,2963
7604,0.002296141652477525,1.3536773,4.3486037,2159
7605,0.011352022231841178,1.001855,3.441244,10674
7606,0.0030884647331147442,2.4494474,11.496145,2904
7607,0.0002999128976371756,2.06197,13.626183,282
7608,0.2880599570550255,2.0279284,16.284367,270855
7609,0.0003126751486004597,1.715009,7.671887,294
7610,0.0014134192941837106,2.4999003,8.17305,1329
7611,0.0002307840382527202,1.4291376,5.6202035,217
7612,0.0008093394152549313,1.6016638,5.0062037,761
7613,0.001491056320877022,2.0954285,6.439877,1402
7614,0.001321956495613508,1.9269558,9.452887,1243
7615,0.0045859021794734086,1.7957753,7.1701508,4312
7616,8.720871491577446e-05,1.5318801,7.0996413,82
7617,7.019238029806238e-05,0.92731524,2.5941985,66
7618,0.0025843558200650237,3.5340757,11.577502,2430
7619,0.004309386741935587,1.7250929,7.064257,4052
7620,0.002405684306579047,1.9011253,7.302607,2262
7621,0.001486802237222594,2.0460646,6.7445254,1398
7622,4.892196202592226e-05,1.0267386,2.2734694,46
7623,0.0017962868230822326,2.9458933,10.228466,1689
7624,0.0003594700687991679,1.1806359,6.3674817,338
7625,0.0033671072124797797,2.2217164,7.030226,3166
7626,0.0016452668533500376,2.2391298,8.271274,1547
7627,0.00021057714089418712,1.1247895,4.683558,198
7628,0.005578167191868744,2.3282459,9.467425,5245
7629,0.010543746337499854,1.78873,7.504713,9914
7630,0.0005881270652246741,1.8882917,5.7435493,553
7631,0.0009614229059007331,1.1090902,4.7050223,904
7632,0.001668664313449392,2.9025,9.347205,1569
7633,2.7651543753782147e-05,0.99208677,2.5919502,26
7634,0.0020228167776805248,3.2386696,10.320684,1902
7635,0.0003275644413909577,1.2847708,5.218327,308
7636,0.0006125880462376352,1.2034302,4.795105,576
7637,0.0016261234769051117,2.9351227,9.007332,1529
7638,0.0009667405104687681,1.519254,6.8674293,909
7639,0.0018547804733306179,1.4671797,11.358923,1744
7640,0.002246156169537996,2.0100186,6.7720447,2112
7641,0.0008540072936264255,1.3213316,6.6845274,803
7642,0.0005104900385313627,1.3577231,6.1798344,480
7643,0.0005466497495940009,1.9298114,8.000334,514
7644,0.00012230490506480565,1.9642966,8.349779,115
7645,0.002417383036628724,1.0769753,5.303731,2273
7646,7.444646395249039e-06,1.0601026,1.7540828,7
7647,0.007507394129151853,1.3269174,6.1773458,7059
7648,0.0017696988002420574,3.916766,13.464991,1664
7649,3.1905627408210167e-06,0.63582385,0.9608706,3
7650,0.0033500908778620678,2.0175252,7.1693697,3150
7651,0.004830511989603019,1.6808794,6.4437385,4542
7652,0.0006498112782138805,2.0049117,7.6401725,611
7653,0.00044561526280133534,1.0705864,4.3304534,419
7654,0.00040839203082509014,1.2054907,5.447944,384
7655,0.0027492015616741097,1.4509875,9.229432,2585
7656,2.3397460099354124e-05,1.1927716,2.5423834,22
7657,0.056847319874121664,0.85465914,4.0691624,53452
7658,0.0012102867996847725,1.7100551,9.427632,1138
7659,0.0014697859026048818,1.2866822,5.3791046,1382
7660,0.0016750454389310339,2.8054469,9.111465,1575
7661,0.0019387986255055712,2.2925038,10.811062,1823
7662,0.0006966061984125887,1.9404519,8.524841,655
7663,0.0006147150880648493,1.3735312,6.186338,578
7664,0.29042203700414665,2.7254162,11.514684,273076
7665,0.0019536879182960694,1.480049,6.8108816,1837
7666,0.00095185121767827,1.8894354,7.897072,895
7667,0.0023206026334904864,2.6780093,8.2527,2182
7668,0.004661412164339506,2.2932491,7.9548216,4383
7669,0.002449288664036934,1.6626261,6.039288,2303
7670,0.0014357532333694576,1.4974517,6.1811085,1350
7671,0.01276863208876571,1.2325017,5.157547,12006
7672,0.0019526243973824622,2.9250054,9.384191,1836
7673,0.00848157928601587,1.7447932,6.999756,7975
7674,0.00015952813704105085,1.6655911,6.059523,150
7675,0.0016325046023867537,1.3393937,4.7394767,1535
7676,0.0019568784810368904,3.3573253,9.831299,1840
7677,0.0011975245487214883,1.1791353,4.297043,1126
7678,0.006977760714175564,5.7771964,14.577997,6561
7679,0.0016516479788316798,3.494103,12.769037,1553
7680,0.0016814265644126759,1.4324584,6.1198206,1581
7681,0.007877499407087091,1.7751619,8.181886,7407
7682,0.005102773343486413,1.0128925,7.0076823,4798
7683,0.001509136176408341,2.3499548,6.2345066,1419
7684,0.0022419020858835677,2.2238007,7.7532,2108
7685,6.168421298920632e-05,1.4178828,4.4111347,58
7686,0.0021940436447712526,3.4793866,10.16924,2063
7687,0.004370007434011186,1.3717268,4.7593412,4109
7688,0.0019941017130131354,1.2087456,3.7399633,1875
7689,0.001511263218235555,1.589541,7.7943835,1421
7690,0.01886260692373385,1.1128918,8.103535,17736
7691,0.0010986171037560368,1.4590992,9.447057,1033
7692,0.0028778875922205573,3.4210925,11.926989,2706
7693,0.0018196842831815867,3.8701313,11.694921,1711
7694,0.0038510092281709672,1.3611877,5.073767,3621
7695,0.002660929325844728,2.2208292,6.8193645,2502
7696,0.00522826881129204,2.0941174,7.34288,4916
7697,0.0018398911805401197,1.2356416,5.358283,1730
7698,0.0005158076430993977,1.8669958,7.299124,485
7699,0.0021440581618317233,3.0132535,9.6279335,2016
7700,0.00245779683134579,2.6258786,8.515465,2311
7701,0.006585321497054579,1.2546717,5.468079,6192
7702,0.0010975535828424297,2.259677,9.28949,1032
7703,0.001350671560280897,1.7521915,6.5046697,1270
7704,0.004083920308250902,1.1854047,4.317724,3840
7705,0.0021536298500541865,3.9968696,10.539161,2025
7706,0.001710141629080065,2.2080183,11.101356,1608
7707,0.001864352161553081,1.9633474,7.918805,1753
7708,0.00029459529306914055,1.3467532,6.6965785,277
7709,0.0003562795060583469,1.4047982,6.468697,335
7710,0.0012304936970433055,1.2572879,4.054719,1157
7711,0.0009752486777776241,2.2060375,5.495154,917
7712,0.0017207768382161352,1.2535832,4.851572,1618
7713,0.0031214338814365616,1.4837497,5.3469877,2935
7714,0.0025428785044343503,1.6556079,8.245289,2391
7715,0.00014251180242333874,0.9550771,2.2221982,134
7716,8.508167308856045e-06,0.69231695,1.095379,8
7717,0.00048283849477758053,1.2636613,6.5363255,454
7718,0.001706951066339244,3.4166973,14.9119005,1605
7719,0.0031820545735121606,1.2754841,5.031039,2992
7720,0.0004094555517386972,1.2906151,7.1110506,385
7721,0.0028895863222702343,1.3455446,7.5079207,2717
7722,0.005165521077389226,1.2117103,4.2746506,4857
7723,0.001135840335732282,2.0805337,11.08262,1068
7724,0.0025918004664602728,1.4171427,6.043416,2437
7725,0.0021653285801038636,3.1650872,9.644594,2036
7726,0.00013719419785530372,1.0436026,3.8164978,129
7727,0.001507009134581127,3.1123507,8.299456,1417
7728,0.0006189691717192773,1.2733191,6.93328,582
7729,0.0008614519400216746,1.2366835,5.072617,810
7730,0.0008774047537257796,1.4307536,7.5394382,825
7731,0.0020206897358533106,1.9968637,7.7622747,1900
7732,0.0015601851802614774,1.8854247,7.0813847,1467
7733,0.000563666084211713,1.934282,8.323874,530
7734,0.0670401043101312,0.9739689,4.2102466,63036
7735,0.008459245346830123,1.5031394,7.129454,7954
7736,0.0012177314460800213,3.255806,12.564254,1145
7737,0.0008965481301707058,1.5487435,11.765042,843
7738,0.03896527923273347,2.4224513,10.761788,36638
7739,1.1698730049677062e-05,0.9303971,1.5220416,11
7740,0.0018260654086632287,2.7198353,11.453197,1717
7741,0.0002648167074881444,1.5959648,9.318585,249
7742,0.007368072889469335,1.5162438,5.1377006,6928
7743,0.0019068929980973611,1.2476816,5.0813746,1793
7744,0.004685873145352467,1.572324,6.1927047,4406
7745,0.00010954265410152158,2.2882917,10.639351,103
7746,0.0003190562740821017,1.2350609,6.475752,300
7747,0.0013783231040346792,1.3089684,5.0468955,1296
7748,0.00034564429692227684,1.0488245,4.298258,325
7749,0.0019270998954558942,2.8945954,9.5363655,1812
7750,4.466787837149424e-05,1.0408635,2.2864342,42
7751,0.014330944310854401,1.9797187,7.343256,13475
7752,0.0009135644647884178,1.3656427,10.587774,859
7753,0.0035064284521622974,2.7809308,8.959073,3297
7754,0.0007976406852052543,2.1057103,8.029204,750
7755,0.003975441175062987,1.0508673,3.8038137,3738
7756,0.001884559058911614,1.2790883,4.3850985,1772
7757,0.000193560806276475,1.4737195,10.715871,182
7758,0.00012017786323759164,1.3607192,5.297318,113
7759,0.0027981235237000317,2.5548284,10.764784,2631
7760,0.0018707332870347229,1.9894805,11.065595,1759
7761,0.0017877786557733764,1.5696344,6.988015,1681
7762,0.002116406618077941,1.7071023,6.4694686,1990
7763,0.006839502995406653,2.266186,8.763632,6431
7764,0.005877016568592313,2.2722971,8.996755,5526
7765,0.0010401234535076516,1.6718988,5.8527136,978
7766,0.0011092523128921068,1.5984602,7.2237287,1043
7767,0.0009678040313823752,1.6428945,11.914254,910
7768,0.010855357965186706,1.4804264,6.027895,10207
7769,0.0020079274848900266,2.0771701,8.332948,1888
7770,0.0005923811488791021,1.9474193,7.9554734,557
7771,0.00010528857044709356,1.5045035,6.4189606,99
7772,0.0002265299545982922,1.7538867,8.212014,213
7773,0.0023514447399850895,3.0284817,10.603939,2211
7774,0.0002478003728704323,1.6252978,6.179945,233
7775,0.0030437968547432502,1.530349,7.1860223,2862
7776,0.0008316733544406784,1.6928368,5.3566494,782
7777,0.00027119783296978645,1.2102383,4.2454443,255
7778,0.0010858548527927527,2.3734515,7.3994236,1021
7779,0.005012374065829817,1.8943734,8.460603,4713
7780,0.0015963448913241154,1.2499274,5.7553873,1501
7781,0.004084983829164508,1.438376,6.012359,3841
7782,1.3825771876891073e-05,1.1844105,2.7756166,13
7783,0.0012804791799828348,1.1980227,7.4270134,1204
7784,0.0008476261681447834,1.0222443,3.3127787,797
7785,0.0013878947922571422,1.401615,7.4257298,1305
7786,5.5303087507564294e-05,0.9884681,2.5999844,52
7787,6.274773390281333e-05,0.8652491,2.135756,59
7788,0.0004392341373196933,1.2828628,5.734937,413
7789,0.001311321286477438,1.77419,7.8970656,1233
7790,0.0031629111970672345,2.8654094,10.182033,2974
7791,5.317604568035028e-06,1.5170442,2.641942,5
7792,0.0017920327394278044,2.9648635,10.750437,1685
7793,0.0011826352559309902,1.5783226,6.3725905,1112
7794,4.147731563067322e-05,0.9674328,2.3801472,39
7795,0.0025226716070758173,3.1639872,8.610544,2372
7796,0.0011560472330908152,1.5137316,5.5051236,1087
7797,0.002832156192935456,1.269362,5.3753276,2663
7798,5.4239566593957285e-05,0.66949826,1.7674909,51
7799,0.0033001053949225385,1.7621742,8.262717,3103
7800,0.002252537295019638,2.7135081,11.023965,2118
7801,0.0007423375976976899,1.473199,7.638219,698
7802,0.0016101706632010064,3.6500945,9.666528,1514
7803,0.0008614519400216746,1.7932212,8.435069,810
7804,6.381125481642033e-06,1.6006646,2.79125,6
7805,0.004578457533078159,2.8890145,11.133197,4305
7806,0.00021908530820304316,1.6411018,7.6137724,206
7807,0.0009614229059007331,1.5305212,7.3726134,904
7808,4.892196202592226e-05,1.7749234,5.6393323,46
7809,0.0023291108007993423,1.336114,6.458825,2190
7810,0.0014357532333694576,1.6607455,9.394383,1350
7811,0.0009667405104687681,1.5815083,6.392898,909
7812,0.0050389620886699925,1.5447501,8.723198,4738
7813,3.1905627408210167e-06,0.63103354,0.7474511,3
7814,0.00027119783296978645,1.7342725,7.381832,255
7815,0.0008242287080454293,1.2349187,4.635978,775
7816,0.008809143727406828,1.8802365,6.075134,8283
7817,0.0002658802284017514,1.7006724,8.817198,250
7818,0.0009093103811339898,1.3846979,6.808488,855
7819,0.0019302904581967152,1.209525,8.061078,1815
7820,0.0005211252476674328,1.0286038,4.118049,490
7821,0.001530406594680481,1.594903,6.323491,1439
7822,5.3176045680350284e-05,1.4290653,11.960329,50
7823,0.0004753938483823315,1.5749849,11.8804245,447
7824,0.00606632329121436,2.0545304,7.998914,5704
7825,0.0009103739020475968,1.8445168,8.067109,856
7826,0.000565793126038927,1.6111883,8.737462,532
7827,0.0002244029127710782,1.0327727,2.8320835,211
7828,5.849365024838531e-05,0.91670656,2.3166804,55
7829,0.005895096424123632,2.315474,9.170541,5543
7830,0.00034777133874949083,0.97041565,3.6395175,327
7831,1.5952813704105085e-05,1.0288538,2.0513625,15
7832,4.147731563067322e-05,0.86543137,2.8363001,39
7833,0.0014485154843327417,1.1812338,6.612917,1362
7834,0.007197909543292214,1.5764872,6.198016,6768
7835,0.0003584065478855609,1.8952125,7.247178,337
7836,3.190562740821017e-05,1.2358954,2.6031184,30
7837,0.006289662683071831,2.1868374,8.304663,5914
7838,0.0023684610746028015,3.1729228,10.241003,2227
7839,0.0005753648142613901,1.2040446,5.1384974,541
7840,0.004577394012164553,1.2974017,5.8475637,4304
7841,0.0014527695679871697,1.4345716,6.383782,1366
7842,0.0007306388676480128,1.4693626,5.0325627,687
7843,0.0031469583833631295,3.7902997,13.635181,2959
7844,0.0010199165561491183,1.3373029,7.3506436,959
7845,0.00278110718908232,1.7852491,7.63056,2615
7846,0.0004966642666544716,1.1206203,3.9603522,467
7847,0.005780236165454075,1.6021397,7.855227,5435
7848,0.0009273902366653089,1.5780144,10.989189,872
7849,0.002133422952695653,3.2735124,10.968087,2006
7850,0.006133325108771601,1.951463,7.9087334,5767
7851,0.006600210789845077,2.5714931,7.8422575,6206
7852,0.0044699783998902445,2.1545417,8.95978,4203
7853,0.001127332168423426,1.5421284,6.1097603,1060
7854,0.0036606389846353133,3.884528,10.772464,3442
7855,0.0016335681233003605,1.2111944,4.337652,1536
7856,0.00456037767754684,2.6200438,9.318823,4288
7857,0.000189306722622047,1.4380692,6.5886774,178
7858,0.0014517060470735626,1.3774893,6.591252,1365
7859,0.0042764175936137695,3.2358153,12.99311,4021
7860,1.2762250963284067e-05,0.753984,1.5015873,12
7861,3.403266923542418e-05,1.0124205,2.146408,32
7862,0.001330464662922364,1.6636242,5.2324142,1251
7863,0.0011805082141037762,1.6899761,12.408529,1110
7864,0.00013506715602808973,1.537833,6.165207,127
7865,0.002827902109281028,3.3470206,9.09871,2659
7866,0.0002424827683023973,0.95605916,4.0292983,228
7867,0.0020398331122982367,1.3067586,4.601289,1918
7868,0.0035691761860651107,2.7049348,10.198273,3356
7869,0.002633277782090946,3.1563323,8.852631,2476
7870,0.00044348822097412135,1.5823117,6.630525,417
7871,0.002053658884175128,2.436617,8.818926,1931
7872,0.0008518802517992115,1.255093,5.1914945,801
7873,2.446098101296113e-05,0.5815281,1.0948591,23
7874,0.003411775090851274,2.5140917,10.97805,3208
7875,0.000939088966714986,1.8474435,9.705212,883
7876,0.0003998838635162341,1.0397341,4.935253,376
7877,0.0014410708379374926,2.2146723,8.628459,1355
7878,0.001886686100738828,1.8451777,5.839772,1774
7879,0.0007838149133283631,1.4796367,5.9020104,737
7880,0.001520834906458018,1.5981301,7.183911,1430
7881,3.1905627408210167e-06,0.6817567,0.790283,3
7882,0.002256791378674066,1.8500357,6.9503584,2122
7883,0.001910083560838182,1.2186291,5.4574733,1796
7884,0.0027906788773047826,2.1168528,7.90503,2624
7885,0.00040626498899787615,1.8121378,9.296818,382
7886,0.002075992823360875,2.6104343,9.22291,1952
7887,0.001133713293905068,1.8340424,13.394609,1066
7888,0.009259013073862591,1.8153234,10.306803,8706
7889,0.0027343122688836116,1.3121359,6.57583,2571
7890,0.0005562214378164639,2.281548,13.234225,523
7891,0.0058940329032100254,1.4664513,6.242383,5542
7892,0.011131873402724528,1.0161783,4.1695046,10467
7893,8.827223582938147e-05,1.8073725,5.5618973,83
7894,0.000747655202265725,1.4162992,6.8278112,703
7895,0.00019887841084451004,1.7338694,5.880196,187
7896,0.0023961126183565835,2.2508593,7.6244373,2253
7897,1.0635209136070057e-05,1.1237316,2.241331,10
7898,0.0032884066648728614,2.0677516,7.324141,3092
7899,0.0019824029829634583,2.3416584,7.7110844,1864
7900,0.00021589474546222215,1.5238831,8.546708,203
7901,0.002456733310432183,2.605756,8.654586,2310
7902,0.0028619347785164523,1.6659236,6.56404,2691
7903,0.0060790855421776445,1.8541266,7.9485855,5716
7904,0.0025130999188533545,2.8020742,11.578409,2363
7905,0.0006593829664363435,1.8476104,8.175502,620
7906,0.0025822287782378095,1.4751809,6.1773615,2428
7907,0.0014155463360109245,1.5325071,6.5504436,1331
7908,0.0006370490272505964,1.1775111,4.7181396,599
7909,0.0014517060470735626,1.1164293,6.870474,1365
7910,0.005503720727916254,2.4041994,10.43887,5175
7911,0.006059942165732718,1.9181894,8.969984,5698
7912,0.0017409837355746682,2.196952,11.272005,1637
7913,0.0006136515671512422,1.513855,4.890285,577
7914,0.0028693794249117013,1.9786502,8.422236,2698
7915,2.233393918574712e-05,1.2558146,3.697505,21
7916,2.020689735853311e-05,1.3968736,2.939502,19
7917,0.0062726463484541195,1.5331736,5.93288,5898
7918,0.00040732850991148314,1.2850162,7.3819885,383
7919,0.002034515507730202,3.41644,9.541295,1913
7920,0.006155659047957349,2.9673028,9.403267,5788
7921,0.024765147994252733,1.8201215,6.8006635,23286
7922,0.0017899056976005904,1.6284771,7.629519,1683
7923,0.0023961126183565835,2.7334936,10.75439,2253
7924,0.0029555246189138687,2.8565006,7.630477,2779
7925,3.615971106263819e-05,0.6188851,0.98253727,34
7926,3.403266923542418e-05,0.87693274,1.6775702,32
7927,0.001866479203380295,1.8752731,9.114754,1755
7928,0.0036946716538707376,2.953432,8.776213,3474
7929,0.001714395712734493,3.050306,9.821441,1612
7930,7.338294303888339e-05,2.0844123,9.559909,69
7931,0.00278110718908232,2.8637683,12.562959,2615
7932,0.0007976406852052543,1.4612447,7.4629464,750
7933,0.009495114716683347,4.521425,7.071353,8928
7934,0.0006147150880648493,1.467222,6.918842,578
7935,0.01166788794318246,1.5451891,8.477814,10971
7936,0.0014304356288014225,1.336626,5.264487,1345
7937,0.0009965190960497642,1.4762061,7.5433745,937
7938,0.003614907585350212,4.3571463,12.469605,3399
7939,0.0014314991497150296,2.1529896,7.271359,1346
7940,0.009188820693564529,38.423515,69.41884,8640
7941,7.65735057797044e-05,1.1712358,4.164783,72
7942,0.0010635209136070057,1.7469486,9.218722,1000
7943,0.001887749621652435,2.890838,9.605746,1775
7944,0.0005136806012721837,1.560515,5.3471966,483
7945,0.0013538621230217182,2.2786617,9.717834,1273
7946,0.002050468321434307,2.1761613,9.254203,1928
7947,0.0018675427242939018,1.2407029,6.205879,1756
7948,0.0010794737273111107,1.2038949,7.2374215,1015
7949,0.000945470092196628,1.5096129,5.9196224,889
7950,0.006586385017968186,1.5923845,7.123902,6193
7951,5.317604568035028e-06,1.1581002,1.6771159,5
7952,0.04398297090313132,1.4302031,6.4260545,41356
7953,0.0012421924270929825,1.8622773,7.30551,1168
7954,0.008726189096145481,1.4543809,5.5178633,8205
7955,9.67804031382375e-05,1.3360844,4.507395,91
7956,0.0005115535594449697,1.9680905,7.8540277,481
7957,0.000956105301332698,2.705586,9.12268,899
7958,0.0002637531865745374,1.1401334,3.3001463,248
7959,0.0005126170803585767,1.1892493,8.406779,482
7960,0.005849365024838531,2.646883,12.327456,5500
7961,0.00023716516373436226,0.6194267,1.3065754,223
7962,0.0017292850055249912,2.9881926,9.676864,1626
7963,0.00027226135388339344,1.3707601,7.035318,256
7964,7.44464639524904e-05,0.921837,2.2220366,70
7965,0.00044136117914690736,1.4507262,6.1882224,415
7966,0.0017856516139461624,1.2689438,4.61495,1679
7967,0.00396374244501331,0.93137205,3.1736305,3727
7968,0.0007859419551555772,1.500776,5.8524446,739
7969,0.00021589474546222215,1.5338025,6.9280515,203
7970,0.0001701633461771209,1.6790295,8.008732,160
7971,0.0019430527091599992,1.7672352,8.788087,1827
7972,3.615971106263819e-05,1.2575499,3.1020923,34
7973,0.0006327949435961683,2.0474617,8.870865,595
7974,0.0023535717818123033,2.5827632,11.246222,2213
7975,0.003728704323106162,3.2171407,7.753232,3506
7976,0.001892003705306863,1.9994081,8.5189905,1779
7977,0.0006838439474493046,1.6527015,6.814905,643
7978,0.0017771434466373065,1.0293713,3.3725135,1671
7979,0.0001712268670907279,1.3900442,5.506847,161
7980,0.006300297892207901,2.4289904,9.819,5924
7981,0.00013613067694169672,1.0246683,3.058083,128
7982,0.0038297388098988273,1.8634971,12.020673,3601
7983,0.0012538911571426596,1.9764512,6.991303,1179
7984,0.003600018292559714,2.9069817,10.619853,3385
7985,0.002056849446915949,3.021868,9.2374735,1934
7986,0.0014761670280865238,1.2193125,5.0715632,1388
7987,0.0004115825935659112,1.4067961,9.757585,387
7988,0.001315575370131866,3.4535291,10.69567,1237
7989,0.00039137569620737806,1.5988615,10.279274,368
7990,0.001998355796667564,1.398848,6.699213,1879
7991,0.001700569940857602,1.421076,6.7619658,1599
7992,0.0003562795060583469,1.0904665,4.2216144,335
7993,0.0029119202614559816,1.9101595,8.299305,2738
7994,0.0008231651871318224,0.97925425,3.083332,774
7995,0.002659865804931121,2.3093982,7.5108037,2501
7996,0.001511263218235555,1.3953174,5.917218,1421
7997,0.0018026679485638746,1.604732,7.215407,1695
7998,0.0012070962369439514,3.1073062,9.530626,1135
7999,0.0036606389846353133,2.1414876,7.0008564,3442
8000,0.00030948458585963864,2.0567515,9.976099,291
8001,0.00014570236516415978,1.5020225,6.729547,137
8002,0.0005455862286803939,1.5789169,7.996404,513
8003,0.0029140473032831953,2.9665258,10.188098,2740
8004,0.0001116696959287356,1.1813796,3.5728269,105
8005,0.003581938437028395,4.3955393,10.487984,3368
8006,0.0042072887342293145,2.5967937,9.693098,3956
8007,0.0005721742515205691,1.9151765,8.001151,538
8008,0.0034777133874949085,1.9978588,7.2983203,3270
8009,0.000748718723179332,1.3001151,5.8138037,704
8010,0.0029363812424689426,1.5923423,5.7670794,2761
8011,0.00028608712576028454,1.529,7.660177,269
8012,0.00035415246423113286,1.315851,7.6445456,333
8013,5.317604568035028e-06,1.020705,1.568004,5
8014,0.0013910853549979633,2.8266225,9.584229,1308
8015,0.0004169001981339462,1.5083772,5.698409,392
8016,0.008517738997078509,4.0805945,10.858064,8009
8017,0.003224595410056441,3.3548582,11.45175,3032
8018,0.0013889583131707493,1.6905984,6.737329,1306
8019,0.004356181662134295,1.4265977,5.347729,4096
8020,0.003049114459311285,1.2508479,3.7089145,2867
8021,2.446098101296113e-05,0.8115655,2.1993446,23
8022,0.0027321852270563974,2.556926,8.281637,2569
8023,0.002228076314006677,1.1889671,4.8965144,2095
8024,0.00652470080497898,2.5633829,9.500608,6135
8025,0.000939088966714986,1.1428359,4.2314696,883
8026,0.005193172621143009,2.4137325,10.168418,4883
8027,0.0006264138181145264,2.0190227,6.372951,589
8028,0.003448998322827519,1.7639829,6.3652115,3243
8029,0.0016176153095962555,2.8953278,10.102914,1521
8030,0.012276221905765666,1.8176402,6.8152714,11543
8031,0.0013708784576394303,1.2474152,5.9003806,1289
8032,0.00042540836544280227,0.7687655,2.1746793,400
8033,0.0014155463360109245,1.5322232,5.332562,1331
8034,0.00025099093561125333,1.459266,8.231303,236
8035,1.0635209136070056e-06,1.949264,1.949264,1
8036,0.015217920752802644,1.2739927,5.546386,14309
8037,0.0004924101830000436,1.8041623,9.501521,463
8038,0.04097958784310514,1.0878683,4.15247,38532
8039,0.014270323618778802,1.4134095,4.1739564,13418
8040,0.010432076641571118,2.1000965,8.84359,9809
8041,0.0014346897124558507,3.5071785,11.689758,1349
8042,0.002421637120283152,2.5309541,8.186882,2277
8043,6.381125481642033e-06,0.82685417,1.1925347,6
8044,0.0020515318423479137,1.4040229,5.7992473,1929
8045,0.00023822868464796926,0.8775026,2.8444386,224
8046,0.001293241430946119,1.2062004,5.496781,1216
8047,0.0004466787837149424,1.5654817,8.900132,420
8048,0.00048602905751840157,1.4303933,6.7205086,457
8049,0.0005604755214708919,1.6894692,6.9817204,527
8050,0.00042540836544280227,1.6990649,8.857707,400
8051,0.005337811465393561,1.719236,7.503227,5019
8052,0.00362979687814071,1.7303653,5.2144685,3413
8053,0.007200036585119428,1.39199,5.7050543,6770
8054,0.0003945662589481991,1.1258067,4.6528215,371
8055,0.0034979202848534415,2.9829078,9.144307,3289
8056,0.0007423375976976899,1.3055348,4.803792,698
8057,0.003406457486283239,3.0940592,8.346957,3203
8058,0.00544841764040869,2.2916727,9.283198,5123
8059,0.00042753540727001626,0.94612235,2.783655,402
8060,0.004447644460704498,1.6873866,7.9361615,4182
8061,0.004640141746067365,1.518204,8.2060585,4363
8062,0.011751906095357412,1.9970908,4.940835,11050
8063,0.009371746290704934,40.55684,72.62552,8812
8064,0.0008891034837754567,1.5495355,4.386892,836
8065,0.0001712268670907279,1.9262003,9.237665,161
8066,0.0005572849587300709,1.5779735,6.150658,524
8067,0.007975343331138935,1.3679523,12.863026,7499
8068,0.0017409837355746682,1.0444182,3.2208655,1637
8069,0.001115633438373749,2.7855253,10.562258,1049
8070,0.008521993080732936,1.6983255,7.7516294,8013
8071,0.00031161162768685263,1.7687287,13.926447,293
8072,0.0023163485498360584,1.8555984,9.187873,2178
8073,0.0004839020156911876,1.0943595,2.6345055,455
8074,0.0030118912273350397,1.45657,5.0690007,2832
8075,0.0055186100207067525,1.1685246,6.1009593,5189
8076,0.0004732668065551175,1.4788276,5.1847653,445
8077,0.014305419808927832,1.8940929,7.511813,13451
8078,0.00019675136901729605,1.1992787,3.7671697,185
8079,0.0004392341373196933,1.77387,6.458896,413
8080,0.002063230572397591,1.8920138,7.344256,1940
8081,0.001330464662922364,1.4845006,4.9097834,1251
8082,0.0051431871382034795,2.2961361,7.8438373,4836
8083,0.0016293140396459326,3.997313,10.924572,1532
8084,0.0007795608296739351,2.265166,7.7011466,733
8085,0.00044455174188772834,1.5063475,6.299239,418
8086,0.03005084693487955,1.1532482,4.453593,28256
8087,0.000747655202265725,1.3547608,6.6211414,703
8088,0.011341387022705108,1.0551503,4.044365,10664
8089,0.0076126826995989464,2.4574769,8.940252,7158
8090,0.0019324175000239292,1.7397615,6.066203,1817
8091,0.0010443775371620796,3.5910547,10.063382,982
8092,0.00029246825124192656,1.142791,4.2825074,275
8093,0.002852363090293989,1.5763941,6.328193,2682
8094,0.00032862796230456476,1.8194076,11.883712,309
8095,0.0005604755214708919,1.9119416,9.434046,527
8096,0.0010518221835573286,1.6831142,7.595181,989
8097,0.0015059456136675199,1.8460064,8.884396,1416
8098,0.0007359564722160479,1.2951045,4.5022383,692
8099,0.00036797823610802395,1.4147737,6.3206835,346
8100,0.004717778772760677,1.973763,9.457994,4436
8101,0.0046114266813999764,2.0876195,7.2523413,4336
8102,0.0025620218808792765,1.4007491,4.559283,2409
8103,0.002462050915000218,2.6423974,9.456506,2315
8104,0.0027864247936503547,1.6976315,6.5423408,2620
8105,0.0023865409301341207,3.3912137,11.588623,2244
8106,0.0037223231976245197,2.3688817,9.218942,3500
8107,4.2540836544280225e-06,0.80425215,1.1228343,4
8108,3.1905627408210167e-06,0.97571695,1.2424359,3
8109,0.001532533636507695,2.3306386,7.5064616,1441
8110,0.0012283666552160915,1.72238,6.858794,1155
8111,0.001702696982684816,1.5748817,7.187385,1601
8112,0.00267794566046244,1.7223692,5.68446,2518
8113,1.701633461771209e-05,1.2801223,2.4549909,16
8114,0.0027183594551795066,2.7765224,9.175192,2556
8115,0.00027438839571060743,1.5583335,9.124376,258
8116,0.0002988493767235686,1.3707062,5.8644214,281
8117,0.0010071543051858344,2.8982697,10.768355,947
8118,0.0009210091111836669,1.6283703,5.7451043,866
8119,0.0023801598046524785,1.4893601,9.899032,2238
8120,0.0021727732264991127,1.032559,4.982067,2043
8121,0.00380740487071308,2.109518,7.5626683,3580
8122,6.487477573002735e-05,1.6239543,4.9130197,61
8123,0.003448998322827519,1.6520383,5.3036203,3243
8124,0.0,0.0,0.0,0
8125,0.0010433140162484724,1.5292912,7.443046,981
8126,0.002261045462328494,1.2984375,6.217329,2126
8127,2.8715064667389152e-05,0.9074288,2.5463746,27
8128,0.007967898684743686,3.4028146,11.56545,7492
8129,0.0010390599325940445,0.9517113,3.4199862,977
8130,2.233393918574712e-05,1.0316265,1.9060242,21
8131,0.006795898637948766,2.885944,9.2835865,6390
8132,0.049550502885863996,1.9310703,9.036885,46591
8133,0.01923590276440991,1.6176281,6.8326454,18087
8134,0.0019398621464191783,1.3649728,4.086643,1824
8135,0.00214512168274533,2.9783804,8.2979145,2017
8136,0.0017558730283651664,1.2111782,4.4517508,1651
8137,0.0019898476293587074,2.6090324,7.9271607,1871
8138,0.002858744215775631,1.2947632,4.2067757,2688
8139,0.002837473797503491,3.3966582,9.358646,2668
8140,0.0005349510195443238,1.169755,3.9675114,503
8141,0.0005828094606566391,1.0503694,4.6291056,548
8142,0.006877789748296505,2.1144204,10.194165,6467
8143,0.0001318765932872687,0.904118,2.4592855,124
8144,0.0027428204361924675,3.698727,11.939792,2579
8145,0.0001499564488185878,2.283283,9.827631,141
8146,2.3397460099354124e-05,1.3362212,4.267053,22
8147,0.0031033540259052424,2.182902,9.757793,2918
8148,0.004253020133514415,2.2120926,7.706887,3999
8149,0.018516962626811576,3.2719371,6.584734,17411
8150,0.0005168711640130047,1.3312579,6.414372,486
8151,0.0014421343588510995,1.2579043,5.256164,1356
8152,0.004373197996752007,1.7986449,8.391461,4112
8153,0.005186791495661367,2.3266764,9.661509,4877
8154,0.0031490854251903437,2.9415526,10.918775,2961
8155,0.016514352746489585,1.2450676,4.8771358,15528
8156,0.0003339455668725998,1.5159142,6.049997,314
8157,0.0011879528604990253,1.6901222,6.424889,1117
8158,0.002034515507730202,1.8221992,6.502946,1913
8159,0.002654548200363086,2.9859023,7.773917,2496
8160,0.006153532006130134,1.25062,3.981111,5786
8161,0.010696893349059263,0.83040357,4.5807905,10058
8162,0.003368170733393387,1.7947359,7.137954,3167
8163,0.005096392218004771,1.5355415,8.518976,4792
8164,0.0006987332402398027,1.7472609,7.622818,657
8165,0.005210188955760721,2.4412491,10.045344,4899
8166,0.009490860633028918,2.2913225,10.532906,8924
8167,0.0004530599091965844,1.8725471,7.786593,426
8168,0.0014697859026048818,2.8655713,9.486984,1382
8169,0.0011326497729914609,1.9580363,7.0048084,1065
8170,1.1698730049677062e-05,1.0838039,1.6375715,11
8171,0.00745847216712593,0.9186388,2.9846995,7013
8172,0.0008189111034773944,1.6379176,5.111626,770
8173,0.012163488688923323,1.6007043,10.485971,11437
8174,0.0017835245721189484,1.6253903,6.5716586,1677
8175,0.002831092672021849,2.4505355,9.848335,2662
8176,0.0004030744262570551,1.7053918,8.043453,379
8177,0.001716522754561707,1.3415841,6.5924077,1614
8178,0.0014942468836178428,2.9544454,10.096159,1405
8179,0.0005306969358898958,1.7653236,9.8230715,499
8180,0.002842791402071526,1.7017618,6.50376,2673
8181,0.0060875937094865004,1.472341,7.606848,5724
8182,7.763702669331141e-05,1.7469112,5.686429,73
8183,0.010895771759903772,4.3752327,13.701825,10245
8184,0.00263540482391816,1.2703604,5.809118,2478
8185,0.0013900218340843565,2.0677454,9.904558,1307
8186,0.0008486896890583904,1.6041665,7.256874,798
8187,0.009684421439305393,2.8018827,10.896033,9106
8188,0.0022057423748209296,1.6222159,6.794338,2074
8189,0.0002424827683023973,1.9773773,7.500257,228
8190,0.005051724339633277,2.026178,8.477331,4750
8191,0.0010539492253845426,1.3586859,6.0696244,991
