feature,density,mean_act,max_act,n_active_frames
0,0.0030395427710888222,2.453764,11.118259,2858
1,0.0028023776073544597,1.5211419,9.635971,2635
2,0.004556123593892412,1.0358073,4.8740826,4284
3,0.012244316278357455,1.3256907,7.062844,11513
4,0.10327000775306747,2.356707,9.706091,97102
5,0.0006732087383132346,1.6658595,10.652619,633
6,0.001512326739149162,3.1634283,10.127149,1422
7,0.0003031034603779966,1.1839129,5.200994,285
8,0.0015548675756934423,1.3477596,10.056426,1462
9,5.849365024838531e-05,1.5065424,3.3380418,55
10,0.0016452668533500376,2.1795018,10.623919,1547
11,0.08631323030651736,3.303578,10.309715,81158
12,7.444646395249039e-06,0.73385006,1.0770297,7
13,0.00025418149835207437,1.2261834,4.3266916,239
14,0.003037415729261608,1.7196248,12.61235,2856
15,0.0023599529072939455,1.3650029,4.5846176,2219
16,0.0019281634163695013,2.0436363,8.432522,1813
17,0.004527408529225023,2.1569214,8.8487835,4257
18,0.00021483122454861513,1.9121823,10.43215,202
19,0.00045837751376461944,1.496105,6.346781,431
20,0.0012049691951167374,1.9475642,8.311621,1133
21,0.0015963448913241154,1.146301,5.857352,1501
22,0.0005583484796436779,1.0371224,5.7231417,525
23,2.233393918574712e-05,0.9362599,1.3621159,21
24,5.7430129334778304e-05,1.2283521,2.8953733,54
25,3.1905627408210167e-06,0.8005074,1.0262233,3
26,0.005996130910916298,2.111282,13.112261,5638
27,0.0019972922757539565,1.4746401,6.0359845,1878
28,0.0016069801004601856,2.733263,7.866696,1511
29,8.827223582938147e-05,1.0863466,2.7616427,83
30,0.07474318628738674,1.4792042,6.6344423,70279
31,0.0002850236048466775,1.0453333,5.3154907,268
32,5.317604568035028e-06,0.75977504,1.1595689,5
33,0.0001297495514600547,1.0764922,3.3824646,122
34,0.0012060327160303443,1.8511946,11.987088,1134
35,0.000773179704192293,1.6078237,8.731636,727
36,0.00048071145295036654,1.6481577,9.328215,452
37,0.0003350090877862068,1.4911419,6.0831184,315
38,0.0015686933475703333,2.209968,7.1030436,1475
39,0.002136613515436474,3.916041,12.640668,2009
40,0.002878951113134164,1.2963471,5.4313884,2707
41,0.001159237795831636,1.2061276,5.3444476,1090
42,0.0005413321450259659,1.3353441,6.1515894,509
43,0.002259981941414887,1.3676022,5.504593,2125
44,0.01632079194021311,1.3618122,7.7081776,15346
45,0.004076475661855652,1.3764675,7.043063,3833
46,0.0015474229292981932,2.8586226,9.083218,1455
47,0.000374359361589666,1.5407586,7.176011,352
48,0.0023588893863803386,2.3279696,10.069131,2218
49,0.00046369511833265446,1.5642899,8.106296,436
50,0.0029470164516050127,2.1545398,6.3104186,2771
51,0.0006370490272505964,1.2313949,4.0238624,599
52,0.001297495514600547,1.8954222,8.522788,1220
53,0.004519963882829774,1.336385,9.258549,4250
54,0.009449383317398245,2.153353,8.3768,8885
55,0.002826838588367421,1.5830554,6.439556,2658
56,0.016861060564325465,1.786608,5.570083,15854
57,0.0003605335897127749,1.0723082,7.1485453,339
58,5.317604568035028e-06,0.93390733,1.6426883,5
59,0.0028821416758749853,1.7052312,7.115244,2710
60,0.00011273321684234259,1.3950872,5.135395,106
61,0.001862225119725867,2.0867274,6.4934626,1751
62,0.0005243158104082538,1.8642653,9.692328,493
63,0.00019675136901729605,1.7440972,8.039043,185
64,0.013157880743145873,1.1899139,5.2294774,12372
65,0.0019090200399245751,1.6961384,8.642733,1795
66,0.007691383247205865,2.0348716,8.769631,7232
67,0.0014942468836178428,3.735209,11.351764,1405
68,0.0025386244207799224,3.4398136,10.701953,2387
69,0.0010879818946199667,2.8454494,7.846844,1023
70,0.0059663523253353015,1.1888887,4.7196,5610
71,0.003009764185507826,1.739007,7.01187,2830
72,0.0008167840616501803,1.6206608,5.965975,768
73,0.00028821416758749853,1.861932,7.9676304,271
74,0.000948660654937449,2.1744344,13.420357,892
75,0.00015846461612744383,1.9751611,9.633092,149
76,0.00031692923225488766,1.7715142,6.970385,298
77,0.0006880980311037326,1.6486517,6.2251797,647
78,4.360435745788723e-05,2.3512187,8.877977,41
79,0.0032830890603048266,1.2985861,4.294639,3087
80,0.001532533636507695,1.2127113,5.528229,1441
81,0.0031299420487454176,2.630612,8.193485,2943
82,0.07855378172084065,1.1353483,7.619066,73862
83,0.01109890425440271,1.3958927,6.1641674,10436
84,0.00434022884843019,1.2497709,4.225332,4081
85,0.0023535717818123033,1.6450206,7.20288,2213
86,0.002659865804931121,3.0625222,9.8552885,2501
87,0.0008146570198229663,1.9836484,10.147316,766
88,0.0008784682746393866,1.2599063,9.09955,826
89,0.0014091652105292824,1.2771037,4.2204785,1325
90,0.0012719710126739788,1.4881386,9.833619,1196
91,0.0021546933709677934,2.2226017,6.9926877,2026
92,0.0023673975536891946,2.9231484,8.097575,2226
93,0.002215314063043393,1.49514,5.8799367,2083
94,0.0010092813470130484,1.5751137,7.740161,949
95,0.017380058770165685,1.5982099,10.145092,16342
96,0.000571110730606962,1.3510697,5.621481,537
97,0.002232330397661105,3.130903,8.921023,2099
98,0.0031171797977821336,3.2612917,8.054125,2931
99,0.001714395712734493,2.4174645,12.864395,1612
100,0.0003339455668725998,1.1905845,5.8972363,314
101,3.296914832181717e-05,0.8744643,1.937187,31
102,0.0008146570198229663,1.6399292,8.916469,766
103,0.0019792124202226377,2.9291835,11.896952,1861
104,0.031076081095596706,1.1338303,4.3528576,29220
105,0.00018398911805401198,0.8768238,2.1847577,173
106,0.0005253793313218608,1.7544757,6.1739902,494
107,4.573139928510124e-05,0.7434026,1.329351,43
108,8.508167308856045e-05,0.9454488,2.779492,80
109,0.0015761379939655824,1.4777769,4.86258,1482
110,0.20642728228929258,6.2374,19.533485,194098
111,0.001728221484611384,3.0890543,10.637699,1625
112,0.0003584065478855609,1.6600598,8.657065,337
113,0.02463433492187907,1.5940633,5.268594,23163
114,0.0006668276128315925,1.517427,7.7475033,627
115,0.003230976535538083,1.3296015,5.7566614,3038
116,0.008382671841050418,2.3095636,9.30873,7882
117,0.0019164646863198242,3.2161255,10.111513,1802
118,0.0007253212630799778,1.9046767,7.8452797,682
119,0.002666246930412763,3.9306064,12.7282715,2507
120,0.009143089294279427,2.1132588,6.456835,8597
121,0.0018303194923176567,2.3580837,11.510303,1721
122,0.0012443194689201965,2.796577,12.8933115,1170
123,0.0008986751719979197,1.8707045,8.526078,845
124,0.009385572062581825,40.84813,72.003784,8825
125,0.0005870635443110671,1.5588031,8.301699,552
126,0.07097406816956352,8.533213,41.18274,66735
127,0.004167938460425855,1.0605474,3.885852,3919
128,0.0026928349532529382,2.7625098,9.142106,2532
129,0.00014038476059612475,0.90028036,2.3129294,132
130,0.0021621380173630425,1.1785611,4.5762744,2033
131,0.0005253793313218608,1.4614434,8.4133625,494
132,0.0017930962603414115,1.4441438,7.828953,1686
133,0.002452479226777755,2.784679,8.906359,2306
134,0.003630860399054317,3.2310553,10.821851,3414
135,0.0025822287782378095,1.8884816,7.8728056,2428
136,0.0030820836076331025,2.6101975,9.9908085,2898
137,0.002797060002786425,4.2472153,9.704828,2630
138,0.003239484702846939,3.8111408,9.6876545,3046
139,0.007893452220791197,2.1288502,9.4171715,7422
140,2.7651543753782147e-05,0.91559815,1.4711927,26
141,0.0015697568684839402,1.4296831,6.7289095,1476
142,0.0027353757897972185,3.5893192,12.912043,2572
143,0.0012145408833392005,1.6254241,6.084339,1142
144,0.003048050938397678,2.4182947,10.956653,2866
145,0.004064776931805975,1.5532366,10.48123,3822
146,0.0009848203660000872,1.1388993,6.6536164,926
147,0.0019483703137280343,2.9442465,11.200666,1832
148,0.0015559310966070492,1.4660337,5.2063584,1463
149,0.00012549546780562666,1.8626984,8.042167,118
150,0.002451415705864148,1.6678435,6.3317513,2305
151,0.002216377583957,3.1344585,10.136909,2084
152,0.00013719419785530372,2.3787522,11.062745,129
153,0.000563666084211713,1.9046317,8.904504,530
154,0.0036850999656482743,1.902573,8.233973,3465
155,0.00029353177215553356,1.6108699,8.384247,276
156,0.0029576516607410825,2.5668335,9.538369,2781
157,0.0002818330421058565,1.8442771,11.914542,265
158,0.0008135934989093593,1.5576172,7.106465,765
159,0.00013719419785530372,0.80550796,2.4761364,129
160,0.0008625154609352816,1.757038,7.8215995,811
161,0.002088755074324159,2.658784,9.377902,1964
162,0.0021802178728943617,3.068354,8.576009,2050
163,0.000381804007984915,1.8091493,7.906117,359
164,0.027343122688836114,2.0735025,9.306446,25710
165,0.0019685772110865675,2.3348165,12.1917715,1851
166,0.0004392341373196933,1.3714868,7.654225,413
167,0.007453154562557895,1.88962,7.794834,7008
168,0.004835829594171054,4.8517623,11.386912,4547
169,0.0015974084122377225,1.2908458,6.9318905,1502
170,0.0012815427008964417,2.110869,8.242259,1205
171,0.0015197713855444111,2.5622513,8.415085,1429
172,4.2540836544280225e-06,0.75672287,1.2090963,4
173,1.3825771876891073e-05,0.60486996,0.82516384,13
174,1.0635209136070057e-05,1.2207738,2.4689422,10
175,0.013767278226642688,1.0738196,5.2880526,12945
176,0.007703081977255542,1.53064,6.788436,7243
177,0.00131770241195908,2.244661,7.619521,1239
178,0.001915401165406217,3.2561886,11.625613,1801
179,0.002250410253192424,1.5228981,9.034256,2116
180,0.00362979687814071,1.6479238,8.315943,3413
181,0.00012124138415119864,0.93868583,3.1319587,114
182,0.09805131062999789,1.3158658,7.323307,92195
183,0.0008784682746393866,1.9134673,11.639264,826
184,0.001905829477183754,3.9009511,12.074572,1792
185,0.00040626498899787615,1.4849375,7.028367,382
186,7.870054760691842e-05,2.0475008,8.978761,74
187,0.00031054810677324564,2.2190552,11.335897,292
188,0.005086820529782308,1.8104798,8.265434,4783
189,0.00044348822097412135,1.1555429,7.5888195,417
190,0.0010390599325940445,1.3277692,6.071514,977
191,0.001719713317302528,3.3662326,8.910344,1617
192,1.701633461771209e-05,0.79202914,1.1799023,16
193,0.0019600690437777115,2.507235,7.5375805,1843
194,0.0041551762094625706,2.6407282,8.383523,3907
195,0.0025875463828058448,2.897388,10.147751,2433
196,0.0008635789818488886,1.2395093,7.182252,812
197,3.82867528898522e-05,1.0962487,3.4178221,36
198,0.001475103507172917,2.2736456,6.7065005,1387
199,0.0013655608530713952,1.1601437,4.4930005,1284
200,0.0011071252710648928,1.6088053,8.19462,1041
201,0.012804791799828347,1.879018,9.590018,12040
202,0.0004094555517386972,1.6835893,8.37523,385
203,0.004647586392462615,1.8135966,8.875861,4370
204,0.01909126392015936,1.2221323,4.47096,17951
205,0.00020419601541254507,0.93494225,2.5328426,192
206,0.0021685191428446843,3.2389925,11.739334,2039
207,0.00622266086551459,1.7557472,5.224282,5851
208,0.00992371364486697,3.5219696,10.409924,9331
209,0.024236578100190052,1.2030283,4.697034,22789
210,0.00015633757430022984,1.8243911,8.468748,147
211,0.004608236118659155,2.7015219,7.868388,4333
212,0.0012145408833392005,2.205278,8.769873,1142
213,0.0006721452173996276,1.5147445,7.2547307,632
214,0.002504591751544498,0.96332353,4.415244,2355
215,0.018956196764131267,2.6476023,9.921177,17824
216,0.00022121235003025718,1.488799,8.7423,208
217,0.0019781488993090303,1.9338161,5.8286285,1860
218,0.0005041089130497206,1.654837,5.6202717,474
219,0.00010635209136070057,0.94361746,3.3535,100
220,0.0008114664570821453,1.9187843,9.692143,763
221,0.0009156915066156319,1.7254137,8.823871,861
222,0.0011751906095357411,2.2027636,7.3376846,1105
223,0.0023695245955164083,2.3687785,10.279041,2228
224,0.00324267526558776,1.2008667,3.999921,3049
225,0.002807695211922495,1.3518572,7.728029,2640
226,0.001497437446358664,1.5872496,6.014554,1408
227,1.91433764449261e-05,0.6705272,1.3951563,18
228,0.0007753067460195071,1.4537525,4.645358,729
229,0.0018388276596265128,2.9550407,9.580263,1729
230,0.0018196842831815867,1.1996983,4.527063,1711
231,0.000935898403974165,2.426218,10.285762,880
232,0.0036351144827087454,1.3820131,4.58467,3418
233,0.0002658802284017514,1.5131627,6.414068,250
234,0.0007242577421663709,1.674018,10.314095,681
235,0.007984915019361398,1.8549803,10.379568,7508
236,0.0004934737039136506,1.103544,5.752282,464
237,0.0010560762672117566,1.6838058,7.6077347,993
238,0.00020419601541254507,1.029082,4.200213,192
239,0.010418250869694227,1.1150213,6.2201734,9796
240,0.0004902831411728296,1.1890825,6.6122847,461
241,0.003212896680006764,2.1035836,7.0668445,3021
242,0.00017441742983154891,2.4674888,15.972808,164
243,0.005332493860825526,2.5736287,9.770162,5014
244,0.0001680363043499069,1.355155,5.5387897,158
245,0.002772599021773464,2.6016202,9.152775,2607
246,0.00027970600027864246,1.4224665,8.485157,263
247,0.003431981988209807,2.628107,8.757019,3227
248,1.1698730049677062e-05,0.72977614,1.4498749,11
249,0.001684617127153497,1.6454337,7.2146935,1584
250,0.0005976987534471372,1.8240224,7.0619116,562
251,0.0013591797275897533,2.9012241,7.822447,1278
252,0.00043604357457887233,1.5832888,8.011601,410
253,0.00048071145295036654,1.6107521,8.9612665,452
254,0.0003020399394643896,0.94511503,2.8167534,284
255,0.0010390599325940445,1.5840902,7.1725264,977
256,0.0036946716538707376,1.1660146,3.8954659,3474
257,0.011040410604154326,1.2778497,4.95695,10381
258,0.0030118912273350397,3.2978616,10.407295,2832
259,5.2112524766743275e-05,0.7495135,1.3634226,49
260,0.00020206897358533108,2.3407292,10.252221,190
261,0.00038499457072573603,1.2927309,6.0198317,362
262,0.0012783521381556208,1.6279197,9.717459,1202
263,0.0036595754637217064,2.1497703,8.454016,3441
264,0.004248766049859988,1.4250087,7.364073,3995
265,0.012547419738735452,1.583208,7.056949,11798
266,0.027610066438151473,2.6679783,8.803968,25961
267,0.003975441175062987,3.0188634,8.666328,3738
268,0.0003605335897127749,1.2370914,4.5938463,339
269,0.001899448351702112,1.5488293,8.534216,1786
270,0.0017207768382161352,1.7253268,6.6734495,1618
271,0.0002594991029201094,1.6870158,8.293881,244
272,0.003159720634326414,2.5941572,9.104735,2971
273,0.004365753350356758,1.8957168,6.133925,4105
274,0.002647103553967837,1.8325701,6.3909383,2489
275,0.0015038185718403059,1.7145511,6.4678955,1414
276,0.002104707888028264,3.0941968,10.474881,1979
277,0.002994874892717328,1.2452625,5.063536,2816
278,0.0038946135856288548,2.412092,6.7353754,3662
279,0.0008412450426631415,2.1190264,8.58886,791
280,0.00015633757430022984,1.107859,5.0857787,147
281,0.00012230490506480565,0.7889225,1.6338444,115
282,0.001700569940857602,1.6825144,7.4237394,1599
283,0.002998065455458149,1.7940397,10.370421,2819
284,1.4889292790498078e-05,1.5374078,3.1354344,14
285,0.0038658985209614654,1.8284707,7.7034783,3635
286,0.0002999128976371756,1.5302821,7.0085382,282
287,0.001884559058911614,1.4124992,4.559244,1772
288,0.002045150716866272,3.2511406,11.727946,1923
289,0.0014612777352960256,1.6637502,7.5030212,1374
290,0.000190370243535654,1.153434,4.771624,179
291,7.44464639524904e-05,1.3587079,5.604183,70
292,0.04806582769046862,2.9537635,9.382339,45195
293,0.0035362070377432937,1.3136495,6.3664904,3325
294,0.002037706070471023,4.3878193,11.341021,1916
295,7.338294303888339e-05,1.327661,5.0683246,69
296,0.0012645263662787298,3.1512382,10.236221,1189
297,0.01722584823769267,1.2151378,3.8003538,16197
298,0.003397949318974383,1.8536515,6.4846225,3195
299,0.0006668276128315925,0.8368113,3.770556,627
300,0.003024653478298324,1.3858128,6.507226,2844
301,0.0025333068162118875,1.8533142,5.2829995,2382
302,0.0016208058723370766,2.10017,9.738951,1524
303,0.0023120944661816304,3.4022183,11.571694,2174
304,0.001678236001671855,2.4866226,10.13225,1578
305,0.0051750927656116896,1.8302778,7.0569777,4866
306,0.000761480974142616,1.4652888,7.529851,716
307,0.000743401118611297,1.5607888,6.464893,699
308,0.0014740399862593098,3.089582,10.068734,1386
309,0.0010954265410152157,1.0420862,4.2559886,1030
310,0.0014038476059612475,1.2866862,6.257381,1320
311,0.0014336261915422436,2.8190925,9.519144,1348
312,0.003049114459311285,2.2116318,15.138709,2867
313,0.000581745939743032,1.5354183,8.524266,547
314,0.020229231297718853,2.0106833,7.25783,19021
315,0.0021515028082269723,2.6423073,10.859178,2023
316,0.0009858838869136943,1.3305634,7.256492,927
317,0.0004317894909244443,1.165968,6.7853136,406
318,0.006331139998702505,1.6196247,8.660645,5953
319,0.006117372295067497,2.482106,10.41315,5752
320,7.44464639524904e-05,0.4936236,0.7755142,70
321,0.030766596509737065,1.6674359,7.620028,28929
322,0.001700569940857602,1.706093,6.4613934,1599
323,9.997096587905853e-05,0.6751186,1.9573525,94
324,0.0035649221024106827,2.7414563,8.618194,3352
325,0.0015059456136675199,1.7057321,10.3937025,1416
326,0.00040413794717066216,1.7684736,9.332867,380
327,0.0016197423514234695,1.3241508,4.782077,1523
328,0.007170257999538432,3.0243294,10.266923,6742
329,0.0014219274614925665,1.3854891,6.712917,1337
330,0.0010901089364471809,1.4448274,8.077885,1025
331,0.0006349219854233823,1.3533362,5.9595013,597
332,3.190562740821017e-05,1.1532915,3.1534252,30
333,0.0017888421766869835,3.2824917,9.976379,1682
334,0.0014857387163089869,1.7815627,6.6841087,1397
335,0.0007189401375983358,1.5483042,6.3954716,676
336,0.002649230595795051,1.8039478,10.879044,2491
337,0.021479931892120694,1.0316205,5.667608,20197
338,0.0015452958874709792,1.5476214,6.714502,1453
339,0.0012804791799828348,1.9785655,8.192946,1204
340,0.09320697286851798,3.6717982,13.191454,87640
341,0.0009869474078273012,1.7556973,8.289962,928
342,0.004639078225153759,0.9789175,3.4774954,4362
343,0.0014134192941837106,1.3902328,6.1631513,1329
344,2.233393918574712e-05,1.5199519,3.796207,21
345,0.00017654447165876293,1.0243295,3.8547542,166
346,0.0004169001981339462,2.0732925,7.8112617,392
347,0.0007838149133283631,1.8624583,13.778858,737
348,0.002021753256766918,4.033219,14.082188,1901
349,0.0002424827683023973,1.6102445,7.5767274,228
350,0.0009146279857020249,1.8787484,11.561249,860
351,0.0004317894909244443,1.6130602,11.971884,406
352,0.002256791378674066,2.2346985,9.732147,2122
353,0.0023822868464796927,1.416207,6.421968,2240
354,5.2112524766743275e-05,1.4950358,3.6472952,49
355,0.0006976697193261957,1.8504541,8.816209,656
356,0.0016590926252269289,3.130658,11.056995,1560
357,0.00024886389378403934,1.5579737,4.6091313,234
358,0.0100800512191672,2.5929801,9.3528385,9478
359,0.002033451986816595,1.7814707,9.94231,1912
360,0.0003275644413909577,1.3877816,5.1557474,308
361,0.00019887841084451004,2.5346365,10.619214,187
362,0.001514453780976376,1.8217218,8.244094,1424
363,0.00316822880163527,3.0561454,9.638738,2979
364,0.006365172667937929,2.5988657,8.464999,5985
365,0.001718649796388921,1.5011381,6.1260953,1616
366,0.0020111180476308477,1.45903,4.346735,1891
367,0.0022014882911665016,2.5856304,10.000332,2070
368,0.000760417453229009,1.4773498,9.234776,715
369,0.0029629692653091178,1.6184748,8.037569,2786
370,0.0003020399394643896,1.6441628,13.243323,284
371,0.0001318765932872687,1.2829316,5.6870527,124
372,0.0014676588607776678,3.3722265,7.571309,1380
373,0.0017441742983154893,3.476973,11.295611,1640
374,0.005422893138482121,1.3013117,5.8505416,5099
375,0.0027236770597475414,1.3571665,5.937855,2561
376,0.0010720290809158616,1.6093916,9.276902,1008
377,0.017734211234396818,1.3344156,4.440977,16675
378,0.00046263159741904747,1.3032955,4.49476,435
379,0.0183691332198202,4.412615,10.107448,17272
380,0.0055303087507564295,1.213019,4.1618905,5200
381,0.0023216661544040933,3.24503,9.924347,2183
382,0.009956682793188787,2.7313697,5.9338455,9362
383,0.00038712161255295,1.8743545,9.235402,364
384,0.01717692627566675,1.7618527,9.434028,16151
385,0.0001722903880043349,1.2812228,3.978358,162
386,0.0027045336833026153,3.261418,8.854246,2543
387,0.028267322362760604,1.7467295,7.558998,26579
388,0.0005253793313218608,1.7497832,7.8977103,494
389,0.0019132741235790031,2.133813,8.775023,1799
390,0.0005062359548769346,1.4436222,5.0157614,476
391,9.57168822246305e-06,0.9200946,1.3519081,9
392,0.002644976512140623,3.4706545,11.784356,2487
393,0.000568983688779748,1.754242,9.132528,535
394,0.0001510199697321948,1.7700667,8.4762535,142
395,8.189111034773943e-05,1.7864318,4.5463886,77
396,0.00036691471519441696,1.6449784,10.461325,345
397,0.007618000304166981,1.9707911,6.2196093,7163
398,0.0014485154843327417,1.3627386,6.3785605,1362
399,0.0016739819180174268,3.9640155,12.139902,1574
400,0.00021589474546222215,1.281369,7.743719,203
401,0.0022419020858835677,1.417279,6.603031,2108
402,0.11535373237347026,1.5778294,8.024276,108464
403,0.00027226135388339344,1.2532613,7.361561,256
404,3.1905627408210167e-06,0.8173781,1.4946176,3
405,0.005216570081242363,1.657536,5.5251536,4905
406,0.0031969438663026588,1.4961872,6.8889313,3006
407,0.003778689806045691,1.3244232,4.1226015,3553
408,0.005455862286803939,2.6273289,10.231703,5130
409,0.00242589120393758,2.681163,9.314353,2281
410,0.004405103624160217,2.4418817,12.05437,4142
411,0.005539880438978892,1.4898685,7.1496744,5209
412,0.10474511126024037,1.781342,7.7132897,98489
413,0.002417383036628724,4.0271273,10.959196,2273
414,0.005444163556754262,1.7112712,6.108235,5119
415,0.002621579052041269,3.6403332,12.137851,2465
416,0.010043891508104561,1.4942539,5.855142,9444
417,0.001880304975257186,2.1825027,7.501576,1768
418,0.000381804007984915,1.6634758,7.885905,359
419,0.0020153721312852757,1.5936133,9.232484,1895
420,0.003990330467853485,2.7265224,9.510017,3752
421,0.0028140763374041367,2.6467981,16.636374,2646
422,0.0032681997675143284,1.1367291,4.847552,3073
423,0.0031363231742270598,1.3707432,5.5917716,2949
424,0.01655370302029304,4.129959,13.406841,15565
425,1.3825771876891073e-05,0.7347418,1.3129225,13
426,0.002101517325287443,3.397924,11.238549,1976
427,0.0019558149601232836,2.1506033,9.791404,1839
428,0.0002903412094147125,1.2069554,9.46677,273
429,0.0018824320170844,1.887532,8.6027,1770
430,0.008510294350683258,1.9859489,10.4680395,8002
431,0.00010422504953348655,0.6253661,1.5122732,98
432,0.0025939275082874865,1.5052564,6.8747787,2439
433,0.003175673448030519,2.7191918,9.940766,2986
434,1.0635209136070056e-06,1.0606699,1.0606699,1
435,0.0061769294662294884,2.8807929,12.236067,5808
436,0.004158366772203392,4.1735716,13.532232,3910
437,9.997096587905853e-05,1.6062032,5.855438,94
438,0.0012549546780562667,2.047037,9.188503,1180
439,0.0009656769895551611,1.3690385,5.1355343,908
440,0.00565793126038927,3.9328313,10.854641,5320
441,0.0021419311200045095,1.6488711,7.696364,2014
442,4.9985482939529265e-05,1.0632641,3.049589,47
443,0.0030905917749419584,1.2823846,7.706284,2906
444,0.0017941597812550184,1.6158742,8.429639,1687
445,0.0034415536764322704,1.6271834,7.3259454,3236
446,0.013831089481459108,6.0858684,21.823992,13005
447,0.00019675136901729605,2.2418942,12.178603,185
448,0.0016633467088813568,2.3135505,8.100176,1564
449,0.00036691471519441696,1.4122856,8.257347,345
450,0.0009167550275292389,1.618381,6.313,862
451,2.446098101296113e-05,0.6860454,1.2984289,23
452,0.005953590074372017,1.5213493,5.971583,5598
453,0.00010528857044709356,0.72599345,1.9379724,99
454,0.0015516770129526212,1.6670082,6.4699745,1459
455,0.0018537169524170108,1.4284017,4.421302,1743
456,0.0002594991029201094,1.2646996,4.3417296,244
457,0.002279125317859813,3.399826,10.35796,2143
458,0.0009997096587905853,1.410906,4.3931375,940
459,0.0018611615988122598,1.109175,3.5748868,1750
460,3.509619014903119e-05,0.7413845,1.5861706,33
461,0.020374933662883014,2.3248813,7.3271165,19158
462,0.00010209800770627253,1.7749074,7.2604966,96
463,0.03532697418728391,1.3352848,5.868644,33217
464,8.508167308856045e-06,0.63646203,0.97509253,8
465,0.0012262396133888775,1.7789375,8.134271,1153
466,0.0010794737273111107,1.7439696,10.665427,1015
467,0.0021195971808187623,1.5109558,9.053008,1993
468,0.0022493467322788167,1.5998055,9.944047,2115
469,0.0031469583833631295,2.0181866,9.052514,2959
470,0.0008571978563672465,2.870964,9.562064,806
471,0.06835674320117668,1.2103157,4.7856264,64274
472,0.0010433140162484724,1.6369572,6.1266484,981
473,0.001111379354719321,1.483978,8.773346,1045
474,0.07632889596957479,2.1656537,8.374949,71770
475,3.1905627408210167e-06,1.1876082,1.5358868,3
476,6.700181755724135e-05,0.93179244,2.5973175,63
477,0.0017314120473522052,1.7797703,6.439282,1628
478,0.015317891718681703,1.9935117,7.8284507,14403
479,9.46533613110235e-05,2.7645335,9.605099,89
480,0.0018675427242939018,3.2107687,9.748231,1756
481,0.010986171037560367,1.4223858,5.5421934,10330
482,0.00240462078566544,2.9671218,8.807091,2261
483,4.2540836544280225e-06,0.7082117,0.9696842,4
484,0.001900511872615719,3.2773066,9.968548,1787
485,0.002309967424354416,2.3548818,8.289766,2172
486,0.0005392051031987518,1.6237653,8.327879,507
487,0.0024227006411967587,4.266885,11.126324,2278
488,0.004122207061140754,1.7653693,7.667071,3876
489,0.0014219274614925665,1.4475567,9.087699,1337
490,0.006316250705912007,2.1204736,8.274646,5939
491,0.0003137386695140667,1.5554458,7.6006436,295
492,0.0020238802985941317,2.2632103,8.141678,1903
493,4.254083654428023e-05,0.80635226,1.7019982,40
494,0.012767568567852102,1.7254115,9.092097,12005
495,8.189111034773943e-05,1.6750574,8.1600275,77
496,9.57168822246305e-06,0.90655524,1.6424485,9
497,0.001678236001671855,1.973629,13.2152405,1578
498,0.00015633757430022984,1.1331553,4.6355953,147
499,0.000550903833248429,1.8683523,10.737455,518
500,0.00023610164282075524,1.6998143,6.431272,222
501,0.000773179704192293,1.2296197,5.504452,727
502,0.0003031034603779966,1.5527453,10.886723,285
503,0.0027194229760931134,1.4929357,4.7187967,2557
504,0.0002244029127710782,2.0213094,9.004654,211
505,0.0038584538745662163,2.8433144,9.742897,3628
506,0.0006732087383132346,1.3791264,7.6436453,633
507,0.003364980170652566,1.178303,3.7738357,3164
508,0.00027119783296978645,1.8252974,9.12426,255
509,0.002283379401514241,1.6393616,7.4905157,2147
510,0.005036835046842779,1.8092997,9.68946,4736
511,0.0036829729238210605,2.8072028,8.873381,3463
512,0.0014442614006783137,3.082037,13.188197,1358
513,0.0018473358269353688,2.417276,8.728726,1737
514,0.0001137967377559496,1.6315229,5.7439084,107
515,0.0015761379939655824,1.4218285,4.8563566,1482
516,0.0002828965630194635,1.7750009,9.946454,266
517,0.0007508457650065459,1.2366612,9.970834,706
518,0.0025503231508295994,1.80689,10.652148,2398
519,0.0030671943148426043,1.6422744,8.23619,2884
520,0.00046475863924626146,1.3826147,7.3558173,437
521,0.0038967406274560685,2.2867846,8.815436,3664
522,0.00017654447165876293,1.2534846,3.6289248,166
523,0.0006849074683629116,2.9046137,12.410652,644
524,0.003558540976929041,1.5097234,6.48486,3346
525,0.0016792995225854619,2.1081393,7.8347917,1579
526,0.001304940160995796,1.6110054,10.342154,1227
527,0.00023503812190714824,1.7371441,7.2585254,221
528,0.002484384854185965,2.0376713,8.001174,2336
529,0.0038403740190348975,1.9061954,11.848298,3611
530,0.00011592377958316362,1.1199582,3.0595074,109
531,0.0047124611681926415,0.9792577,2.9923317,4431
532,0.0005955717116199232,2.0239758,9.42664,560
533,0.00229082404790949,3.7613382,11.774464,2154
534,0.0034862215548037644,1.7494935,7.978462,3278
535,3.403266923542418e-05,0.7050068,1.4883766,32
536,0.0034649511365316245,2.1860096,8.810483,3258
537,0.0026800727022896543,3.7927413,12.578489,2520
538,0.0016378222069547887,2.7230241,10.4515705,1540
539,0.0006593829664363435,1.4779702,6.4353733,620
540,0.0004998548293952927,1.5569909,7.600621,470
541,0.006585321497054579,1.500944,6.378765,6192
542,0.016727056929210983,1.96034,10.814508,15728
543,0.003577684353373967,2.0925207,8.296735,3364
544,0.002835346755676277,3.6728077,11.328744,2666
545,0.0013028131191685818,1.7912141,12.466227,1225
546,0.0012187949669936284,2.62316,11.937458,1146
547,4.041379471706622e-05,1.0641155,3.4375272,38
548,0.0007901960388100052,2.4016428,10.468289,743
549,0.005566468461819067,0.993993,4.473605,5234
550,0.002842791402071526,1.9785872,9.342758,2673
551,0.006916076501186357,1.1356013,4.0345497,6503
552,0.003419219737246523,2.2277124,9.60903,3215
553,0.0027906788773047826,1.1677192,3.6987767,2624
554,0.0006795898637948766,1.379373,5.6609964,639
555,0.06267435095977444,1.0640393,4.708251,58931
556,0.0015399782829029441,1.6366724,8.186979,1448
557,0.0011953975068942743,1.6864334,8.381035,1124
558,0.005432464826704585,1.9540642,9.010984,5108
559,0.005794061937330967,2.5873513,9.285026,5448
560,0.000581745939743032,1.7092261,8.802916,547
561,0.00210258084620105,2.469872,11.664061,1977
562,0.0021674556219310774,1.2905753,5.4136057,2038
563,0.0017314120473522052,2.9489827,10.124803,1628
564,0.0021876625192896104,4.583407,13.478048,2057
565,9.571688222463051e-05,1.7337948,9.376819,90
566,0.006590639101622614,2.0330706,8.04238,6197
567,0.012868603054644769,1.986144,6.970895,12100
568,0.0021738367474127196,2.6782122,11.183147,2044
569,0.0027002795996481873,1.3899342,6.579874,2539
570,0.0005445227077667869,2.0347192,8.929105,512
571,0.0017473648610563102,3.188236,7.9397597,1643
572,0.00038286752889852204,1.5133523,8.413263,360
573,0.0020313249449893807,3.1466272,8.889402,1910
574,0.0001137967377559496,1.5643307,7.504961,107
575,8.508167308856045e-06,0.77085686,1.1194136,8
576,0.0024907659796676073,3.1573842,10.763537,2342
577,0.0053856699065058765,2.9491835,10.409366,5064
578,0.000190370243535654,1.7768618,6.452029,179
579,0.000550903833248429,1.3894854,9.194767,518
580,0.004285989281836233,1.5894461,3.7205324,4030
581,0.0031118621932140983,1.2149309,3.9397588,2926
582,0.010459728185324901,1.339204,6.299084,9835
583,0.00928028349213473,33.26333,54.94687,8726
584,0.013707721055480696,1.6282866,4.2332296,12889
585,0.000949724175851056,2.0764399,9.382255,893
586,8.295463126134644e-05,1.5310651,8.474931,78
587,0.014851006037608227,1.1055737,4.913354,13964
588,0.0004775208902095455,1.4054793,6.711048,449
589,0.0017548095074515593,2.910637,12.308585,1650
590,0.00405945932723794,2.2153635,8.421866,3817
591,0.0006349219854233823,2.4868402,9.478166,597
592,0.0017133321918208861,4.41083,17.081501,1611
593,0.006348156333320217,1.644069,7.572331,5969
594,0.0002637531865745374,1.4610174,4.348325,248
595,0.0035340799959160795,2.3204,7.953554,3323
596,7.870054760691842e-05,1.0514498,3.077305,74
597,0.002693898474166545,3.518214,8.286848,2533
598,0.0014474519634191346,1.2942469,7.275125,1361
599,0.016982301948476667,2.3141232,10.812095,15968
600,0.0010571397881253635,1.3331168,7.4341154,994
601,0.013151499617664231,1.4786694,4.6230383,12366
602,0.001690998252635139,3.9855158,8.472788,1590
603,0.001670791355276606,2.9963102,9.84876,1571
604,0.020253692278731816,1.6856706,7.968869,19044
605,0.011172287197441594,1.3477223,5.959293,10505
606,0.001325147058354329,2.8288362,11.072534,1246
607,0.0005275063731490748,1.0100951,5.111894,496
608,0.0029629692653091178,3.790706,10.39301,2786
609,0.0002637531865745374,1.4867848,9.3073,248
610,8.508167308856045e-06,0.6191317,0.76758164,8
611,0.00042221780270198123,2.0756607,7.3737874,397
612,0.0016239964350778975,2.2754173,9.079923,1527
613,0.00011486025866955661,2.433899,9.8558655,108
614,0.0027417569152788607,2.7879577,10.230338,2578
615,0.006733150904045953,2.0620463,8.930488,6331
616,3.935027380345921e-05,0.95751965,2.2057369,37
617,0.0006444936736458454,1.0241563,6.021995,606
618,1.8079855531319095e-05,3.2753682,6.794083,17
619,0.0023705881164300157,3.566227,10.119192,2229
620,3.190562740821017e-05,1.2089033,2.5453799,30
621,0.0001329401142008757,1.8961699,6.530156,125
622,0.0029406353261233705,3.8353393,10.297368,2765
623,0.0025684030063609187,2.7328653,14.211554,2415
624,0.004755002004736922,2.2383292,8.550347,4471
625,0.0016388857278683956,1.3993527,6.0149245,1541
626,0.002842791402071526,1.9861524,8.921086,2673
627,0.0003403266923542418,2.209134,8.462142,320
628,0.001900511872615719,4.3306713,13.327956,1787
629,0.013180214682331621,3.4292614,11.278852,12393
630,0.0005753648142613901,1.8283921,7.7843757,541
631,0.0004190272399611602,1.344843,5.3985496,394
632,0.0008827223582938147,1.7814653,10.792961,830
633,0.002850236048466775,2.2098477,9.140752,2680
634,0.0020047369221492055,1.3575915,5.9682283,1885
635,0.004852845928788767,2.5681317,7.883457,4563
636,0.0019590055228641042,4.0245275,9.429706,1842
637,0.000944406571283021,1.890302,8.350116,888
638,0.0038371834562940764,2.4794383,7.426631,3608
639,0.002772599021773464,2.6367724,10.191544,2607
640,0.0031150527559549194,2.5059896,7.5851703,2929
641,0.0025056552724581054,2.2406147,7.944784,2356
642,0.004862417617011229,2.0543637,8.485039,4572
643,0.0012262396133888775,1.6580019,6.889711,1153
644,0.0008540072936264255,1.729881,8.3717985,803
645,0.012147535875219218,2.3524573,10.328637,11422
646,2.233393918574712e-05,1.9350913,7.05794,21
647,0.0008827223582938147,2.0579417,9.03766,830
648,0.012701630271208467,2.0099325,9.865735,11943
649,0.0009667405104687681,1.9443624,7.4175763,909
650,0.0002265299545982922,2.4465888,11.414633,213
651,0.0023844138883069065,1.5347593,6.0140824,2242
652,0.002609880321991592,2.6369731,11.090412,2454
653,0.0009093103811339898,1.6636637,7.7154455,855
654,0.0005349510195443238,1.3690487,10.309526,503
655,0.02273488657017696,1.5422387,6.1811023,21377
656,3.1905627408210167e-06,0.81568956,0.9117341,3
657,0.0027428204361924675,4.5316133,13.156512,2579
658,0.00355535041418822,1.4859879,6.3152,3343
659,0.005640914925771558,1.2454273,5.5954137,5304
660,0.0021642650591902563,1.2987995,5.8964577,2035
661,0.00374359361589666,1.3952968,9.524786,3520
662,0.003174609927116912,2.6623633,8.713131,2985
663,0.0018654156824666878,3.1335025,9.908169,1754
664,0.001894130747134077,4.292707,11.325094,1781
665,1.2762250963284067e-05,0.752999,1.4977102,12
666,0.006534272493201442,2.00779,9.211335,6144
667,0.003325629896849107,2.3261247,11.420816,3127
668,0.0007870054760691842,1.301096,6.858168,740
669,0.0004753938483823315,1.5786258,8.653846,447
670,0.006921394105754392,1.2714881,6.6611834,6508
671,0.009935412374916646,1.6151702,7.2326217,9342
672,0.0010188530352355115,2.1382082,8.491849,958
673,0.000561539042384499,1.6443859,6.9262652,528
674,0.004800733404022023,2.7779977,9.591672,4514
675,0.0025801017364105957,1.6971133,5.2316823,2426
676,0.0017484283819699173,3.8218923,10.452469,1644
677,0.0026013721546827356,1.440667,5.65081,2446
678,0.0019494338346416414,3.4355173,15.741808,1833
679,0.0005360145404579308,1.9364187,13.721913,504
680,0.0011805082141037762,2.138415,9.7191105,1110
681,0.001323020016527115,1.8153684,10.236606,1244
682,0.004599727951350299,4.247841,13.055981,4325
683,0.00500067533578014,2.0270886,8.39762,4702
684,0.0012592087617106947,3.2950969,11.127434,1184
685,2.1270418272140113e-06,0.76727724,0.77624744,2
686,0.00243652641307365,1.7765309,9.447465,2291
687,0.002298268694304739,1.3214629,6.378552,2161
688,0.005217633602155969,1.4436433,6.2223096,4906
689,0.0029363812424689426,2.666958,11.200031,2761
690,0.0014155463360109245,1.201255,3.922732,1331
691,0.002465241477741039,3.2084816,8.257421,2318
692,0.0006327949435961683,2.1072621,16.599268,595
693,0.0012368748225249475,1.2852983,4.9270277,1163
694,0.0009305807994061299,1.345991,6.251187,875
695,0.006165230736179811,2.2720063,8.068302,5797
696,0.0002850236048466775,1.15801,4.659811,268
697,7.44464639524904e-05,0.73632157,1.6540449,70
698,0.002607753280164378,0.97374356,3.3134735,2452
699,0.00023716516373436226,1.5228732,6.9901433,223
700,0.0005434591868531799,1.4029899,8.554399,511
701,7.444646395249039e-06,1.517223,2.4178712,7
702,0.0019441162300736063,2.990381,11.136489,1828
703,0.002606689759250771,1.6105698,5.96836,2451
704,0.002496083584235642,0.9570864,2.3890738,2347
705,0.0018069220322183025,1.7009367,5.3047214,1699
706,0.005526054667102001,1.5940722,4.860478,5196
707,0.00045731399285101244,1.5434487,6.555127,430
708,0.0005604755214708919,1.2693214,6.3239098,527
709,8.933575674298847e-05,0.8634936,2.8904247,84
710,0.0002807695211922495,1.758957,13.184927,264
711,0.001119887522028177,1.6129819,8.941909,1053
712,0.0003945662589481991,1.9422946,8.967543,371
713,0.0016792995225854619,2.3868027,11.595171,1579
714,0.002860871257602845,3.733526,12.339694,2690
715,0.0023163485498360584,1.7028552,6.421936,2178
716,2.1270418272140113e-06,0.6121795,0.72273487,2
717,0.001730348526438598,1.4380153,4.5090656,1627
718,0.00034883485966309783,0.8895674,2.656929,328
719,0.0009008022138251337,1.3290012,8.587607,847
720,0.0015197713855444111,1.1303658,4.052733,1429
721,0.0015612487011750842,2.795562,7.6561675,1468
722,0.004060522848151548,2.2786474,8.115635,3818
723,0.0015655027848295122,1.5317494,7.2677283,1472
724,0.00022546643368468518,1.6870804,7.9627347,212
725,1.701633461771209e-05,0.7191631,1.1889939,16
726,0.0024429075385552917,1.560298,5.751245,2297
727,0.0023482541772442684,1.7950774,7.151767,2208
728,0.007058588303609697,2.0189674,11.55995,6637
729,3.1905627408210167e-06,0.65658826,0.7363962,3
730,0.007752003939281464,1.2980052,6.387549,7289
731,2.6588022840175142e-05,1.2541748,4.130955,25
732,0.004967706187458323,2.4916327,11.257646,4671
733,0.0001308130723736617,0.9134911,4.752119,123
734,0.00210258084620105,2.515894,9.34646,1977
735,0.007764766190244748,1.2576782,5.7818637,7301
736,0.0031224974023501685,2.82743,12.202222,2936
737,0.0007040508448078377,2.2147148,6.4855576,662
738,0.0030235899573847168,1.9518356,10.406087,2843
739,0.0014825481535681658,3.4243724,11.729579,1394
740,0.0006997967611534096,2.8883595,9.796683,658
741,0.003605335897127749,4.484485,14.81497,3390
742,0.0029597787025682967,3.1173353,10.306439,2783
743,0.0024790672496179302,2.9443042,10.639265,2331
744,0.003044860375656857,3.9744184,11.550042,2863
745,0.0005243158104082538,1.7139273,7.706781,493
746,0.0002999128976371756,0.8587194,2.3753316,282
747,0.0004956007457408646,1.6567203,7.859901,466
748,0.0037382760113286247,1.3902326,5.4082136,3515
749,0.0035564139351018267,1.2039126,4.9086556,3344
750,0.001496373925445057,2.0796597,11.270789,1407
751,0.0032054520336115147,2.2545125,8.64211,3014
752,0.00012336842597841265,2.1009946,10.663863,116
753,0.0,0.0,0.0,0
754,0.0008763412328121726,1.3047495,6.2121506,824
755,0.0021961706865984668,2.1021643,11.461229,2065
756,0.008425212677594699,1.7701923,7.2430596,7922
757,0.00010847913318791457,1.8297677,7.057879,102
758,0.0024152559948015097,3.2260127,10.681787,2271
759,4.360435745788723e-05,0.77239007,1.1108204,41
760,0.001352798602108111,1.7823911,9.284455,1272
761,4.679492019870825e-05,1.3019593,3.7020204,44
762,0.00029246825124192656,1.0121409,3.879319,275
763,0.0006785263428812695,1.1119008,4.610893,638
764,0.0022450926486243888,2.7401752,8.949376,2111
765,0.0001116696959287356,0.94793165,2.3046403,105
766,0.0007955136433780402,1.5829295,6.4620986,748
767,0.0010869183737063598,1.3905599,6.6716185,1022
768,0.002274871234205385,1.7758399,9.571786,2139
769,6.381125481642034e-05,2.2278516,9.548589,60
770,0.002816203379231351,2.050825,6.206793,2648
771,0.0034500618437411264,1.4276415,6.7616715,3244
772,0.009009085659164945,27.542381,48.04416,8471
773,0.0004115825935659112,1.4338579,5.1573277,387
774,0.00019568784810368903,1.9745646,6.2790723,184
775,0.000565793126038927,1.4326689,7.9338617,532
776,0.001507009134581127,1.4151242,5.86752,1417
777,0.0011145699174601419,1.4957154,6.939225,1048
778,0.13556701085748502,2.3802292,10.334048,127470
779,0.0016761089598446408,1.7860206,7.8000836,1576
780,0.0018515899105897968,3.2588313,9.02425,1741
781,0.0009337713621469509,2.1743255,8.211925,878
782,0.00011592377958316362,1.0501391,4.222663,109
783,0.00040520146808426915,1.0632608,3.3668745,381
784,0.04450196910897154,2.0059104,8.052649,41844
785,0.0006753357801404486,1.419617,6.6459174,635
786,0.0021865989983760035,5.0234084,12.558978,2056
787,0.00279174239821839,3.1940181,9.894465,2625
788,0.0029416988470369774,2.164328,8.9656925,2766
789,0.12777884720714092,1.6329172,9.405903,120147
790,0.0036787188401666325,4.558762,11.72342,3459
791,0.009053753537536438,31.19409,56.3889,8513
792,0.008612392358389532,1.196875,4.882613,8098
793,0.0013655608530713952,2.043749,7.1846166,1284
794,7.444646395249039e-06,0.70213836,1.0727259,7
795,0.005301651754330923,2.1358566,11.759445,4985
796,0.002203615332993716,1.6174457,7.391108,2072
797,0.00014357532333694577,2.0663154,8.491044,135
798,0.0006370490272505964,1.869892,7.904524,599
799,0.005392051031987519,2.608066,8.669172,5070
800,0.0006966061984125887,1.9506525,7.5532517,655
801,0.0017207768382161352,2.1931455,7.252113,1618
802,0.0020079274848900266,1.7613015,7.2259345,1888
803,0.003427727904555379,3.235208,9.727262,3223
804,0.0026726280558944052,3.6623638,10.6703,2513
805,0.009635499477279472,1.7208794,11.0635195,9060
806,0.0034809039502357295,1.6410142,7.577618,3273
807,0.0001308130723736617,1.3982538,4.7084913,123
808,0.002649230595795051,3.1770556,9.296924,2491
809,0.002282315880600634,3.3618517,9.965686,2146
810,0.0029278730751600866,1.1669706,6.1707616,2753
811,0.0023737786791708368,1.1480145,3.8152905,2232
812,4.041379471706622e-05,1.1230607,3.0315776,38
813,0.0001669727834362999,1.7898004,8.86342,157
814,0.003027844041039145,2.3367748,11.120381,2847
815,0.0017601271120195943,1.8786021,7.9091067,1655
816,0.0018186207622679796,4.275199,11.036003,1710
817,0.0017782069675509134,2.1099923,7.9396515,1672
818,0.001131586252077854,2.3629398,8.031783,1064
819,0.0016027260168057574,3.246389,9.584807,1507
820,3.1905627408210167e-06,0.41495174,0.6006464,3
821,0.0023769692419116574,3.4816847,9.161343,2235
822,0.0021727732264991127,3.3142962,9.290911,2043
823,0.0015452958874709792,1.403082,7.309675,1453
824,0.00017760799257236993,1.4259882,6.445807,167
825,0.003085274170373923,2.9036236,12.014758,2901
826,0.06283175205498828,1.8765873,7.814778,59079
827,0.00407753918276926,1.4121138,4.8316283,3834
828,0.0011645554003996712,2.1097522,9.526882,1095
829,0.0003031034603779966,1.2786504,6.3337526,285
830,0.0008816588373802077,0.9118547,3.40873,829
831,0.0010911724573607878,1.7819445,7.206818,1026
832,9.252631948380949e-05,0.86174756,2.4208617,87
833,0.00324267526558776,4.0353546,10.522656,3049
834,0.003798896703404224,4.5413113,10.685683,3572
835,0.0036042723762141422,4.2014694,11.222735,3389
836,0.0017952233021686255,1.4092381,4.227019,1688
837,0.0019600690437777115,1.9801654,7.8162007,1843
838,0.0005604755214708919,1.1567402,4.1245985,527
839,0.00048071145295036654,1.5068249,8.498663,452
840,0.0002265299545982922,1.5081323,6.123631,213
841,0.002434399371246436,2.026173,7.096964,2289
842,5.6366608421171295e-05,1.2858782,5.9149103,53
843,0.00015952813704105085,1.9662882,10.363374,150
844,0.00038712161255295,1.0745136,3.86866,364
845,4.2540836544280225e-06,0.71057147,0.9334123,4
846,0.005126170803585767,1.1067634,4.774165,4820
847,0.006473651801125843,0.9953975,3.5898693,6087
848,0.007024555634374272,1.4244727,6.2152967,6605
849,0.0005423956659395729,1.4958922,14.257351,510
850,0.0026992160787345804,3.438044,10.281298,2538
851,0.0007774337878467211,1.544146,6.890779,731
852,0.00112945921025064,2.8403463,9.226034,1062
853,0.07538661644011899,3.5529492,11.0351095,70884
854,0.0011975245487214883,1.7471304,9.332583,1126
855,0.00019994193175811706,1.8486557,10.628215,188
856,0.019525180452911017,1.4602922,6.290325,18359
857,0.0021876625192896104,3.257741,9.927947,2057
858,0.0023216661544040933,2.0251944,6.837227,2183
859,0.000186116159881226,0.87646353,2.6273215,175
860,0.00407009453637401,2.4716835,7.5830917,3827
861,0.000953978259505484,1.6853757,6.709239,897
862,0.0009826933241728732,1.5512822,12.291416,924
863,0.000190370243535654,0.850087,2.8640077,179
864,0.002125978306300404,2.331482,7.149374,1999
865,2.1270418272140114e-05,1.0979218,2.0181277,20
866,0.0056483595721668065,1.3299147,6.5395555,5311
867,0.0024354628921600427,1.9851614,7.382115,2290
868,0.0012581452407970876,1.958572,8.74312,1183
869,0.0024120654320606886,1.4796386,6.7402487,2268
870,0.00024035572647518327,1.73541,6.7222085,226
871,0.0008731506700713516,2.3676653,9.400105,821
872,0.0004839020156911876,1.5899619,10.382497,455
873,0.0017207768382161352,1.9007415,9.74102,1618
874,0.0008348639171814994,1.6675167,7.439362,785
875,0.004345546452998225,1.6519521,7.3110166,4086
876,0.00010635209136070057,1.3771142,4.7468443,100
877,0.004206225213315707,4.414745,11.369261,3955
878,0.00571855195246487,1.7261807,7.9823117,5377
879,0.0033075500413177875,2.110641,8.658351,3110
880,0.001889876663479649,1.1965878,5.32858,1777
881,0.00033819965052702777,1.9408648,10.615416,318
882,0.0007859419551555772,2.0221555,7.741931,739
883,0.0015867732031016523,1.3158842,4.489649,1492
884,0.01320892974699901,2.568711,9.269033,12420
885,0.00038924865438016407,1.8022702,12.823506,366
886,0.004477423046285494,1.5361309,9.738758,4210
887,6.700181755724135e-05,1.0028828,3.3349838,63
888,0.015717775582197935,2.2913985,11.831369,14779
889,0.002606689759250771,3.0919807,11.277213,2451
890,0.00361916166900464,1.8619916,6.773729,3403
891,0.002839600839330705,3.91406,10.116898,2670
892,0.001137967377559496,1.4878983,6.720804,1070
893,0.002026007340421346,1.2672873,4.3562307,1905
894,0.006537463055942263,2.4492989,9.759714,6147
895,1.701633461771209e-05,1.3642529,2.3755336,16
896,0.0019090200399245751,4.7364664,13.184501,1795
897,0.0001712268670907279,1.4916219,7.6361623,161
898,0.0017952233021686255,2.005073,12.514158,1688
899,0.00010103448679266554,1.4749709,5.0651927,95
900,0.0048485918451343386,2.3596933,8.800827,4559
901,2.6588022840175142e-05,1.2412679,3.1955407,25
902,0.007425503018804114,1.7279253,12.459934,6982
903,0.0019802759411362445,1.3800907,8.187806,1862
904,0.0023163485498360584,2.0056462,7.084017,2178
905,0.002010054526717241,3.7231548,14.197292,1890
906,0.0008859129210346357,1.6943974,8.098497,833
907,0.0018441452641945477,1.423965,6.440579,1734
908,0.00510383686440002,2.0370445,7.5870967,4799
909,0.0030990999422508144,1.443502,6.0545397,2914
910,0.0021982977284256805,2.9097905,10.898862,2067
911,0.00031586571134128066,0.9831957,5.9144917,297
912,0.004740112711946424,3.9235518,12.562505,4457
913,0.005215506560328756,2.8815944,8.676686,4904
914,0.001333655225663185,2.172675,9.154564,1254
915,0.03301168915836145,0.9467833,4.35302,31040
916,0.00033075500413177875,1.5308504,6.145594,311
917,0.046610931080654235,1.7000048,6.8520613,43827
918,0.002445034580382506,1.8148482,10.544026,2299
919,0.009866283515532192,1.7385267,6.048301,9277
920,0.0042647188635640924,1.8571016,9.674611,4010
921,0.00013932123968251773,2.1608715,11.09492,131
922,0.0009412160085422,1.7101684,8.805399,885
923,1.2762250963284067e-05,0.9801831,2.180054,12
924,0.0019643231274321395,1.7202922,9.159307,1847
925,3.1905627408210167e-06,0.8528031,1.0483602,3
926,0.0008508167308856045,1.639036,7.821324,800
927,0.0017696988002420574,2.8680527,7.878951,1664
928,0.007957263475607617,2.4509032,9.152104,7482
929,0.020569557990073095,1.0645139,4.136319,19341
930,0.0006604464873499505,1.2905129,3.9843543,621
931,0.0013730054994666443,1.9800049,7.745758,1291
932,0.007311706281048163,1.7643561,8.205591,6875
933,7.125590121166937e-05,1.4574254,4.2226987,67
934,3.084210649460316e-05,1.4733361,5.9693527,29
935,0.00425833773808245,2.6000204,11.185242,4004
936,0.0020472777586934858,2.463196,8.285968,1925
937,0.0021929801238576457,1.7235681,9.814683,2062
938,0.0017696988002420574,3.7231174,10.507151,1664
939,0.0007965771642916473,1.7543255,8.748604,749
940,0.018282988025818035,1.4115397,4.09971,17191
941,8.508167308856045e-06,0.6081974,1.3966174,8
942,0.0008965481301707058,3.1176302,11.573273,843
943,0.0006051433998423862,1.5947969,7.3856106,569
944,5.104900385313627e-05,1.3936665,3.4278042,48
945,0.0019504973555552483,1.4523392,4.905669,1834
946,0.001706951066339244,1.5947325,6.547331,1605
947,0.0002988493767235686,0.8658004,3.9907951,281
948,0.0016314410814731466,1.2644696,5.246625,1534
949,0.013899154819929956,1.5319566,5.8267903,13069
950,0.0009731216359504101,1.3176897,4.735608,915
951,0.001998355796667564,1.7022347,10.030135,1879
952,0.0017856516139461624,2.4075003,8.841193,1679
953,0.002475876686877109,2.6810317,10.061196,2328
954,0.0003371361296134208,1.9736096,10.170592,317
955,0.0014857387163089869,3.8173099,11.932611,1397
956,0.0008678330655033166,1.6730947,6.783585,816
957,0.0010518221835573286,1.7663517,6.031268,989
958,1.0635209136070057e-05,1.021931,1.5424268,10
959,0.0008284827916998574,1.5210798,9.97676,779
960,0.012720773647653394,1.8460767,7.381616,11961
961,8.189111034773943e-05,1.7156295,10.207536,77
962,8.933575674298847e-05,1.6461493,5.432481,84
963,0.0047560655256505295,2.3715801,9.189499,4472
964,0.0034468712810003053,3.9588752,12.534614,3241
965,0.0037457206577238738,2.5671208,11.391701,3522
966,0.0031193068396093474,3.3038578,8.156749,2933
967,0.0001116696959287356,1.5835569,7.972822,105
968,0.0008221016662182154,1.2884135,5.7497377,773
969,9.46533613110235e-05,0.88721764,2.039172,89
970,0.0010390599325940445,1.7705351,7.6265845,977
971,0.0019590055228641042,1.7500218,8.060618,1842
972,0.002862998299430059,2.7267394,11.084416,2692
973,0.0002265299545982922,2.4962833,11.348125,213
974,0.0025567042763112416,2.6241782,12.64425,2404
975,0.00010103448679266554,1.764613,7.888049,95
976,0.0026683739722399773,2.7850475,8.240084,2509
977,0.00023397460099354125,0.971567,2.8538601,220
978,0.00014357532333694577,3.4804492,15.013381,135
979,0.002452479226777755,2.7485902,8.432555,2306
980,0.0006604464873499505,0.99293303,3.619976,621
981,2.9778585580996157e-05,0.805974,1.3888266,28
982,0.0036872270074754885,2.4639394,8.2479925,3467
983,0.0003413902132678488,1.8876188,6.686736,321
984,0.00016059165795465785,2.1329296,10.8549,151
985,0.0010677749972614337,1.8857269,11.348499,1004
986,0.023919648867935163,3.5145717,10.14195,22491
987,0.002445034580382506,1.4049776,7.0825377,2299
988,0.0009912014914817292,1.7697238,6.5854597,932
989,0.00013932123968251773,5.452499,8.997052,131
990,0.0015814555985336173,1.7590387,8.913229,1487
991,0.003037415729261608,2.7210543,8.890364,2856
992,0.0055388169180652855,1.6960084,7.9847336,5208
993,0.028607649055114846,1.5001299,7.414278,26899
994,0.00042115428178837424,0.9519951,3.825282,396
995,6.062069207559932e-05,0.91808236,1.8286041,57
996,0.002428018245764794,2.7603626,9.823922,2283
997,0.0008369909590087134,2.6332257,7.6614103,787
998,0.0012911143891189047,1.7939836,6.312845,1214
999,0.00021589474546222215,1.4031563,5.6911373,203
1000,0.00012230490506480565,1.5362942,5.5314336,115
1001,0.0001701633461771209,0.864758,1.8723606,160
1002,0.0060705773748687885,2.2759895,13.057583,5708
1003,0.006924584668495213,1.6692437,9.605633,6511
1004,0.06995627865524162,5.859328,23.789997,65778
1005,0.0006976697193261957,1.3883665,7.1350055,656
1006,0.00044242470006051435,2.0429065,15.386995,416
1007,0.003208642596352336,1.845093,6.8782573,3017
1008,0.0012804791799828348,3.336676,9.659103,1204
1009,0.00028821416758749853,1.6576127,8.245849,271
1010,0.00042115428178837424,1.5126544,9.191228,396
1011,0.004746493837428066,2.0567944,7.3924384,4463
1012,0.0011028711874104648,1.3376205,5.588417,1037
1013,0.001136903856645889,1.0616443,3.817465,1069
1014,0.001698442899030388,1.8065965,7.072096,1597
1015,0.0007146860539439078,1.3453475,6.075204,672
1016,0.007655223536143226,1.6399244,5.8001623,7198
1017,0.0032011979499570868,4.126466,10.227144,3010
1018,0.0014527695679871697,1.8196014,9.295309,1366
1019,0.0019143376444926102,2.0657454,8.734069,1800
1020,0.0019887841084451005,2.3496456,8.601734,1870
1021,0.0010050272633586204,1.5705544,6.992481,945
1022,0.0026885808695985103,3.2898147,9.80175,2528
1023,0.007085176326449872,1.6083493,6.5726423,6662
1024,0.0005296334149762888,1.5982941,7.2695403,498
1025,0.0011688094840540991,2.0635176,8.545781,1099
1026,0.002257854899587673,2.7144232,9.713385,2123
1027,0.004847528324220731,4.374473,11.161565,4558
1028,0.0019366715836783572,3.3883007,9.3034725,1821
1029,0.003835056414466862,4.217597,9.3766775,3606
1030,4.2540836544280225e-06,0.626221,0.7533022,4
1031,0.0009986461378769782,3.343927,11.219286,939
1032,0.004859227054270408,4.3122897,12.369136,4569
1033,0.005887651777728383,1.6409677,8.251812,5536
1034,0.0014878657581362008,1.5597012,7.4763303,1399
1035,0.0064109040672230295,3.7885656,9.818664,6028
1036,0.003919074566641816,1.6070803,5.300342,3685
1037,0.006582130934313758,2.1120772,9.603441,6189
1038,0.0005072994757905416,1.8274003,6.319063,477
1039,0.0001318765932872687,0.96700966,4.5898147,124
1040,0.011900799023262392,1.1730437,3.6405444,11190
1041,2.446098101296113e-05,1.008253,2.2269304,23
1042,0.000581745939743032,1.6269385,6.5316043,547
1043,0.00029140473032831957,1.5279434,8.291197,274
1044,0.0015750744730519753,1.5451362,7.0484204,1481
1045,0.008440101970385196,13.257442,26.010775,7936
1046,0.0018143666786135516,3.5340989,11.796878,1706
1047,2.9778585580996157e-05,0.7915592,1.5129057,28
1048,0.005903604591432488,4.777338,11.004994,5551
1049,0.0010996806246696437,2.2527606,10.54997,1034
1050,0.00226955362963735,1.4612218,8.4116535,2134
1051,0.0017548095074515593,2.8826656,10.264675,1650
1052,0.01132968829265543,1.0178585,4.417091,10653
1053,0.010259786253566784,1.7203164,7.017684,9647
1054,0.0009901379705681223,2.5020242,10.473608,931
1055,0.002816203379231351,1.6430734,8.420499,2648
1056,0.0031246244441773827,1.6604445,9.8106985,2938
1057,0.0023291108007993423,2.9273949,9.015267,2190
1058,0.001693125294462353,1.951148,11.384113,1592
1059,0.0031001634631644213,1.9743888,7.785793,2915
1060,0.0016037895377193645,1.2805507,5.7562304,1508
1061,3.296914832181717e-05,1.1384578,2.8115783,31
1062,0.0027343122688836116,2.5869894,10.003274,2571
1063,0.009378127416186575,33.39778,57.2323,8818
1064,0.0019845300247906725,1.6303728,7.2784204,1866
1065,0.00027332487479700044,1.9708447,8.47767,257
1066,3.82867528898522e-05,1.1230443,2.4741461,36
1067,0.00467417441530279,3.8835406,9.890292,4395
1068,2.233393918574712e-05,0.98864263,1.8722601,21
1069,0.002579038215496989,4.213752,11.656737,2425
1070,0.0005934446697927092,1.5049145,6.852116,558
1071,0.0017324755682658123,1.718495,8.209234,1629
1072,0.0043806426431472565,2.7933726,7.987187,4119
1073,0.0031001634631644213,1.8780445,6.228949,2915
1074,0.0005094265176177557,2.0466776,9.956445,479
1075,0.0019430527091599992,1.517551,6.1210093,1827
1076,0.01866479203380295,1.3961917,4.6970572,17550
1077,1.1698730049677062e-05,1.0096138,1.6872736,11
1078,2.9778585580996157e-05,0.8411842,1.4822271,28
1079,0.003975441175062987,2.0408773,6.967687,3738
1080,0.0001116696959287356,1.0294433,2.3414543,105
1081,7.125590121166937e-05,2.1316905,8.734305,67
1082,4.9985482939529265e-05,2.1580489,16.556784,47
1083,0.0021515028082269723,2.969439,8.785302,2023
1084,0.0008614519400216746,1.7970247,7.56151,810
1085,0.0005030453921361137,1.4449389,10.003888,473
1086,0.0017696988002420574,3.7133045,11.003646,1664
1087,0.003344773273294033,0.9341816,3.1443765,3145
1088,0.0032054520336115147,1.4945709,10.682942,3014
1089,0.08276107045506996,2.8208957,8.845945,77818
1090,0.000950787696764663,1.2727996,5.934407,894
1091,0.00207067521879284,2.8071659,7.6117163,1947
1092,0.0007189401375983358,1.8193222,7.045317,676
1093,0.0005147441221857907,1.7014416,8.355289,484
1094,0.0021642650591902563,2.2104697,9.303361,2035
1095,0.00245779683134579,2.1535323,9.17025,2311
1096,0.002068548176965626,1.0093642,6.4461617,1945
1097,0.006544907702337513,2.217193,9.2360735,6154
1098,0.00044136117914690736,2.031214,9.546176,415
1099,0.005838729815702461,2.032312,6.5969305,5490
1100,0.0013740690203802512,1.7288517,9.739399,1292
1101,0.00242589120393758,1.8178912,12.460214,2281
1102,0.0030820836076331025,1.6449617,6.782814,2898
1103,0.0017112051499936721,1.2223792,5.0118527,1609
1104,0.0012762250963284068,2.357945,9.049512,1200
1105,3.1905627408210167e-06,0.98240364,1.2362785,3
1106,0.0004371070954924793,1.8674799,11.27056,411
1107,1.8079855531319095e-05,0.7534232,1.2379192,17
1108,0.0005030453921361137,1.1704975,5.028851,473
1109,0.0016973793781167809,1.7942883,6.2742534,1596
1110,0.004228559152501454,3.5985992,12.460481,3976
1111,0.004293433928231481,3.086849,10.312756,4037
1112,0.0007348929513024409,1.7932954,9.076418,691
1113,0.00015527405338662282,1.165875,4.6055284,146
1114,0.00022865699642550622,1.5879027,5.4749136,215
1115,0.0021429946409181164,1.5378143,7.7226763,2015
1116,0.0020026098803219918,3.7600112,11.983375,1883
1117,0.0015995354540649365,2.0475376,9.020237,1504
1118,0.0008146570198229663,1.9408859,7.8531313,766
1119,0.0007891325178963982,2.2040548,8.965261,742
1120,4.892196202592226e-05,0.82789004,2.4783132,46
1121,0.0004753938483823315,1.5941024,9.704764,447
1122,0.0028736335085661293,1.2208608,3.9338717,2702
1123,0.0003020399394643896,1.4693949,6.3926215,284
1124,0.002078119865188089,3.1427083,10.150957,1954
1125,0.0025216080861622104,2.2523255,8.7388,2371
1126,0.0034713322620132663,1.2616979,4.6048875,3264
1127,0.002985303204494865,2.7153845,12.137471,2807
1128,0.00032437387865013673,1.8584404,8.5320015,305
1129,0.00025418149835207437,1.4099479,6.569958,239
1130,0.0017696988002420574,1.6499609,11.763846,1664
1131,0.00320013442904348,3.376802,16.874945,3009
1132,0.005327176256257491,1.5898616,8.663594,5009
1133,0.0003935027380345921,1.2209735,7.3677096,370
1134,0.000743401118611297,1.7931012,7.895361,699
1135,2.233393918574712e-05,1.4275569,3.8588214,21
1136,5.317604568035028e-06,1.269998,2.0218658,5
1137,0.0015889002449288663,2.0115693,7.645232,1494
1138,0.011729572156171665,1.4372126,6.405482,11029
1139,0.0002244029127710782,2.1615374,9.10713,211
1140,0.0016771724807582479,1.3655655,7.431577,1577
1141,0.0023014592570455602,2.1321783,9.310678,2164
1142,0.0007083049284622657,2.4799361,13.096514,666
1143,0.09186800003828675,1.0788555,5.821117,86381
1144,0.0073904068286550825,1.4937587,5.4326777,6949
1145,0.000551967354162036,1.4373866,6.362012,519
1146,0.005971669929903336,3.274095,8.589584,5615
1147,0.0010220435979763323,1.5150731,5.87707,961
1148,0.0021536298500541865,1.6870857,5.929379,2025
1149,0.00511447207353609,1.8058668,8.890578,4809
1150,0.0029257460333328724,1.6856833,6.9900694,2751
1151,0.0004753938483823315,1.2818019,6.11145,447
1152,0.03676379094156697,0.939377,4.511702,34568
1153,0.0016495209370044658,1.9566324,6.459896,1551
1154,0.0014591506934688117,2.8687932,7.9308596,1372
1155,0.0018090490740455165,1.3760501,5.122463,1701
1156,0.0011698730049677062,1.7847855,8.289841,1100
1157,0.00253224329529828,1.6843772,5.799644,2381
1158,0.001723967400956956,2.6783998,9.650785,1621
1159,0.0009082468602203828,1.870718,8.379036,854
1160,0.04382344276609027,1.6077378,11.111289,41206
1161,0.05954121834828821,4.207703,11.797434,55985
1162,0.0048656081797520505,1.6286783,7.1027393,4575
1163,0.0003413902132678488,1.6592231,8.740095,321
1164,0.004625252453276867,1.3976289,5.8631554,4349
1165,0.002478003728704323,1.6588278,5.391146,2330
1166,0.004979404917508,1.7234846,6.2821207,4682
1167,0.0010294882443715814,1.9226042,7.411892,968
1168,0.0011932704650670603,1.4573678,8.156206,1122
1169,0.0010975535828424297,1.7348865,8.142341,1032
1170,0.02152779033323301,1.8865025,5.631746,20242
1171,0.003337328626898784,3.6085975,11.661651,3138
1172,0.002065357614224805,1.9720228,6.9251018,1942
1173,9.039927765659548e-05,0.89608765,2.3166022,85
1174,0.01613892986398631,1.1474931,4.9392734,15175
1175,0.0018537169524170108,2.8976839,12.952395,1743
1176,0.003585128999769216,3.4294722,8.900527,3371
1177,0.009916268998471721,1.1321964,4.2436748,9324
1178,0.002666246930412763,1.6392704,7.5266924,2507
1179,0.00017548095074515594,1.4553291,8.800035,165
1180,0.0021802178728943617,3.7113667,11.8986845,2050
1181,0.0005987622743607442,2.5951903,9.867906,563
1182,0.0015548675756934423,1.7413019,6.2819734,1462
1183,0.0013442904347992551,1.6531062,7.0040345,1264
1184,6.381125481642033e-06,1.2138412,2.8873892,6
1185,0.008608138274735104,1.5984608,5.7508316,8094
1186,0.0015389147619893372,1.1583062,6.781732,1447
1187,0.003190562740821017,3.4973583,12.06198,3000
1188,0.0010358693698532234,2.300218,8.746824,974
1189,0.0017335390891794191,1.9905152,8.605283,1630
1190,0.0015580581384342632,1.7256585,7.6793785,1465
1191,0.0005360145404579308,1.81831,7.6159225,504
1192,0.00042115428178837424,1.406571,5.1362276,396
1193,0.0008167840616501803,1.4310087,4.6573915,768
1194,0.003538334079570508,4.615401,11.608644,3327
1195,0.0,0.0,0.0,0
1196,0.003571303227892325,3.727791,11.235807,3358
1197,7.338294303888339e-05,1.8066192,8.051964,69
1198,0.003622352231745461,2.118873,8.440232,3406
1199,0.006491731656657162,2.7546437,9.27734,6104
1200,0.0037138150303156637,2.9109213,8.92537,3492
1201,0.0017388566937474542,1.6474569,5.5645266,1635
1202,0.0008827223582938147,1.790093,6.6012244,830
1203,0.0018728603288619369,4.474445,13.505886,1761
1204,0.0006891615520173396,1.0566099,3.2829542,648
1205,0.0009156915066156319,1.3681751,6.511942,861
1206,0.003143767820622309,2.0381315,8.23856,2956
1207,0.0025375608998663155,1.4778556,5.712533,2386
1208,4.254083654428023e-05,2.6057203,6.904505,40
1209,0.0018654156824666878,2.0915186,7.545973,1754
1210,0.0005743012933477831,1.7449018,8.748463,540
1211,0.006358791542456286,1.4639235,5.110076,5979
1212,0.001331528183835971,1.467276,6.8484883,1252
1213,0.0022025518120801085,2.552106,7.725946,2071
1214,4.2540836544280225e-06,0.79429257,1.1305312,4
1215,0.0005477132705076079,2.2506824,9.252775,515
1216,0.004149858604894536,1.2236673,6.2974033,3902
1217,0.00014038476059612475,2.037182,9.087945,132
1218,0.002065357614224805,2.4316013,9.526726,1942
1219,0.002661992846758335,4.28731,14.363175,2503
1220,0.0008976116510843127,1.9804255,10.113214,844
1221,0.0004402976582333003,1.6249962,9.926328,414
1222,0.00019675136901729605,0.8055359,2.3251395,185
1223,0.00116136483765885,1.6526806,6.0433617,1092
1224,0.0018303194923176567,2.5478058,9.6686945,1721
1225,0.0004562504719374054,1.5299164,7.0857964,429
1226,0.008790000350961901,3.0434232,11.44031,8265
1227,0.0029480799725186196,4.573026,12.535083,2772
1228,0.006375807877073998,2.797367,10.479517,5995
1229,0.003068257835756211,2.6540341,9.627005,2885
1230,0.004348737015739046,1.7529032,5.961964,4089
1231,0.004728413981896747,2.6911035,7.5258174,4446
1232,0.001336845788404006,1.7850571,8.120681,1257
1233,0.0023163485498360584,3.0734534,13.091063,2178
1234,0.0013060036819094029,2.110478,10.736773,1228
1235,0.00041370963539312516,2.3566608,8.921858,389
1236,0.0007806243505875421,1.9175084,7.638132,734
1237,0.00279174239821839,2.3398726,9.221271,2625
1238,0.0013783231040346792,2.3335264,10.27355,1296
1239,0.0014665953398640607,4.320701,12.8526745,1379
1240,0.00261413440564602,4.55941,12.8815,2458
1241,0.0045189003619161665,1.3860643,9.494714,4249
1242,2.6588022840175142e-05,0.807766,1.4388994,25
1243,0.0016527114997452867,1.251151,3.9394274,1554
1244,0.0009082468602203828,2.04208,6.4071894,854
1245,0.0016356951651275748,3.17675,9.86636,1538
1246,0.0093058079940613,32.08443,54.0933,8750
1247,0.0021632015382766494,2.2972033,8.313462,2034
1248,0.0023291108007993423,1.4676292,6.9762545,2190
1249,0.00056472960512532,1.4197524,5.787296,531
1250,0.000749782244092939,1.7032863,6.901739,705
1251,0.0002637531865745374,1.7118789,10.876339,248
1252,0.0018143666786135516,1.7959708,6.512344,1706
1253,0.003006573622767005,5.871556,14.045742,2827
1254,0.05176262638616657,3.4846373,15.257069,48671
1255,0.0025460690671751714,1.2620268,10.185198,2394
1256,0.00024992741469764633,1.6352922,5.339011,235
1257,0.009054817058450047,2.0993092,8.850127,8514
1258,0.0008614519400216746,1.2660954,5.400966,810
1259,0.0025471325880887783,4.7764673,13.10523,2395
1260,0.002465241477741039,2.5409372,11.1766815,2318
1261,0.0016091071422873996,2.9465296,7.3791113,1513
1262,0.008541136457177863,2.5421932,10.941909,8031
1263,0.002832156192935456,1.7329807,7.811684,2663
1264,0.0002818330421058565,1.9966726,10.290521,265
1265,0.0002626896656609304,1.3075302,5.9663005,247
1266,0.0002594991029201094,1.5809724,8.321361,244
1267,0.0031501489461039506,4.171467,12.112687,2962
1268,0.0014304356288014225,1.1631677,3.9338624,1345
1269,0.00472735046098314,2.431319,10.151506,4445
1270,0.0019526243973824622,3.049435,10.295217,1836
1271,0.011788065806420051,1.0505892,3.4540691,11084
1272,0.0013400363511448272,1.2105649,7.05265,1260
1273,5.2112524766743275e-05,1.1723742,2.6515021,49
1274,0.0023354919262809845,2.0247116,9.457111,2196
1275,0.00699690409062049,1.2852117,4.7136493,6579
1276,0.0030905917749419584,2.305487,10.852997,2906
1277,0.001881368496170793,2.502185,11.456808,1769
1278,0.0007200036585119428,1.7489758,9.448373,677
1279,0.0016048530586329716,2.1375453,6.4313903,1509
1280,3.084210649460316e-05,1.2823035,3.1331356,29
1281,5.104900385313627e-05,0.955462,2.612091,48
1282,0.001304940160995796,1.9319637,9.933329,1227
1283,0.0004392341373196933,1.6854544,9.355973,413
1284,0.00435086405756626,1.1579808,5.5966415,4091
1285,0.0015314701155940882,1.1681643,5.92933,1440
1286,0.0014676588607776678,2.7111318,7.53317,1380
1287,0.004179637190475532,2.0406504,13.104806,3930
1288,0.0009412160085422,1.7932658,12.768882,885
1289,0.002655611721276693,1.8583143,7.998608,2497
1290,0.004690127229006895,1.6617506,7.296241,4410
1291,0.0017718258420692714,4.0611844,12.670691,1666
1292,0.0015686933475703333,1.6509863,6.4690924,1475
1293,6.593829664363434e-05,1.2975751,3.0237167,62
1294,0.0008933575674298848,1.723161,7.0848937,840
1295,0.0031448313415359157,1.8848498,6.2209973,2957
1296,0.000938025445801379,1.8121034,5.922104,882
1297,0.0005870635443110671,1.200873,5.400467,552
1298,0.0007146860539439078,1.3120562,3.911132,672
1299,0.00028608712576028454,1.6626108,6.90412,269
1300,0.0021717097055855054,1.5376481,5.4757323,2042
1301,0.0030714483984970323,2.6088452,7.568539,2888
1302,0.0031384502160542735,2.7103834,9.945028,2951
1303,0.001896257788961291,3.7599702,11.193607,1783
1304,0.0001116696959287356,1.3060749,7.1124907,105
1305,0.0046720473734755755,3.5747752,9.088778,4393
1306,0.0027991870446136386,2.501559,8.448548,2632
1307,0.014645746501282074,1.9091651,7.73019,13771
1308,0.0011815717350173833,1.6272746,8.038893,1111
1309,0.0043721344758384005,2.0173388,8.592578,4111
1310,0.0005945081907063162,1.1507889,4.663689,559
1311,3.084210649460316e-05,0.77412206,1.4419165,29
1312,0.0033171217295402504,2.187572,14.497529,3119
1313,0.0020408966332118436,4.0063787,12.874529,1919
1314,0.0002244029127710782,1.1420566,4.431205,211
1315,0.00012868603054644768,1.4536964,7.393871,121
1316,4.7858441112315255e-05,0.8336259,1.660288,45
1317,0.003447934801913912,3.4953837,10.588362,3242
1318,8.508167308856045e-06,1.117318,1.4020648,8
1319,0.00014676588607776678,1.9108092,12.807108,138
1320,0.009345158267864759,34.643547,61.044228,8787
1321,0.00419452648326603,2.2973032,11.3990345,3944
1322,0.0010911724573607878,1.6759965,6.7390285,1026
1323,0.000562602563298106,1.1279672,4.5288744,529
1324,0.002296141652477525,4.1063604,14.768623,2159
1325,0.0017441742983154893,3.2763617,10.641143,1640
1326,0.0023556988236395175,2.191707,9.870181,2215
1327,0.00011273321684234259,2.003775,10.024906,106
1328,0.0019696407320001744,1.461865,6.197765,1852
1329,0.0049900401266440705,1.6716183,10.699259,4692
1330,0.0030076371436806118,3.5088437,9.773527,2828
1331,0.0019239093327150733,1.5997541,5.5711412,1809
1332,0.015658218411035943,3.5943244,13.821882,14723
1333,0.003740403053155839,1.5890709,7.5447974,3517
1334,0.009384508541668217,1.5641702,6.4042945,8824
1335,0.001477230549000131,1.67006,8.975053,1389
1336,0.002788551835477569,2.201246,7.9869213,2622
1337,0.0014314991497150296,2.497138,7.8048153,1346
1338,0.004237067319810311,2.0230706,9.935585,3984
1339,0.0001510199697321948,1.1390809,4.096748,142
1340,0.003460697052877196,1.2391808,4.468681,3254
1341,0.00038286752889852204,1.7873621,8.717313,360
1342,0.008262493977812826,2.0782292,8.034347,7769
1343,0.0005275063731490748,1.2808582,4.937611,496
1344,0.013325917047495781,1.9862769,8.73445,12530
1345,0.006063132728473539,0.9009087,3.7394617,5701
1346,0.0014240545033197805,1.4310381,6.0882697,1339
1347,0.0016005989749785434,2.6384366,7.8616457,1505
1348,0.002903412094147125,2.3264315,10.096903,2730
1349,0.0001669727834362999,1.7902584,6.6777925,157
1350,0.020551478134541775,1.305285,5.2189975,19324
1351,0.0005466497495940009,1.6880025,6.5884905,514
1352,0.007637143680611907,2.2333717,9.005693,7181
1353,0.001498500967272271,1.4911972,7.60486,1409
1354,1.3825771876891073e-05,0.7692256,1.2900757,13
1355,0.0037393395322422316,1.4640069,7.4947248,3516
1356,0.0004105190726523042,1.5613495,8.76024,386
1357,0.004514646278261739,1.7554759,6.7997537,4245
1358,0.0046752379362163966,1.0618476,3.8177207,4396
1359,0.00044348822097412135,2.0321372,8.526497,417
1360,9.57168822246305e-06,0.834458,1.0916656,9
1361,0.004041379471706621,1.4381369,4.8124123,3800
1362,0.020405775769377618,4.468932,10.169694,19187
1363,0.021891514485686603,2.520933,12.699583,20584
1364,8.295463126134644e-05,2.6154578,9.196324,78
1365,0.0002988493767235686,1.6383579,11.356121,281
1366,0.003654257859153671,1.4124336,5.903177,3436
1367,0.009083532123117435,1.8024766,7.313176,8541
1368,0.006801216242516801,2.1008682,8.692448,6395
1369,0.0017952233021686255,2.34713,8.955335,1688
1370,0.005976987534471371,2.1061707,5.924306,5620
1371,0.0006817169056220906,1.6494603,8.522627,641
1372,0.0023408095308490194,0.9446914,2.7650452,2201
1373,0.00015633757430022984,1.554344,5.751519,147
1374,8.189111034773943e-05,0.6530895,1.1826571,77
1375,0.0028300291511082418,3.2195516,10.240239,2661
1376,3.084210649460316e-05,1.1047672,3.235999,29
1377,0.002483321333272358,1.6588327,7.890165,2335
1378,0.0021621380173630425,3.1267393,9.278199,2033
1379,0.005763219830836363,1.3637414,5.5800786,5419
1380,5.6366608421171295e-05,1.1356732,5.9416223,53
1381,4.466787837149424e-05,0.7416712,1.4515384,42
1382,1.0635209136070057e-05,1.1846452,2.0784028,10
1383,5.3176045680350284e-05,0.73073846,1.3998382,50
1384,0.028929895891937767,1.1169919,5.28146,27202
1385,0.004075412140942046,2.234788,8.1972,3832
1386,0.003744657136810267,2.0726504,8.118446,3521
1387,0.0012549546780562667,1.8009983,5.5522203,1180
1388,0.00224828321136521,2.429514,14.385779,2114
1389,0.00019143376444926102,1.4443752,4.6789207,180
1390,0.008897415963236208,1.184547,5.6167984,8366
1391,0.0016410127696956096,1.7234668,5.231961,1543
1392,0.0036659565892033486,2.9016166,8.923797,3447
1393,0.000553030875075643,1.5886272,5.4471045,520
1394,0.001475103507172917,1.9362556,4.733083,1387
1395,7.763702669331141e-05,2.6915708,8.892425,73
1396,0.002267426587810136,3.8781304,12.157173,2132
1397,0.002334428405367377,1.3610712,6.976106,2195
1398,0.0008550708145400325,1.0689243,3.383351,804
1399,0.00018824320170843998,1.3391455,6.1262755,177
1400,0.0015591216593478703,1.7852844,13.354853,1466
1401,0.0017133321918208861,1.2352461,7.2817664,1611
1402,9.146279857020248e-05,1.3929151,6.2731466,86
1403,0.0008050853316005032,1.4950463,6.0985847,757
1404,0.0013028131191685818,1.9285715,9.580441,1225
1405,0.007209608273341891,1.8377347,6.7959394,6779
1406,0.012704820833949288,1.6461775,5.919763,11946
1407,0.00048177497386397354,1.2894884,5.776114,453
1408,0.0006232232553737053,1.5598679,12.307734,586
1409,0.0019260363745422873,1.3663541,7.0416827,1811
1410,0.000377549924330487,1.6733834,8.878851,355
1411,0.10766022208443718,1.0680826,4.21472,101230
1412,0.0010209800770627254,2.0174994,7.9368334,960
1413,0.003768054596909621,1.8872178,6.0593524,3543
1414,0.0008593248981944605,1.6759787,7.4240637,808
1415,0.0016612196670541428,3.7016127,9.75613,1562
1416,0.002093009157978587,1.2874261,5.94524,1968
1417,0.0041317787493632165,2.2516105,9.951772,3885
1418,0.0014719129444320958,1.2066925,5.727792,1384
1419,8.720871491577446e-05,2.0489967,9.851422,82
1420,0.06138217304974194,3.5455482,9.065817,57716
1421,0.000953978259505484,1.5591557,8.119632,897
1422,0.002872569987652522,2.1026835,7.453565,2701
1423,0.0008774047537257796,1.3498216,5.9788046,825
1424,2.446098101296113e-05,1.1141406,1.9950083,23
1425,0.0013910853549979633,1.6220515,6.9316278,1308
1426,0.0014378802751966715,3.563833,11.872974,1352
1427,0.00048815609934561556,1.3567877,5.340079,459
1428,0.000955041780419091,2.0851727,7.15261,898
1429,0.0025450055462615646,2.5058877,9.530965,2393
1430,0.004110508331091077,2.9247355,8.08216,3865
1431,0.0025598948390520627,2.559178,8.714875,2407
1432,0.00040520146808426915,1.1955594,4.398001,381
1433,6.700181755724135e-05,0.8378758,1.9922066,63
1434,0.0035074919730759047,1.5212877,7.42181,3298
1435,0.003192689782648231,2.1417353,9.232774,3002
1436,0.004862417617011229,1.9477355,9.0794935,4572
1437,0.0008306098335270714,1.505807,5.9922495,781
1438,0.001350671560280897,1.4765266,5.126827,1270
1439,0.001708014587252851,3.1191013,13.012498,1606
1440,0.0010124719097538693,1.2728019,10.782912,952
1441,0.0004732668065551175,1.5902231,6.600572,445
1442,0.002254664336846852,1.5947416,9.276468,2120
1443,0.0011049982292376788,1.4853355,5.747122,1039
1444,7.870054760691842e-05,0.9639773,2.511074,74
1445,0.00374359361589666,3.388068,12.291818,3520
1446,0.0014357532333694576,2.4820364,7.5664644,1350
1447,0.002626896656609304,1.8861043,10.765042,2470
1448,0.024920422047639355,2.3562577,8.137001,23432
1449,0.0004998548293952927,0.81360346,3.5641124,470
1450,0.0017899056976005904,3.2702467,11.104869,1683
1451,0.0016644102297949637,2.7571595,8.664154,1565
1452,6.700181755724135e-05,2.3499827,10.896263,63
1453,0.0027449474780196813,4.4889016,12.316406,2581
1454,0.002105771408941871,2.3897471,10.206945,1980
1455,0.0018250018877496216,2.9284613,9.258802,1716
1456,0.0001499564488185878,1.0537475,4.130412,141
1457,0.0003190562740821017,1.7981285,11.955197,300
1458,0.0008912305256026707,2.521398,8.300628,838
1459,0.002093009157978587,1.6309955,6.2996464,1968
1460,0.00038286752889852204,1.7964053,7.105484,360
1461,0.0023684610746028015,1.2342119,4.2918034,2227
1462,0.00020419601541254507,1.231397,4.850722,192
1463,0.0008359274380951064,1.6261843,6.982889,786
1464,0.0014410708379374926,1.8065373,9.158016,1355
1465,0.0002648167074881444,1.1823936,7.1636796,249
1466,0.002069611697879233,3.3086689,11.41339,1946
1467,0.0009305807994061299,1.3184868,5.7793837,875
1468,0.002998065455458149,2.247072,8.033136,2819
1469,0.036965859915152305,1.690588,5.4806395,34758
1470,0.00044136117914690736,1.4567066,6.65748,415
1471,1.701633461771209e-05,1.6659684,4.513066,16
1472,7.44464639524904e-05,1.1367782,4.504906,70
1473,0.00025524501926568136,1.5075804,6.447105,240
1474,0.0010199165561491183,1.8069853,6.580284,959
1475,0.0018452087851081548,1.5152035,5.623748,1735
1476,0.0017750164048100925,1.6891236,10.610658,1669
1477,0.0012538911571426596,1.5205256,5.057061,1179
1478,0.0020068639639764197,1.5424906,14.85063,1887
1479,0.00209194563706498,1.1300782,6.22133,1967
1480,0.002231266876747498,3.284963,12.053949,2098
1481,4.9985482939529265e-05,1.7364583,5.3848033,47
1482,0.0002233393918574712,1.9852846,8.800317,210
1483,0.0014602142143824188,1.4946696,5.720548,1373
1484,0.016247408997174227,1.3274928,5.29416,15277
1485,1.3825771876891073e-05,1.1160322,1.9029977,13
1486,0.003184181615339375,3.8508418,10.091558,2994
1487,0.0015835826403608315,4.485963,14.159986,1489
1488,0.00025418149835207437,1.2022338,5.1184044,239
1489,0.002871506466738915,2.0238044,9.619255,2700
1490,0.0016346316442139676,2.58286,9.2879,1537
1491,0.00586744488036985,2.4679117,9.264136,5517
1492,0.002101517325287443,2.599507,10.030045,1976
1493,0.00020313249449893807,1.7519108,8.876634,191
1494,0.013297201982828391,1.0488306,4.865806,12503
1495,0.0025226716070758173,3.5362566,11.476567,2372
1496,0.0001520834906458018,1.8654388,5.621536,143
1497,0.0011560472330908152,1.1484065,4.9692373,1087
1498,0.0018090490740455165,1.7535813,8.472587,1701
1499,0.0009231361530108808,1.4677898,7.5767465,868
1500,0.0022057423748209296,1.410318,7.154836,2074
1501,0.004303005616453945,1.7343794,11.449187,4046
1502,0.002586482861892238,1.7282647,6.8531737,2432
1503,0.001693125294462353,1.5338074,9.599278,1592
1504,0.004245575487119167,2.116365,7.3405595,3992
1505,0.0002095136199805801,1.181415,5.1897573,197
1506,0.0006093974834968142,1.4725724,3.8240542,573
1507,0.0027375028316244327,2.7176664,8.372832,2574
1508,0.0005317604568035028,1.464731,6.4488277,500
1509,0.00014144828150973175,1.3926,4.3194923,133
1510,0.0008061488525141102,3.1232836,10.145912,758
1511,0.0006466207154730595,1.1234491,4.684114,608
1512,9.252631948380949e-05,2.2105901,11.0583935,87
1513,0.007466980334434786,1.9322491,7.3387938,7021
1514,3.1905627408210167e-06,1.0417373,1.3100522,3
1515,0.0001680363043499069,1.5097836,7.925513,158
1516,0.0001329401142008757,2.6671379,8.384892,125
1517,0.0024195100784559376,1.4300098,7.2521806,2275
1518,0.0008518802517992115,2.191331,7.1984663,801
1519,0.01167107850592328,1.2441386,4.679109,10974
1520,0.003419219737246523,2.3505952,8.86179,3215
1521,0.0031661017598080556,2.3187134,11.463789,2977
1522,0.0013995935223068193,1.4555358,6.584983,1316
1523,0.005881270652246741,2.2438104,9.286115,5530
1524,7.870054760691842e-05,0.8459552,1.6660621,74
1525,0.000754036327747367,1.1239696,6.3092346,709
1526,0.0020047369221492055,3.3057082,10.335628,1885
1527,0.00011486025866955661,1.0984062,5.919677,108
1528,2.446098101296113e-05,1.7360287,3.6028721,23
1529,0.00011486025866955661,1.602763,9.862994,108
1530,0.00017335390891794192,1.3961016,5.457659,163
1531,0.0012985590355141538,1.32995,4.534988,1221
1532,0.0012677169290195506,2.6474705,8.346085,1192
1533,0.0025311797743846733,2.6929562,8.863767,2380
1534,0.0007274483049071918,1.394148,4.3343043,684
1535,0.13061206692098998,1.5023142,6.7840433,122811
1536,0.0006955426774989817,1.2869408,5.4160447,654
1537,0.0012772886172420137,0.9966965,9.522184,1201
1538,0.0039414085058275625,1.9408318,7.7008996,3706
1539,0.0007051143657214447,2.3271685,11.595409,663
1540,0.0008093394152549313,1.6258788,6.3066273,761
1541,0.00027119783296978645,1.5535133,6.9128237,255
1542,0.00010422504953348655,0.75386757,1.6296903,98
1543,0.00011592377958316362,1.0233425,2.8681178,109
1544,0.005757902226268328,1.3336052,13.024879,5414
1545,0.00031054810677324564,1.3073329,6.97798,292
1546,0.001708014587252851,1.9738153,11.582379,1606
1547,0.00034670781783588384,1.0637239,3.6213,326
1548,0.0016080436213737925,1.9211599,6.6395016,1512
1549,0.0029416988470369774,1.4831632,4.7731915,2766
1550,0.008529437727128185,2.2522357,8.86065,8020
1551,0.003612780543522998,2.5840404,8.878044,3397
1552,0.0027523921244149304,2.0806198,8.825703,2588
1553,0.004492312339075992,4.30986,10.67616,4224
1554,0.002120660701732369,2.841701,11.735219,1994
1555,0.0004488058255421564,1.4764444,10.3640375,422
1556,0.0007083049284622657,1.4469745,6.2288513,666
1557,0.005736631807996188,1.2912984,4.985726,5394
1558,0.003586192520682823,1.7412957,7.554797,3372
1559,0.0012028421532895234,1.699131,9.378226,1131
1560,0.017901184017833117,1.5996511,6.087276,16832
1561,0.0014517060470735626,1.333644,7.0188327,1365
1562,0.00036904175702163095,1.4692668,8.29482,347
1563,0.002669437493153584,3.1237273,10.121723,2510
1564,0.00190370243535654,1.9699693,8.582485,1790
1565,0.001157110754004422,1.9625056,8.348398,1088
1566,0.01733220032905337,1.176888,5.298847,16297
1567,0.0023046498197863813,1.5781928,5.380479,2167
1568,0.003778689806045691,2.0648518,6.958471,3553
1569,0.0002467368519568253,2.1958609,7.7282434,232
1570,0.0023759057209980505,2.1007187,7.8020535,2234
1571,0.0013974664804796053,2.739368,8.1398,1314
1572,3.1905627408210167e-06,1.2363085,1.5219654,3
1573,0.002251473774106031,3.2824926,8.531259,2117
1574,0.03065811737654915,1.5069253,6.101476,28827
1575,0.01641225473878331,1.587166,6.7386975,15432
1576,0.0017739528838964854,1.4218599,6.0555563,1668
1577,7.763702669331141e-05,1.0384246,4.048492,73
1578,4.254083654428023e-05,0.8576024,1.5349412,40
1579,0.0006593829664363435,1.8598692,8.511219,620
1580,0.006155659047957349,1.9015563,7.495901,5788
1581,0.005938700781581519,1.8137069,6.822241,5584
1582,0.000374359361589666,1.2646987,5.720676,352
1583,0.0004147731563067322,1.2537013,4.480082,390
1584,0.0002690707911425724,2.4080558,14.401822,253
1585,0.0019302904581967152,1.476369,4.9962068,1815
1586,0.014887165748670864,1.1361408,3.7322762,13998
1587,0.0020068639639764197,2.2418683,9.4904,1887
1588,2.7651543753782147e-05,1.650678,3.119938,26
1589,0.002236584481315533,2.5813222,9.839303,2103
1590,0.0027821707099959267,2.9144657,9.597282,2616
1591,0.0027981235237000317,1.5176473,6.44009,2631
1592,0.0016750454389310339,3.3808184,10.757971,1575
1593,0.008329495795370068,2.1762443,6.7801185,7832
1594,0.0027438839571060744,1.7338015,9.0137,2580
1595,0.0017813975302917345,1.1647809,4.5872974,1675
1596,0.00028608712576028454,1.5200745,6.898719,269
1597,2.8715064667389152e-05,1.4094533,2.9790277,27
1598,0.003583001957942002,2.5585582,6.7118835,3369
1599,0.0005477132705076079,1.3465065,6.339591,515
1600,0.0012273031343024844,1.5941107,8.010255,1154
1601,0.001119887522028177,1.5237821,6.477976,1053
1602,0.000760417453229009,2.5780652,8.516372,715
1603,0.005284635419713211,1.5478796,5.78385,4969
1604,0.0022206316676114278,2.2417538,6.53825,2088
1605,0.004486994734507956,3.2673628,11.259647,4219
1606,0.001917528207233431,2.2038035,6.958542,1803
1607,0.006004639078225154,1.3380313,6.503488,5646
1608,0.004444453897963677,4.096812,12.242492,4179
1609,0.0033192487713674646,4.053808,12.248403,3121
1610,0.00033926317144063477,1.8824478,7.3103414,319
1611,4.147731563067322e-05,0.97613084,1.8105624,39
1612,0.02299332215218346,0.83413744,7.7103453,21620
1613,0.0063619821051971075,2.510649,10.085749,5982
1614,0.001293241430946119,1.4646595,5.891521,1216
1615,0.00019675136901729605,1.0680654,4.166538,185
1616,0.0003626606315399889,1.2743824,6.042705,341
1617,0.005104900385313627,2.3472335,8.061806,4800
1618,4.2540836544280225e-06,0.7686322,0.9651397,4
1619,0.0009869474078273012,1.4057369,6.1554265,928
1620,0.001536787720162123,3.046561,10.082124,1445
1621,0.0057844902491085036,2.1870937,9.660867,5439
1622,0.00690437777113668,1.6030419,6.176062,6492
1623,0.0008593248981944605,1.5473306,5.6808066,808
1624,0.0019111470817517891,2.3117971,9.213033,1797
1625,0.0013485445184536831,2.1378155,8.786734,1268
1626,0.00041264611447951817,1.9250491,6.939462,388
1627,0.007606301574117304,1.356463,5.166969,7152
1628,0.0027417569152788607,1.3411047,8.237197,2578
1629,0.0003403266923542418,1.4668212,9.172731,320
1630,0.000581745939743032,1.7408242,8.420367,547
1631,0.0014517060470735626,1.7231238,11.107224,1365
1632,0.0006083339625832072,1.188135,4.8908916,572
1633,0.003246929349242188,2.852855,7.6194243,3053
1634,0.004790098194885953,2.2746027,9.99934,4504
1635,0.0015697568684839402,3.140343,12.53692,1476
1636,0.001329401142008757,3.0313628,7.6010528,1250
1637,0.0011188240011145698,1.8865104,8.615282,1052
1638,0.0005721742515205691,1.5748119,8.348147,538
1639,0.0012507005944018387,1.9074873,9.76568,1176
1640,0.0009199455902700599,2.1148489,10.672016,865
1641,0.00042540836544280227,1.7792889,9.019809,400
1642,0.0006625735291771645,1.7681205,7.316405,623
1643,8.720871491577446e-05,1.3325353,5.402408,82
1644,0.001502755050926699,1.5927491,7.721581,1413
1645,0.006091847793140928,2.0074089,11.299706,5728
1646,0.00019781488993090305,1.5789881,5.522311,186
1647,0.0021812813938079686,2.2907689,9.209791,2051
1648,0.0003498983805767048,1.4646838,5.0139604,329
1649,0.001525088990112446,1.4553915,4.6691027,1434
1650,0.005591992963745636,1.5889962,6.045009,5258
1651,0.0008465626472311765,1.8750259,7.867651,796
1652,0.004953880415581432,2.9702976,11.395159,4658
1653,0.0015038185718403059,1.4863299,6.7402506,1414
1654,0.0019696407320001744,3.7332137,11.793939,1852
1655,0.04503479308668865,2.6513317,10.090326,42345
1656,0.0013006860773413678,2.0566692,8.537779,1223
1657,0.024792799538006515,1.3559058,5.747245,23312
1658,3.615971106263819e-05,1.7728568,6.248025,34
1659,0.004145604521240108,5.489151,13.658756,3898
1660,0.001126268647509819,1.6541622,6.7656245,1059
1661,0.0003211833159093157,1.4329448,5.0277843,302
1662,0.0007072414075486587,2.040012,8.302935,665
1663,0.0016346316442139676,1.4598624,6.580079,1537
1664,0.0018069220322183025,1.9244059,8.945028,1699
1665,0.0019185917281470382,1.6879104,5.8637857,1804
1666,0.0006274773390281333,1.3473644,5.735528,590
1667,0.005892969382296418,1.1976885,5.3186154,5541
1668,0.0004551869510237984,2.1872847,8.30489,428
1669,0.0021717097055855054,3.2395432,9.283505,2042
1670,0.0001712268670907279,0.8637965,2.2848403,161
1671,0.0002265299545982922,1.3799673,5.0462227,213
1672,0.00012230490506480565,2.2284029,8.288406,115
1673,0.0003403266923542418,1.5754695,4.8492565,320
1674,0.00022121235003025718,0.7727757,2.5399947,208
1675,3.190562740821017e-05,1.4955479,5.3520784,30
1676,7.870054760691842e-05,0.90982634,2.8229961,74
1677,0.001524025469198839,2.2526338,6.9112854,1433
1678,0.022678519961755787,1.340079,6.3726277,21324
1679,0.0012762250963284068,2.7112682,10.015177,1200
1680,0.0027853612727367478,1.9817063,11.55754,2619
1681,0.00029459529306914055,1.3316693,5.6910114,277
1682,0.0025099093561125334,1.5818385,6.908159,2360
1683,0.0036989257375251655,2.8490777,9.839095,3478
1684,0.003061876710274569,2.6761057,9.250002,2879
1685,0.0010114083888402624,2.6133406,9.569419,951
1686,0.004365753350356758,2.0021195,9.681284,4105
1687,6.381125481642034e-05,1.6520927,7.560121,60
1688,2.1270418272140114e-05,0.8423988,1.2568837,20
1689,0.007857292509728558,2.236277,9.872018,7388
1690,0.0025439420253479577,1.3180526,7.320471,2392
1691,0.009203709986355026,1.854387,7.63393,8654
1692,0.026433812307702125,1.7963525,6.1439757,24855
1693,0.0166536739861721,0.7915659,4.563837,15659
1694,0.004067967494546796,1.7661959,8.476565,3825
1695,0.00027332487479700044,1.0737818,4.565484,257
1696,0.0008104029361685383,2.3580658,6.494628,762
1697,0.0018207478040951936,1.6859609,6.50092,1712
1698,0.0029374447633825494,3.4414434,10.923493,2762
1699,0.0013889583131707493,2.706512,8.194411,1306
1700,0.0020206897358533106,1.5956074,6.731481,1900
1701,0.0010613938717797917,2.1087706,7.1745253,998
1702,0.0006040798789287792,1.2712479,5.480979,568
1703,0.00034564429692227684,1.4084222,4.87306,325
1704,0.000581745939743032,1.090662,3.2625217,547
1705,0.02082054892568435,1.4393784,5.4113097,19577
1706,0.003400076360801597,1.5847628,7.96662,3197
1707,0.012543165655081024,1.0689135,3.8177397,11794
1708,0.00036691471519441696,1.6162051,8.560796,345
1709,0.0014719129444320958,3.8497615,10.661928,1384
1710,0.0027949329609592106,1.5052902,6.9074593,2628
1711,0.0014314991497150296,2.2858262,6.7643642,1346
1712,0.00017335390891794192,1.8384951,5.6341467,163
1713,9.46533613110235e-05,0.97420305,1.9757671,89
1714,0.03338817556177833,1.58833,6.3039427,31394
1715,0.000773179704192293,1.6162118,7.7439485,727
1716,0.002073865781533661,3.3706863,11.764848,1950
1717,0.010528857044709355,3.8565652,14.419653,9900
1718,0.005858936713060994,1.5173812,4.758229,5509
1719,0.00027757895845142847,1.5724771,6.341158,261
1720,0.0014804211117409518,1.2485749,5.5851912,1392
1721,0.0014474519634191346,1.5128783,6.076784,1361
1722,0.0014538330889007768,3.094944,13.8620205,1367
1723,0.006583194455227365,2.1701233,7.59684,6190
1724,0.005574976629127923,1.3221675,7.3281994,5242
1725,0.003057622626620141,1.0090532,3.7716074,2875
1726,0.037412538698867244,1.6748087,6.993191,35178
1727,0.00024886389378403934,1.0596453,4.656109,234
1728,0.0023556988236395175,2.524616,7.494454,2215
1729,0.0019685772110865675,2.511373,8.444325,1851
1730,0.016376095027720673,1.9157151,9.660744,15398
1731,0.003184181615339375,2.6261492,9.664963,2994
1732,0.004618871327795225,1.9076512,6.829535,4343
1733,0.003018272352816682,2.0461571,7.34814,2838
1734,0.0006423666318186314,1.487957,4.556855,604
1735,0.00021057714089418712,2.050483,11.650624,198
1736,0.0059174303633093795,2.2411528,9.188855,5564
1737,0.0023333648844537703,2.3973422,8.604656,2194
1738,0.007475488501743643,1.5000031,10.859189,7029
1739,5.9557171161992314e-05,1.3570917,5.4689164,56
1740,0.0002456733310432183,1.5397599,7.609035,231
1741,0.00042753540727001626,1.606567,13.61055,402
1742,0.0004541234301101914,0.7066341,2.1133444,427
1743,0.0009263267157517019,1.4285876,9.262454,871
1744,0.0027715355008598565,1.7204437,6.4561005,2606
1745,0.004213669859710957,1.8519803,9.102763,3962
1746,0.0055101018533978965,1.4976394,8.479861,5181
1747,0.0003509619014903119,1.3858321,6.474763,330
1748,4.573139928510124e-05,1.1946412,4.012022,43
1749,0.021593728629876643,1.3974457,5.626964,20304
1750,0.0006508747991274875,1.2754402,4.838022,612
1751,0.0002637531865745374,1.3172923,6.0250273,248
1752,0.0022536008159332447,1.7129959,10.368644,2119
1753,0.002203615332993716,2.214977,8.084904,2072
1754,0.0025439420253479577,2.0761485,7.3255987,2392
1755,0.0035117460567303327,1.5077358,5.9885497,3302
1756,0.000935898403974165,1.9739386,7.066205,880
1757,0.006570432204264081,1.9097179,9.466401,6178
1758,0.0004711397647279035,1.4176961,6.9222126,443
1759,0.002234457439488319,3.1252482,10.1004925,2101
1760,0.007244704463490922,2.568456,9.680216,6812
1761,1.4889292790498078e-05,0.7512947,1.6903223,14
1762,0.001881368496170793,2.8034995,8.768876,1769
1763,0.0016835536062398898,2.3001025,9.092351,1583
1764,0.005333557381739133,2.513124,8.645243,5015
1765,0.0017377931728338471,1.880335,12.98103,1634
1766,0.0014825481535681658,1.4381444,6.0100384,1394
1767,0.00036159711062638193,1.3164924,6.9261384,340
1768,0.0002265299545982922,1.3784965,10.05627,213
1769,0.0013655608530713952,3.0078304,8.456962,1284
1770,0.0031661017598080556,3.1644113,8.43858,2977
1771,0.001332591704749578,1.4431603,6.333258,1253
1772,0.00031054810677324564,2.3681722,9.102211,292
1773,0.0040945555173869715,2.1413798,8.133996,3850
1774,0.00036904175702163095,1.1152536,5.317095,347
1775,0.003155466550671986,3.2287505,11.24412,2967
1776,0.002455669789518576,2.613323,8.968833,2309
1777,0.0020440871959526647,1.6012018,7.6806655,1922
1778,0.0008646425027624956,1.7635561,9.590647,813
1779,0.018152174953444372,1.3693004,5.3822007,17068
1780,0.011611521334761288,1.4291673,5.27115,10918
1781,9.890744496545152e-05,1.0526373,3.3043,93
1782,0.0033277569386763206,4.7562017,12.11945,3129
1783,0.0022025518120801085,2.327331,9.935329,2071
1784,0.003801023745231438,2.1263263,6.0813813,3574
1785,0.002282315880600634,1.3904263,6.749067,2146
1786,0.004668856810734754,1.6616088,6.1831346,4390
1787,0.0026173249683868406,3.2169619,10.108206,2461
1788,0.0006168421298920633,1.4723189,5.573714,580
1789,0.002452479226777755,1.5464989,6.5311527,2306
1790,0.0014431978797647066,1.6089128,9.564647,1357
1791,0.0017984138649094466,2.4830573,9.942056,1691
1792,0.005844047420270496,1.725292,7.497684,5495
1793,0.0027502650825877166,3.177202,10.271911,2586
1794,0.0012592087617106947,1.9780214,7.1539865,1184
1795,0.00033288204595899274,1.9567878,7.319427,313
1796,0.0044380727724820344,2.463718,10.108039,4173
1797,0.07910149499134826,8.756932,21.988762,74377
1798,0.0026247696147820897,1.2697811,4.691789,2468
1799,0.004775208902095455,3.2291715,11.368297,4490
1800,0.010463982268979329,1.7371677,6.7613425,9839
1801,0.0018111761158727305,1.7019572,8.049678,1703
1802,0.0032639456838599004,1.136996,4.8025384,3069
1803,0.0004679492019870825,1.5725465,9.26757,440
1804,0.0012879238263780839,1.8846589,7.8098993,1211
1805,0.00400628328155759,1.9768931,6.9427876,3767
1806,0.01171680990520838,1.8637795,7.990182,11017
1807,0.0033118041249722155,2.410687,9.524935,3114
1808,0.0017952233021686255,1.0942975,4.0575504,1688
1809,0.0017516189447107382,1.538075,7.754912,1647
1810,0.001692061773548746,1.6834048,8.258649,1591
1811,0.0025886099037194517,1.9125807,8.985695,2434
1812,0.0013932123968251773,1.5609597,6.353356,1310
1813,0.001350671560280897,1.8695976,10.326858,1270
1814,0.0015038185718403059,1.271813,5.516678,1414
1815,0.00034564429692227684,1.5296335,8.308715,325
1816,0.001963259606518532,3.7742114,10.813876,1846
1817,0.004723096377328712,1.7428409,6.4265227,4441
1818,0.0004105190726523042,1.6544234,7.3395495,386
1819,0.002236584481315533,2.342733,7.338771,2103
1820,0.002121724222645976,1.4248089,5.5740128,1995
1821,0.0014155463360109245,1.3369519,6.5005975,1331
1822,0.001721840359129742,2.3293052,10.060235,1619
1823,4.360435745788723e-05,0.8688324,1.7673712,41
1824,0.002701343120561794,2.6309912,9.105046,2540
1825,0.00038605809163934303,1.3758913,7.5233436,363
1826,0.0014474519634191346,1.6082205,7.560448,1361
1827,0.0036446861709312083,1.919587,7.0976663,3427
1828,0.0022206316676114278,2.714046,7.975185,2088
1829,0.0012762250963284068,1.5916651,7.1369314,1200
1830,0.0027077242460434364,3.5937476,10.845092,2546
1831,0.0003605335897127749,1.048166,2.7730768,339
1832,3.615971106263819e-05,1.042638,2.375603,34
1833,0.0021653285801038636,3.3155046,9.630677,2036
1834,0.0027470745198468955,2.813897,10.518204,2583
1835,0.0021685191428446843,3.849474,9.586311,2039
1836,0.003032098124693573,2.6868935,8.24213,2851
1837,0.002480130770531537,1.9090507,7.091521,2332
1838,0.0020483412796070927,2.574998,8.6635275,1926
1839,0.0022216951885250347,2.9689493,11.275811,2089
1840,0.006427920401840742,2.4878232,8.652451,6044
1841,0.0017750164048100925,3.3928382,9.149419,1669
1842,0.00021483122454861513,1.7364519,10.672992,202
1843,0.0027300581852291836,1.0756162,3.6310484,2567
1844,0.007773274357553604,1.677192,7.5491223,7309
1845,0.000953978259505484,1.9486163,8.4585,897
1846,0.00037116879884884494,1.2838793,4.5142484,349
1847,0.0007391470349568689,1.9003344,10.6169,695
1848,0.00261413440564602,1.3073255,6.602558,2458
1849,0.00793812009916269,1.4469949,8.491856,7464
1850,8.720871491577446e-05,1.2924972,6.2223215,82
1851,0.0017420472564882753,1.0354409,3.9356046,1638
1852,0.00040413794717066216,1.2463747,9.199357,380
1853,0.004191335920525209,1.2889137,6.848871,3941
1854,0.000565793126038927,1.9480543,10.066129,532
1855,0.002850236048466775,3.0808523,9.195429,2680
1856,0.0015601851802614774,1.8540789,6.936513,1467
1857,0.0016271869978187186,2.4950516,6.731714,1530
1858,0.0007689256205378651,1.3272735,4.3529186,723
1859,0.005007056461261782,1.3906527,7.989051,4708
1860,0.00044242470006051435,1.7696576,8.556387,416
1861,0.001497437446358664,2.2345157,8.066469,1408
1862,0.0032990418740089316,1.8179084,8.686583,3102
1863,0.0001520834906458018,1.0666821,2.8941734,143
1864,0.001154983712177208,1.7583628,7.8616953,1086
1865,0.0007370199931296549,1.5332738,7.344678,693
1866,0.000953978259505484,1.7046698,7.0971823,897
1867,0.0004232813236155882,2.4046783,8.793219,398
1868,0.00283428323476267,1.3375533,4.634571,2665
1869,2.233393918574712e-05,0.8217729,2.5033553,21
1870,0.0007136225330303008,1.5678917,8.322303,671
1871,0.002430145287592008,1.7440132,8.797741,2285
1872,0.0002669437493153584,1.9184308,5.8864255,251
1873,0.003785070931527333,1.346407,6.4547505,3559
1874,0.002439716975814471,1.284791,5.1166663,2294
1875,1.0635209136070057e-05,0.7737851,0.9595355,10
1876,0.00027438839571060743,1.5461662,9.40573,258
1877,0.0006359855063369894,1.1553595,5.132036,598
1878,0.002261045462328494,1.2255324,7.5378036,2126
1879,0.001354925643935325,1.2388983,7.921587,1274
1880,0.002234457439488319,2.7990785,9.37097,2101
1881,0.0038212306425899714,1.054919,4.410523,3593
1882,0.0010284247234579745,1.3844246,7.046765,967
1883,0.0008774047537257796,1.5730189,6.125987,825
1884,0.0002265299545982922,1.8117837,7.2952857,213
1885,0.013161071305886694,1.3807708,6.8296266,12375
1886,0.0018409547014537268,3.9296322,13.059618,1731
1887,0.00210258084620105,2.0816388,8.430924,1977
1888,0.0014176733778381385,2.2643893,8.417401,1333
1889,0.005005992940348175,1.5735995,9.822437,4707
1890,0.0027268676224883625,1.2832601,4.483739,2564
1891,0.0014782940699137378,1.1705438,8.243953,1390
1892,0.0029789220790132228,1.8616138,8.332314,2801
1893,0.00243652641307365,2.6196897,9.739828,2291
1894,0.0002052595363261521,1.0387778,6.238188,193
1895,0.0008529437727128185,1.4986616,9.075287,802
1896,0.00025418149835207437,1.5224307,6.4991198,239
1897,0.00036904175702163095,1.3910017,5.7512426,347
1898,0.004009473844298411,3.0291548,9.786716,3770
1899,0.001670791355276606,1.592214,9.034117,1571
1900,0.0027864247936503547,1.5490502,9.547464,2620
1901,0.0018388276596265128,1.6960499,10.293335,1729
1902,0.0009146279857020249,2.6115875,14.497561,860
1903,0.00229082404790949,1.8171184,6.5588393,2154
1904,0.00024141924738879027,1.5523161,8.571817,227
1905,0.000944406571283021,1.221034,4.6666055,888
1906,0.0015516770129526212,1.488549,7.7617617,1459
1907,0.002050468321434307,3.4515307,11.550758,1928
1908,0.0006349219854233823,1.7672638,7.9887023,597
1909,0.001133713293905068,1.347197,6.922337,1066
1910,0.002421637120283152,1.7619023,6.1196475,2277
1911,0.002462050915000218,2.1699266,11.430958,2315
1912,0.02578187398766103,1.8192749,8.345193,24242
1913,0.0001308130723736617,0.8576555,2.9350252,123
1914,0.00010103448679266554,0.96266764,2.7249439,95
1915,0.0008380544799223204,1.9707106,9.244413,788
1916,0.016139993384899916,1.2717314,6.406227,15176
1917,0.0009348348830605579,1.872301,8.865949,879
1918,0.006874599185555684,1.2819788,5.073883,6464
1919,0.0003966933007754131,1.4621749,5.4556675,373
1920,0.0032724538511687564,3.1298833,10.282196,3077
1921,0.008121045696303095,2.1877244,9.242021,7636
1922,0.0029278730751600866,1.8412523,7.4182596,2753
1923,0.0016122977050282204,2.0623271,10.448763,1516
1924,0.0059142398005685584,2.292224,7.0401487,5561
1925,0.00013506715602808973,1.4826344,8.041961,127
1926,0.0006689546546588066,1.6124676,5.7566876,629
1927,0.0012655898871923366,1.3159902,5.0416293,1190
1928,0.0025843558200650237,3.3445976,10.866328,2430
1929,0.0005562214378164639,1.1788261,5.617713,523
1930,0.003183118094425768,2.0297182,6.800363,2993
1931,0.003447934801913912,2.2625341,10.211178,3242
1932,0.002637531865745374,1.7609351,7.2188983,2480
1933,0.0012804791799828348,1.4915133,6.455591,1204
1934,4.2540836544280225e-06,1.1944096,1.7384953,4
1935,2.1270418272140113e-06,0.62303066,0.63302433,2
1936,0.0025130999188533545,2.2863226,9.51146,2363
1937,0.002100453804373836,1.8544844,6.8165226,1975
1938,0.0011868893395854184,1.994215,7.9089556,1116
1939,0.0007380835140432619,1.4975047,5.6492,694
1940,0.002010054526717241,1.8372552,8.704865,1890
1941,0.010145989515810834,2.4239237,9.561812,9540
1942,0.0016314410814731466,1.2619141,6.0386086,1534
1943,0.005425020180309336,1.6209038,6.781278,5101
1944,0.0012570817198834807,2.0905979,8.87762,1182
1945,0.00035415246423113286,1.7371596,9.062334,333
1946,0.0016112341841146135,1.2191724,4.680056,1515
1947,0.002302522777959167,2.5693188,9.3550205,2165
1948,0.0001297495514600547,1.8619733,7.5089207,122
1949,4.466787837149424e-05,2.0525906,11.322426,42
1950,0.0009592958640735191,1.7854574,7.4370666,902
1951,0.0018696697661211158,2.6756544,11.924172,1758
1952,0.0019377351045919643,1.8624319,6.82027,1822
1953,0.002215314063043393,2.344023,8.895208,2083
1954,0.002010054526717241,1.8718605,6.292251,1890
1955,0.0027609002917237868,2.6181698,8.898299,2596
1956,0.0002594991029201094,1.5383207,11.677083,244
1957,0.0013602432485033602,4.053303,11.391071,1279
1958,0.001520834906458018,2.6587117,7.402015,1430
1959,0.0012113503205983794,2.2599573,6.930126,1139
1960,0.00010847913318791457,0.7541654,2.0522788,102
1961,0.007737114646490966,1.7345412,7.9687667,7275
1962,0.0018707332870347229,3.0820122,11.568707,1759
1963,0.004465724316235817,3.9105027,10.751687,4199
1964,0.0038892959810608195,2.608887,9.167313,3657
1965,0.0020323884659029876,3.7486608,11.565628,1911
1966,0.002272744192378171,2.911665,7.0074754,2137
1967,4.2540836544280225e-06,0.56984496,0.8987686,4
1968,0.008401815217495345,2.8665204,10.198861,7900
1969,0.015245572296556426,1.4362036,5.3450775,14335
1970,7.763702669331141e-05,0.7622481,1.4969683,73
1971,0.002994874892717328,2.4866147,9.859672,2816
1972,0.00013506715602808973,1.4876746,5.223774,127
1973,0.0009114374229612038,1.7741253,7.2305946,857
1974,0.0023918585347021556,1.7282681,6.3375263,2249
1975,6.062069207559932e-05,0.9727984,2.3961563,57
1976,0.00045837751376461944,1.4464548,6.223818,431
1977,0.0015920908076696874,2.9074473,9.7876,1497
1978,0.020971568895416542,1.3744307,5.578502,19719
1979,0.0024110019111470817,1.2621884,6.7642074,2267
1980,0.009118628313266467,1.864095,7.5859785,8574
1981,0.002234457439488319,3.8277617,10.643747,2101
1982,0.003973314133235773,3.1353934,11.279583,3736
1983,0.000755099848660974,1.401627,10.736893,710
1984,0.001147539065781959,1.2851424,8.6699,1079
1985,0.006501303344879626,1.9020486,7.494615,6113
1986,0.019106153212949856,1.4429338,5.7136335,17965
1987,0.0012156044042528073,3.009867,11.446162,1143
1988,0.00014251180242333874,0.8635665,2.6369388,134
1989,0.001730348526438598,1.939187,8.575308,1627
1990,0.0018069220322183025,1.4931325,6.497222,1699
1991,0.0007976406852052543,1.3366237,6.894266,750
1992,0.00648535053117552,1.8836828,7.944442,6098
1993,0.001323020016527115,1.7297204,7.099962,1244
1994,0.03383485434549328,1.4727765,7.1911826,31814
1995,0.0003413902132678488,1.5627829,5.2818036,321
1996,0.0013761960622074652,2.5871627,7.5114493,1294
1997,4.2540836544280225e-06,1.7639447,2.8668928,4
1998,0.018272352816681964,1.2638572,5.6994967,17181
1999,0.00021695826637582914,1.8693525,11.504964,204
2000,0.00032969148321817176,2.4489107,7.2567353,310
2001,3.403266923542418e-05,0.79438543,1.6337891,32
2002,0.0010943630201016089,1.9043137,7.049271,1029
2003,0.0011464755448683521,1.6956619,8.131941,1078
2004,0.0005285698940626817,1.1728152,4.0534296,497
2005,0.0014134192941837106,3.308018,9.446131,1329
2006,0.0097918370515797,1.1702839,4.544295,9207
2007,0.0027534556453285377,3.005971,9.485409,2589
2008,0.0029672233489635457,2.469601,9.147259,2790
2009,0.003245865828328581,1.8572028,5.822193,3052
2010,3.1905627408210167e-06,0.6523735,0.7087419,3
2011,0.012373002308903903,2.0006618,9.05766,11634
2012,0.0073904068286550825,1.194316,4.018447,6949
2013,0.0031341961323998455,3.4658475,12.204462,2947
2014,0.0068703451019012565,2.3915377,8.552877,6460
2015,7.231942212527638e-05,0.9360318,2.806427,68
2016,0.008009376000374359,1.2975479,5.2316637,7531
2017,0.0014219274614925665,2.5486712,8.107218,1337
2018,4.573139928510124e-05,0.79354876,1.4140817,43
2019,0.0006955426774989817,1.2339151,4.8062515,654
2020,0.0018122396367863376,3.1405866,8.8446865,1704
2021,4.2540836544280225e-06,0.75296146,1.0660086,4
2022,0.0025130999188533545,1.6497312,7.6084933,2363
2023,6.487477573002735e-05,1.205446,3.2655618,61
2024,0.0005934446697927092,1.8854765,6.67949,558
2025,0.0010879818946199667,1.8159884,8.660228,1023
2026,0.00016378222069547886,1.3069192,4.4237447,154
2027,0.007965771642916472,1.6747301,10.356439,7490
2028,0.003203324991784301,2.5487597,7.326542,3012
2029,0.00877617457908501,2.0538933,8.653669,8252
2030,6.806533847084836e-05,0.9987352,3.2872007,64
2031,0.00040839203082509014,1.6160895,9.834251,384
2032,0.21463340965868424,3.519613,12.752848,201814
2033,0.0012336842597841266,2.0595589,12.560194,1160
2034,0.0008391180008359275,1.4444724,7.1706595,789
2035,0.002270617150550957,1.707161,6.540389,2135
2036,0.0023216661544040933,2.423499,8.474132,2183
2037,0.018613743029949812,1.1415609,4.0188727,17502
2038,0.0007423375976976899,1.5441549,8.060849,698
2039,0.06653386835525427,1.4068325,9.124006,62560
2040,0.031775877856750116,2.127455,7.5017734,29878
2041,0.0009156915066156319,1.3752022,8.105062,861
2042,0.0016293140396459326,1.528463,5.974104,1532
2043,0.00023716516373436226,1.5069956,6.6251616,223
2044,0.0001488929279049808,2.6465998,13.26725,140
2045,0.0031012269840780286,1.659744,6.4996314,2916
2046,0.034303867068393966,2.1679432,9.309122,32255
2047,0.0027874883145639615,1.3750012,4.8429775,2621
2048,0.0024354628921600427,1.3387237,4.6494484,2290
2049,1.91433764449261e-05,1.0797495,2.0694718,18
2050,0.06855774865384841,1.4429765,6.756094,64463
2051,0.0012464465107474105,1.5486765,6.811635,1172
2052,0.002661992846758335,1.5774913,7.3924246,2503
2053,0.00036797823610802395,1.5898691,6.250052,346
2054,0.019785743076744734,0.9363162,3.2018287,18604
2055,0.0019898476293587074,2.5911355,8.047147,1871
2056,0.01170617469607231,1.333281,5.1215053,11007
2057,0.002653484679449479,1.1373538,6.899293,2495
2058,0.01963685014883975,1.7964102,7.0226765,18464
2059,0.0019302904581967152,2.264206,9.124585,1815
2060,0.00260349919650995,1.1353897,4.821476,2448
2061,0.01431392797623669,1.8802954,8.0965605,13459
2062,0.001703760503598423,1.4940156,6.64278,1602
2063,0.0014123557732701035,2.1837068,12.315722,1328
2064,0.0033288204595899274,1.5042659,6.1142893,3130
2065,0.004640141746067365,2.0840664,8.660226,4363
2066,0.0007859419551555772,1.4050112,5.6848607,739
2067,0.00016378222069547886,1.1302813,3.3290465,154
2068,0.0004839020156911876,1.3700013,8.302913,455
2069,0.0011720000467949202,1.7288076,9.394686,1102
2070,0.00240462078566544,2.3999028,8.862309,2261
2071,0.0005083629967041487,1.5456247,6.5379004,478
2072,0.0003020399394643896,1.5689985,9.544882,284
2073,0.0007114954912030868,1.2549036,5.9398427,669
2074,0.011899735502348786,1.7613988,5.9374223,11189
2075,0.00019781488993090305,1.9331522,7.36232,186
2076,0.0020674846560520188,1.0757304,3.8216605,1944
2077,3.1905627408210167e-06,1.1623739,1.3371739,3
2078,0.001325147058354329,2.3796024,9.521165,1246
2079,0.0063906971698644965,0.91495806,2.7975993,6009
2080,0.01535724199248516,1.5217371,5.7333007,14440
2081,0.0027002795996481873,3.3412895,9.884898,2539
2082,0.0009135644647884178,1.6975961,7.3132553,859
2083,0.0021068349298554783,1.532077,8.22546,1981
2084,0.0025396879416935293,3.3122408,11.188278,2388
2085,0.00013719419785530372,2.0670323,13.388375,129
2086,0.0005317604568035028,0.82516795,2.4639375,500
2087,0.009481288944806454,2.1536286,6.1634717,8915
2088,0.0019685772110865675,1.2711936,7.167151,1851
2089,0.0026524211585358722,3.1816387,10.044198,2494
2090,0.0026917714323393314,3.402308,9.35736,2531
2091,6.274773390281333e-05,1.482061,5.384585,59
2092,0.0027247405806611483,3.6130798,13.301336,2562
2093,0.0017611906329332012,1.6136042,8.8054905,1656
2094,0.0019547514392096762,2.0190232,6.227987,1838
2095,0.000187179680794833,1.1524867,4.4389834,176
2096,0.0010252341607171534,1.8415186,12.69097,964
2097,0.0036829729238210605,1.4899167,5.914429,3463
2098,9.57168822246305e-06,0.6626532,0.9266512,9
2099,0.004257274217168844,3.5218954,9.32809,4003
2100,0.00021057714089418712,1.6794378,8.468853,198
2101,0.0022206316676114278,2.8898668,11.871574,2088
2102,1.2762250963284067e-05,0.60253,0.8606515,12
2103,0.0007051143657214447,1.4594375,7.461546,663
2104,0.0013740690203802512,1.6801305,8.010806,1292
2105,0.0018483993478489757,2.0324714,7.865237,1738
2106,0.00023184755916632723,1.9437737,9.283145,218
2107,0.00040732850991148314,1.588964,7.026916,383
2108,0.0024067478274926537,2.0294375,6.7061715,2263
2109,0.001504882092753913,1.5222707,11.667973,1415
2110,0.00014144828150973175,1.5131415,9.306399,133
2111,0.016506908100094333,2.2465494,7.721094,15521
2112,0.057674739144907915,0.9001101,3.664886,54230
2113,0.00285555365303481,1.5973067,7.0001664,2685
2114,0.0009795027614320521,1.3364459,6.2109127,921
2115,0.00112945921025064,1.7491066,8.0890465,1062
2116,0.0017346026100930262,2.9654682,9.703607,1631
2117,0.0012039056742031303,1.8572091,6.9131346,1132
2118,0.0038637714791342516,2.1635323,9.688248,3633
2119,0.0008114664570821453,1.7014087,6.0186133,763
2120,0.0002307840382527202,1.4324489,5.763991,217
2121,0.0011879528604990253,2.0607922,8.307463,1117
2122,0.0030959093795099933,2.8257573,8.834077,2911
2123,0.002609880321991592,2.9983137,11.889027,2454
2124,0.007368072889469335,4.436414,12.006896,6928
2125,0.0015335971574213022,1.9960843,7.4593105,1442
2126,0.0002605626238337164,1.7144706,6.2330437,245
2127,0.00024035572647518327,2.3713748,9.328615,226
2128,0.004245575487119167,1.6579063,6.962582,3992
2129,0.00032969148321817176,2.109544,10.90507,310
2130,0.0064023958999141735,1.6744465,7.284835,6020
2131,1.2762250963284067e-05,1.1645817,2.0203454,12
2132,0.0016027260168057574,1.572523,5.6157002,1507
2133,0.0010454410580756864,1.7446029,9.382384,983
2134,0.0007402105558704759,1.8636965,9.956358,696
2135,0.0017431107774018822,3.5478997,11.743932,1639
2136,0.0007029873238942307,1.8278897,10.856739,661
2137,0.008359274380951064,2.2741573,8.332714,7860
2138,0.0029959384136309347,2.3627737,9.010875,2817
2139,7.870054760691842e-05,1.9973087,12.185391,74
2140,0.0006795898637948766,2.0609932,7.347679,639
2141,1.91433764449261e-05,1.1643233,2.7719812,18
2142,0.0025141634397669614,1.5929308,5.152532,2364
2143,0.007681811558983401,2.4088821,9.966887,7223
2144,0.0017973503439958395,1.7631003,7.120295,1690
2145,0.0014612777352960256,1.3830249,5.1092043,1374
2146,5.5303087507564294e-05,1.2175221,3.1992807,52
2147,0.00407753918276926,1.4122386,6.92335,3834
2148,0.0014081016896156755,1.2545905,4.6993213,1324
2149,0.0018218113250088007,1.9119642,6.6664276,1713
2150,0.010947884284670516,1.6582992,7.153076,10294
2151,0.0020153721312852757,1.2898157,8.375429,1895
2152,0.03405393965369632,1.7878382,6.8255816,32020
2153,0.006244994804700337,1.5121686,9.172288,5872
2154,8.508167308856045e-06,0.8622846,1.3757515,8
2155,0.0030033830600261838,4.553175,16.572422,2824
2156,0.003349027356948461,3.2984903,9.51477,3149
2157,0.0007646715368834371,2.1356478,6.909974,719
2158,0.002654548200363086,1.2061567,4.7971563,2496
2159,0.0006157786089784563,1.6026937,5.3332906,579
2160,0.008400751696581738,1.5630594,5.7643075,7899
2161,0.0005923811488791021,2.0001004,9.113158,557
2162,0.0023727151582572294,2.5813851,10.18791,2231
2163,0.00019143376444926102,2.3010647,11.351887,180
2164,0.00042540836544280227,0.82571954,3.6543536,400
2165,0.0037138150303156637,2.3181465,7.9219546,3492
2166,0.0004179637190475532,1.1650671,4.7234654,393
2167,0.0021472487245725444,2.8736608,7.1172523,2019
2168,0.0048454012823935175,4.265886,11.29843,4556
2169,0.002446098101296113,2.487318,9.932804,2300
2170,0.00018292559714040495,1.4467384,5.023552,172
2171,0.0018569075151578318,2.1671515,7.173876,1746
2172,0.0006817169056220906,1.7828767,12.388766,641
2173,0.0002754519166242145,1.397129,5.8811097,259
2174,0.00010635209136070057,0.7258408,1.7497388,100
2175,0.0018026679485638746,2.3540356,9.012005,1695
2176,0.0003020399394643896,1.1475201,6.2305813,284
2177,0.0019930381920995285,1.7208848,6.5439253,1874
2178,0.0008348639171814994,1.4832046,7.3806415,785
2179,0.0007721161832786861,1.5925081,6.6576843,726
2180,0.006815042014393692,2.5066931,9.685588,6408
2181,0.0002850236048466775,1.5346358,7.662913,268
2182,0.00038712161255295,2.1712954,9.164119,364
2183,0.020406839290291225,1.1324131,4.64402,19188
2184,0.003958424840445275,1.6941314,9.175391,3722
2185,7.44464639524904e-05,1.738087,11.192352,70
2186,0.002034515507730202,2.2328546,7.616112,1913
2187,9.039927765659548e-05,0.9650806,2.2651472,85
2188,0.000571110730606962,1.3462372,9.574838,537
2189,0.00019781488993090305,0.9169739,3.9116483,186
2190,0.0016973793781167809,3.5511518,11.867485,1596
2191,1.0635209136070056e-06,0.49708694,0.49708694,1
2192,0.014109731960824143,0.9306462,3.3054385,13267
2193,0.0032331035773652973,2.435444,9.126145,3040
2194,0.008824033020197325,1.1759464,4.5882955,8297
2195,0.08344385088160566,1.8065323,14.8540125,78460
2196,0.0030235899573847168,2.0222027,7.866996,2843
2197,0.000553030875075643,1.5559648,7.560477,520
2198,0.000563666084211713,1.5683515,7.9868565,530
2199,0.001901575393529326,1.9893191,9.2549925,1788
2200,0.0005955717116199232,1.256845,5.139082,560
2201,0.002053658884175128,1.5686243,9.150966,1931
2202,0.0024950200633220353,1.411121,6.0961466,2346
2203,0.0019930381920995285,1.3807375,6.687823,1874
2204,0.000550903833248429,1.577366,8.737028,518
2205,0.0012592087617106947,2.1273615,6.935614,1184
2206,0.0009210091111836669,1.2020456,4.4156275,866
2207,0.00132833762109515,2.042859,9.848326,1249
2208,0.00042966244909723025,1.1732385,5.681671,404
2209,0.0028927768850110554,2.5951347,8.52815,2720
2210,0.0006274773390281333,1.4488335,6.5831466,590
2211,0.0011124428756329279,1.3921558,4.9396443,1046
2212,0.00010741561227430756,2.0319245,6.860525,101
2213,0.001862225119725867,3.9430847,11.618201,1751
2214,0.0026758186186352263,3.4203515,11.874331,2516
2215,0.0007359564722160479,1.2718894,9.496168,692
2216,0.00246843204048186,2.9026887,10.306147,2321
2217,0.00017760799257236993,1.8225346,9.196532,167
2218,0.0015772015148791893,2.1557736,9.7927885,1483
2219,0.0015846461612744383,2.200447,8.848958,1490
2220,0.0012368748225249475,0.99634445,4.5160794,1163
2221,0.0016792995225854619,3.1618507,14.017165,1579
2222,1.0635209136070057e-05,0.73122585,1.2315166,10
2223,0.0014102287314428895,3.6202104,10.517191,1326
2224,0.0014229909824061736,1.7956045,8.239358,1338
2225,0.0002478003728704323,1.427247,5.336561,233
2226,0.0007710526623650791,0.930623,3.8103254,725
2227,0.0010252341607171534,1.643253,7.1504865,964
2228,0.002330174321712949,3.2538044,11.460554,2191
2229,0.00038393104981212904,1.7173071,8.758836,361
2230,4.7858441112315255e-05,1.03476,2.311527,45
2231,0.004121143540227147,1.6441004,7.9145913,3875
2232,0.00023610164282075524,1.6857069,9.695542,222
2233,0.003184181615339375,2.2906811,7.088934,2994
2234,0.00016484574160908588,1.5213791,7.4872313,155
2235,0.001881368496170793,2.1925123,9.06132,1769
2236,0.0023929220556157624,1.971648,8.274013,2250
2237,0.0031139892350413125,1.5794877,10.922265,2928
2238,0.001888813142566042,2.4958224,11.306746,1776
2239,0.0018303194923176567,1.9266737,6.959433,1721
2240,0.000571110730606962,1.7785848,12.574406,537
2241,0.0021653285801038636,1.4608604,5.4984026,2036
2242,0.0012464465107474105,2.311,8.508281,1172
2243,0.008192301597514764,2.3246229,9.368925,7703
2244,0.0019387986255055712,2.4236135,12.252861,1823
2245,0.0007880689969827912,1.9332749,10.185908,741
2246,0.002623706093868483,1.1226457,3.9802005,2467
2247,0.0019696407320001744,2.2174633,7.9300327,1852
2248,0.0035489692887065777,1.4011036,6.8075485,3337
2249,0.003708497425747629,1.5501676,6.3308115,3487
2250,0.23877108031390884,2.3652833,12.980293,224510
2251,0.011810399745605797,3.5223882,8.898777,11105
2252,0.003819103600762757,1.1758331,4.790707,3591
2253,0.0022886970060822763,1.9603014,7.1030297,2152
2254,0.0028778875922205573,1.329616,5.4595904,2706
2255,0.0008614519400216746,1.5624504,8.25683,810
2256,0.0014166098569245314,1.4774067,5.843884,1332
2257,0.0017207768382161352,1.9584836,7.3700557,1618
2258,0.0016059165795465785,1.3229398,4.601478,1510
2259,0.0016325046023867537,4.3347573,11.986424,1535
2260,0.07797948042749286,1.6992267,7.667382,73322
2261,0.003204388512697908,3.840242,13.457688,3013
2262,0.00431895843015805,2.5910215,10.103525,4061
2263,0.0010167259934082975,1.5384336,8.675237,956
2264,0.003081020086719495,2.028538,10.52179,2897
2265,0.00019249728536286802,1.4425881,9.7135725,181
2266,0.0020004828384947776,1.9106154,8.134399,1881
2267,0.001528279552853267,3.7826664,14.472745,1437
2268,0.00023716516373436226,2.0012589,14.571005,223
2269,0.001324083537440722,1.2613447,4.369228,1245
2270,0.0019813394620498514,2.921941,10.312289,1863
2271,0.0019877205875314936,2.38164,9.614293,1869
2272,0.0005923811488791021,2.052676,10.396935,557
2273,0.00208131042792891,2.3602664,8.144623,1957
2274,1.5952813704105085e-05,0.85751665,1.3415971,15
2275,0.00014038476059612475,2.164059,10.62412,132
2276,0.0009997096587905853,1.7867813,6.9213753,940
2277,0.0012464465107474105,3.1244617,10.70149,1172
2278,9.46533613110235e-05,1.6983175,4.9374948,89
2279,0.0006093974834968142,1.4020178,6.039224,573
2280,0.031576999445905606,2.005925,8.151384,29691
2281,0.001530406594680481,1.7161353,8.49646,1439
2282,0.002096199720719408,1.5614609,6.655618,1971
2283,0.04088599800270772,1.441906,6.1906457,38444
2284,0.003919074566641816,1.2656204,4.594021,3685
2285,0.0019579420019504973,1.6033442,7.8435574,1841
2286,0.00037648640341687997,0.99295175,2.7797832,354
2287,0.03736787082049575,0.9019326,3.853664,35136
2288,0.0003435172550950628,1.8267766,9.734304,323
2289,0.009513194572214665,1.1517832,4.249028,8945
2290,0.0010454410580756864,1.6367409,8.090173,983
2291,0.0002648167074881444,2.5020194,9.426074,249
2292,0.0001499564488185878,1.4511491,5.5684795,141
2293,0.0025428785044343503,3.3289993,11.773721,2391
2294,0.0012868603054644768,1.4894463,11.591763,1210
2295,0.0006902250729309467,1.9938748,9.01591,649
2296,0.00027864247936503547,1.8051813,7.2954316,262
2297,0.0017463013401427033,2.3991883,6.264739,1642
2298,4.7858441112315255e-05,0.8511588,1.4971033,45
2299,0.0002988493767235686,1.2179947,5.6161923,281
2300,0.0019185917281470382,3.1023421,8.015122,1804
2301,0.0007891325178963982,1.9128604,7.0112123,742
2302,0.00020100545267172406,1.7567043,4.982743,189
2303,0.0011879528604990253,1.2679399,5.6982126,1117
2304,0.0028970309686654834,1.9371967,7.30264,2724
2305,0.002795996481872818,1.5165337,5.901138,2629
2306,0.005922747967877414,1.240693,4.6266737,5569
2307,0.0007380835140432619,1.5799372,6.1031804,694
2308,0.0014155463360109245,3.5012271,11.95257,1331
2309,0.003045923896570464,2.5162401,6.907079,2864
2310,0.003190562740821017,2.7545307,9.847239,3000
2311,0.000550903833248429,1.9495965,8.313103,518
2312,0.005451608203149511,1.6171602,7.7042418,5126
2313,0.0014495790052463486,2.0357642,10.046004,1363
2314,0.0013400363511448272,1.7820787,5.576251,1260
2315,0.0007051143657214447,2.0990036,8.160626,663
2316,0.0011581742749180292,1.6125317,9.753301,1089
2317,0.0029799855999268297,2.694251,8.547952,2802
2318,0.0018356370968856917,2.1043391,6.6283016,1726
2319,0.06140131642618686,0.84310126,3.0502157,57734
2320,2.7651543753782147e-05,0.9592311,1.5814824,26
2321,0.0008486896890583904,2.196292,11.532601,798
2322,0.0001329401142008757,1.0762298,3.1781116,125
2323,0.0004541234301101914,1.6438209,9.10199,427
2324,0.0007859419551555772,1.4031727,10.715303,739
2325,0.0012592087617106947,1.6534896,6.3915715,1184
2326,1.4889292790498078e-05,0.80296993,1.4547074,14
2327,0.0009412160085422,1.4486803,6.427485,885
2328,0.0011145699174601419,1.8093698,8.026514,1048
2329,3.296914832181717e-05,0.77858055,1.3923266,31
2330,0.0024120654320606886,1.399094,4.9238477,2268
2331,0.002579038215496989,2.3725579,10.251142,2425
2332,0.00019568784810368903,1.3640952,7.5876718,184
2333,0.0010539492253845426,1.6745243,7.0059547,991
2334,0.0018111761158727305,2.3978496,7.952202,1703
2335,0.002449288664036934,2.483502,8.756795,2303
2336,0.0014027840850476404,3.4987404,10.09322,1319
2337,0.0028534266112075963,1.2115847,4.128196,2683
2338,0.0016165517886826486,3.7542794,11.632974,1520
2339,0.0034149656535920952,2.362321,8.867047,3211
2340,0.01590495526299277,2.0480287,9.164814,14955
2341,0.0022004247702528948,4.629258,14.765784,2069
2342,0.008313542981665962,1.4057893,4.4373536,7817
2343,0.00017335390891794192,1.3170512,5.388141,163
2344,0.0007880689969827912,1.1423961,4.4529305,741
2345,0.0015548675756934423,1.5972035,7.4605575,1462
2346,3.1905627408210167e-06,0.781192,1.0431815,3
2347,0.0015729474312247613,1.8309753,5.7338233,1479
2348,0.002094072678892194,1.688088,8.341593,1969
2349,0.0009008022138251337,1.160818,5.346701,847
2350,0.0017739528838964854,1.245105,5.5525947,1668
2351,0.006984141839657206,0.93693775,3.0637624,6567
2352,0.006528954888633407,1.486989,6.887758,6139
2353,0.0019536879182960694,2.1879845,13.208061,1837
2354,6.168421298920632e-05,2.457369,8.557012,58
2355,0.00044348822097412135,1.1470582,8.727628,417
2356,0.01049163381273311,1.7890971,7.798457,9865
2357,0.005350573716356845,1.3577471,4.894062,5031
2358,0.0010507586626437215,1.6486567,5.6988244,988
2359,0.0014208639405789594,2.0213082,6.8487635,1336
2360,0.002261045462328494,1.3835822,6.8709593,2126
2361,0.0016452668533500376,3.2379777,8.969722,1547
2362,0.0017728893629828783,2.2561433,17.220787,1667
2363,0.002466304998654646,4.11946,11.359112,2319
2364,0.0034713322620132663,2.039376,6.69071,3264
2365,0.0003413902132678488,1.729786,7.1629553,321
2366,0.0006306679017689543,1.9875304,6.444948,593
2367,0.001890940184393256,2.1790974,10.7465105,1778
2368,0.009846076618173659,2.1188674,7.958577,9258
2369,0.0014112922523564966,1.2514496,7.4347835,1327
2370,0.002234457439488319,2.5405378,9.737469,2101
2371,0.0009656769895551611,1.3311279,6.06843,908
2372,0.026435939349529338,1.3066384,6.6502666,24857
2373,0.003191626261734624,2.0347035,8.715113,3001
2374,0.00015952813704105085,1.5055066,6.525863,150
2375,0.004220050985192598,4.1846457,9.868739,3968
2376,0.0053569548418384875,2.1658938,7.5764995,5037
2377,0.007151114623093506,2.753915,8.818253,6724
2378,0.0031565300715855928,1.6853539,7.0862355,2968
2379,5.2112524766743275e-05,0.996488,4.4239926,49
2380,0.00018186207622679796,1.3703678,5.8405066,171
2381,0.00782113279866592,2.1428237,7.8670664,7354
2382,0.0009731216359504101,1.7247745,6.378513,915
2383,0.0012273031343024844,1.3422819,4.1818542,1154
2384,0.0017728893629828783,1.7124285,5.807109,1667
2385,0.0008263557498726433,1.5178881,5.4392405,777
2386,0.0034872850757173713,2.8568888,12.146528,3279
2387,0.0010996806246696437,2.3416386,7.1496778,1034
2388,0.0014623412562096328,1.4450651,5.994897,1375
2389,0.003208642596352336,2.0168715,6.5572767,3017
2390,0.010458664664411293,1.4928726,6.0645475,9834
2391,9.35898403974165e-05,1.37354,4.746338,88
2392,7.870054760691842e-05,1.537343,6.9714103,74
2393,0.000762544495056223,1.3281223,6.4078846,717
2394,0.0007976406852052543,1.4495791,6.0301547,750
2395,0.00028821416758749853,1.5193167,8.128447,271
2396,0.0003137386695140667,1.7314358,6.446976,295
2397,0.004890069160765012,2.1143613,9.272899,4598
2398,0.0032639456838599004,2.1884005,9.06801,3069
2399,0.00041370963539312516,1.6626844,9.578528,389
2400,0.0007784973087603281,1.4199903,11.622475,732
2401,4.679492019870825e-05,0.99839157,2.7163997,44
2402,0.0021780908310671475,1.574315,7.714685,2048
2403,0.00022121235003025718,1.7473657,8.938171,208
2404,0.0004605045555918334,1.4479611,5.9840508,433
2405,0.0001701633461771209,1.1664214,3.7497149,160
2406,7.444646395249039e-06,1.0868427,1.2749962,7
2407,0.001917528207233431,2.2006247,10.813107,1803
2408,0.0027874883145639615,3.4274764,9.375066,2621
2409,0.002602435675596343,3.1390479,8.709086,2447
2410,0.0018196842831815867,2.933213,10.515008,1711
2411,0.0004913466620864366,1.4067938,9.873398,462
2412,0.003368170733393387,1.6646916,6.1765122,3167
2413,0.000756163369574581,1.912914,10.329587,711
2414,0.001708014587252851,1.2159449,5.925616,1606
2415,0.0004381706164060863,1.9107168,7.800661,412
2416,0.0027757895845142845,2.3261645,11.466675,2610
2417,0.0009114374229612038,2.147323,8.161016,857
2418,0.0032724538511687564,2.2244213,9.549094,3077
2419,0.0021302323899548324,1.7766235,7.656907,2003
2420,0.002455669789518576,2.450611,12.560412,2309
2421,0.002385477409220514,3.5034535,11.109567,2243
2422,6.487477573002735e-05,0.81840867,1.8408539,61
2423,0.003411775090851274,2.7942836,12.078026,3208
2424,0.00035415246423113286,1.2130834,4.3937373,333
2425,2.6588022840175142e-05,0.9678754,2.0323882,25
2426,0.0018260654086632287,2.6870847,9.275787,1717
2427,0.007083049284622657,2.7345936,9.699141,6660
2428,0.0006093974834968142,1.9538467,6.885911,573
2429,0.00012017786323759164,2.1831896,13.186972,113
2430,0.0014612777352960256,2.2119203,8.704428,1374
2431,0.0007519092859201529,1.8131168,9.297928,707
2432,0.014854196600349048,1.5893927,5.31656,13967
2433,0.0024035572647518326,2.7046134,10.117134,2260
2434,0.0008199746243910014,1.7714281,9.007143,771
2435,0.0012549546780562667,1.0956837,4.069364,1180
2436,0.0012453829898338036,2.0088356,9.875527,1171
2437,0.005268682606009106,2.01412,7.2673817,4954
2438,4.892196202592226e-05,0.8744482,1.6960441,46
2439,0.007239386858922887,2.6585793,9.144235,6807
2440,0.004312577304676408,3.8691275,13.425796,4055
2441,0.004357245183047902,1.714189,7.962937,4097
2442,0.0007104319702894797,1.6155633,7.2802,668
2443,8.295463126134644e-05,3.0991437,8.078274,78
2444,0.008938893278866883,2.3462026,11.538567,8405
2445,0.0008550708145400325,1.3259099,5.282309,804
2446,0.04641737027437776,1.6122693,8.431362,43645
2447,0.02088116961775995,1.0834435,4.924244,19634
2448,0.00014144828150973175,1.9763861,12.464126,133
2449,0.01928907881009026,1.1196244,5.9726605,18137
2450,0.006053561040251076,1.6011647,5.9273515,5692
2451,0.0018483993478489757,3.3049762,11.40975,1738
2452,0.0029023485732335183,2.5049615,10.657192,2729
2453,0.00025524501926568136,1.7878385,8.765917,240
2454,0.0006051433998423862,1.4697512,5.7619514,569
2455,0.0019738948156546024,4.0956907,11.805378,1856
2456,0.0017920327394278044,2.1141224,7.867479,1685
2457,0.0020047369221492055,3.6068125,9.664957,1885
2458,0.002318475591663272,2.7271557,7.5768294,2180
2459,0.00034670781783588384,2.126382,8.576702,326
2460,0.0008752777118985656,1.3783201,8.205788,823
2461,0.003755292345946337,3.0865095,9.692272,3531
2462,0.006394951253518925,1.3912735,11.082098,6013
2463,0.0038297388098988273,1.8094907,7.603197,3601
2464,0.00012868603054644768,1.0563065,4.3346295,121
2465,0.0026970890369073662,1.4161028,5.747016,2536
2466,0.0027832342309095336,3.4885402,11.002528,2617
2467,0.0001297495514600547,0.7928516,1.4733374,122
2468,0.010022621089832422,1.1291972,4.0774918,9424
2469,0.0031629111970672345,1.7670054,6.2232533,2974
2470,0.019156138695889384,1.3589736,5.570285,18012
2471,0.002246156169537996,2.5310307,9.266909,2112
2472,0.002275934755118992,2.0977657,8.223228,2140
2473,0.0014878657581362008,1.6515508,5.148528,1399
2474,0.001297495514600547,2.40506,10.177629,1220
2475,0.0002669437493153584,1.5536058,9.710142,251
2476,0.01061287519688431,1.4569824,5.117204,9979
2477,0.0023248567171449143,1.8342607,8.078872,2186
2478,0.01261229451446548,1.8324039,7.474961,11859
2479,0.0011932704650670603,1.3304756,6.1322885,1122
2480,0.0011826352559309902,1.6538308,8.988034,1112
2481,1.91433764449261e-05,1.6129936,3.9047825,18
2482,0.0007200036585119428,3.120626,9.402354,677
2483,0.0012496370734882316,3.1666622,11.766692,1175
2484,0.00038286752889852204,1.3591813,7.7849975,360
2485,0.0012368748225249475,3.7199519,11.965925,1163
2486,0.08837327031617413,1.0323871,4.3292923,83095
2487,0.0020291979031621665,3.0356224,12.907087,1908
2488,0.003031034603779966,3.9035947,9.443447,2850
2489,0.0033011689158361454,1.8748996,9.694818,3104
2490,0.008607074753821496,1.0348954,5.3553143,8093
2491,0.0021493757663997586,3.0910952,11.221165,2021
2492,0.002674755097721619,4.29106,12.036904,2515
2493,0.0023237931962313075,2.4418032,9.352729,2185
2494,0.030138055649795326,1.2633209,4.9549966,28338
2495,0.0004349800536652653,1.1332812,6.871793,409
2496,0.00228018883877342,2.4689856,10.49681,2144
2497,0.0035096190149031185,2.2137358,9.421397,3300
2498,0.00033819965052702777,1.8146847,7.9926147,318
2499,0.0008061488525141102,2.217598,9.0333395,758
2500,0.00044986934645576337,1.3775034,7.893847,423
2501,0.01391191707089324,2.066482,9.58755,13081
2502,0.0002478003728704323,1.347874,5.535557,233
2503,0.004867735221579265,1.7766317,11.733872,4577
2504,0.0010571397881253635,1.9676065,12.548285,994
2505,0.07943118647456643,3.4894938,9.911876,74687
2506,0.003436236071864235,2.9784198,11.54045,3231
2507,0.003774435722391263,2.0283709,9.101677,3549
2508,2.8715064667389152e-05,1.0364213,2.526117,27
2509,0.002082373948842517,1.8211888,9.982102,1958
2510,9.039927765659548e-05,1.3056327,5.1027174,85
2511,0.0010029002215314062,1.9568055,7.1132593,943
2512,0.0025354338580391013,2.8519232,8.850539,2384
2513,0.0019547514392096762,2.4929726,7.6555996,1838
2514,0.002586482861892238,2.9543009,9.6964855,2432
2515,0.0023748422000844436,2.4917607,7.9749775,2233
2516,0.010255532169912355,1.8233684,9.499467,9643
2517,0.003384123547097492,1.6232088,7.455685,3182
2518,0.002828965630194635,1.1357684,4.6192045,2660
2519,0.007151114623093506,2.30915,10.019619,6724
2520,0.002074929302447268,2.3083475,7.957774,1951
2521,0.0011092523128921068,2.0980902,13.824646,1043
2522,0.005115535594449697,1.6915497,6.5752463,4810
2523,0.0029066026568879463,3.2405224,9.891323,2733
2524,0.026285982900710752,1.001526,5.167374,24716
2525,1.701633461771209e-05,0.5696579,0.927985,16
2526,0.01323020016527115,1.4816374,6.936539,12440
2527,0.003241611744674153,1.8314162,11.144821,3048
2528,9.35898403974165e-05,2.5990176,11.987286,88
2529,9.35898403974165e-05,0.721787,1.864508,88
2530,0.003092718816769172,2.6201518,10.284971,2908
2531,0.0014049111268748544,2.9797037,11.834305,1321
2532,0.0012475100316610176,1.4891036,7.942131,1173
2533,0.0017718258420692714,1.7059338,8.114437,1666
2534,0.03724875647817177,1.4474331,6.800766,35024
2535,0.0016495209370044658,2.9675767,9.2291155,1551
2536,0.00019994193175811706,1.730382,9.652619,188
2537,0.0011698730049677062,3.1336534,10.984858,1100
2538,0.002105771408941871,2.7981238,10.341112,1980
2539,0.0005115535594449697,2.528223,8.77854,481
2540,0.0111276193190701,3.1044943,11.775977,10463
2541,4.573139928510124e-05,2.3919501,7.8123417,43
2542,0.00879744499735715,1.7610463,7.3278155,8272
2543,9.039927765659548e-05,1.2161502,4.32375,85
2544,0.0009582323431599121,1.4677832,7.3391066,901
2545,0.0019590055228641042,2.9059203,9.241737,1842
2546,0.0019441162300736063,3.3853045,9.725957,1828
2547,0.012069898848525907,1.72819,7.2995157,11349
2548,0.0006987332402398027,2.3957286,9.647015,657
2549,0.0010060907842722273,1.1347103,4.4789953,946
2550,0.011341387022705108,2.1596467,9.565137,10664
2551,0.0021855354774623966,2.6755877,8.535871,2055
2552,0.0019824029829634583,1.3908943,6.510466,1864
2553,0.0006083339625832072,1.3755941,6.902148,572
2554,0.0014059746477884615,2.6328173,8.023012,1322
2555,0.0005881270652246741,1.8261596,7.0709577,553
2556,0.00046369511833265446,1.9434378,8.013707,436
2557,7.976406852052543e-05,2.103329,6.0165963,75
2558,0.002862998299430059,2.946063,9.890068,2692
2559,4.7858441112315255e-05,1.6948375,7.5329905,45
2560,0.0027874883145639615,2.6618931,10.369042,2621
2561,0.00356598562332429,6.0594482,14.22614,3353
2562,1.8079855531319095e-05,0.8611683,1.7869455,17
2563,0.00018186207622679796,1.5001379,10.19068,171
2564,0.009617419621748152,1.8076015,6.7105236,9043
2565,0.0003658511942808099,1.2137254,5.3677735,344
2566,0.000571110730606962,1.9266436,12.207624,537
2567,0.0026875173486849034,3.4206285,9.700607,2527
2568,0.0015803920776200104,3.1144736,11.8463955,1486
2569,0.0008848494001210287,1.5362734,7.3032737,832
2570,0.0003498983805767048,1.3964916,5.382286,329
2571,7.976406852052543e-05,0.7877818,2.3825307,75
2572,0.04492950451624156,1.3839542,8.44672,42246
2573,0.002820457462885779,4.2412176,17.150684,2652
2574,0.002043023675039058,2.214388,7.4034295,1921
2575,0.002251473774106031,3.6147974,12.333333,2117
2576,0.001117760480200963,1.9158322,9.064862,1051
2577,0.003024653478298324,3.1404483,9.621524,2844
2578,0.003239484702846939,2.2519457,7.865346,3046
2579,0.0004722032856415105,1.9640698,6.162179,444
2580,0.0,0.0,0.0,0
2581,0.0009071833393067758,1.8041023,9.1644125,853
2582,0.0011603013167452432,2.1296077,6.9635997,1091
2583,0.004046697076274656,2.0603974,8.746532,3805
2584,0.0008082758943413243,1.887519,8.233128,760
2585,0.0024865118960131793,1.9434271,8.315188,2338
2586,0.000580682418829425,1.8571447,9.111616,546
2587,0.0018303194923176567,3.0930023,8.811209,1721
2588,0.0014591506934688117,2.0747309,7.765876,1372
2589,0.004442326856136463,4.3525796,11.076542,4177
2590,0.009816298032592662,1.424115,5.946528,9230
2591,0.0010348058489396165,2.166603,10.73386,973
2592,0.002679009181376047,2.0771549,8.213162,2519
2593,0.009327078412333439,34.597137,60.003094,8770
2594,0.0006561924036955224,1.7339715,8.622397,617
2595,0.0015314701155940882,1.5174029,6.732739,1440
2596,0.020194135107569823,1.365471,3.953825,18988
2597,0.0010241706398035463,0.9983152,4.835842,963
2598,0.0007412740767840829,1.4162244,4.933419,697
2599,0.000378613445244094,1.4242027,7.9444065,356
2600,0.0037212596767109128,3.1863217,8.657582,3499
2601,0.004108381289263862,1.5771494,5.936676,3863
2602,0.0004402976582333003,1.4695385,7.873849,414
2603,0.0002084500990669731,1.0042924,3.1189675,196
2604,0.0015984719331513294,3.1909714,14.15726,1503
2605,0.011694475966022634,1.5035863,13.133299,10996
2606,0.001147539065781959,1.7663231,4.949266,1079
2607,0.002234457439488319,3.2711155,8.685075,2101
2608,0.00037648640341687997,2.0875068,8.012559,354
2609,0.0059950673900026905,1.952414,9.215767,5637
2610,0.008424149156681092,1.6155965,7.2937756,7921
2611,0.0012507005944018387,2.7510774,7.722486,1176
2612,2.1270418272140114e-05,1.2026379,2.9022963,20
2613,0.03083997945277595,2.3091104,8.512062,28998
2614,0.005026199837706709,2.2965677,7.859115,4726
2615,0.0006806533847084836,1.6656824,13.176328,640
2616,0.003052305022052106,1.5686638,7.473769,2870
2617,0.0009741851568640171,1.2548527,6.521747,916
2618,0.00013613067694169672,1.2352011,4.280724,128
2619,6.487477573002735e-05,3.0492396,10.157176,61
2620,0.0024429075385552917,1.6287302,7.747728,2297
2621,0.0002307840382527202,1.7967675,12.930753,217
2622,2.3397460099354124e-05,0.9490922,2.0214274,22
2623,0.0004977277875680787,1.2662109,5.6750145,468
2624,0.0010475680999029006,1.918447,7.9207006,985
2625,0.0035479057677929708,1.29812,6.164315,3336
2626,0.0033320110223307485,1.7788433,6.398747,3133
2627,0.0012177314460800213,1.5483714,5.472641,1145
2628,0.0009646134686415541,1.3283724,3.7868083,907
2629,0.003227785972797262,3.1677272,9.03564,3035
2630,0.0031182433186957405,2.8502479,8.85964,2932
2631,0.0020876915534105522,1.6857754,15.679889,1963
2632,0.00840394225932256,1.4653683,6.3533974,7902
2633,0.0006381125481642034,1.2028254,5.491196,600
2634,4.573139928510124e-05,0.8762211,1.785917,43
2635,0.00266731045132637,4.2651525,12.638088,2508
2636,0.0015920908076696874,3.3029993,8.534927,1497
2637,0.0015218984273716251,2.6019826,8.989652,1431
2638,0.0004541234301101914,1.4834375,11.820509,427
2639,0.006734214424959559,2.2086384,7.273123,6332
2640,0.00034670781783588384,1.4917951,7.584191,326
2641,0.001896257788961291,0.98129576,3.8678281,1783
2642,0.001705887545425637,1.2906786,5.236937,1604
2643,2.7651543753782147e-05,1.0565618,2.823876,26
2644,7.444646395249039e-06,0.8094553,1.1862477,7
2645,0.00048709257843200857,1.6584526,8.362194,458
2646,9.784392405184451e-05,0.929805,2.599796,92
2647,0.0017569365492787732,1.8354548,7.5058374,1652
2648,0.0005562214378164639,1.4140635,5.88264,523
2649,0.001323020016527115,1.4379798,5.7558694,1244
2650,0.0015878367240152594,2.4549155,9.200054,1493
2651,0.004707143563624607,1.7668726,8.035711,4426
2652,0.034259199190022474,1.511743,6.561149,32213
2653,0.0004530599091965844,1.1336138,5.978771,426
2654,0.001123078084768998,2.2850583,10.114805,1056
2655,0.0011081887919785,1.067291,5.0621037,1042
2656,0.005072994757905417,2.9981456,12.627965,4770
2657,0.000193560806276475,1.9964409,7.8868966,182
2658,0.0011847622977582042,1.264544,11.074856,1114
2659,0.001887749621652435,1.8751734,7.514836,1775
2660,0.0004169001981339462,1.2676388,6.270912,392
2661,0.0025269256907302453,2.4680643,9.600804,2376
2662,0.0019504973555552483,1.5528603,7.8795996,1834
2663,0.0313791845559747,1.3203108,4.4790807,29505
2664,0.0040137279279528395,1.5410331,5.8180704,3774
2665,0.0002265299545982922,1.0692543,5.1661777,213
2666,0.000956105301332698,1.668264,9.589685,899
2667,0.0004913466620864366,1.2279413,5.010046,462
2668,0.00025099093561125333,0.925889,2.2032864,236
2669,0.0008859129210346357,1.7750558,7.966745,833
2670,0.003092718816769172,1.8082166,7.0660744,2908
2671,0.0012794156590692277,1.7585633,5.282953,1203
2672,0.000577491856088604,1.4738678,4.75349,543
2673,0.0021504392873133655,3.127823,9.605416,2022
2674,0.000553030875075643,1.8480122,7.448672,520
2675,0.0016792995225854619,2.3338,7.8734517,1579
2676,0.002125978306300404,3.135004,9.737639,1999
2677,0.00509320165526395,1.8285896,8.6613245,4789
2678,0.0015176443437171971,1.359896,9.06802,1427
2679,0.0006880980311037326,0.9321474,2.7927225,647
2680,0.012483608483919032,0.99063915,3.0625181,11738
2681,0.0005232522894946468,1.7318106,9.129658,492
2682,0.000749782244092939,1.7103924,6.2999763,705
2683,5.5303087507564294e-05,0.8296065,1.5590761,52
2684,0.002504591751544498,1.6839843,5.384334,2355
2685,0.002235520960401926,2.847743,7.7473884,2102
2686,0.00038393104981212904,1.6247905,8.332159,361
2687,0.009253695469294556,1.9894495,8.458681,8701
2688,0.0001116696959287356,1.8088009,5.1732435,105
2689,0.0004381706164060863,1.7831751,8.814164,412
2690,0.0010124719097538693,1.3172176,9.7857,952
2691,6.381125481642033e-06,1.5356756,3.3509812,6
2692,0.09034503809000152,1.30954,9.103809,84949
2693,0.0017484283819699173,2.0180728,6.539286,1644
2694,0.018539296565997322,1.7544473,6.209493,17432
2695,0.001125205126596212,1.2639153,5.6159635,1058
2696,0.0017643811956740223,2.383781,6.2380486,1659
2697,0.004543361342929128,2.2143438,8.585592,4272
2698,0.0010358693698532234,2.470133,13.121172,974
2699,0.0012326207388705195,2.159739,8.051228,1159
2700,0.04161663687035574,1.0924183,5.686931,39131
2701,0.0016239964350778975,1.2355773,4.5215135,1527
2702,0.00011911434232398463,2.4118803,12.379727,112
2703,0.0019207187699742522,2.5902178,9.519989,1806
2704,0.003459633531963589,2.2633908,8.15224,3253
2705,0.0031193068396093474,4.379337,14.2085285,2933
2706,0.0019334810209375361,3.3388133,10.485357,1818
2707,0.002487575416926786,2.3178282,9.379536,2339
2708,0.003081020086719495,2.3610075,9.770864,2897
2709,0.002634341303004553,2.6903143,8.833735,2477
2710,0.000749782244092939,1.633548,5.884356,705
2711,0.0032947877903545036,4.3925796,12.615904,3098
2712,0.0027045336833026153,1.5417438,4.9509706,2543
2713,0.0020483412796070927,1.4262147,5.493758,1926
2714,0.0010071543051858344,2.6148682,7.229345,947
2715,3.935027380345921e-05,1.3938162,3.800347,37
2716,0.002084500990669731,2.8265898,8.995523,1960
2717,0.002484384854185965,4.05854,12.602356,2336
2718,0.0018537169524170108,1.5406969,7.430454,1743
2719,0.0014793575908273449,1.7001734,9.479311,1391
2720,0.0010145989515810833,1.4910969,8.296445,954
2721,0.002417383036628724,2.6817663,10.632102,2273
2722,0.0016633467088813568,2.9211802,10.579515,1564
2723,0.0015761379939655824,2.522211,9.265595,1482
2724,0.017842690367584735,2.6397488,6.5041223,16777
2725,0.001892003705306863,2.72103,9.452623,1779
2726,0.0015952813704105085,2.0632029,15.348218,1500
2727,0.0013496080393672902,2.096695,8.121042,1269
2728,0.002434399371246436,2.0558538,8.923365,2289
2729,0.0017696988002420574,3.9465933,10.658813,1664
2730,0.002073865781533661,1.7313223,7.7609153,1950
2731,0.00038286752889852204,1.5908202,9.72744,360
2732,0.004240257882551131,1.3151476,4.455227,3987
2733,0.002631150740263732,1.9571061,7.12015,2474
2734,0.001297495514600547,2.138538,7.5034685,1220
2735,1.0635209136070056e-06,1.2700791,1.2700791,1
2736,0.00046369511833265446,1.2210561,8.167469,436
2737,0.0013644973321577881,1.7476945,13.926709,1283
2738,0.004279608156354591,1.5513934,10.282543,4024
2739,0.006086530188572893,1.2665219,6.0366483,5723
2740,0.002464177956827432,2.300626,7.351496,2317
2741,0.001688871210807925,1.4372376,5.540466,1588
2742,0.000374359361589666,1.3576773,6.665714,352
2743,0.016076182130083497,0.98000926,3.318484,15116
2744,0.009240933218331271,1.0050673,4.006595,8689
2745,0.0019090200399245751,1.9267447,8.392168,1795
2746,0.0003413902132678488,1.4599994,6.0608892,321
2747,0.0014697859026048818,3.5857196,12.2228985,1382
2748,0.0018218113250088007,1.4932185,6.347736,1713
2749,0.0003254373995637437,1.2213277,5.6895447,306
2750,0.002491829500581214,2.8982966,10.225051,2343
2751,0.10082603669359856,1.3661519,7.824361,94804
2752,3.509619014903119e-05,0.9135998,1.8061112,33
2753,1.5952813704105085e-05,0.79471356,1.3882024,15
2754,0.017476839173303924,1.7848706,8.052797,16433
2755,0.0027672814172054285,2.4149864,7.4653454,2602
2756,0.0008997386929115267,1.3285983,7.098067,846
2757,0.0010858548527927527,1.7219146,8.959813,1021
2758,8.508167308856045e-06,0.9938798,1.819241,8
2759,0.0008369909590087134,1.2624233,7.7517886,787
2760,0.00491559366269158,1.7577151,6.2583785,4622
2761,0.00260349919650995,3.1901703,12.737233,2448
2762,0.00013825771876891074,1.5165331,4.4422383,130
2763,0.0009220726320972738,1.3522266,9.645776,867
2764,0.0032830890603048266,1.1072217,5.086864,3087
2765,7.444646395249039e-06,0.91158116,2.1068146,7
2766,4.892196202592226e-05,1.0121673,2.7857518,46
2767,8.614519400216745e-05,2.3229463,11.812375,81
2768,0.0007721161832786861,1.4956568,5.2798457,726
2769,0.0032288494937108693,2.4972892,8.96516,3036
2770,0.00538779694833309,2.1113396,7.123095,5066
2771,0.00031161162768685263,1.7633396,8.962807,293
2772,0.00012655898871923366,2.1541963,13.6286125,119
2773,0.002471622603222681,2.5827672,9.592528,2324
2774,0.008295463126134644,5.0544186,8.670361,7800
2775,0.0032937242694408963,2.691199,9.048166,3097
2776,0.002121724222645976,1.8481172,6.5238357,1995
2777,0.00284491844389874,1.2618423,4.7210045,2675
2778,0.00029459529306914055,1.5651323,7.4847307,277
2779,0.0012602722826243016,3.1721215,9.729436,1185
2780,0.005014501107657032,1.0642428,5.1391563,4715
2781,0.006475778842953057,2.3813834,9.406171,6089
2782,0.0010752196436566827,1.4164459,7.451517,1011
2783,6.593829664363434e-05,2.1367896,7.306261,62
2784,0.00013719419785530372,0.81002116,2.1853848,129
2785,0.00038393104981212904,1.629473,5.8481593,361
2786,0.004404040103246611,1.5149809,8.869659,4141
2787,0.0006136515671512422,2.0413346,9.494966,577
2788,0.0018005409067366606,3.462992,10.863051,1693
2789,0.001122014563855391,1.7950848,5.900927,1055
2790,7.976406852052543e-05,2.2604384,12.088012,75
2791,0.0006678911337451996,2.0922232,12.364947,628
2792,0.0007646715368834371,2.1225648,6.9503546,719
2793,0.00010741561227430756,1.2079711,4.077823,101
2794,1.1698730049677062e-05,0.77441585,1.298523,11
2795,0.0013644973321577881,1.3875744,8.967936,1283
2796,0.00016378222069547886,2.0229065,12.636997,154
2797,0.00015846461612744383,1.0458286,3.4423323,149
2798,0.005314414005294207,3.5811296,18.007551,4997
2799,0.0023514447399850895,2.5266974,8.508951,2211
2800,0.00019781488993090305,1.5742549,9.940161,186
2801,0.0004732668065551175,5.3657317,12.781432,445
2802,0.0012889873472916908,1.7792544,10.03904,1212
2803,0.0045189003619161665,2.6465497,10.324711,4249
2804,0.0018037314694774815,3.2091978,10.4793415,1696
2805,0.0010422504953348656,1.5491835,8.132888,980
2806,0.0014346897124558507,2.8953292,8.513932,1349
2807,0.0010465045789892935,1.6593882,7.1924934,984
2808,0.002413128952974296,1.6456485,7.582157,2269
2809,0.00016165517886826487,2.012683,12.085889,152
2810,0.0017909692185141975,2.3301387,6.6294384,1684
2811,0.008499659141547189,1.7322478,9.017387,7992
2812,0.003005510101853398,1.3119428,5.556635,2826
2813,7.125590121166937e-05,0.9410802,4.160265,67
2814,0.00012124138415119864,1.9913533,12.8398075,114
2815,0.0007114954912030868,1.3615825,7.3617325,669
2816,0.000939088966714986,1.4351938,7.8647585,883
2817,0.00324267526558776,2.1410286,10.348134,3049
2818,0.002270617150550957,3.1471908,9.312069,2135
2819,0.0004477423046285494,1.7013794,8.562046,421
2820,0.0009592958640735191,1.5278703,5.8477325,902
2821,0.0024035572647518326,1.6540573,6.209209,2260
2822,0.0018558439942442247,1.665141,7.580895,1745
2823,3.296914832181717e-05,0.8598315,1.8692338,31
2824,0.0025928639873738796,3.0755289,9.747551,2438
2825,0.000570047209693355,1.7385999,11.722082,536
2826,0.0038924865438016406,1.3117381,4.8194265,3660
2827,0.002315285028922451,1.1322358,4.569232,2177
2828,0.0032692632884279353,1.2530673,5.567661,3074
2829,0.0019962287548403496,1.357414,8.027186,1877
2830,0.005245285145909752,4.305971,13.998103,4932
2831,0.0009071833393067758,1.784025,6.862115,853
2832,0.000381804007984915,1.8505806,7.660514,359
2833,0.0011741270886221342,2.88911,9.520461,1104
2834,0.0026917714323393314,3.4857109,10.324974,2531
2835,0.0016633467088813568,1.266371,7.933956,1564
2836,6.912885938445537e-05,1.1992766,3.6146786,65
2837,0.0004753938483823315,1.2849816,11.649585,447
2838,0.0006115245253240282,2.008701,9.884365,575
2839,0.05149036503228318,0.8896797,6.630262,48415
2840,0.00012124138415119864,1.2146351,3.7051475,114
2841,0.00020632305723975909,1.1968541,6.691991,194
2842,0.006291789724899045,1.4088117,5.9237604,5916
2843,0.0003020399394643896,1.687444,5.868493,284
2844,0.00209194563706498,1.8914534,7.8306856,1967
2845,2.9778585580996157e-05,0.69915843,1.3241792,28
2846,0.0015867732031016523,1.4854294,9.461999,1492
2847,1.0635209136070056e-06,0.8970044,0.8970044,1
2848,0.00034777133874949083,2.557069,6.7756004,327
2849,0.0005498403123348219,1.7039963,9.620296,517
2850,0.0016154882677690415,1.6838384,8.169187,1519
2851,0.0008816588373802077,1.6625053,9.476224,829
2852,0.0013464174766264691,1.4200401,5.851385,1266
2853,0.0006955426774989817,0.97196335,3.846627,654
2854,0.0003626606315399889,1.0523822,2.9193573,341
2855,0.0016388857278683956,2.5143967,9.520617,1541
2856,0.00042647188635640927,1.3344421,5.9596124,401
2857,0.004294497449145089,1.8045158,7.414933,4038
2858,0.0005285698940626817,1.4284184,5.6374936,497
2859,0.0007859419551555772,1.9680772,9.093967,739
2860,0.002852363090293989,2.1047544,8.56921,2682
2861,0.0007689256205378651,1.4476975,6.886183,723
2862,5.104900385313627e-05,1.5115268,3.8780727,48
2863,0.0001680363043499069,1.7022582,7.477872,158
2864,0.002820457462885779,1.2998078,4.4256215,2652
2865,2.1270418272140113e-06,0.8799609,1.0035521,2
2866,0.003747847699551088,2.649018,9.937561,3524
2867,0.0022291398349202837,3.3538253,11.583049,2096
2868,4.573139928510124e-05,4.1384287,10.258094,43
2869,0.0019664501692593533,3.4312263,10.464149,1849
2870,0.011995452384573417,1.4134128,5.700212,11279
2871,0.0003020399394643896,1.4811324,8.374185,284
2872,0.0010986171037560368,1.5648868,6.33882,1033
2873,0.0008221016662182154,1.9061373,8.767561,773
2874,4.254083654428023e-05,1.4683656,3.8957508,40
2875,0.00022972051733911322,1.2476014,3.9965994,216
2876,6.168421298920632e-05,1.6797727,4.7448783,58
2877,0.0036978622166115587,1.073008,3.3044403,3477
2878,0.003366043691566173,4.038203,10.4409075,3165
2879,0.004901767890814689,1.5355834,5.9073696,4609
2880,0.003788261494268154,1.9794189,9.562326,3562
2881,0.010437394246139153,1.277624,3.7612875,9814
2882,0.0017792704884645205,1.8337147,9.566329,1673
2883,0.0013857677504299283,2.671892,8.414206,1303
2884,0.004640141746067365,2.2838976,10.664958,4363
2885,0.002430145287592008,1.8293989,5.8208385,2285
2886,0.0005413321450259659,2.0735989,8.623708,509
2887,0.00358725604159643,3.3082526,10.640035,3373
2888,5.849365024838531e-05,1.9019871,6.2990446,55
2889,0.0003498983805767048,1.3048263,4.4790597,329
2890,0.0014006570432204264,2.393045,8.713445,1317
2891,0.0005891905861382811,1.3680966,12.737211,554
2892,0.0344155367643227,1.3215269,8.221927,32360
2893,0.004298751532799517,1.407964,5.6205707,4042
2894,0.0010348058489396165,2.9180763,8.46427,973
2895,0.0016239964350778975,1.4733064,8.985081,1527
2896,0.0012496370734882316,1.7763704,8.3558,1175
2897,0.00056472960512532,1.5047584,6.1484365,531
2898,0.002579038215496989,3.5827618,10.571627,2425
2899,0.012086915183143618,1.0535289,4.0084653,11365
2900,8.827223582938147e-05,0.8784384,2.2430024,83
2901,0.0011805082141037762,1.3708193,7.9367304,1110
2902,0.00027864247936503547,1.865677,11.441187,262
2903,0.00028715064667389153,1.3572991,7.38241,270
2904,0.0025418149835207435,2.4706755,8.223858,2390
2905,0.00013613067694169672,1.5836028,5.354199,128
2906,0.0036914810911299165,1.7080612,8.433444,3471
2907,0.005988686264521048,1.5310524,4.6475215,5631
2908,0.0033469003151212467,1.8382756,9.243601,3147
2909,7.976406852052543e-05,0.9376567,5.1234884,75
2910,0.0030033830600261838,1.890852,5.6606297,2824
2911,0.0025928639873738796,1.3634915,10.423871,2438
2912,0.009701437773923105,1.9495811,6.241511,9122
2913,0.00022972051733911322,1.3419669,7.032129,216
2914,7.444646395249039e-06,0.91290444,1.5450103,7
2915,0.0038722796464431075,2.3767285,9.526193,3641
2916,0.004529535571052237,1.1301558,4.0652413,4259
2917,0.002880014634047771,1.9280912,6.3272624,2708
2918,9.57168822246305e-06,0.88313967,1.7903943,9
2919,0.0012262396133888775,1.8942436,9.189142,1153
2920,0.000186116159881226,1.4806019,10.695097,175
2921,0.00281301281649053,1.694444,8.332311,2645
2922,0.0014708494235184887,2.3106577,14.180612,1383
2923,0.002453542747691362,1.2279346,4.275385,2307
2924,5.4239566593957285e-05,1.8035469,6.8824453,51
2925,0.007600983969549269,1.1026491,4.4603963,7147
2926,0.014879721102275615,1.5724063,6.407947,13991
2927,0.0021387405572636884,1.5893477,8.232981,2011
2928,0.010082178260994413,0.90915525,2.6133056,9480
2929,0.009269648282998661,34.475033,62.05939,8716
2930,0.007819005756838705,2.1409717,9.204806,7352
2931,0.0027268676224883625,3.6069634,9.888508,2564
2932,0.0074829331481388916,2.660279,7.835679,7036
2933,0.0008465626472311765,2.0157146,7.917485,796
2934,0.00112945921025064,1.8289925,11.106029,1062
2935,0.0028927768850110554,1.6308573,8.148016,2720
2936,0.0023812233255660854,3.4005306,10.084435,2239
2937,0.0005902541070518881,1.9038715,9.134728,555
2938,0.0009220726320972738,1.6679586,6.828562,867
2939,0.003085274170373923,2.4322433,9.921227,2901
2940,0.007106446744722011,1.8690323,8.377006,6682
2941,0.004351927578479867,2.837357,8.208872,4092
2942,0.002693898474166545,2.4874094,9.172576,2533
2943,0.0013964029595659984,1.5422202,5.3912954,1313
2944,0.001130522731164247,1.4056736,6.504201,1063
2945,0.003411775090851274,2.455301,10.74167,3208
2946,0.0008891034837754567,2.8246505,10.134397,836
2947,0.0005721742515205691,1.1131045,4.9882135,538
2948,7.870054760691842e-05,0.6362333,1.1839069,74
2949,0.0011953975068942743,2.0654657,7.581024,1124
2950,0.0018707332870347229,2.653317,10.052701,1759
2951,0.0014602142143824188,1.0854858,7.8773327,1373
2952,0.006923521147581607,2.1968005,9.363967,6510
2953,2.1270418272140113e-06,0.8584095,1.0108169,2
2954,0.0013740690203802512,1.2749606,5.8347588,1292
2955,0.0005189982058402188,1.6854625,8.704361,488
2956,0.002058976488743163,3.1102445,9.998458,1936
2957,2.7651543753782147e-05,1.1238046,2.09471,26
2958,0.0011868893395854184,1.4242767,9.003942,1116
2959,0.0024269547248511867,1.6778151,5.565292,2282
2960,0.0025758476527561677,2.5869038,9.63977,2422
2961,0.032817064831171375,1.1377959,5.462873,30857
2962,0.00222701279309307,2.183992,7.7799106,2094
2963,0.00016378222069547886,1.1695584,7.6890917,154
2964,0.00130706720282301,1.8570676,7.555891,1229
2965,2.1270418272140113e-06,0.8245184,0.95097214,2
2966,0.009306871514974906,2.3506186,9.719172,8751
2967,0.0004562504719374054,1.3893245,4.895845,429
2968,0.004244511966205559,4.0224357,9.482256,3991
2969,0.0018154301995271585,2.5049527,10.611117,1707
2970,0.0007901960388100052,1.4043564,5.3469625,743
2971,0.0013496080393672902,1.2283025,4.04082,1269
2972,0.0019270998954558942,1.2321576,3.4685202,1812
2973,0.0005094265176177557,1.4108549,4.663881,479
2974,0.00012443194689201967,0.8168115,2.8539336,117
2975,0.00017654447165876293,1.6966177,7.230568,166
2976,0.0005413321450259659,1.5483675,7.5497684,509
2977,0.0008274192707862503,1.6405649,7.1303754,778
2978,0.0005296334149762888,1.4822145,10.911722,498
2979,0.001712268670907279,1.3526899,5.763412,1610
2980,0.00027119783296978645,1.5971719,5.221738,255
2981,0.0006785263428812695,1.3521568,5.128217,638
2982,0.0014527695679871697,1.3979868,4.2740912,1366
2983,0.0030629402311881763,1.123803,4.4588156,2880
2984,0.0014453249215919206,1.4902759,6.3228807,1359
2985,4.892196202592226e-05,1.3766041,3.9021366,46
2986,0.0001340036351144827,2.2354114,12.229751,126
2987,3.190562740821017e-05,0.77983713,1.7019538,30
2988,0.002083437469756124,1.1057762,4.279311,1959
2989,0.0031607841552400207,2.7728324,14.29983,2972
2990,0.0014814846326545589,1.7548761,8.497424,1393
2991,0.002287633485168669,1.369678,5.7512183,2151
2992,0.0023131579870952373,3.202739,8.276453,2175
2993,0.0002690707911425724,2.2013788,11.103082,253
2994,0.0031299420487454176,4.171041,12.359936,2943
2995,0.13504163152616314,1.4104475,10.275661,126976
2996,0.00012124138415119864,1.5983163,6.159302,114
2997,0.0005221887685810398,1.9613857,7.2436833,491
2998,0.0013772595831210723,2.172008,13.268691,1295
2999,0.0015857096821880455,1.328377,6.8175364,1491
3000,0.001873923849775544,1.0762372,4.298371,1762
3001,1.0635209136070057e-05,0.9576602,1.3577709,10
3002,0.002097263241633015,1.8545511,7.451331,1972
3003,0.0008582613772808535,1.4592994,6.31981,807
3004,0.002864061820343666,3.4539487,10.545598,2693
3005,0.0050017388566937476,2.2669187,8.977036,4703
3006,0.0006210962135464913,2.0494704,10.1582985,584
3007,0.0017782069675509134,4.111675,13.473764,1672
3008,0.0017229038800433492,1.6653777,6.5177655,1620
3009,0.0029023485732335183,1.2674752,7.3509326,2729
3010,0.0012113503205983794,1.5777483,7.1636815,1139
3011,0.0016027260168057574,1.1340239,3.9488087,1507
3012,0.00024886389378403934,1.6445549,8.370413,234
3013,2.9778585580996157e-05,1.2153183,3.0172768,28
3014,0.0011209510429417838,1.9024976,10.459559,1054
3015,0.00023291108007993423,1.1889594,6.6106257,219
3016,0.004543361342929128,3.6344056,9.154958,4272
3017,0.001702696982684816,2.629573,8.377592,1601
3018,8.508167308856045e-05,1.1997224,3.0553255,80
3019,0.002648167074881444,1.2393256,3.9297197,2490
3020,0.0009805662823456592,0.9975064,4.5028195,922
3021,0.006203517489069664,1.8281066,10.367974,5833
3022,0.0007285118258207988,1.2578686,4.6224957,685
3023,3.190562740821017e-05,0.92923725,1.780162,30
3024,0.0019664501692593533,3.1482213,11.928627,1849
3025,0.0021589474546222214,3.1510842,9.22141,2030
3026,0.015605042365355594,1.5428923,8.247637,14673
3027,0.0015665663057431193,1.7194635,6.3306,1473
3028,0.0010709655600022547,2.53156,8.925978,1007
3029,0.00022227587094386417,1.5359342,5.719949,209
3030,0.026892189821466746,2.0924516,7.0934076,25286
3031,0.0002892776885011055,1.5184522,7.2789855,272
3032,0.008897415963236208,2.0412333,8.142103,8366
3033,0.023947300411688945,3.6518695,9.299357,22517
3034,0.0005413321450259659,0.778699,2.3395746,509
3035,0.0007848784342419701,1.6166587,7.6430244,738
3036,0.0001722903880043349,1.3493826,5.444307,162
3037,0.002302522777959167,1.6147904,8.278845,2165
3038,0.008434784365817162,1.6327999,8.328611,7931
3039,0.0017792704884645205,1.3062598,9.78645,1673
3040,1.8079855531319095e-05,0.9143357,1.4410362,17
3041,9.997096587905853e-05,1.2776394,4.825109,94
3042,0.0024386534549008638,1.5382369,7.2253757,2293
3043,7.231942212527638e-05,1.1143328,2.9372015,68
3044,0.0006359855063369894,1.2763432,6.9710894,598
3045,0.0013847042295163214,2.2806542,9.183447,1302
3046,0.0023525082608986964,1.9677268,8.640319,2212
3047,0.0029555246189138687,2.2432253,12.544495,2779
3048,0.0004987913084816857,2.229532,10.3097105,469
3049,0.00222701279309307,2.2384636,10.2304735,2094
3050,0.00038712161255295,1.5947368,10.638596,364
3051,2.9778585580996157e-05,0.88538945,1.8355422,28
3052,0.005527118188015608,2.0360494,8.4352865,5197
3053,0.01632717306569475,1.9614309,8.768124,15352
3054,0.001514453780976376,1.6824322,9.443411,1424
3055,0.00187179680794833,1.3400253,5.187399,1760
3056,0.003902058232024104,3.2375624,8.511435,3669
3057,0.003763800513255193,1.679524,8.806079,3539
3058,0.0030990999422508144,1.7926414,8.017566,2914
3059,0.0014846751953953798,1.4985484,6.0302815,1396
3060,0.0015038185718403059,2.8456905,11.570726,1414
3061,0.0010720290809158616,1.8300188,6.7091255,1008
3062,9.67804031382375e-05,1.3885866,6.373035,91
3063,0.001709078108166458,3.5067492,13.278957,1607
3064,0.0028140763374041367,3.5193024,8.800203,2646
3065,0.0012432559480065896,1.493884,5.3878355,1169
3066,0.003744657136810267,3.0705383,10.004934,3521
3067,0.0016176153095962555,2.03751,8.414163,1521
3068,0.001883495537998007,1.1494242,3.8246074,1771
3069,0.0023216661544040933,3.1857185,9.294819,2183
3070,0.007997677270324683,1.1638947,7.4280696,7520
3071,0.002219568146697821,1.3700057,8.274296,2087
3072,0.002068548176965626,1.7277465,8.80096,1945
3073,0.00028715064667389153,1.4134887,6.143503,270
3074,0.0004945372248272576,1.3556746,7.19577,465
3075,0.0031139892350413125,1.2285715,6.45693,2928
3076,0.0011751906095357411,1.4777455,6.070124,1105
3077,0.0012092232787711654,1.2859148,4.2082744,1137
3078,0.003044860375656857,1.0893781,5.0978484,2863
3079,0.0004541234301101914,1.2280326,6.034999,427
3080,0.007254276151713385,0.9861975,3.4336073,6821
3081,0.00024992741469764633,1.4914857,7.8407397,235
3082,0.0008922940465162777,1.7243254,7.63043,839
3083,0.0009210091111836669,1.5351894,6.5104256,866
3084,0.002073865781533661,3.236474,10.407957,1950
3085,3.509619014903119e-05,0.75723684,1.4365681,33
3086,0.0015772015148791893,1.4815601,8.744828,1483
3087,0.0006051433998423862,1.3726287,8.56546,569
3088,0.007483996669052499,2.1339598,8.047208,7037
3089,0.0003062940231188176,1.8439975,6.909898,288
3090,0.00023397460099354125,1.5870267,7.634169,220
3091,4.2540836544280225e-06,1.1089749,1.9074985,4
3092,0.002090882116151373,2.4719832,10.611706,1966
3093,0.033339253599752414,2.2657614,13.996793,31348
3094,0.0008944210883434918,0.8521025,2.8148792,841
3095,0.006213089177292127,1.6293765,6.173585,5842
3096,0.0037457206577238738,2.4907281,11.003351,3522
3097,0.0016122977050282204,3.0451334,13.076114,1516
3098,0.008436911407644375,1.814969,14.918548,7933
3099,9.146279857020248e-05,1.1113616,2.4628208,86
3100,0.0006083339625832072,1.5239648,7.317643,572
3101,0.0033235028550218926,3.6607862,11.665349,3125
3102,0.0013644973321577881,2.8035355,11.713057,1283
3103,0.0006253502972009194,1.5045114,11.009119,588
3104,0.0021993612493392874,1.9655601,6.2662563,2068
3105,0.0023599529072939455,2.2734025,8.421207,2219
3106,0.05184451749651431,1.1004525,6.3725295,48748
3107,0.003423473820900951,2.825081,10.226371,3219
3108,0.0026843267859440823,2.611127,9.214552,2524
3109,6.381125481642034e-05,0.61426735,1.286833,60
3110,0.00554413452263332,1.4842967,5.175027,5213
3111,0.0024120654320606886,2.5921342,9.664759,2268
3112,0.0008242287080454293,1.726615,7.4579515,775
3113,0.005084693487955094,2.3687332,10.33176,4781
3114,0.0033585990451709237,3.2605815,11.244023,3158
3115,0.006014210766447617,1.4589596,7.7209024,5655
3116,0.0010252341607171534,1.9968283,8.7163725,964
3117,0.001912210602665396,2.259233,6.100391,1798
3118,0.0016473938951772518,1.6234467,9.004404,1549
3119,2.233393918574712e-05,1.2840354,3.4159055,21
3120,0.0033192487713674646,1.5419543,5.311798,3121
3121,0.0030980364213372075,1.9113774,6.7899876,2913
3122,0.009725898754936067,1.9442149,8.330709,9145
3123,0.0014676588607776678,1.853229,9.212293,1380
3124,0.0013900218340843565,2.2256916,6.7413993,1307
3125,0.00019143376444926102,1.338962,8.0238905,180
3126,0.009050562974795617,1.239155,8.763016,8510
3127,0.0013804501458618934,1.5409185,6.2605324,1298
3128,0.001885622579825221,1.7680032,7.0679107,1773
3129,0.009164359712551567,34.884254,67.54617,8617
3130,3.72232319762452e-05,0.751022,1.1483778,35
3131,0.0025652124436200976,1.5910723,4.9045854,2412
3132,0.002097263241633015,3.002886,10.230411,1972
3133,0.0016473938951772518,1.6300097,10.799827,1549
3134,0.032135347925549285,2.175019,8.391629,30216
3135,0.0017516189447107382,2.6994646,9.107945,1647
3136,0.0021908530820304315,1.1925491,5.3426323,2060
3137,0.00041370963539312516,1.6295092,6.307003,389
3138,0.005942954865235947,1.7059977,5.850233,5588
3139,7.231942212527638e-05,0.9319563,2.3366253,68
3140,0.002021753256766918,2.420109,9.375064,1901
3141,0.001706951066339244,1.5860205,8.608,1605
3142,0.005213379518501542,2.4124303,11.640629,4902
3143,0.0002307840382527202,1.597414,8.76282,217
3144,0.0014591506934688117,1.7555561,10.469421,1372
3145,0.002795996481872818,3.125512,10.208493,2629
3146,0.0012219855297344495,1.293433,10.027148,1149
3147,0.0007699891414514721,1.9263598,7.682688,724
3148,0.0006444936736458454,1.5148823,8.297316,606
3149,0.002654548200363086,3.1727374,9.147029,2496
3150,0.0,0.0,0.0,0
3151,0.0020004828384947776,1.3451691,4.896388,1881
3152,0.0025067187933717123,1.6158642,5.6990337,2357
3153,0.0005966352325335302,1.3921639,6.3886805,561
3154,0.0012198584879072355,1.844456,7.9110103,1147
3155,0.0009316443203197369,1.5021238,7.6389465,876
3156,0.003406457486283239,2.0265806,7.733079,3203
3157,2.9778585580996157e-05,5.5766916,12.108572,28
3158,0.0025620218808792765,2.3433387,9.776074,2409
3159,0.0053856699065058765,2.1854932,8.802401,5064
3160,0.0005445227077667869,1.4194937,6.0083437,512
3161,0.00044348822097412135,2.2610443,8.396004,417
3162,0.00016271869978187186,1.5233502,10.519849,153
3163,0.000756163369574581,1.4021891,5.1664357,711
3164,0.0059057316332597025,1.3024352,6.0217295,5553
3165,0.0021376770363500815,1.8633599,6.4625273,2010
3166,0.002487575416926786,2.5727146,8.452117,2339
3167,1.1698730049677062e-05,0.89661115,1.415787,11
3168,0.005329303298084705,1.4855931,6.2120657,5011
3169,0.0012209220088208424,2.200285,13.510011,1148
3170,0.0027864247936503547,2.2301257,7.2127414,2620
3171,0.0014070381687020684,3.978488,12.413007,1323
3172,0.0,0.0,0.0,0
3173,0.0021727732264991127,1.2873013,7.8244224,2043
3174,0.002839600839330705,2.6326447,8.221165,2670
3175,0.00022227587094386417,1.7851565,7.166167,209
3176,0.00018824320170843998,1.9643295,10.030975,177
3177,0.0005041089130497206,2.6396885,13.581761,474
3178,0.0003339455668725998,1.9474877,14.40842,314
3179,1.1698730049677062e-05,1.0370842,2.1581872,11
3180,0.0027236770597475414,2.3295846,8.85002,2561
3181,0.0012453829898338036,2.0969574,11.591075,1171
3182,0.03205771089885597,4.9096103,9.263858,30143
3183,0.008498595620633582,16.506119,39.70542,7991
3184,0.003747847699551088,1.5133511,7.416704,3524
3185,0.0027247405806611483,2.3525426,8.256629,2562
3186,0.00020632305723975909,1.3336185,4.1519456,194
3187,0.004020109053434482,4.7268505,13.715171,3780
3188,0.002271680671464564,2.4738843,15.056367,2136
3189,0.004125397623881575,1.1212072,4.6516805,3879
3190,0.0013719419785530372,1.2021142,6.7009773,1290
3191,0.0025216080861622104,3.1212065,10.754045,2371
3192,0.00015740109521383683,0.83456653,2.074087,148
3193,0.0006647005710043785,1.7697748,7.604806,625
3194,0.0009008022138251337,1.53704,7.0858016,847
3195,0.0027321852270563974,2.5209882,8.118793,2569
3196,0.005672820553179768,2.4064808,7.614963,5334
3197,0.00018292559714040495,1.4853537,4.5812955,172
3198,0.0044295646051731785,1.1944755,5.91036,4165
3199,0.011931641129756997,2.0447319,8.367464,11219
3200,0.0018611615988122598,1.786918,7.998987,1750
3201,0.0019164646863198242,2.4541156,11.187995,1802
3202,5.317604568035028e-06,0.9296313,1.3654675,5
3203,0.0025609583599656696,1.996751,8.878803,2408
3204,0.0035170636612983676,1.6768161,7.084918,3307
3205,0.0023503812190714822,3.0793662,8.300668,2210
3206,0.014188432508431062,1.8978944,5.8617125,13341
3207,8.720871491577446e-05,0.8674457,2.3342586,82
3208,0.0010560762672117566,2.3145058,8.372414,993
3209,0.0031458948624495226,1.7282156,6.6949277,2958
3210,0.008874018503136854,0.97815925,3.9467282,8344
3211,0.0014495790052463486,1.808914,7.6794415,1363
3212,0.0004147731563067322,1.3804182,5.417278,390
3213,0.0010752196436566827,1.5460753,13.133855,1011
3214,0.0003509619014903119,1.5192441,8.894493,330
3215,2.446098101296113e-05,0.7606563,2.041898,23
3216,0.0016048530586329716,1.872149,7.608247,1509
3217,3.72232319762452e-05,0.83833855,1.7272501,35
3218,0.0003126751486004597,1.8907536,8.2808695,294
3219,0.002096199720719408,1.46391,6.119162,1971
3220,5.849365024838531e-05,0.9697428,3.2987235,55
3221,0.00860601123290789,19.85872,42.12886,8092
3222,0.004017982011607267,4.301525,9.111519,3778
3223,0.0025630854017928834,3.1805634,11.723728,2410
3224,0.0041955900041796374,2.1646128,8.197073,3945
3225,0.0011836987768445973,1.5837584,7.2062325,1113
3226,4.041379471706622e-05,0.8762878,2.3129563,38
3227,0.008539009415350648,1.4496044,5.8972497,8029
3228,7.763702669331141e-05,2.0173252,9.276419,73
3229,0.0006423666318186314,2.0085082,6.508188,604
3230,0.006711880485773813,1.2942674,5.48703,6311
3231,0.0019302904581967152,3.0095084,10.070133,1815
3232,0.0048656081797520505,2.3360758,8.886803,4575
3233,0.0006200326926328843,2.2847023,9.137808,583
3234,2.8715064667389152e-05,0.70973015,1.6240338,27
3235,0.0027555826871557515,4.0801897,14.225294,2591
3236,0.004535916696533879,1.937875,8.409036,4265
3237,0.0027545191662421446,2.4717095,9.961498,2590
3238,0.0023620799491211597,3.0606017,10.659704,2221
3239,0.0020483412796070927,4.3104486,11.722754,1926
3240,0.0015686933475703333,3.4694638,10.069978,1475
3241,0.0002265299545982922,2.0196893,9.065348,213
3242,0.0019558149601232836,3.54217,10.749881,1839
3243,0.002228076314006677,2.9933536,9.797399,2095
3244,0.0005200617267538258,1.3612986,8.501646,489
3245,0.0012198584879072355,1.993518,6.890175,1147
3246,0.005602628172881706,2.9695387,11.291202,5268
3247,0.00039882034260262713,1.2739161,6.1928573,375
3248,0.0006604464873499505,1.650283,8.262745,621
3249,0.005578167191868744,2.1875045,7.548644,5245
3250,0.0007157495748575148,1.9030752,7.410847,673
3251,0.0018675427242939018,2.6503277,9.426126,1756
3252,0.0014485154843327417,1.8974938,8.9999075,1362
3253,0.001698442899030388,1.2974404,4.664572,1597
3254,0.00018292559714040495,1.4225843,9.927158,172
3255,0.0019643231274321395,3.2020233,8.275199,1847
3256,0.0008944210883434918,2.070516,6.62704,841
3257,0.002266363066896529,2.7297807,8.238581,2131
3258,0.0017718258420692714,3.4841464,9.6845665,1666
3259,4.9985482939529265e-05,1.5871783,5.5368032,47
3260,0.0030235899573847168,3.0416546,7.7529106,2843
3261,1.1698730049677062e-05,0.6585327,1.0684576,11
3262,0.009787582967925272,2.037179,8.236172,9203
3263,0.0002052595363261521,1.281657,4.533145,193
3264,0.0037297678440197687,2.732823,9.710143,3507
3265,0.0026173249683868406,2.3257728,9.612983,2461
3266,9.784392405184451e-05,1.7646236,8.649317,92
3267,5.9557171161992314e-05,1.930294,7.3210416,56
3268,0.022755093467535494,1.4595854,6.375604,21396
3269,0.0006359855063369894,2.1069598,8.988053,598
3270,0.0019951652339267427,1.5768107,5.704246,1876
3271,0.00013506715602808973,2.4146514,10.231541,127
3272,0.010656479554342197,2.7170944,12.965272,10020
3273,0.00034883485966309783,1.5234215,5.8728743,328
3274,0.003780816847872905,3.0492778,10.764911,3555
3275,0.0039180110457282084,2.0951166,12.1652355,3684
3276,0.0007157495748575148,1.987556,12.2972,673
3277,0.0027151688924386855,3.8874252,12.616167,2553
3278,0.002512036397939747,2.2702196,5.954931,2362
3279,0.00017867151348597695,2.0973136,11.571155,168
3280,0.008499659141547189,1.6530364,7.450025,7992
3281,0.000938025445801379,1.4131558,5.8082128,882
3282,0.00033926317144063477,1.4691811,5.667449,319
3283,6.593829664363434e-05,0.86116546,2.3675816,62
3284,0.0005338874986307168,1.8460932,7.875505,502
3285,0.0010411869744212585,2.6713092,13.618485,979
3286,0.00013825771876891074,1.5398655,6.9822226,130
3287,0.13052911228972863,1.198785,4.804733,122733
3288,0.00014357532333694577,2.4414902,10.505707,135
3289,0.00209194563706498,1.4854103,7.240378,1967
3290,0.007846657300592488,1.7310237,7.2589264,7378
3291,0.007080922242795443,1.479711,7.720782,6658
3292,0.009210091111836669,32.694813,59.430542,8660
3293,0.0017314120473522052,1.7243308,8.059236,1628
3294,0.0009252631948380949,2.1393611,8.4793415,870
3295,0.0033288204595899274,3.4435768,14.903929,3130
3296,0.002191916602944039,4.3868914,11.880592,2061
3297,0.002437589933987257,1.8680103,8.231203,2292
3298,0.0003658511942808099,1.7512219,9.990521,344
3299,0.003584065478855609,2.3762684,9.54167,3370
3300,0.0015846461612744383,2.782432,7.347945,1490
3301,0.002385477409220514,2.628966,9.326834,2243
3302,0.00023822868464796926,0.7732643,2.1275272,224
3303,0.001330464662922364,1.7115854,8.948753,1251
3304,0.0005285698940626817,1.8242371,7.625213,497
3305,0.0016739819180174268,3.1420574,8.719846,1574
3306,0.0013400363511448272,1.6448154,7.4043074,1260
3307,0.001128395689337033,3.3963523,9.759373,1061
3308,0.0006700181755724136,2.2801077,10.357057,630
3309,0.004579521053991766,1.5681689,5.6398625,4306
3310,0.0015548675756934423,1.5623807,6.535871,1462
3311,0.0018611615988122598,2.715829,9.208847,1750
3312,0.0002531179774384673,1.4562534,5.9757566,238
3313,0.000373295840676059,1.9497534,11.706274,351
3314,0.003390504672579134,2.2756968,7.7073774,3188
3315,0.00017548095074515594,1.8859137,8.642887,165
3316,0.008045535711436997,1.2295743,6.6499867,7565
3317,0.003780816847872905,2.1320465,8.180911,3555
3318,5.317604568035028e-06,1.1632067,1.992052,5
3319,0.0010826642900519318,3.6484725,9.576037,1018
3320,0.0010231071188899394,1.792497,9.140602,962
3321,0.0027694084590326427,4.0806947,11.017867,2604
3322,0.001518707864630804,1.688258,7.046424,1428
3323,0.0005030453921361137,2.053654,7.3626842,473
3324,0.005422893138482121,1.7010324,6.7512126,5099
3325,0.00015846461612744383,7.999795,12.096655,149
3326,0.0018196842831815867,1.8240122,6.7350974,1711
3327,0.0017675717584148434,1.0888511,4.086625,1662
3328,0.016825964374176435,2.4702783,7.273869,15821
3329,0.003907375836592139,1.4651381,7.4000416,3674
3330,0.0015442323665573721,1.3376026,4.903804,1452
3331,0.0002446098101296113,2.164527,6.7968946,230
3332,0.0021759637892399333,1.5987765,7.846259,2046
3333,0.014758479718124417,1.749758,7.8872447,13877
3334,0.0023578258654667313,1.5805994,4.3932652,2217
3335,0.0005966352325335302,2.2495446,10.631824,561
3336,0.001526152511026053,1.7574439,9.452396,1435
3337,0.003940344984913956,1.8673439,13.609543,3705
3338,0.00015740109521383683,1.5477046,8.929196,148
3339,0.017352407226411903,2.0590665,11.903597,16316
3340,0.0025152269606805683,2.1045516,6.473714,2365
3341,0.008295463126134644,1.8012646,7.3790007,7800
3342,4.7858441112315255e-05,1.4413044,4.485498,45
3343,0.0015442323665573721,3.3277292,11.403506,1452
3344,0.0008688965864169236,1.8741788,7.2214646,817
3345,0.0007423375976976899,1.3988142,4.21779,698
3346,0.000754036327747367,1.4912724,4.0424314,709
3347,0.04152411055087193,1.4161873,5.6794114,39044
3348,0.000563666084211713,1.5233083,5.2072687,530
3349,0.0036361780036223523,3.1662314,9.936102,3419
3350,0.006014210766447617,1.5896313,6.023098,5655
3351,0.0006891615520173396,1.1197019,4.03947,648
3352,0.0005434591868531799,1.894553,7.197038,511
3353,0.0003498983805767048,1.4275517,5.8019133,329
3354,0.0025875463828058448,2.6855123,7.9134564,2433
3355,0.000580682418829425,1.8308276,7.292817,546
3356,0.0001680363043499069,1.9824877,7.4539785,158
3357,0.00467417441530279,1.7079972,6.2972097,4395
3358,0.0009316443203197369,1.283983,8.150511,876
3359,0.002424827683023973,3.0991714,8.732267,2280
3360,0.006647005710043785,1.6492188,7.5909386,6250
3361,0.0005477132705076079,1.3703818,7.9513164,515
3362,0.0021238512644731903,2.5797372,8.876205,1997
3363,0.0002828965630194635,1.2220916,4.9815383,266
3364,0.00012868603054644768,1.2940149,5.475781,121
3365,0.007475488501743643,1.4238898,5.7208943,7029
3366,0.0025301162534710664,1.9352987,10.45758,2379
3367,1.0635209136070056e-06,1.0428122,1.0428122,1
3368,0.0027311217061427905,1.4825115,6.925084,2568
3369,0.00041264611447951817,1.2330027,6.0076566,388
3370,0.0032873431439592545,4.758385,13.124508,3091
3371,0.0021589474546222214,2.4032314,8.607642,2030
3372,0.00041264611447951817,1.693716,6.488274,388
3373,0.001122014563855391,1.9100218,8.358196,1055
3374,0.0002531179774384673,1.0450319,3.1365526,238
3375,0.0017920327394278044,1.8776106,8.181717,1685
3376,0.001530406594680481,3.0393076,9.439863,1439
3377,0.0019377351045919643,3.9965782,11.346132,1822
3378,0.005026199837706709,1.8754046,9.539436,4726
3379,0.005755775184441115,1.5751846,7.4812574,5412
3380,4.2540836544280225e-06,0.771436,1.3897258,4
3381,0.0015825191194472244,1.7291461,8.530889,1488
3382,0.0012528276362290527,1.7856921,8.697527,1178
3383,0.0011868893395854184,1.549755,6.3184433,1116
3384,0.11847516625490682,2.190193,7.852552,111399
3385,0.0006689546546588066,2.2005067,9.07281,629
3386,0.0006583194455227365,1.2368798,5.502391,619
3387,0.0020068639639764197,1.4029025,5.8535657,1887
3388,0.0023556988236395175,1.234373,7.0500903,2215
3389,2.5524501926568134e-05,1.0519245,3.2287762,24
3390,0.0008497532099719975,1.8885592,12.253167,799
3391,0.0023120944661816304,2.9824665,9.326262,2174
3392,0.0029693503907907595,1.2777708,6.44032,2792
3393,0.0025184175234213894,1.3845961,7.277248,2368
3394,0.002884268717702199,2.0371337,7.435243,2712
3395,0.0019249728536286802,2.2330165,6.7199397,1810
3396,0.002679009181376047,2.3304822,7.038929,2519
3397,0.007945564745557939,1.7484038,11.720488,7471
3398,0.0015825191194472244,1.7583082,5.498511,1488
3399,0.002843854922985133,2.1652927,10.581172,2674
3400,0.016093198464701208,1.7791502,7.262405,15132
3401,0.014437296402215102,1.6685117,10.14125,13575
3402,0.005881270652246741,1.2321147,6.143268,5530
3403,1.8079855531319095e-05,0.68971664,1.1303264,17
3404,0.0011836987768445973,1.4756765,7.755374,1113
3405,0.0016537750206588938,2.30738,10.556484,1555
3406,0.0016165517886826486,1.5650917,5.8834167,1520
3407,0.00033819965052702777,1.7859358,9.80925,318
3408,0.003436236071864235,3.1833317,10.315079,3231
3409,0.00023822868464796926,1.5830423,8.504321,224
3410,0.004312577304676408,1.3899295,5.378176,4055
3411,0.0005934446697927092,1.1164026,4.1733418,558
3412,0.0013857677504299283,1.5736543,12.772581,1303
3413,0.0006944791565853747,1.9412364,9.807334,653
3414,0.0018824320170844,1.1181413,3.9236567,1770
3415,0.0010699020390886476,1.1661799,4.1469064,1006
3416,0.0025471325880887783,3.2898114,9.143888,2395
3417,0.0033873141098383127,1.4403396,6.9958005,3185
3418,0.00860920179564871,1.7174323,6.755362,8095
3419,0.000372232319762452,1.8117412,9.333645,350
3420,0.00334583679420764,2.4386034,10.0469675,3146
3421,0.008379481278309597,1.4145201,6.148714,7879
3422,0.009190947735391742,2.770873,10.346677,8642
3423,0.021628824820025674,1.2574836,5.992881,20337
3424,0.000758290411401795,1.3126123,7.2022724,713
3425,0.0004009473844298411,1.9016024,9.840639,377
3426,0.002982112641754044,3.075112,10.081184,2804
3427,0.0004169001981339462,1.5440363,4.943837,392
3428,0.0007838149133283631,1.4374095,6.647854,737
3429,0.001524025469198839,1.4073533,10.965651,1433
3430,0.0016122977050282204,1.6419932,7.3384666,1516
3431,0.0013081307237366169,1.2542223,9.556226,1230
3432,0.0004775208902095455,1.4398049,8.458395,449
3433,0.001524025469198839,2.2788486,8.1244755,1433
3434,0.00029246825124192656,1.3837036,5.3739243,275
3435,2.1270418272140113e-06,0.70999736,0.7926426,2
3436,0.002840664360244312,2.9438388,9.679569,2671
3437,0.0019781488993090303,3.672139,12.619504,1860
3438,0.012478290879350998,1.2174466,10.334574,11733
3439,0.0008423085635767485,2.049352,9.710781,792
3440,0.0012730345335875857,1.0955608,5.2682867,1197
3441,0.004064776931805975,1.3955697,6.661677,3822
3442,0.004596537388609478,2.421678,8.3839445,4322
3443,6.381125481642033e-06,0.72978944,0.867526,6
3444,0.02205955079003651,0.96639776,4.4251575,20742
3445,0.0029172378660240164,2.8578284,8.926987,2743
3446,0.0006370490272505964,1.6832684,9.348165,599
3447,1.8079855531319095e-05,0.84340113,1.44967,17
3448,0.001860098077898653,1.9347341,11.961382,1749
3449,0.002768344938119036,2.1119337,9.448236,2603
3450,0.002053658884175128,3.62399,10.0673685,1931
3451,0.0007029873238942307,1.9826978,6.8632183,661
3452,0.003956297798618061,2.6425712,7.0944915,3720
3453,0.0003956297798618061,1.194093,5.7161264,372
3454,0.0036531943382400642,4.36646,11.364892,3435
3455,0.0006444936736458454,1.1551203,7.5098023,606
3456,0.0024067478274926537,2.8379023,9.103777,2263
3457,0.0006583194455227365,1.2319996,4.8321333,619
3458,0.012989844438795967,1.9766375,8.525472,12214
3459,0.0022769982760325993,2.9852998,9.361274,2141
3460,0.005147441221857907,1.6711782,7.9403687,4840
3461,0.0010996806246696437,2.7315178,8.429573,1034
3462,0.00031480219042767367,2.114481,10.649754,296
3463,0.002066421135138412,1.7562996,7.546037,1943
3464,0.004472105441717458,2.3997533,8.401803,4205
3465,0.0004998548293952927,1.7718729,8.407413,470
3466,0.002832156192935456,3.732128,10.835287,2663
3467,0.005275063731490748,1.827988,5.7977343,4960
3468,8.614519400216745e-05,1.1078926,2.6673152,81
3469,0.007929611931853833,1.2182268,6.5101075,7456
3470,0.0004956007457408646,1.5681914,9.847486,466
3471,3.72232319762452e-05,0.8785377,2.13696,35
3472,0.0035766208324603597,1.3776717,5.459521,3363
3473,0.0006200326926328843,1.7162857,8.613169,583
3474,0.0024705590823090743,2.637732,9.668344,2323
3475,0.0016505844579180727,1.8191112,6.4531555,1552
3476,0.0024429075385552917,2.82517,11.410239,2297
3477,0.0008720871491577447,1.4016007,6.1663575,820
3478,0.0006285408599417403,1.6209499,8.047963,591
3479,0.004271099989045735,2.0888293,9.4127245,4016
3480,4.147731563067322e-05,0.8883194,1.7338669,39
3481,0.002862998299430059,1.806043,10.894752,2692
3482,0.00038605809163934303,0.8041054,1.9331688,363
3483,0.0021632015382766494,2.4613407,10.655793,2034
3484,0.000943343050369414,1.0307081,3.9512055,887
3485,0.009656769895551611,1.254787,5.5260525,9080
3486,0.00029246825124192656,1.0797501,4.1671214,275
3487,0.0013379093093176132,2.8620853,8.784793,1258
3488,0.008223143704009367,3.0091586,7.231437,7732
3489,3.084210649460316e-05,0.6984519,1.1698819,29
3490,0.00027970600027864246,1.7497337,12.338771,263
3491,4.7858441112315255e-05,0.75696975,1.8080773,45
3492,0.0019239093327150733,1.8851974,7.8693132,1809
3493,0.0005764283351749971,1.4016596,7.0311613,542
3494,0.0015335971574213022,3.070087,10.316057,1442
3495,0.0014814846326545589,1.4155467,6.0790415,1393
3496,0.0018632886406394738,3.9638815,11.384544,1752
3497,0.004561441198460447,4.857141,10.685107,4289
3498,0.00019675136901729605,1.468479,4.749158,185
3499,0.02632533317451421,1.0473108,3.5129476,24753
3500,0.00668422894202003,4.2495337,18.368847,6285
3501,0.0016186788305098626,2.147344,7.650565,1522
3502,0.0016410127696956096,3.3009076,11.264661,1543
3503,6.487477573002735e-05,0.8630779,3.255166,61
3504,0.0005030453921361137,1.5713083,5.442739,473
3505,0.0009741851568640171,1.9832481,7.371294,916
3506,0.0012145408833392005,1.7093879,6.9543138,1142
3507,0.0017973503439958395,2.4801097,7.3063273,1690
3508,0.01745663227594539,1.4216498,5.880215,16414
3509,0.009725898754936067,1.5580219,7.7540507,9145
3510,0.0023237931962313075,3.0360868,9.18326,2185
3511,0.009804599302542984,1.4743015,6.969693,9219
3512,0.0002605626238337164,1.4250157,5.035126,245
3513,0.002389731492874942,3.5952332,11.376398,2247
3514,0.0016356951651275748,2.6445556,7.532022,1538
3515,0.00014251180242333874,2.4287596,13.539466,134
3516,0.0007753067460195071,1.2457654,6.0381308,729
3517,0.0006838439474493046,1.5835941,8.19193,643
3518,0.0315153152329164,1.3716646,4.848725,29633
3519,0.004310450262849194,1.7829506,6.0940466,4053
3520,0.0006487477573002735,1.7567263,6.751311,610
3521,0.0015538040547798352,1.5315844,10.587359,1461
3522,0.0,0.0,0.0,0
3523,0.0006593829664363435,2.0793948,8.36825,620
3524,0.003614907585350212,1.6339285,8.226474,3399
3525,0.0004934737039136506,1.2239658,6.941393,464
3526,0.00033075500413177875,1.440148,4.8692126,311
3527,0.00017760799257236993,2.2021391,9.427539,167
3528,0.0008167840616501803,1.8130039,8.69565,768
3529,0.008537945894437042,1.06783,3.9491062,8028
3530,0.0001712268670907279,2.0484908,9.0370865,161
3531,0.0042157969015381705,3.0233114,12.1859045,3964
3532,0.011068062147908108,2.404365,8.547911,10407
3533,0.002665183409499156,3.55149,9.905855,2506
3534,4.679492019870825e-05,0.7690966,1.3964336,44
3535,0.002520544565248603,1.8315616,9.48304,2370
3536,0.0005966352325335302,1.1571033,4.881536,561
3537,0.00029565881398274755,1.6498531,5.6632066,278
3538,0.00340964804902406,1.4847012,6.3649125,3206
3539,0.00022972051733911322,1.9905744,6.7389603,216
3540,0.00021376770363500813,1.18239,3.5528271,201
3541,0.0030437968547432502,2.5369525,8.4944935,2862
3542,0.0026247696147820897,2.765409,7.322333,2468
3543,5.104900385313627e-05,1.3048394,3.8165364,48
3544,0.0023280472798857354,3.1973417,9.340758,2189
3545,0.0034936662011990135,2.942583,7.4642477,3285
3546,0.0018420182223673337,2.6904233,8.885415,1732
3547,0.002045150716866272,3.107208,10.818832,1923
3548,0.0017941597812550184,1.5555364,8.47387,1687
3549,0.00023822868464796926,1.2488434,4.1317744,224
3550,0.00041264611447951817,1.4707521,6.7508135,388
3551,0.01789373937143787,1.3010738,3.2247393,16825
3552,1.8079855531319095e-05,0.76988924,1.1150945,17
3553,0.0015718839103111544,1.6491418,7.4055862,1478
3554,0.0006540653618683084,1.2386606,6.861579,615
3555,0.0005349510195443238,1.8791425,7.191042,503
3556,0.0021621380173630425,2.236328,8.711457,2033
3557,0.0002690707911425724,1.1210036,4.0844913,253
3558,0.001680363043499069,3.1605382,9.384968,1580
3559,0.001331528183835971,1.8363924,12.611163,1252
3560,0.15937392650857782,7.459795,35.94558,149855
3561,0.004294497449145089,1.619519,8.913302,4038
3562,0.0013400363511448272,2.8141322,11.2718725,1260
3563,0.0006668276128315925,1.5343891,11.350925,627
3564,0.0002424827683023973,1.9508386,7.360767,228
3565,0.00018186207622679796,1.7437372,9.627446,171
3566,0.001895194268047684,2.155122,7.4776998,1782
3567,9.46533613110235e-05,1.049172,3.557115,89
3568,0.00014676588607776678,1.8351171,12.52067,138
3569,0.0008306098335270714,2.063593,10.560286,781
3570,0.001119887522028177,1.9118332,6.883974,1053
3571,0.000379676966157701,1.1359155,4.049759,357
3572,0.006320504789566434,1.7511156,6.595701,5943
3573,0.00030735754403242465,1.741006,10.170158,289
3574,0.0034107115699376672,1.8849014,6.9223423,3207
3575,0.0014570236516415977,1.6340352,8.366455,1370
3576,0.004029680741656944,2.1990542,8.607667,3789
3577,0.0049900401266440705,2.1509929,7.282405,4692
3578,0.0029087296987151605,2.4262888,10.60965,2735
3579,0.004299815053713124,3.2996855,9.682639,4043
3580,0.0027236770597475414,2.4607265,9.014709,2561
3581,0.001127332168423426,1.3763397,4.699825,1060
3582,0.00016165517886826487,1.7247283,9.509513,152
3583,0.0001297495514600547,1.4628563,6.132012,122
3584,0.001330464662922364,1.0880991,3.7537596,1251
3585,4.147731563067322e-05,0.8938934,3.021067,39
3586,0.00031480219042767367,1.9660777,10.699695,296
3587,0.0009231361530108808,1.115214,4.389963,868
3588,0.0009826933241728732,1.4184686,7.0968175,924
3589,7.231942212527638e-05,1.2118913,3.3935142,68
3590,0.00021802178728943616,1.6005331,5.249285,205
3591,0.0030937823376827795,1.2685047,4.4702864,2909
3592,0.00042859892818362326,1.8651115,9.40328,403
3593,0.0003137386695140667,1.3886267,5.9478564,295
3594,0.004938991122790934,2.3248627,9.154113,4644
3595,0.0007200036585119428,1.9359938,8.172227,677
3596,2.3397460099354124e-05,0.951995,1.8933253,22
3597,0.00288745928044302,1.3754257,5.51024,2715
3598,9.57168822246305e-06,1.11746,2.0510838,9
3599,0.019157202216802994,1.7519034,7.2070365,18013
3600,0.0010071543051858344,1.9058875,7.068936,947
3601,0.0891432594576256,1.199752,5.5526795,83819
3602,0.00036691471519441696,1.5948231,6.8720818,345
3603,3.1905627408210167e-06,0.95115036,1.0897772,3
3604,0.015105187535960301,1.7039207,5.979813,14203
3605,0.0008731506700713516,1.7668037,10.4825945,821
3606,0.0016633467088813568,1.3828766,6.536796,1564
3607,0.0013793866249482863,1.6418543,6.332565,1297
3608,0.0011815717350173833,1.617571,10.363648,1111
3609,6.168421298920632e-05,0.65496546,1.1430377,58
3610,0.0012517641153154456,1.1374664,3.2524836,1177
3611,0.0010752196436566827,1.2068229,5.795828,1011
3612,0.014678715649603892,1.2994835,6.3236794,13802
3613,0.0016261234769051117,2.5931091,8.735835,1529
3614,0.0016548385415725007,1.5672079,10.173,1556
3615,0.00027438839571060743,1.1452458,4.2115364,258
3616,9.57168822246305e-06,0.87129277,1.3607435,9
3617,0.00010528857044709356,0.6991519,1.5756131,99
3618,0.0018462723060217617,1.7028129,6.760787,1736
3619,0.0013889583131707493,1.4999832,6.7900796,1306
3620,0.008022138251337643,1.814169,6.573646,7543
3621,4.147731563067322e-05,1.6066619,6.1041946,39
3622,0.000947597134023842,1.398685,4.8843937,891
3623,2.9778585580996157e-05,1.2662107,2.5976448,28
3624,0.02675499562361144,1.9249438,6.586409,25157
3625,0.00016909982526351389,1.5846732,6.1565185,159
3626,0.0011911434232398464,2.2134583,8.913887,1120
3627,1.91433764449261e-05,0.6996214,1.1145034,18
3628,0.001718649796388921,1.1590065,7.5175037,1616
3629,0.011876338042249432,1.3634019,6.990156,11167
3630,0.004650776955203436,2.7626777,8.932151,4373
3631,0.0012581452407970876,1.789595,6.9210234,1183
3632,0.011388181942903816,0.9038714,3.8367443,10708
3633,0.011227590284949159,1.7571495,9.208701,10557
3634,5.6366608421171295e-05,0.9315883,2.2565784,53
3635,0.0002839600839330705,1.3666536,6.916795,267
3636,0.006404522941741388,1.7209926,7.0182915,6022
3637,0.0013847042295163214,1.8023858,8.185212,1302
3638,0.007312769801961771,1.0811011,3.8641725,6876
3639,0.00048177497386397354,1.3266803,6.689202,453
3640,0.003443680718259484,0.7094802,1.9053628,3238
3641,0.0023216661544040933,3.333927,10.234765,2183
3642,0.002621579052041269,2.7189605,8.673727,2465
3643,0.0003020399394643896,1.3478354,7.4246917,284
3644,0.0009614229059007331,1.8904955,6.7707796,904
3645,0.016264425331791937,1.3898102,4.794454,15293
3646,0.02719103919819031,1.547035,6.3738666,25567
3647,0.014805274638323125,1.908998,6.5248356,13921
3648,0.0023312378426265565,2.043584,6.5483904,2192
3649,0.002489702458754,1.9234916,7.5970078,2341
3650,0.0008859129210346357,2.0973942,7.8063064,833
3651,0.0049613250619766815,1.2980754,4.816422,4665
3652,0.001304940160995796,2.32817,7.0101185,1227
3653,0.002469495561395467,3.320827,11.696879,2322
3654,0.002064294093311198,2.341498,11.833886,1941
3655,1.4889292790498078e-05,0.7740661,1.1978767,14
3656,0.00023610164282075524,1.437682,6.021418,222
3657,0.0018079855531319097,1.7580653,5.9997582,1700
3658,0.0022099964584753576,2.9515479,9.072564,2078
3659,0.00114009441938671,1.8870513,7.11368,1072
3660,0.004133905791190431,1.666186,6.761441,3887
3661,0.001143284982127531,1.8752211,9.888828,1075
3662,0.002408874869319868,2.0160968,9.652995,2265
3663,0.0023174120707496653,2.393297,11.962414,2179
3664,0.0015718839103111544,1.678692,9.913485,1478
3665,0.006456635466508131,1.7841643,8.301015,6071
3666,3.509619014903119e-05,1.0306427,2.0994294,33
3667,0.0006179056508056703,1.0348479,3.7929254,581
3668,0.0016186788305098626,2.2525332,6.763891,1522
3669,0.00783176800780199,2.9335377,11.470528,7364
3670,0.002579038215496989,3.2969713,10.709393,2425
3671,0.0007763702669331141,1.4378968,7.3934813,730
3672,0.0008625154609352816,1.7652385,11.616465,811
3673,0.0030916552958555653,2.7734177,9.851429,2907
3674,1.5952813704105085e-05,0.89888704,1.6741376,15
3675,0.0034904756384581924,2.7706814,8.980522,3282
3676,0.006302424934035115,1.7804285,8.603314,5926
3677,0.00011805082141037762,1.3644125,5.349509,111
3678,0.005566468461819067,1.6807312,9.477458,5234
3679,0.000577491856088604,1.3387758,4.194546,543
3680,0.0010667114763478266,1.7594147,7.8096805,1003
3681,0.009302617431320478,41.174126,77.58905,8747
3682,0.010643717303378913,1.962714,7.203115,10008
3683,0.000377549924330487,1.412656,6.557611,355
3684,0.0008274192707862503,1.4835844,7.704061,778
3685,0.00019994193175811706,1.3496765,6.088249,188
3686,0.003396885798060776,1.7123169,11.411174,3194
3687,0.0014612777352960256,1.1120105,4.1369715,1374
3688,0.0005253793313218608,1.1772839,5.3626485,494
3689,0.0019260363745422873,1.5878073,5.8614507,1811
3690,0.00017335390891794192,1.4410821,5.485629,163
3691,0.003239484702846939,1.5257322,7.041883,3046
3692,0.0014123557732701035,1.6798482,9.200069,1328
3693,0.0006359855063369894,0.9332783,2.5825772,598
3694,0.0020993902834602293,2.0492518,7.3821836,1974
3695,0.0037223231976245197,1.1643143,4.9644203,3500
3696,0.002772599021773464,2.2447762,6.1005893,2607
3697,0.0008593248981944605,2.6084101,8.384658,808
3698,0.0004190272399611602,1.6510746,8.132349,394
3699,0.006617227124462789,1.6149871,6.994398,6222
3700,0.0009273902366653089,1.3050795,7.473699,872
3701,0.001721840359129742,2.5058868,7.3853006,1619
3702,0.00025843558200650235,1.5875887,9.486941,243
3703,0.0027821707099959267,2.309618,9.136132,2616
3704,0.0013815136667755003,2.3012478,6.289272,1299
3705,0.0027109148087842575,1.4378924,7.519716,2549
3706,0.0025694665272745255,1.3277858,5.7056766,2416
3707,0.0009039927765659548,1.5824496,6.2435374,850
3708,0.003267136246600721,2.1391125,7.0801435,3072
3709,0.00151658082280359,1.4458327,5.006101,1426
3710,0.002820457462885779,3.6767035,9.930889,2652
3711,0.003744657136810267,1.4796542,8.099927,3521
3712,0.0004945372248272576,1.434933,7.24409,465
3713,0.0058536191084929586,1.883628,5.8079996,5504
3714,0.001313448328304652,1.3979123,5.5108137,1235
3715,0.004370007434011186,2.8730717,10.561527,4109
3716,0.013893837215361922,1.5190758,4.32084,13064
3717,0.039799079629001366,3.3495204,12.984294,37422
3718,0.0004094555517386972,1.1993239,5.0853915,385
3719,9.571688222463051e-05,1.5982783,5.302865,90
3720,0.0010135354306674764,2.536982,7.040393,953
3721,0.002446098101296113,2.9314268,9.908331,2300
3722,0.0008465626472311765,2.1778483,10.263892,796
3723,0.04885921429201945,1.457277,7.9719453,45941
3724,0.0005721742515205691,1.4800133,6.6152525,538
3725,0.006587448538881793,2.760964,10.037956,6194
3726,0.0002307840382527202,1.1805531,3.3190737,217
3727,0.0009125009438748108,1.449045,4.6378927,858
3728,0.0045103921946073105,1.7836711,6.68065,4241
3729,0.0019558149601232836,3.6407812,13.053913,1839
3730,0.0027938694400456037,2.0131788,6.588859,2627
3731,0.0006062069207559932,1.2066389,4.730386,570
3732,0.001730348526438598,1.5653894,7.3058615,1627
3733,3.82867528898522e-05,0.97370315,1.696403,36
3734,0.0024141924738879028,3.1184082,9.214473,2270
3735,0.00012549546780562666,1.7516872,6.80566,118
3736,0.0016112341841146135,2.0029259,7.976916,1515
3737,0.00849221449515194,2.5325744,7.7682395,7985
3738,0.005068740674250989,1.3897877,5.144885,4766
3739,0.002255727857760459,1.2520998,7.7643533,2121
3740,0.001311321286477438,2.8364556,11.02414,1233
3741,9.35898403974165e-05,1.7402271,5.214755,88
3742,0.00018292559714040495,1.0917653,4.828858,172
3743,0.002239775044056354,2.7447069,11.233662,2106
3744,0.03658086534442657,1.4915988,6.4239845,34396
3745,0.0020068639639764197,2.4456573,8.528628,1887
3746,0.0020398331122982367,0.9286798,4.7804575,1918
3747,3.72232319762452e-05,0.9964313,1.8668911,35
3748,0.003380932984356671,1.9619967,9.082548,3179
3749,0.004448707981618104,2.0622966,8.012549,4183
3750,0.0006721452173996276,1.3799822,7.5221534,632
3751,0.0011868893395854184,1.5943846,7.104262,1116
3752,0.0035479057677929708,3.0891907,11.629307,3336
3753,0.0015601851802614774,1.5196528,6.3985577,1467
3754,0.0010986171037560368,2.1270545,6.753754,1033
3755,0.00010422504953348655,1.250213,3.6413255,98
3756,0.001133713293905068,1.8962897,8.949725,1066
3757,0.00036904175702163095,2.1683645,12.688951,347
3758,0.0005487767914212149,1.2157406,3.719216,516
3759,0.002034515507730202,2.2773488,9.691499,1913
3760,0.00016271869978187186,1.422995,6.154765,153
3761,0.0001680363043499069,0.9973873,4.416594,158
3762,0.000759353932315402,3.1193104,13.408037,714
3763,0.0006115245253240282,2.09111,10.400536,575
3764,0.005553706210855784,1.6442742,6.4968214,5222
3765,0.0025843558200650237,2.0569367,5.8145523,2430
3766,0.00024035572647518327,2.6203008,10.296904,226
3767,0.0018079855531319097,3.1161354,11.657859,1700
3768,0.0025226716070758173,3.7971146,13.256668,2372
3769,0.00038393104981212904,2.2207916,11.692571,361
3770,0.0025694665272745255,2.2320418,8.497618,2416
3771,0.018588218528023243,2.5778706,11.452061,17478
3772,0.004992167168471284,3.3149488,9.940128,4694
3773,0.0007997677270324682,1.6043065,8.235651,752
3774,0.0016388857278683956,1.8765689,9.404303,1541
3775,0.0004190272399611602,1.3369558,6.0666327,394
3776,0.0005126170803585767,1.0936166,2.894643,482
3777,0.00016165517886826487,1.613589,8.8141775,152
3778,0.0012177314460800213,2.2274392,8.471498,1145
3779,0.0029385082842961563,1.2441285,5.5317516,2763
3780,0.0025471325880887783,2.7527492,9.992724,2395
3781,0.0008550708145400325,1.1598498,4.798043,804
3782,0.0006678911337451996,1.3078674,5.8990526,628
3783,0.0018133031576999445,2.5826235,7.8182926,1705
3784,0.007226624607959603,2.7214255,7.443287,6795
3785,0.00267794566046244,1.386142,8.955952,2518
3786,0.001311321286477438,1.6479021,7.682777,1233
3787,0.001512326739149162,1.1816078,4.6740494,1422
3788,0.0042679094263049135,2.0362592,10.874615,4013
3789,0.0016314410814731466,1.6549253,5.606192,1534
3790,0.004473168962631066,2.6067557,12.001046,4206
3791,0.000189306722622047,2.2553916,9.17321,178
3792,0.001311321286477438,1.8118656,8.261291,1233
3793,0.0008699601073305306,1.7208117,6.8750033,818
3794,0.0006062069207559932,1.6909509,4.6087484,570
3795,0.0009071833393067758,1.4798315,5.1286774,853
3796,0.0009965190960497642,1.9788405,6.351506,937
3797,0.0038212306425899714,4.412363,11.574479,3593
3798,0.0016697278343629988,2.1973765,8.155983,1570
3799,0.002428018245764794,1.3678353,7.2477384,2283
3800,0.0030990999422508144,2.9383907,10.851975,2914
3801,8.614519400216745e-05,2.8446398,11.150385,81
3802,0.004783717069404311,1.7677462,6.734987,4498
3803,0.009534464990486805,2.1996877,9.506888,8965
3804,0.0011698730049677062,1.6018462,7.5412183,1100
3805,0.0024939565424084284,3.6019344,11.204229,2345
3806,0.0005062359548769346,1.4205246,6.523855,476
3807,0.004292370407317875,1.9559114,8.66569,4036
3808,0.0013793866249482863,3.7195494,10.104908,1297
3809,0.005533499313497251,2.019653,9.228716,5203
3810,0.006671466691056747,1.7071315,7.0322485,6273
3811,0.003199070908129873,2.2502701,10.6489,3008
3812,5.2112524766743275e-05,1.6128374,5.7831,49
3813,0.0009082468602203828,1.1995257,5.408657,854
3814,0.005202744309365471,2.4174306,9.221844,4892
3815,0.0008401815217495345,1.7724344,6.6637297,790
3816,0.0010986171037560368,1.4936657,7.448042,1033
3817,0.00041264611447951817,1.9657997,10.281516,388
3818,0.0005721742515205691,2.1236773,6.7597356,538
3819,0.0031299420487454176,2.187835,7.5080223,2943
3820,0.001477230549000131,1.7872634,8.707562,1389
3821,0.007564824258486631,1.8784902,7.7011228,7113
3822,0.00034883485966309783,1.7548423,10.587671,328
3823,0.0015197713855444111,2.433235,10.245925,1429
3824,0.0006572559246091295,1.7051561,10.800056,618
3825,5.3176045680350284e-05,1.5858623,7.4326468,50
3826,0.0027438839571060744,1.6859322,6.45633,2580
3827,0.0004307259700108373,1.9199226,6.9824886,405
3828,0.0014357532333694576,1.4723233,7.5300136,1350
3829,0.0008284827916998574,1.7902768,9.109672,779
3830,0.0014463884425055277,1.7985277,7.4833264,1360
3831,0.0007242577421663709,1.556798,8.691247,681
3832,0.0016410127696956096,2.6598148,11.206035,1543
3833,0.007328722615665876,2.0965207,9.242328,6891
3834,0.00048071145295036654,1.3330543,4.5100465,452
3835,0.00027757895845142847,1.4721763,4.769903,261
3836,0.007748813376540643,2.8386667,8.755544,7286
3837,0.0013921488759115704,1.4389572,4.3381896,1309
3838,0.0024237641621103656,3.3200417,8.900315,2279
3839,0.017852262055807196,1.0886706,7.976654,16786
3840,0.006125880462376353,1.424809,5.2994323,5760
3841,0.0012379383434385546,2.9992409,10.164851,1164
3842,0.0021461852036589375,2.9767225,9.387639,2018
3843,0.0014304356288014225,2.251728,7.921509,1345
3844,0.0011985880696350954,1.2961955,5.2610254,1127
3845,0.0014793575908273449,2.5431952,8.371161,1391
3846,0.0028183304210585647,2.4827592,9.319217,2650
3847,0.0019994193175811707,3.3895035,9.6225815,1880
3848,0.01260484986807023,1.8394032,8.147553,11852
3849,0.002273807713291778,2.500609,6.7350445,2138
3850,0.008623027567525601,1.6447145,6.578248,8108
3851,0.00034883485966309783,1.7141962,8.547852,328
3852,0.001502755050926699,1.7673013,8.583967,1413
3853,0.0020132450894580615,1.0911021,4.2317624,1893
3854,0.0007965771642916473,1.0331699,4.05112,749
3855,0.0037276408021925545,1.7261351,6.814022,3505
3856,0.0010145989515810833,1.6216784,7.8943343,954
3857,0.003747847699551088,3.0919077,10.689848,3524
3858,0.0012751615754147997,1.8426535,8.571698,1199
3859,0.046916161582859446,1.4734766,7.588015,44114
3860,0.0008582613772808535,2.12425,7.142816,807
3861,0.004699698917229358,1.6524262,7.009699,4419
3862,1.0635209136070056e-06,0.6909893,0.6909893,1
3863,0.001493183362704236,1.5711546,6.495892,1404
3864,0.001728221484611384,1.4241143,5.1058884,1625
3865,9.039927765659548e-05,2.6594791,10.823652,85
3866,5.3176045680350284e-05,0.9586147,2.5234325,50
3867,0.002503528230630891,1.7120152,5.999434,2354
3868,0.0005072994757905416,1.6400297,8.910716,477
3869,0.00022121235003025718,1.188232,4.507646,208
3870,0.0025481961090023856,1.4062494,7.48715,2396
3871,0.0005275063731490748,1.1830398,6.1169715,496
3872,0.0007423375976976899,1.721516,7.734541,698
3873,0.0011815717350173833,1.6150947,8.247279,1111
3874,0.00373295840676059,5.0089946,14.297689,3510
3875,0.0002605626238337164,1.3558173,8.125763,245
3876,0.006868218060074043,1.7044888,7.5292726,6458
3877,0.00019568784810368903,0.6724717,2.4502754,184
3878,0.0021812813938079686,1.7057608,9.431798,2051
3879,0.0020951361998058013,1.6055092,11.305632,1970
3880,0.011192494094800127,1.4577866,7.3432426,10524
3881,0.003994584551507913,3.4583254,12.822436,3756
3882,0.009373873332532147,35.102165,58.094032,8814
3883,0.0016293140396459326,2.0748446,7.7227526,1532
3884,8.508167308856045e-05,2.1632779,9.351935,80
3885,3.403266923542418e-05,0.8378527,1.6825504,32
3886,0.0012198584879072355,1.5542399,7.661226,1147
3887,0.00044348822097412135,1.7049243,15.504435,417
3888,0.00038712161255295,1.7836423,7.839748,364
3889,0.0018058585113046954,1.6707239,7.6253657,1698
3890,0.004694381312661323,1.2958351,4.552231,4414
3891,0.0055866753591776,1.8872863,8.37894,5253
3892,0.003203324991784301,3.1866367,9.017324,3012
3893,0.0010390599325940445,1.3533987,9.216047,977
3894,0.0026885808695985103,1.910511,11.056145,2528
3895,0.0017569365492787732,1.7346408,6.199066,1652
3896,0.0005094265176177557,1.4809982,6.2627835,479
3897,0.0026566752421903,2.7030563,10.878351,2498
3898,0.0022174411048706067,3.0304327,10.735612,2085
3899,0.004679492019870825,2.8400784,8.650066,4400
3900,0.0031586571134128065,1.4418191,6.4158607,2970
3901,0.000568983688779748,1.3228371,10.499425,535
3902,0.0031288785278318107,2.5218506,8.637969,2942
3903,0.03245972180419942,1.7099268,6.1492624,30521
3904,0.0029672233489635457,1.2759126,4.009637,2790
3905,0.004832639031430234,2.130835,8.1749525,4544
3906,0.005142123617289872,7.339458,14.350887,4835
3907,0.0010550127462981495,1.6654819,7.66957,992
3908,0.0032873431439592545,3.0901685,10.526693,3091
3909,0.00226955362963735,1.6940918,5.9744434,2134
3910,0.031097351513868846,3.0645845,13.930569,29240
3911,0.00020632305723975909,1.6353538,8.484213,194
3912,0.002212123500302572,1.4442462,6.801848,2080
3913,0.014617031436614684,1.003596,3.3514724,13744
3914,0.0007231942212527639,1.5766991,8.540196,680
3915,0.0003137386695140667,1.9004034,11.817145,295
3916,0.0021281053481276182,1.9337944,8.435316,2001
3917,0.0002892776885011055,1.0468913,5.3306947,272
3918,0.0010305517652851885,1.6694276,10.060112,969
3919,0.0018047949903910886,1.5795134,8.6529455,1697
3920,0.002068548176965626,1.4367497,4.877294,1945
3921,0.0009805662823456592,1.3278177,6.9089856,922
3922,0.00042966244909723025,1.7293916,6.1403794,404
3923,0.0017388566937474542,1.8960255,5.5193715,1635
3924,0.0019377351045919643,1.2841525,4.73136,1822
3925,0.00022972051733911322,1.1644976,4.5418444,216
3926,0.0013964029595659984,3.277331,9.132566,1313
3927,0.0009103739020475968,1.6303642,9.427158,856
3928,0.0017505554237971313,1.5433526,6.246521,1646
3929,0.0007976406852052543,2.138753,9.773766,750
3930,0.00012017786323759164,1.2127954,3.9538178,113
3931,0.001101807666496858,1.3797147,7.8167143,1036
3932,0.002239775044056354,1.8798796,6.5992026,2106
3933,0.001343226913885648,2.352265,7.969258,1263
3934,0.000948660654937449,1.5066164,8.111281,892
3935,0.004334911243862155,3.084016,7.7745495,4076
3936,0.001878177933429972,2.252984,7.432263,1766
3937,0.0023418730517626263,1.9552929,7.6204906,2202
3938,0.00010847913318791457,1.0983666,4.806506,102
3939,0.0015516770129526212,1.5515496,7.269667,1459
3940,6.381125481642033e-06,0.84056216,1.5000762,6
3941,0.0010613938717797917,1.3682569,5.4175024,998
3942,0.0015761379939655824,1.4620683,6.5023274,1482
3943,0.004359372224875116,2.0215626,7.328473,4099
3944,0.00782432336140674,2.3069122,7.3363204,7357
3945,0.005610072819276954,2.9178483,9.800733,5275
3946,0.003916947524814602,1.4652821,5.9816666,3683
3947,0.0006264138181145264,1.6972884,8.438995,589
3948,0.0035532233723610056,2.6298,10.766932,3341
3949,0.004965579145631109,1.6887807,7.222486,4669
3950,0.0021685191428446843,1.3799062,6.527354,2039
3951,0.0015942178494969014,2.547185,7.616828,1499
3952,0.0046348241414993305,2.9163055,9.589383,4358
3953,0.0006657640919179855,1.4003434,9.8516445,626
3954,0.003772308680564049,4.5017037,10.703771,3547
3955,0.002121724222645976,2.9659107,9.027897,1995
3956,0.001860098077898653,2.073959,5.6049356,1749
3957,0.002852363090293989,2.5601478,9.468576,2682
3958,0.0018483993478489757,2.040786,6.0151706,1738
3959,0.018152174953444372,1.9116285,10.666659,17068
3960,0.004550805989324377,2.0085456,7.436489,4279
3961,0.0013772595831210723,1.6831214,6.660738,1295
3962,0.0002052595363261521,1.8505172,10.167475,193
3963,0.01266227999740501,1.6090617,7.915286,11906
3964,0.00046688568107347545,1.15858,2.9229176,439
3965,0.002078119865188089,2.3535225,8.606868,1954
3966,0.0021961706865984668,3.1316195,11.293009,2065
3967,0.0011092523128921068,1.4192537,5.1253233,1043
3968,0.0023057133406999882,1.5356565,5.982348,2168
3969,7.55099848660974e-05,2.103513,5.475141,71
3970,0.002631150740263732,2.5448606,9.037745,2474
3971,0.0002648167074881444,1.4935383,6.5595484,249
3972,0.0003041669812916036,1.6305709,9.662008,286
3973,0.009286664617616373,0.9713062,3.2620587,8732
3974,3.82867528898522e-05,0.8698611,2.1642823,36
3975,0.0006987332402398027,1.9817427,7.7719646,657
3976,0.0002605626238337164,1.055495,4.394837,245
3977,0.0021823449147215755,1.9036235,9.784106,2052
3978,0.004908149016296331,3.2700553,10.74084,4615
3979,0.0017548095074515593,2.0322409,6.786076,1650
3980,0.0029087296987151605,3.4523895,8.832169,2735
3981,0.0002669437493153584,0.98329717,3.9162586,251
3982,6.381125481642033e-06,0.83096594,1.3481487,6
3983,0.003215023721833978,1.1487163,4.2430487,3023
3984,0.005902541070518881,1.7093842,6.6155415,5550
3985,0.0005562214378164639,1.2101184,5.7609468,523
3986,0.0023695245955164083,1.9857439,8.74815,2228
3987,0.001910083560838182,1.9082519,11.724552,1796
3988,0.005280381336058783,3.1037788,11.161516,4965
3989,0.0011209510429417838,1.7904125,6.5081787,1054
3990,0.0028459819648123472,1.9346513,9.637112,2676
3991,0.0008157205407365733,1.7016424,8.976867,767
3992,0.0029342542006417283,2.099995,7.0013475,2759
3993,0.0007348929513024409,2.0687459,17.066746,691
3994,0.004568885844855696,6.39116,16.330858,4296
3995,0.000756163369574581,2.2744057,10.445197,711
3996,4.679492019870825e-05,1.2036856,3.2147677,44
3997,0.0019824029829634583,3.1497936,11.371705,1864
3998,0.0006221597344600983,1.3182621,5.099508,585
3999,0.00013719419785530372,1.410894,6.5698185,129
4000,0.0014782940699137378,1.1498365,10.186161,1390
4001,0.0005083629967041487,1.1665586,9.180833,478
4002,0.002112152534423513,2.1955473,6.6863565,1986
4003,0.00017441742983154891,2.6552098,8.041113,164
4004,0.001701633461771209,2.419802,7.5805445,1600
4005,0.002315285028922451,2.3773224,9.278005,2177
4006,0.0007168130957711218,1.7618257,7.065041,674
4007,0.0001340036351144827,1.3653661,6.393399,126
4008,0.0016495209370044658,1.733051,8.223635,1551
4009,0.0010816007691383247,1.7114356,7.0216084,1017
4010,0.01431392797623669,0.8994103,3.6543224,13459
4011,0.0014623412562096328,1.7083995,9.380122,1375
4012,0.0023131579870952373,1.3089601,9.865537,2175
4013,0.0018356370968856917,0.9712109,4.4081364,1726
4014,0.0008210381453046084,1.5395522,8.89605,772
4015,0.0001722903880043349,1.7123166,8.068973,162
4016,0.008644297985797742,2.0376632,9.905048,8128
4017,0.004003092718816769,2.0327244,7.6229486,3764
4018,0.0019441162300736063,1.0520003,2.8191056,1828
4019,0.0010114083888402624,1.8912613,10.73461,951
4020,0.00017760799257236993,1.7992935,9.343776,167
4021,0.016549448936638615,0.9137257,4.0717497,15561
4022,0.005159139951907584,2.382457,7.3853636,4851
4023,0.0019164646863198242,3.029235,10.2918625,1802
4024,0.0003605335897127749,1.0898614,3.6798193,339
4025,0.0034468712810003053,1.9561789,6.3177247,3241
4026,0.038026190266018486,1.071917,5.092103,35755
4027,0.001862225119725867,1.9114541,10.126538,1751
4028,0.0008018947688596822,1.3461504,5.3828,754
4029,0.04196759877184605,1.6240616,6.716431,39461
4030,2.446098101296113e-05,0.64121455,1.3216003,23
4031,0.0010954265410152157,2.1048927,6.733546,1030
4032,0.004823067343207771,1.4722091,7.2461715,4535
4033,0.0005062359548769346,0.6869888,1.9597679,476
4034,0.0005891905861382811,1.3735081,6.2160926,554
4035,0.0001680363043499069,3.8475366,11.729168,158
4036,0.0025694665272745255,2.7539356,12.73038,2416
4037,7.870054760691842e-05,1.3040602,6.009452,74
4038,0.002252537295019638,1.9953943,6.640045,2118
4039,0.000939088966714986,1.6650542,11.737206,883
4040,0.00019994193175811706,1.1819979,4.1743007,188
4041,0.006781009345158268,1.9029163,8.155496,6376
4042,0.0034713322620132663,2.7986698,9.92797,3264
4043,2.8715064667389152e-05,3.78191,11.826689,27
4044,0.031136701787672305,5.285237,15.324925,29277
4045,0.0014166098569245314,2.4510343,12.437066,1332
4046,0.0036850999656482743,1.7038245,6.1330967,3465
4047,0.0007306388676480128,1.9482287,7.61103,687
4048,0.00018079855531319097,1.6237886,10.559066,170
4049,2.020689735853311e-05,1.4008394,3.8562067,19
4050,0.00021376770363500813,1.6038871,7.724637,201
4051,0.0006349219854233823,1.7973473,8.644218,597
4052,0.00019994193175811706,1.4536777,10.850163,188
4053,0.0005402686241123589,1.7738684,6.696257,508
4054,0.006403459420827781,1.4037089,6.500796,6021
4055,0.0016410127696956096,2.1234238,7.0329323,1543
4056,3.1905627408210167e-06,0.8667928,0.9832472,3
4057,0.0036967986956979513,2.7051072,9.795455,3476
4058,1.4889292790498078e-05,0.9675206,1.5059179,14
4059,0.006990522965138848,1.5572711,7.3095393,6573
4060,0.0012602722826243016,2.1260571,7.616777,1185
4061,8.508167308856045e-05,0.9395439,2.022286,80
4062,0.004046697076274656,2.0766852,8.72049,3805
4063,0.0006561924036955224,2.2973313,8.156035,617
4064,0.0016878076898943178,1.7876754,8.382731,1587
4065,0.009882236329236297,1.4042094,6.0835476,9292
4066,0.0031320690905726318,3.2547998,10.61006,2945
4067,0.0007944501224644332,1.6739361,9.28643,747
4068,0.00024992741469764633,0.9053517,2.9295025,235
4069,0.01321212030973983,1.7277218,7.7224364,12423
4070,0.0003424537341814558,1.5971023,9.930016,322
4071,7.338294303888339e-05,2.3360853,9.936923,69
4072,0.0006955426774989817,2.3660548,8.846293,654
4073,0.001136903856645889,1.2369233,7.040027,1069
4074,0.007535045672905635,0.84072214,3.4092762,7085
4075,0.0001520834906458018,1.2888924,6.5616245,143
4076,0.00018079855531319097,1.1022048,2.7470305,170
4077,0.00244716162220972,2.5536175,8.402744,2301
4078,0.0027736625426870707,2.3426154,7.0279665,2608
4079,4.2540836544280225e-06,0.92523116,1.5475715,4
4080,0.0008699601073305306,1.5696516,8.1224165,818
4081,0.0023812233255660854,1.7489473,8.01137,2239
4082,0.0027449474780196813,2.8757706,10.615575,2581
4083,0.0008306098335270714,1.4217533,5.3823013,781
4084,0.002263172504155708,2.9530435,10.528262,2128
4085,0.028340705305799487,1.2409357,4.6174173,26648
4086,0.0017505554237971313,1.5837042,6.451258,1646
4087,0.007542490319300884,3.5320835,14.431096,7092
4088,2.446098101296113e-05,4.1942234,11.0527115,23
4089,0.0033139311667994297,3.0672421,10.95259,3116
4090,0.0017314120473522052,3.367216,9.607822,1628
4091,0.004552933031151591,1.512832,5.732529,4281
4092,0.0007976406852052543,1.436545,6.2469306,750
4093,0.0036446861709312083,1.4375966,7.6837535,3427
4094,0.009548290762363696,2.0744534,10.921766,8978
4095,0.014112922523564964,1.1392831,3.893757,13270
4096,0.0027321852270563974,3.930049,12.445137,2569
4097,0.002780043668168713,1.5774851,4.777955,2614
4098,0.005930192614272663,1.4628756,5.8198795,5576
4099,0.0006200326926328843,1.5124539,5.5869756,583
4100,0.006761865968713342,2.170848,8.555995,6358
4101,0.004486994734507956,2.2682793,9.409574,4219
4102,0.0011826352559309902,2.3974674,9.054535,1112
4103,0.0019090200399245751,2.3893378,6.806451,1795
4104,0.0005179346849266117,1.9688169,6.748843,487
4105,0.0017707623211556643,1.6823281,6.5933027,1665
4106,6.168421298920632e-05,1.2241044,4.120221,58
4107,0.0003403266923542418,1.5336459,6.903318,320
4108,0.0006519383200410944,2.4140174,9.393569,613
4109,0.0017601271120195943,1.7276486,5.495562,1655
4110,0.0018526534315034039,1.928854,6.930121,1742
4111,0.0008837858792074217,1.6162099,6.9845715,831
4112,0.0021632015382766494,2.9903424,8.313961,2034
4113,0.001357052685762539,2.8550284,9.333882,1276
4114,0.0023535717818123033,0.961217,3.5148544,2213
4115,0.0010294882443715814,1.3037659,5.2340817,968
4116,0.002994874892717328,3.5826979,9.097873,2816
4117,0.00663105289633968,2.4134996,11.763993,6235
4118,0.0017856516139461624,1.119313,4.895963,1679
4119,0.0027789801472551056,2.7143197,11.262075,2613
4120,0.0003584065478855609,1.6337368,9.138962,337
4121,0.0006306679017689543,1.8402085,6.6153436,593
4122,0.0067374049877003805,1.0744338,3.9705553,6335
4123,0.0019068929980973611,3.8984416,11.342473,1793
4124,0.0006966061984125887,1.4685946,4.278536,655
4125,0.0018558439942442247,1.2952559,9.008132,1745
4126,0.03986608144655861,2.2622077,11.866633,37485
4127,0.0004371070954924793,0.95351875,3.2878127,411
4128,0.0012528276362290527,1.3677708,7.876963,1178
4129,0.009716327066713604,1.9481336,7.2070136,9136
4130,0.0021738367474127196,2.193024,7.7106194,2044
4131,0.00038712161255295,1.7477304,7.6645403,364
4132,0.004471041920803852,3.271838,14.238056,4204
4133,0.00046582216015986845,2.0558653,7.381118,438
4134,0.005463306933199188,1.5799484,10.260884,5137
4135,7.338294303888339e-05,2.3630881,10.792327,69
4136,0.003798896703404224,1.3304018,5.623337,3572
4137,0.0003137386695140667,0.83273625,2.046803,295
4138,0.005298461191590102,1.3749835,6.2788434,4982
4139,0.007639270722439122,2.0409963,6.318215,7183
4140,0.005605818735622527,1.3610687,4.87922,5271
4141,0.0009582323431599121,1.7084141,6.0007763,901
4142,0.0010550127462981495,1.6714017,6.7677712,992
4143,0.0001701633461771209,1.3003231,5.0950794,160
4144,0.000562602563298106,2.0105283,6.9419556,529
4145,0.00033181852504538575,1.6438699,10.116012,312
4146,0.008664504883156275,1.5613946,5.0418386,8147
4147,0.00045837751376461944,1.1248332,3.536453,431
4148,0.0021238512644731903,2.874672,11.478477,1997
4149,0.0035149366194711534,1.654878,6.6102767,3305
4150,0.0002052595363261521,1.970624,13.228468,193
4151,0.0013634338112441813,1.195884,4.53001,1282
4152,6.912885938445537e-05,0.8573721,1.9365278,65
4153,0.001141157940300317,3.142836,8.913694,1073
4154,0.0031416407787950946,2.8512118,10.521127,2954
4155,1.0635209136070057e-05,0.8480911,1.6660028,10
4156,0.0070149839461518095,3.3180816,12.835966,6596
4157,0.0021738367474127196,2.455284,7.7907214,2044
4158,0.0014676588607776678,1.4574379,8.321855,1380
4159,1.4889292790498078e-05,2.0014596,4.9049263,14
4160,0.013604559526860816,1.6947613,6.2452927,12792
4161,0.001718649796388921,1.9721687,6.462116,1616
4162,0.001890940184393256,1.7737348,7.572619,1778
4163,0.011343514064532321,1.1567378,4.1969657,10666
4164,0.0008816588373802077,1.2725292,7.45058,829
4165,0.0012411289061793757,1.2431387,7.273449,1167
4166,0.0018218113250088007,2.4319015,8.502472,1713
4167,0.0023961126183565835,2.4935586,10.167467,2253
4168,0.0015920908076696874,1.7734914,7.550923,1497
4169,0.0029831761626676508,2.1524198,9.363436,2805
4170,0.002622642572954876,1.6470879,5.9280987,2466
4171,0.0018473358269353688,1.6044006,4.889974,1737
4172,0.003344773273294033,2.3467221,9.600899,3145
4173,0.0016197423514234695,3.9898503,15.221959,1523
4174,0.0006795898637948766,1.1949952,5.7484875,639
4175,0.0008742141909849586,2.5541892,11.190585,822
4176,0.0031150527559549194,2.416708,10.165448,2929
4177,0.00024886389378403934,1.4527918,7.582436,234
4178,0.0003350090877862068,1.2205567,6.4038043,315
4179,0.0025216080861622104,3.6685944,10.464418,2371
4180,0.0003009764185507826,1.6787982,6.86998,283
4181,0.002795996481872818,1.7405189,6.090613,2629
4182,0.0037074339048340215,3.2178564,11.2292595,3486
4183,0.02013138737366701,1.0908124,5.0190015,18929
4184,0.0005009183503088997,1.273216,4.56726,471
4185,0.006623608249944431,2.8473454,10.537691,6228
4186,0.0014251180242333876,1.9718333,8.370882,1340
4187,0.0021355499945228673,4.167677,10.946693,2008
4188,6.381125481642034e-05,0.74618095,1.4517012,60
4189,0.001491056320877022,2.2526822,8.42516,1402
4190,0.0008242287080454293,1.5213982,8.332449,775
4191,0.0003265009204773507,1.874168,9.677574,307
4192,0.0019068929980973611,2.6001606,7.4171743,1793
4193,0.0027162324133522923,2.1244266,11.018548,2554
4194,0.006941601003112926,1.8894353,6.0095944,6527
4195,0.004424247000605144,1.1680437,5.8886123,4160
4196,0.0038882324601472126,1.4504528,5.112345,3656
4197,0.003188435698993803,1.4980663,9.458141,2998
4198,0.001313448328304652,1.7770305,8.658336,1235
4199,0.0021600109755358283,4.5312285,11.469631,2031
4200,0.0005264428522354678,1.2303855,4.970394,495
4201,0.0023929220556157624,1.8041079,10.942911,2250
4202,0.0012134773624255934,2.456785,10.705011,1141
4203,0.0029278730751600866,2.2810287,7.727733,2753
4204,0.0029597787025682967,3.3666883,9.827244,2783
4205,0.0012092232787711654,1.6826199,7.809016,1137
4206,0.00016590926252269287,1.426079,10.856686,156
4207,0.002303586298872774,2.4090033,7.0575633,2166
4208,0.0024184465575423308,1.7655245,8.66463,2274
4209,0.004120080019313539,4.872261,13.155229,3874
4210,0.0038765337300975355,3.5758834,12.852801,3645
4211,0.007915786159976942,2.2176807,10.068909,7443
4212,0.00027013431205617945,2.4084902,8.339908,254
4213,0.0008837858792074217,0.97683084,2.8855362,831
4214,0.006072704416696002,1.6921889,7.018394,5710
4215,0.0020472777586934858,1.6129302,8.029954,1925
4216,0.0041115718520046834,2.240894,9.148716,3866
4217,0.0015931543285832945,3.2610042,9.903615,1498
4218,0.005965288804421694,4.0432706,11.410867,5609
4219,0.0043253395556396915,1.6100477,6.223075,4067
4220,0.0013953394386523913,1.259781,7.67965,1312
4221,0.0031490854251903437,2.748146,10.685545,2961
4222,0.002622642572954876,3.0390518,8.15518,2466
4223,0.00013506715602808973,0.8990418,2.4283066,127
4224,0.030534748950570737,1.3307605,7.092043,28711
4225,0.0017739528838964854,1.9960003,7.213973,1668
4226,0.004224305068847026,2.401868,9.178041,3972
4227,0.037025417086314294,1.7740598,8.301935,34814
4228,0.000563666084211713,1.4937725,8.415533,530
4229,3.1905627408210167e-06,0.8858919,1.2295018,3
4230,0.00016484574160908588,1.4814433,7.994346,155
4231,0.0008178475825637874,1.642159,6.4841566,769
4232,0.0014580871725552048,1.8157997,8.157989,1371
4233,0.0004339165327516583,1.5663288,7.5190964,408
4234,0.0017920327394278044,2.5992572,10.378972,1685
4235,0.0010337423280260094,1.5094981,6.3953958,972
4236,0.0023514447399850895,1.3941356,5.610313,2211
4237,0.003405393965369632,3.2828991,9.762314,3202
4238,0.001357052685762539,2.0904028,8.039692,1276
4239,0.002780043668168713,2.6397781,9.348451,2614
4240,0.001897321309874898,3.1009521,10.600427,1784
4241,0.0010688385181750408,1.1326553,3.8058925,1005
4242,0.043448019883587,0.90476364,6.13896,40853
4243,1.0635209136070056e-06,0.84827685,0.84827685,1
4244,0.0020004828384947776,2.1086004,8.581432,1881
4245,0.002455669789518576,2.4766343,8.490366,2309
4246,0.00021376770363500813,2.0377173,7.881538,201
4247,0.009361111081568863,1.6934346,9.162213,8802
4248,0.0058940329032100254,2.395746,9.347416,5542
4249,0.0034266643836417723,3.4068084,9.295187,3222
4250,0.0012528276362290527,2.2669697,7.9549227,1178
4251,0.00023503812190714824,1.5995952,4.8830805,221
4252,6.062069207559932e-05,1.2030971,4.1515603,57
4253,0.0007168130957711218,1.7026312,9.047782,674
4254,0.002326983758972128,3.0336127,8.584195,2188
4255,0.006112054690499461,2.6031814,7.317292,5747
4256,0.002309967424354416,2.4490037,8.447223,2172
4257,0.0024748131659635022,2.618716,9.079547,2327
4258,0.0007008602820670168,1.4503858,6.0991607,659
4259,0.0008710236282441377,1.7124935,6.000837,819
4260,0.003437299592777842,3.1170635,8.98993,3232
4261,0.0002818330421058565,1.3469815,4.001462,265
4262,0.00017548095074515594,1.5533698,5.479945,165
4263,5.104900385313627e-05,0.78809005,1.7720246,48
4264,0.004327466597466906,2.8302946,7.3240232,4069
4265,0.003044860375656857,1.4179157,6.5449905,2863
4266,0.0002658802284017514,1.9417906,9.495966,250
4267,0.002421637120283152,3.181445,8.527601,2277
4268,0.0017792704884645205,1.5256287,8.925475,1673
4269,0.003744657136810267,2.5070634,9.906681,3521
4270,0.004334911243862155,0.95844674,3.070288,4076
4271,0.0010518221835573286,2.0579736,9.098475,989
4272,0.024028128001123077,1.6306345,7.9429564,22593
4273,0.0023291108007993423,2.4154174,8.87242,2190
4274,0.007536109193819242,1.321027,5.9082675,7086
4275,0.00027438839571060743,1.0320911,3.4467916,258
4276,0.0014261815451469945,1.7854164,6.9968104,1341
4277,0.0031235609232637754,1.4965081,9.620207,2937
4278,0.003567049144237897,2.2097423,7.749812,3354
4279,4.041379471706622e-05,0.9372706,1.7969105,38
4280,0.0034532524064819475,1.9914398,9.488864,3247
4281,0.0003562795060583469,1.7642729,9.629024,335
4282,0.0028693794249117013,3.024016,8.1382885,2698
4283,0.003179927531684947,3.0403144,11.173769,2990
4284,0.0018537169524170108,1.1532084,4.23805,1743
4285,0.0002828965630194635,1.1032256,4.3653016,266
4286,0.0023673975536891946,2.6196518,7.6005807,2226
4287,0.00012230490506480565,1.8599141,6.1743007,115
4288,0.002069611697879233,3.413371,13.258355,1946
4289,0.0007370199931296549,2.3788712,10.550289,693
4290,0.0028693794249117013,1.8865923,6.1786222,2698
4291,0.002278061796946206,0.9597814,4.6136913,2142
4292,0.0016271869978187186,2.8570914,8.429311,1530
4293,2.5524501926568134e-05,0.92402506,1.762995,24
4294,0.0029151108241968022,1.3149927,5.063828,2741
4295,0.002084500990669731,1.5620971,8.149096,1960
4296,0.0031267514860045965,1.7104745,7.514406,2940
4297,0.0019026389144429332,2.5440462,8.6854725,1789
4298,0.0024237641621103656,3.5895188,10.83956,2279
4299,0.00017867151348597695,1.3890347,6.907357,168
4300,0.001899448351702112,2.9267402,10.0714035,1786
4301,0.006427920401840742,5.876133,13.298688,6044
4302,0.001536787720162123,2.605777,9.034433,1445
4303,0.001718649796388921,2.0804822,9.07866,1616
4304,0.0010624573926933986,2.8199923,9.085861,999
4305,0.0029012850523199114,1.6820768,6.7605886,2728
4306,0.0006083339625832072,1.7420083,7.8484125,572
4307,0.008775111058171404,30.692589,63.564613,8251
4308,0.0040137279279528395,2.5163178,8.237015,3774
4309,0.003836119935380469,2.4731152,10.397572,3607
4310,4.9985482939529265e-05,1.3170261,3.2688863,47
4311,0.0023248567171449143,2.0240526,10.7206,2186
4312,0.006790581033380731,2.581497,10.366271,6385
4313,0.002105771408941871,2.1354425,7.9406614,1980
4314,0.0031065445886460635,1.9426309,11.642632,2921
4315,0.0015410418038165512,2.3054476,12.253094,1449
4316,0.0014293721078878156,1.6694406,6.353177,1344
4317,0.00014251180242333874,0.84949195,2.4371493,134
4318,7.444646395249039e-06,1.4324471,3.5896194,7
4319,0.005840856857529675,2.1316974,8.695795,5492
4320,0.002264236025069315,2.1928735,15.037316,2129
4321,0.00024141924738879027,1.2139537,7.856182,227
4322,0.0003956297798618061,1.8966584,9.718852,372
4323,9.46533613110235e-05,0.69556326,1.4658527,89
4324,0.0035766208324603597,3.6302092,8.989326,3363
4325,0.0028970309686654834,3.9041767,12.333104,2724
4326,1.91433764449261e-05,1.7442502,3.2615793,18
4327,0.00027864247936503547,2.0292897,10.021011,262
4328,0.003224595410056441,1.3382971,9.70837,3032
4329,0.008005121916719931,2.6521375,8.83111,7527
4330,4.573139928510124e-05,1.3415936,3.919608,43
4331,0.0003020399394643896,2.2045841,9.48622,284
4332,0.0031607841552400207,1.6413473,5.4545603,2972
4333,0.0022057423748209296,1.7280524,7.315717,2074
4334,0.003923328650296244,1.8688778,5.991366,3689
4335,0.0029448894097777985,1.6373107,6.235778,2769
4336,0.00027119783296978645,1.5998846,7.990491,255
4337,0.00076360801596983,1.4293236,6.3207316,718
4338,0.028375801495948517,1.3929678,4.693854,26681
4339,0.0004700762438142965,1.4974471,9.022727,442
4340,0.0025524501926568136,1.7933457,6.6869435,2400
4341,0.0023418730517626263,2.2516015,8.736199,2202
4342,0.011355212794581999,1.2549752,6.70839,10677
4343,0.020616352910271803,1.2311536,4.4782944,19385
4344,0.0007221307003391569,1.5322977,8.626119,679
4345,0.0016293140396459326,3.1303582,11.424963,1532
4346,0.0038924865438016406,1.2796702,5.280742,3660
4347,0.005873826005851492,1.2079915,4.3031235,5523
4348,0.003052305022052106,3.949737,14.000477,2870
4349,0.002302522777959167,3.2548282,10.016953,2165
4350,0.002311030945268023,1.8693779,6.8316565,2173
4351,0.0013964029595659984,1.3825369,4.952116,1313
4352,9.46533613110235e-05,1.6545486,5.18968,89
4353,0.0024227006411967587,3.4101565,10.11957,2278
4354,0.001319829453786294,1.4025694,6.3643427,1241
4355,0.0012549546780562667,2.0785286,9.34277,1180
4356,0.0004519963882829774,1.8405392,8.3891535,425
4357,0.0005179346849266117,1.4160237,7.444184,487
4358,4.254083654428023e-05,1.2712677,3.6484928,40
4359,0.0017207768382161352,2.2912624,7.746848,1618
4360,0.018594599653504885,0.98989856,6.464092,17484
4361,0.0006859709892765186,1.6862388,8.864418,645
4362,0.004452962065272533,2.7122612,9.241557,4187
4363,0.0021153430971643343,4.145654,12.112955,1989
4364,0.01863501344822195,1.95453,7.4444704,17522
4365,0.0027300581852291836,1.3856217,5.063945,2567
4366,0.0006604464873499505,1.280227,7.1332397,621
4367,0.009482352465720063,1.005386,4.8991947,8916
4368,0.00023822868464796926,1.8886882,8.288895,224
4369,0.004586965700387015,3.8739471,11.279359,4313
4370,0.008728316137972696,1.638022,8.602959,8207
4371,0.001147539065781959,2.2678096,8.300433,1079
4372,0.0016622831879677497,1.9218594,8.319285,1563
4373,0.003068257835756211,2.3589733,8.237411,2885
4374,7.65735057797044e-05,1.7716538,10.256731,72
4375,0.006418348713618279,2.524359,9.542066,6035
4376,0.004294497449145089,3.1351683,9.831211,4038
4377,0.008644297985797742,1.8822675,7.3299637,8128
4378,0.00039882034260262713,2.7953165,8.430144,375
4379,0.0014102287314428895,1.5952318,6.8497076,1326
4380,0.00024886389378403934,1.1263548,4.4777656,234
4381,0.003812722475281115,2.641985,10.452216,3585
4382,0.006756548364145307,2.0698879,8.428774,6353
4383,8.933575674298847e-05,0.9187142,2.086638,84
4384,0.0022014882911665016,1.1188393,5.2448597,2070
4385,0.0001340036351144827,1.2495208,4.6997533,126
4386,0.00014570236516415978,0.6985947,1.8236413,137
4387,0.007353183596678837,1.3955927,6.6035,6914
4388,0.0003956297798618061,1.6898344,7.3593826,372
4389,0.000762544495056223,1.8396207,6.4566855,717
4390,0.03445914112178059,2.581252,20.903185,32401
4391,0.0022259492721794626,1.9894478,8.561717,2093
4392,0.0014410708379374926,3.863827,12.330578,1355
4393,0.011042537645981539,1.1162564,4.4082894,10383
4394,0.0017409837355746682,1.4941431,7.668656,1637
4395,0.007829640965974775,1.4741071,4.1682396,7362
4396,0.007029873238942307,2.1166842,8.977356,6610
4397,0.0025439420253479577,2.6930592,8.8765335,2392
4398,0.005322922172603063,1.1254748,4.1679153,5005
4399,0.0006668276128315925,0.84022486,2.6184874,627
4400,0.0018037314694774815,1.3513649,6.739649,1696
4401,0.002018562694026097,1.5218439,6.6538095,1898
4402,5.2112524766743275e-05,0.7158719,1.465824,49
4403,0.014615967915701078,1.9374379,7.983262,13743
4404,0.0011783811722765622,1.8071169,8.438421,1108
4405,0.0006083339625832072,1.6543044,6.5549035,572
4406,0.0011953975068942743,1.336846,6.3359914,1124
4407,0.004640141746067365,1.502828,6.135547,4363
4408,1.0635209136070056e-06,0.7082129,0.7082129,1
4409,0.0002605626238337164,1.4186009,7.44242,245
4410,0.0015633757430022982,1.7106115,6.6090584,1470
4411,0.001113506396546535,2.457207,13.237914,1047
4412,0.004536980217447486,2.0645752,9.3587885,4266
4413,0.001712268670907279,2.6088648,9.513256,1610
4414,0.021773463664276228,1.4516336,5.196977,20473
4415,0.005066613632423775,4.434238,11.541199,4764
4416,0.00042859892818362326,1.5842828,8.0588045,403
4417,0.0006306679017689543,1.8518306,12.887714,593
4418,0.0005349510195443238,1.4218605,5.7557917,503
4419,0.0004924101830000436,1.5429289,5.6360006,463
4420,0.0013900218340843565,3.2492683,10.8510475,1307
4421,0.0002616261447473234,1.4377751,6.7105045,246
4422,0.0037074339048340215,2.132319,9.697967,3486
4423,0.003186308657166589,2.346142,7.446906,2996
4424,0.002610943842905199,3.7597754,11.027195,2455
4425,0.13441628122896224,7.202974,22.272469,126388
4426,0.0008593248981944605,1.7976614,6.1792507,808
4427,0.056546343455570885,1.5794042,5.58524,53169
4428,0.005408003845691623,1.9160134,9.357715,5085
4429,0.00010103448679266554,1.1501611,4.576296,95
4430,7.65735057797044e-05,1.4869659,6.663305,72
4431,0.003602145334386928,2.496505,7.027456,3387
4432,0.04798925418468891,1.1437964,5.365953,45123
4433,0.0018335100550584777,2.2805417,7.6652503,1724
4434,0.0007178766166847288,1.048075,4.460463,675
4435,0.00014570236516415978,0.8810108,2.0875688,137
4436,0.001330464662922364,2.6705973,7.4272833,1251
4437,0.0015421053247301581,2.0187492,7.257251,1450
4438,0.00011698730049677062,1.19681,6.2881713,110
4439,0.000567920167866141,1.3633208,6.4099536,534
4440,0.0007072414075486587,1.21786,4.550596,665
4441,0.0008997386929115267,1.0240138,3.9347272,846
4442,4.679492019870825e-05,2.5914278,11.300645,44
4443,0.0037414665740694458,2.540964,11.11019,3518
4444,7.870054760691842e-05,0.6757698,1.8397403,74
4445,0.007017110987979023,2.6696334,9.478658,6598
4446,0.0008710236282441377,1.2804239,4.5069885,819
4447,0.00020419601541254507,1.1138884,3.9489126,192
4448,0.0011985880696350954,1.4404392,7.132759,1127
4449,0.0029363812424689426,2.0459843,6.664947,2761
4450,0.0033511543987756747,1.9847316,10.508917,3151
4451,4.2540836544280225e-06,0.7427186,1.3382207,4
4452,0.002021753256766918,3.0250618,9.552926,1901
4453,0.006612973040808361,2.605217,10.919402,6218
4454,0.0027428204361924675,2.2418678,7.804443,2579
4455,0.009965190960497642,1.3032991,5.3615856,9370
4456,0.0027640908544646074,4.221618,11.207023,2599
4457,0.009045245370227583,1.2603394,4.508861,8505
4458,3.1905627408210167e-06,0.61223066,0.6957247,3
4459,0.005756838705354721,1.7318587,7.2729197,5413
4460,0.0012432559480065896,1.7676312,10.820985,1169
4461,0.0013921488759115704,2.0765326,6.720911,1309
4462,0.003072511919410639,2.9521906,9.074152,2889
4463,0.0018771144125163649,2.6724496,8.403832,1765
4464,0.0025928639873738796,2.8301048,9.865411,2438
4465,0.00017335390891794192,1.2785021,4.3423395,163
4466,0.001530406594680481,2.3740027,10.487143,1439
4467,0.01611021479931892,1.2372744,4.7547245,15148
4468,0.0027226135388339345,3.233923,11.042357,2560
4469,0.0033426462314668187,1.0634615,4.2085567,3143
4470,0.0003998838635162341,2.0918088,5.9770045,376
4471,0.0014782940699137378,1.4583778,7.9328756,1390
4472,0.0009720581150368031,1.6798692,6.8814154,914
4473,0.002303586298872774,1.5445669,8.4025345,2166
4474,0.0002690707911425724,1.3846178,6.787122,253
4475,0.0012070962369439514,1.6438028,8.597544,1135
4476,0.0035287623913480446,2.3083475,7.567665,3318
4477,0.001332591704749578,2.4593058,7.997852,1253
4478,0.0029650963071363315,3.902932,12.172299,2788
4479,2.9778585580996157e-05,0.88624555,1.672008,28
4480,0.00022972051733911322,1.9086677,9.725045,216
4481,0.00042753540727001626,1.4563286,4.7470613,402
4482,0.0014719129444320958,1.5779136,6.4844055,1384
4483,0.0014251180242333876,2.7961051,9.143104,1340
4484,0.0010071543051858344,1.4860957,5.997468,947
4485,8.827223582938147e-05,0.9766615,2.8490283,83
4486,0.003072511919410639,2.501323,8.178081,2889
4487,0.0005232522894946468,2.3105097,10.052488,492
4488,0.000946533613110235,1.2311484,5.5325265,890
4489,0.009967318002324857,1.3353294,5.689853,9372
4490,0.0010252341607171534,1.5277361,8.239358,964
4491,0.0015655027848295122,1.1095697,2.8828351,1472
4492,0.00244716162220972,2.4045653,8.37644,2301
4493,0.0009252631948380949,1.6832241,7.449725,870
4494,0.02060359065930852,1.5545882,7.1913137,19373
4495,0.0005306969358898958,1.4102272,6.8768177,499
4496,0.002050468321434307,1.8937709,7.27166,1928
4497,0.003195880345389052,1.8035686,8.829852,3005
4498,0.0208131042792891,1.5531036,5.8516192,19570
4499,0.00025099093561125333,1.4466189,6.4454947,236
4500,0.0038584538745662163,6.573776,13.838391,3628
4501,0.014698922546962425,2.935074,10.922826,13821
4502,0.001330464662922364,2.3909254,9.04011,1251
4503,0.002450352184950541,3.6825466,12.489822,2304
4504,0.004670983852561969,1.7276922,7.881163,4392
4505,0.00038499457072573603,1.8572034,9.258317,362
4506,9.252631948380949e-05,0.81208915,2.6680083,87
4507,0.0008412450426631415,1.9881449,9.777524,791
4508,0.04510498546698671,5.443186,20.009544,42411
4509,3.935027380345921e-05,1.3891561,3.6286619,37
4510,1.0635209136070056e-06,0.663041,0.663041,1
4511,0.012242189236530242,2.7322812,12.014078,11511
4512,0.0034351725509506282,2.8304305,9.711391,3230
4513,8.720871491577446e-05,1.8296204,6.2863927,82
4514,0.001134776814818675,1.6448342,7.927691,1067
4515,0.027332487479700046,2.0800526,6.3041954,25700
4516,0.00033926317144063477,2.6748083,7.2512,319
4517,6.381125481642033e-06,1.3079617,2.5702305,6
4518,0.0019558149601232836,1.3303407,7.5799246,1839
4519,6.487477573002735e-05,0.828757,2.3157206,61
4520,0.002234457439488319,1.7121562,8.591937,2101
4521,0.006521510242238159,0.8908568,4.2425275,6132
4522,0.0025099093561125334,1.5613928,5.5502815,2360
4523,0.0004349800536652653,1.413745,4.305224,409
4524,0.0004615680765054404,1.6593909,7.9670534,434
4525,3.084210649460316e-05,1.0834389,2.4006474,29
4526,0.002303586298872774,3.630896,9.499985,2166
4527,0.006892679041087003,6.0682006,17.102407,6481
4528,0.0027151688924386855,1.7437881,5.208306,2553
4529,0.0020015463594083844,2.5283291,7.8841686,1882
4530,0.00041370963539312516,0.92825294,3.9508386,389
4531,0.011312671958037718,1.7571948,7.37595,10637
4532,0.00031161162768685263,1.0617199,3.520667,293
4533,0.001530406594680481,2.5422883,9.508529,1439
4534,0.00016271869978187186,1.2069632,4.5317183,153
4535,2.1270418272140113e-06,1.1424243,1.5610869,2
4536,0.0035255718286072235,2.6227646,11.180822,3315
4537,0.002465241477741039,3.8013692,13.172666,2318
4538,0.0003020399394643896,1.057189,4.3161454,284
4539,0.004532726133793058,3.5719504,12.3146105,4262
4540,0.0023003957361319534,2.5132086,10.165719,2163
4541,0.00027970600027864246,1.5494293,6.1829586,263
4542,6.062069207559932e-05,2.0886712,10.8013735,57
4543,0.009272838845739482,1.8784736,9.136108,8719
4544,0.0019504973555552483,2.8501222,11.230815,1834
4545,0.005665375906784519,1.9246378,8.253049,5327
4546,0.0010348058489396165,1.1985892,4.0533147,973
4547,0.0031001634631644213,1.5013812,5.1949883,2915
4548,0.0014814846326545589,2.0618763,7.4370046,1393
4549,0.0007721161832786861,1.5094926,7.4227824,726
4550,0.0010954265410152157,2.0429432,9.397317,1030
4551,0.0003562795060583469,1.1026046,5.0069795,335
4552,0.0002658802284017514,1.6736145,9.663144,250
4553,0.0011805082141037762,1.8334215,6.719385,1110
4554,0.0015644392639159053,1.1480916,3.9725966,1471
4555,0.0017856516139461624,1.7700915,7.9035563,1679
4556,3.296914832181717e-05,1.1836413,2.298658,31
4557,0.0029629692653091178,1.022417,2.581128,2786
4558,0.0023684610746028015,2.840502,12.0449505,2227
4559,0.003789325015181761,2.3153424,10.047728,3563
4560,0.001690998252635139,1.2349018,5.4627857,1590
4561,0.0006753357801404486,1.3781008,8.42241,635
4562,0.0012400653852657686,1.499499,5.4091387,1166
4563,0.0016644102297949637,1.5755286,7.6564016,1565
4564,0.00964294412367472,2.450983,8.935955,9067
4565,0.0035330164750024726,1.7002623,6.5102887,3322
4566,0.0004190272399611602,1.9021616,11.481734,394
4567,0.0025056552724581054,3.3444893,11.753062,2356
4568,0.0041551762094625706,2.6593912,8.3225155,3907
4569,0.0003190562740821017,1.2042007,9.355335,300
4570,0.00038499457072573603,1.6961712,7.963838,362
4571,0.001684617127153497,1.8507106,7.407092,1584
4572,0.003975441175062987,3.4650302,9.574163,3738
4573,0.0038818513346655704,2.7299826,7.453292,3650
4574,0.0023833503673932996,3.9097478,13.266601,2241
4575,3.403266923542418e-05,0.6461076,1.2454617,32
4576,0.00040520146808426915,1.6648586,8.104132,381
4577,0.00378613445244094,1.9598997,7.8368006,3560
4578,0.0015942178494969014,1.6171649,6.0861506,1499
4579,0.0019898476293587074,2.3504255,7.35868,1871
4580,0.002311030945268023,1.8559096,7.553539,2173
4581,0.0014697859026048818,1.5443465,9.271273,1382
4582,0.011048918771463181,2.4160025,8.933032,10389
4583,0.0017175862754753141,2.9978538,10.189791,1615
4584,0.003226722451883655,3.571269,10.522005,3034
4585,0.00010741561227430756,1.5414267,7.388885,101
4586,0.000571110730606962,1.5227569,5.6550784,537
4587,0.0007816878715011491,2.0716703,7.0349593,735
4588,0.0018792414543435788,2.1205182,7.9501424,1767
4589,0.002219568146697821,3.2711854,9.534945,2087
4590,0.0019441162300736063,2.714969,9.148371,1828
4591,0.0023120944661816304,2.4550245,10.424548,2174
4592,0.003788261494268154,3.5374846,11.421278,3562
4593,0.0020132450894580615,2.449403,7.616323,1893
4594,0.000747655202265725,1.8793668,7.3764734,703
4595,0.0025854193409786306,2.8723032,8.386116,2431
4596,0.003798896703404224,2.722074,8.200955,3572
4597,0.003724450239451734,2.0891037,8.647133,3502
4598,0.0038510092281709672,2.7481256,10.021147,3621
4599,0.002478003728704323,1.095028,3.597615,2330
4600,0.004718842293674284,1.4254625,9.503755,4437
4601,0.002966159828049939,1.2822509,5.9704742,2789
4602,0.0038765337300975355,2.294662,8.92541,3645
4603,0.005300588233417316,1.9125942,6.329149,4984
4604,5.7430129334778304e-05,1.7227584,6.268242,54
4605,0.00020100545267172406,1.5602252,5.960009,189
4606,0.002666246930412763,2.2205186,7.4689937,2507
4607,0.0007987042061188613,1.8794751,10.527113,751
4608,0.007123463079339724,4.438454,14.351293,6698
4609,0.0010443775371620796,1.7156752,8.072313,982
4610,0.002112152534423513,2.2483425,9.778946,1986
4611,0.007586094676758771,2.1109917,7.6324625,7133
4612,0.0022886970060822763,2.5230963,10.626186,2152
4613,0.0011166969592873559,1.5943646,5.3206115,1050
4614,0.00016271869978187186,2.26048,8.907181,153
4615,0.0001340036351144827,2.2806585,8.098756,126
4616,0.009907760831162864,3.112007,11.465998,9316
4617,0.006388570128037283,2.5287035,12.414549,6007
4618,0.0036276698363134964,2.2036679,9.864898,3411
4619,0.002643912991227016,1.9704409,7.5858345,2486
4620,0.00032862796230456476,1.2701793,5.5804343,309
4621,0.0014006570432204264,1.2321461,5.0325127,1317
4622,0.0015484864502118,2.9734924,12.109807,1456
4623,0.0002052595363261521,1.585772,5.527152,193
4624,0.00020313249449893807,1.4959317,8.712093,191
4625,0.014007633953117871,2.510777,9.744035,13171
4626,0.0006997967611534096,1.8153477,7.1396976,658
4627,2.8715064667389152e-05,0.80623657,1.5130931,27
4628,0.0006551288827819154,1.9219216,10.453812,616
4629,0.013833216523286323,1.3171622,5.2368517,13007
4630,0.0010294882443715814,1.9808098,8.561358,968
4631,0.005468624537767223,1.9777846,8.949201,5142
4632,0.00011592377958316362,1.7809377,7.2422795,109
4633,0.0021398040781772953,2.4215076,8.549304,2012
4634,0.0016410127696956096,2.4066951,8.847285,1543
4635,0.002456733310432183,2.9100602,9.470798,2310
4636,0.002637531865745374,4.3161197,11.681132,2480
4637,0.003472395782926873,1.1956656,5.6076617,3265
4638,0.0022004247702528948,1.4882225,5.888961,2069
4639,0.0009699310732095892,1.1730771,5.8812056,912
4640,0.0021972342075120737,2.258006,8.210691,2066
4641,0.0025630854017928834,1.4521132,7.195511,2410
4642,0.006101419481363391,1.9560565,8.211439,5737
4643,0.0012687804499331577,2.3583457,10.355323,1193
4644,0.005176156286525296,1.1236633,4.8500357,4867
4645,0.001316638891045473,1.955536,9.250159,1238
4646,3.296914832181717e-05,1.2008425,2.4510686,31
4647,0.0010496951417301146,1.6518117,7.982546,987
4648,0.002252537295019638,1.5482093,6.6782265,2118
4649,0.09861072263055518,1.3414428,12.248435,92721
4650,0.10524283904780846,1.3122346,8.881357,98957
4651,0.004996421252125713,2.671031,10.947545,4698
4652,0.0018558439942442247,1.7759764,11.225678,1745
4653,0.0018026679485638746,1.6464514,7.13603,1695
4654,0.011957165631683564,1.8265234,4.408262,11243
4655,0.00699690409062049,2.0081842,7.219853,6579
4656,0.0004169001981339462,1.4473388,4.790986,392
4657,6.274773390281333e-05,1.1891568,4.7198358,59
4658,0.004713524689106249,4.4086213,10.233004,4432
4659,0.0010390599325940445,2.254755,5.9168353,977
4660,0.0011964610278078812,1.5870135,6.5911975,1125
4661,0.005320795130775849,1.7994045,10.049053,5003
4662,0.0016633467088813568,1.6785266,6.733772,1564
4663,0.002263172504155708,2.9279513,9.824535,2128
4664,0.00415198564672175,1.7269312,8.90394,3904
4665,0.005680265199575017,2.1826525,9.465791,5341
4666,0.0015655027848295122,1.2365537,5.6474977,1472
4667,0.04422119958777929,1.1067007,4.3680506,41580
4668,0.013163198347713909,3.1644118,11.078415,12377
4669,0.0014623412562096328,2.9776092,8.737496,1375
4670,0.0031235609232637754,1.4827828,6.3641143,2937
4671,0.0013761960622074652,3.4045503,9.217257,1294
4672,0.003794642619749796,2.2577572,8.452063,3568
4673,0.0006647005710043785,1.5564934,6.3400245,625
4674,2.233393918574712e-05,0.9028374,1.7047039,21
4675,0.00017867151348597695,0.6609955,2.0335925,168
4676,1.91433764449261e-05,1.0902821,2.486487,18
4677,0.0008348639171814994,1.1868078,8.340623,785
4678,0.0023663340327755877,3.3104088,11.391613,2225
4679,0.0030640037521017832,3.4194098,10.302039,2881
4680,0.00020632305723975909,1.5189269,5.9390564,194
4681,0.0009848203660000872,1.3178059,4.9233212,926
4682,2.1270418272140113e-06,1.2100561,1.5641501,2
4683,0.002098326762546622,3.5272815,10.2495775,1973
4684,0.00023397460099354125,1.8033854,6.949418,220
4685,0.0008933575674298848,2.021647,8.015951,840
4686,0.0013804501458618934,2.4790676,7.4244604,1298
4687,0.0029884937672356856,3.0171194,9.57563,2810
4688,0.014389437961102786,5.7377186,15.79197,13530
4689,0.0012666534081059438,1.3760264,4.8265724,1191
4690,7.444646395249039e-06,1.1256193,1.8959881,7
4691,0.0008104029361685383,1.6576421,7.4673877,762
4692,0.0009975826169633713,2.2505443,9.987906,938
4693,0.0010007731797041922,1.935154,8.658561,941
4694,0.00038499457072573603,1.8337541,8.174304,362
4695,0.0011964610278078812,1.2581226,5.986529,1125
4696,0.0004753938483823315,1.6361762,5.728186,447
4697,0.002246156169537996,3.0227187,13.9115505,2112
4698,0.0012507005944018387,1.6043856,5.6424646,1176
4699,0.00018292559714040495,2.1323357,10.6385565,172
4700,0.001309194244650224,2.1708415,7.033101,1231
4701,0.0005743012933477831,1.2177086,6.283273,540
4702,9.997096587905853e-05,2.0083966,8.53484,94
4703,0.0011124428756329279,1.7757145,6.40715,1046
4704,0.0027949329609592106,3.184446,10.506507,2628
4705,0.009044181849313975,30.2134,58.85535,8504
4706,0.0025854193409786306,1.7672791,8.031373,2431
4707,0.005284635419713211,2.090192,9.012957,4969
4708,0.003421346779073737,2.414919,16.947073,3217
4709,0.0015633757430022982,1.7099948,7.645992,1470
4710,7.231942212527638e-05,1.7438687,7.0478864,68
4711,0.0024790672496179302,3.2232113,8.684427,2331
4712,0.00010847913318791457,1.0881544,2.5957694,102
4713,0.0013421633929720411,1.840967,7.747397,1262
4714,0.0012889873472916908,1.689539,5.4498706,1212
4715,0.00806255204605471,1.6004941,7.333232,7581
4716,0.00025099093561125333,1.7470068,9.128437,236
4717,0.003037415729261608,1.4744364,6.5255613,2856
4718,0.002104707888028264,1.7144363,14.484316,1979
4719,0.002804504649181674,2.251133,8.638096,2637
4720,6.700181755724135e-05,0.912313,3.2125576,63
4721,0.0025492596299159925,3.0217838,10.9450445,2397
4722,0.0027002795996481873,2.137413,7.235865,2539
4723,0.015044566843884702,1.2344705,4.4835606,14146
4724,0.002338682489021805,1.2673429,7.2349114,2199
4725,0.003418156216332916,1.3905939,6.045091,3214
4726,4.9985482939529265e-05,1.0463861,3.3404357,47
4727,0.0023216661544040933,2.1943843,9.138915,2183
4728,0.0007710526623650791,0.98549974,3.802887,725
4729,0.0010826642900519318,1.9094539,7.762069,1018
4730,0.012276221905765666,1.3153577,7.7212663,11543
4731,0.00016165517886826487,1.330945,5.8689294,152
4732,0.016626022442418318,1.9612968,8.523038,15633
4733,0.0027853612727367478,3.3267863,8.887568,2619
4734,0.0027300581852291836,3.135183,7.370085,2567
4735,0.001133713293905068,2.4664829,8.183195,1066
4736,0.0027417569152788607,2.573493,8.342295,2578
4737,0.0014368167542830647,2.676547,9.337135,1351
4738,0.002254664336846852,2.3626435,6.719844,2120
4739,0.0024067478274926537,1.8155732,13.471437,2263
4740,0.005600501131054492,1.8450327,6.758218,5266
4741,0.00035202542240391887,1.0192066,5.616726,331
4742,0.00410944481017747,1.8098103,7.12796,3864
4743,0.0007710526623650791,1.4525172,5.9500723,725
4744,0.0083645919855191,2.5931413,8.593434,7865
4745,0.00012443194689201967,0.9884848,2.2389824,117
4746,0.0008369909590087134,1.5599099,10.568523,787
4747,0.013619448819651315,1.6057892,8.286501,12806
4748,0.001534660678334909,3.4034297,11.036102,1443
4749,0.0002988493767235686,1.0710216,3.8927872,281
4750,0.00020313249449893807,1.0116158,3.070209,191
4751,0.0021727732264991127,1.3984365,3.830584,2043
4752,0.0005115535594449697,1.7057035,7.582463,481
4753,0.002264236025069315,2.1535158,7.978824,2129
4754,0.0004775208902095455,1.7851609,7.686828,449
4755,0.001327274100181543,2.5991395,8.326552,1248
4756,0.0023408095308490194,1.3099517,7.8683486,2201
4757,0.00013825771876891074,1.8719867,11.50671,130
4758,0.003760609950514372,1.8294342,10.675757,3536
4759,0.019872951791660508,2.3614972,10.240135,18686
4760,0.00024992741469764633,1.9984881,10.046919,235
4761,0.0023046498197863813,1.6234282,6.7640567,2167
4762,0.005807887709207858,2.0355208,8.885353,5461
4763,0.0004169001981339462,1.7527286,9.790072,392
4764,0.007073477596400195,1.0743966,3.5467305,6651
4765,0.0030469874174840713,1.7269588,6.488269,2865
4766,0.0025971180710283076,4.248799,12.217057,2442
4767,0.0031416407787950946,3.032651,12.057557,2954
4768,0.0019473067928144274,1.0217289,3.5652933,1831
4769,0.0006434301527322384,1.2160475,4.6516314,605
4770,0.002057912967829556,1.4079871,7.548214,1935
4771,0.0006051433998423862,2.0125756,7.5600514,569
4772,0.0005296334149762888,2.083837,9.164539,498
4773,0.042237733083902225,2.045419,7.427499,39715
4774,5.317604568035028e-06,0.8075739,1.5614133,5
4775,0.00040413794717066216,1.2021257,6.372348,380
4776,0.009311125598629334,1.7580051,4.234286,8755
4777,0.0015548675756934423,1.3621376,6.1248956,1462
4778,0.002251473774106031,1.7922125,6.1533365,2117
4779,0.002266363066896529,3.1622765,7.932978,2131
4780,0.003731894885846983,3.2452772,9.214974,3509
4781,0.0024195100784559376,2.4099202,6.3935513,2275
4782,0.0007040508448078377,1.3340572,4.247454,662
4783,0.0012358113016113406,2.1101947,7.115862,1162
4784,0.0002520544565248603,1.2653219,3.9070864,237
4785,0.0002073865781533661,1.0465728,3.5020614,195
4786,0.0006413031109050244,1.4366107,5.50309,603
4787,0.0018164937204407656,1.9117597,5.365322,1708
4788,0.010325724550210417,2.334455,9.588849,9709
4789,0.0015442323665573721,2.263741,7.608732,1452
4790,3.296914832181717e-05,0.98974854,2.0211575,31
4791,0.0021929801238576457,2.0415554,7.0356746,2062
4792,0.0016112341841146135,3.5847974,11.335761,1515
4793,6.912885938445537e-05,1.111614,3.6988046,65
4794,0.0016388857278683956,1.6737632,5.1952295,1541
4795,0.0012549546780562667,2.1659234,9.8009405,1180
4796,4.2540836544280225e-06,0.8519837,1.2227137,4
4797,0.005239967541341717,1.4608276,7.5499325,4927
4798,0.00901121270099216,1.4415805,5.799466,8473
4799,0.0018260654086632287,2.291096,6.5210605,1717
4800,0.006257757055663621,1.58691,6.955462,5884
4801,0.002416319515715117,4.0773745,11.907606,2272
4802,0.01431392797623669,1.1163996,4.5664806,13459
4803,0.0010560762672117566,1.3222948,6.474977,993
4804,0.0028236480256266,2.9636834,7.9069295,2655
4805,0.0022174411048706067,3.064112,9.699264,2085
4806,0.0035096190149031185,2.441372,15.139285,3300
4807,3.1905627408210167e-06,1.0457549,1.2174851,3
4808,2.3397460099354124e-05,1.18232,2.3310483,22
4809,0.0011836987768445973,1.4812748,4.6713543,1113
4810,0.00012336842597841265,2.263082,7.7167606,116
4811,0.0011188240011145698,1.6038852,7.466499,1052
4812,0.0011783811722765622,1.7334504,5.423019,1108
4813,0.002504591751544498,2.4091375,10.760593,2355
4814,0.00042115428178837424,1.30137,5.2601237,396
4815,0.012150726437960039,1.4864309,6.3565197,11425
4816,7.019238029806238e-05,0.93780905,2.2376728,66
4817,0.003203324991784301,1.0795254,3.9232106,3012
4818,0.0023397460099354125,3.2723393,11.709012,2200
4819,0.002231266876747498,1.3900583,6.176552,2098
4820,0.0002116406618077941,3.0241456,10.625842,199
4821,0.0027353757897972185,1.6613694,6.9753957,2572
4822,3.935027380345921e-05,1.2779762,3.552634,37
4823,9.252631948380949e-05,1.7535088,7.151016,87
4824,0.0033628531288253517,3.4810736,11.931205,3162
4825,0.0014155463360109245,1.2934657,5.3702636,1331
4826,0.0011911434232398464,1.3622632,8.668704,1120
4827,0.0026928349532529382,1.2714169,3.9943612,2532
4828,0.002234457439488319,2.4000916,8.871095,2101
4829,0.0011124428756329279,1.4215943,7.0065026,1046
4830,0.004443390377050069,2.0237713,10.412879,4178
4831,0.0001722903880043349,1.9615158,7.303333,162
4832,0.0014123557732701035,1.6313078,7.1938763,1328
4833,0.0026960255159937593,3.1087162,10.165682,2535
4834,0.0007710526623650791,1.1978768,4.630531,725
4835,0.004488058255421564,3.1144829,11.056415,4220
4836,0.00023184755916632723,1.0502636,6.125857,218
4837,0.0008593248981944605,2.6460068,10.65208,808
4838,0.0001712268670907279,1.3621296,6.1308465,161
4839,0.0035649221024106827,2.2195854,7.37929,3352
4840,1.0635209136070057e-05,1.2100614,2.0483265,10
4841,0.0034926026802854066,1.6621164,9.481027,3284
4842,0.006209898614551306,2.893933,11.452095,5839
4843,0.011467946011424342,1.655864,6.8490376,10783
4844,0.0007040508448078377,1.5083555,7.500472,662
4845,0.0019792124202226377,1.5881827,6.7984033,1861
4846,0.0027651543753782148,2.3463845,10.813744,2600
4847,0.002108961971682692,2.3515859,7.191093,1983
4848,0.0011985880696350954,1.3560247,5.9917803,1127
4849,0.0016250599559915046,2.4844544,8.552773,1528
4850,7.444646395249039e-06,1.1801587,1.6457057,7
4851,0.001163491879486064,1.832953,7.4576454,1094
4852,0.020790770340103352,2.0871472,8.63707,19549
4853,7.444646395249039e-06,0.77117115,0.9812792,7
4854,0.000581745939743032,2.1234038,8.411837,547
4855,0.003057622626620141,2.9827828,9.344671,2875
4856,0.0005998257952743512,2.268618,8.053867,564
4857,0.00048602905751840157,2.0235455,8.221597,457
4858,1.5952813704105085e-05,0.67756134,1.0857415,15
4859,0.002073865781533661,2.569311,6.847939,1950
4860,0.0019845300247906725,1.9915527,7.003974,1866
4861,0.002309967424354416,3.1868062,9.150052,2172
4862,0.007389343307741475,1.4445046,5.5721865,6948
4863,7.125590121166937e-05,0.8768797,1.9798528,67
4864,0.0013028131191685818,1.7502165,11.720145,1225
4865,0.0017952233021686255,2.2779424,7.8476033,1688
4866,0.0002095136199805801,1.7232579,9.113615,197
4867,0.0028661888621708802,2.457534,11.862894,2695
4868,0.005612199861104169,1.5814863,6.3932667,5277
4869,5.5303087507564294e-05,2.559177,7.1729827,52
4870,0.0001488929279049808,1.1544038,6.3927193,140
4871,0.008228461308577403,3.2971966,10.475641,7737
4872,4.573139928510124e-05,3.5357516,11.547269,43
4873,0.0005466497495940009,1.6683269,10.249242,514
4874,0.0014782940699137378,1.7531728,6.2559776,1390
4875,0.0022068058957345365,2.888105,11.429527,2075
4876,0.002997001934544542,2.0244253,7.896179,2818
4877,0.00040413794717066216,1.2166882,4.4111433,380
4878,0.0010252341607171534,2.165676,10.017995,964
4879,0.0029491434934322265,4.1271515,12.40789,2773
4880,0.00015846461612744383,1.8278549,9.267149,149
4881,0.0023844138883069065,1.6075674,9.886652,2242
4882,0.003808468391626687,3.1548095,10.431799,3581
4883,0.0001318765932872687,2.0705812,10.100158,124
4884,0.00025737206109289535,2.0730567,10.094154,242
4885,0.00017867151348597695,1.2938985,6.0964985,168
4886,1.0635209136070056e-06,0.50752044,0.50752044,1
4887,0.0011741270886221342,1.3218875,5.14036,1104
4888,0.00300125601819897,1.1933872,4.716278,2822
4889,0.0027194229760931134,2.7170055,9.808738,2557
4890,0.0029129837823695885,3.255711,9.560752,2739
4891,0.001887749621652435,2.8001122,9.796934,1775
4892,9.039927765659548e-05,2.5329492,10.272784,85
4893,0.000953978259505484,1.0059537,5.093236,897
4894,0.001884559058911614,1.5960394,7.6757426,1772
4895,0.001525088990112446,1.6063185,9.581253,1434
4896,0.0027364393107108254,3.5792437,10.122008,2573
4897,0.0002892776885011055,1.5718482,7.0199265,272
4898,0.0017569365492787732,1.6970325,5.370123,1652
4899,0.006656577398266248,2.054965,8.192709,6259
4900,0.0019824029829634583,3.644801,9.775772,1864
4901,0.04071689817744421,1.4343938,5.042386,38285
4902,0.0001680363043499069,1.4995923,7.889476,158
4903,0.0032522469538102234,1.9559456,7.319324,3058
4904,0.0008731506700713516,1.4211043,6.2511744,821
4905,0.0023046498197863813,1.8309004,9.8314085,2167
4906,0.002110025492596299,1.1822141,4.6226897,1984
4907,0.00031054810677324564,1.6772144,5.4433537,292
4908,0.002307840382527202,3.0835204,9.159022,2170
4909,0.0003137386695140667,1.7812586,6.206228,295
4910,0.00029140473032831957,1.4235705,6.422222,274
4911,2.5524501926568134e-05,1.0122895,2.9633827,24
4912,0.001686744168980711,2.1209772,8.88176,1586
4913,0.00029565881398274755,1.662566,8.189667,278
4914,0.0009741851568640171,1.121282,4.2510533,916
4915,0.004641205266980973,1.5510118,6.8541303,4364
4916,0.005644105488512379,1.3369045,8.998982,5307
4917,0.001159237795831636,1.5487604,5.737823,1090
4918,5.9557171161992314e-05,1.6222521,6.7658854,56
4919,0.005517546499793145,2.2485158,7.654733,5188
4920,3.403266923542418e-05,0.98298687,2.3209405,32
4921,0.000755099848660974,2.0476131,8.45565,710
4922,0.0009752486777776241,1.8699377,10.077934,917
4923,0.0006519383200410944,1.2597506,6.190635,613
4924,0.0001510199697321948,1.037174,4.211421,142
4925,0.007464853292607572,1.6823698,7.3731103,7019
4926,0.0025588313181384554,1.9923209,7.168951,2406
4927,0.0013730054994666443,3.3365529,8.889091,1291
4928,0.0010858548527927527,1.5300738,5.890139,1021
4929,0.008798508518270758,1.4617915,5.2188535,8273
4930,0.002467368519568253,3.2690964,8.32215,2320
4931,0.0016122977050282204,1.2268085,5.6657796,1516
4932,6.912885938445537e-05,0.98257256,3.0159378,65
4933,0.0011071252710648928,2.3660755,8.650583,1041
4934,0.0005179346849266117,1.3319337,7.9715686,487
4935,5.2112524766743275e-05,0.91234213,2.1066077,49
4936,0.0040052197606439835,1.682861,7.1768727,3766
4937,0.00023397460099354125,1.3780599,4.694706,220
4938,0.00023716516373436226,1.4303654,4.6135426,223
4939,0.0007997677270324682,1.5205673,6.5469623,752
4940,0.0007253212630799778,1.2546828,7.672287,682
4941,0.000760417453229009,1.8003638,7.856922,715
4942,0.00010635209136070057,1.3194553,4.2264123,100
4943,0.002043023675039058,1.7660832,9.001546,1921
4944,0.000747655202265725,2.10544,8.071961,703
4945,0.003543651684138543,2.2440417,8.701614,3332
4946,0.008658123757674633,2.5318553,9.098327,8141
4947,0.0015569946175206563,1.4531157,7.0440745,1464
4948,0.002657738763103907,1.7589078,8.944887,2499
4949,0.000744464639524904,1.4934915,9.195159,700
4950,0.004158366772203392,1.7609339,9.600227,3910
4951,0.001686744168980711,2.2837791,9.316061,1586
4952,0.01441283542120214,2.42389,10.848423,13552
4953,0.004871989305233693,2.2544956,8.750785,4581
4954,8.614519400216745e-05,1.4096229,4.403042,81
4955,1.1698730049677062e-05,0.9337815,1.603294,11
4956,0.002112152534423513,2.8566957,9.568574,1986
4957,0.00023503812190714824,1.5059698,6.845986,221
4958,0.0013081307237366169,1.675351,9.203058,1230
4959,0.001157110754004422,2.1018467,8.425118,1088
4960,0.008295463126134644,1.5115396,10.160721,7800
4961,0.00037010527793523794,1.446347,14.405487,348
4962,3.935027380345921e-05,1.1275128,2.0853024,37
4963,0.0005934446697927092,1.4651228,7.162266,558
4964,0.00011592377958316362,1.065916,5.0695205,109
4965,0.0010635209136070057,1.5540704,8.367907,1000
4966,0.025865892139835985,1.3740605,5.464596,24321
4967,0.0021865989983760035,2.104512,6.8835187,2056
4968,0.000190370243535654,1.2278355,7.33708,179
4969,0.02166923861474274,1.1361375,4.7344575,20375
4970,0.003990330467853485,2.1061668,8.8874655,3752
4971,0.001884559058911614,1.6579959,8.593951,1772
4972,0.010796864314938322,1.4712464,6.078405,10152
4973,0.0023833503673932996,1.1461958,4.925071,2241
4974,0.001145412023954745,3.0358377,12.004088,1077
4975,0.0001680363043499069,1.3301921,6.7607718,158
4976,0.0021982977284256805,1.3039777,5.147429,2067
4977,0.005766410393577184,2.2778468,7.0989547,5422
4978,0.0006625735291771645,1.4410386,4.6222005,623
4979,0.0034532524064819475,1.7706298,7.5918217,3247
4980,0.0019473067928144274,3.165846,10.575395,1831
4981,1.1698730049677062e-05,0.6687822,1.0626817,11
4982,0.002238711523142747,1.3132379,5.6378856,2105
4983,8.508167308856045e-06,0.85885155,1.3570373,8
4984,0.00021802178728943616,1.1455084,4.795458,205
4985,4.147731563067322e-05,1.1517206,4.23245,39
4986,0.0023790962837388716,1.6703529,6.49468,2237
4987,0.0027630273335510006,3.0805762,9.255624,2598
4988,0.0015686933475703333,1.6444476,7.8387747,1475
4989,0.0010656479554342197,1.7531064,7.6756363,1002
4990,0.0049985482939529265,1.0431842,3.2487772,4700
4991,0.0014091652105292824,3.0559433,9.845587,1325
4992,0.0039318368176051,3.7131174,9.370298,3697
4993,0.0006338584645097753,1.1644694,7.106464,596
4994,0.0001308130723736617,1.3259463,3.8408232,123
4995,0.01842656334915498,1.3570002,4.8958826,17326
4996,0.0020408966332118436,4.2564645,12.490813,1919
4997,0.0039935210305943065,3.5087929,11.518406,3755
4998,0.08214635536700511,9.311026,49.137157,77240
4999,0.017703369127902217,1.4917449,6.3810415,16646
5000,0.002124914785386797,2.2563403,10.160511,1998
5001,2.6588022840175142e-05,2.2080853,4.6527596,25
5002,0.0010284247234579745,1.3012135,4.5539594,967
5003,0.0025418149835207435,2.0857992,8.418906,2390
5004,0.0029066026568879463,1.2476822,5.8861914,2733
5005,0.0041987805669204585,1.5696226,5.734107,3948
5006,0.00044348822097412135,2.3398001,9.908374,417
5007,0.0011826352559309902,1.2473439,4.2112226,1112
5008,0.0010911724573607878,1.5858691,6.916018,1026
5009,0.002026007340421346,2.2484074,7.1406507,1905
5010,0.0020015463594083844,2.6705139,7.549481,1882
5011,0.0015963448913241154,2.4327483,8.553179,1501
5012,0.0014112922523564966,2.1421788,8.284147,1327
5013,0.0019324175000239292,1.5313903,6.0218377,1817
5014,0.0021600109755358283,2.167913,8.4864645,2031
5015,0.0008104029361685383,1.6491942,5.9990554,762
5016,0.0008135934989093593,1.2939321,5.079062,765
5017,0.003790388536095368,3.563357,10.4968195,3564
5018,0.0019047659562701472,2.2514894,7.9360247,1791
5019,0.00042647188635640927,1.692765,7.251589,401
5020,0.0022333939185747117,2.2287621,7.268701,2100
5021,0.00029459529306914055,0.86203456,3.4596868,277
5022,0.0015623122220886913,3.3734002,8.326848,1469
5023,0.001714395712734493,2.4899237,7.739549,1612
5024,0.001352798602108111,1.8350621,5.961005,1272
5025,0.0002977858558099616,1.2510104,3.547866,280
5026,0.0003445807760086698,1.6164556,8.962117,324
5027,0.007264911360849455,1.3390727,5.9399395,6831
5028,0.0012028421532895234,1.3959242,6.4898815,1131
5029,8.295463126134644e-05,1.1852719,2.7777107,78
5030,0.001154983712177208,2.4616914,10.928657,1086
5031,0.015146664851590974,1.0765146,4.225042,14242
5032,0.003066130793928997,2.4206882,8.039364,2883
5033,0.0038180400798491503,1.9598461,7.891199,3590
5034,0.0031224974023501685,1.6114624,7.5726457,2936
5035,0.0004562504719374054,2.128104,11.845295,429
5036,0.007160686311315969,2.0876455,9.387651,6733
5037,0.0006476842363866665,1.0278476,4.286669,609
5038,0.00410944481017747,2.6312773,8.658513,3864
5039,0.0009656769895551611,2.0943558,10.623012,908
5040,0.0005923811488791021,1.7704933,8.747174,557
5041,0.0019313539791103221,1.194254,6.118337,1816
5042,0.0027874883145639615,2.1261146,7.8082056,2621
5043,6.381125481642034e-05,1.0922366,3.9963758,60
5044,0.0032565010374646514,2.647378,8.883301,3062
5045,0.0005976987534471372,1.283355,4.4606495,562
5046,0.0033947587562335618,2.3010077,6.752522,3192
5047,0.0018696697661211158,2.3686943,11.072088,1758
5048,0.05174029244698082,1.5412422,7.2195044,48650
5049,0.0023556988236395175,2.8730543,8.9899235,2215
5050,0.004021172574348088,2.6293042,8.770863,3781
5051,7.444646395249039e-06,0.88873214,1.5220945,7
5052,3.190562740821017e-05,1.1089846,3.3506548,30
5053,0.0012911143891189047,2.4549847,8.491432,1214
5054,0.00022546643368468518,1.1041958,3.3380518,212
5055,0.0020440871959526647,3.253128,9.995028,1922
5056,0.003928646254864279,2.1419497,6.480424,3694
5057,0.0003403266923542418,1.0122597,3.3626106,320
5058,6.381125481642033e-06,2.3201118,3.636856,6
5059,0.001139030898473103,3.0991528,7.8210673,1071
5060,0.008319924107147604,1.2448456,5.5500526,7823
5061,0.004144541000326501,1.8556162,9.165809,3897
5062,4.2540836544280225e-06,1.0003555,1.1948918,4
5063,0.0029757315162724017,4.360862,9.97399,2798
5064,0.007532918631078421,1.1274712,3.7329319,7083
5065,0.00010422504953348655,0.7557003,1.4854614,98
5066,0.00034564429692227684,1.8313768,6.7552176,325
5067,0.0006200326926328843,1.8202838,7.275196,583
5068,0.003428791425468986,3.0387433,8.398563,3224
5069,0.0002637531865745374,1.8063449,13.027687,248
5070,0.009675913271996538,1.5768074,7.2742877,9098
5071,0.00467417441530279,1.5280648,5.978937,4395
5072,0.00048815609934561556,1.2991601,6.8643026,459
5073,0.0031512124670175575,1.9772483,6.8686085,2963
5074,0.0026683739722399773,2.9506328,9.724381,2509
5075,0.003380932984356671,3.6085973,14.813912,3179
5076,0.01599960862430379,1.3408482,3.568548,15044
5077,0.011082951440698605,1.5608848,7.1858044,10421
5078,0.000953978259505484,1.7464104,6.275904,897
5079,0.004000965676989555,2.0655773,6.7358847,3762
5080,0.004547615426583556,1.349838,6.7308545,4276
5081,0.00015740109521383683,1.8963456,10.370679,148
5082,0.0008582613772808535,1.477638,7.2591596,807
5083,5.4239566593957285e-05,1.4987258,4.7671747,51
5084,0.0016261234769051117,1.4454556,7.839787,1529
5085,0.003757419387773551,2.605459,9.456767,3533
5086,0.0019164646863198242,2.4062662,10.715923,1802
5087,0.01097128174476987,2.0904028,7.9163594,10316
5088,0.00056472960512532,0.88282263,2.9110262,531
5089,0.00377549924330487,3.5361822,11.9703045,3550
5090,8.082758943413243e-05,2.2555063,11.1634,76
5091,0.0023918585347021556,3.5169845,12.639729,2249
5092,0.0003956297798618061,2.024166,7.5243435,372
5093,0.002219568146697821,3.2234795,10.903842,2087
5094,0.003945662589481991,1.8639193,6.154415,3710
5095,0.0007061778866350517,1.5882765,5.823113,664
5096,0.0052729366896635335,1.8616259,8.426696,4958
5097,0.0012113503205983794,2.1203704,9.527789,1139
5098,0.0006976697193261957,1.5116348,7.9446073,656
5099,0.0020121815685444546,3.7623904,12.254987,1892
5100,0.0016165517886826486,1.502172,7.777469,1520
5101,0.0008901670046890637,1.6147879,6.1939664,837
5102,4.2540836544280225e-06,1.0451801,1.2916701,4
5103,0.00039882034260262713,1.4538844,8.595059,375
5104,0.01389809129901635,1.3198849,5.978592,13068
5105,4.679492019870825e-05,0.7886638,1.807431,44
5106,0.001508072655494734,1.8623725,6.6670246,1418
5107,0.0015835826403608315,2.6334195,8.330619,1489
5108,0.00149531040453145,3.4540348,13.569435,1406
5109,0.0019207187699742522,4.473199,11.961389,1806
5110,0.06496942909133836,2.1898508,8.839474,61089
5111,0.0021153430971643343,2.6845427,10.139945,1989
5112,0.001710141629080065,1.3763316,5.558288,1608
5113,0.0038403740190348975,2.727449,9.71403,3611
5114,0.0015963448913241154,1.7610528,7.317929,1501
5115,0.0007667985787106511,1.5870967,7.6302257,721
5116,0.0020408966332118436,1.3742261,8.19825,1919
5117,0.0012794156590692277,1.4821975,7.6322145,1203
5118,0.00042859892818362326,1.5079999,6.4724593,403
5119,0.0006593829664363435,1.5157299,6.1058335,620
5120,0.0006657640919179855,0.98031485,6.781646,626
5121,0.0031171797977821336,1.7020185,5.98929,2931
5122,0.003032098124693573,5.9724507,13.578635,2851
5123,0.003400076360801597,1.2949461,4.8374977,3197
5124,0.0023089039034408093,2.1290133,8.045404,2171
5125,0.002698152557820973,1.9206277,9.057842,2537
5126,0.001919655249060645,1.9958743,9.705897,1805
5127,0.00014357532333694577,1.8277774,8.36959,135
5128,0.002061103530570377,2.5004869,6.641094,1938
5129,0.00031054810677324564,1.4940231,8.438995,292
5130,0.019745329282027668,1.4601061,4.2971416,18566
5131,0.0008274192707862503,1.1305096,4.366192,778
5132,0.0025354338580391013,2.9525528,11.2972975,2384
5133,0.0021153430971643343,3.1069994,11.94944,1989
5134,0.0006189691717192773,2.0234764,8.820459,582
5135,0.0031405772578814877,1.9956591,12.300859,2953
5136,0.0006381125481642034,1.8068701,7.5077744,600
5137,0.008547517582659505,1.7697567,5.068918,8037
5138,0.00030948458585963864,1.6463436,8.41367,291
5139,0.013238708332580005,1.8391232,7.497415,12448
5140,0.0017707623211556643,2.3218694,6.9075713,1665
5141,0.00045731399285101244,1.4664136,6.98868,430
5142,0.0019090200399245751,2.7667246,9.969274,1795
5143,0.004263655342650485,1.1793424,6.492558,4009
5144,2.1270418272140113e-06,1.8836114,2.3867486,2
5145,0.00019143376444926102,1.6246338,11.27397,180
5146,0.0025184175234213894,2.5738778,9.619959,2368
5147,0.00042115428178837424,1.4582213,6.766092,396
5148,0.004424247000605144,1.5224082,5.778317,4160
5149,0.012019913365586377,1.8548838,8.419136,11302
5150,0.0023567623445531244,3.698638,12.017071,2216
5151,0.005457989328631153,1.8648679,7.943089,5132
5152,0.005822777001998356,1.6592377,6.3857636,5475
5153,0.0025886099037194517,4.3631225,10.642616,2434
5154,0.001512326739149162,2.2111359,7.0480494,1422
5155,0.01210393151776133,1.3459289,5.36933,11381
5156,0.0036702106728577766,3.2813203,14.605032,3451
5157,0.0004020109053434481,1.5833775,8.38899,378
5158,0.0015878367240152594,1.0767949,3.595007,1493
5159,0.0007678620996242581,1.5441447,6.570109,722
5160,0.00035415246423113286,1.2278341,4.352463,333
5161,0.0020004828384947776,2.562384,8.200551,1881
5162,8.401815217495345e-05,1.6313013,6.631751,79
5163,0.0019462432719008203,1.7926892,8.668892,1830
5164,0.0023929220556157624,1.3573947,7.4446096,2250
5165,0.0012219855297344495,1.2955856,5.885624,1149
5166,3.084210649460316e-05,1.2176121,3.0434015,29
5167,0.0027779166263414987,1.3633096,7.5350695,2612
5168,0.004881560993456156,1.13085,7.1515646,4590
5169,0.009658896937378826,1.8800706,7.8756385,9082
5170,0.0038765337300975355,2.5197499,8.9551325,3645
5171,0.0009731216359504101,1.9016001,6.4141703,915
5172,0.000743401118611297,1.277697,5.7423973,699
5173,9.57168822246305e-06,1.1409398,2.1284676,9
5174,0.0014059746477884615,2.080635,7.9189076,1322
5175,0.0032969148321817174,1.887504,9.340157,3100
5176,0.006754421322318092,1.5108821,8.300837,6351
5177,0.00034883485966309783,2.4726064,10.087642,328
5178,0.002234457439488319,2.686261,8.097262,2101
5179,0.0031373866951406666,0.9726372,3.865308,2950
5180,0.0004679492019870825,1.6183808,10.592501,440
5181,0.0007391470349568689,2.3202693,8.170081,695
5182,0.0003977568216890201,2.2107532,9.36066,374
5183,0.001513390260062769,1.8977258,9.427326,1423
5184,5.104900385313627e-05,0.73714024,1.5081444,48
5185,0.0018473358269353688,2.2016578,8.876187,1737
5186,0.0013932123968251773,3.081444,8.675449,1310
5187,0.0012475100316610176,1.2910749,7.1982565,1173
5188,0.004456152628013354,1.2784164,4.5642896,4190
5189,0.013739626682888906,2.5618465,9.269605,12919
5190,0.08200065300184095,8.035897,40.67845,77103
5191,0.0029374447633825494,2.6095622,9.932758,2762
5192,0.0008912305256026707,1.7034924,7.7785025,838
5193,0.002052595363261521,1.0266821,4.014989,1930
5194,0.003191626261734624,1.6141195,6.9881897,3001
5195,0.001135840335732282,1.7967321,6.370912,1068
5196,0.005456925807717546,2.9601307,13.2398405,5131
5197,3.190562740821017e-05,1.3331733,2.6648774,30
5198,0.001897321309874898,1.9849322,8.392236,1784
5199,3.615971106263819e-05,1.5399864,3.9064596,34
5200,0.006216279740032948,1.441661,5.724197,5845
5201,0.0046433323088081865,2.8128698,7.597767,4366
5202,0.002504591751544498,2.43436,9.885064,2355
5203,0.002432272329419222,3.177477,9.694153,2287
5204,0.0014272450660606016,1.4792985,4.761912,1342
5205,0.0005158076430993977,2.081663,10.901123,485
5206,0.0005115535594449697,1.7739363,8.243313,481
5207,0.0001116696959287356,0.84192085,1.8621374,105
5208,0.007764766190244748,2.4484785,10.257248,7301
5209,0.003960551882272489,1.4314888,5.603841,3724
5210,2.233393918574712e-05,0.928794,2.2701461,21
5211,0.045528266790602304,1.7348667,13.488138,42809
5212,0.0024035572647518326,1.7954754,7.465179,2260
5213,0.0009252631948380949,1.892105,7.1989026,870
5214,0.001333655225663185,1.73548,5.3268175,1254
5215,0.0001712268670907279,1.1918763,5.1559715,161
5216,1.4889292790498078e-05,0.8505493,1.3114129,14
5217,0.001331528183835971,1.7785426,8.467171,1252
5218,0.004647586392462615,4.1307793,13.324253,4370
5219,0.0012113503205983794,1.3733766,5.9332924,1139
5220,0.00013719419785530372,1.2114471,4.33988,129
5221,0.0003179927531684947,1.4729915,8.73971,299
5222,0.0024982106260628563,1.611197,8.796014,2349
5223,0.0008571978563672465,1.4910588,5.5522294,806
5224,0.0024024937438382257,3.2732277,9.895234,2259
5225,0.0006742722592268416,1.8081452,6.742565,634
5226,4.041379471706622e-05,1.2047586,2.648241,38
5227,0.007381898661346226,1.5188922,7.889149,6941
5228,0.002826838588367421,1.7708765,6.479811,2658
5229,0.00418389127412996,2.6898408,9.004652,3934
5230,0.005820649960171142,3.3218327,10.49392,5473
5231,0.0001669727834362999,2.0173044,8.028139,157
5232,0.003952043714963633,1.761482,6.963372,3716
5233,0.014941405315264823,2.0102513,11.275627,14049
5234,0.0006189691717192773,1.1426144,4.4715433,582
5235,0.0014548966098143837,2.303867,10.608323,1368
5236,0.0025843558200650237,3.8249433,10.620225,2430
5237,0.0015357241992485162,1.5422331,6.9467854,1444
5238,0.004056268764497119,1.408654,6.846014,3814
5239,0.0024110019111470817,1.5867907,8.835036,2267
5240,0.0033245663759354995,1.408234,5.204632,3126
5241,0.003199070908129873,2.5914543,10.413703,3008
5242,0.00027970600027864246,1.7114002,8.0611725,263
5243,0.005457989328631153,1.8588849,6.6038556,5132
5244,0.00934090418421033,43.031956,77.189445,8783
5245,0.0010167259934082975,1.4848282,12.268373,956
5246,0.0021376770363500815,2.859509,11.831384,2010
5247,0.0027577097289829657,1.9587666,10.891262,2593
5248,0.018921100573982236,3.1060157,9.334257,17791
5249,0.0014272450660606016,1.7829872,7.672502,1342
5250,0.0018409547014537268,3.556628,11.702614,1731
5251,3.935027380345921e-05,1.2765526,2.7372842,37
5252,0.008942083841607704,1.482745,7.80212,8408
5253,6.381125481642033e-06,0.8009089,1.4079126,6
5254,8.295463126134644e-05,0.81226844,1.7867465,78
5255,0.0010975535828424297,1.6868112,8.904455,1032
5256,0.002037706070471023,3.7858315,10.795517,1916
5257,0.00278110718908232,2.8991659,10.427098,2615
5258,0.0001340036351144827,1.9729642,5.9218693,126
5259,0.0014708494235184887,1.6342051,5.6030917,1383
5260,0.00022014882911665015,1.4521016,13.439727,207
5261,0.0017696988002420574,1.6824512,7.8314095,1664
5262,0.002465241477741039,3.0970426,13.16391,2318
5263,0.0010688385181750408,1.9947784,9.209849,1005
5264,0.0016505844579180727,2.0037906,6.107066,1552
5265,0.049615377661594025,0.86603457,4.8433666,46652
5266,0.0070288097180287,1.360952,5.1776695,6609
5267,0.0019824029829634583,1.2360394,5.109717,1864
5268,0.001329401142008757,3.0905366,11.612107,1250
5269,0.003008700664594219,3.1139035,9.239226,2829
5270,0.0018090490740455165,1.2958599,6.5339603,1701
5271,0.06624352714583956,2.6233075,10.528162,62287
5272,0.0008476261681447834,2.1329398,9.800602,797
5273,0.00011805082141037762,1.3737022,5.9406457,111
5274,0.0006296043808553473,1.5536627,8.543251,592
5275,0.002062167051483984,2.286427,12.359564,1939
5276,0.0030778295239786745,1.5131918,6.9862823,2894
5277,0.0029129837823695885,1.591621,7.2900896,2739
5278,0.0018111761158727305,2.510548,6.683413,1703
5279,0.0005594120005572849,1.8250717,7.5132422,526
5280,0.00190370243535654,1.6126459,5.201427,1790
5281,0.002088755074324159,1.4491247,5.3310914,1964
5282,0.0005498403123348219,1.5416791,7.703899,517
5283,1.2762250963284067e-05,1.2646041,2.2872608,12
5284,0.00018398911805401198,1.8981857,9.983828,173
5285,0.0014357532333694576,1.4846758,7.1969213,1350
5286,8.401815217495345e-05,0.8651024,2.116869,79
5287,0.0023493176981578753,1.9930974,8.221814,2209
5288,2.020689735853311e-05,0.97072583,2.7972162,19
5289,0.0016463303742636447,1.5012099,6.6777506,1548
5290,0.001341099872058434,2.5734751,9.174863,1261
5291,0.020548287571800956,1.0321258,2.7376807,19321
5292,0.00020313249449893807,1.32807,6.5810184,191
5293,0.004975150833853572,1.8084387,6.719519,4678
5294,0.000381804007984915,1.2954174,4.676201,359
5295,0.010580969569476099,2.2761059,9.074846,9949
5296,0.0014697859026048818,2.8912945,9.973217,1382
5297,6.700181755724135e-05,0.793862,2.3182712,63
5298,0.005023009274965888,1.4800189,5.347999,4723
5299,0.004890069160765012,1.758967,6.969564,4598
5300,0.00019994193175811706,1.4918735,8.357574,188
5301,0.0014559601307279908,1.8367476,6.570479,1369
5302,0.022804015429561415,1.273643,5.827622,21442
5303,0.0014006570432204264,1.4214519,5.7083035,1317
5304,0.00953978259505484,1.2544626,5.378781,8970
5305,0.0021078984507690852,1.2808107,5.4631248,1982
5306,0.004690127229006895,1.6984031,7.608465,4410
5307,0.0004562504719374054,1.5575017,7.139952,429
5308,9.57168822246305e-06,0.56289375,0.70003444,9
5309,0.006279027473935761,1.7431812,7.807537,5904
5310,0.0020036734012355987,1.5404321,6.105722,1884
5311,0.003245865828328581,2.980153,9.458589,3052
5312,0.0005445227077667869,1.5968941,8.896878,512
5313,0.004824130864121377,1.6519393,7.3940954,4536
5314,0.0019111470817517891,2.0834074,8.549568,1797
5315,0.0019185917281470382,2.9213297,8.108237,1804
5316,0.0023876044510477276,1.3994819,6.690397,2245
5317,0.002246156169537996,1.0568974,2.95117,2112
5318,0.00018824320170843998,0.89240634,2.3753605,177
5319,0.0012836697427236559,1.882703,7.709425,1207
5320,4.679492019870825e-05,0.8230179,1.8916254,44
5321,3.615971106263819e-05,0.9777429,2.915918,34
5322,0.00042859892818362326,1.5789738,7.7291985,403
5323,0.00025843558200650235,1.6014875,5.659869,243
5324,0.00024992741469764633,1.681699,6.1061916,235
5325,0.002289760526995883,1.8871431,6.4530897,2153
5326,1.4889292790498078e-05,0.99663365,1.774456,14
5327,0.0019930381920995285,2.6649864,12.785459,1874
5328,0.0009199455902700599,1.4240711,5.0797005,865
5329,3.190562740821017e-05,0.8228301,2.2795115,30
5330,0.0025811652573242026,4.0402045,11.551948,2427
5331,0.0006891615520173396,1.7675178,7.1258655,648
5332,0.0008380544799223204,1.6383163,6.174206,788
5333,0.00046688568107347545,1.1877681,4.193762,439
5334,0.0016027260168057574,2.2383344,9.045252,1507
5335,0.0077977353385665655,1.098106,3.7995172,7332
5336,0.00031054810677324564,2.0695078,11.4742,292
5337,0.000378613445244094,2.3891327,8.823328,356
5338,0.00016271869978187186,1.4731674,5.8143373,153
5339,0.0016410127696956096,1.9706469,12.396498,1543
5340,0.023293235049820636,1.8257812,7.3806067,21902
5341,0.002385477409220514,2.2898219,9.019958,2243
5342,0.0023482541772442684,1.621003,10.3093405,2208
5343,0.004003092718816769,3.002146,9.908803,3764
5344,0.00013506715602808973,0.9026611,2.8208427,127
5345,0.005436718910359013,1.7393233,6.4205527,5112
5346,0.0006381125481642034,1.6480888,7.9494305,600
5347,3.935027380345921e-05,1.2822018,3.8977757,37
5348,0.0011464755448683521,1.2089711,4.3485703,1078
5349,0.00497621435476718,2.7373197,8.7108345,4679
5350,0.00031586571134128066,2.0989504,11.340882,297
5351,0.0025386244207799224,1.4295781,5.876869,2387
5352,0.00018398911805401198,1.3848753,4.4908824,173
5353,0.0009167550275292389,1.2971306,5.6710753,862
5354,0.0007306388676480128,1.7426399,12.601477,687
5355,0.0020132450894580615,4.5489073,12.745847,1893
5356,0.0018696697661211158,2.429037,7.8095226,1758
5357,5.6366608421171295e-05,0.72551143,1.3272052,53
5358,0.0015835826403608315,2.1866674,13.145282,1489
5359,0.001136903856645889,1.6543082,7.527995,1069
5360,0.00012549546780562666,1.5764143,8.644844,118
5361,0.0018218113250088007,1.718357,7.263444,1713
5362,4.254083654428023e-05,1.3844823,3.6405473,40
5363,2.1270418272140114e-05,0.88154095,1.742024,20
5364,0.000942279529455807,1.589266,8.644696,886
5365,0.0031448313415359157,2.4455884,11.136178,2957
5366,6.912885938445537e-05,0.93566227,2.3219051,65
5367,0.008457118305002908,2.0246832,10.14749,7952
5368,0.00014144828150973175,1.0749229,2.7968316,133
5369,0.0013942759177387844,1.578955,7.754149,1311
5370,0.006380061960728427,3.035005,10.813725,5999
5371,0.0002658802284017514,1.6946712,12.342896,250
5372,0.003790388536095368,1.8358428,9.164474,3564
5373,0.000189306722622047,2.0748293,10.921335,178
5374,0.0015825191194472244,3.5691483,11.33347,1488
5375,0.0023918585347021556,2.9196603,8.635365,2249
5376,0.03111011376483213,1.3237591,6.3309984,29252
5377,0.011851877061236471,2.393944,6.809914,11144
5378,0.0012081597578575585,1.4575106,6.2765346,1136
5379,0.008564533917277217,1.318014,4.2619534,8053
5380,3.403266923542418e-05,1.9258077,6.314249,32
5381,0.0006721452173996276,1.656137,7.2403283,632
5382,0.006488541093916341,1.4625348,6.3822484,6101
5383,0.0047358586282919965,2.7005336,9.686482,4453
5384,0.00035308894331752586,1.6236008,9.982115,332
5385,0.0008593248981944605,1.406918,5.2654815,808
5386,0.002244029127710782,2.9688606,9.764306,2110
5387,0.0052442216249961445,1.396477,9.301264,4931
5388,0.014772305490001308,0.99747777,3.2779143,13890
5389,0.0005998257952743512,1.8028129,10.707143,564
5390,0.01699506419943995,2.1916373,8.030456,15980
5391,0.0041434774794128935,1.3276856,8.090761,3896
5392,0.0004700762438142965,1.8886858,7.0504284,442
5393,0.00014570236516415978,1.1589519,3.4844618,137
5394,0.00015740109521383683,1.085023,3.1536565,148
5395,0.0012198584879072355,2.221215,9.245738,1147
5396,0.00028821416758749853,2.2933097,9.978956,271
5397,0.0037659275550824068,3.453279,9.412022,3541
5398,0.0003371361296134208,1.0990466,4.253836,317
5399,0.02645295568414705,2.9528706,13.026502,24873
5400,0.0027587732498965726,3.672954,10.848337,2594
5401,0.00012549546780562666,0.92509645,2.3699477,118
5402,0.002661992846758335,2.2014377,9.816127,2503
5403,0.0013815136667755003,1.6314609,7.618962,1299
5404,0.018594599653504885,2.1707108,11.273036,17484
5405,0.0023482541772442684,2.6619182,9.53061,2208
5406,0.0032937242694408963,2.4149368,9.709181,3097
5407,0.0008369909590087134,1.440654,7.131136,787
5408,0.00014144828150973175,1.4853356,6.5239153,133
5409,0.0006870345101901256,1.8492296,6.74598,646
5410,0.0002594991029201094,1.9949846,11.5582075,244
5411,0.0012549546780562667,1.3114947,5.5397563,1180
5412,0.006039735268374185,1.2130202,4.633293,5679
5413,0.0007274483049071918,2.377369,15.846499,684
5414,0.004057332285410727,1.4873416,5.502187,3815
5415,0.00018079855531319097,1.7653642,9.734297,170
5416,0.000379676966157701,1.5579897,10.096003,357
5417,0.0029363812424689426,3.7487764,12.178684,2761
5418,0.0004466787837149424,1.6191849,7.670966,420
5419,0.00511447207353609,1.6219635,6.5802913,4809
5420,0.005120853199017732,2.0543532,9.808501,4815
5421,0.0017526824656243453,1.5087862,6.614841,1648
5422,7.125590121166937e-05,0.7133422,1.7850949,67
5423,0.0004232813236155882,1.9070647,9.354824,398
5424,0.0023323013635401634,2.936329,9.661072,2193
5425,0.0028300291511082418,2.9034011,10.680844,2661
5426,0.0025428785044343503,1.5362049,6.159008,2391
5427,0.0015399782829029441,2.6425292,11.797807,1448
5428,0.0012209220088208424,1.9236429,7.0410824,1148
5429,0.00022121235003025718,1.6986889,7.6194153,208
5430,0.002234457439488319,1.53092,6.249775,2101
5431,0.0020036734012355987,4.5230556,10.857296,1884
5432,0.004768827776613813,1.4986321,5.856832,4484
5433,0.003057622626620141,4.2242465,10.60567,2875
5434,0.0021312959108684393,3.214201,10.269739,2004
5435,0.0039499166731364185,1.2071177,4.5640726,3714
5436,0.002446098101296113,3.9584928,9.386057,2300
5437,0.00014782940699137377,1.7262993,9.804715,139
5438,0.017402392709351434,5.3857574,13.571748,16363
5439,0.00031692923225488766,1.4720044,6.357462,298
5440,0.0019207187699742522,1.1437733,4.87307,1806
5441,0.022019136995319443,1.8200923,8.104791,20704
5442,0.0010135354306674764,3.0262773,9.617247,953
5443,0.0002626896656609304,1.9489675,9.029623,247
5444,0.002295078131563918,2.5010746,8.886355,2158
5445,0.0020515318423479137,2.4721773,9.705923,1929
5446,0.007794544775825744,1.7312645,9.814812,7329
5447,0.000372232319762452,1.7772071,8.329988,350
5448,0.018441452641945476,1.0680393,4.507626,17340
5449,0.00030735754403242465,1.5509193,11.044566,289
5450,0.0008646425027624956,1.7032717,8.342722,813
5451,0.004165811418598641,2.2787619,9.031173,3917
5452,5.317604568035028e-06,0.9696549,1.4280813,5
5453,0.0036744647565122046,2.4543605,9.934382,3455
5454,0.005506911290657075,1.7204859,8.674558,5178
5455,0.020390886476587117,1.3030382,5.5764914,19173
5456,5.7430129334778304e-05,0.65391856,1.5637877,54
5457,0.010251278086257927,1.5712216,5.802368,9639
5458,0.0013676878948986092,2.243334,6.937779,1286
5459,0.0006072704416696002,1.8268837,8.608546,571
5460,0.004959198020149467,1.4962292,6.768605,4663
5461,0.001496373925445057,2.0158038,8.417055,1407
5462,0.0007104319702894797,1.7669742,7.3489223,668
5463,0.001917528207233431,1.9446315,10.2686,1803
5464,0.0016973793781167809,3.8059542,11.595994,1596
5465,0.0022068058957345365,2.178108,8.179414,2075
5466,0.002822584504712993,2.9434416,12.188407,2654
5467,0.01002687517348685,2.012381,7.770065,9428
5468,0.0028619347785164523,1.6535733,6.40016,2691
5469,0.0010114083888402624,1.2754573,4.4982543,951
5470,0.0008816588373802077,1.6604233,7.840858,829
5471,0.00013719419785530372,1.0287501,3.9400249,129
5472,0.00027757895845142847,1.5449682,9.499027,261
5473,0.001314511849218259,1.2743925,5.4074574,1236
5474,0.00016271869978187186,1.6421536,8.083082,153
5475,0.0017899056976005904,1.6571393,6.460554,1683
5476,7.125590121166937e-05,1.5770571,5.2496023,67
5477,0.0008699601073305306,1.6060119,6.8731666,818
5478,0.004837956635998269,1.9637288,9.174625,4549
5479,0.0006232232553737053,1.3381898,8.518631,586
5480,0.000186116159881226,1.0697428,5.050496,175
5481,0.00334583679420764,1.41101,8.20397,3146
5482,0.001546359408384586,2.7107668,8.256547,1454
5483,0.0038063413497994732,1.7648561,7.346375,3579
5484,0.0023248567171449143,2.4194126,7.960349,2186
5485,0.0015803920776200104,2.4132023,9.849115,1486
5486,0.001151793149436387,1.4645116,8.6430855,1083
5487,0.020285597906140027,1.1106391,3.5710437,19074
5488,0.0004179637190475532,1.4597815,9.353087,393
5489,0.0023780327628252647,1.480662,5.325697,2236
5490,0.001496373925445057,1.561602,6.608444,1407
5491,4.2540836544280225e-06,1.0068978,1.3965274,4
5492,0.0029012850523199114,3.4233432,13.622479,2728
5493,0.0008486896890583904,2.0423677,11.16194,798
5494,0.00019143376444926102,0.68431383,1.7122695,180
5495,0.007851974905160522,2.099622,9.938811,7383
5496,0.0019068929980973611,2.2318122,6.98468,1793
5497,0.1918283307082092,1.8843765,11.399625,180371
5498,0.0013836407086027143,2.4476404,8.28053,1301
5499,0.00014676588607776678,1.1537347,3.8097534,138
5500,0.0002594991029201094,0.93147194,3.079246,244
5501,0.00027757895845142847,1.2810413,7.4323816,261
5502,0.02434718427520518,1.7745789,6.6209526,22893
5503,0.010620319843279559,1.837077,9.070531,9986
5504,0.015851779217312418,5.3788686,12.186162,14905
5505,0.003562795060583469,2.1502633,6.088389,3350
5506,7.55099848660974e-05,0.70531464,1.7105986,71
5507,6.381125481642033e-06,1.1085465,1.2837441,6
5508,0.0022068058957345365,2.566682,8.042436,2075
5509,0.00045093286736937036,1.37987,6.587645,424
5510,0.0021908530820304315,1.2570192,5.957175,2060
5511,0.002120660701732369,4.211275,12.047427,1994
5512,0.0029012850523199114,3.063201,11.65911,2728
5513,0.0024024937438382257,2.2505188,8.625669,2259
5514,0.0009103739020475968,1.8903979,8.079182,856
5515,0.003804214307972259,1.2345054,5.487405,3577
5516,0.010035383340795704,1.3865514,4.532969,9436
5517,0.013228073123443936,0.96030515,3.741846,12438
5518,0.00017335390891794192,2.2396224,8.483221,163
5519,0.0008699601073305306,1.6784811,8.783253,818
5520,0.012998352606104822,1.6971049,5.1256256,12222
5521,0.009395143750804288,1.1499109,4.310439,8834
5522,0.001124141605682605,1.447475,6.0397415,1057
5523,0.0015452958874709792,2.2760036,8.298111,1453
5524,0.0016229329141642906,1.1801189,5.5861173,1526
5525,2.3397460099354124e-05,0.61562294,1.0536973,22
5526,8.401815217495345e-05,1.0958914,3.349349,79
5527,0.0034819674711493364,2.3193243,10.91702,3274
5528,0.0017271579636977772,2.4614956,9.680713,1624
5529,0.0925273830047231,1.3252021,6.0459213,87001
5530,0.0038946135856288548,1.5797365,10.458131,3662
5531,0.002471622603222681,4.1037397,11.685269,2324
5532,0.0005072994757905416,1.8952178,9.068249,477
5533,0.0015729474312247613,1.192198,3.9787147,1479
5534,0.0032011979499570868,1.420747,4.5322423,3010
5535,0.0019451797509872134,2.0331416,9.14454,1829
5536,0.0012549546780562667,1.4145952,5.0999327,1180
5537,0.004274290551786556,2.12504,7.4104753,4019
5538,0.0031320690905726318,2.0457435,11.370779,2945
5539,0.0024865118960131793,1.3197654,6.5878963,2338
5540,0.0029331906797281215,3.8412254,9.832699,2758
5541,0.00016165517886826487,1.3912814,4.502865,152
5542,0.006468334196557808,2.0372832,8.853503,6082
5543,0.000754036327747367,1.3232107,6.302888,709
5544,0.0034926026802854066,1.2245034,5.499007,3284
5545,0.0025588313181384554,2.2125142,10.307544,2406
5546,0.0014006570432204264,2.8673458,12.159161,1317
5547,0.002837473797503491,2.8395078,9.92884,2668
5548,0.023521892046246145,1.3976848,5.828215,22117
5549,0.0017569365492787732,2.1476312,6.335377,1652
5550,0.003172482885289698,6.23777,15.283663,2983
5551,0.002462050915000218,3.233836,11.886887,2315
5552,0.005092138134350343,2.1816056,8.913852,4788
5553,0.0008444356054039625,1.9709445,13.863203,794
5554,0.001522961948285232,2.0641701,7.532342,1432
5555,0.0003275644413909577,2.1998675,10.391784,308
5556,0.007296816988257665,3.8274395,13.880444,6861
5557,0.01137967377559496,1.5642074,6.5810194,10700
5558,0.00040520146808426915,1.5019248,9.359498,381
5559,0.005629216195721881,2.4132657,9.798926,5293
5560,0.002231266876747498,3.7368562,10.963675,2098
5561,0.0028534266112075963,2.556947,9.612201,2683
5562,0.001876050891602758,1.1023563,4.159922,1764
5563,1.1698730049677062e-05,1.218875,2.5067184,11
5564,0.0008316733544406784,1.7470837,7.0388074,782
5565,0.0025769111736697746,2.8145332,8.523723,2423
5566,0.0020164356521988826,3.8156712,11.48004,1896
5567,0.007398914995963938,1.960595,8.010749,6957
5568,0.0006274773390281333,2.544374,15.229042,590
5569,0.0006200326926328843,1.8999571,8.267818,583
5570,0.0034585700110499823,1.345974,6.9352174,3252
5571,0.0019132741235790031,1.3783575,5.2580304,1799
5572,0.0014921198417906288,1.9103824,7.291144,1403
5573,0.005178283328352511,3.4858046,13.759763,4869
5574,0.001332591704749578,1.4393334,7.283049,1253
5575,0.000755099848660974,1.2518286,4.426413,710
5576,0.0027194229760931134,2.267975,9.179303,2557
5577,0.0014761670280865238,1.6971377,8.537559,1388
5578,0.0005051724339633276,1.067453,3.4654288,475
5579,0.0016356951651275748,1.2673213,8.959908,1538
5580,0.0007114954912030868,1.4326364,6.2518044,669
5581,0.0027151688924386855,1.5725085,5.6735263,2553
5582,0.0023663340327755877,1.2382855,4.6200943,2225
5583,0.0013421633929720411,2.1753967,8.096144,1262
5584,0.0005158076430993977,1.4850222,4.69938,485
5585,0.005025136316793102,1.952377,10.961828,4725
5586,1.0635209136070056e-06,0.8354497,0.8354497,1
5587,0.0008008312479460752,2.4838827,9.870121,753
5588,0.001133713293905068,1.4933003,6.733852,1066
5589,0.0002446098101296113,1.7677058,8.928918,230
5590,0.0025652124436200976,1.5898204,10.904694,2412
5591,0.002420573599369545,2.923162,11.5388975,2276
5592,7.444646395249039e-06,0.8617498,1.178367,7
5593,0.0011762541304493482,1.9231461,6.207318,1106
5594,0.002488638937840393,1.3821523,3.956258,2340
5595,0.0006498112782138805,1.5631998,8.340528,611
5596,0.00594189134432234,2.736294,10.855406,5587
5597,0.0008082758943413243,1.6193429,9.465201,760
5598,0.0011624283585724572,2.219915,7.5927515,1093
5599,0.0006976697193261957,1.2925229,8.252004,656
5600,0.0020323884659029876,1.2415154,4.839932,1911
5601,0.007215989398823533,3.9011402,9.616885,6785
5602,0.00337774242161585,1.7306027,6.4640875,3176
5603,0.0023471906563306616,2.0758808,9.676663,2207
5604,0.01603576833536643,2.5936933,11.385711,15078
5605,0.0018037314694774815,2.0869968,12.02027,1696
5606,0.002445034580382506,2.1427498,9.212987,2299
5607,0.0025609583599656696,1.958084,8.700799,2408
5608,0.001526152511026053,3.8031838,11.369145,1435
5609,3.296914832181717e-05,0.73135966,1.206154,31
5610,0.003437299592777842,2.1152236,8.789663,3232
5611,3.509619014903119e-05,0.8861378,2.4569695,33
5612,0.0016165517886826486,1.6026781,10.760969,1520
5613,0.003290533706700075,3.4311116,9.912782,3094
5614,0.0009050562974795618,1.4932995,7.4768224,851
5615,0.002021753256766918,1.153449,7.8384266,1901
5616,0.003641495608190387,4.0549655,11.043186,3424
5617,0.000379676966157701,1.5358578,5.922124,357
5618,0.0002754519166242145,1.5022401,5.8923,259
5619,0.001299622556427761,2.1069098,13.381646,1222
5620,0.001518707864630804,1.4559215,5.1923656,1428
5621,0.004937927601877327,1.6547419,8.267565,4643
5622,0.004281735198181804,1.9530998,9.629421,4026
5623,0.005399495678382767,2.694274,10.888288,5077
5624,0.0005572849587300709,0.79309416,2.0829616,524
5625,0.008972925948102306,1.4036405,6.2479033,8437
5626,0.0021578839337086145,2.1350784,6.909015,2029
5627,0.001324083537440722,1.3431816,9.413656,1245
5628,0.0023397460099354125,2.5466728,7.633023,2200
5629,0.004181764232302746,1.2379686,4.53872,3932
5630,0.001525088990112446,2.8430023,10.702505,1434
5631,0.0007753067460195071,1.3238364,6.408715,729
5632,0.002586482861892238,1.6093982,6.319598,2432
5633,0.0021546933709677934,2.7344067,9.618664,2026
5634,9.67804031382375e-05,0.91519636,2.147823,91
5635,0.0005381415822851448,1.5181246,6.0779777,506
5636,0.0003605335897127749,1.9849966,7.2276907,339
5637,0.0004147731563067322,0.9212011,2.5903134,390
5638,0.004149858604894536,2.196234,10.587621,3902
5639,0.00045093286736937036,1.4513235,8.607034,424
5640,0.00029565881398274755,1.4203081,4.769072,278
5641,0.00042009076087476724,1.026588,3.9478328,395
5642,0.0003020399394643896,1.2366936,4.0135384,284
5643,0.0025556407553976347,2.268052,11.815355,2403
5644,0.002065357614224805,2.2069626,9.615037,1942
5645,0.0025715935691017397,2.485265,8.17631,2418
5646,0.00300125601819897,1.0662564,5.815649,2822
5647,0.0008540072936264255,1.5154452,6.756559,803
5648,0.0027545191662421446,2.3909101,7.3075485,2590
5649,0.001695252336289567,2.650243,9.429779,1594
5650,0.0010475680999029006,1.5217047,9.564301,985
5651,0.00418389127412996,2.3098505,7.9722395,3934
5652,0.0027438839571060744,2.401258,9.234375,2580
5653,0.00012762250963284068,1.3569574,3.5715637,120
5654,0.00012868603054644768,1.3285985,5.133753,121
5655,0.000761480974142616,1.3496414,8.257407,716
5656,0.0034149656535920952,1.5799935,6.8017497,3211
5657,0.0006710816964860206,1.54356,6.210222,631
5658,0.017472585089649495,1.2553165,4.9664927,16429
5659,0.0004179637190475532,1.7173374,7.87419,393
5660,0.0018388276596265128,3.386507,10.437029,1729
5661,2.3397460099354124e-05,0.9677085,1.6187645,22
5662,0.0013751325412938583,1.4327084,9.255782,1293
5663,0.01227090430119763,1.5773385,5.4382772,11538
5664,0.0015559310966070492,3.4138463,11.970962,1463
5665,0.002657738763103907,2.1221488,7.946982,2499
5666,0.00038605809163934303,1.8806378,5.9434996,363
5667,0.007813688152270671,1.1112955,5.1954217,7347
5668,6.593829664363434e-05,1.2699606,4.000833,62
5669,0.002820457462885779,2.7843804,7.8993235,2652
5670,0.004612490202313584,2.7686944,8.674806,4337
5671,0.0004924101830000436,1.3762393,5.2204366,463
5672,4.466787837149424e-05,1.5235755,4.725637,42
5673,0.0008635789818488886,1.311832,5.283407,812
5674,0.0015580581384342632,1.4337846,4.9161468,1465
5675,0.00029246825124192656,1.370733,6.6160035,275
5676,0.004304069137367552,3.3001933,10.394469,4047
5677,0.003402203402628811,1.2011954,5.057665,3199
5678,0.0032490563910694023,3.0452304,8.772679,3055
5679,0.0022014882911665016,1.68255,5.397887,2070
5680,0.027752578240574814,1.6588445,7.9543853,26095
5681,0.0004700762438142965,2.634474,10.186539,442
5682,0.00039243921712098505,1.2956747,8.253936,369
5683,0.0029587151816546898,1.9574511,7.0360527,2782
5684,0.00034777133874949083,1.0996497,3.5236719,327
5685,0.0058855247359011695,1.3925979,6.4645753,5534
5686,2.9778585580996157e-05,1.2196109,4.235933,28
5687,9.35898403974165e-05,1.0969518,4.194603,88
5688,0.0020355790286438087,2.9203339,9.040016,1914
5689,0.002270617150550957,3.4491043,10.117004,2135
5690,0.0031618476761536276,1.5679575,7.3950963,2973
5691,0.001500628009099485,1.3028901,4.825058,1411
5692,0.002458860352259397,1.390698,5.2180004,2312
5693,0.04124334102967968,1.5726495,6.6221876,38780
5694,0.0015623122220886913,1.6199386,8.331244,1469
5695,2.8715064667389152e-05,1.2291244,2.7365866,27
5696,0.0026205155311276617,1.5346414,7.175343,2464
5697,0.00279174239821839,1.5799385,7.224218,2625
5698,5.9557171161992314e-05,0.9598853,2.4509065,56
5699,0.0005030453921361137,1.3561151,5.7806635,473
5700,0.001496373925445057,1.844024,7.8010716,1407
5701,0.002606689759250771,2.2642028,8.834364,2451
5702,0.001333655225663185,2.4311483,12.041375,1254
5703,5.849365024838531e-05,1.0894796,2.0806782,55
5704,0.003143767820622309,1.9703435,9.21767,2956
5705,2.233393918574712e-05,0.7650502,1.1189874,21
5706,0.002496083584235642,2.1019645,7.9206243,2347
5707,0.05011523249098932,1.1553013,6.7992,47122
5708,0.016914236610005816,1.5791981,8.11926,15904
5709,0.004491248818162385,3.4239671,9.755231,4223
5710,0.0016250599559915046,4.552501,12.535573,1528
5711,0.0008252922289590363,1.9361776,5.837558,776
5712,0.004440199814309248,1.4161769,7.47914,4175
5713,0.04081367858058245,1.0768459,5.7902117,38376
5714,0.0006987332402398027,1.4253747,6.734022,657
5715,0.002014308610371669,1.3690577,4.6837234,1894
5716,0.0016122977050282204,2.3732736,10.896822,1516
5717,2.8715064667389152e-05,0.8816757,1.5504338,27
5718,0.00035202542240391887,1.6962614,8.704942,331
5719,0.000580682418829425,1.1156473,4.9635496,546
5720,0.001153920191263601,1.471016,4.8654056,1085
5721,0.01165299865039196,1.1752858,4.879697,10957
5722,0.002098326762546622,2.8239834,11.793411,1973
5723,0.0014017205641340335,4.106652,11.252206,1318
5724,0.001522961948285232,1.5516416,7.5472326,1432
5725,0.0027449474780196813,3.0690305,9.774526,2581
5726,0.0051921091002294015,1.9399967,8.378796,4882
5727,0.009645071165501933,1.9026986,10.009978,9069
5728,0.0005604755214708919,1.7405775,12.696416,527
5729,0.002065357614224805,1.6990352,11.555308,1942
5730,0.001153920191263601,1.37082,6.3282967,1085
5731,0.006057815123905504,2.3153489,9.882908,5696
5732,0.014376675710139501,2.3493283,10.03468,13518
5733,0.03839416850212651,0.7955843,2.7216709,36101
5734,0.0018239383668360147,1.4008696,6.133829,1715
5735,0.0008295463126134644,2.4057603,13.408492,780
5736,0.0023514447399850895,1.9482493,9.00331,2211
5737,0.004100936642868614,2.4355257,11.006191,3856
5738,0.0003190562740821017,2.1792066,8.481877,300
5739,0.002057912967829556,1.5472838,5.8348227,1935
5740,0.0026120073638188058,2.3195183,6.799799,2456
5741,0.0023227296753177,1.9112699,8.194587,2184
5742,0.0021270418272140114,2.2973287,7.247151,2000
5743,0.00016271869978187186,1.0788648,3.3035278,153
5744,6.168421298920632e-05,0.6551962,1.6284318,58
5745,0.0011666824422268852,1.9888859,12.032176,1097
5746,0.007188337855069751,2.8837833,11.476916,6759
5747,0.0004317894909244443,1.5977461,8.1587305,406
5748,0.004087110870991723,2.591299,13.430326,3843
5749,0.027342059167922508,2.328242,7.208748,25709
5750,0.0005860000233974601,1.3012942,5.3863072,551
5751,0.0011666824422268852,1.3581161,6.6814013,1097
5752,0.0001669727834362999,1.3294544,7.4497304,157
5753,0.013777913435778758,1.5499237,6.3920193,12955
5754,0.00417325606499389,2.6744316,9.292429,3924
5755,0.0036627660264625275,2.5816145,9.947694,3444
5756,4.679492019870825e-05,1.686297,5.8287444,44
5757,0.0037425300949830527,4.396721,10.566457,3519
5758,0.0038095319125402943,2.9750388,8.895525,3582
5759,0.00010316152861987954,1.4073792,3.650516,97
5760,0.0008093394152549313,1.4967409,6.843116,761
5761,3.509619014903119e-05,1.0405904,2.080687,33
5762,0.0027694084590326427,4.3101654,11.848868,2604
5763,0.0019834665038770656,3.2519841,12.375211,1865
5764,0.009443002191916603,2.3654873,12.965178,8879
5765,0.0018271289295768356,1.4849737,6.87907,1718
5766,0.0166228318796775,1.1631217,5.2871346,15630
5767,0.0012230490506480564,1.7523152,5.277186,1150
5768,0.0002478003728704323,1.1546556,4.6864843,233
5769,0.011581742749180291,1.9701926,7.967038,10890
5770,0.0006817169056220906,3.2015882,10.409994,641
5771,0.0038403740190348975,2.0552137,7.939758,3611
5772,0.00022865699642550622,1.2830487,4.779978,215
5773,0.0019526243973824622,1.5750456,10.213185,1836
5774,0.0018537169524170108,1.4083397,6.0827,1743
5775,0.0068937425620006106,1.0678976,3.9208663,6482
5776,0.008485833369670298,2.8146663,12.161749,7979
5777,0.000550903833248429,1.6392568,9.488118,518
5778,0.0017792704884645205,1.4327863,7.114193,1673
5779,3.82867528898522e-05,0.8493408,1.6830859,36
5780,0.0010741561227430756,2.7916987,9.462074,1010
5781,0.0012496370734882316,1.4343431,5.237878,1175
5782,0.0006561924036955224,1.4141127,4.5429645,617
5783,0.03172376533198337,1.1276916,5.6919208,29829
5784,9.35898403974165e-05,1.1260458,4.333972,88
5785,0.0014623412562096328,2.005575,9.967349,1375
5786,0.0019728312947409955,1.696899,11.064507,1855
5787,0.0014846751953953798,1.4612468,7.7517204,1396
5788,0.005649423093080414,2.0245872,8.234838,5312
5789,0.007943437703730726,1.3951567,5.4267693,7469
5790,4.573139928510124e-05,1.7522748,7.9316497,43
5791,0.0014198004196653525,2.3223608,8.935645,1335
5792,0.0003998838635162341,1.6018814,7.640172,376
5793,0.002899158010492697,2.7230399,10.1546755,2726
5794,0.0011911434232398464,3.0668116,10.582902,1120
5795,0.010988298079387582,1.3536147,4.607998,10332
5796,0.006230105511909839,1.2049524,4.9052706,5858
5797,0.0006391760690778104,0.95530003,2.3979976,601
5798,0.0023652705118619804,2.5083666,10.567777,2224
5799,0.0007348929513024409,1.3400128,5.9629354,691
5800,0.0004169001981339462,1.8053097,8.912414,392
5801,0.005310159921639779,4.337098,10.084324,4993
5802,0.0014836116744817729,1.8520645,11.49093,1395
5803,0.001700569940857602,3.0564046,9.5075655,1599
5804,6.487477573002735e-05,0.7572,1.4085935,61
5805,0.0021674556219310774,3.0312078,10.066975,2038
5806,0.0004775208902095455,1.4485526,4.9096932,449
5807,0.002701343120561794,1.9121584,5.7488585,2540
5808,0.001125205126596212,1.2727456,6.813342,1058
5809,0.0013815136667755003,2.6531122,10.013097,1299
5810,0.0007306388676480128,1.4199995,7.221936,687
5811,0.011256305349616547,1.2372831,4.8483167,10584
5812,0.0006615100082635575,1.7349808,8.019236,622
5813,0.0010411869744212585,1.778351,6.616624,979
5814,0.002590736945546666,2.3939078,10.043898,2436
5815,0.031400454974246844,0.95469874,3.7693727,29525
5816,0.0027874883145639615,1.6627321,6.6833224,2621
5817,3.296914832181717e-05,1.3394526,3.3330083,31
5818,0.0021589474546222214,1.5638579,10.911428,2030
5819,0.005227205290378433,2.609979,13.641035,4915
5820,0.01164980808765114,2.1277213,8.103502,10954
5821,1.91433764449261e-05,0.65892524,1.1063073,18
5822,0.0046837461035252525,2.0316544,9.555891,4404
5823,0.01321637439339426,1.8827223,8.783878,12427
5824,0.0023014592570455602,3.7560716,12.30583,2164
5825,0.0023950490974429767,3.3904552,10.311576,2252
5826,0.000190370243535654,1.7640444,7.835929,179
5827,0.011126555798156492,1.0850183,4.0002456,10462
5828,0.022036153329937157,2.2471702,9.608874,20720
5829,0.004036061867138586,4.7962832,13.864351,3795
5830,0.0006561924036955224,2.5261805,10.395811,617
5831,0.00025737206109289535,1.5135807,5.378321,242
5832,0.005062359548769347,2.4122696,9.893717,4760
5833,1.2762250963284067e-05,1.4644654,2.9370153,12
5834,0.0003605335897127749,1.01751,4.1835504,339
5835,0.002443971059468899,1.2428043,5.443822,2298
5836,2.1270418272140113e-06,0.96041834,1.3627064,2
5837,0.0013857677504299283,1.9620751,8.452724,1303
5838,0.036658502371119873,1.9590698,8.026646,34469
5839,0.0011464755448683521,1.4973364,9.79837,1078
5840,0.0011773176513629553,1.5000893,6.798782,1107
5841,0.002682199744116868,2.149305,7.363917,2522
5842,0.0008827223582938147,2.521078,11.191667,830
5843,7.870054760691842e-05,0.9755635,1.9851537,74
5844,0.002982112641754044,1.7372512,7.269609,2804
5845,0.0007370199931296549,1.553754,5.656224,693
5846,0.003922265129382637,3.0697627,9.079472,3688
5847,0.002080246907015303,1.8450131,6.8654666,1956
5848,0.008573042084586072,1.4289333,6.9326324,8061
5849,0.0001308130723736617,1.8972287,12.935014,123
5850,0.00010635209136070057,1.3890663,5.1349072,100
5851,0.0014836116744817729,3.103835,11.082559,1395
5852,0.001887749621652435,1.9774529,12.809016,1775
5853,0.002803441128268067,2.5475483,8.041153,2636
5854,0.0021153430971643343,1.6023352,6.333982,1989
5855,0.00029140473032831957,1.7995468,6.739666,274
5856,0.006753357801404486,1.223384,4.9331746,6350
5857,0.0036840364447346674,2.4399896,12.411526,3464
5858,0.010803245440419964,1.4817278,7.43727,10158
5859,0.002084500990669731,1.421004,5.5859995,1960
5860,0.0021972342075120737,3.5377178,11.304174,2066
5861,1.3825771876891073e-05,0.6862066,1.8611112,13
5862,0.00012549546780562666,1.4958733,5.7096953,118
5863,0.003372424817047815,3.015122,11.437145,3171
5864,0.0041115718520046834,1.8909813,9.692187,3866
5865,0.0001669727834362999,0.94159096,2.6991465,157
5866,0.0008082758943413243,1.5619426,9.052349,760
5867,0.00042221780270198123,2.1847236,14.8642435,397
5868,0.0008412450426631415,1.5231233,8.957,791
5869,0.0036042723762141422,2.152056,7.2353644,3389
5870,8.295463126134644e-05,0.9429753,3.4688854,78
5871,0.2864338335781204,5.1412177,15.724515,269326
5872,0.0010560762672117566,1.5351514,5.0059047,993
5873,0.0013889583131707493,2.908693,11.198448,1306
5874,0.0016186788305098626,2.7337644,8.990452,1522
5875,0.0026715645349807983,3.705077,10.735287,2512
5876,0.0003371361296134208,1.2274277,6.0348496,317
5877,0.0062205338236873756,1.2459071,4.803156,5849
5878,0.0003265009204773507,2.1017678,6.5067425,307
5879,0.005384606385592269,1.9357172,9.157953,5063
5880,0.0006891615520173396,1.3943801,8.211048,648
5881,0.000190370243535654,1.7557628,8.689235,179
5882,0.0035181271822119745,1.1210082,4.1707006,3308
5883,0.003570239706978718,2.000499,6.6548834,3357
5884,0.0007827513924147561,2.5150542,8.33156,736
5885,0.010736243622862721,1.2325213,4.5398755,10095
5886,7.870054760691842e-05,2.4843924,9.748045,74
5887,0.0030554955847929273,3.1171982,12.617164,2873
5888,0.0017356661310066331,0.85342944,2.6313963,1632
5889,0.0019483703137280343,1.5370708,9.861913,1832
5890,0.0005381415822851448,1.0388404,5.3253565,506
5891,0.0009071833393067758,1.7453257,11.780864,853
5892,0.0028938404059246623,1.4519694,7.118823,2721
5893,3.1905627408210167e-06,1.3098598,1.5307729,3
5894,8.508167308856045e-06,1.8444524,2.7994418,8
5895,0.00055409439598925,1.176993,9.04553,521
5896,0.0022291398349202837,1.181553,4.859437,2096
5897,0.0016388857278683956,1.3813579,6.009343,1541
5898,7.44464639524904e-05,0.92511326,2.7057717,70
5899,0.0008401815217495345,1.1604754,4.6927457,790
5900,0.0015655027848295122,1.749803,10.680271,1472
5901,0.0011698730049677062,1.0821476,3.5680773,1100
5902,0.003384123547097492,1.1261739,4.77516,3182
5903,0.0012028421532895234,2.2900996,12.612669,1131
5904,2.446098101296113e-05,0.8188202,1.453297,23
5905,0.0004190272399611602,1.7508622,7.8164315,394
5906,3.1905627408210167e-06,1.036858,1.2330792,3
5907,0.0006689546546588066,1.7099779,6.570196,629
5908,0.003781880368786512,1.4653066,6.924559,3556
5909,0.005683455762315838,2.5493767,11.634159,5344
5910,0.0009741851568640171,1.9062179,7.786583,916
5911,0.0009869474078273012,1.3532811,8.128702,928
5912,0.0021387405572636884,2.4073129,11.666751,2011
5913,0.00798810558210222,1.6401834,6.683953,7511
5914,0.02274233121657221,1.9510604,8.140902,21384
5915,1.5952813704105085e-05,1.0892272,1.7146378,15
5916,0.0024078113484062606,2.681796,8.926209,2264
5917,0.001318765932872687,1.0987976,4.0241885,1240
5918,0.0020068639639764197,1.2467887,4.9934993,1887
5919,0.0042274956315878475,1.4952972,9.497487,3975
5920,0.002093009157978587,1.5659282,6.174169,1968
5921,0.00023291108007993423,1.9411955,7.832726,219
5922,0.011455183760461058,1.5243622,4.475223,10771
5923,0.05368972628162246,1.789498,6.658313,50483
5924,1.0635209136070056e-06,1.541039,1.541039,1
5925,0.00019143376444926102,1.9726629,7.30711,180
5926,0.0002265299545982922,1.9163455,4.7958894,213
5927,0.0030671943148426043,2.850054,10.265453,2884
5928,0.0015825191194472244,1.9638513,7.8089833,1488
5929,0.0023759057209980505,2.3663554,7.3210373,2234
5930,0.002674755097721619,3.0817287,10.974205,2515
5931,0.00420197112966128,1.5971326,5.9697037,3951
5932,0.008171031179242625,1.8386602,9.115538,7683
5933,0.0012517641153154456,1.564487,6.7895823,1177
5934,0.0011081887919785,2.211646,8.01486,1042
5935,0.004132842270276824,1.5925877,7.2347426,3886
5936,0.0012262396133888775,2.435428,6.930162,1153
5937,0.0008497532099719975,2.5067642,9.023071,799
5938,0.006184374112624738,1.4049699,5.845456,5815
5939,9.57168822246305e-06,2.2500968,4.569132,9
5940,0.0019047659562701472,2.5967965,9.337883,1791
5941,0.0010262976816307605,1.3377293,5.249108,965
5942,0.001695252336289567,1.9035864,8.655287,1594
5943,0.0008061488525141102,1.546715,5.626021,758
5944,0.0007784973087603281,3.400118,10.69371,732
5945,0.000186116159881226,1.1378149,3.429916,175
5946,0.00022014882911665015,1.305258,7.9825387,207
5947,0.0005030453921361137,1.5442837,6.56233,473
5948,0.002026007340421346,1.2145422,5.6092033,1905
5949,0.0005402686241123589,1.7829053,6.620547,508
5950,0.0067491037177500575,2.8839495,8.537556,6346
5951,0.02864168172435027,1.5162773,8.213114,26931
5952,0.0007008602820670168,3.343696,11.687495,659
5953,0.0013847042295163214,3.1532586,9.673885,1302
5954,0.006167357778007026,1.7405599,9.250706,5799
5955,0.0005275063731490748,1.8518136,5.6759953,496
5956,0.00034564429692227684,1.3830451,9.804238,325
5957,0.0016399492487820027,1.2201356,5.9370217,1542
5958,0.008682584738687594,1.0744828,3.5930507,8164
5959,0.002631150740263732,2.0779455,6.8174562,2474
5960,0.0006647005710043785,1.455648,6.3225865,625
5961,0.0036872270074754885,2.5553484,8.586824,3467
5962,0.000743401118611297,1.6800339,5.835109,699
5963,0.00228018883877342,1.7180866,6.9883385,2144
5964,0.00039243921712098505,1.6625806,6.178334,369
5965,0.0010720290809158616,1.7192638,9.108616,1008
5966,0.0012879238263780839,4.150247,15.180782,1211
5967,0.0017813975302917345,2.349516,9.698595,1675
5968,0.001341099872058434,2.2059631,8.803966,1261
5969,0.002653484679449479,3.8057668,18.100409,2495
5970,0.004529535571052237,3.0928707,10.313332,4259
5971,0.00024141924738879027,1.6431987,7.265496,227
5972,0.0002456733310432183,1.2544557,4.6864324,231
5973,1.0635209136070057e-05,0.73295385,1.4986007,10
5974,0.000374359361589666,1.909882,8.023093,352
5975,0.004311513783762801,4.701931,12.291288,4054
5976,0.001888813142566042,1.5203772,9.640164,1776
5977,0.03867812858605958,1.5849403,6.998882,36368
5978,0.003618098148091033,1.3541713,4.653564,3402
5979,0.0022004247702528948,2.5069597,9.663891,2069
5980,0.001330464662922364,2.2810197,8.288907,1251
5981,0.0033032959576633596,4.7230463,14.523039,3106
5982,0.0033320110223307485,2.1162643,6.8908563,3133
5983,0.002010054526717241,1.8486747,10.07495,1890
5984,0.0031586571134128065,2.7416596,8.776334,2970
5985,0.0015995354540649365,2.3859308,8.426559,1504
5986,0.0007061778866350517,1.7601367,6.325897,664
5987,0.0010730926018294687,2.267083,12.19472,1009
5988,0.00025737206109289535,1.0320119,2.8873274,242
5989,2.5524501926568134e-05,0.73760736,1.4800624,24
5990,0.0025226716070758173,2.5062916,9.021904,2372
5991,9.57168822246305e-06,1.4909774,2.6706715,9
5992,0.001864352161553081,3.1035824,11.369668,1753
5993,0.011186112969318485,1.6151701,5.949867,10518
5994,0.004513582757348132,2.187136,8.147184,4244
5995,0.002112152534423513,3.3598168,9.72821,1986
5996,0.0011071252710648928,1.5523088,8.706048,1041
5997,0.00279174239821839,2.5020132,9.896779,2625
5998,0.00019781488993090305,1.7806791,6.620325,186
5999,0.004220050985192598,1.8742899,6.8947616,3968
6000,0.002306776861613595,1.7963479,6.247135,2169
6001,0.0012007151114623094,2.7687087,9.158381,1129
6002,0.004208352255142921,2.1766224,9.293672,3957
6003,0.0012241125715616635,1.3163333,6.8044615,1151
6004,0.0022174411048706067,1.4606577,5.136564,2085
6005,0.004578457533078159,1.7404798,6.5698814,4305
6006,0.0006636370500907715,1.7108134,7.4474726,624
6007,1.0635209136070056e-06,0.6849375,0.6849375,1
6008,2.1270418272140114e-05,1.0113903,1.8406806,20
6009,0.022967797650256895,1.9703386,7.327147,21596
6010,0.0009592958640735191,1.3132985,4.3912787,902
6011,0.006865027497333222,2.5398035,9.129568,6455
6012,0.00019887841084451004,1.3251671,8.244022,187
6013,0.00032331035773652974,1.43515,4.917218,304
6014,0.0002626896656609304,1.2173427,7.1273265,247
6015,0.015128584996059655,1.3241688,6.0243783,14225
6016,0.002058976488743163,2.6766758,9.934265,1936
6017,0.000562602563298106,1.4835118,4.929402,529
6018,0.002075992823360875,1.6735784,6.1909847,1952
6019,0.0018239383668360147,2.2598293,8.764686,1715
6020,0.003437299592777842,2.1435885,11.796811,3232
6021,0.04349056072013128,2.3110473,9.1714735,40893
6022,0.04236854615627589,1.1558483,5.915507,39838
6023,0.0029767950371860086,1.2493238,5.0746045,2799
6024,0.0019558149601232836,1.8590693,6.350157,1839
6025,0.0001680363043499069,1.4238491,5.7202373,158
6026,0.001684617127153497,3.436045,10.789464,1584
6027,0.001130522731164247,1.6705269,8.547038,1063
6028,0.0015623122220886913,2.0892286,9.539981,1469
6029,0.0018164937204407656,1.8434396,8.591828,1708
6030,0.007815815194097884,2.6967912,9.229108,7349
6031,2.9778585580996157e-05,1.1248707,2.6458538,28
6032,0.0021525663291405792,2.0939214,6.881708,2024
6033,8.082758943413243e-05,2.574654,11.247778,76
6034,9.57168822246305e-06,0.90964854,1.1704701,9
6035,0.003912693441160174,2.9354777,8.277449,3679
6036,0.0003509619014903119,0.95370024,2.9372845,330
6037,0.0002977858558099616,2.177076,12.112093,280
6038,0.00032437387865013673,1.9769418,6.720201,305
6039,0.037167928888737635,1.7231423,7.74303,34948
6040,0.0024003667020110115,3.400821,10.391462,2257
6041,0.0021515028082269723,2.1839998,10.149044,2023
6042,0.0009837568450864803,1.8765051,8.66208,925
6043,0.001477230549000131,1.2982277,5.0514913,1389
6044,0.0023248567171449143,1.1408328,4.7597184,2186
6045,0.023209216897645685,1.8161031,8.453559,21823
6046,0.0006296043808553473,2.2644536,10.408373,592
6047,0.0031894992199074097,2.5083172,8.394732,2999
6048,0.00025418149835207437,1.3643934,7.354428,239
6049,0.02627534769157468,1.147697,6.7317667,24706
6050,0.0007359564722160479,1.4126264,6.7870607,692
6051,0.0008763412328121726,1.45963,7.1499143,824
6052,0.002638595386658981,3.50519,10.979467,2481
6053,0.0002052595363261521,0.9408457,2.403104,193
6054,0.00010528857044709356,1.2573732,7.0360203,99
6055,0.00037542288250327297,1.6337849,9.958603,353
6056,0.0027694084590326427,2.6681,12.032406,2604
6057,0.0019430527091599992,2.471461,10.608883,1827
6058,0.002068548176965626,2.2386715,10.500427,1945
6059,0.00011592377958316362,1.2560076,3.1885026,109
6060,0.0025418149835207435,3.4100912,13.552694,2390
6061,0.006801216242516801,2.7608612,9.721794,6395
6062,0.01025765921173957,1.3212786,5.0736113,9645
6063,0.04655881855588749,0.8417169,4.298578,43778
6064,0.0017654447165876294,2.1893594,7.0132017,1660
6065,0.0010964900619288228,1.9714359,11.863972,1031
6066,0.003219277805488406,3.0340898,11.5116005,3027
6067,0.002970413911704367,0.9855128,7.501137,2793
6068,0.001136903856645889,1.767801,7.469994,1069
6069,0.0021227877435595834,2.9435213,8.311377,1996
6070,0.001125205126596212,1.4709831,4.950659,1058
6071,0.004450835023445319,2.302339,6.9508,4185
6072,0.0008891034837754567,1.528477,6.5759387,836
6073,1.0635209136070057e-05,0.84195805,1.3234867,10
6074,0.0002658802284017514,1.4040592,5.7098017,250
6075,0.0008306098335270714,1.6150373,7.092585,781
6076,0.002465241477741039,2.8014836,9.062633,2318
6077,0.0031820545735121606,2.001898,7.0989876,2992
6078,0.0012985590355141538,1.5021534,6.5441313,1221
6079,0.009702501294836713,1.1929135,4.739209,9123
6080,0.002454606268604969,2.6016474,8.844402,2308
6081,0.0221191079611985,1.2963012,4.8940635,20798
6082,0.0024110019111470817,1.1459688,5.394487,2267
6083,0.0016505844579180727,1.6986029,7.6795187,1552
6084,0.0009901379705681223,1.6422808,11.128644,931
6085,0.001125205126596212,1.0132029,3.8926907,1058
6086,0.0018367006177992986,3.0071998,10.989247,1727
6087,0.0009720581150368031,1.7395867,9.329955,914
6088,0.004338101806602976,1.4477127,5.0088177,4079
6089,0.0020004828384947776,2.0117397,6.5336695,1881
6090,0.003922265129382637,4.342088,10.1825905,3688
6091,0.0004243448445291952,1.9546463,12.756557,399
6092,0.0010316152861987954,1.5634723,5.8767023,970
6093,0.0010422504953348656,1.6411197,11.111809,980
6094,0.0019994193175811707,1.6822748,6.8009458,1880
6095,0.001309194244650224,1.4796324,6.2310314,1231
6096,0.0025450055462615646,4.0615187,10.436969,2393
6097,0.0010560762672117566,3.3492708,9.918384,993
6098,0.0009880109287409083,1.5148866,4.0193944,929
6099,0.000551967354162036,2.381998,9.143995,519
6100,0.001491056320877022,2.7440882,11.799923,1402
6101,0.00029353177215553356,1.6517588,7.320728,276
6102,2.1270418272140114e-05,0.79690236,1.2219721,20
6103,0.00022014882911665015,1.1666319,4.7256355,207
6104,0.00380740487071308,2.2627532,8.457385,3580
6105,0.002250410253192424,1.5191464,8.830712,2116
6106,0.0025152269606805683,4.3360953,12.148298,2365
6107,0.0016431398115228236,2.2944226,12.018472,1545
6108,0.010351249052136986,1.9138072,7.7255287,9733
6109,0.0030895282540283515,3.1661713,10.838944,2905
6110,0.003172482885289698,2.0677147,12.966324,2983
6111,0.0005881270652246741,1.5083852,7.6327806,553
6112,0.001712268670907279,1.3009919,6.0004478,1610
6113,0.0006859709892765186,1.539949,10.854298,645
6114,7.44464639524904e-05,1.0069587,2.932049,70
6115,0.0015750744730519753,1.3109164,3.8323772,1481
6116,0.007205354189687463,1.903391,8.245614,6775
6117,0.0006604464873499505,1.919971,11.90003,621
6118,0.0003339455668725998,0.87507796,5.420132,314
6119,0.0004722032856415105,1.4169754,4.436111,444
6120,0.003613844064436605,3.5644348,11.092866,3398
6121,0.003618098148091033,4.2159038,12.989892,3402
6122,0.007189401375983358,1.852922,7.0856423,6760
6123,0.0012570817198834807,1.343105,8.090893,1182
6124,0.0029023485732335183,1.8296112,11.257559,2729
6125,0.0009699310732095892,1.6518983,6.92584,912
6126,0.0005764283351749971,1.6018167,7.2674723,542
6127,0.0010443775371620796,4.0704136,18.209408,982
6128,0.0018632886406394738,1.1455721,4.3506994,1752
6129,0.006600210789845077,1.3914939,4.768298,6206
6130,0.00018292559714040495,1.0014963,3.8267329,172
6131,0.0007231942212527639,2.1601026,7.5482817,680
6132,0.0027438839571060744,2.526965,8.591619,2580
6133,0.0003956297798618061,1.5036796,5.039314,372
6134,0.0009135644647884178,2.2027755,11.74437,859
6135,0.00038818513346655707,1.8027872,7.7574944,365
6136,0.0004775208902095455,1.4440035,5.746439,449
6137,0.005771727998145219,1.6455725,6.8917046,5427
6138,0.0011464755448683521,2.0427747,12.843951,1078
6139,0.0024429075385552917,2.8520763,9.454322,2297
6140,0.0007253212630799778,1.3617958,7.0332947,682
6141,0.0007200036585119428,1.651458,10.3022375,677
6142,0.0007519092859201529,1.5428101,7.7876496,707
6143,0.0017654447165876294,4.4255443,12.301369,1660
6144,0.001866479203380295,3.6749911,11.439835,1755
6145,0.0029480799725186196,1.3869314,5.672838,2772
6146,0.013222755518875902,1.3347733,5.7517447,12433
6147,0.0021589474546222214,2.5653799,9.184897,2030
6148,0.00010103448679266554,1.727742,7.511403,95
6149,0.0015772015148791893,1.517772,4.762398,1483
6150,3.296914832181717e-05,0.78764063,1.8147113,31
6151,4.9985482939529265e-05,0.9157621,2.1446414,47
6152,0.0004349800536652653,1.1488496,3.4325552,409
6153,0.0003594700687991679,1.4634482,7.3990355,338
6154,0.00222701279309307,2.6742382,8.571332,2094
6155,0.0021068349298554783,2.1992998,8.026443,1981
6156,0.0019504973555552483,2.2636693,9.899602,1834
6157,0.00032437387865013673,1.278813,4.86074,305
6158,0.0001499564488185878,0.9723289,4.42731,141
6159,0.0029236189915056586,1.4933084,6.931517,2749
6160,0.00245779683134579,2.4411197,8.6359,2311
6161,0.0027736625426870707,1.492804,6.7079053,2608
6162,0.0001340036351144827,1.0211718,4.053271,126
6163,1.0635209136070056e-06,0.8240705,0.8240705,1
6164,0.006828867786270583,2.0098972,8.858778,6421
6165,0.008269938624208075,1.9636776,7.4655967,7776
6166,0.0014761670280865238,1.28659,4.827046,1388
6167,0.007171321520452039,1.7822139,7.4168744,6743
6168,0.0032841525812184334,2.2274141,9.685296,3088
6169,0.003213960200920371,1.4413353,7.1418724,3022
6170,0.0001329401142008757,2.0008738,9.7424345,125
6171,0.001113506396546535,1.9783024,7.4116917,1047
6172,0.0016420762906092167,2.0352356,8.022658,1544
6173,0.01563056686728216,2.1816885,9.459186,14697
6174,0.002270617150550957,1.8360044,10.954958,2135
6175,0.0010582033090389706,1.165092,4.454738,995
6176,0.0025598948390520627,2.5850759,9.19974,2407
6177,0.003032098124693573,3.2597063,10.367082,2851
6178,0.0004030744262570551,1.4687513,5.621281,379
6179,0.0009752486777776241,1.6516272,6.6742616,917
6180,0.00010103448679266554,1.2890354,4.1506405,95
6181,0.001491056320877022,1.5764041,6.63955,1402
6182,0.0007880689969827912,2.3673213,7.003527,741
6183,0.00042859892818362326,1.2395078,4.8759365,403
6184,0.002050468321434307,1.6326509,8.528319,1928
6185,0.0027747260636006776,3.589365,9.860786,2609
6186,0.0044784865671991005,2.5011003,9.824552,4211
6187,0.004300878574626731,4.8744826,10.293581,4044
6188,0.0011932704650670603,1.4840982,6.424722,1122
6189,0.0022812523596870272,3.593313,10.652332,2145
6190,0.02371864341526344,1.3186531,4.549617,22302
6191,0.005180410370179724,1.4173071,5.7484055,4871
6192,0.0014612777352960256,1.9426669,7.3323436,1374
6193,0.004723096377328712,2.442785,8.166326,4441
6194,0.011080824398871392,1.3901191,5.6916494,10419
6195,0.007278737132726347,2.581691,12.15165,6844
6196,0.002078119865188089,3.8028123,11.695949,1954
6197,0.0016420762906092167,1.9402038,7.6784887,1544
6198,0.003811658954367508,1.6733466,7.159767,3584
6199,0.00012655898871923366,1.3478885,5.0635567,119
6200,0.007947691787385153,1.9119483,7.125579,7473
6201,0.0020440871959526647,2.273188,7.779307,1922
6202,0.00939833431354511,36.86738,62.649223,8837
6203,0.0029023485732335183,2.3662748,6.6084914,2729
6204,0.002421637120283152,2.214148,8.20926,2277
6205,0.0006444936736458454,1.3548167,4.2052174,606
6206,0.003740403053155839,2.1548774,12.114792,3517
6207,0.0049985482939529265,1.5256481,5.730767,4700
6208,5.9557171161992314e-05,0.724787,1.453918,56
6209,0.028553409488520885,1.9858017,6.9827833,26848
6210,0.007342548387542767,1.2231089,4.5216393,6904
6211,0.0006604464873499505,1.5479696,9.380027,621
6212,0.0001531470115594088,0.9146977,2.9053135,144
6213,0.0001297495514600547,1.2848547,4.707558,122
6214,0.007312769801961771,1.1774288,5.1669755,6876
6215,0.0001722903880043349,1.3929559,4.8255067,162
6216,0.0008986751719979197,2.337526,7.4009295,845
6217,0.0014346897124558507,2.4212244,9.529336,1349
6218,9.35898403974165e-05,0.8459009,1.5674351,88
6219,0.0008986751719979197,1.4603597,5.3173127,845
6220,0.003254373995637437,2.479788,8.437155,3060
6221,0.0031778004898577327,1.5049292,5.333183,2988
6222,0.00023822868464796926,1.639039,8.158842,224
6223,0.0014219274614925665,2.2597384,9.701608,1337
6224,0.001714395712734493,1.8615899,6.0838327,1612
6225,0.014801020554668698,1.5206264,6.588671,13917
6226,0.0006732087383132346,1.4495747,7.904685,633
6227,0.00023184755916632723,1.1000559,3.6832821,218
6228,0.002679009181376047,2.1353397,6.4276996,2519
6229,0.00561539042384499,2.2731671,8.092474,5280
6230,2.3397460099354124e-05,0.95995957,2.0254738,22
6231,2.1270418272140113e-06,1.2124491,1.5775672,2
6232,0.0019653866483457464,1.4933481,5.718133,1848
6233,0.0019504973555552483,4.870354,13.337488,1834
6234,4.254083654428023e-05,0.8108479,1.7474432,40
6235,0.0016239964350778975,1.4036155,4.8682294,1527
6236,0.001324083537440722,1.8500497,7.976864,1245
6237,6.593829664363434e-05,1.2976696,5.795962,62
6238,0.03661489801366199,1.6708686,7.2729945,34428
6239,0.001311321286477438,1.6404145,7.5575204,1233
6240,0.0012517641153154456,1.2725873,8.641563,1177
6241,0.0010007731797041922,1.6363266,6.974073,941
6242,0.010833024026000958,1.7292982,8.252233,10186
6243,0.0004169001981339462,1.2684535,7.450797,392
6244,0.003992457509680699,4.8398647,12.960645,3754
6245,2.9778585580996157e-05,1.1672407,2.7357147,28
6246,0.004204098171488493,1.3425925,4.8931184,3953
6247,0.0001308130723736617,1.1761477,3.531022,123
6248,0.0027087877669570433,1.540829,5.9127874,2547
6249,0.001496373925445057,2.9552937,9.513977,1407
6250,0.013567336294884571,1.0501964,4.0250373,12757
6251,0.00048071145295036654,1.011135,4.3608766,452
6252,0.0014814846326545589,3.0927315,8.777717,1393
6253,0.006683165421106424,1.274311,6.568862,6284
6254,0.0007891325178963982,1.2356622,8.525296,742
6255,0.00022227587094386417,1.6331352,6.0087695,209
6256,0.0021153430971643343,3.3975718,9.595789,1989
6257,1.3825771876891073e-05,0.98144686,1.4599704,13
6258,0.0004530599091965844,2.508936,12.829957,426
6259,0.0006732087383132346,1.7559785,7.5301914,633
6260,0.0016133612259418275,2.1156132,9.041844,1517
6261,0.001900511872615719,2.3532023,11.031581,1787
6262,0.0018005409067366606,2.0434923,8.150851,1693
6263,0.00664168810547575,3.1198628,14.696339,6245
6264,0.000187179680794833,1.1573478,4.403287,176
6265,0.000773179704192293,1.517357,6.528385,727
6266,0.00015633757430022984,1.3903992,6.30623,147
6267,0.00042753540727001626,1.737548,7.035486,402
6268,0.00189306722622047,1.4012259,4.9835224,1780
6269,0.00029565881398274755,1.3432769,5.2137823,278
6270,0.0029300001169873004,1.4517683,5.26583,2755
6271,0.003380932984356671,2.2515013,8.440062,3179
6272,0.007168130957711218,1.7779683,7.4872518,6740
6273,0.0031575935924991996,3.269182,11.087117,2969
6274,0.0034224102999873443,3.319564,10.845082,3218
6275,0.00040626498899787615,1.4261433,10.9921875,382
6276,0.0023929220556157624,2.2771263,8.411211,2250
6277,0.0006008893161879582,1.3566949,9.293724,565
6278,0.0006391760690778104,0.8270173,4.731385,601
6279,0.002108961971682692,1.946865,7.5365686,1983
6280,0.0017654447165876294,1.4544685,9.410411,1660
6281,9.146279857020248e-05,0.83199215,1.8222272,86
6282,0.0006923521147581607,1.6540415,8.865275,651
6283,0.011339259980877894,2.1165514,7.976414,10662
6284,0.007575459467622701,1.4751658,8.229399,7123
6285,0.0014676588607776678,1.2956992,5.189468,1380
6286,0.00019781488993090305,1.5260341,5.4394207,186
6287,0.00010528857044709356,1.1323035,2.7504766,99
6288,0.00017867151348597695,0.97842336,5.2191467,168
6289,0.0019824029829634583,2.1388996,9.0483465,1864
6290,0.0002648167074881444,2.0085666,8.472082,249
6291,0.001901575393529326,3.6522856,11.39666,1788
6292,0.0006402395899914174,1.6882626,7.4676,602
6293,0.0010975535828424297,1.8516443,6.9013414,1032
6294,0.0009061198183931688,1.6977444,9.333237,852
6295,0.0007646715368834371,1.4136045,5.3134527,719
6296,0.0002977858558099616,1.2192004,4.705978,280
6297,0.0029650963071363315,2.6150596,9.812199,2788
6298,0.002278061796946206,2.5203393,11.010693,2142
6299,0.0036946716538707376,3.3504915,10.177681,3474
6300,0.0072489585471453505,1.3799744,7.325009,6816
6301,0.0017292850055249912,1.554185,5.4619584,1626
6302,0.0021876625192896104,3.5921152,11.881687,2057
6303,0.0016133612259418275,1.6863075,4.244119,1517
6304,0.0009093103811339898,1.5615722,8.262845,855
6305,0.0014846751953953798,2.6520703,7.7017035,1396
6306,0.00044561526280133534,1.2803911,6.565653,419
6307,0.0011188240011145698,2.692193,7.9785743,1052
6308,8.720871491577446e-05,0.9296342,2.7671158,82
6309,0.002639658907572588,2.0245597,8.46731,2482
6310,0.0019760218574818166,3.3254385,8.365859,1858
6311,0.000981629803259266,1.1085137,4.17429,923
6312,7.125590121166937e-05,0.9264413,2.0425103,67
6313,0.001149666107609173,1.7589697,9.806389,1081
6314,0.00019781488993090305,1.7776138,7.734453,186
6315,0.00776051210659032,1.5593348,6.606282,7297
6316,0.007036254364423949,4.2272153,12.230785,6616
6317,0.0003052305022052106,1.9029963,8.2971325,287
6318,0.0005987622743607442,1.6450007,6.0568624,563
6319,0.00014038476059612475,1.4575944,6.231684,132
6320,0.003203324991784301,1.714075,6.9204097,3012
6321,0.0011836987768445973,1.490853,7.1524405,1113
6322,0.0008465626472311765,1.5394137,11.0215435,796
6323,0.0010741561227430756,2.1685822,13.695671,1010
6324,0.001131586252077854,1.8111413,6.584533,1064
6325,0.00010741561227430756,1.9176519,10.28544,101
6326,0.0016048530586329716,1.3194468,5.567339,1509
6327,0.0007646715368834371,1.5018439,5.8446527,719
6328,0.0001701633461771209,0.8737217,3.2092767,160
6329,0.0014102287314428895,2.287175,8.21629,1326
6330,0.0010465045789892935,2.2828364,7.4466,984
6331,0.001127332168423426,1.6955484,8.199153,1060
6332,0.011306290832556076,1.661955,9.041767,10631
6333,0.00021270418272140114,0.7910965,2.060343,200
6334,0.0006200326926328843,1.5317993,8.6003895,583
6335,0.0005243158104082538,1.227798,6.110859,493
6336,1.0635209136070056e-06,1.802596,1.802596,1
6337,0.00225891842050128,2.8974695,11.972512,2124
6338,2.020689735853311e-05,1.0585393,2.2329717,19
6339,0.0002999128976371756,1.0898457,4.60959,282
6340,0.003357535524257317,2.5077856,7.6942577,3157
6341,0.0003658511942808099,1.1151514,4.671771,344
6342,0.003774435722391263,1.3805587,5.5030074,3549
6343,0.0007816878715011491,2.039796,12.085486,735
6344,0.0008571978563672465,1.4358865,7.646912,806
6345,0.0005200617267538258,1.7384766,10.056922,489
6346,0.00021908530820304316,2.08106,14.614896,206
6347,0.0011847622977582042,1.3442402,6.316372,1114
6348,0.003589383083423644,1.4933482,6.727612,3375
6349,1.0635209136070057e-05,1.19369,2.5108619,10
6350,0.004892196202592226,1.5653204,7.5069633,4600
6351,0.0002892776885011055,1.5810059,7.627921,272
6352,0.01388745608988028,4.686812,15.833952,13058
6353,0.0002988493767235686,1.0724416,3.1978922,281
6354,0.0021536298500541865,1.292933,4.890564,2025
6355,0.0013421633929720411,1.4714738,4.5820627,1262
6356,0.0020026098803219918,1.5746182,7.2742734,1883
6357,0.010158751766774117,1.8865136,7.7210836,9552
6358,0.006058878644819111,3.9895313,14.726912,5697
6359,0.0016016624958921505,3.3421943,10.41168,1506
6360,0.0008816588373802077,1.5568382,5.685085,829
6361,1.2762250963284067e-05,1.1334122,2.3142846,12
6362,0.04162195447492377,0.7946574,2.8473403,39136
6363,0.0005104900385313627,1.4985791,9.451758,480
6364,0.004119016498399933,1.4844604,4.8214364,3873
6365,0.0016761089598446408,2.2350945,8.509494,1576
6366,0.006724642736737097,2.5248938,8.688066,6323
6367,0.0031001634631644213,1.7231811,5.0255136,2915
6368,0.0023876044510477276,2.546222,9.06335,2245
6369,0.0002052595363261521,1.7547859,7.5354404,193
6370,0.0099130784357309,1.3020507,6.54185,9321
6371,0.004271099989045735,2.3640301,12.557406,4016
6372,0.0027119783296978644,2.725018,10.471868,2550
6373,0.0016144247468554346,2.4208546,11.628544,1518
6374,0.0023046498197863813,2.15325,7.766308,2167
6375,0.0038414375399485044,1.3498882,6.5616097,3612
6376,0.00014357532333694577,2.228433,13.399853,135
6377,0.0010762831645702896,2.8927288,8.112248,1012
6378,0.0005966352325335302,1.4188379,5.8199215,561
6379,9.784392405184451e-05,2.0656183,7.8676414,92
6380,0.00015633757430022984,1.7716142,7.291117,147
6381,0.012723964210394215,1.9191512,8.431102,11964
6382,0.0026832632650304754,2.9788105,10.435165,2523
6383,0.028610839617855665,1.1520678,8.003565,26902
6384,2.1270418272140113e-06,0.9830825,1.1554104,2
6385,0.020424919145822545,1.4923521,4.1433954,19205
6386,1.4889292790498078e-05,1.3821735,2.8697615,14
6387,0.0005360145404579308,1.2885208,4.98829,504
6388,0.00013825771876891074,2.254329,14.794835,130
6389,0.00597060640898973,0.8205412,2.6808023,5614
6390,0.0012985590355141538,1.7573462,5.8724256,1221
6391,0.00010741561227430756,1.8475369,9.760432,101
6392,0.03345730442116279,2.309871,7.571272,31459
6393,0.00761480974142616,2.3323345,7.600314,7160
6394,0.0026832632650304754,2.24756,5.9516006,2523
6395,0.008913368776940314,1.4765812,7.314227,8381
6396,0.0012198584879072355,1.7234278,6.2273927,1147
6397,0.0014708494235184887,1.6363498,6.006486,1383
6398,0.0017292850055249912,3.3308237,11.442687,1626
6399,0.002862998299430059,3.348584,11.366308,2692
6400,0.0008157205407365733,1.6815296,14.079115,767
6401,0.0002275934755118992,1.4516017,6.9249487,214
6402,0.0006519383200410944,1.5473269,7.8738136,613
6403,0.00853475533169622,1.3392687,5.650934,8025
6404,0.04691509806194584,1.4974742,7.241165,44113
6405,0.0019207187699742522,1.9539278,6.44425,1806
6406,0.0022652995459829218,1.0642973,3.7718296,2130
6407,0.011998642947314238,1.6340004,5.7293773,11282
6408,0.001123078084768998,1.7027693,6.789719,1056
6409,0.0016154882677690415,1.9821318,5.8188863,1519
6410,8.401815217495345e-05,1.6232204,7.4878397,79
6411,0.0021068349298554783,2.1420043,7.4362183,1981
6412,0.003906312315678531,1.2204891,5.543106,3673
6413,0.0006370490272505964,1.9401476,9.990391,599
6414,0.0006519383200410944,1.4570402,5.937262,613
6415,8.508167308856045e-06,1.1613481,1.7790306,8
6416,1.4889292790498078e-05,0.83951443,1.564291,14
6417,0.004322148992898871,2.372404,10.842294,4064
6418,0.004648649913376221,1.1415824,3.8534157,4371
6419,0.0015633757430022982,1.8005934,6.8598485,1470
6420,5.5303087507564294e-05,1.6979501,7.400302,52
6421,0.0018101125949591236,1.5910469,8.549918,1702
6422,0.009776947758789203,2.5583742,9.570173,9193
6423,0.0021876625192896104,1.6651306,7.153764,2057
6424,0.0012517641153154456,1.5631053,5.2993946,1177
6425,0.00246843204048186,1.5815672,7.241045,2321
6426,8.508167308856045e-06,0.96013373,1.5647727,8
6427,0.0010890454155335738,2.2580965,7.4151835,1024
6428,0.004529535571052237,2.0862572,9.804786,4259
6429,0.0007955136433780402,1.349478,4.6272554,748
6430,0.00022014882911665015,1.6573577,12.483896,207
6431,0.008876145544964069,1.84628,8.742816,8346
6432,0.005113408552622483,1.7456814,7.311149,4808
6433,0.009410033043594786,36.69468,62.174236,8848
6434,0.0005200617267538258,1.3849597,5.861156,489
6435,8.508167308856045e-05,1.202075,5.3028846,80
6436,0.003778689806045691,2.1785698,8.694995,3553
6437,0.0003966933007754131,1.3804263,5.8335943,373
6438,0.0014346897124558507,2.3740819,9.212649,1349
6439,0.009220726320972738,3.8007498,9.28683,8670
6440,0.0010847913318791458,1.6706127,7.2934995,1020
6441,0.0032405482237605463,2.658964,10.529908,3047
6442,0.0002967223348963546,2.2116916,8.199214,279
6443,0.0015708203893975473,1.7907468,6.669189,1477
6444,0.0005072994757905416,1.8715799,7.024488,477
6445,0.00021695826637582914,0.87402105,2.1214797,204
6446,0.01917528207233431,2.3249018,10.488013,18030
6447,0.006773564698763019,1.2545143,4.6550717,6369
6448,0.002231266876747498,3.133649,9.461657,2098
6449,0.0016856806480671038,1.942362,10.203606,1585
6450,0.0002605626238337164,1.8219908,9.609072,245
6451,0.003396885798060776,1.9000947,11.955335,3194
6452,0.00020419601541254507,1.7494012,10.515655,192
6453,4.2540836544280225e-06,0.8539102,1.0607582,4
6454,0.0009709945941231962,1.4104079,4.302179,913
6455,0.004526345008311416,2.1367393,9.370931,4256
6456,0.004028617220743338,1.2961851,7.088669,3788
6457,0.0028810781549613784,2.9442914,8.911802,2709
6458,0.0007327659094752269,1.7153742,6.610586,689
6459,0.0025598948390520627,2.2494602,8.402471,2407
6460,0.005456925807717546,4.12204,10.029309,5131
6461,0.0018611615988122598,2.7850635,11.109477,1750
6462,0.0019887841084451005,3.578544,10.067743,1870
6463,0.0010550127462981495,2.6439884,7.5065484,992
6464,0.0025641489227064907,3.2963414,11.214499,2411
6465,0.0006370490272505964,1.545724,7.9205823,599
6466,0.0004732668065551175,1.5103292,6.6507187,445
6467,0.0009114374229612038,1.5843638,12.974183,857
6468,0.000186116159881226,1.113708,2.9828477,175
6469,0.0029693503907907595,2.0388362,8.442192,2792
6470,0.0004328530118380513,2.1417177,13.307555,407
6471,0.003395822277147169,1.446195,7.044867,3193
6472,0.00010209800770627253,1.0304099,6.2346573,96
6473,0.005635597321203523,2.55716,10.3071785,5299
6474,0.0008657060236761026,1.6085801,7.673673,814
6475,0.0006104610044104212,1.5893577,6.7313766,574
6476,0.004900704369901082,1.7417799,6.3527637,4608
6477,0.002263172504155708,2.7721274,10.263448,2128
6478,0.0022259492721794626,1.7791917,7.4285455,2093
6479,0.001126268647509819,3.033881,8.392353,1059
6480,0.0017952233021686255,4.4359713,11.569232,1688
6481,0.00036691471519441696,1.8532655,9.928158,345
6482,0.0075839676349315575,2.7391107,8.664862,7131
6483,0.0026917714323393314,2.1519911,8.055759,2531
6484,0.00027013431205617945,1.3167602,8.647767,254
6485,0.0011560472330908152,1.7996918,6.512308,1087
6486,1.5952813704105085e-05,0.9576378,1.8172942,15
6487,0.00420197112966128,2.073299,9.3534355,3951
6488,0.010510777189178037,1.5413367,5.753511,9883
6489,0.0035574774560154336,1.8449699,10.708662,3345
6490,0.0002850236048466775,2.026469,9.919475,268
6491,0.0021281053481276182,4.1813736,13.677623,2001
6492,0.002520544565248603,2.4938598,7.819765,2370
6493,0.0002307840382527202,1.647418,8.952805,217
6494,8.401815217495345e-05,0.75330615,2.0650356,79
6495,5.317604568035028e-06,0.88102835,1.254283,5
6496,0.004217923943365384,4.6420054,12.369983,3966
6497,1.2762250963284067e-05,1.3265682,3.3223927,12
6498,0.0013591797275897533,1.7269564,6.1920514,1278
6499,0.002085564511583338,1.908779,7.2879615,1961
6500,0.0007157495748575148,1.318329,5.9081283,673
6501,0.003535143516829687,1.6260146,6.3140483,3324
6502,0.00017760799257236993,2.1214104,12.7422495,167
6503,0.003594700687991679,5.306158,11.890407,3380
6504,0.0018579710360714387,2.0447605,7.853923,1747
6505,0.0009603593849871261,1.7233943,8.51601,903
6506,0.001898384830788505,2.6871428,8.066856,1785
6507,0.0007019238029806237,1.8293417,7.670133,660
6508,0.0015655027848295122,0.9037959,4.643068,1472
6509,0.0010007731797041922,1.5835943,5.768532,941
6510,0.0021504392873133655,2.165209,9.0636,2022
6511,0.0008986751719979197,1.9034132,8.904724,845
6512,1.8079855531319095e-05,0.91992795,1.7694827,17
6513,0.0009635499477279471,1.857781,11.344004,906
6514,0.001293241430946119,1.6081698,5.5960217,1216
6515,0.0019398621464191783,2.5713944,8.981306,1824
6516,0.00014570236516415978,1.5396116,7.1658587,137
6517,0.0009656769895551611,1.167604,4.3677034,908
6518,0.0003956297798618061,1.9073637,8.177879,372
6519,0.007754130981108678,1.7816098,9.909955,7291
6520,0.0002594991029201094,1.6294945,4.885395,244
6521,0.0013825771876891074,2.958413,7.8875976,1300
6522,0.0007136225330303008,1.6731511,6.3998036,671
6523,0.00017654447165876293,0.91808003,3.075627,166
6524,0.000561539042384499,1.6637511,6.2856255,528
6525,0.0008912305256026707,1.6525309,8.466455,838
6526,0.00035415246423113286,1.0758264,3.4261298,333
6527,0.002780043668168713,1.7348257,8.965828,2614
6528,0.001157110754004422,1.715402,8.553886,1088
6529,0.0035021743685078694,4.1168747,10.021332,3293
6530,0.0012336842597841266,1.868856,6.1541033,1160
6531,0.010646907866119734,3.016435,9.395873,10011
6532,0.002973604474445188,3.0124395,9.028753,2796
6533,0.0003031034603779966,1.0258112,3.744784,285
6534,0.009439811629175782,38.533077,69.15731,8876
6535,0.0011209510429417838,1.6970901,12.909049,1054
6536,0.0007019238029806237,2.1649487,9.478988,660
6537,3.1905627408210167e-06,0.94057155,1.0420985,3
6538,0.0022025518120801085,1.4604443,6.63105,2071
6539,0.0001329401142008757,0.93498814,2.5718064,125
6540,0.002481194291445144,2.3113468,9.576931,2333
6541,0.0042274956315878475,2.502955,10.12325,3975
6542,0.0,0.0,0.0,0
6543,0.0012687804499331577,2.3009188,9.605288,1193
6544,0.0017537459865379524,1.8935457,8.107603,1649
6545,0.0002765154375378215,1.8421574,10.89668,260
6546,0.002309967424354416,1.7462766,9.929032,2172
6547,0.0025854193409786306,3.0975854,8.34536,2431
6548,0.0017452378192290962,1.5363573,4.3695035,1641
6549,0.0023822868464796927,1.8062121,7.588772,2240
6550,0.0030671943148426043,1.5876487,5.848982,2884
6551,2.7651543753782147e-05,1.6706926,4.9054236,26
6552,0.0004307259700108373,1.380997,7.8440495,405
6553,7.65735057797044e-05,1.8317524,6.9238834,72
6554,0.0016282505187323257,2.2319818,13.590667,1531
6555,0.00019781488993090305,2.3003407,6.179059,186
6556,0.017788450800990774,1.0395167,4.1047525,16726
6557,0.00015633757430022984,1.7524185,8.037165,147
6558,0.00038818513346655707,1.3243661,6.5854836,365
6559,0.0009997096587905853,1.8274772,7.774915,940
6560,0.00036691471519441696,1.4145544,5.059739,345
6561,0.04374580573939696,1.4763467,4.838788,41133
6562,0.004522090924656988,3.8246298,12.294388,4252
6563,0.0015825191194472244,2.1987865,5.906707,1488
6564,0.000580682418829425,1.2094716,5.8776426,546
6565,0.0016761089598446408,4.0653086,11.008631,1576
6566,0.0027598367708101795,2.6264923,7.7850556,2595
6567,0.011254178307789334,2.0611846,10.379611,10582
6568,1.3825771876891073e-05,0.9021921,1.2560503,13
6569,0.002397176139270191,2.6231081,8.546916,2254
6570,0.0023014592570455602,1.381956,8.721069,2164
6571,0.006293916766726259,7.1251535,14.049405,5918
6572,0.0010656479554342197,1.2650005,5.809543,1002
6573,0.0001488929279049808,0.80653644,2.323,140
6574,0.0010411869744212585,1.8564337,7.1809626,979
6575,0.00013613067694169672,2.3296103,12.711285,128
6576,0.0033075500413177875,1.5030082,5.1321363,3110
6577,0.0006402395899914174,2.4855032,9.953784,602
6578,0.06544163237697988,1.5530239,6.076519,61533
6579,0.0001510199697321948,1.4842172,6.0649543,142
6580,0.0005051724339633276,2.0899415,14.321909,475
6581,0.0028183304210585647,1.8252609,8.168202,2650
6582,0.0009731216359504101,2.091624,8.316022,915
6583,0.004026490178916123,2.701576,8.456421,3786
6584,0.0007402105558704759,2.2250407,8.461292,696
6585,0.001486802237222594,2.1884751,8.1922,1398
6586,0.009109056625044003,2.2311015,9.15134,8565
6587,1.91433764449261e-05,0.8005099,1.5155987,18
6588,0.000372232319762452,1.3613803,4.756923,350
6589,0.012332588514186837,3.4357474,13.094449,11596
6590,0.00021589474546222215,1.8308989,6.6043177,203
6591,0.00027013431205617945,1.602547,7.609027,254
6592,0.001889876663479649,1.7646868,6.808481,1777
6593,0.0007359564722160479,1.9576964,7.8015013,692
6594,0.0006030163580151721,2.2556243,12.219877,567
6595,0.0005743012933477831,1.2416301,3.4493113,540
6596,0.0003275644413909577,1.4794332,8.064769,308
6597,0.0004892196202592226,1.2072293,5.6842933,460
6598,0.0006062069207559932,1.3351393,5.2081194,570
6599,5.4239566593957285e-05,1.7046301,5.766511,51
6600,0.0015772015148791893,2.6777124,6.886996,1483
6601,0.0025056552724581054,1.3061116,6.921669,2356
6602,0.0014283085869742085,1.6546087,6.397317,1343
6603,0.011041474125067932,1.3392513,5.948213,10382
6604,0.0014878657581362008,1.8242717,7.2369785,1399
6605,0.01936458879495636,0.95805323,4.592284,18208
6606,0.0026758186186352263,2.9860108,9.084387,2516
6607,0.0031022905049916355,1.6105677,5.700049,2917
6608,0.000190370243535654,0.90968704,2.68722,179
6609,0.006397078295346139,2.6120965,9.817832,6015
6610,0.015211539627321002,1.4160284,6.693185,14303
6611,0.0008699601073305306,1.4344239,5.3451586,818
6612,0.0019387986255055712,2.4225814,7.832975,1823
6613,0.001511263218235555,3.3808916,9.370408,1421
6614,0.0006944791565853747,1.8281176,8.418191,653
6615,0.002998065455458149,3.6763992,11.142014,2819
6616,0.002254664336846852,4.1364465,12.0715685,2120
6617,0.013682196553554127,1.5459833,4.115239,12865
6618,0.0015218984273716251,2.9337091,8.276251,1431
6619,8.933575674298847e-05,1.0967993,3.232299,84
6620,0.01124141605682605,1.5657942,5.715199,10570
6621,0.0002307840382527202,1.2407125,6.004934,217
6622,2.233393918574712e-05,0.7052413,1.3570416,21
6623,0.0004402976582333003,1.1246709,6.024507,414
6624,0.0004349800536652653,1.5447509,6.7802763,409
6625,0.0014921198417906288,1.3000985,6.201791,1403
6626,0.0017484283819699173,2.917172,10.256663,1644
6627,0.010582033090389706,1.9933288,7.9116807,9950
6628,0.0013591797275897533,1.2786279,6.8839808,1278
6629,0.0006763993010540555,2.1704361,10.376034,636
6630,3.190562740821017e-05,0.5248323,1.1245418,30
6631,0.004271099989045735,2.1937325,9.412949,4016
6632,0.0031384502160542735,3.8832698,9.44608,2951
6633,0.0028863957595294133,4.0116777,13.04788,2714
6634,0.0010348058489396165,1.3142554,4.8526125,973
6635,0.00033075500413177875,1.5572597,6.801681,311
6636,0.0008093394152549313,1.6810675,5.8566217,761
6637,0.0031203703605229547,3.1394067,16.370283,2934
6638,1.2762250963284067e-05,0.5547137,0.93247086,12
6639,0.002216377583957,3.4511635,9.174162,2084
6640,0.003187372178080196,2.5340328,9.112227,2997
6641,7.976406852052543e-05,1.1466535,5.8747034,75
6642,0.00226955362963735,3.3962936,10.772346,2134
6643,0.003795706140663403,4.2352705,12.299709,3569
6644,0.0015686933475703333,2.3323731,7.92222,1475
6645,0.013750261892024976,1.8322245,4.9238114,12929
6646,0.0005402686241123589,1.4824817,9.028803,508
6647,0.002434399371246436,3.7973747,12.0870285,2289
6648,0.0005147441221857907,2.523502,10.6505165,484
6649,0.006007829640965975,1.6988887,12.372062,5649
6650,0.0022004247702528948,2.596679,7.967849,2069
6651,0.0004956007457408646,1.3339087,7.1205335,466
6652,0.0013825771876891074,1.6388696,7.1937275,1300
6653,0.0011677459631404923,3.2300465,13.577718,1098
6654,0.0006806533847084836,1.3102214,6.936063,640
6655,0.0022185046257842136,3.6115084,11.273978,2086
6656,0.0035170636612983676,4.3426814,11.037333,3307
6657,0.00012762250963284068,1.1542745,3.6048622,120
6658,0.002443971059468899,1.2089629,5.62946,2298
6659,0.00025099093561125333,1.3529767,5.5535674,236
6660,0.0013060036819094029,1.380665,6.080325,1228
6661,0.0034777133874949085,2.9488747,9.675622,3270
6662,0.002989557288149293,2.1419697,8.059564,2811
6663,0.00011592377958316362,1.8942909,10.512806,109
6664,0.000562602563298106,1.244327,8.543404,529
6665,0.002034515507730202,4.3915977,11.174504,1913
6666,0.0037233867185381265,1.4801201,8.359493,3501
6667,0.0027119783296978644,1.2155479,6.917859,2550
6668,1.0635209136070056e-06,1.15518,1.15518,1
6669,0.001709078108166458,1.5198262,5.998784,1607
6670,0.0018281924504904427,2.8548133,9.165627,1719
6671,0.011690221882368205,1.9870267,5.4642344,10992
6672,0.0014049111268748544,1.6133444,5.797982,1321
6673,3.296914832181717e-05,0.87063617,1.8898028,31
6674,0.021387405572636884,3.757403,11.108442,20110
6675,0.0025737206109289535,3.1760948,9.928672,2420
6676,0.027673877692967894,2.5493202,9.23092,26021
6677,1.91433764449261e-05,0.7528052,1.285425,18
6678,0.002838537318417098,2.353887,9.456969,2669
6679,0.000551967354162036,1.572145,7.3246255,519
6680,0.015204094980925752,1.2872758,7.568549,14296
6681,0.0006221597344600983,2.484632,8.1681385,585
6682,0.0005828094606566391,1.3887492,5.785714,548
6683,0.00011911434232398463,1.6097068,11.487546,112
6684,0.0028023776073544597,3.3809454,12.502448,2635
6685,0.0015867732031016523,1.396735,8.395977,1492
6686,0.005646232530339593,1.4671417,5.5460353,5309
6687,0.003211833159093157,1.1533006,4.0651174,3020
6688,2.233393918574712e-05,0.7064234,1.197176,21
6689,0.0029576516607410825,1.7698482,8.03137,2781
6690,0.0017484283819699173,3.7019455,13.233069,1644
6691,0.05798209668894034,1.3602527,8.192577,54519
6692,2.446098101296113e-05,1.8736012,5.260111,23
6693,0.0007753067460195071,1.5907462,14.47508,729
6694,0.00032437387865013673,1.3471514,15.573329,305
6695,0.002469495561395467,1.5618705,7.213466,2322
6696,0.008643234464884134,2.3953965,7.6938295,8127
6697,0.0007338294303888339,1.6597034,5.74727,690
6698,0.004509328673693704,2.1950722,9.359859,4240
6699,0.00035202542240391887,1.395274,7.0054717,331
6700,0.0009933285333089432,2.5398326,18.159796,934
6701,0.0053484466745296316,1.9207424,6.6333756,5029
6702,0.003188435698993803,5.5545053,14.69036,2998
6703,0.0042072887342293145,1.2396879,5.1577435,3956
6704,0.0008412450426631415,1.4716431,6.8793335,791
6705,0.005245285145909752,1.1844023,6.0705748,4932
6706,0.0021961706865984668,3.4616382,10.705649,2065
6707,0.002705597204216222,3.2956712,9.405569,2544
6708,0.0009752486777776241,1.3915074,6.957615,917
6709,0.0013464174766264691,1.8097678,5.5080957,1266
6710,0.007850911384246916,1.8256999,7.33872,7382
6711,0.0001669727834362999,1.8423877,8.808507,157
6712,3.935027380345921e-05,0.8658737,2.1048949,37
6713,0.003021462915557503,1.9903473,6.6256237,2841
6714,2.233393918574712e-05,0.9535391,1.9929267,21
6715,0.004104127205609435,1.9752198,7.247356,3859
6716,0.047690404807965346,1.3730477,5.5836225,44842
6717,3.509619014903119e-05,1.4247237,4.235711,33
6718,0.0025684030063609187,3.009843,10.160531,2415
6719,0.003092718816769172,1.2046672,3.7118378,2908
6720,0.0005232522894946468,1.487386,6.0184627,492
6721,0.00023291108007993423,2.344307,11.018631,219
6722,0.001536787720162123,1.602155,7.8766513,1445
6723,0.0028863957595294133,2.4978602,8.882081,2714
6724,0.00047964793203675955,1.9417062,9.702537,451
6725,0.00045837751376461944,0.8425693,2.5899217,431
6726,0.0014602142143824188,2.1506994,9.583177,1373
6727,7.65735057797044e-05,1.1249543,2.8331969,72
6728,6.912885938445537e-05,1.3569278,3.3570962,65
6729,0.0017484283819699173,2.6718001,7.1968555,1644
6730,0.0014070381687020684,1.1506447,4.3784866,1323
6731,0.00445402558618614,3.6279404,10.9111395,4188
6732,0.0013932123968251773,2.191871,9.827934,1310
6733,0.001512326739149162,1.6669738,6.377394,1422
6734,0.0003945662589481991,2.0207832,10.824035,371
6735,0.0016144247468554346,2.6194034,9.860458,1518
6736,0.002050468321434307,3.3769877,11.5633335,1928
6737,0.0007774337878467211,1.5118533,3.9164448,731
6738,0.0003562795060583469,1.5902755,8.252049,335
6739,0.002970413911704367,2.5131216,12.165757,2793
6740,0.0007231942212527639,2.6398408,7.9133863,680
6741,0.0014506425261599557,1.6248604,7.659029,1364
6742,1.91433764449261e-05,5.05586,12.099615,18
6743,0.0010316152861987954,1.7873713,8.736057,970
6744,0.024860864876477363,1.3031379,5.4058785,23376
6745,0.001486802237222594,2.0725272,9.901447,1398
6746,0.001336845788404006,1.5198201,6.2214355,1257
6747,0.0028863957595294133,2.9549193,9.415711,2714
6748,7.976406852052543e-05,0.8953092,2.0436032,75
6749,0.0023812233255660854,2.2955472,10.600908,2239
6750,0.00048815609934561556,1.7757118,6.3129587,459
6751,0.0014665953398640607,1.4153984,5.343736,1379
6752,0.003373488337961422,5.3597126,12.421363,3172
6753,2.020689735853311e-05,0.87337136,1.4186815,19
6754,0.002998065455458149,2.4163623,10.738381,2819
6755,0.0070670964709185526,1.3522891,4.61531,6645
6756,0.0002244029127710782,1.4171008,7.771,211
6757,2.233393918574712e-05,0.70729107,1.697307,21
6758,0.000378613445244094,1.3638756,8.887375,356
6759,0.00024886389378403934,0.97527885,2.2699256,234
6760,0.002045150716866272,2.9664502,12.716919,1923
6761,1.0635209136070056e-06,2.9785948,2.9785948,1
6762,0.0019855935457042794,1.0720216,4.130401,1867
6763,0.0010826642900519318,1.7303895,6.5547075,1018
6764,0.012501688339450352,1.306098,4.4403777,11755
6765,0.0008805953164666006,2.0733986,6.553698,828
6766,0.006533208972287836,3.0637076,12.19597,6143
6767,0.0011836987768445973,1.006492,3.1717138,1113
6768,0.0027449474780196813,2.4700468,11.711803,2581
6769,0.00048815609934561556,2.3534515,8.87855,459
6770,0.0006753357801404486,2.0417752,8.284307,635
6771,0.0005381415822851448,2.0784302,7.6724253,506
6772,0.006978824235089171,2.4223046,9.839404,6562
6773,0.0008742141909849586,1.6319675,8.325495,822
6774,0.00032437387865013673,0.98455775,2.6977496,305
6775,0.0038616444373070374,1.7926438,5.228264,3631
6776,0.0004987913084816857,1.1835966,6.726087,469
6777,0.0017346026100930262,2.649094,12.694128,1631
6778,0.0037021163002659866,1.3056731,4.041599,3481
6779,0.018870051570129102,1.0938073,3.6401007,17743
6780,0.004029680741656944,1.8856654,7.079306,3789
6781,0.002273807713291778,0.9475326,4.3657017,2138
6782,0.017255626823273668,1.6834452,4.4444447,16225
6783,0.013548192918439644,1.7448692,5.406359,12739
6784,0.0009667405104687681,1.4455432,4.6206436,909
6785,0.0008635789818488886,1.3756884,6.1970544,812
6786,0.0021727732264991127,2.494064,7.3227615,2043
6787,0.014677652128690285,1.2889278,5.20433,13801
6788,0.0009763121986912311,1.7547125,6.764739,918
6789,0.0045859021794734086,0.7759141,2.809866,4312
6790,0.025967990147542256,1.974294,9.126346,24417
6791,2.233393918574712e-05,2.0860968,5.5049586,21
6792,0.002850236048466775,3.1377354,9.016438,2680
6793,0.00034777133874949083,2.173793,10.258546,327
6794,0.0003201197949957087,1.1502093,3.1928382,301
6795,0.00048283849477758053,0.86881787,5.520014,454
6796,0.000943343050369414,1.56772,6.5516467,887
6797,0.0012283666552160915,1.4921911,9.881414,1155
6798,4.147731563067322e-05,0.9704705,4.182045,39
6799,6.593829664363434e-05,1.0496397,3.0334566,62
6800,0.00240462078566544,1.1997861,5.443322,2261
6801,0.00042966244909723025,1.3067,9.362746,404
6802,0.0027247405806611483,1.8014243,7.956275,2562
6803,0.001963259606518532,1.1287478,3.3420498,1846
6804,0.0033043594785769665,1.1398504,4.784368,3107
6805,1.2762250963284067e-05,1.1337761,1.9442458,12
6806,0.0017792704884645205,3.6849625,11.952884,1673
6807,0.001314511849218259,1.9985424,8.654229,1236
6808,0.0019792124202226377,1.8545241,8.76982,1861
6809,0.0009284537575789159,1.5820389,5.9640813,873
6810,0.0008476261681447834,1.5001886,7.3073106,797
6811,0.0015644392639159053,2.1150322,8.209971,1471
6812,0.0014187368987517454,2.0690415,8.068259,1334
6813,0.0017516189447107382,2.1817899,6.524809,1647
6814,0.01987507883348772,1.5307759,6.5851655,18688
6815,0.0027428204361924675,2.308787,7.4267673,2579
6816,0.003050177980224892,2.1576664,7.606898,2868
6817,0.002075992823360875,4.0280037,11.551356,1952
6818,0.0012943049518597258,1.7700342,9.042783,1217
6819,0.029721155451661378,1.2234465,5.2107162,27946
6820,0.0004317894909244443,1.2815648,5.6191587,406
6821,0.0034649511365316245,2.3372998,7.945388,3258
6822,0.0012921779100325118,1.3046153,5.4158,1215
6823,0.013795993291310076,1.4044356,6.889568,12972
6824,7.976406852052543e-05,1.72957,6.7842627,75
6825,0.00017973503439958394,2.0231078,7.298263,169
6826,0.0018313830132312638,1.5169318,6.850429,1722
6827,0.026899634467861994,0.9225554,3.1136575,25293
6828,0.0008688965864169236,1.467178,6.3780174,817
6829,0.0005328239777171098,1.7256638,10.735354,501
6830,0.0019207187699742522,1.6029389,6.458899,1806
6831,0.005404813282950802,3.2850754,12.974402,5082
6832,0.0023525082608986964,3.0106323,12.183586,2212
6833,0.00038712161255295,1.4927711,6.5644984,364
6834,0.0016101706632010064,1.6845899,10.000926,1514
6835,6.381125481642033e-06,1.1045672,1.9661144,6
6836,9.57168822246305e-06,0.9799538,1.9417266,9
6837,0.0006987332402398027,2.752846,13.027477,657
6838,0.004489121776335171,1.7827228,7.9857,4221
6839,0.00012017786323759164,3.7415166,11.677797,113
6840,0.00019143376444926102,2.4772375,12.08207,180
6841,0.0012092232787711654,1.1888627,4.2302547,1137
6842,7.444646395249039e-06,1.6382288,3.0292463,7
6843,0.0009220726320972738,1.2858965,5.7078686,867
6844,0.0007200036585119428,1.3636744,6.2290716,677
6845,4.466787837149424e-05,0.8455964,1.8190227,42
6846,0.0005445227077667869,1.45896,6.0497494,512
6847,4.9985482939529265e-05,0.6803735,1.4687757,47
6848,0.0038488821863437534,2.0444324,9.114686,3619
6849,0.0033224393341082857,2.5912793,7.7593927,3124
6850,0.0019111470817517891,1.7074106,5.812582,1797
6851,0.00133897283023122,1.1588318,4.4425993,1259
6852,0.0028906498431838412,4.1409907,11.132337,2718
6853,0.002045150716866272,3.890408,11.992931,1923
6854,0.0016410127696956096,1.110528,6.0070066,1543
6855,0.0016303775605595397,2.9624872,9.140903,1533
6856,0.0011720000467949202,2.0710294,7.469484,1102
6857,0.0012762250963284068,2.698465,9.678051,1200
6858,0.00024992741469764633,1.4592925,8.392522,235
6859,0.001345353955712862,1.7267716,4.7576003,1265
6860,0.0025492596299159925,3.7274742,10.324113,2397
6861,0.0015772015148791893,2.653065,10.970327,1483
6862,0.001318765932872687,1.3553184,7.9784846,1240
6863,0.0023003957361319534,2.9305902,9.742596,2163
6864,0.0015474229292981932,2.8213358,12.407402,1455
6865,0.0013474809975400762,1.1227076,3.6444664,1267
6866,0.001897321309874898,1.8046348,12.669699,1784
6867,0.0023907950137885487,2.253331,7.737401,2248
6868,0.00023929220556157628,1.1475278,5.467222,225
6869,0.0010624573926933986,1.8583841,7.0996428,999
6870,0.0015665663057431193,2.0549304,9.818114,1473
6871,0.0010284247234579745,1.8793793,6.971532,967
6872,9.35898403974165e-05,1.9401999,10.243705,88
6873,0.0016580291043133218,1.1475813,4.6099825,1559
6874,0.003784007410613726,2.5331185,11.506201,3558
6875,0.0005583484796436779,1.8111364,6.465446,525
6876,0.0007657350577970441,1.4186939,8.478601,720
6877,0.0037393395322422316,1.4925363,7.625677,3516
6878,0.00018505263896761897,1.7530446,8.393816,174
6879,0.001900511872615719,3.3544428,10.013817,1787
6880,0.006894806082914218,3.7487152,9.717341,6483
6881,6.487477573002735e-05,1.5628643,7.031012,61
6882,0.002268490108723743,2.2868404,7.298255,2133
6883,0.0019260363745422873,1.3189018,4.4641027,1811
6884,0.00016165517886826487,1.8809876,9.662341,152
6885,0.001912210602665396,3.6206985,11.173329,1798
6886,0.019709169570965027,1.5996289,5.653319,18532
6887,0.0027492015616741097,4.07927,12.122727,2585
6888,0.0017377931728338471,3.1819472,9.722719,1634
6889,0.0005126170803585767,1.6897818,9.302579,482
6890,0.00626520170205887,2.7260368,14.164203,5891
6891,0.00017760799257236993,0.96842384,2.7632709,167
6892,0.0015825191194472244,1.505596,7.3874707,1488
6893,0.004859227054270408,2.7416372,9.480807,4569
6894,0.00040626498899787615,1.2402558,6.5137258,382
6895,0.001319829453786294,1.7103192,7.2864428,1241
6896,0.00039882034260262713,1.4323331,7.3313155,375
6897,0.001881368496170793,1.8181148,8.888197,1769
6898,0.0037584829086871577,5.081383,12.822779,3534
6899,0.00019781488993090305,1.4632583,7.2072954,186
6900,0.0001318765932872687,1.8393574,12.903906,124
6901,0.003172482885289698,3.3000894,10.933788,2983
6902,0.00027332487479700044,2.0022368,11.3651085,257
6903,0.003056559105706534,3.8130898,13.409934,2874
6904,0.002999128976371756,3.1708276,10.159144,2820
6905,0.005467561016853616,1.8670838,8.016457,5141
6906,0.0024939565424084284,1.303674,6.8473616,2345
6907,0.0010294882443715814,1.8950962,8.0178,968
6908,0.0013496080393672902,1.4759065,8.021693,1269
6909,0.0004615680765054404,1.6266667,7.4264045,434
6910,0.004384896726801684,2.1768453,7.8158026,4123
6911,8.508167308856045e-06,1.196761,2.6993709,8
6912,0.008059361483313888,2.430797,6.946079,7578
6913,0.00037116879884884494,1.3355045,4.8758945,349
6914,0.0027619638126373937,1.6737098,9.597839,2597
6915,0.0009571688222463051,1.238415,3.5031822,900
6916,0.0007327659094752269,2.2031188,6.766289,689
6917,4.147731563067322e-05,1.3599687,3.6999865,39
6918,0.0015293430737668742,1.5503728,6.9441795,1438
6919,0.006367299709765142,1.6649376,7.6375356,5987
6920,0.002621579052041269,1.1450601,3.6067817,2465
6921,8.508167308856045e-06,1.5479865,2.9985743,8
6922,0.0007944501224644332,1.5872958,7.365629,747
6923,0.002475876686877109,2.0331051,9.1284,2328
6924,0.002443971059468899,2.3090808,8.954763,2298
6925,0.0010507586626437215,2.4914439,8.671631,988
6926,0.0027226135388339345,2.1843154,7.928421,2560
6927,0.036417083123731084,1.8178484,7.294261,34242
6928,0.003581938437028395,1.2762321,4.6986933,3368
6929,0.009401524876285929,34.4405,58.89244,8840
6930,0.012075216453093942,1.3156475,4.605732,11354
6931,0.000381804007984915,1.546885,11.390154,359
6932,0.0038722796464431075,2.381591,10.476956,3641
6933,0.0027566462080693584,3.6133883,11.367987,2592
6934,0.0018016044276502675,4.1797996,13.387431,1694
6935,0.005681328720488624,2.3488266,10.5691185,5342
6936,0.0004243448445291952,1.7619963,8.929487,399
6937,0.0016208058723370766,2.691127,14.381639,1524
6938,0.0032373576610197252,3.860936,10.325264,3044
6939,0.005237840499514502,2.0779445,7.62296,4925
6940,0.0020366425495574156,4.5117974,12.359129,1915
6941,0.004617807806881619,2.6507275,10.144949,4342
6942,0.001718649796388921,1.7113698,8.288522,1616
6943,0.001890940184393256,2.1844354,7.7580967,1778
6944,0.008319924107147604,1.4914132,7.0703936,7823
6945,0.003184181615339375,2.3364646,8.3640995,2994
6946,8.508167308856045e-06,0.79114366,1.3744864,8
6947,0.0016473938951772518,4.095861,12.75816,1549
6948,0.0012007151114623094,1.2672592,6.4509726,1129
6949,0.002610943842905199,3.9012792,12.381423,2455
6950,0.0021834084356351824,1.2050557,7.2634654,2053
6951,0.0010231071188899394,1.949946,7.630065,962
6952,0.019043405479047044,1.3649706,5.104111,17906
6953,2.446098101296113e-05,1.3117986,2.909286,23
6954,0.002417383036628724,3.8938267,11.150543,2273
6955,0.0014346897124558507,2.5112927,11.078042,1349
6956,0.0034894121175445855,2.0870273,9.196093,3281
6957,0.0017399202146610611,1.9509667,11.016655,1636
6958,0.0017622541538468083,2.8234618,9.103,1657
6959,0.0006125880462376352,1.4767501,5.367275,576
6960,0.0032533104747238303,1.3688076,4.7223907,3059
6961,0.0015559310966070492,1.7355145,7.030048,1463
6962,0.003593637167078072,2.461105,9.830483,3379
6963,0.002440780496728078,1.6937245,6.880603,2295
6964,0.0013123848073910449,1.5007265,6.586392,1234
6965,0.001886686100738828,4.189535,13.240828,1774
6966,0.00012124138415119864,2.272412,10.367012,114
6967,0.001314511849218259,3.0337267,10.854887,1236
6968,0.0003605335897127749,1.5702926,4.9864097,339
6969,0.0021270418272140114,1.5179877,11.021934,2000
6970,0.00023610164282075524,2.2247357,9.57805,222
6971,0.0013060036819094029,1.6477295,7.6431623,1228
6972,0.0002626896656609304,1.3690759,8.007142,247
6973,0.0011720000467949202,1.4247469,5.5104485,1102
6974,0.0011847622977582042,2.3182864,6.539398,1114
6975,0.013629020507873776,2.8654513,9.484132,12815
6976,0.00417325606499389,2.1215303,8.744455,3924
6977,0.0012209220088208424,1.8572882,11.8296995,1148
6978,0.0013081307237366169,1.5837667,7.0990324,1230
6979,0.0036638295473761344,1.2701035,5.3753004,3445
6980,0.0003052305022052106,1.4104065,4.393746,287
6981,0.0005955717116199232,1.9336151,6.5125947,560
6982,1.5952813704105085e-05,1.4291673,3.3146625,15
6983,0.00017548095074515594,0.8726627,3.8240986,165
6984,0.0014580871725552048,2.087185,7.0449686,1371
6985,0.0001116696959287356,1.493529,6.107113,105
6986,0.023087975513494487,1.4361749,5.937282,21709
6987,0.0017516189447107382,2.3282835,9.997662,1647
6988,0.0020047369221492055,3.1238809,10.441231,1885
6989,0.0004158366772203392,1.7521034,8.346775,391
6990,0.00013825771876891074,2.553204,9.4127655,130
6991,0.0023227296753177,3.5696914,8.830069,2184
6992,7.125590121166937e-05,1.2580123,4.885941,67
6993,0.0010071543051858344,1.6981308,6.3443904,947
6994,0.0015633757430022982,2.0175407,9.782862,1470
6995,0.002481194291445144,2.1543589,6.6470394,2333
6996,3.1905627408210167e-06,0.85650194,1.0259372,3
6997,0.0014283085869742085,3.5635405,10.79894,1343
6998,0.0001712268670907279,1.0836189,4.25637,161
6999,0.0010209800770627254,2.0766463,7.611884,960
7000,0.0025492596299159925,2.4882534,7.662403,2397
7001,0.003747847699551088,3.4859133,11.582435,3524
7002,0.0005764283351749971,1.5269196,7.5137877,542
7003,0.0006157786089784563,1.7872738,9.771852,579
7004,0.004192399441438816,2.4908297,8.405469,3942
7005,7.870054760691842e-05,0.93318415,1.6343743,74
7006,0.000939088966714986,1.4463532,6.0570884,883
7007,6.062069207559932e-05,1.2618517,3.411726,57
7008,0.0023493176981578753,1.5649395,4.59648,2209
7009,0.0003658511942808099,1.7876153,9.381522,344
7010,0.0037159420721428775,1.7857882,9.108373,3494
7011,0.006414094629963851,1.8649263,14.558077,6031
7012,0.004476359525371887,2.1137085,8.663991,4209
7013,0.0013889583131707493,2.2080164,11.815556,1306
7014,0.0002095136199805801,1.258129,5.7998657,197
7015,0.0023812233255660854,3.3819299,10.559457,2239
7016,0.00011805082141037762,2.548996,10.65018,111
7017,0.0001308130723736617,1.5362281,7.3662643,123
7018,0.0025503231508295994,2.6868455,11.499713,2398
7019,0.0029533975770866545,1.5820508,9.429488,2777
7020,0.00152721603193966,2.222117,8.541604,1436
7021,6.381125481642033e-06,1.371117,2.0023594,6
7022,0.0035085554939895116,1.8036135,7.3154025,3299
7023,0.09788008376290716,2.6542983,11.228696,92034
7024,0.004770954818441028,1.7125243,8.0094,4486
7025,0.0030554955847929273,3.2005877,8.296409,2873
7026,0.0023737786791708368,1.6875943,5.9769287,2232
7027,0.002285506443341455,2.4229383,9.441032,2149
7028,0.003236294140106118,3.0573213,9.223278,3043
7029,0.0016878076898943178,2.4497895,10.463048,1587
7030,0.0007859419551555772,1.365697,5.446489,739
7031,0.00017973503439958394,2.4881701,11.200165,169
7032,0.0010454410580756864,1.8369865,7.982959,983
7033,0.005284635419713211,1.3353168,4.992579,4969
7034,0.005262301480527464,2.1190135,6.9955025,4948
7035,0.0001680363043499069,1.5410283,5.4950438,158
7036,0.0012804791799828348,1.6887851,7.06016,1204
7037,0.013839597648767965,1.2419826,4.5251145,13013
7038,4.2540836544280225e-06,0.6733941,1.0059732,4
7039,0.0005551579169028569,1.857063,9.0106735,522
7040,0.0016644102297949637,3.8512282,9.928573,1565
7041,0.0009795027614320521,1.5851423,8.975689,921
7042,0.003436236071864235,1.246081,4.822335,3231
7043,0.0012772886172420137,1.8451613,10.594043,1201
7044,0.001876050891602758,1.6557423,7.8976836,1764
7045,0.0017771434466373065,3.6907566,10.799785,1671
7046,0.0008816588373802077,2.0702112,8.843478,829
7047,0.0031182433186957405,1.9069933,6.807184,2932
7048,0.0027204864970067203,1.5190166,8.244277,2558
7049,0.001536787720162123,1.8856889,7.5612483,1445
7050,0.004108381289263862,2.6566257,7.351816,3863
7051,8.614519400216745e-05,1.4850506,6.6447306,81
7052,0.00040626498899787615,1.3489026,5.6910725,382
7053,0.003206515554525122,3.8975894,13.998124,3015
7054,0.0020089910058036335,2.4401445,8.234385,1889
7055,0.001147539065781959,3.4845731,10.77785,1079
7056,0.0005987622743607442,1.9661256,10.13549,563
7057,0.004932609997309292,3.4680653,10.525264,4638
7058,0.0029693503907907595,3.3431048,11.478961,2792
7059,0.002626896656609304,1.7827113,7.9370103,2470
7060,0.00015846461612744383,1.1264595,7.2193036,149
7061,0.00020313249449893807,2.014835,5.750662,191
7062,0.0031203703605229547,2.5748882,8.371489,2934
7063,0.001133713293905068,1.8405398,9.625251,1066
7064,0.003032098124693573,1.7166247,6.6413846,2851
7065,0.003191626261734624,2.9367704,11.088313,3001
7066,0.001528279552853267,2.306982,8.865723,1437
7067,0.0019324175000239292,3.0054595,9.394723,1817
7068,0.0008476261681447834,2.5254712,8.168443,797
7069,0.0007848784342419701,1.6758294,6.2709646,738
7070,0.001520834906458018,1.5308696,6.7252736,1430
7071,0.0005083629967041487,1.084974,3.9963667,478
7072,0.002295078131563918,3.6834292,7.9902864,2158
7073,0.0005083629967041487,1.9791793,11.722524,478
7074,0.004444453897963677,1.5991329,11.71035,4179
7075,0.003936090901259528,1.5490929,8.680201,3701
7076,0.0005562214378164639,1.1230919,4.3274436,523
7077,9.784392405184451e-05,0.89817137,2.000295,92
7078,0.005523927625274787,1.3307852,5.4684057,5194
7079,0.0011794446931901693,1.7183203,9.73772,1109
7080,0.011860385228545326,1.2674758,4.9391003,11152
7081,0.008763412328121726,1.7581416,6.814102,8240
7082,0.0013379093093176132,1.9498303,6.972172,1258
7083,0.017927772040673293,2.508804,9.882442,16857
7084,0.007376581056778191,2.9514465,13.911526,6936
7085,0.0031650382388944487,2.6603668,9.447324,2976
7086,0.003179927531684947,3.2326484,12.449988,2990
7087,0.00025630854017928836,2.3770444,10.341738,241
7088,0.00016271869978187186,0.9902951,2.9610374,153
7089,0.0010486316208165075,1.8326595,7.0914197,986
7090,0.002073865781533661,1.8165869,11.351709,1950
7091,5.849365024838531e-05,1.1154789,4.323515,55
7092,0.0004934737039136506,1.4149269,5.3827405,464
7093,0.002287633485168669,1.7699757,7.6379275,2151
7094,0.007899833346272837,1.9267625,10.391847,7428
7095,0.00042115428178837424,1.2625209,6.884109,396
7096,0.0010677749972614337,1.6713818,10.5976715,1004
7097,0.0030586861475337484,1.4563729,6.895729,2876
7098,0.0016622831879677497,3.6527197,12.148626,1563
7099,0.022307351162906944,2.9484138,9.738529,20975
7100,0.0007529728068337599,1.2321467,5.3984866,708
7101,0.008380544799223205,19.773375,44.38025,7880
7102,0.0028853322386158064,2.404337,10.031314,2713
7103,0.001352798602108111,1.3628533,7.5255003,1272
7104,0.004304069137367552,1.7170337,7.539087,4047
7105,0.00017867151348597695,1.949468,9.864472,168
7106,0.0015357241992485162,1.695071,6.512452,1444
7107,0.0023450636145034474,3.577453,10.412578,2205
7108,0.0002690707911425724,2.21795,9.784782,253
7109,0.0011975245487214883,1.6959385,7.673748,1126
7110,0.0022057423748209296,4.134456,12.348975,2074
7111,0.0021270418272140114,1.9796638,7.4680533,2000
7112,0.0001308130723736617,1.1453154,3.6943176,123
7113,0.0018335100550584777,4.228252,11.880563,1724
7114,0.0018228748459224076,3.5922074,10.702111,1714
7115,0.002433335850332829,2.7856615,10.5123415,2288
7116,0.00016271869978187186,0.9651667,3.8738039,153
7117,0.008644297985797742,2.2770417,8.344803,8128
7118,0.0010124719097538693,1.2286891,6.9545856,952
7119,0.0019675136901729606,1.9499676,8.255708,1850
7120,0.0001722903880043349,1.7502146,7.300674,162
7121,0.0041955900041796374,1.8070296,11.002995,3945
7122,0.0016644102297949637,1.4968903,6.9511847,1565
7123,0.002836410276589884,2.20797,9.488726,2667
7124,0.000551967354162036,1.8699492,8.278011,519
7125,0.003225658930970048,2.6608784,10.616354,3033
7126,0.009355793477000829,31.801802,56.393925,8797
7127,0.0007072414075486587,1.6695353,8.088995,665
7128,0.015368940722534839,1.3082141,3.304686,14451
7129,0.009414287127249213,1.7218091,8.5687065,8852
7130,0.001329401142008757,1.5083312,7.5098114,1250
7131,0.0021036443671146573,1.2826403,6.6324744,1978
7132,0.0029714774326179737,1.5387726,6.2068186,2794
7133,0.004443390377050069,2.0901623,9.485005,4178
7134,0.0002467368519568253,1.5570039,11.198742,232
7135,0.00019675136901729605,1.2114435,5.163922,185
7136,0.0012368748225249475,1.5694485,6.525493,1163
7137,0.0014059746477884615,1.8505502,5.5469165,1322
7138,0.00015527405338662282,2.2717195,9.15552,146
7139,0.0017665082375012363,1.8862654,6.6799836,1661
7140,0.0016622831879677497,4.514479,13.096047,1563
7141,0.00048602905751840157,1.4704746,5.4077473,457
7142,0.0027460109989332886,4.232768,12.602736,2582
7143,0.0014740399862593098,2.417622,10.550611,1386
7144,0.0010518221835573286,1.5407656,7.0496,989
7145,0.00018398911805401198,0.9194311,5.091812,173
7146,0.008377354236482384,2.260834,9.028769,7877
7147,0.0003052305022052106,2.112996,8.68919,287
7148,0.007072414075486587,2.3202608,9.882005,6650
7149,0.00023291108007993423,1.5491099,7.6665487,219
7150,0.004945372248272576,1.8951508,7.1036315,4650
7151,0.0017516189447107382,2.5794466,8.224733,1647
7152,0.000953978259505484,1.2945912,7.2215214,897
7153,0.000581745939743032,1.0978076,4.180811,547
7154,0.0022099964584753576,1.4680645,5.966668,2078
7155,0.001137967377559496,1.947438,13.19794,1070
7156,0.0004307259700108373,0.9827309,3.1312132,405
7157,0.0009093103811339898,1.272578,4.91367,855
7158,0.002046214237779879,1.8507587,5.895333,1924
7159,0.00022227587094386417,1.5737463,8.338166,209
7160,0.0010486316208165075,1.5891051,5.8174434,986
7161,7.231942212527638e-05,0.7406875,1.5036063,68
7162,0.0030118912273350397,2.9560316,10.454406,2832
7163,0.002046214237779879,4.552492,11.54631,1924
7164,0.0003360726086998138,1.623424,9.148566,316
7165,7.444646395249039e-06,1.2354887,1.8684621,7
7166,0.007412740767840829,1.7834995,6.054901,6970
7167,0.00028608712576028454,1.0412574,4.548202,269
7168,0.000187179680794833,1.1177177,3.6812503,176
7169,3.935027380345921e-05,0.78827566,1.8807583,37
7170,0.002279125317859813,1.6254135,8.941572,2143
7171,0.0015389147619893372,1.6572239,5.6751747,1447
7172,0.011366911524631675,1.3368716,5.9892464,10688
7173,0.009147343377933855,1.2273397,5.36685,8601
7174,0.0011953975068942743,2.0488179,6.3095913,1124
7175,0.003712751509402057,1.1415223,4.2352304,3491
7176,0.0017973503439958395,3.762278,11.369506,1690
7177,0.0025662759645337044,3.003709,11.048413,2413
7178,0.007979597414793363,2.5942485,10.594436,7503
7179,0.00016590926252269287,1.1318698,3.3138478,156
7180,0.0005721742515205691,1.5392348,6.0900254,538
7181,0.0006987332402398027,1.4535834,10.296752,657
7182,0.0001510199697321948,1.5144814,6.890364,142
7183,0.001323020016527115,1.6025022,7.081763,1244
7184,0.0003573430269719539,1.4838451,7.2374377,336
7185,1.0635209136070057e-05,1.0021453,1.7239939,10
7186,0.0013857677504299283,1.1441554,4.9378924,1303
7187,0.0023695245955164083,2.0104926,10.526957,2228
7188,5.3176045680350284e-05,1.2166392,3.9220805,50
7189,3.1905627408210167e-06,0.7354931,0.98823816,3
7190,0.003386250588924706,1.0546592,3.1207674,3184
7191,0.0009997096587905853,1.5585892,7.3794627,940
7192,0.004597600909523086,2.1957927,9.076819,4323
7193,0.0009933285333089432,1.7911896,5.757131,934
7194,0.0019930381920995285,1.6468433,7.970457,1874
7195,0.0018207478040951936,1.4044313,6.4542227,1712
7196,0.0018345735759720846,2.1000118,6.6812286,1725
7197,0.0021674556219310774,1.7251762,8.327283,2038
7198,0.0005072994757905416,1.3508468,9.427262,477
7199,0.036234157526590684,1.0204301,6.393962,34070
7200,0.0011698730049677062,1.5069146,9.790238,1100
7201,0.001862225119725867,1.9581751,8.408016,1751
7202,0.003801023745231438,1.6218466,8.281395,3574
7203,0.0031331326114862387,1.2230406,5.5299764,2946
7204,7.44464639524904e-05,1.0907468,2.5429647,70
7205,0.000563666084211713,1.2634054,7.8896127,530
7206,0.004437009251568427,1.2698394,5.0168896,4172
7207,0.0002850236048466775,2.0134478,10.611972,268
7208,0.0014485154843327417,1.6851109,8.360476,1362
7209,0.0022142505421297856,2.6356497,10.956674,2082
7210,0.001149666107609173,2.3231335,10.39682,1081
7211,0.0025290527325574595,2.8285162,8.275611,2378
7212,0.0016208058723370766,2.954109,12.196416,1524
7213,0.001723967400956956,2.7330513,10.708761,1621
7214,0.0005934446697927092,1.5968045,8.962615,558
7215,0.00208131042792891,3.0651746,8.496001,1957
7216,0.07809965829073046,1.1853005,6.2969093,73435
7217,0.00167291839710382,2.0755982,11.971072,1573
7218,0.014865895330398725,1.8528856,4.801241,13978
7219,0.0015644392639159053,3.3438945,12.137667,1471
7220,0.0008146570198229663,1.2309285,4.552697,766
7221,0.00027013431205617945,2.0164666,7.603234,254
7222,0.0020047369221492055,2.5157492,6.8761873,1885
7223,0.002428018245764794,2.3815365,7.799421,2283
7224,0.001124141605682605,1.7846262,7.9673424,1057
7225,0.00023716516373436226,1.768256,10.425022,223
7226,0.0017388566937474542,3.1502442,8.962859,1635
7227,0.005536689876238072,1.8413064,6.3696175,5206
7228,0.000381804007984915,1.5839139,5.8834805,359
7229,0.002271680671464564,1.8290961,7.7413845,2136
7230,0.002065357614224805,1.6335115,10.631636,1942
7231,0.0048773069098017275,2.3213983,8.105028,4586
7232,0.0003190562740821017,1.7547287,7.1718655,300
7233,0.0540747208523482,0.8646687,3.2384396,50845
7234,0.014524505117130876,2.3599348,10.654242,13657
7235,0.003419219737246523,1.4737667,5.3178973,3215
7236,0.0023014592570455602,1.3526015,5.475978,2164
7237,0.012200711920899568,1.9860561,10.559956,11472
7238,2.9778585580996157e-05,1.1512026,2.7667499,28
7239,0.0017505554237971313,1.7862952,8.71858,1646
7240,0.003794642619749796,2.6187098,10.435771,3568
7241,0.0002307840382527202,1.3107619,7.7462873,217
7242,0.000758290411401795,1.5824281,6.8775644,713
7243,0.0030597496684473553,1.6900122,5.5599217,2877
7244,0.0016218693932506835,3.088085,10.751901,1525
7245,0.003799960224317831,3.9375505,10.744209,3573
7246,0.0030916552958555653,3.3739045,12.308105,2907
7247,0.00016484574160908588,3.0631824,8.558919,155
7248,0.0003339455668725998,1.0695091,6.02824,314
7249,0.001901575393529326,1.0260531,4.5062304,1788
7250,0.0013793866249482863,1.5067915,7.3787265,1297
7251,0.0011624283585724572,1.3797373,7.5209928,1093
7252,0.00040520146808426915,1.3411523,6.039816,381
7253,0.0010954265410152157,1.5947781,7.547263,1030
7254,9.57168822246305e-06,0.8680029,1.1424043,9
7255,0.0009943920542225503,1.7955724,6.788552,935
7256,0.001352798602108111,3.0917842,8.257748,1272
7257,0.00114009441938671,1.7091143,8.403394,1072
7258,0.0007348929513024409,1.9668365,7.8233023,691
7259,0.00055409439598925,1.1339442,5.5595365,521
7260,0.001689934731721532,1.6253432,7.66772,1589
7261,0.04961750470342124,1.4458344,4.999378,46654
7262,0.0025099093561125334,2.6485968,9.521089,2360
7263,0.03842713765044833,1.6382333,7.476989,36132
7264,0.002459923873173004,2.7076514,7.802709,2313
7265,0.0005870635443110671,1.841177,6.3673277,552
7266,0.0046454593506354,1.5605414,6.449936,4368
7267,0.0014070381687020684,1.5692314,6.1830125,1323
7268,6.593829664363434e-05,0.88825333,2.1946323,62
7269,0.0018547804733306179,1.9731407,8.738063,1744
7270,0.004856036491529588,2.7647126,14.56719,4566
7271,0.0010826642900519318,1.666714,6.755179,1018
7272,0.00214512168274533,4.8663635,13.910666,2017
7273,0.0018164937204407656,2.0620933,6.0497775,1708
7274,0.0010528857044709355,1.8961881,7.139514,990
7275,0.00373295840676059,1.2868586,6.2855806,3510
7276,0.0004977277875680787,1.493329,8.516833,468
7277,0.006561924036955225,1.6870165,11.359539,6170
7278,0.002101517325287443,1.6349785,8.942103,1976
7279,0.0017782069675509134,3.0599868,9.885068,1672
7280,0.0021600109755358283,1.9105283,6.506799,2031
7281,0.0019270998954558942,1.5919924,6.640446,1812
7282,0.0009773757196048381,2.0914803,7.6615376,919
7283,4.254083654428023e-05,0.69677633,1.129887,40
7284,0.0003605335897127749,0.8314343,3.0709956,339
7285,0.003907375836592139,1.6820134,6.8978896,3674
7286,0.03175248039665076,2.2500246,10.340211,29856
7287,0.0012421924270929825,2.3521125,9.829947,1168
7288,0.000762544495056223,1.7756681,7.3659205,717
7289,0.002397176139270191,1.8068293,6.108682,2254
7290,0.004310450262849194,2.3669324,11.722967,4053
7291,0.00030735754403242465,2.0778902,11.318151,289
7292,0.001315575370131866,1.9030399,9.891046,1237
7293,0.16157647832065794,7.3618236,17.177065,151926
7294,0.0004147731563067322,2.0198333,9.581878,390
7295,0.00240462078566544,2.5575702,9.56081,2261
7296,0.0007763702669331141,1.3371575,4.114406,730
7297,0.0027034701623890084,1.1757368,6.4746056,2542
7298,0.0009720581150368031,1.34735,6.988139,914
7299,0.0012049691951167374,2.338835,8.2572565,1133
7300,0.03497813932762081,0.8649194,4.3812246,32889
7301,0.002685390306857689,3.2819362,8.006061,2525
7302,0.026990033745518588,1.6804625,5.635088,25378
7303,0.002465241477741039,4.0964613,11.441026,2318
7304,0.002492893021494821,2.7139907,14.67856,2344
7305,0.009464272610188743,2.4405448,8.761698,8899
7306,0.00027438839571060743,1.5896997,7.719645,258
7307,0.004410421228728252,1.1317726,4.1292667,4147
7308,0.0016261234769051117,1.4406308,6.5684376,1529
7309,0.0006583194455227365,2.2284782,9.0379505,619
7310,0.0029416988470369774,3.0186906,9.948461,2766
7311,0.0009997096587905853,1.6986628,6.3569393,940
7312,0.0029374447633825494,1.8296677,6.344029,2762
7313,0.0007348929513024409,1.6810881,7.0649705,691
7314,0.0011932704650670603,1.4289477,5.4871387,1122
7315,0.00021802178728943616,1.5483267,6.9423223,205
7316,0.0014655318189504538,2.677927,8.614652,1378
7317,0.01503074107200781,1.40642,4.146492,14133
7318,0.002026007340421346,3.0444312,10.450962,1905
7319,0.0036680836310305624,2.7842138,8.938647,3449
7320,0.0022099964584753576,2.6023138,8.048957,2078
7321,0.020207960879446714,1.2618283,5.144854,19001
7322,0.0023918585347021556,2.4823713,9.0106,2249
7323,0.0029587151816546898,1.7339838,6.8794417,2782
7324,0.000378613445244094,2.0613089,8.403507,356
7325,0.0007327659094752269,1.7762895,10.528394,689
7326,0.00512510728267216,1.8800869,9.921506,4819
7327,0.005838729815702461,2.7030916,9.639711,5490
7328,0.0008082758943413243,2.4007206,9.804654,760
7329,0.0033277569386763206,2.5191712,12.110615,3129
7330,0.00510383686440002,1.3789505,8.528121,4799
7331,0.002810885774663316,3.4478304,10.633915,2643
7332,0.0014942468836178428,1.6615809,7.788929,1405
7333,0.006827804265356976,2.219274,8.302343,6420
7334,0.005543071001719713,1.8738636,5.229963,5212
7335,0.002223822230352249,1.6086462,6.5979,2091
7336,0.0018090490740455165,3.252301,14.217004,1701
7337,0.0006051433998423862,1.4410003,4.9969745,569
7338,0.0032331035773652973,2.6287425,11.438721,3040
7339,0.004322148992898871,1.780914,7.4216976,4064
7340,0.004320021951071657,1.5858839,6.969623,4062
7341,0.0012475100316610176,1.820971,6.0239763,1173
7342,2.5524501926568134e-05,1.4388032,2.6074054,24
7343,0.0014612777352960256,2.3386095,6.4193935,1374
7344,0.01745982283868621,1.3144472,9.138304,16417
7345,0.011822098475655475,1.2461356,4.7004867,11116
7346,0.00034564429692227684,1.7237746,6.0112553,325
7347,0.0002616261447473234,1.8796492,6.70748,246
7348,0.005877016568592313,5.920681,14.023054,5526
7349,0.006654450356439034,2.029143,8.504059,6257
7350,7.125590121166937e-05,1.7401919,7.0136933,67
7351,0.0013028131191685818,1.7424318,5.841115,1225
7352,0.0017377931728338471,2.448122,10.421813,1634
7353,0.0021078984507690852,3.0376892,10.257516,1982
7354,0.0026524211585358722,2.5230205,8.699676,2494
7355,0.000578555377002211,1.393058,5.749332,544
7356,7.019238029806238e-05,1.3228612,3.4620986,66
7357,0.00030735754403242465,1.3713096,5.598184,289
7358,0.0027236770597475414,2.3395236,7.05543,2561
7359,0.0006732087383132346,1.5911044,8.611336,633
7360,0.0012039056742031303,3.0713477,9.491746,1132
7361,0.04493801268355042,1.5963906,6.494095,42254
7362,0.0005243158104082538,1.2104181,4.0025353,493
7363,0.01994633473469939,1.3224881,5.3517303,18755
7364,0.0006498112782138805,1.4755952,7.127357,611
7365,0.0005349510195443238,2.0469358,10.544044,503
7366,0.0010156624724946904,3.0057788,9.216242,955
7367,0.000950787696764663,1.7983639,12.979123,894
7368,0.00021483122454861513,1.9694202,9.171897,202
7369,0.0016537750206588938,1.7876971,6.711277,1555
7370,0.0002052595363261521,1.6425534,7.558203,193
7371,0.0012102867996847725,1.614963,7.08258,1138
7372,0.0008125299779957523,1.5256311,5.3707433,764
7373,0.00013613067694169672,1.1633337,4.3835583,128
7374,0.06251907690638782,0.90748763,3.4297373,58785
7375,0.0009327078412333439,2.6256735,8.254413,877
7376,0.0013006860773413678,1.9003186,11.437381,1223
7377,0.000949724175851056,1.1151652,3.7059174,893
7378,0.0018430817432809408,2.078924,7.7853103,1733
7379,0.0060269730174109006,2.1514647,7.513086,5667
7380,0.0014325626706286367,2.0183718,9.107034,1347
7381,0.0019781488993090303,2.9992166,11.740928,1860
7382,0.0001137967377559496,1.0808426,3.3603911,107
7383,0.0,0.0,0.0,0
7384,0.0021855354774623966,1.728676,7.9024954,2055
7385,0.0009295172784925229,1.9839528,6.9717903,874
7386,0.00266731045132637,1.4359545,9.995364,2508
7387,0.0010869183737063598,1.7001834,6.5946527,1022
7388,0.016055975232724964,1.3786551,6.2456675,15097
7389,0.0012772886172420137,1.5557933,6.950877,1201
7390,0.0021770273101535407,1.8372397,6.215625,2047
7391,0.0016410127696956096,3.542804,9.409661,1543
7392,0.003932900338518707,2.9350965,10.856803,3698
7393,0.0017835245721189484,1.7189722,9.405365,1677
7394,0.003006573622767005,1.9376748,8.058479,2827
7395,0.0008976116510843127,1.368645,5.798715,844
7396,0.005329303298084705,1.1735986,3.886722,5011
7397,0.00020100545267172406,1.6017824,5.9964995,189
7398,0.0010762831645702896,1.6144581,6.323432,1012
7399,0.0010284247234579745,1.6817087,7.1282716,967
7400,0.0029066026568879463,1.5110368,6.7009163,2733
7401,1.3825771876891073e-05,0.7521441,1.4975827,13
7402,0.0017718258420692714,2.0596347,7.023569,1666
7403,0.0008763412328121726,3.5532122,10.10269,824
7404,0.0025822287782378095,3.4971712,10.932545,2428
7405,0.0012007151114623094,1.361043,7.2243743,1129
7406,0.0004232813236155882,1.2620236,3.8026805,398
7407,1.8079855531319095e-05,1.2518038,2.2511706,17
7408,0.003981822300544629,1.8122437,6.2624803,3744
7409,3.935027380345921e-05,1.3708917,3.7878642,37
7410,0.0048858150771105835,5.402601,12.083297,4594
7411,0.0007370199931296549,1.3273255,6.525016,693
7412,0.0028534266112075963,1.5697746,9.62048,2683
7413,0.003325629896849107,3.9546494,12.870162,3127
7414,0.00266731045132637,3.5095847,11.177692,2508
7415,0.003996711593335128,1.2188247,5.184934,3758
7416,0.0023844138883069065,1.3044714,6.531146,2242
7417,0.003612780543522998,1.9712864,8.2559595,3397
7418,0.0006062069207559932,1.6062667,12.148274,570
7419,0.003267136246600721,4.2789607,9.653841,3072
7420,0.004244511966205559,1.4177754,5.410095,3991
7421,0.0007178766166847288,1.6050975,9.574205,675
7422,0.00023291108007993423,1.4856856,6.740006,219
7423,0.0021504392873133655,1.5599988,7.513864,2022
7424,0.0010592668299525777,1.9081886,6.1932225,996
7425,0.0006530018409547014,1.4526135,4.792547,614
7426,0.0021525663291405792,3.6381423,11.967045,2024
7427,0.0008072123734277173,2.22054,14.533438,759
7428,0.00034564429692227684,1.0022864,3.0474353,325
7429,0.007647778889747978,1.4203827,7.284985,7191
7430,0.006513002074929303,1.76141,6.856496,6124
7431,0.0010805372482247178,1.5059855,7.3630877,1016
7432,0.005370780613715378,1.9692643,10.489168,5050
7433,0.0045656952821148756,2.4880452,9.694099,4293
7434,0.0002850236048466775,1.7681437,7.771776,268
7435,0.00019143376444926102,1.1449739,5.0480285,180
7436,3.1905627408210167e-06,0.7150671,0.77780414,3
7437,0.0012985590355141538,1.6562519,9.170393,1221
7438,0.002833219713849063,4.019062,11.088165,2664
7439,0.00025843558200650235,1.48759,6.082761,243
7440,0.002615197926559627,1.8299636,10.826801,2459
7441,0.00013613067694169672,1.6239873,5.6805673,128
7442,0.002872569987652522,2.1049247,7.899171,2701
7443,0.0002765154375378215,1.2415922,7.007101,260
7444,0.001917528207233431,1.8869404,10.870539,1803
7445,0.00014038476059612475,1.427084,8.523725,132
7446,0.0006742722592268416,1.7103882,6.2379546,634
7447,0.0014368167542830647,2.0858736,7.334904,1351
7448,0.00042115428178837424,1.5593809,7.240015,396
7449,0.002903412094147125,3.0653102,9.501411,2730
7450,0.0027130418506114713,1.821244,5.7340636,2551
7451,0.00023291108007993423,1.4791461,6.2453175,219
7452,1.8079855531319095e-05,0.8433231,1.4206527,17
7453,0.0010135354306674764,2.0453868,11.79608,953
7454,0.001896257788961291,1.280236,6.194576,1783
7455,0.0003339455668725998,0.9367554,3.5388978,314
7456,0.011634918794860642,0.9308235,2.944506,10940
7457,0.002854490132121203,2.1990895,9.656334,2684
7458,0.010842595714223422,1.5456349,7.1898456,10195
7459,0.001723967400956956,2.9478455,10.957144,1621
7460,0.005247412187736966,2.1407468,8.60551,4934
7461,0.0035032378894214763,2.0210204,8.712952,3294
7462,9.146279857020248e-05,0.9307989,2.3508914,86
7463,0.0016505844579180727,1.893808,10.072151,1552
7464,0.004984722522076036,1.0733913,4.592688,4687
7465,0.014936087710696787,1.9341344,7.670239,14044
7466,0.0012039056742031303,1.461163,5.3123584,1132
7467,0.0014229909824061736,1.0527354,5.8489943,1338
7468,0.00016059165795465785,1.6922381,6.761011,151
7469,0.0010560762672117566,2.1957762,6.749724,993
7470,0.001528279552853267,1.6905706,7.7637606,1437
7471,0.0001722903880043349,0.84750944,1.9187549,162
7472,0.0005381415822851448,1.2550304,6.023773,506
7473,0.0034830309920629433,2.8151886,12.302529,3275
7474,0.00242589120393758,3.131439,11.725947,2281
7475,0.034819674711493366,1.2692385,5.726674,32740
7476,0.0014485154843327417,2.3442757,8.553382,1362
7477,0.0006604464873499505,1.5049999,7.6250863,621
7478,0.003621288710831854,2.631511,7.8941,3405
7479,9.67804031382375e-05,0.7847544,2.5209556,91
7480,0.00037010527793523794,1.3461647,5.4402165,348
7481,0.007946628266471545,1.2486573,6.1591353,7472
7482,0.00037648640341687997,1.2359741,7.9797993,354
7483,0.0014272450660606016,2.327523,7.931729,1342
7484,4.679492019870825e-05,2.2765553,9.560786,44
7485,0.005180410370179724,1.5240427,5.9132566,4871
7486,0.018573329235232746,2.0716863,8.381993,17464
7487,0.003579811395201181,1.4395584,5.6735854,3366
7488,0.0018090490740455165,2.55862,7.157871,1701
7489,0.0002658802284017514,1.4720111,5.406924,250
7490,0.0017782069675509134,0.9528536,3.066562,1672
7491,0.0015952813704105085,1.9499584,7.065124,1500
7492,0.00048071145295036654,1.3805151,5.177185,452
7493,1.0635209136070057e-05,1.4342836,2.8745792,10
7494,0.0005370780613715378,1.3856871,4.1328626,505
7495,1.1698730049677062e-05,0.9509218,1.5387588,11
7496,2.8715064667389152e-05,0.7162462,1.2162238,27
7497,0.001700569940857602,1.4678463,6.5026116,1599
7498,0.0019664501692593533,1.0674741,5.2530146,1849
7499,0.012396399769003258,1.7621719,6.788622,11656
7500,0.0020355790286438087,2.7884133,10.621913,1914
7501,0.0019228458118014662,1.979475,8.513179,1808
7502,0.0009284537575789159,1.8142307,8.213125,873
7503,0.004937927601877327,1.7077652,6.81345,4643
7504,0.0009284537575789159,2.5098445,10.182209,873
7505,0.003443680718259484,1.3336792,4.4048104,3238
7506,0.0025216080861622104,2.3749044,9.825615,2371
7507,0.005137869533635444,1.25894,5.447663,4831
7508,7.444646395249039e-06,0.5662806,0.69566584,7
7509,0.0010220435979763323,1.7341598,9.552327,961
7510,0.0029959384136309347,1.4984002,6.385568,2817
7511,0.0008561343354536395,1.5029703,6.0930943,805
7512,0.0011943339859806672,1.9806325,8.03048,1123
7513,4.9985482939529265e-05,0.719278,1.623356,47
7514,0.0008391180008359275,1.2137735,7.4941435,789
7515,0.004451898544358925,1.9254116,9.418058,4186
7516,0.0024982106260628563,1.7465041,5.7719154,2349
7517,0.0009295172784925229,1.3860751,5.962878,874
7518,0.0008880399628618497,1.7085041,6.135341,835
7519,0.002621579052041269,2.2675474,9.59872,2465
7520,0.00046582216015986845,1.2778906,6.109007,438
7521,0.0025758476527561677,4.5220118,10.424606,2422
7522,0.00019994193175811706,1.1467631,8.843273,188
7523,0.0030469874174840713,2.7633471,8.879746,2865
7524,0.00019994193175811706,1.8827251,10.547471,188
7525,0.0017558730283651664,1.7253691,7.2708383,1651
7526,0.00044561526280133534,1.5663501,5.114476,419
7527,5.2112524766743275e-05,1.7803835,5.9606667,49
7528,0.004417865875123501,1.3008803,5.1083407,4154
7529,0.01364178275883706,1.4177547,7.00686,12827
7530,0.0011166969592873559,1.3731793,4.970472,1050
7531,0.0004849655366047946,1.7967649,9.756963,456
7532,0.0027449474780196813,1.387784,7.643152,2581
7533,0.003014018269162254,1.4205508,4.6873646,2834
7534,0.00014251180242333874,1.1314682,3.6939254,134
7535,0.0075031400454974246,2.9542036,8.791407,7055
7536,0.002627960177522911,2.314891,12.978238,2471
7537,0.0005881270652246741,1.3993621,6.8831224,553
7538,0.00016378222069547886,1.4707657,7.7695622,154
7539,0.001157110754004422,1.2331328,3.76594,1088
7540,0.002643912991227016,2.2065892,9.572153,2486
7541,0.0011900799023262393,1.7823364,7.101758,1119
7542,0.004100936642868614,1.549932,6.4435005,3856
7543,0.0012528276362290527,1.5349426,7.1508994,1178
7544,0.0017548095074515593,3.4660125,9.4323635,1650
7545,0.0006625735291771645,1.3878194,6.626092,623
7546,0.000570047209693355,1.6409265,9.542917,536
7547,0.00011911434232398463,1.3896352,4.1682606,112
7548,0.0026917714323393314,1.3294616,5.112042,2531
7549,0.00048815609934561556,1.4287701,6.3117557,459
7550,0.0005604755214708919,1.2158403,5.837535,527
7551,0.0010231071188899394,1.3754512,6.7957187,962
7552,0.0053484466745296316,0.9833266,3.8959985,5029
7553,0.0038967406274560685,1.2544736,4.73201,3664
7554,0.017949042458945436,2.1865413,7.3638315,16877
7555,0.0031033540259052424,1.4836566,5.0327005,2918
7556,0.0009592958640735191,2.5207443,7.680997,902
7557,0.000567920167866141,1.5328323,9.944051,534
7558,0.000581745939743032,1.6510174,9.7753725,547
7559,0.0031214338814365616,1.328757,6.246878,2935
7560,0.003057622626620141,1.7386767,8.882038,2875
7561,0.007521219901028744,3.2403214,10.593917,7072
7562,0.002822584504712993,1.4400582,5.3489466,2654
7563,0.004338101806602976,1.3384364,9.890014,4079
7564,0.00039137569620737806,1.3650309,5.5561004,368
7565,0.003962678924099703,1.3711609,6.7724996,3726
7566,0.003999902156075948,2.547183,9.859232,3761
7567,0.0064023958999141735,2.0215027,7.560737,6020
7568,0.0013676878948986092,1.6765745,6.4540133,1286
7569,0.2601978361603492,2.0413585,17.6287,244657
7570,0.00594189134432234,1.756101,8.034891,5587
7571,0.04943776966902166,0.9133045,3.8646708,46485
7572,0.0010954265410152157,1.6496952,8.220768,1030
7573,0.003057622626620141,1.5575211,6.952192,2875
7574,0.012751615754147997,1.7431868,8.133529,11990
7575,0.001887749621652435,1.4371135,6.380664,1775
7576,0.00021589474546222215,2.1764197,7.075006,203
7577,0.00017548095074515594,1.5889206,8.604894,165
7578,0.0011645554003996712,1.5026736,6.5706024,1095
7579,0.0032565010374646514,2.1119125,8.745187,3062
7580,0.011324370688087396,2.467144,9.238837,10648
7581,0.007275546569985526,1.754284,9.490902,6841
7582,0.01925398261994123,1.1255729,5.000732,18104
7583,0.001678236001671855,1.3726268,5.103793,1578
7584,0.007212798836082712,2.346066,9.0855255,6782
7585,0.00022014882911665015,1.0628271,3.632301,207
7586,0.001698442899030388,0.8686238,2.1767652,1597
7587,0.0008412450426631415,1.3981844,7.26615,791
7588,0.0021344864736092604,3.3414278,10.775645,2007
7589,0.00024035572647518327,1.1791695,4.3088517,226
7590,0.0034968567639398346,2.5510757,12.376912,3288
7591,0.0012294301761296986,1.2247096,4.284475,1156
7592,0.000760417453229009,2.6671855,8.0131855,715
7593,0.0025662759645337044,3.1836073,9.628394,2413
7594,0.0013793866249482863,2.4890592,10.159909,1297
7595,0.00015633757430022984,1.2572875,3.6871672,147
7596,0.009453637401052673,36.788338,59.216656,8889
7597,0.005495212560607398,3.2614133,11.37635,5167
7598,0.004142413958499287,1.1952509,5.0871153,3895
7599,1.0635209136070057e-05,1.7635998,2.7020164,10
7600,0.0015835826403608315,2.2712224,8.330291,1489
7601,7.125590121166937e-05,1.7232789,5.462376,67
7602,0.002631150740263732,2.3913932,7.9396095,2474
7603,0.002682199744116868,1.7785463,7.319992,2522
7604,0.0031288785278318107,3.8316777,11.024064,2942
7605,0.002871506466738915,2.120159,9.414368,2700
7606,0.004679492019870825,1.2211354,4.7555895,4400
7607,0.0003201197949957087,1.8340989,8.728728,301
7608,0.006008893161879582,1.2683609,5.2830563,5650
7609,0.0016665372716221777,1.9385884,8.364802,1567
7610,0.0013496080393672902,3.0358875,10.933959,1269
7611,0.0006008893161879582,1.860327,8.000757,565
7612,0.00226955362963735,4.023118,10.978489,2134
7613,0.0025418149835207435,2.4448419,7.726405,2390
7614,0.002236584481315533,1.9350368,7.1298757,2103
7615,0.004618871327795225,2.5594077,12.818624,4343
7616,0.0003966933007754131,1.1203495,4.2666335,373
7617,8.933575674298847e-05,0.9140791,2.4204552,84
7618,0.003227785972797262,2.2772164,8.871193,3035
7619,0.0021578839337086145,2.492033,8.172346,2029
7620,0.0004945372248272576,1.7882909,11.11462,465
7621,0.004197717046006851,4.5186543,11.004463,3947
7622,5.317604568035028e-06,1.3721648,1.829136,5
7623,0.004182827753216353,1.6795403,6.7181206,3933
7624,0.003208642596352336,3.3498318,11.846281,3017
7625,0.003804214307972259,2.597545,8.434432,3577
7626,0.0015452958874709792,1.2177529,4.895893,1453
7627,0.0008157205407365733,1.1236718,4.670329,767
7628,0.006007829640965975,1.9289757,9.002661,5649
7629,0.008930385111558026,1.8951697,9.331057,8397
7630,0.0008816588373802077,2.2128692,7.6945224,829
7631,0.0022291398349202837,1.3190039,4.619406,2096
7632,0.0023748422000844436,4.2033043,10.835071,2233
7633,0.00030948458585963864,1.3183228,6.8483233,291
7634,0.000187179680794833,2.1292355,7.2697926,176
7635,0.0016367586860411816,2.4331036,6.9325557,1539
7636,0.0003254373995637437,1.8870065,5.6584773,306
7637,0.0025577677972248485,3.5779245,9.370007,2405
7638,0.0015516770129526212,2.0254755,6.84521,1459
7639,0.00246843204048186,2.228289,9.409857,2321
7640,0.0024110019111470817,2.7347288,8.281596,2267
7641,0.0013655608530713952,3.6826632,13.219785,1284
7642,0.0005487767914212149,1.323285,4.749013,516
7643,0.007493568357274961,2.3256636,9.1208515,7046
7644,0.0017463013401427033,3.0219285,10.304757,1642
7645,0.0003445807760086698,1.3389962,8.4643345,324
7646,0.00030842106494603165,1.4485041,4.884348,290
7647,0.007030936759855914,2.2965987,9.115792,6611
7648,0.0017324755682658123,1.8937069,14.093052,1629
7649,5.317604568035028e-06,0.8033316,1.1739765,5
7650,0.006545971223251119,2.0602274,7.64309,6155
7651,0.002647103553967837,2.823691,11.426397,2489
7652,0.0013910853549979633,1.6297294,8.002354,1308
7653,0.00014782940699137377,1.8467377,5.755384,139
7654,0.0015431688456437652,2.1445665,7.924567,1451
7655,0.000190370243535654,1.6157479,8.867003,179
7656,9.35898403974165e-05,1.1315477,3.885517,88
7657,0.0023503812190714822,1.385147,5.456529,2210
7658,0.0014431978797647066,1.5857836,5.860519,1357
7659,0.0024939565424084284,2.387281,8.907963,2345
7660,0.003976504695976594,2.2785864,10.614851,3739
7661,0.0010188530352355115,1.4534937,6.4740334,958
7662,0.0014102287314428895,2.2752213,7.112235,1326
7663,6.062069207559932e-05,2.0073307,10.846509,57
7664,0.060903588638618784,1.320539,7.899885,57266
7665,0.0008859129210346357,2.0669255,13.082327,833
7666,0.0015867732031016523,2.3833919,11.392452,1492
7667,0.0025471325880887783,2.8938692,9.773453,2395
7668,0.003016145310989468,1.9871978,6.238188,2836
7669,0.0029097932196287674,2.750463,8.731646,2736
7670,0.0032533104747238303,2.1605797,9.997345,3059
7671,0.000189306722622047,1.2995888,6.3804207,178
7672,0.0023174120707496653,1.6668919,7.7012815,2179
7673,0.020605717701135735,1.6488518,8.941048,19375
7674,0.0006413031109050244,2.057857,7.237282,603
7675,0.0037148785512292706,2.5110924,11.707824,3493
7676,0.002034515507730202,4.0216875,11.146023,1913
7677,0.0018483993478489757,2.0072706,7.4118567,1738
7678,0.0006540653618683084,1.5349185,7.750466,615
7679,0.0019536879182960694,3.3754942,10.133513,1837
7680,0.0034766498665813016,1.6699445,6.0994587,3269
7681,0.0014166098569245314,1.9210699,8.780955,1332
7682,0.004891132681678619,0.96156853,5.3555202,4599
7683,0.0029874302463220787,1.1897479,4.1611824,2809
7684,0.0023727151582572294,1.5139889,6.952324,2231
7685,4.466787837149424e-05,0.73820984,1.7244354,42
7686,0.0009826933241728732,1.8367442,9.289057,924
7687,0.01613573930124549,0.96490484,4.188731,15172
7688,0.0029289365960736935,1.6891454,5.146,2754
7689,0.0012794156590692277,3.6531131,11.387261,1203
7690,0.00019143376444926102,1.1894453,4.2217617,180
7691,0.0005211252476674328,1.1962588,3.594025,490
7692,0.002998065455458149,3.14746,10.415958,2819
7693,0.001895194268047684,3.9853456,14.738383,1782
7694,0.0017314120473522052,1.2832028,4.7227983,1628
7695,0.000578555377002211,1.3149331,5.640842,544
7696,0.009485543028460884,2.485598,8.28914,8919
7697,0.003417092695419309,1.3605808,8.322773,3213
7698,0.0018037314694774815,4.1045117,12.997546,1696
7699,0.0017601271120195943,2.7749522,9.297035,1655
7700,0.002847045485725954,2.6673455,9.132036,2677
7701,0.00151658082280359,1.8963493,7.3475003,1426
7702,0.004000965676989555,3.0299385,20.07118,3762
7703,0.00011592377958316362,2.0059369,8.096442,109
7704,0.0022248857512658557,1.8682318,7.9806113,2092
7705,0.001500628009099485,3.1524305,9.717173,1411
7706,0.0005264428522354678,1.7541748,7.681434,495
7707,0.002088755074324159,1.9318204,7.5804124,1964
7708,0.0031533395088447717,2.206426,9.533785,2965
7709,0.002693898474166545,3.6956866,9.414728,2533
7710,0.0027789801472551056,2.0985708,7.3761754,2613
7711,0.002449288664036934,1.8839236,5.547904,2303
7712,0.0014655318189504538,1.782049,8.788562,1378
7713,0.0045391072592747,1.1765118,4.628798,4268
7714,0.002804504649181674,1.2525699,4.8127885,2637
7715,0.00011805082141037762,0.8040532,1.5955073,111
7716,1.91433764449261e-05,0.6857774,1.6315466,18
7717,0.00023716516373436226,1.4949661,8.669236,223
7718,0.0014453249215919206,3.5694225,13.390414,1359
7719,0.00020632305723975909,1.9256153,10.032305,194
7720,0.0019377351045919643,1.3617325,7.0385103,1822
7721,0.0023673975536891946,1.2363629,11.005891,2226
7722,0.00038818513346655707,1.1476902,3.9863112,365
7723,0.0002967223348963546,1.4197828,7.24466,279
7724,0.001888813142566042,3.295246,11.584979,1776
7725,0.0019579420019504973,2.7664754,8.478753,1841
7726,0.0009869474078273012,1.2010562,4.187085,928
7727,0.0029650963071363315,4.177929,11.327577,2788
7728,7.444646395249039e-06,2.2646983,3.1702082,7
7729,0.0011007441455832508,1.2733554,5.2909093,1035
7730,0.00029140473032831957,1.8644359,8.530498,274
7731,0.028304545594736847,1.2128619,5.7042637,26614
7732,0.0015431688456437652,1.7513933,8.70476,1451
7733,0.0031086716304732772,3.1358392,11.764292,2923
7734,0.00042753540727001626,2.008199,7.970951,402
7735,0.0006306679017689543,2.1273613,10.55496,593
7736,0.005497339602434612,1.9194769,5.8510094,5169
7737,0.000773179704192293,1.5070424,10.599523,727
7738,0.02977326797642812,1.8641413,7.692159,27995
7739,0.00016484574160908588,0.7923025,2.554991,155
7740,0.0010539492253845426,1.5771052,5.4492936,991
7741,0.0025652124436200976,2.692869,9.809595,2412
7742,0.0006540653618683084,1.1669692,5.423007,615
7743,0.002283379401514241,1.751421,6.650095,2147
7744,0.0024865118960131793,2.1143827,9.118828,2338
7745,0.0012421924270929825,1.9287592,7.120552,1168
7746,0.0009890744496545152,1.1911914,4.470995,930
7747,0.001898384830788505,1.3949693,5.0580425,1785
7748,0.00013719419785530372,1.1067863,3.482185,129
7749,0.0020494048005207,3.259247,11.70003,1927
7750,0.00010635209136070057,1.7484225,6.7688727,100
7751,0.009520639218609914,1.5811383,6.059099,8952
7752,0.007367009368555728,1.4857515,8.942264,6927
7753,0.009540846115968447,2.111183,8.32726,8971
7754,0.0006849074683629116,1.8261732,5.6520133,644
7755,0.0007402105558704759,1.8758461,8.945702,696
7756,0.00152721603193966,1.5489279,9.463131,1436
7757,0.024533300435086405,1.3076692,4.8444915,23068
7758,0.0004466787837149424,1.1761582,4.289834,420
7759,0.025873336786231233,1.8065629,9.400847,24328
7760,0.0023514447399850895,1.646184,10.147133,2211
7761,0.0013719419785530372,2.1567411,8.936784,1290
7762,0.004859227054270408,1.434165,6.5527973,4569
7763,0.01580498429711371,1.6927018,6.6145144,14861
7764,0.006369426751592357,2.7574794,12.174307,5989
7765,0.0010624573926933986,1.6535763,9.235049,999
7766,0.0010560762672117566,1.4056547,4.956527,993
7767,0.00033075500413177875,1.5262477,8.482809,311
7768,0.0016654737507085708,1.9597774,8.134612,1566
7769,0.006671466691056747,3.2030468,8.395659,6273
7770,1.8079855531319095e-05,1.79693,4.2788115,17
7771,0.0003201197949957087,1.2422482,4.0285087,301
7772,0.0029214919496784444,3.1534398,9.24551,2747
7773,0.00012124138415119864,1.6022013,6.6313524,114
7774,0.01900511872615719,0.9779917,6.15724,17870
7775,0.003784007410613726,1.4054922,4.758517,3558
7776,0.00016271869978187186,1.8178557,8.926048,153
7777,6.806533847084836e-05,1.0590367,2.5884268,64
7778,0.0025333068162118875,1.2923396,4.8125954,2382
7779,0.011029775395018255,2.0337968,7.7112536,10371
7780,0.006356664500629073,0.9603342,3.480371,5977
7781,0.005578167191868744,3.3558002,8.59353,5245
7782,0.0002307840382527202,2.0014536,7.7617326,217
7783,0.0008231651871318224,1.7337223,5.7969694,774
7784,0.005155949389166763,1.62852,7.649188,4848
7785,0.0030863376912875305,1.3060504,5.2538342,2902
7786,0.0002594991029201094,1.9548901,8.916944,244
7787,0.00018398911805401198,1.0500729,3.1663473,173
7788,0.002689644390512117,2.5886576,7.9007063,2529
7789,0.003204388512697908,1.7630231,7.2521853,3013
7790,0.0017292850055249912,1.7515433,7.5953097,1626
7791,1.8079855531319095e-05,1.3315122,2.7697287,17
7792,0.0059663523253353015,2.2239733,9.776592,5610
7793,0.004442326856136463,4.4884415,11.878316,4177
7794,0.028349213473108342,1.3117354,6.1766276,26656
7795,0.0002648167074881444,2.638125,13.206643,249
7796,0.0012911143891189047,1.2892097,3.869243,1214
7797,0.0019419891882463923,1.5822834,6.8087864,1826
7798,4.7858441112315255e-05,0.6756815,1.3903209,45
7799,0.0014144828150973174,1.518375,7.548962,1330
7800,0.003925455692123458,2.5172381,10.0158,3691
7801,0.007108573786549226,1.1783125,4.8746023,6684
7802,0.002156820412795007,1.4654701,6.8363347,2028
7803,0.007470170897175607,1.1886988,7.704243,7024
7804,8.827223582938147e-05,1.1097716,5.683209,83
7805,0.0044816771299399216,3.7534363,9.286793,4214
7806,0.0007923230806372192,1.9945292,7.9717255,745
7807,0.0036627660264625275,1.0768272,4.9996743,3444
7808,0.0011964610278078812,1.5968537,6.9475055,1125
7809,0.0020206897358533106,2.2241123,7.839252,1900
7810,0.002030261424075774,2.3908386,10.477708,1909
7811,0.00016059165795465785,1.6447783,4.6899786,151
7812,0.004067967494546796,1.7511001,7.796675,3825
7813,3.1905627408210167e-06,0.7209479,0.81137747,3
7814,0.0005306969358898958,1.6498578,8.545759,499
7815,0.004742239753773638,2.3446326,7.265202,4459
7816,0.0021876625192896104,2.7458875,9.801901,2057
7817,0.0022536008159332447,1.5345873,6.497205,2119
7818,0.001883495537998007,2.3212247,14.378843,1771
7819,0.0017441742983154893,1.7662094,7.685739,1640
7820,0.002439716975814471,2.774143,6.8409553,2294
7821,0.0016208058723370766,1.5171857,6.3259635,1524
7822,0.0029438258888641916,4.3552237,10.384093,2768
7823,0.014855260121262655,1.7847422,6.393051,13968
7824,0.002832156192935456,2.2171712,8.720611,2663
7825,0.014498980615204307,1.9840821,9.426045,13633
7826,0.0007231942212527639,2.2533658,6.6651363,680
7827,0.00014038476059612475,1.0386132,2.729644,132
7828,0.004639078225153759,2.7416143,13.571682,4362
7829,0.00170482402451203,1.5247011,5.3144355,1603
7830,0.002270617150550957,2.486925,8.104742,2135
7831,2.1270418272140113e-06,0.7728756,0.7736815,2
7832,3.82867528898522e-05,0.94991815,2.729308,36
7833,0.0025577677972248485,2.6147912,9.638156,2405
7834,0.008588994898290177,2.011355,9.116309,8076
7835,0.01676428016118723,1.7707534,10.214819,15763
7836,0.00030948458585963864,1.7926104,10.519163,291
7837,0.007861546593382986,1.902153,7.142402,7392
7838,0.00010103448679266554,2.4395545,13.147847,95
7839,0.0009869474078273012,1.3850156,6.8295803,928
7840,0.0006296043808553473,1.4154284,6.831257,592
7841,0.008072123734277173,1.2110246,4.431763,7590
7842,0.00048602905751840157,1.8994018,7.059136,457
7843,0.0011847622977582042,2.880256,8.1304245,1114
7844,0.0025024647097172843,5.1354556,12.617467,2353
7845,0.0024067478274926537,1.5904391,6.1183577,2263
7846,0.0012336842597841266,1.7815242,9.11831,1160
7847,0.003230976535538083,2.1054761,7.173704,3038
7848,0.0003945662589481991,1.547253,8.054507,371
7849,0.0022408385649699608,4.1004877,11.206519,2107
7850,0.0050591689860285255,1.837248,6.4212966,4757
7851,0.006317314226825613,2.6001437,8.086689,5940
7852,0.003981822300544629,2.341167,8.469752,3744
7853,0.00334583679420764,1.7775835,6.9783683,3146
7854,0.0031171797977821336,3.9369674,10.395808,2931
7855,0.0006838439474493046,1.3127526,3.9473,643
7856,0.001316638891045473,1.6201496,7.151976,1238
7857,3.615971106263819e-05,1.1565495,2.2220654,34
7858,0.0004317894909244443,1.7299573,9.272352,406
7859,0.0018069220322183025,2.706509,9.307999,1699
7860,0.002665183409499156,1.77843,6.8681645,2506
7861,2.1270418272140114e-05,0.9503183,1.9019035,20
7862,0.00045093286736937036,1.7441012,9.0176525,424
7863,0.00131770241195908,1.6688837,10.332307,1239
7864,0.001897321309874898,3.792316,12.311131,1784
7865,0.002670501014067191,1.5305656,5.8116055,2511
7866,0.012418733708189005,3.0432472,10.964619,11677
7867,0.0017622541538468083,1.6341376,4.7147727,1657
7868,0.0033320110223307485,2.4773195,11.1273985,3133
7869,0.0019898476293587074,2.4191155,8.311279,1871
7870,0.0010943630201016089,1.9397876,7.153841,1029
7871,0.0010964900619288228,2.912209,8.632036,1031
7872,0.001898384830788505,4.008158,11.4548435,1785
7873,6.381125481642033e-06,0.73982805,1.3597176,6
7874,0.0023429365726762336,2.8631852,8.55582,2203
7875,0.002250410253192424,3.523516,10.850868,2116
7876,0.0004775208902095455,1.8283546,7.5410013,449
7877,0.0022174411048706067,2.4431393,8.653872,2085
7878,0.0013974664804796053,1.819123,9.174195,1314
7879,0.00031480219042767367,1.5261232,8.308412,296
7880,0.00011805082141037762,2.2101321,9.53862,111
7881,0.011304163790728863,1.2124169,4.3917475,10629
7882,0.00016271869978187186,1.4359748,5.474091,153
7883,0.0014570236516415977,2.8424277,12.075707,1370
7884,0.002583292299151417,2.8295557,11.670483,2429
7885,0.00019143376444926102,1.6085517,8.056334,180
7886,0.0012751615754147997,1.2775282,3.9821644,1199
7887,0.0009220726320972738,1.7896137,12.897356,867
7888,0.011160588467391918,1.7109828,8.528012,10494
7889,0.0009912014914817292,1.5311123,6.0114865,932
7890,0.0014761670280865238,1.4566149,6.4900284,1388
7891,0.003933963859432314,1.8352859,7.6975555,3699
7892,0.00020206897358533108,1.2816908,5.012638,190
7893,0.010114083888402623,2.169749,7.70386,9510
7894,0.0017335390891794191,1.6179644,6.2369704,1630
7895,0.03378167829981293,1.9386132,9.311955,31764
7896,0.003186308657166589,1.3774375,4.962506,2996
7897,9.67804031382375e-05,0.569704,2.067697,91
7898,0.004561441198460447,2.1246653,7.2983427,4289
7899,0.004803923966762844,3.0663645,10.026185,4517
7900,0.002840664360244312,1.8794472,8.541848,2671
7901,0.013389728302312201,2.281777,10.384637,12590
7902,0.002307840382527202,2.9061043,9.570416,2170
7903,0.00632901295687529,1.7704816,8.189377,5951
7904,0.002282315880600634,3.433151,9.547632,2146
7905,0.004774145381181848,1.3659326,5.2411003,4489
7906,0.00358725604159643,1.3316538,5.7696867,3373
7907,0.0034702687410996594,1.9360473,8.937976,3263
7908,0.003843564581775718,2.0823722,8.519922,3614
7909,0.0028140763374041367,1.6705985,8.961539,2646
7910,0.008318860586233998,2.243737,8.063678,7822
7911,0.005360145404579309,2.0936778,9.600187,5040
7912,0.0007104319702894797,1.7696508,10.992308,668
7913,0.0008859129210346357,1.1494973,10.714187,833
7914,0.003364980170652566,2.4377084,11.215341,3164
7915,0.002822584504712993,1.0173995,2.87701,2654
7916,2.233393918574712e-05,1.0449747,2.3197432,21
7917,0.0002233393918574712,1.8084484,6.784773,210
7918,0.0024184465575423308,1.1702545,4.479944,2274
7919,0.0029406353261233705,3.2188735,10.445898,2765
7920,5.4239566593957285e-05,1.2163334,2.532204,51
7921,0.009713136503972783,0.9615043,3.4147856,9133
7922,0.000578555377002211,1.3728465,4.14701,544
7923,0.00012443194689201967,1.3903061,6.664151,117
7924,0.0017526824656243453,1.7350006,4.760727,1648
7925,4.041379471706622e-05,0.9656047,2.3638785,38
7926,2.1270418272140113e-06,0.7922989,1.0251758,2
7927,0.0008657060236761026,1.1716738,4.4282165,814
7928,0.0031544030297583786,3.5563078,10.939971,2966
7929,0.0019590055228641042,2.2456934,7.6639442,1842
7930,0.0025801017364105957,1.838401,6.4838576,2426
7931,0.002507782314285319,1.2997324,4.820195,2358
7932,0.004887942118937798,1.7311753,8.168651,4596
7933,3.82867528898522e-05,0.8517301,1.6984665,36
7934,0.0013613067694169673,1.3755645,7.5005603,1280
7935,0.001528279552853267,1.3560733,4.782194,1437
7936,0.0011996515905487023,2.6528306,10.5487795,1128
7937,0.001127332168423426,1.8559325,6.741033,1060
7938,0.0027938694400456037,4.0499005,10.833086,2627
7939,0.001873923849775544,3.110725,14.189826,1762
7940,0.009037800723832333,32.571907,59.338657,8498
7941,0.0013123848073910449,1.1606023,4.6273317,1234
7942,0.000947597134023842,1.7586082,8.132807,891
7943,0.0018590345569850458,3.8905365,11.510809,1748
7944,0.0007806243505875421,2.7325308,10.799477,734
7945,0.0007742432251059,1.8874438,9.212455,728
7946,0.002847045485725954,1.9743454,8.896018,2677
7947,0.0018771144125163649,3.3296132,12.114321,1765
7948,0.002097263241633015,2.4621937,8.635607,1972
7949,0.0017516189447107382,2.9718385,7.62493,1647
7950,0.0014378802751966715,2.0404494,8.16374,1352
7951,1.1698730049677062e-05,0.9203974,1.5253576,11
7952,0.00042859892818362326,0.95961887,4.7926264,403
7953,0.00571855195246487,1.5378525,7.1819353,5377
7954,0.000758290411401795,1.4858446,5.1087995,713
7955,0.00038286752889852204,1.3604058,6.788174,360
7956,0.0027364393107108254,1.1481346,4.572552,2573
7957,0.0016388857278683956,1.9063265,7.945422,1541
7958,0.003360726086998138,2.6501408,8.847806,3160
7959,0.017309866389867624,1.1034089,6.2948456,16276
7960,0.004642268787894579,2.3445537,10.429166,4365
7961,0.0016718548761902128,1.386554,4.523355,1572
7962,0.0026524211585358722,4.5460825,14.652323,2494
7963,0.00037648640341687997,1.2550957,4.8985853,354
7964,0.0001116696959287356,1.7685996,8.690971,105
7965,0.0023365554471945914,2.1885557,8.219357,2197
7966,0.00014144828150973175,1.0567123,2.4248312,133
7967,0.0025396879416935293,1.8162997,7.954373,2388
7968,0.0031405772578814877,2.0822675,9.668935,2953
7969,9.997096587905853e-05,1.2431906,4.3580203,94
7970,0.0017899056976005904,1.6095679,7.8660936,1683
7971,0.0030235899573847168,1.9864433,8.820649,2843
7972,0.0005179346849266117,1.1863648,3.9860375,487
7973,0.00208131042792891,1.6502086,7.416851,1957
7974,0.021403358386340988,1.2253461,6.177711,20125
7975,0.002985303204494865,2.7367456,7.614077,2807
7976,0.0004753938483823315,2.76394,10.434398,447
7977,0.0003626606315399889,2.208458,12.826552,341
7978,0.0006391760690778104,1.1416367,5.22051,601
7979,0.0010699020390886476,1.8477856,7.045504,1006
7980,0.007429757102458541,2.7330923,10.914976,6986
7981,0.001477230549000131,3.8301294,11.182834,1389
7982,0.0027183594551795066,1.8671668,13.258474,2556
7983,0.0005721742515205691,1.7498071,7.5745435,538
7984,0.0009837568450864803,1.5814772,10.283269,925
7985,0.0005360145404579308,1.3509803,5.4469357,504
7986,0.0009337713621469509,1.4774795,8.445553,878
7987,8.295463126134644e-05,1.7844052,8.456065,78
7988,0.03331479261873945,1.2022916,5.287905,31325
7989,0.002043023675039058,1.6305872,8.958533,1921
7990,0.0007370199931296549,1.7024199,13.526161,693
7991,0.0010039637424450133,1.3130121,5.5038996,944
7992,0.0001297495514600547,1.5936847,9.656041,122
7993,0.0017207768382161352,3.2792518,11.098188,1618
7994,3.403266923542418e-05,0.6709188,1.0435804,32
7995,0.0029725409535315806,2.5437684,7.080239,2795
7996,0.000947597134023842,1.648877,5.543516,891
7997,0.0029438258888641916,4.110776,11.094173,2768
7998,0.0023089039034408093,2.10447,6.171204,2171
7999,0.003060813189360962,2.0252113,6.5749426,2878
8000,0.006483223489348306,3.5357234,10.124952,6096
8001,0.00035308894331752586,1.6321954,6.6896977,332
8002,0.0034798404293221222,1.6210661,7.7264423,3272
8003,4.679492019870825e-05,1.4080577,3.332749,44
8004,0.002850236048466775,3.3129086,12.005829,2680
8005,0.0004169001981339462,1.066874,3.2168083,392
8006,0.003206515554525122,2.2031832,10.4186945,3015
8007,0.004010537365212018,2.0753047,8.527705,3771
8008,0.005358018362752094,1.9385873,7.385161,5038
8009,0.0006391760690778104,1.5819867,6.182344,601
8010,0.0010209800770627254,1.2376757,5.7956066,960
8011,0.0018515899105897968,2.8135478,7.4120703,1741
8012,0.03557690160198155,0.7250272,2.7195022,33452
8013,6.381125481642033e-06,1.0478404,1.5995275,6
8014,0.0007051143657214447,2.0777442,10.175473,663
8015,0.00013719419785530372,0.91014695,4.779018,129
8016,0.00452847205013863,2.5395823,9.502583,4258
8017,0.00012868603054644768,1.6541969,5.226306,121
8018,7.444646395249039e-06,0.81192845,1.2509474,7
8019,0.0006008893161879582,1.8164785,7.9173884,565
8020,0.0029448894097777985,1.2195721,5.5532923,2769
8021,0.0018558439942442247,4.018251,10.318687,1745
8022,0.007680748038069795,1.6159126,6.533343,7222
8023,0.008802762601925185,1.1284157,4.6866174,8277
8024,0.0014038476059612475,2.9437492,8.82619,1320
8025,0.00016378222069547886,1.5024067,5.1088705,154
8026,0.005754711663527507,2.8718717,11.832167,5411
8027,0.004210479296970136,1.2321596,5.4007745,3959
8028,5.7430129334778304e-05,0.9866666,2.198346,54
8029,0.002057912967829556,3.1742027,11.921625,1935
8030,0.002649230595795051,2.8277612,9.667764,2491
8031,0.0008476261681447834,1.4617488,9.794147,797
8032,4.254083654428023e-05,1.2031895,2.9933312,40
8033,0.0036723377146849904,1.6822066,5.6501894,3453
8034,0.00029246825124192656,1.0591345,4.743874,275
8035,2.6588022840175142e-05,1.5123382,4.878251,25
8036,0.01306322738183485,1.3895092,6.7144737,12283
8037,0.0005275063731490748,1.9299437,10.609494,496
8038,0.03873768575722157,1.1051364,4.4875293,36424
8039,0.0008763412328121726,1.5619588,6.782234,824
8040,0.0023556988236395175,2.26228,7.0522842,2215
8041,0.0012273031343024844,3.122461,9.698208,1154
8042,0.002651357637622265,3.1498103,9.839826,2493
8043,1.0635209136070056e-06,0.46307716,0.46307716,1
8044,0.0007093684493758727,1.9367944,9.273483,667
8045,0.016737692138347054,1.5471952,5.0193667,15738
8046,0.00037648640341687997,1.6487429,7.397457,354
8047,0.0011964610278078812,1.3891556,5.689707,1125
8048,0.0005604755214708919,1.6534595,10.524707,527
8049,0.0008242287080454293,1.8138062,6.733997,775
8050,0.001507009134581127,1.9427121,6.9679403,1417
8051,0.019133804756703638,1.7792376,8.182613,17991
8052,0.00340964804902406,1.4904908,8.205056,3206
8053,0.0073063886764801285,1.2238165,5.515715,6870
8054,0.00022121235003025718,1.7898275,5.293177,208
8055,0.002440780496728078,2.8263474,8.723501,2295
8056,0.0005445227077667869,1.6683575,6.294244,512
8057,0.0033096770831450013,1.5181056,5.931402,3112
8058,8.295463126134644e-05,2.144665,6.1683435,78
8059,0.00406690397363319,4.0443187,8.50773,3824
8060,0.014994581360945173,1.365645,4.358511,14099
8061,0.009840759013605623,1.6378101,8.171352,9253
8062,0.0004307259700108373,1.9265783,6.085608,405
8063,0.009314316161370155,38.71525,68.926704,8758
8064,0.0010294882443715814,1.185217,5.2957883,968
8065,0.001901575393529326,3.208895,9.036233,1788
8066,0.0019260363745422873,2.0011523,9.531917,1811
8067,0.00027864247936503547,1.0660975,3.8270545,262
8068,0.003418156216332916,1.138374,6.428396,3214
8069,0.0018122396367863376,2.4482388,9.150872,1704
8070,0.0005881270652246741,2.0651135,9.3656025,553
8071,0.00031692923225488766,1.9008331,14.133159,298
8072,0.0021302323899548324,1.9076025,6.6829543,2003
8073,3.1905627408210167e-06,0.6601565,0.79813004,3
8074,0.00284491844389874,1.0791976,4.4163527,2675
8075,0.0001318765932872687,1.7391558,6.660081,124
8076,0.00014782940699137377,1.1553708,4.90766,139
8077,0.023912204221539914,2.0777893,8.222812,22484
8078,0.005174029244698082,1.531715,9.122917,4865
8079,0.004119016498399933,3.9187489,10.552845,3873
8080,0.002283379401514241,3.2385635,9.901003,2147
8081,0.002014308610371669,1.4134413,6.150481,1894
8082,0.0025609583599656696,2.548318,8.262465,2408
8083,0.002579038215496989,2.4637825,9.955769,2425
8084,0.0027704719799462496,1.6296312,6.30899,2605
8085,0.0010677749972614337,2.531745,10.055434,1004
8086,0.0010805372482247178,1.7662588,6.203502,1016
8087,0.00016378222069547886,1.5873766,5.173983,154
8088,0.001705887545425637,2.935578,9.840674,1604
8089,0.007396787954136724,2.26759,7.8704267,6955
8090,0.006867154539160435,2.4427707,8.707925,6457
8091,8.720871491577446e-05,0.7868413,2.4804509,82
8092,0.00017867151348597695,1.5353155,9.531049,168
8093,0.0004339165327516583,1.2478719,3.408405,408
8094,0.0012889873472916908,1.7422762,7.8988814,1212
8095,0.0011581742749180292,1.3630463,5.8487062,1089
8096,0.0029353177215553357,2.1390889,12.333852,2760
8097,0.006683165421106424,2.7092726,9.038296,6284
8098,0.0038254847262443993,3.5681257,11.310883,3597
8099,0.00047858441112315255,1.8279057,8.60042,450
8100,0.013165325389541122,1.8183409,5.2797074,12379
8101,0.0022216951885250347,3.816379,12.680191,2089
8102,0.0018707332870347229,2.8143594,9.719186,1759
8103,0.002231266876747498,2.3705974,8.210845,2098
8104,0.0012815427008964417,1.399254,6.4621058,1205
8105,0.0013698149367258232,2.2997024,7.459575,1288
8106,0.004497629943644027,2.7519424,9.848146,4229
8107,9.571688222463051e-05,1.516458,5.187889,90
8108,4.254083654428023e-05,1.9611162,6.3472004,40
8109,0.001510199697321948,1.4195808,8.611839,1420
8110,0.0022291398349202837,3.8342602,12.391182,2096
8111,0.0013825771876891074,1.2694112,5.36034,1300
8112,8.720871491577446e-05,0.7234561,2.5684135,82
8113,0.00010422504953348655,0.97599787,4.4494743,98
8114,0.0044008495405057895,2.846741,10.191056,4138
8115,0.00016378222069547886,1.8207749,13.580569,154
8116,0.00010209800770627253,1.9736698,9.975092,96
8117,0.0009954555751361574,2.828503,8.416502,936
8118,0.00031480219042767367,1.5645897,14.0137005,296
8119,0.0012549546780562667,2.5783389,7.106799,1180
8120,0.00038818513346655707,1.1285876,6.026896,365
8121,0.0033362651059851765,2.1730464,7.745198,3137
8122,7.44464639524904e-05,1.5526304,5.8785086,70
8123,0.003792515577922582,2.1130962,7.0462823,3566
8124,0.0015740109521383684,1.5083908,8.107672,1480
8125,0.0006349219854233823,1.7430326,5.9515357,597
8126,0.0005072994757905416,1.1572614,4.598549,477
8127,1.4889292790498078e-05,0.853763,1.5615563,14
8128,0.005834475732048033,2.751352,9.627402,5486
8129,0.0017558730283651664,2.2951794,9.447048,1651
8130,9.146279857020248e-05,0.771614,1.7230439,86
8131,0.007990232623929434,3.3994067,9.973728,7513
8132,0.05624749407884731,1.7051095,9.263197,52888
8133,0.14587571907307773,3.2859144,13.71789,137163
8134,0.001706951066339244,2.1131432,7.250858,1605
8135,0.002669437493153584,3.391848,11.381187,2510
8136,0.0031107986723004914,1.541961,6.8075843,2925
8137,0.002112152534423513,1.4901997,8.504686,1986
8138,0.0038690890837022865,1.4042646,5.680125,3638
8139,0.0031416407787950946,3.8122869,9.69611,2954
8140,0.0025450055462615646,1.9780134,8.820373,2393
8141,0.00011486025866955661,2.2240565,7.275444,108
8142,0.003337328626898784,2.0730217,13.172589,3138
8143,7.125590121166937e-05,0.9494972,2.7140825,67
8144,0.0024195100784559376,2.5722477,13.338353,2275
8145,0.005277190773317962,1.1695235,7.176596,4962
8146,0.01737899524925208,2.08799,7.3747473,16341
8147,0.0040626498899787615,3.5835102,10.339031,3820
8148,0.00013506715602808973,1.1787329,4.267551,127
8149,9.57168822246305e-06,0.76790094,1.2369549,9
8150,0.010203419645145612,1.0687646,3.5928237,9594
8151,0.00017973503439958394,2.1356964,9.600408,169
8152,0.0023705881164300157,4.001147,11.600383,2229
8153,0.005055978423287704,2.63616,9.507002,4754
8154,0.0034989838057670484,2.2958262,9.1797285,3290
8155,0.0010975535828424297,1.8601041,7.6728206,1032
8156,0.001159237795831636,1.8870366,6.575215,1090
8157,0.0018218113250088007,3.1958952,10.38871,1713
8158,0.00023503812190714824,2.046628,9.095034,221
8159,0.0030788930448922814,1.8643074,7.2016125,2895
8160,0.009482352465720063,1.7229285,4.3697653,8916
8161,0.0004913466620864366,1.8383075,8.049591,462
8162,0.0018707332870347229,1.6151382,6.2945924,1759
8163,0.0025758476527561677,1.6288862,6.7501655,2422
8164,0.0012719710126739788,1.459507,6.2097845,1196
8165,0.0016410127696956096,1.4651091,5.3053055,1543
8166,0.013090878925588632,2.5291822,10.590793,12309
8167,0.0030788930448922814,1.3110644,5.5901537,2895
8168,0.0003658511942808099,1.3460338,4.7824974,344
8169,0.010613938717797916,2.1566954,9.729836,9980
8170,0.0003403266923542418,0.939668,2.1289332,320
8171,0.0015761379939655824,1.7987876,7.9624224,1482
8172,0.001293241430946119,2.689919,9.710056,1216
8173,0.0025290527325574595,2.3311558,8.56122,2378
8174,0.014019332683167548,1.4924601,6.0076013,13182
8175,0.00022227587094386417,2.269473,9.118362,209
8176,0.006174802424402275,2.4911525,7.923379,5806
8177,0.00025737206109289535,1.958653,12.538965,242
8178,0.0023365554471945914,3.816131,13.318472,2197
8179,0.008675140092292345,2.1695476,14.093663,8157
8180,0.0007083049284622657,2.5695891,7.76036,666
8181,0.009963063918670429,1.4328544,8.239346,9368
8182,0.00039882034260262713,0.90323776,3.8479662,375
8183,0.004515709799175346,3.1447709,8.905615,4246
8184,0.0029161743451104095,2.8319237,9.983077,2742
8185,0.004048824118101871,1.5055258,6.8930244,3807
8186,0.00016909982526351389,1.70674,5.92923,159
8187,0.004190272399611603,2.6676512,7.816326,3940
8188,0.0015920908076696874,1.186064,6.2961073,1497
8189,0.0009241996739244878,1.6149381,5.6310844,869
8190,0.008145506677316056,2.1388106,8.716191,7659
8191,0.0010401234535076516,1.4148291,5.472694,978
