feature,density,mean_act,max_act,n_active_frames
0,0.0010523723630179514,0.34755388,1.2088859,1000
1,0.002509908085797814,0.44750562,1.6038469,2385
2,0.0031771121639511952,0.49385577,1.6916445,3019
3,0.0008029601129826969,0.38227612,1.1653785,763
4,0.000432525041200378,0.2587958,0.7457601,411
5,0.0017343096542535839,0.3082634,1.105149,1648
6,0.00012733705592517212,1.7161041,6.8049283,121
7,0.004343140742175085,0.41349813,1.643435,4127
8,0.005640715865776219,0.5573307,2.2785122,5360
9,0.00212158268384419,0.41251495,2.252098,2016
10,0.0029129667008336896,0.3086883,1.083472,2768
11,0.00155645872490355,0.4189134,2.070036,1479
12,0.00669835009060926,0.321736,1.1440115,6365
13,0.000410425221577001,0.43434143,3.495578,390
14,8.103267195238225e-05,0.281873,0.5664574,77
15,0.0007071942279480633,0.42932594,2.2609878,672
16,0.0010208011921274127,0.5142128,2.227684,970
17,0.002273124304118775,0.30557418,0.87684286,2160
18,0.0230858925275248,0.6697499,2.2570958,21937
19,0.0011376145244224054,0.44016784,1.7364383,1081
20,0.0059111755630718325,0.49606073,1.8420676,5617
21,0.0018774322956240253,0.332613,0.9831359,1784
22,0.0013712411890123906,0.3551774,1.5286267,1303
23,0.003158169461416872,0.32775614,1.3145066,3001
24,0.0012386422712721288,2.7411025,22.642393,1177
25,0.009535545981305658,0.8588973,2.0043836,9061
26,0.00748447224578367,0.65863574,2.4557424,7112
27,0.0015006829896635986,0.37450522,1.1552457,1426
28,0.0018911131363432586,0.3329544,0.9622324,1797
29,0.0035401806291923883,0.3950499,1.3717413,3364
30,0.0008103267195238226,0.28660995,1.1260242,770
31,0.0017164193240822787,0.56310004,2.2308578,1631
32,0.00021152684496660823,0.28541148,0.8981774,201
33,0.00042726317938528825,0.38766962,1.8597741,406
34,0.039026176710157706,0.36168072,2.2753918,37084
35,0.0008418978904143611,0.31254974,1.0073708,800
36,0.008575782386233285,0.78335094,2.3140159,8149
37,0.002031078660624646,0.31421113,1.0509572,1930
38,0.0009502922438052101,0.34584886,1.54825,903
39,0.008477911756472617,0.47085118,1.6127415,8056
40,0.002857190965593738,0.55149597,1.919748,2715
41,0.01479425067930636,0.91759926,2.171549,14058
42,0.0014848974042183294,0.4906146,1.7486606,1411
43,0.004997716351972251,0.5813455,2.1888545,4749
44,0.0005430241393172629,0.3917127,1.2504054,516
45,0.001646962748123094,0.462671,1.7097267,1565
46,0.003699088856008099,0.48109403,1.6332157,3515
47,0.005785943251872696,0.61871994,1.9391356,5498
48,0.004033743267447807,0.8811421,2.580222,3833
49,0.0022583910910365236,0.69000113,2.4439292,2146
50,0.005781733762420625,0.66855127,2.183284,5494
51,0.027874186779256478,0.38829923,1.534519,26487
52,0.004049528852893077,0.60276335,2.520007,3848
53,0.0050819061410136875,0.4699487,1.8237263,4829
54,0.0002515169947612904,0.4365192,2.6973042,239
55,0.0009839681594217846,0.38811475,1.4888163,935
56,0.0027814201554564456,0.47956434,1.7058412,2643
57,0.005301851964884439,0.5169756,2.111432,5038
58,0.0011628714611348363,0.42598793,2.5310526,1105
59,0.013105193036662549,0.62129146,2.1987653,12453
60,0.0035180808095690115,0.59444886,3.0684202,3343
61,0.0032581448359035774,0.5882385,1.8358296,3096
62,0.0016606435888423272,0.31416586,1.1177155,1578
63,0.003528604533199191,0.45870852,1.6068034,3353
64,0.0006103759705504118,0.34394303,1.350234,580
65,0.0019995074897341076,0.44362384,1.493938,1900
66,0.0037369742610767454,0.6506895,2.6768155,3551
67,0.001492264010759455,0.27739888,0.9195741,1418
68,0.002128949290385316,0.3663107,1.0721148,2023
69,0.017986096056339808,0.5021475,1.4847373,17091
70,0.0012954703788750981,0.38617826,1.1226166,1231
71,0.0010218535644904308,0.3727042,1.302355,971
72,0.0006777278017835607,0.34936363,1.1638223,644
73,0.012137010462686034,0.67859995,3.0331507,11533
74,0.0005567049800364963,0.39331087,1.8380738,529
75,0.0010544771077439872,0.40378994,1.5181894,1002
76,0.0012207519411008235,0.3833287,1.605926,1160
77,0.0020752782998714,0.43743843,2.738863,1972
78,0.049706703822426895,0.45087644,1.8960903,47233
79,0.004313674316010582,0.65814704,3.219381,4099
80,0.005389198871014929,0.7540151,3.4580839,5121
81,0.0005125053407897424,0.44486815,2.218293,487
82,0.0004735675633580781,1.2227486,2.112277,450
83,0.0016532769823012015,0.7364504,2.2698987,1571
84,0.0037969594857687685,0.38141072,1.8535439,3608
85,0.005558630821460819,0.7184713,2.995626,5282
86,0.0007229798133933326,0.33282426,0.9690846,687
87,0.0035391282568293706,0.61059856,2.304503,3363
88,0.0034033722220000546,0.5303814,1.9602588,3234
89,8.734690613048996e-05,0.298901,0.6041143,83
90,0.0017858759000414634,0.3954214,1.599756,1697
91,0.000972392063428587,0.3883746,1.4681888,924
92,0.0026719734297025784,0.5048234,2.0319228,2539
93,0.002667763940250507,0.4121197,1.3269893,2535
94,0.000540919394591227,0.30140996,0.73336583,514
95,2.420456434941288e-05,0.23888056,0.3573449,23
96,0.003851682848645702,0.59030324,2.4249709,3660
97,0.0033896913812808214,0.63221604,1.9299984,3221
98,0.0024804416596333114,0.37400475,1.4136183,2357
99,4.9461501061843715e-05,0.3173391,0.606539,47
100,0.0032760351660748826,0.73183006,2.2369497,3113
101,0.004110566449948118,0.5338321,1.8303417,3906
102,0.00022836480277489544,0.35582247,1.4365757,217
103,0.0031129174498071,0.47915685,1.8696544,2958
104,0.0007650747079140506,0.5659473,1.8138273,727
105,0.006268982166497936,0.41107294,1.6541208,5957
106,0.0017269430477124582,0.33890235,1.0948055,1641
107,0.0034738811703222574,0.68604654,2.371872,3301
108,0.003347596486760103,0.30946225,0.92708504,3181
109,0.0042126465691608595,0.8963954,3.91846,4003
110,0.006666778919718722,0.5572147,3.0543199,6335
111,0.006999328586432395,0.543338,2.0189595,6651
112,3.472828797959239e-05,0.23935941,0.40399957,33
113,0.0005935380127421245,0.50899684,2.0286403,564
114,0.0004788294251731679,0.3291581,0.8608026,455
115,0.004899845722211581,0.6600201,2.3428197,4656
116,0.00031781645363142133,0.4627026,2.2553058,302
117,0.0011102528429839387,0.34066457,1.2591193,1055
118,0.001035534405209664,0.2849402,1.150852,984
119,0.0007282416752084224,0.6601199,1.6553015,692
120,0.03630263703466725,0.39963168,1.6367975,34496
121,0.0012881037723339725,0.47870156,2.6178966,1224
122,0.0010260630539425026,0.34443176,1.1124648,975
123,0.0007240321857563505,0.3486856,1.3420808,688
124,0.002559369586859658,0.33355907,1.2044313,2432
125,0.0017900853894935354,0.39151567,1.0523831,1701
126,0.002493070127989527,0.33887106,0.9097373,2369
127,0.00756655729009907,0.49183273,1.9503069,7190
128,0.00037043507178231887,0.3273053,1.1135701,352
129,0.0013470366246629778,0.35346392,1.1036791,1280
130,0.0045157298097100295,0.7727478,2.5203674,4291
131,0.008196928335546824,0.7049681,2.2836564,7789
132,0.011217237017408344,0.6718918,2.5760329,10659
133,0.0018058709749388046,0.36912146,1.3521495,1716
134,0.0014691118187730601,0.41819742,1.3245077,1396
135,0.0019132129559666356,0.38702923,1.2999088,1818
136,0.0009997537448670538,0.57483083,1.8062453,950
137,0.004987192628342072,0.54489267,1.7162415,4739
138,0.00026519783548052374,0.3890116,2.365517,252
139,0.0006198473218175733,0.39763498,1.5396454,589
140,0.0020489689907959513,0.38385934,1.4682068,1947
141,0.002384675774598678,0.3623985,1.5059206,2266
142,0.004029533777995736,0.7460998,3.4901907,3829
143,0.002472022680729168,1.0884442,2.8910465,2349
144,7.78755548633284e-05,0.2751257,0.4722334,74
145,0.0017637760804180866,0.3536863,1.0129228,1676
146,0.003378115285287624,0.5861635,2.298351,3210
147,0.017544099663872267,0.6318107,3.7216969,16671
148,0.0032812970278899723,0.4034415,1.528628,3118
149,0.0024762321701812394,0.5998069,3.4195905,2353
150,0.0017648284527811045,0.3948357,1.6966624,1677
151,0.004512572692620976,0.83760804,2.7635689,4288
152,0.0014406977649715753,0.34066162,1.0227358,1369
153,0.0025372697672362806,0.5343229,1.9905922,2411
154,0.0010218535644904308,1.0338641,2.9845421,971
155,0.0037401313781657993,0.40935552,1.4261063,3554
156,0.0009881776488738564,0.40718654,1.2740215,939
157,0.0006082712258243759,0.35765964,1.1860701,578
158,0.0005619668418515861,0.566994,2.0081065,534
159,0.0006608898439752735,0.43595618,2.2074807,628
160,0.002202615355796572,0.6306584,2.7298763,2093
161,0.0033644344445683907,0.37768972,1.2604527,3197
162,0.0002988737510970982,0.34925398,1.4694946,284
163,0.0024109850836741267,0.5108841,2.228954,2291
164,0.0007524462395578352,0.4182802,1.6761787,715
165,0.0024436086269276833,0.35792813,1.2760733,2322
166,0.0007029847384959915,0.4617977,2.1018355,668
167,0.002664606823161453,0.55920094,1.992137,2532
168,0.0033497012314861394,0.29013187,0.92150676,3183
169,0.0011113052153469566,0.3711779,1.4049824,1056
170,0.006245829974511541,0.32880414,1.0572505,5935
171,0.0021573633441868004,0.37424603,1.3350552,2050
172,0.0003914825190426779,0.42466152,2.029858,372
173,0.0024299277862084496,0.42318395,1.5953674,2309
174,0.021703075242519212,0.632365,4.2815185,20623
175,0.0031971072388485362,0.6663142,2.0876722,3038
176,0.010214326155452235,0.7293479,1.8153446,9706
177,0.001857437220726684,0.71751225,2.8147345,1765
178,0.0010081727237711974,0.457697,2.1440833,958
179,0.00505454445957522,1.1283827,4.197811,4803
180,0.001645910375760076,0.3267788,1.0756105,1564
181,0.002340476135351924,0.63438934,2.3367336,2224
182,0.0013712411890123906,0.3248096,0.9386559,1303
183,0.0028982334877514383,0.48058486,2.049883,2754
184,0.03414106420102838,0.63196754,2.3943188,32442
185,0.002836143518333379,0.86928034,2.9028995,2695
186,0.008503168693185048,0.4254447,1.6579797,8080
187,0.0023499474866190855,0.40296853,1.389466,2233
188,2.6309309075448786e-05,0.3518484,0.95636874,25
189,0.0014775307976772037,0.3507196,1.3900484,1404
190,0.0014785831700402216,0.44638112,2.504578,1405
191,0.0021131637049400464,1.1362238,2.8451364,2008
192,0.0011060433535318669,0.33286867,1.2266121,1051
193,0.0017890330171305173,0.40014756,1.3336467,1700
194,0.001279684793429829,0.5134935,1.56986,1216
195,0.0014838450318553115,0.30591938,1.023557,1410
196,0.002071068810419328,0.5262814,1.9462,1968
197,0.025684199891816122,0.38382837,1.624855,24406
198,0.00039674438085776767,0.37008393,1.3554684,377
199,0.002189986887440357,0.28731573,0.7342559,2081
200,0.00505454445957522,0.5867599,2.8104997,4803
201,0.006804639699274074,0.7384306,2.4267728,6466
202,0.003875887412995115,0.46800843,1.7975843,3683
203,0.0006387900243518965,0.4013033,1.9087971,607
204,0.0022583910910365236,0.3113873,1.0009577,2146
205,0.0018879560192542047,0.5870275,2.0979981,1794
206,0.0005419717669542449,0.33516583,1.1256964,515
207,0.0042526367189555415,0.3584043,1.7935508,4041
208,0.005622825535604914,0.76995564,4.2797155,5343
209,0.006647836217184399,0.4389336,1.6939145,6317
210,0.0019153177006926716,0.77250314,2.186806,1820
211,0.0019826695319258205,0.48156217,2.081066,1884
212,0.0022825956553859366,0.7974776,2.407603,2169
213,0.0011144623324360105,0.5495084,3.948907,1059
214,0.001170238067675962,0.33702844,1.096574,1112
215,0.0006335281625368068,0.45051593,2.6935713,602
216,0.0033675915616574446,0.59156877,2.1314669,3200
217,0.0076749516434899195,0.5206984,2.6624506,7293
218,0.0015480397459994065,0.49698675,1.7740201,1471
219,0.00371908393090544,0.3011586,1.0960019,3534
220,0.003128703035252369,1.0627533,2.6615274,2973
221,0.0015333065329171552,0.4379506,2.0920079,1457
222,0.0030792415341905255,0.28060266,0.7739139,2926
223,0.0020447595013438793,0.50295204,1.7883707,1943
224,0.0025425316290513707,0.41571653,1.2492234,2416
225,0.0032370973886432183,0.5256788,2.0166929,3076
226,0.00029992612346011616,0.607469,2.2325575,285
227,0.0029540092229913893,0.5016757,1.8974693,2807
228,0.0002620407183914699,0.35895407,1.0048876,249
229,4.314726688373601e-05,0.28425375,0.41623902,41
230,0.0007629699631880148,0.4264229,1.8838105,725
231,0.0032370973886432183,0.3546549,1.2452595,3076
232,0.001537516022369227,0.42029083,1.750458,1461
233,0.0057080676970093685,0.38399574,1.2916378,5424
234,0.0008924117638392227,0.30434057,0.8921341,848
235,0.0010765769273673642,0.34587926,1.094941,1023
236,0.03179322145913533,0.33540973,1.1723133,30211
237,0.0007177179515782428,0.5168836,1.8099926,682
238,0.0071371893659877466,0.5380491,2.128237,6782
239,0.005319742295055744,0.38604048,1.6299344,5055
240,0.0006187949494545554,0.31850928,0.9603545,588
241,0.015167842868177734,0.64800996,1.6192641,14413
242,0.003463357446692078,1.3480353,3.1334362,3291
243,0.006317391295196762,0.64234805,2.0897675,6003
244,0.0071813890052345,0.5842197,2.281369,6824
245,0.0011060433535318669,0.5519231,1.6613578,1051
246,0.002163677578364908,0.57847106,2.2435005,2056
247,0.006120597663312405,0.5067504,1.9752681,5816
248,0.0022120867070637338,0.5752688,2.313411,2102
249,0.005330266018685924,0.72006595,2.9891813,5065
250,0.0029087572113816176,0.9385074,2.7531242,2764
251,0.0020521261078850052,0.60337824,2.0918505,1950
252,0.0014848974042183294,0.4853747,1.6417582,1411
253,0.004005329213646323,0.33072045,1.0855281,3806
254,0.0009618683397984076,0.32030424,1.2540306,914
255,0.0044473256061138625,0.5121445,2.1095088,4226
256,0.0017016861110000273,0.37238184,1.4366927,1617
257,0.004817760677896181,0.31578094,0.7792478,4578
258,0.003111865077444082,0.39228332,1.4109257,2957
259,0.003347596486760103,0.48941946,3.265018,3181
260,0.001733257281890566,0.56399256,2.0425045,1647
261,0.0015290970434650834,0.34163955,0.9504071,1453
262,0.002054230852611041,0.35550472,0.9844787,1952
263,0.00280983420925793,0.7115596,2.19674,2670
264,0.0033497012314861394,0.31133294,1.3718951,3183
265,0.003512818947753922,0.90489876,2.733158,3338
266,0.0004314726688373601,0.3312867,1.2936047,410
267,0.002253129229221434,0.38698608,1.2663188,2141
268,0.0016090773430544477,0.37580705,1.0524698,1529
269,0.0019458364992201921,0.41601595,1.6113898,1849
270,0.00030203086818615205,0.31365466,0.78972685,287
271,0.005272385538719936,0.35488033,1.0468191,5010
272,0.0013617698377452292,0.5265251,2.0438638,1294
273,0.002789839134360589,0.4498687,1.8163235,2651
274,0.00337495816819857,0.6147105,2.159081,3207
275,0.0013649269548342829,0.33672884,1.0726097,1297
276,0.0010681579484632206,0.3543964,1.7226188,1015
277,0.0008366360285992714,0.46275032,2.0780287,795
278,0.000517767202604832,0.34805688,1.3485198,492
279,0.0014154408282591447,0.38009116,1.3995482,1345
280,0.006204787452353842,0.39760157,1.3236628,5896
281,4.209489452071805e-06,0.25133708,0.28474617,4
282,0.003570699427719909,1.2115309,4.479197,3393
283,0.005633349259235094,0.5415255,1.9953928,5353
284,0.0021521014823717107,0.6286508,2.3125055,2045
285,0.00013680840719233368,0.27042413,0.6605612,130
286,0.00775703668780532,0.8056405,2.7928615,7371
287,0.004666219057621596,0.5366763,2.6118448,4434
288,0.005541792863652532,0.69630295,3.1351192,5266
289,0.0027593203358330684,0.76833874,2.846328,2622
290,0.004194756238989554,0.526891,1.9300534,3986
291,0.000998701372504036,0.43897566,2.5880573,949
292,0.02665133009342962,1.353038,2.806526,25325
293,0.0016816910361026863,0.34209445,1.7709837,1598
294,0.0030697701829233643,0.40598413,1.5727823,2917
295,0.004009538703098395,0.33450618,0.93365085,3810
296,0.0026246166733667705,0.5880784,2.2584765,2494
297,0.0019195271901447433,0.56699556,2.4345152,1824
298,0.000389377774316642,0.47052577,1.7507974,370
299,0.0026351403969969503,0.45985582,1.6114473,2504
300,0.007043528225679148,0.86687,2.9411767,6693
301,0.0019289985414119048,0.5723546,2.3309505,1833
302,0.0001925841424322851,0.3306401,0.9474492,183
303,0.00019153177006926716,0.2502072,0.5495999,182
304,0.0024067755942220547,0.498014,1.8875887,2287
305,0.002115268449666082,0.3921643,1.2644627,2010
306,0.007748617708901176,0.25512537,0.9075794,7363
307,0.002462551329462006,0.7440765,2.4349792,2340
308,0.005767000549338374,0.48438862,1.8975239,5480
309,0.004170551674640141,0.7280602,2.6947362,3963
310,0.0011565572269567285,0.34937224,0.9311705,1099
311,0.0009808110423327307,160.27277,389.4962,932
312,0.007464477170886329,0.80983216,2.8243287,7093
313,0.001881641785076097,0.39611536,1.5398105,1788
314,0.001321779687950547,0.4361264,1.830809,1256
315,0.0010702626931892566,0.39629585,1.4023234,1017
316,0.00372434579272053,0.8951991,3.1152637,3539
317,0.004953516712725497,0.815773,2.9021826,4707
318,0.0023236381775436367,0.7858008,2.3012707,2208
319,0.0008355836562362534,0.32789922,0.7354231,794
320,0.001475426052951168,0.4787949,1.7303591,1402
321,0.0009292447965448511,0.45275074,2.4075544,883
322,0.0012281185476419492,0.43267456,1.7194344,1167
323,0.002340476135351924,0.7573156,2.1905897,2224
324,0.0010786816720934002,0.39547068,1.7257555,1025
325,0.008485278363013741,0.31612143,1.070582,8063
326,0.002816148443436038,0.33501735,1.2335607,2676
327,0.010314301529938941,0.41734272,1.4044096,9801
328,0.0011302479178812797,0.3242632,1.6589496,1074
329,0.001365979327197301,0.53816074,2.0355365,1298
330,0.0019921408831929817,0.364426,1.0418818,1893
331,0.0026088310879215015,0.51636803,2.1543562,2479
332,0.0009892300212368743,0.32033747,1.252019,940
333,0.005119791546082333,0.49239305,1.791261,4865
334,0.016508565258662605,0.40847534,2.1138334,15687
335,0.0035822755237131065,0.53068596,2.3179796,3404
336,0.001450169116238737,0.30576634,1.0019192,1378
337,0.0008776785507569714,0.33637443,0.93563056,834
338,0.0010502676182919154,1.1347994,9.228525,998
339,0.003831687773748361,0.7266023,2.061286,3641
340,0.0039727056703927665,0.7800849,2.8820348,3775
341,0.0011323526626073157,0.31911764,1.1976343,1076
342,0.003764335942515212,0.98491305,2.9816751,3577
343,0.0008513692416815227,0.30965856,0.93791395,809
344,0.003532814022651263,1.0647875,2.9153113,3357
345,0.002071068810419328,0.35292676,1.3477126,1968
346,0.0005482860011323526,0.29581758,1.1252177,521
347,0.039825979706051354,0.949752,2.750705,37844
348,0.0014859497765813473,0.29898793,1.3198844,1412
349,0.013814492009336647,0.6086533,2.1350102,13127
350,0.005035601757040898,0.40061724,1.4846106,4785
351,0.0016259153008627348,0.5329169,2.2499785,1545
352,0.0012249614305528953,0.40045586,1.5753613,1164
353,0.0037496027294329605,0.787904,2.6474035,3563
354,0.008909384425309976,0.33669847,1.1231685,8466
355,7.156132068522069e-05,0.24027753,0.7169952,68
356,0.003694879366556027,0.5514734,1.8450562,3511
357,0.005006135330876395,0.5056926,2.2033708,4757
358,3.367591561657444e-05,0.27959764,0.6205176,32
359,0.027602674709597846,0.42381218,1.5696775,26229
360,0.02049705651450064,0.6750395,3.4628222,19477
361,0.0015385683947322449,0.42779654,2.2929814,1462
362,0.0047356756335807815,0.46960923,2.0662005,4500
363,0.015081548334410262,0.5639352,2.9431915,14331
364,0.0030718749276494,0.36225614,1.3116839,2919
365,0.0016574864717532735,0.31685326,1.0791872,1575
366,0.008865184786063223,0.79460037,2.969355,8424
367,3.89377774316642e-05,0.27859917,0.45004168,37
368,0.0022173485688788235,1.1662558,3.1173122,2107
369,0.001323884432676583,0.329457,0.9327823,1258
370,0.0005114529684267244,0.27898613,0.6826376,486
371,0.002755110846380997,0.68883413,2.5787687,2618
372,0.003974810415118803,0.4122012,1.1808938,3777
373,0.006949867085370551,0.3212526,0.99399865,6604
374,0.000863997710037738,0.4313118,1.9045267,821
375,0.0014491167438757191,0.34305128,1.1680402,1377
376,2.946642616450264e-05,0.27656594,0.40130976,28
377,0.0017774569211373198,0.3323927,1.4718753,1689
378,0.006044826853175113,0.67916363,1.8223757,5744
379,0.00037043507178231887,0.38408798,1.0533974,352
380,0.0016006583641503041,0.37514988,1.6551042,1521
381,0.0005272385538719936,0.32395515,0.90543664,501
382,0.001016591702675341,1.2398876,3.1740725,966
383,0.004090571375050777,0.3128311,0.8793963,3887
384,0.0019521507333982997,0.35814247,1.740743,1855
385,0.0365867775726821,0.35722905,2.0661414,34766
386,0.0007135084621261711,0.38506192,1.9631057,678
387,0.0003399162732547983,0.36325818,1.1161783,323
388,0.0010208011921274127,0.44256315,2.3151176,970
389,0.0021699918125430155,0.8754708,2.7014885,2062
390,0.0028698194339499532,0.3081107,0.9650182,2727
391,0.0019595173399394256,0.36760408,0.96602935,1862
392,0.0004714628186320422,0.33674005,1.1706331,448
393,0.0035380758844663525,0.4351169,1.5588995,3362
394,0.005349208721220247,0.62914026,2.3365822,5083
395,0.0013617698377452292,0.3256817,1.0862088,1294
396,0.0050387588741299515,0.3147059,1.1342106,4788
397,0.004617809928922771,0.80140555,2.9124463,4388
398,0.0005082958513376705,0.38089263,2.2297063,483
399,0.0029276999139159405,0.5930218,1.9114679,2782
400,0.004086361885598705,0.54978395,2.272955,3883
401,0.0010460581288398436,0.34486577,1.2916005,994
402,0.0030234657989505745,0.43106374,1.5421469,2873
403,0.00194688887158321,0.343577,1.0123425,1850
404,0.008489487852465814,0.53057235,2.0020194,8067
405,0.0012660039527105954,0.3938874,1.5893936,1203
406,0.0002746691867476853,0.27745658,0.97394955,261
407,0.0003051879852752059,0.74975175,2.3835926,290
408,0.002119477939118154,0.3322806,1.1026578,2014
409,0.0002925595169189905,0.3993198,1.388878,278
410,0.0005030339895225808,0.39544606,1.7793205,478
411,0.0061826876327304645,0.4855017,1.8794483,5875
412,0.004612548067107681,0.3887966,1.5030715,4383
413,0.00035675423106308553,0.39444122,1.2489253,339
414,0.0006819372912356325,0.4245278,1.5125324,648
415,0.06678881201893429,0.42031404,2.0110917,63465
416,0.002922438052100851,0.5813719,2.068918,2777
417,0.003942186871865246,0.961857,2.8525987,3746
418,0.008567363407329142,0.3724589,1.2309315,8141
419,0.0014564833504168448,0.42951053,2.6353402,1384
420,0.0010102774684972334,0.46787387,1.9202967,960
421,0.008305322688937673,0.3685024,1.5322852,7892
422,0.0011239336837031721,0.38893592,1.6043345,1068
423,0.00164380563103404,0.33104372,1.0451436,1562
424,0.0007619175908249968,0.4284796,2.0742388,724
425,0.001278632421066811,119.4992,388.0507,1215
426,0.0008471597522294508,0.44449756,1.79814,805
427,0.003908510956248671,0.454785,1.7762592,3714
428,0.004905107584026671,0.54268366,1.9680562,4661
429,0.0005724905654817655,0.39455664,1.677521,544
430,0.0009018831151063843,0.50975966,2.0601761,857
431,0.0016480151204861118,0.3825134,1.6576241,1566
432,0.0007166655792152248,0.33785093,1.3579875,681
433,0.003634894141864004,0.57949865,2.0310524,3454
434,0.0005051387342486167,0.37708384,0.99882835,480
435,0.001210228217470644,0.42896116,2.7355208,1150
436,3.68330327056283e-05,0.25262338,0.37849867,35
437,0.014440653565332329,0.45139852,1.6262941,13722
438,0.003611741949877609,0.30121374,1.1665839,3432
439,0.00208054016168649,0.31840488,1.119623,1977
440,0.002769844059463248,1.0310794,3.246588,2632
441,0.00032097357072047517,0.44944692,1.7611474,305
442,0.0014238598071632882,0.35252267,1.1512958,1353
443,0.0017269430477124582,0.37187776,1.0631288,1641
444,0.005580730641084196,0.37962222,1.6065611,5303
445,0.0008860975296611151,0.32124752,1.2033226,842
446,0.00015469873736363886,0.30638656,0.87191784,147
447,0.0008513692416815227,0.45390987,2.2665696,809
448,0.0019426793821311383,0.76904106,2.7302966,1846
449,0.0029276999139159405,1.0037051,2.6902103,2782
450,0.0014870021489443654,0.3796487,1.1797354,1413
451,0.0008755738060309355,0.34494835,1.3516176,832
452,0.013211482645327361,0.3525831,1.7329327,12554
453,0.00112498605606619,1.3682271,3.063982,1069
454,0.0018711180614459175,0.3236462,1.1426255,1778
455,0.0025456887461404246,0.38047412,1.1781194,2419
456,0.00346230507432906,0.6022848,2.7357001,3290
457,0.003391796126006857,0.5616161,2.2313864,3223
458,0.0023520522313451213,0.40490258,1.4115629,2235
459,0.0008261123049690918,0.2909564,0.76118636,785
460,0.0015301494158281013,0.35306293,0.9577409,1454
461,0.0028698194339499532,0.59635824,2.265051,2727
462,0.0016953718768219197,0.35999227,1.4073147,1611
463,0.0018563848483636662,0.7092645,2.5189984,1764
464,0.03598797769812488,0.4369039,2.376746,34197
465,0.0024751797978182217,0.35684592,1.1957394,2352
466,0.0003956920084947497,0.3144704,0.84523606,376
467,0.0008576834758596304,0.31347653,1.0803219,815
468,0.004434697137757647,0.48250058,2.1321692,4214
469,0.00497772127707491,0.45289436,1.7650541,4730
470,0.0018258660498361456,0.33850032,0.9271158,1735
471,0.001709052717541153,0.31258157,0.86863774,1624
472,0.0015269922987390474,0.7016074,2.5242221,1451
473,0.002341528507714942,0.34650612,1.0127217,2225
474,0.0005609144694885681,0.46407264,2.2833486,533
475,0.004167394557551087,0.5701073,2.4111688,3960
476,0.002619354811551681,0.78375643,2.5635815,2489
477,0.0023678378167903908,0.39223343,1.9978977,2250
478,0.0014817402871292755,0.8990816,2.930365,1408
479,0.0030897652578207053,0.67754626,2.747114,2936
480,0.002184725025625267,0.3313228,0.91287094,2076
481,0.005007187703239413,0.59781975,2.6246939,4758
482,0.0003609637205151573,0.35805628,1.4688462,343
483,0.0006545756097971658,0.367397,1.4283414,622
484,0.0010208011921274127,0.41892004,1.2624165,970
485,0.003528604533199191,0.9928661,2.9799504,3353
486,0.0012891561446969904,0.35802117,1.4187948,1225
487,0.0014343835307934678,0.3743904,1.1303985,1363
488,8.839927849350791e-05,0.29379117,0.5020804,84
489,7.36660654112566e-05,0.25202096,0.5666227,70
490,0.002256286346310488,0.81506264,2.2067423,2144
491,0.0011786570465801055,0.3719383,1.1488385,1120
492,0.004013748192550466,0.5353621,2.0218382,3814
493,0.0016932671320958837,0.42400178,1.4017041,1609
494,0.002687759015147848,0.46922386,2.114499,2554
495,0.0018648038272678098,0.7088258,2.193251,1772
496,0.0015722443103488193,0.538954,2.0211072,1494
497,0.006603636577937645,0.31857195,0.88277936,6275
498,0.0032286784097390747,0.653783,2.5292006,3068
499,0.0014975258725745447,0.3522519,1.1783915,1423
500,0.0017869282724044815,0.49924362,2.3795774,1698
501,0.00036517320996722915,0.46273702,2.3783934,347
502,0.0041158283117632075,0.41465688,1.1763853,3911
503,0.0006556279821601837,0.5068001,1.960263,623
504,0.001150242992778621,0.5574819,1.6778189,1093
505,0.0013596650930191932,0.48423153,3.1874354,1292
506,0.0018100804643908764,0.965558,3.0560038,1720
507,0.0019416270097681204,0.40276068,1.2355464,1845
508,0.0021731489296320694,0.7083817,2.182036,2065
509,7.36660654112566e-06,0.24284358,0.33063188,7
510,0.0022626005804885956,0.6730576,2.3819833,2150
511,9.576588503463358e-05,0.33885038,1.059212,91
512,0.000454624860823755,0.3726705,1.1475765,432
513,0.005052439714849185,0.49172172,2.0137873,4801
514,0.0018248136774731277,0.7484519,2.7002285,1734
515,0.0060427221084490765,0.44277808,1.6853272,5742
516,0.0019321556585009587,0.3945015,1.199282,1836
517,0.00505980632139031,1.1709101,3.2801042,4808
518,0.0002357314093160211,0.36887276,2.604013,224
519,0.011093057078572225,0.44321138,1.6376787,10541
520,0.003745393239980889,0.4625364,1.7192954,3559
521,0.002502541479256688,0.3964461,1.4019427,2378
522,0.007034056874411987,0.46162876,1.8327478,6684
523,0.002442556254564665,0.28163147,1.5452169,2321
524,0.004317883805462655,0.32089987,1.0799136,4103
525,0.00021257921732962618,0.29617634,0.77203214,202
526,0.028765546170732684,0.51168376,2.4628065,27334
527,0.0026656591955244707,0.43330392,1.8688753,2533
528,0.000930297168907869,0.46160546,1.5339617,884
529,0.0007619175908249968,0.2905031,0.89418906,724
530,0.0016480151204861118,0.33908713,1.0036408,1566
531,0.0008408455180513431,0.31593373,0.9270981,799
532,0.004039005129262897,0.8147111,2.5026712,3838
533,0.0006419471414409503,0.61531097,2.604278,610
534,0.004445220861387826,0.49162996,2.238194,4224
535,0.0051418913657057105,1.0230569,2.7966976,4886
536,0.005156624578787961,0.40665948,1.8371325,4900
537,0.0019921408831929817,0.63953817,1.9304703,1893
538,0.002336266645899852,0.41244254,1.8215562,2220
539,0.006524708650711299,0.39351985,1.2620342,6200
540,2.5256936712430834e-05,0.2248095,0.30248803,24
541,0.002428875413845432,0.30176365,0.9214674,2308
542,0.001512259085656796,0.32312363,1.0410088,1437
543,0.015114171877663818,0.8032848,2.2561572,14362
544,0.0004346297859264139,0.6271634,1.7670524,413
545,0.0027772106660043736,0.37125823,1.2774227,2639
546,0.0016185486943216091,0.37948802,1.0742016,1538
547,0.0007503414948317993,0.34729967,1.3968325,713
548,0.005874342530366204,0.5391395,2.134329,5582
549,0.0013786077955535163,0.3571493,1.1999336,1310
550,0.00043357741356339597,0.48859864,1.9824027,412
551,0.002751953729291943,0.3860951,1.6080652,2615
552,0.005781733762420625,0.38076335,1.464289,5494
553,0.000715613206852207,0.3655078,0.9818933,680
554,0.0006166902047285195,0.3309625,1.2157125,586
555,0.005112424939541208,0.3420015,1.1473814,4858
556,0.0010460581288398436,0.3330878,1.1015419,994
557,0.0007219274410303146,0.31264675,0.7711754,686
558,0.000758760473735943,0.33826622,1.264831,721
559,0.0006861467806877043,0.49732614,1.5373644,652
560,0.0032086833348417337,0.61615545,2.071798,3049
561,0.0005209243196938859,0.42011115,1.6900842,495
562,0.002977161414977784,0.30969098,0.94360125,2829
563,0.000368330327056283,0.34841368,1.0381663,350
564,0.05444132708364466,0.3979374,1.4985254,51732
565,0.004881955392040276,0.69652724,2.4003158,4639
566,0.010845749573263007,0.2925046,0.9362525,10306
567,0.0035380758844663525,1.0668873,2.8560734,3362
568,0.00014838450318553113,1.2347779,3.379802,141
569,0.0024962272450785804,0.33985403,1.2182939,2372
570,0.03104393233666655,1.393081,3.4258049,29499
571,0.0019595173399394256,1.024965,2.9252691,1862
572,0.0013228320603135648,0.45753935,2.292699,1257
573,0.0031655360679579978,0.42650142,1.49843,3008
574,0.009247195953838739,0.48608527,1.9683294,8787
575,0.005716486675913512,0.48095337,1.979236,5432
576,0.020309734233883443,0.4837812,1.6161246,19299
577,0.000346230507432906,0.46131366,2.4650173,329
578,0.000996596627778,0.3061743,1.243689,947
579,0.009720763517196817,0.31643134,0.834655,9237
580,0.006733078378588853,0.38483196,1.2605673,6398
581,0.0005872237785640169,0.38108116,1.7157841,558
582,0.0006208996941805913,0.32865486,1.1568406,590
583,0.0036664653127545426,0.4938828,1.7983937,3484
584,0.010552137683980998,0.27930447,1.1145682,10027
585,0.0016122344601435016,0.33680958,1.4353783,1532
586,0.0012681086974366314,0.4856245,1.7061356,1205
587,0.0008271646773321098,0.34021756,1.0348623,786
588,0.0011407716415114592,0.59121746,1.9293506,1084
589,0.0052450238572814695,0.53741467,2.797928,4984
590,0.0003693826994193009,0.3761881,1.356185,351
591,0.017005285014007075,0.64601684,3.2938154,16159
592,0.006123754780401459,0.49501067,1.7438533,5819
593,0.0010292201710315565,0.33439216,1.6666491,978
594,0.021803050617005916,0.33458406,1.2233073,20718
595,0.0014322787860674318,0.44976473,2.1911225,1361
596,0.007306621316433636,0.35867915,1.1427909,6943
597,0.002054230852611041,0.33746728,1.5325131,1952
598,0.0026667115678874888,0.63992095,2.1402063,2534
599,0.0035822755237131065,0.49915802,1.908967,3404
600,6.735183123314888e-05,0.31320104,0.86360914,64
601,0.0012407470159981648,0.40607885,2.4424524,1179
602,0.0019584649675764075,0.68453324,1.5299968,1861
603,0.0017648284527811045,0.4643684,1.6890227,1677
604,0.011007814917167772,0.44411436,2.2367942,10460
605,0.0016532769823012015,0.25407484,0.6808635,1571
606,0.0040211147990915925,0.46165168,1.620125,3821
607,0.0007250845581193685,0.42043498,1.3353189,689
608,0.0033265490394997444,0.5792226,2.3454797,3161
609,0.003270773304259793,0.39368093,1.4001448,3108
610,0.0013880791468206778,0.6907941,2.532441,1319
611,0.0010965720022647052,0.43079233,1.6232795,1042
612,0.007858064434655043,0.7307306,2.4103568,7467
613,0.0027803677830934275,0.9065688,3.295999,2642
614,0.006037460246633987,0.5843879,2.8905294,5737
615,0.0009176687005516536,0.35526687,1.3900561,872
616,0.003288663634431098,0.81399816,3.3949928,3125
617,0.0012260138029159134,0.372309,1.2936858,1165
618,0.001471216563499096,0.5588552,1.805434,1398
619,0.0038211640501181815,0.3920837,1.654498,3631
620,0.000758760473735943,0.29883897,0.89458007,721
621,0.0023909900087767857,0.36554137,1.0571615,2272
622,0.0010986767469907412,0.38328388,1.6568693,1044
623,0.0035622804488157655,0.38385323,1.4446843,3385
624,0.0014164932006221626,0.6410931,2.2060397,1346
625,0.0009913347659629103,0.32471028,0.8853012,942
626,0.0014764784253141858,0.39628923,1.1104294,1403
627,0.0018437563800074509,0.4041402,1.6530778,1752
628,0.008002239448388503,0.6266752,2.4745278,7604
629,0.00238362340223566,0.39320588,1.6496975,2265
630,0.002513065202886868,0.411018,1.6606247,2388
631,0.0017711426869592122,0.3974012,1.9654764,1683
632,9.155639558256177e-05,0.331307,0.93471646,87
633,5.261861815089757e-06,0.23535287,0.34069514,5
634,0.0010344820328466462,0.41284755,1.5538847,983
635,0.0018469134970965047,0.5558034,1.9234306,1755
636,0.0007335035370235121,0.42339548,1.8246518,697
637,0.002271019559392739,0.31713566,0.7908163,2158
638,0.0009271400518188152,0.5343974,2.1984165,881
639,0.0032570924635405593,0.33326864,1.0098399,3095
640,0.01970462012514812,0.49017552,1.7968079,18724
641,0.0068972484672196535,0.5751055,2.3450203,6554
642,0.001150242992778621,0.4330701,1.8697112,1093
643,0.0018332326563772713,0.40457565,1.8346919,1742
644,0.006171111536737267,0.5232821,2.1366038,5864
645,0.0021931440045294104,0.7351867,2.583703,2084
646,0.0024088803389480905,0.32497007,1.2828723,2289
647,0.0032970826133352418,0.37857077,1.3915128,3133
648,0.000714560834489189,0.3206879,0.98839444,679
649,0.012762119646318697,0.37158272,1.3946887,12127
650,0.00032518306017254695,0.71104485,2.005491,309
651,0.015870827606673726,0.3378957,1.1142776,15081
652,0.000540919394591227,0.32016003,0.99088,514
653,0.0002830881656518289,1.4882048,2.4060903,269
654,0.009310338295619816,0.3587108,1.7866998,8847
655,0.005800676464954948,0.3841131,1.4005035,5512
656,0.001705895600452099,0.85498095,2.512118,1621
657,0.00246570844655106,0.69112974,2.5621324,2343
658,0.004216856058612931,0.84587103,2.91725,4007
659,0.0023531046037081394,0.6098953,2.4878826,2236
660,0.0011786570465801055,0.3858118,1.7805456,1120
661,0.0008408455180513431,0.32334086,0.81876266,799
662,0.0024604465847359704,0.43082473,1.7879459,2338
663,0.0016343342797668784,0.40050247,1.3736984,1553
664,0.0109215203834003,0.33379537,1.2292606,10378
665,0.0017690379422331762,0.41218683,1.4597212,1681
666,0.0032086833348417337,0.33907524,1.056707,3049
667,0.04257056682880217,1.0623276,2.5167615,40452
668,0.0018679609443568636,0.3987799,1.4112706,1775
669,0.0006777278017835607,0.4139748,1.4582256,644
670,0.0010534247353809693,0.31506118,1.04446,1001
671,0.001517520947471886,0.31698292,0.83627254,1442
672,0.0038274782842962892,0.60268676,2.5044127,3637
673,0.00800329182075152,0.6446486,2.4809878,7605
674,0.00044620588191961137,0.50004584,2.3079371,424
675,0.002684601898058794,0.32204202,1.0755446,2551
676,0.0011818141636691594,0.49833068,2.092205,1123
677,0.002350999858982103,1.0368294,3.2138178,2234
678,0.027349052970110522,0.2972646,1.0577617,25988
679,0.0003714874441453368,0.3667697,1.0967098,353
680,0.0018069233473018225,0.51597774,1.6490779,1717
681,0.0034444147441577548,0.44185793,1.5457407,3273
682,0.0002462551329462006,0.4327435,1.3520418,234
683,0.0011007814917167772,0.43758678,1.4771203,1046
684,0.0005282909262350116,0.41362697,1.7534393,502
685,0.0011365621520593875,0.39189935,1.5005286,1080
686,0.0031097603327180463,0.37325963,1.3602386,2955
687,0.0021752536743581056,0.4669957,2.315369,2067
688,0.01714630291065148,0.44970104,1.7919408,16293
689,0.00020626498315151848,0.4134683,2.2277489,196
690,0.0023962518705918753,0.4772417,2.6911333,2277
691,0.010272206635418224,0.59705883,2.3035657,9761
692,0.000389377774316642,0.678785,2.6087615,370
693,0.005594411481803429,0.54345953,1.8989323,5316
694,0.0008050648577087328,0.3525272,1.6319413,765
695,0.0003441257627068701,0.3117175,1.0827613,327
696,3.999014979468215e-05,0.27022702,0.4822334,38
697,0.003592799247343286,0.42504963,1.7194165,3414
698,0.005785943251872696,0.33481616,1.2127163,5498
699,2.946642616450264e-05,0.25063062,0.42515492,28
700,0.00019363651479530305,0.3653235,0.67651117,184
701,0.04776823392974783,1.0781705,2.7749422,45391
702,0.0025235889265170473,0.51719886,1.6510075,2398
703,0.00571227718646144,0.95081073,3.9515417,5428
704,0.0011881283978472672,0.32629248,1.2531406,1129
705,0.04070681537389738,0.5301774,1.7609327,38681
706,0.0012502183672653262,0.48350763,2.3026035,1188
707,0.0008839927849350792,0.35983127,1.2840208,840
708,0.001997402745008072,0.53343916,2.0589309,1898
709,0.0002830881656518289,0.3099851,0.8314386,269
710,0.0024172993178522345,0.30339953,1.0657673,2297
711,0.0005672287036666757,0.34320885,1.0847023,539
712,0.01242641286251597,0.3917072,1.7200694,11808
713,0.003980072276933892,0.3840533,1.7679986,3782
714,0.0009702873187025511,171.42535,407.35672,922
715,8.41897890414361e-06,0.284447,0.41273117,8
716,0.02169781338070412,0.52137876,2.308088,20618
717,0.0013123083366833853,0.4037731,1.2305864,1247
718,0.007185598494686572,0.7012988,2.8153737,6828
719,0.00024309801585714675,0.47436848,1.7793928,231
720,0.0007166655792152248,0.45807278,2.3398497,681
721,0.0022836480277489543,0.31553698,1.2037574,2170
722,0.007041423480953112,0.5319703,1.8640074,6691
723,0.00036517320996722915,0.3465711,1.3881023,347
724,0.007127718014720585,0.49978045,2.068233,6773
725,0.01964884438990817,0.34128508,0.7860072,18671
726,0.0010471105012028615,0.39281645,1.6389816,995
727,0.028878150013575604,0.5126701,2.107765,27441
728,0.002397304242954893,1.0005766,2.9802074,2278
729,0.019085825175693565,0.3886719,1.4615927,18136
730,0.0010786816720934002,0.33510798,0.9398417,1025
731,0.003860101827549846,0.6961214,2.3834362,3668
732,0.00021573633441868004,0.35008377,0.93294543,205
733,0.0012881037723339725,0.38625696,1.6251241,1224
734,0.015017353620266165,0.5278783,2.1824856,14270
735,0.004690423621971009,0.49153405,1.7201184,4457
736,0.005607039950159645,0.4277321,1.6506709,5328
737,0.0013786077955535163,0.37559816,1.0301995,1310
738,0.0017416762607947096,0.35777718,1.3616307,1655
739,0.00285613859323072,0.6339011,2.705083,2714
740,0.002037392894802754,0.908104,2.685641,1936
741,0.001015539330312323,141.26057,355.62793,965
742,0.0007345559093865301,0.32471707,1.3457694,698
743,0.001837442145829343,0.83143294,2.9071863,1746
744,0.029238061361727744,0.24821146,0.66685545,27783
745,0.004779875272827535,0.31009105,0.9828603,4542
746,0.0014385930202455396,0.72798735,2.1331668,1367
747,0.0003641208376042112,0.58309793,2.7921252,346
748,0.0056796536432078834,0.5873532,2.495469,5397
749,0.0031108127050810644,0.73839396,2.3158274,2956
750,0.0008966212532912945,0.3898635,1.260397,852
751,0.001102886236442813,0.4250918,1.3400098,1048
752,0.0031244935458002976,0.37694108,1.0350099,2969
753,0.0006208996941805913,0.47953737,2.4394352,590
754,5.261861815089757e-06,0.24642377,0.3132683,5
755,0.0017774569211373198,0.5099664,2.055189,1689
756,0.0006019569916462682,0.37924016,1.4405353,572
757,0.0006987752490439197,0.33006,1.3876916,664
758,0.003509661830664868,0.54561055,2.2691152,3335
759,0.0015448826289103526,0.383376,1.5392952,1468
760,0.00548601712841258,0.5245737,1.7969925,5213
761,0.00246570844655106,0.4134281,1.6062754,2343
762,0.0004135823386660549,0.5816239,2.1682146,393
763,0.0006724659399684709,0.32697225,1.3542769,639
764,0.000973444435791605,0.30346826,0.9241476,925
765,0.0010229059368534487,0.29546547,0.7779423,972
766,0.02355735534615684,0.29320347,2.0443797,22385
767,0.000779807920996302,0.3579337,1.6012627,741
768,0.01604236430184565,0.63361907,2.4735322,15244
769,0.00048198654226222173,0.5139121,2.5617425,458
770,0.003138174386519531,0.28611636,0.77939385,2982
771,0.010432167234596952,0.6631175,2.3839965,9913
772,0.008361098424177624,0.6938341,2.05442,7945
773,0.0032160499413828596,0.38244006,1.3187444,3056
774,0.004614652811833717,0.37921277,0.96082324,4385
775,0.003466514563781132,0.5377241,2.2467566,3294
776,0.0035749089171719806,0.42180267,1.7852737,3397
777,0.00044094402010452164,0.38138556,1.8582928,419
778,0.001534358905280173,1.1894802,3.4000735,1458
779,0.0007777031762702661,0.28741202,0.8763295,739
780,0.002425718296756378,0.41111532,1.9863745,2305
781,0.009187210729146715,0.7033251,2.536645,8730
782,0.0011407716415114592,0.4953951,2.4055543,1084
783,0.00019995074897341075,0.3125002,2.1452281,190
784,0.0034507289783358625,1.0976629,4.350996,3279
785,0.0010692103208262385,0.39263433,1.2907081,1016
786,0.0021057970983989205,0.393316,1.4573056,2001
787,0.00756129542828398,0.35668516,1.4366099,7185
788,0.000605114108735322,0.345108,1.0194567,575
789,0.001882694157439115,0.41430488,1.6000346,1789
790,0.00886202766897417,0.52404845,1.7570703,8421
791,0.02263337241142708,0.33798864,0.9992762,21507
792,0.007852802572839953,0.44490758,1.9362394,7462
793,0.0004030586150358754,0.3497997,1.2830981,383
794,9.892300212368743e-05,0.31333008,0.6884143,94
795,0.0013775554231904984,0.482211,1.7370867,1309
796,0.0011933902596623568,0.46150216,2.1782227,1134
797,0.003960077202036551,0.7630816,2.794238,3763
798,0.002341528507714942,0.32821053,0.9856581,2225
799,0.004852488965875774,0.38555402,1.729483,4611
800,0.000910302094010528,0.34573665,0.9932108,865
801,0.003479143032137347,0.43346328,1.6826859,3306
802,7.892792722634635e-05,0.28002688,0.6037876,75
803,0.00285613859323072,0.35725972,1.0914052,2714
804,0.003676989036384722,0.5670885,2.2346692,3494
805,0.000475672308084114,0.38143876,1.6884038,452
806,0.0009155639558256176,0.47681955,1.7129413,870
807,0.007507624437770065,0.79429233,1.8894799,7134
808,0.0010271154263055205,0.42174795,2.2245233,976
809,2.1047447260359025e-06,0.24057917,0.26399827,2
810,0.005035601757040898,0.31322402,0.9365372,4785
811,0.04377448081209471,0.45245552,2.1031823,41596
812,0.005254495208548631,0.8238879,2.460022,4993
813,0.0011576095993197466,0.2001496,0.5569896,1100
814,0.00112498605606619,0.34834284,1.5567818,1069
815,0.0011818141636691594,0.3111539,1.3922074,1123
816,0.004749356474300015,0.63807786,2.3592372,4513
817,0.0026351403969969503,0.3767507,1.3633667,2504
818,0.002163677578364908,0.29557705,0.6701234,2056
819,0.0011660285782238902,0.31827134,0.9056399,1108
820,0.007761246177257391,0.5660813,2.326513,7375
821,0.0021068494707619386,0.30997896,1.51302,2002
822,0.0012018092385665004,0.33512837,1.0630324,1142
823,0.001234432781820057,0.3413063,1.1970261,1173
824,0.001796399623671643,0.39231938,2.051965,1707
825,0.0007250845581193685,0.3307626,1.0567005,689
826,0.009642887962333488,0.50200284,1.6739575,9163
827,0.003702245973097153,0.36269408,1.2953241,3518
828,0.006455252074752114,0.54619753,1.9273764,6134
829,0.0017069479728151172,0.40630266,1.7184852,1622
830,0.0003662255823302471,0.29605204,0.6493696,348
831,0.0017248383029864222,0.44970775,1.4056385,1639
832,0.003999014979468215,0.80705416,3.120418,3800
833,0.00024730750530921856,0.4271036,1.9429686,235
834,0.0026719734297025784,0.7027395,2.7809541,2539
835,0.0003946396361317318,0.5826264,2.977673,375
836,0.0029592710848064794,0.78184134,2.552188,2812
837,0.010476366873843707,0.53657675,2.3110762,9955
838,0.0011512953651416388,0.6021015,2.028612,1094
839,0.00810642431232728,0.57597387,2.9103668,7703
840,0.0012154900792857339,0.4038817,1.5605415,1155
841,0.0027151206965863144,0.34297687,1.2201707,2580
842,0.0023036431026462957,0.3235525,0.8824526,2189
843,0.002618302439188663,0.3059961,0.7935463,2488
844,0.020724368944912516,0.5293068,2.7414784,19693
845,0.02472022680729168,0.52310306,1.9706347,23490
846,0.0027530061016549606,0.42643976,1.716639,2616
847,0.0009418732649010664,0.34166875,1.1274881,895
848,0.0034549384677879345,0.50449544,1.9956977,3283
849,0.0005598620971255502,0.49746138,2.3683507,532
850,0.006743602102219032,0.51851004,2.0429797,6408
851,0.0016364390244929144,0.8418342,2.4033105,1555
852,0.010132241111136836,0.4889636,1.6950326,9628
853,0.009125120759728657,0.4606596,1.441439,8671
854,0.002683549525695776,0.7707497,2.440358,2550
855,0.0009271400518188152,0.3424913,1.1529759,881
856,0.0007103513450371172,0.39319262,1.3356857,675
857,0.0035401806291923883,0.33585104,1.019495,3364
858,0.004013748192550466,0.53607905,2.7460012,3814
859,0.00046409621209091655,0.3817562,1.9616239,441
860,0.0016732720571985427,0.3908052,1.3222181,1590
861,0.00018521753589115944,0.46911892,1.5399724,176
862,0.0011007814917167772,0.38448817,1.7925187,1046
863,0.0023289000393587264,0.41121483,1.6641116,2213
864,0.0031707979297730875,0.558503,1.9461757,3013
865,0.0028014152303537866,0.3774799,1.7601942,2662
866,0.0010039632343191256,0.40363017,2.0943735,954
867,0.0012691610697996493,0.3299377,1.0458016,1206
868,0.0011565572269567285,0.3297384,0.89133567,1099
869,0.0021963011216184643,0.35466236,1.6932253,2087
870,0.0011565572269567285,0.2977361,0.8237844,1099
871,0.0021784107914471595,0.3475223,1.397873,2070
872,0.0051966147285826434,0.40296036,1.3159764,4938
873,0.024998053111128418,1.3817055,3.7195368,23754
874,0.0019395222650420844,0.41541505,1.7112645,1843
875,0.0008040124853457149,0.34917873,1.8288693,764
876,0.004183180142996357,0.48540586,1.560944,3975
877,0.002317323943365529,0.3517526,1.0880127,2202
878,0.002741430005661763,0.49617496,1.9969783,2605
879,0.00028835002746691865,0.43357867,1.8674368,274
880,0.0017585142186029967,0.88316184,2.69166,1671
881,0.008127471759587638,0.5156476,2.2237122,7723
882,0.004112671194674154,0.43895948,2.3245776,3908
883,0.0007229798133933326,0.35911414,1.0385329,687
884,0.0027940486238126607,0.47070065,1.6877956,2655
885,0.002120530311481172,0.4589121,1.7058854,2015
886,0.0008745214336679176,0.423238,1.7663047,831
887,0.012167529261213554,0.6226618,1.4996153,11562
888,0.007545509842838711,0.75032777,1.9702517,7170
889,0.0005924856403791066,0.3192558,1.1960891,563
890,0.0001925841424322851,0.40050316,2.3595674,183
891,0.00020942210024057231,0.66081023,2.659291,199
892,0.0011586619716827645,0.46014577,1.4944696,1101
893,0.008402140946335323,0.44659,1.5331383,7984
894,0.002614092949736591,0.5463827,1.849713,2484
895,0.0008713643165788637,0.39793324,1.4679964,828
896,0.0017521999844248891,0.481539,1.8297157,1665
897,0.0013165178261354573,0.54600877,2.3629556,1251
898,0.004554667587141694,0.6234741,1.9679084,4328
899,0.07554560245160666,0.6754581,1.8963499,71786
900,0.00549127899022767,0.3282445,1.0090116,5218
901,0.0010934148851756515,0.42492685,1.9500828,1039
902,0.015078391217321208,0.39463618,1.3371534,14328
903,0.0002273124304118775,0.29682532,0.7369204,216
904,0.004354716838168283,0.7187985,2.5275736,4138
905,0.0019963503726450537,0.2958749,0.89986956,1897
906,0.0004346297859264139,0.3852622,1.6181806,413
907,0.0015301494158281013,0.45536795,1.8737959,1454
908,0.0006261615559956811,0.38191465,1.7691407,595
909,0.0013691364442863546,0.5448518,2.0141885,1301
910,0.0010481628735658796,0.34201643,1.2211936,996
911,0.005175567281322285,0.6083159,2.6803942,4918
912,0.0005724905654817655,0.431091,1.4149848,544
913,0.0033402298802189777,0.87009835,2.8979528,3174
914,0.000475672308084114,0.37505484,1.8500818,452
915,0.0029098095837446357,0.39588973,1.4375542,2765
916,0.0032749827937118645,0.46791977,1.7201109,3112
917,0.0018763799232610072,0.32398325,0.94566214,1783
918,0.0020721211827823462,0.46832633,1.5983319,1969
919,0.0012933656341490621,0.42177182,1.4573714,1229
920,0.0014975258725745447,0.2890211,1.078054,1423
921,0.0006377376519888786,0.35857475,1.1693807,606
922,0.002486755893811419,0.68239826,2.158721,2363
923,0.000737713026475584,0.56738627,1.6441921,701
924,0.0011113052153469566,0.3896234,2.0252662,1056
925,0.001343879507573924,0.32245833,1.2645702,1277
926,0.004102147471043974,0.43466228,1.426936,3898
927,0.0006556279821601837,0.3242949,1.3920946,623
928,0.003088712885457687,0.8366732,3.315971,2935
929,0.0006893038977767582,0.36088717,2.1583729,655
930,0.0018721704338089354,0.39832312,1.5972852,1779
931,0.0032749827937118645,0.43646163,1.425957,3112
932,0.0014617452122319345,0.34835124,1.397349,1389
933,0.000584066661474963,0.42757925,1.7095062,555
934,0.0004683057015429884,0.40096962,1.6236873,445
935,0.012068606259089867,1.3887813,3.4605565,11468
936,0.005377622775021731,0.37945196,1.1873384,5110
937,0.0008797832954830074,0.34822184,0.9437391,836
938,0.0030371466396698077,0.45339972,1.6857901,2886
939,0.0013565079759301393,0.4203955,1.6288105,1289
940,0.0011355097796963696,0.3314129,1.1479716,1079
941,0.0033644344445683907,0.5708635,2.662014,3197
942,0.004737780378306817,0.7756744,2.296818,4502
943,0.003108707960355028,0.77557266,2.3108842,2954
944,8.41897890414361e-06,0.25139558,0.3504121,8
945,0.00028940239982993665,0.43331042,1.7318357,275
946,0.004860907944779918,0.43315032,1.7731576,4619
947,0.0012049663556555543,0.3994947,1.3899425,1145
948,0.0020521261078850052,0.93570423,2.8515773,1950
949,0.0013943933809987855,0.49307767,3.030894,1325
950,0.0011092004706209208,0.3737843,1.7915993,1054
951,0.007522357650852316,0.40447268,1.9477806,7148
952,0.005363941934302498,0.33685595,1.4554611,5097
953,0.00017890330171305174,0.21773815,0.884002,170
954,0.0015059448514786885,0.35358548,1.2955644,1431
955,0.00041673945575510874,0.48390114,2.2991478,396
956,0.00039674438085776767,0.40098706,1.4302226,377
957,0.0017806140382263737,0.50975144,2.098084,1692
958,0.014605876026326146,0.59066737,2.6690817,13879
959,0.004744094612484925,0.4625552,1.7278888,4508
960,0.009155639558256178,0.74590653,1.7823088,8700
961,0.005972213160126874,1.2192338,3.3889554,5675
962,0.00363699888659004,1.4702969,3.6557765,3456
963,0.001795347251308625,0.8172804,3.6352792,1706
964,0.0013323034115807265,0.3160716,1.1575236,1266
965,0.003181321653403267,0.4245473,1.3706157,3023
966,0.0026793400362437043,0.462042,2.0242608,2546
967,0.00606692667279849,0.68361825,2.1504803,5765
968,0.0007019323661329736,0.5637994,2.0479026,667
969,0.0018963749981583484,0.75790435,2.4735537,1802
970,0.0014775307976772037,0.4055174,1.5936725,1404
971,0.0023278476669957083,0.381436,1.3319817,2212
972,0.003291820751520152,0.34205106,0.90478647,3128
973,0.012954703788750981,0.49430448,2.5381906,12310
974,0.0025078033410717783,0.3741609,1.4362472,2383
975,0.0039727056703927665,0.45834386,1.4785165,3775
976,0.0007524462395578352,0.3523724,1.5276772,715
977,0.0017101050899041709,0.333732,1.3566507,1625
978,0.001234432781820057,0.55433,2.2910538,1173
979,0.0002420456434941288,0.29413703,0.8512066,230
980,0.005954322829955568,0.42209244,1.9772142,5658
981,4.209489452071806e-05,0.26624918,0.44331864,40
982,0.0004946150106184371,0.36009815,1.0782896,470
983,0.0037138220690903505,0.59710157,2.4467967,3529
984,0.001079734044456418,0.6804842,2.144061,1026
985,0.0020342357777137,0.28296515,2.6662416,1933
986,0.003587537385528196,0.48313445,2.3350825,3409
987,0.0013765030508274803,0.31558567,0.87616,1308
988,0.0009650254568874615,0.3474615,0.94103914,917
989,0.004654642961628399,0.82224333,3.0088723,4423
990,0.0010544771077439872,0.31278664,1.0305381,1002
991,0.0027982581132647327,0.9234035,2.6078515,2659
992,0.00010523723630179514,0.39811632,1.4535087,100
993,0.0004156870833920908,0.3206456,1.1648523,395
994,0.003994805490016144,0.6175022,2.6184354,3796
995,0.00627740114540208,0.7981849,3.3540623,5965
996,5.7880479965987325e-05,0.27271846,0.5346148,55
997,0.0010008061172300717,0.29554895,1.0425464,951
998,0.002851929103778648,0.5840209,2.6266465,2710
999,0.0024141422007631806,0.76186216,2.5813992,2294
1000,0.0004419963924675396,0.31232432,1.0163567,420
1001,0.0005293432985980295,0.43445417,2.7901597,503
1002,0.003376010540561588,0.5365076,2.2333577,3208
1003,0.003489666755767527,0.7042236,2.3448048,3316
1004,0.00399164837292709,0.48722687,1.8556519,3793
1005,0.0004051633597619113,0.41644254,2.404489,385
1006,0.002816148443436038,0.41303924,1.4666063,2676
1007,0.0014806879147662576,0.4318453,1.4616375,1407
1008,0.0011881283978472672,0.31157723,1.2630539,1129
1009,0.002707754090045189,0.35432643,1.3498745,2573
1010,0.0017553571015139428,0.36861876,1.0373276,1668
1011,0.0049103694458417614,0.36735824,1.1414673,4666
1012,0.0018974273705213663,0.38353956,1.4210638,1803
1013,0.001711157462267189,0.81208587,2.60197,1626
1014,0.0036664653127545426,0.7262614,2.452033,3484
1015,0.000539867022228209,0.70711166,1.8434527,513
1016,0.013506146906972388,0.54830354,1.376971,12834
1017,0.004846174731697666,0.50234723,1.8670857,4605
1018,0.0011134099600729926,0.40926236,1.5763991,1058
1019,0.0003051879852752059,0.46579233,1.9551277,290
1020,0.0005966951298311784,0.33469203,1.1287497,567
1021,0.003225521292650021,0.9403189,2.8167722,3065
1022,0.0021468396205566206,0.5970292,2.3014007,2040
1023,0.005526007278207262,0.4041173,1.8624358,5251
1024,0.00416108032337298,0.41113195,1.6415274,3954
1025,0.0015985536194242681,0.35592645,0.9926078,1519
1026,0.0016069725983284117,0.3980218,1.3482455,1527
1027,0.0021121113325770283,0.57958305,2.3561275,2007
1028,0.0014459596267866652,0.32039094,1.1538305,1374
1029,0.0020679116933302742,0.5111619,1.8900248,1965
1030,0.015407783766945826,0.4969984,2.1916752,14641
1031,0.0030182039371354843,0.4444669,1.7392641,2868
1032,0.007136136993624728,0.39606276,1.2751288,6781
1033,0.0037801215279604813,0.694816,2.5535073,3592
1034,0.004158975578646943,1.1716113,2.6768062,3952
1035,0.002031078660624646,0.42534876,1.6151897,1930
1036,0.0007071942279480633,0.3149433,0.8948753,672
1037,0.004485211011182509,0.6566543,2.8058636,4262
1038,0.002764582197648158,0.31196114,0.89514905,2627
1039,0.00047988179753618584,0.29933196,0.74631685,456
1040,0.0025109604581608318,0.8979681,3.4451747,2386
1041,0.0022047201005226083,0.4214414,2.4862483,2095
1042,0.00047988179753618584,0.3415208,1.6175148,456
1043,0.012768433880496803,0.36981577,1.2315265,12133
1044,5.577573523995142e-05,0.2955386,0.7130742,53
1045,0.0024162469454892164,0.7292495,2.6023483,2296
1046,0.003240254505732272,0.43540213,1.7924244,3079
1047,0.004316831433099636,0.41840297,1.5802046,4102
1048,0.007067732790028561,0.45435208,1.4590542,6716
1049,0.00045988672263884477,0.3922552,1.9668995,437
1050,0.0003325496667136726,0.4491765,2.4955416,316
1051,0.005991155862661197,0.4768196,1.9398606,5693
1052,0.003357067838027265,1.0863743,2.648996,3190
1053,0.0012007568662034825,0.4744306,2.080903,1141
1054,0.0008324265391471996,0.30352402,0.9425585,791
1055,0.00016101297154174656,0.24460422,0.4886835,153
1056,0.0012817895381558647,0.28575963,1.0683843,1218
1057,0.003418105435082306,0.32814312,1.138987,3248
1058,0.008182195122464571,0.47806916,1.645213,7775
1059,0.0025688409381268195,0.36663914,1.236076,2441
1060,0.0019111082112405998,0.65245175,2.5412674,1816
1061,0.0013059941025052777,0.4172033,1.2209285,1241
1062,0.0011818141636691594,0.3669265,1.2882328,1123
1063,0.017256802008768366,0.5142297,1.8056413,16398
1064,0.005423927158994521,0.6800056,2.8385942,5154
1065,0.0011428763862374952,0.3236115,0.91560817,1086
1066,0.004215803686249913,0.42609093,1.5480887,4006
1067,0.0023257429222696725,0.4128454,1.6611037,2210
1068,0.002835091145970361,0.6224302,2.1550636,2694
1069,0.0037548645912480506,0.7293692,1.9791801,3568
1070,0.0019521507333982997,0.38972834,1.3347392,1855
1071,0.0006735183123314889,0.38092607,1.3015152,640
1072,0.0015722443103488193,0.33818176,1.0715995,1494
1073,0.005570206917454017,0.33707643,1.1755859,5293
1074,0.0022847004001119724,0.41565996,1.3351973,2171
1075,0.002357314093160211,0.35744587,1.1435245,2240
1076,0.004014800564913485,0.75881976,2.6034343,3815
1077,0.0004714628186320422,0.23143236,0.57090485,448
1078,0.0017416762607947096,0.4199266,1.9702498,1655
1079,0.10805443711759419,0.51408666,2.6502938,102677
1080,0.0008155885813389124,0.42774186,1.7906752,775
1081,0.0031013413538139027,0.8059401,2.884783,2947
1082,0.005701753462831261,0.5412478,2.0030189,5418
1083,0.006013255682284574,0.53357875,1.9736141,5714
1084,0.001363874582471265,0.3617954,1.3698097,1296
1085,0.0002925595169189905,0.34756127,1.3973911,278
1086,0.0008692595718528278,0.33149078,1.0881311,826
1087,0.003809587954124984,0.42167574,1.9630649,3620
1088,0.006804639699274074,0.50112414,1.9188612,6466
1089,0.00040200624267285745,0.80087596,1.8910302,382
1090,0.00035991134815213936,0.6138846,2.6989875,342
1091,0.01071104591079671,0.88772035,2.508382,10178
1092,0.004626228907826914,0.48190928,2.0048099,4396
1093,0.002728801537305548,0.3658973,1.6030917,2593
1094,0.005110320194815172,0.37345687,1.4566787,4856
1095,2.1047447260359025e-06,0.29429322,0.30222812,2
1096,0.0015385683947322449,0.50208205,1.4659948,1462
1097,0.001793242506582589,0.5823128,2.2158687,1704
1098,9.997537448670538e-05,0.29788938,0.84809387,95
1099,0.003766440687241248,0.6629289,2.2870476,3579
1100,0.0020626498315151846,0.78306824,2.9721546,1960
1101,0.004148451855016764,0.6684521,2.299123,3942
1102,0.013044155439607507,0.44810456,1.5016913,12395
1103,0.001059738969559077,0.4465292,1.5742605,1007
1104,0.0009850205317848025,0.37744746,1.5476123,936
1105,0.00422737978224311,0.70308346,3.3165293,4017
1106,0.002707754090045189,1.0010207,3.1735146,2573
1107,0.0011765523018540697,0.34392115,1.82074,1118
1108,0.0009671302016134973,0.41024417,1.5526987,919
1109,0.0025646314486747475,0.48331308,1.8479939,2437
1110,0.0008387407733253073,0.40066183,1.5198749,797
1111,0.0004904055211663653,0.39985317,1.9963268,466
1112,0.0032560400911775416,1.2249603,2.9375994,3094
1113,0.0041642374404620335,0.42071846,1.8380989,3957
1114,0.015279394338657637,0.3518837,1.2485683,14519
1115,0.003183426398129303,0.52751833,1.7718183,3025
1116,0.0009460827543531383,0.33229733,1.296451,899
1117,0.0005809095443859092,0.3904637,1.7043321,552
1118,0.0013080988472313135,0.4560679,1.8019445,1243
1119,0.00029676900637106226,0.30440244,0.9917413,282
1120,0.0010934148851756515,0.3918822,1.5033743,1039
1121,0.0010618437142851129,0.45052442,2.233794,1009
1122,0.0033865342641917675,0.32133484,0.9677659,3218
1123,0.0025035938516197063,0.3496276,1.0186105,2379
1124,0.0004177918281181267,0.384396,1.28131,397
1125,0.011149885186175195,0.5767924,4.968862,10595
1126,0.004516782182073047,0.42661685,1.5381312,4292
1127,0.00454624860823755,0.34420222,1.0032767,4320
1128,0.0012807371657928468,0.5011138,2.9505365,1217
1129,0.007336087742598139,0.70419943,2.5217433,6971
1130,0.0021973534939814824,0.45489517,1.4211601,2088
1131,0.004791451368820732,0.28347546,0.7362856,4553
1132,0.00034307339034385213,0.5431488,2.11759,326
1133,0.0015406731394582809,0.36052525,1.3268895,1464
1134,0.0006208996941805913,0.38359493,1.7197673,590
1135,0.00392429654169394,0.9035133,2.8890257,3729
1136,0.0038579970828238096,0.7027872,2.7476666,3666
1137,0.0014249121795263061,0.2818245,0.7037045,1354
1138,0.0014838450318553115,0.69911677,2.2749157,1410
1139,0.006633103004102148,0.73161376,2.235833,6303
1140,0.0012681086974366314,0.45867747,2.1642323,1205
1141,0.0026088310879215015,0.5202985,1.8529054,2479
1142,0.0021605204612758543,0.566166,2.4859166,2053
1143,0.0006187949494545554,0.45091802,1.7952819,588
1144,0.007713889420921584,0.66281843,2.5012832,7330
1145,0.0006777278017835607,0.33635932,1.177155,644
1146,0.0006640469610643274,0.41516823,1.3396391,631
1147,0.0005240814367829398,0.80727637,2.683869,498
1148,6.3142341781077084e-06,0.25416636,0.296043,6
1149,0.003523342671384101,0.85890776,3.0611641,3348
1150,0.0016985289939109734,0.34756336,1.1162286,1614
1151,0.004853541338238791,0.48403877,2.194535,4612
1152,0.005434450882624701,0.6197073,2.67804,5164
1153,0.00017679855698701582,0.27513775,0.6697748,168
1154,0.0023909900087767857,0.53565335,2.6972775,2272
1155,0.0002978213787340802,0.2858475,0.58172524,283
1156,0.007904368818627832,1.3695813,3.1452515,7511
1157,0.000454624860823755,0.35473886,1.0031701,432
1158,4.4199639246753955e-05,0.30100656,0.81126726,42
1159,0.008127471759587638,0.45553172,2.106416,7723
1160,0.006084817002969795,0.5430366,2.1761894,5782
1161,0.001425964551889324,0.46360534,1.6077331,1355
1162,0.0025677885657638014,0.5634393,2.1815767,2440
1163,0.0028656099444978817,0.4357494,1.7173989,2723
1164,0.04504364188189435,1.0534165,2.3013268,42802
1165,0.0007303464199344583,0.45925853,1.8398173,694
1166,0.0012449565054502365,0.45385197,1.7133453,1183
1167,0.0030255705436766102,0.6756102,2.070545,2875
1168,0.0022615482081255775,0.38138193,1.0949872,2149
1169,0.0013049417301422598,0.33365035,1.0405219,1240
1170,0.0008303217944211636,0.36604276,1.3098902,789
1171,0.0026277737904558244,0.62715715,2.3654878,2497
1172,0.00483354626334145,0.6614138,2.462534,4593
1173,0.002095273374768741,0.58717877,2.1269922,1991
1174,0.00372434579272053,0.6894521,2.295307,3539
1175,0.005659658568310542,0.657298,2.1905887,5378
1176,0.0010450057564768257,0.59582144,2.642217,993
1177,0.0020700164380563105,0.55486035,2.1043627,1967
1178,0.0005682810760296937,0.3902498,1.8988888,540
1179,0.032760351660748824,1.8601679,4.7735653,31130
1180,0.0021521014823717107,0.43288094,1.7663604,2045
1181,0.0012365375265460928,0.49268767,2.297846,1175
1182,0.001128143173155244,0.5157794,1.7441906,1072
1183,0.000714560834489189,0.39809507,1.8291279,679
1184,5.7880479965987325e-05,0.2538867,0.4426666,55
1185,0.0002946642616450264,0.3004056,1.1552972,280
1186,0.002486755893811419,0.729835,2.6754627,2363
1187,0.0008397931456883251,0.31630254,1.0432649,798
1188,0.008072748396710705,0.3181294,1.0543863,7671
1189,0.0013596650930191932,0.46163526,1.4185863,1292
1190,0.004605181460566555,1.1761415,3.1312413,4376
1191,0.0447647632056946,0.49019,2.5263145,42537
1192,0.000842950262777379,0.36290106,1.1658026,801
1193,0.00047988179753618584,0.40561494,2.919298,456
1194,0.0028014152303537866,0.44284168,1.6504239,2662
1195,0.005433398510261683,0.4605558,1.7047431,5163
1196,0.0033223395500476724,0.3805603,1.1994195,3157
1197,0.001688005270280794,0.6034476,1.9195052,1604
1198,0.0026309309075448783,0.52406263,2.4005978,2500
1199,0.0007713889420921583,0.47505605,1.8003589,733
1200,0.0012638992079845597,0.6639355,2.2061877,1201
1201,0.0007471843777427455,0.32512072,1.4007101,710
1202,0.0009124068387365639,0.34310767,1.2414302,867
1203,0.005833300008208505,0.38401884,1.0697911,5543
1204,0.001577506172163909,0.77663183,2.617798,1499
1205,0.05122422476989878,1.107195,2.556484,48675
1206,0.0012239090581898774,0.6972678,2.3246403,1163
1207,0.006740444985129978,0.28156424,0.8916445,6405
1208,0.0012218043134638416,0.38771835,1.1508964,1161
1209,0.0017153669517192608,0.38651398,1.3483912,1630
1210,0.008416874159417576,0.8101271,3.3549364,7998
1211,0.002387832891687732,0.32918596,0.83780044,2269
1212,0.0035370235121033344,0.41863108,1.8429701,3361
1213,0.0014196503177112164,0.44341725,1.6444832,1349
1214,0.0010544771077439872,0.36838463,1.0217988,1002
1215,0.07941833274751271,0.91626686,2.921413,75466
1216,0.002616197694462627,0.3277354,1.5263816,2486
1217,0.0007419225159276557,0.39228526,1.4713736,705
1218,0.011613981398266112,0.728507,1.7219342,11036
1219,0.0015048924791156704,0.3808644,1.0843056,1430
1220,0.00021889345150773388,0.32614878,1.0745885,208
1221,0.0022236628030569312,0.6804368,2.4262254,2113
1222,0.0010450057564768257,0.38418967,1.1919541,993
1223,0.0036759366640217042,0.660943,2.3386729,3493
1224,0.0008797832954830074,0.53505963,1.7789483,836
1225,0.0026288261628188425,0.607366,2.1121728,2498
1226,0.0115897768339167,0.5271279,1.3718115,11013
1227,0.003331810901314834,0.7584264,2.7210777,3166
1228,0.0020058217239122154,0.4510022,2.3294265,1906
1229,0.0005377622775021732,0.37678602,2.1980212,511
1230,0.0014806879147662576,0.39606255,1.7614483,1407
1231,0.00778229362451775,0.5764102,2.0476954,7395
1232,0.0008503168693185047,0.32412893,0.9721538,808
1233,0.00021363158969264412,0.33487165,1.3432516,203
1234,0.003808535581761966,0.56182796,2.1861923,3619
1235,0.0003630684652411932,0.3307711,0.8635178,345
1236,0.0004283155517483062,0.41364127,3.1593814,407
1237,0.0007871745275374277,0.34817258,1.0331322,748
1238,0.0018553324760006483,0.9150308,2.8645663,1763
1239,0.001857437220726684,0.6259144,2.5011394,1765
1240,0.001167080950586908,0.40008417,1.8481933,1109
1241,0.00029992612346011616,0.43994388,1.6625917,285
1242,0.0010439533841138078,0.5057228,1.7341113,992
1243,0.0012196995687378056,0.32603943,1.3123775,1159
1244,0.00367804140874774,0.7258771,2.6549144,3495
1245,0.003347596486760103,0.60339355,2.3329906,3181
1246,0.0012681086974366314,0.38394758,1.437159,1205
1247,0.00013259891774026187,0.2801594,0.5765113,126
1248,0.0027182778136753682,0.51336473,1.8463838,2583
1249,0.01431647362649621,0.6295434,1.5924547,13604
1250,0.007759141432531355,0.34455493,1.2007153,7373
1251,0.0023888852640507495,0.5456315,2.1410806,2270
1252,0.0019153177006926716,0.7200972,2.7257812,1820
1253,0.009737601475005103,0.3637559,1.3621211,9253
1254,0.000563019214214604,0.32865566,1.1261095,535
1255,0.0032749827937118645,0.39921448,1.5706466,3112
1256,0.0018521753589115944,0.4511526,1.5377147,1760
1257,0.006566803545232016,0.5726588,2.0328147,6240
1258,0.025934664514214393,0.3282067,1.0200236,24644
1259,0.004282103145120044,0.43943694,2.1108499,4069
1260,0.0051818815155003925,0.49896005,2.3126767,4924
1261,0.0003483352521589419,0.37111428,1.1232507,331
1262,0.0017216811858973685,0.7186869,2.213093,1636
1263,0.0011776046742170876,0.4376764,1.9278381,1119
1264,0.003532814022651263,0.4962425,1.8778368,3357
1265,0.004185284887722392,0.4150778,2.046421,3977
1266,0.0009797586699697128,0.3096001,0.9078757,931
1267,9.260876794557972e-05,0.2740048,0.63029885,88
1268,0.04441853269826169,0.3635995,1.4474847,42208
1269,0.006552070332149765,0.6912225,2.6540587,6226
1270,0.0025235889265170473,0.64606434,2.3040855,2398
1271,0.00012628468356215417,0.35676408,0.9788567,120
1272,0.0010376391499357,139.38034,354.94846,986
1273,0.0003167640812684034,0.4303208,2.20337,301
1274,0.0019216319348707791,0.4899274,1.7473941,1826
1275,0.0005935380127421245,0.40200418,1.7145444,564
1276,0.0006756230570575248,0.45621687,1.8212277,642
1277,0.0026098834602845196,0.48369262,1.6921245,2480
1278,0.0024162469454892164,0.82552046,2.368897,2296
1279,0.0009681825739765152,0.34769928,1.4213954,920
1280,0.000974496808154623,0.34333533,1.2582035,926
1281,0.015149952538006427,0.25780192,0.68084353,14396
1282,0.0004241060622962344,0.34779102,0.94383067,403
1283,0.0012186471963747877,0.34645462,1.0352194,1158
1284,0.00023467903695300316,0.4574586,1.7902092,223
1285,2.104744726035903e-05,0.24968979,0.3723414,20
1286,0.0006030093640092861,0.31138748,0.93573624,573
1287,0.008806251933734218,0.436392,1.6262424,8368
1288,0.008007501310203592,0.79737777,2.9158645,7609
1289,0.0053765704026587135,0.80194306,2.5379052,5109
1290,0.0015322541605541373,0.33303493,1.5903591,1456
1291,0.0004988245000705089,0.39490515,1.6665097,474
1292,0.0012354851541830749,0.47153863,1.5648208,1174
1293,0.002182620280899231,0.47857586,1.3689291,2074
1294,0.002548845863229478,0.3576353,1.4915257,2422
1295,0.0014143884558961266,0.38756788,1.495721,1344
1296,0.000974496808154623,0.4105995,1.225547,926
1297,0.004311569571284547,0.32993883,1.0247712,4097
1298,0.0013807125402795523,0.35889676,1.2040579,1312
1299,0.004700947345601189,0.42817965,1.7659341,4467
1300,0.00036201609287817526,0.33862263,1.2267196,344
1301,0.0010892053957235798,0.37083292,1.4824804,1035
1302,0.0006608898439752735,0.34574845,1.1904999,628
1303,0.0014775307976772037,0.3774188,1.1141019,1404
1304,0.0015617205867186398,0.31176412,0.96664214,1484
1305,0.0009944918830519641,0.47210005,1.8896301,945
1306,0.0008913593914762048,0.3788146,1.310628,847
1307,0.005850137966016792,0.64933354,2.254032,5559
1308,0.0011460335033265491,0.31658494,1.0331999,1089
1309,0.00032623543253556495,0.6319683,2.2763507,310
1310,0.0018216565603840738,0.37383202,1.4836078,1731
1311,0.0012460088778132544,0.34647363,1.1694252,1184
1312,0.001796399623671643,0.3194259,1.0835155,1707
1313,0.0009997537448670538,0.3532908,1.4508325,950
1314,0.0017795616658633558,0.4822484,1.5396197,1691
1315,0.0009429256372640844,0.5455436,2.1541824,896
1316,0.006885672371226456,0.50193226,1.956448,6543
1317,0.002031078660624646,0.974329,3.3103588,1930
1318,0.0039527105954954254,0.33368415,0.99817365,3756
1319,0.005514431182214065,0.5769992,1.9681362,5240
1320,0.005468126798241275,0.8064582,2.4144726,5196
1321,0.0004714628186320422,0.44657338,1.5019543,448
1322,0.0008197980707909841,0.35039523,1.0000358,779
1323,0.002104744726035903,0.40099892,1.3184254,2000
1324,0.008214818665718129,0.5622698,2.4314635,7806
1325,0.00891254154239903,0.81621945,2.7618036,8469
1326,0.02984948970464117,0.39999044,1.365144,28364
1327,0.0025446363737774065,0.34276372,1.0448284,2418
1328,0.0005714381931187476,1.1216743,2.8877437,543
1329,0.0031497504825127283,0.2930317,1.0036844,2993
1330,0.04120353512924185,1.1563256,2.4867015,39153
1331,0.00037569693359740865,0.39262998,1.5953716,357
1332,0.019523612078709035,0.43362483,2.0868433,18552
1333,0.003676989036384722,0.4792041,2.2319036,3494
1334,0.0001599605991787286,0.3536512,1.1693258,152
1335,0.0015880298957940886,0.3877106,1.5318307,1509
1336,0.0003925348914056959,0.40823635,2.165012,373
1337,0.0010871006509975438,0.33979738,1.0772539,1033
1338,0.008608405929486843,0.668012,3.1410959,8180
1339,0.0008713643165788637,0.42440775,1.3802958,828
1340,0.00385273522100872,0.31835026,1.0630358,3661
1341,0.0028856050193952227,0.9449976,2.4698305,2742
1342,0.002233134154324093,0.60233283,2.310365,2122
1343,0.0011007814917167772,0.30282503,1.0316442,1046
1344,0.00029676900637106226,0.44077963,1.7551861,282
1345,0.005426031903720557,0.50596315,1.6523652,5156
1346,0.00035149236924799575,0.30422577,1.0352696,334
1347,0.0024436086269276833,0.9939758,2.796803,2322
1348,0.004776718155738481,0.60961777,1.7815918,4539
1349,0.0004135823386660549,0.396726,1.5625952,393
1350,0.002010031213364287,0.43788847,1.4774455,1910
1351,0.0010871006509975438,0.30179274,1.4732703,1033
1352,0.0002252076856858416,0.392891,1.1542665,214
1353,0.0014912116383964372,0.45370638,1.9732169,1417
1354,0.0014806879147662576,0.5350801,1.9846005,1407
1355,0.0013259891774026187,0.3849791,1.081622,1260
1356,0.007730727378729871,0.43125573,1.5252147,7346
1357,0.0010029108619561077,0.33029273,1.4509122,953
1358,0.0036959317389190453,0.584207,2.1301937,3512
1359,0.0015932917576091785,0.3392078,1.551733,1514
1360,0.004927207403650049,0.32577676,1.1541586,4682
1361,0.0010871006509975438,0.4305375,1.2919694,1033
1362,0.0015333065329171552,0.34433007,1.0196271,1457
1363,0.0019216319348707791,0.38635007,1.2740594,1826
1364,0.0030666130658343104,0.5154716,2.1899147,2914
1365,0.0015585634696295859,0.72427726,2.3357456,1481
1366,0.002616197694462627,0.46628356,1.959549,2486
1367,0.0095029224380521,0.31771666,1.065038,9030
1368,0.00019574125952133894,0.48869094,2.6843925,186
1369,0.002421508807304306,0.39421722,1.5622686,2301
1370,0.002226819920145985,0.36578378,1.3517518,2116
1371,0.000820850443154002,0.3924598,1.6219546,780
1372,0.0011355097796963696,0.4380953,1.917013,1079
1373,0.003792749996316697,0.37400222,1.3056526,3604
1374,0.000887149902024133,0.45455262,2.0339966,843
1375,0.0029624282018955333,0.369175,1.1591918,2815
1376,0.0023246905499066544,0.30268303,0.90998137,2209
1377,0.0006030093640092861,0.3239037,0.87089014,573
1378,0.0035749089171719806,0.36793756,1.1386069,3397
1379,0.0018911131363432586,0.8207584,2.7486105,1797
1380,0.0007029847384959915,0.29058525,0.9060372,668
1381,0.001190233142573303,0.4213716,1.3752098,1131
1382,0.0016564340993902554,1.0279084,3.1982143,1574
1383,0.0011954950043883928,120.63105,365.9219,1136
1384,0.04387761330367047,1.2165931,4.828418,41694
1385,0.0003999014979468215,0.33559856,0.94773096,380
1386,0.0013722935613754085,0.70834005,2.6413743,1304
1387,0.0027845772725454995,0.64048165,2.6118665,2646
1388,0.005950113340503497,0.5132684,1.8656524,5654
1389,0.0007661270802770686,0.29780716,0.7968986,728
1390,0.00480828932662902,0.55176735,2.1923575,4569
1391,0.0018953226257953303,0.8918752,3.439207,1801
1392,0.00040621573212492923,0.62691545,2.6170447,386
1393,0.001015539330312323,0.31189775,1.0661676,965
1394,0.002771948804189284,0.5853028,2.1149573,2634
1395,0.0019311032861379408,0.34638384,1.042805,1835
1396,0.001983721904288838,0.34094962,1.5279204,1885
1397,0.0010008061172300717,0.32011405,1.2394176,951
1398,0.014546943173997141,1.3237437,2.7972603,13823
1399,0.011496115693608101,1.1229751,3.329567,10924
1400,0.010536352098535729,1.012842,2.6671846,10012
1401,0.003684355642925848,0.6629733,2.436299,3501
1402,0.00045988672263884477,0.4585734,2.9715629,437
1403,0.0008766261783939535,2.7491777,40.572407,833
1404,0.00035991134815213936,0.37620163,1.7167763,342
1405,0.0016837957808287223,0.35269895,1.0831939,1600
1406,0.000887149902024133,0.515414,2.1559827,843
1407,0.011840241456314972,0.32681206,1.485886,11251
1408,0.0016753768019245785,0.36355838,0.9760178,1592
1409,0.0009187210729146715,0.48902985,2.4879498,873
1410,0.0038885158813513304,0.5898024,2.4395392,3695
1411,0.00051881957496785,0.67548776,2.367069,493
1412,0.0009492398714421921,0.41691017,1.66874,902
1413,0.0018269184221991635,0.43661556,1.4020619,1736
1414,0.0009124068387365639,0.5305252,2.009451,867
1415,0.0017553571015139428,0.37113854,1.1155852,1668
1416,0.0040726810448794715,0.7419326,2.7989426,3870
1417,0.0021089542154879744,0.71740335,3.0989144,2004
1418,9.681825739765153e-05,0.3336095,0.9844799,92
1419,0.0001168133322949926,0.31289983,0.6800644,111
1420,0.0013922886362727498,0.51299864,2.0532522,1323
1421,3.68330327056283e-05,0.26486462,0.38996932,35
1422,0.0024067755942220547,0.37369725,1.2915931,2287
1423,0.006778330390198625,0.6559597,2.9776287,6441
1424,0.00012838942828819006,0.28545582,0.6933271,122
1425,0.0023625759549753007,0.37262082,1.284478,2245
1426,0.0028445624972375226,0.43575686,1.8566729,2703
1427,0.004187389632448428,0.7990724,3.1159291,3979
1428,0.00030834510236425977,0.43522903,1.4947387,293
1429,0.00016732720571985426,0.26673213,0.5201511,159
1430,0.000714560834489189,0.38627693,1.3420721,679
1431,0.006624684025198004,0.37440678,1.1718317,6295
1432,0.0002567788565763801,0.35693765,1.3205514,244
1433,0.0006251091836326631,0.36091343,1.5341921,594
1434,0.0010934148851756515,0.4194935,1.7523625,1039
1435,0.007745460591812122,0.35989437,1.2068177,7360
1436,0.001709052717541153,0.6386906,2.1121144,1624
1437,0.0032749827937118645,0.43819356,1.547346,3112
1438,0.00558388775817325,0.64691454,2.071847,5306
1439,0.0015827680339789989,0.3487876,1.4142667,1504
1440,0.003009784958231341,0.98185676,2.8279617,2860
1441,0.0014375406478825217,0.38821435,1.0809312,1366
1442,0.0010292201710315565,0.31027183,1.1169658,978
1443,0.00882519463626854,0.5886138,1.7863833,8386
1444,0.0016406485139449862,0.9021878,2.9805481,1559
1445,0.002851929103778648,0.92605263,2.254696,2710
1446,0.022572334814372038,0.5216034,2.1290863,21449
1447,0.0011660285782238902,0.32611048,1.3144892,1108
1448,0.0029655853189845868,0.3154346,1.0414051,2818
1449,0.00031781645363142133,0.3061811,0.8222447,302
1450,0.003140279131245567,0.65381753,2.2039983,2984
1451,0.0032591972082665955,0.6276227,2.5262368,3097
1452,0.0006566803545232017,0.3767602,1.3845482,624
1453,0.00035991134815213936,0.30034652,0.76140296,342
1454,0.004345245486901121,0.5869446,1.8620393,4129
1455,0.0019153177006926716,0.4114255,1.1996223,1820
1456,0.0003136069641793495,0.5204212,1.9100305,298
1457,0.004478896777004401,0.5909327,2.703317,4256
1458,0.0048735364131361324,0.45710987,1.6660435,4631
1459,0.00033675915616574446,0.5038278,2.1566226,320
1460,0.0030971318643618307,0.47222573,1.753085,2943
1461,0.0002252076856858416,0.3237547,0.8389248,214
1462,0.021458924854299045,0.5443665,2.4885154,20391
1463,0.0010786816720934002,0.36430058,1.4819747,1025
1464,0.0041926514942635185,0.3899935,1.5132064,3984
1465,0.03167325100975128,0.48355377,1.9154776,30097
1466,0.004877745902588205,0.46979386,1.759543,4635
1467,0.004436801882483683,0.577298,1.8558283,4216
1468,0.002139473014015495,0.769696,2.6631722,2033
1469,0.018378630947745504,0.30417874,0.9738082,17464
1470,0.004210541824434823,0.39333487,1.276798,4001
1471,0.0007398177712016199,0.34843898,1.4599242,703
1472,0.0009334542859969229,0.37092167,1.57511,887
1473,8.629453376747202e-05,0.25784507,0.6057506,82
1474,0.0006987752490439197,0.39789122,1.3776414,664
1475,0.0019753029253846946,0.35479078,1.5390466,1877
1476,0.0022341865266871106,0.5422597,2.2351093,2123
1477,0.0019542554781243355,0.5710952,2.1697443,1857
1478,0.0006956181319548658,0.37975305,1.5299909,661
1479,0.0011586619716827645,0.3783188,1.3313605,1101
1480,0.0019132129559666356,0.36809826,1.6885922,1818
1481,0.0011607667164088003,0.43566492,1.5644392,1103
1482,0.0029950517451490894,0.4631385,1.7373024,2846
1483,0.0026993351111410453,0.61398715,2.5166216,2565
1484,0.000194688887158321,0.2967126,0.7424518,185
1485,0.002883500274669187,0.25604403,1.1670231,2740
1486,0.0012502183672653262,0.4099822,1.3890172,1188
1487,0.005351313465946282,0.5937163,2.8427632,5085
1488,0.004639909748546147,0.40577614,1.5272281,4409
1489,0.005006135330876395,0.7052716,2.5315485,4757
1490,1.2628468356215417e-05,0.3028041,0.47845632,12
1491,0.0007545509842838711,0.88636917,3.445702,717
1492,0.0021121113325770283,0.43177062,2.7064753,2007
1493,0.0018900607639802407,0.47123295,1.6811664,1796
1494,0.003936925010050156,0.5434271,2.0437934,3741
1495,0.0015985536194242681,0.46666226,1.5908597,1519
1496,0.00894306034092655,0.38906214,1.8760743,8498
1497,0.0004083204768509651,0.30795795,0.98991454,388
1498,0.0023520522313451213,0.5171823,1.8464894,2235
1499,7.36660654112566e-06,0.24101101,0.29498655,7
1500,0.0013733459337384266,0.41754746,1.1775742,1305
1501,0.02547477779157555,0.5024038,3.7267978,24207
1502,0.0005051387342486167,0.6235501,2.1312501,480
1503,0.000889254646750169,0.32055455,0.881748,845
1504,0.009860729041478205,0.6347981,2.5820146,9370
1505,0.0011155147047990283,0.31440517,1.3567288,1060
1506,0.0010271154263055205,0.31849098,1.3053428,976
1507,0.0016132868325065195,0.30783758,1.1138049,1533
1508,0.0001189180770210285,2.2303863,17.57751,113
1509,0.0030855557683686333,0.5466973,2.195447,2932
1510,0.001902689232336456,0.45218346,1.8987671,1808
1511,0.0010208011921274127,146.34227,371.73453,970
1512,0.003058194086930167,0.6568447,2.5517073,2906
1513,0.006344752976635229,0.4914167,1.5723712,6029
1514,0.00031044984709029566,0.8552535,2.480595,295
1515,0.001601710736513322,0.3310056,1.3121657,1522
1516,0.000736660654112566,0.33822384,1.8480705,700
1517,0.0007124560897631531,0.43331516,2.0314214,677
1518,0.005655449078858471,0.4459385,1.4551586,5374
1519,0.002600412109017358,0.45368683,1.7777841,2471
1520,3.051879852752059e-05,0.21004099,0.31886637,29
1521,0.0002904547721929546,0.26960945,0.69121736,276
1522,0.009059873673221544,0.8506159,2.4616432,8609
1523,0.003479143032137347,0.32636064,0.93107104,3306
1524,0.0005230290644199218,0.6671618,2.5576303,497
1525,0.0004788294251731679,0.54013866,2.4476342,455
1526,0.004250531974229505,0.7229348,2.914185,4039
1527,0.001279684793429829,0.4410713,1.8760504,1216
1528,0.004251584346592524,0.4091349,1.409927,4040
1529,0.004215803686249913,0.7320426,2.8933308,4006
1530,0.0043441931145381035,0.51007766,2.164329,4128
1531,0.04368397678887516,0.30031082,1.0727931,41510
1532,0.017400977022501825,1.2199812,2.548831,16535
1533,0.0009913347659629103,0.3969991,1.279542,942
1534,0.0005651239589406398,0.35349098,1.444992,537
1535,0.006764649549479391,0.7526467,2.8394563,6428
1536,0.002851929103778648,0.3320173,1.268353,2710
1537,0.010869954137612419,0.4803424,1.9314868,10329
1538,0.0005009292447965448,0.45261505,1.606323,476
1539,0.0009050402321954382,0.3586211,0.8444431,860
1540,0.007395020594927144,0.509019,2.2986083,7027
1541,0.0018100804643908764,0.24956867,0.8953924,1720
1542,0.0012902085170600085,0.5607802,1.9361801,1226
1543,0.001993193255556,0.95047265,3.593454,1894
1544,0.0003714874441453368,0.30312806,0.9893527,353
1545,0.005326056529233852,0.5854207,1.9798495,5061
1546,0.00044094402010452164,0.3474031,1.1437259,419
1547,0.004422068669401431,0.69758046,2.5785758,4202
1548,0.0005535478629474424,0.33692607,1.8272674,526
1549,0.006371062285710678,0.4327183,1.8469332,6054
1550,0.002354156976071157,0.374121,1.2203267,2237
1551,0.0030434608738479155,0.35934022,1.2679198,2892
1552,0.0026951256216889733,0.3805942,1.7147757,2561
1553,0.0007040371108590095,0.3927625,2.0238848,669
1554,0.0008029601129826969,0.36434552,1.4175111,763
1555,0.0022783861659338646,0.35743803,0.91854876,2165
1556,0.011871812627205509,0.7465849,3.5707896,11281
1557,0.0004809341698992038,0.42211413,2.7387326,457
1558,0.0004525201160977191,0.34645033,1.4561725,430
1559,0.000670361195242435,0.38820055,1.6918118,637
1560,0.00046409621209091655,0.3986459,1.2796698,441
1561,0.00028098342092579303,0.31319803,1.4516649,267
1562,0.001058686597196059,0.3787918,1.4080323,1006
1563,0.0017911377618565533,0.48970932,2.0598347,1702
1564,0.0009555541056202999,152.34612,365.52664,908
1565,0.0037338171439876915,0.51727796,2.819921,3548
1566,0.0031644836955949797,0.62932765,2.8688211,3007
1567,0.006686773994616063,1.2639681,2.746875,6354
1568,0.001187076025484249,0.34325212,1.3196162,1128
1569,0.0020794877893234717,0.3461081,1.0965123,1976
1570,0.0021742013019950875,1.0478319,2.9742203,2066
1571,0.006261615559956811,0.64473057,2.4393115,5950
1572,0.0012607420908955058,0.32401258,1.0326481,1198
1573,0.0026993351111410453,0.61657,2.23045,2565
1574,0.0018953226257953303,0.40607688,2.0890548,1801
1575,0.00040411098739889334,0.3385895,0.9147808,384
1576,0.004084257140872669,1.0177608,2.2049022,3881
1577,0.0009944918830519641,0.32431927,0.8941411,945
1578,0.0006135330876394657,0.33413234,1.4487066,583
1579,0.008845189711165881,0.99006987,3.6883757,8405
1580,0.00596379418122273,0.8194807,1.8640047,5667
1581,0.0015101543409307603,0.4212592,3.129463,1435
1582,0.001384922029731624,0.40929046,1.6709363,1316
1583,0.0028540338485046842,0.58375895,2.0503237,2712
1584,0.0025414792566883526,0.77852184,2.9143307,2415
1585,0.001971093435932623,0.41911867,1.5797815,1873
1586,0.002944537871724228,0.56896013,2.0569043,2798
1587,0.010822597381276612,0.28666657,0.92069155,10284
1588,0.002280490910659901,0.3429459,1.1529481,2167
1589,0.0010218535644904308,0.32771125,0.99483305,971
1590,0.0015048924791156704,0.36300912,1.3793408,1430
1591,0.0011113052153469566,0.32363224,1.1920784,1056
1592,0.0023857281469616956,0.46236748,1.4093884,2267
1593,0.00403795275689988,0.677497,2.4736276,3837
1594,0.0005714381931187476,0.6637853,2.3446054,543
1595,0.0018953226257953303,0.3829785,1.289353,1801
1596,0.0005872237785640169,0.36547717,1.7464514,558
1597,0.006337386370094103,0.6875731,2.434719,6022
1598,0.043149371628462045,0.30098307,1.0519192,41002
1599,0.002741430005661763,0.36927536,1.2400444,2605
1600,0.002100535236583831,0.67119616,2.2633116,1996
1601,0.0011523477375046567,0.32696202,1.1183798,1095
1602,0.0041526613444688365,0.33839256,1.0733767,3946
1603,0.003055036969841113,0.6570565,2.9152799,2903
1604,0.004381026147243732,0.4980436,2.3588881,4163
1605,0.011471911129258688,0.45240322,1.2267798,10901
1606,0.0004925102658924012,0.3683791,1.9462086,468
1607,0.000973444435791605,0.38523728,1.1226429,925
1608,0.005359732444850426,0.95475996,3.1859207,5093
1609,0.0021531538547347284,0.29891887,1.428919,2046
1610,0.0032086833348417337,0.6709356,2.699324,3049
1611,0.00013680840719233368,0.27736878,1.0122514,130
1612,0.0012502183672653262,0.51210284,1.7793877,1188
1613,0.0033170776882325828,0.88107705,3.2606695,3152
1614,0.010102774684972332,0.6843534,1.7172956,9600
1615,0.003347596486760103,0.29413843,0.9862184,3181
1616,0.002148944365282657,0.6845015,2.6140745,2042
1617,0.00010628960866481309,0.33069658,0.9911703,101
1618,0.00045357248846073704,0.5011297,2.7292876,431
1619,0.0008303217944211636,0.31683728,0.8939244,789
1620,0.0003378115285287624,0.7340321,6.2588763,321
1621,0.0014606928398689166,0.48310158,1.960078,1388
1622,0.00045146774373470115,0.3356843,1.5428346,429
1623,0.000799802995893643,0.396638,1.717489,760
1624,0.0004388392753784857,0.68946457,2.3324134,417
1625,0.0011660285782238902,0.31791177,1.0897255,1108
1626,0.0011439287586005131,0.46164674,1.7115211,1087
1627,0.0009639730845244435,0.3152244,0.7978484,916
1628,0.0008976736256543125,0.38378736,1.6397586,853
1629,0.0015648777038076937,0.7956597,2.5566099,1487
1630,0.006838315614890648,0.39936808,1.5807518,6498
1631,0.0015385683947322449,0.54814756,2.591025,1462
1632,0.029313832171865034,0.38960868,2.048152,27855
1633,0.0011797094189431234,0.30411303,1.2028285,1121
1634,0.0031413315036085848,0.7115568,2.2781436,2985
1635,0.0021321064074743693,0.36578923,1.234409,2026
1636,0.033784309969965294,1.1090094,2.281498,32103
1637,0.003035041894943772,1.0452983,3.0295794,2884
1638,0.0012028616109295185,0.3716905,1.3432564,1143
1639,0.0024341372756605216,0.6780649,2.292703,2313
1640,0.0015059448514786885,0.4526274,2.055005,1431
1641,0.06207313146025084,0.6610558,2.068976,58984
1642,0.013586127206561752,0.41984227,1.4650432,12910
1643,0.0040611049488862745,0.40913478,1.2927866,3859
1644,0.009148272951715051,0.54627615,3.639978,8693
1645,0.006267929794134919,0.34764963,0.96821195,5956
1646,1.7890330171305172e-05,0.24696624,0.33082488,17
1647,0.0010229059368534487,0.3842351,1.1939454,972
1648,0.0026288261628188425,0.37219563,1.191291,2498
1649,0.008485278363013741,0.49950108,1.8707185,8063
1650,0.0009818634146957486,0.33837745,0.99460095,933
1651,0.004074785789605508,0.8569577,3.2912385,3872
1652,0.0006724659399684709,0.47780964,2.48586,639
1653,0.002311009709187421,0.7873121,3.1032937,2196
1654,0.0008987259980173305,0.29687724,0.9903981,854
1655,0.001733257281890566,0.71603334,2.4818506,1647
1656,0.003431786275801539,0.73447204,2.5025356,3261
1657,0.0020058217239122154,0.5672542,2.0809672,1906
1658,0.0016595912164793093,0.33556888,1.0107759,1577
1659,0.0025919931301132144,0.3757614,1.1583865,2463
1660,0.005733324633721799,0.36606234,1.2456443,5448
1661,0.00026309309075448785,0.33126056,0.916218,250
1662,0.0021542062270977465,0.98191226,2.5652645,2047
1663,0.003545442491007478,0.5244635,1.8170269,3369
1664,0.00028414053801484687,0.31922117,0.9108795,270
1665,0.00194688887158321,0.43107435,1.6078094,1850
1666,0.002213139079426752,0.6095354,1.7928231,2103
1667,0.006738340240403942,0.7903779,2.839394,6403
1668,0.0031518552272387645,0.399959,1.4385756,2995
1669,0.0025983073642913217,0.37057522,0.9917884,2469
1670,0.004860907944779918,0.45489055,2.7840514,4619
1671,0.004033743267447807,0.5822091,2.3711576,3833
1672,0.0015185733198349038,0.4973164,2.0958092,1443
1673,0.0001820604188021056,0.26225612,0.49127012,173
1674,0.0011123575877099747,0.31207404,1.0847528,1057
1675,0.006977228766809018,0.4614987,1.9555938,6630
1676,0.001362822210108247,0.5454233,3.1521206,1295
1677,0.0033233919224106906,0.34772676,1.2503259,3158
1678,0.00033360203907669057,0.32444587,1.288326,317
1679,0.003696984111282063,0.2736948,1.1931516,3513
1680,3.5780660342610345e-05,0.27094665,0.46109658,34
1681,0.001953203105761318,0.3831451,1.1652267,1856
1682,0.0008292694220581457,0.3225022,1.1010494,788
1683,0.00289718111538842,0.57350636,1.9392328,2753
1684,0.000952396988531246,154.8364,371.59085,905
1685,0.0021941963768924285,0.75474393,2.6878552,2085
1686,0.0010439533841138078,0.526258,1.8827949,992
1687,0.05365415255610723,0.50229853,2.679436,50984
1688,0.0028740289234020252,0.36987856,1.603606,2731
1689,0.0007924363893525173,0.28104317,0.71305096,753
1690,5.893285232900528e-05,0.26517236,0.5586763,56
1691,0.0014827926594922934,0.6351478,2.5972092,1409
1692,0.004932469265465138,0.41287547,1.8265142,4687
1693,0.003024518171313592,0.93094325,3.578129,2874
1694,0.0013649269548342829,0.3393797,1.0159146,1297
1695,0.00311817931162219,0.8412079,2.6992242,2963
1696,0.0005503907458583886,0.29924247,0.9016494,523
1697,0.021696761008341104,0.46829164,1.8092203,20617
1698,0.0025625267039487117,0.6370697,2.7016299,2435
1699,0.0009197734452776895,0.35050547,1.5142279,874
1700,2.2099819623376977e-05,0.27056304,0.47227362,21
1701,0.0006650993334273452,0.30372086,0.7588088,632
1702,0.0015627729590816579,0.32389367,1.0764546,1485
1703,0.0031876358875813746,0.5292898,1.861592,3029
1704,0.003243411622821326,0.83511066,2.986721,3082
1705,0.0027740535489153197,0.38033995,1.5103716,2636
1706,0.002402566104769983,0.44713748,1.399931,2283
1707,0.0037569693359740864,0.45561802,1.9711986,3570
1708,0.002548845863229478,0.769888,2.6652176,2422
1709,0.0018963749981583484,0.70092434,2.34114,1802
1710,0.0008766261783939535,0.39329037,1.3686628,833
1711,0.003545442491007478,0.6063431,2.3084705,3369
1712,0.0007734936868181942,0.45003876,1.9498814,735
1713,0.0014564833504168448,0.5847786,1.8946316,1384
1714,0.005355522955398355,0.45061454,1.8730088,5089
1715,0.0010323772881206104,0.34985378,1.2087717,981
1716,0.00845475956448622,0.7200906,2.056607,8034
1717,0.000564071586577622,0.4019857,2.6408045,536
1718,0.001997402745008072,0.3948812,1.4244692,1898
1719,0.011500325183060173,0.34568542,1.457395,10928
1720,0.002726696792579512,0.87491995,2.7859788,2591
1721,0.00726873591136499,0.75953853,2.7478316,6907
1722,0.0012417993883611827,0.40877426,1.2799312,1180
1723,0.007460267681434258,0.2666374,1.1070462,7089
1724,0.0017900853894935354,0.42087516,1.3736618,1701
1725,0.0006030093640092861,0.3793098,1.5345508,573
1726,0.014776360349135055,0.368738,1.6724063,14041
1727,0.0012491659949023083,0.25279707,1.0956075,1187
1728,0.0062826630072171695,0.65680647,2.325718,5970
1729,0.024037237143693026,0.442355,2.4109466,22841
1730,0.000346230507432906,0.46507567,2.1499922,329
1731,0.0003746445612343907,0.31537625,1.2630829,356
1732,0.043090438776133035,1.1800116,2.951609,40946
1733,0.0028740289234020252,0.86189854,2.7410913,2731
1734,0.001862699082541774,0.9923241,2.9649153,1770
1735,0.005946956223414443,0.74200916,2.7359068,5651
1736,0.004502048968990796,0.27403533,0.87249017,4278
1737,0.0004220013175701985,0.3551453,0.89722925,401
1738,0.001473321308225132,0.49069634,1.5446808,1400
1739,0.0029792661597038204,0.7377666,2.5133712,2831
1740,0.020899062757173497,0.3828281,1.2138995,19859
1741,0.0027940486238126607,0.7471979,2.2289581,2655
1742,0.002942433126998192,1.0022695,2.832548,2796
1743,0.0038032737199468762,0.54523164,2.595047,3614
1744,0.00043568215828943186,0.4923493,2.2518873,414
1745,0.0012733705592517211,0.4401501,1.6689714,1210
1746,0.001081838789182454,0.3947644,1.3230956,1028
1747,0.004924050286560995,0.5492153,1.8756952,4679
1748,0.011043595577510381,0.3043865,0.97126627,10494
1749,0.0016132868325065195,0.4607666,1.6362532,1533
1750,0.0010344820328466462,0.4383265,1.3658004,983
1751,0.004610443322381645,0.56875795,2.108361,4381
1752,0.018720651965726337,0.25009158,0.8143973,17789
1753,0.00028414053801484687,0.42162895,1.7429858,270
1754,0.0017006337386370094,0.28685877,0.9374008,1616
1755,0.002552002980318532,0.77779466,2.6296859,2425
1756,0.0018658561996308279,0.27820316,0.7002922,1773
1757,0.0004220013175701985,0.33023602,0.9577369,401
1758,0.0013817649126425702,0.30775625,0.8283518,1313
1759,0.005026130405773736,0.41187498,1.6240363,4776
1760,0.0027024922282300992,0.44259953,1.7989168,2568
1761,0.0007934887617155353,0.47053853,2.1353986,754
1762,0.0010376391499357,0.55836535,1.7804847,986
1763,0.0008503168693185047,0.3715911,1.4969516,808
1764,0.0005882761509270349,0.65377975,2.5170069,559
1765,0.014862654882902527,0.42547327,1.5661918,14123
1766,0.0005009292447965448,0.29568455,0.90926933,476
1767,0.0012681086974366314,111.21734,362.87424,1205
1768,0.0008334789115102175,0.29970616,0.74353033,792
1769,0.00034096864561781624,0.5024124,2.5231292,324
1770,0.0035791184066240526,0.7371375,2.6064622,3401
1771,0.0010692103208262385,0.39102134,2.3241,1016
1772,0.0006377376519888786,0.41465822,1.4154774,606
1773,0.006356329072628427,0.5041036,2.2814064,6040
1774,0.0011123575877099747,0.41961426,1.3182939,1057
1775,0.0015606682143556219,0.7441082,3.0416822,1483
1776,0.0003557018587000676,0.41544157,1.9688148,338
1777,0.0047272566546766375,0.6679423,2.6055765,4492
1778,0.0013722935613754085,0.40624002,1.7980617,1304
1779,0.015867670489584672,0.38446546,2.0219705,15078
1780,0.0010639484590111489,0.32995197,1.0366687,1011
1781,0.006860415434514025,0.54079336,2.0138116,6519
1782,0.00043042029647434214,0.27279416,1.174089,409
1783,0.0029056000942925637,0.49151778,1.7341908,2761
1784,0.004388392753784857,0.7389907,2.5441244,4170
1785,0.0067372878680409245,0.45396432,2.14189,6402
1786,0.00041673945575510874,0.32873887,0.89973855,396
1787,0.0033665391892944265,0.46594384,1.7185304,3199
1788,0.004327355156729816,0.43976593,1.6418426,4112
1789,0.0019826695319258205,0.45821792,1.6115881,1884
1790,0.000889254646750169,0.45767215,2.1116147,845
1791,0.0004441011371935755,0.43831223,1.3298527,422
1792,0.0008787309231199894,0.36098585,0.951339,835
1793,0.0016816910361026863,0.29917186,1.3479412,1598
1794,0.0028277245394292354,0.8060684,2.590016,2687
1795,0.003307606336965421,0.31812438,0.8669854,3143
1796,0.004299993475291349,0.44091022,1.9888493,4086
1797,0.0018584895930897022,0.37216794,1.3038112,1766
1798,0.0010081727237711974,0.36652878,1.6483612,958
1799,0.006155325951291997,0.43389222,1.6183641,5849
1800,0.001795347251308625,0.4882898,2.0210981,1706
1801,0.0014891068936704012,0.3302725,1.267938,1415
1802,0.006429995138039683,0.6337313,2.2348921,6110
1803,0.0034275767863494676,0.569546,2.1109993,3257
1804,0.0010765769273673642,0.4271897,1.4351217,1023
1805,0.0015048924791156704,0.5329889,2.355311,1430
1806,0.005722800910091619,0.41479108,1.4019938,5438
1807,0.001857437220726684,0.5187269,1.9367149,1765
1808,0.000820850443154002,0.37535232,1.5283289,780
1809,0.0005272385538719936,0.34515008,1.2628715,501
1810,0.0008029601129826969,0.45754537,1.3963491,763
1811,0.0036054277156995014,0.9267288,2.6144216,3426
1812,0.0013617698377452292,0.4447164,1.869003,1294
1813,0.004043214618714969,0.36158198,1.3567101,3842
1814,0.000800855368256661,0.60899585,2.3306406,761
1815,0.0007766508039072481,0.41114148,1.6938266,738
1816,0.005015606682143557,0.76522636,2.2401178,4766
1817,0.0020889591405906334,0.26721334,0.750673,1985
1818,0.007459215309071239,0.4320872,1.802125,7088
1819,0.0003167640812684034,0.46340308,2.5489206,301
1820,0.0014775307976772037,0.40581274,1.5813084,1404
1821,0.0030129420753203947,0.66334563,2.489277,2863
1822,0.0009671302016134973,0.3248976,1.2108926,919
1823,0.005097691726458956,0.72977597,2.6259563,4844
1824,0.0017869282724044815,0.3593647,1.0592066,1698
1825,0.0011754999294910516,0.39540577,1.619175,1117
1826,0.0008187456984279661,0.4548172,2.502037,778
1827,0.003028727660765664,0.7402686,2.5620844,2878
1828,0.0014859497765813473,0.44530374,1.9307407,1412
1829,0.0015185733198349038,0.33680546,1.0740161,1443
1830,0.007128770387083603,0.4050417,1.6230202,6774
1831,0.0010197488197643948,0.28599784,0.75786626,969
1832,0.00019574125952133894,0.30320394,0.6937132,186
1833,0.0018332326563772713,0.38547832,1.2007523,1742
1834,0.003572804172445945,0.41181123,1.7463385,3395
1835,0.00041463471102907285,0.26207295,0.7116335,394
1836,0.005500750341494832,0.4789257,1.7227465,5227
1837,0.0009134592110995818,0.40670326,2.3547282,868
1838,0.002860348082682792,0.4926702,2.0706608,2718
1839,0.0006998276214069377,0.48739114,2.6192522,665
1840,0.0013154654537724391,0.36969534,1.5975406,1250
1841,0.0015091019685677422,0.40691417,1.4260304,1434
1842,0.0021236874285702257,0.7349161,2.8507476,2018
1843,0.001705895600452099,0.4939776,2.2484193,1621
1844,0.0020237120540835206,0.54250246,1.9310099,1923
1845,0.003792749996316697,0.44429913,1.5885276,3604
1846,0.002006874096275233,0.4433849,1.6579895,1907
1847,0.0007482367501057634,0.31834045,1.1808499,711
1848,0.000930297168907869,0.35346434,1.063283,884
1849,0.005126105780260441,0.5646143,2.1651301,4871
1850,0.000842950262777379,0.35237315,1.9116204,801
1851,0.0015690871932597654,0.67369944,2.7594855,1491
1852,0.0021436825034675667,0.7700013,2.1288629,2037
1853,0.0016185486943216091,0.40866357,1.8699676,1538
1854,0.0008324265391471996,0.36784035,1.3262112,791
1855,0.0006766754294205427,0.3229681,0.91195804,643
1856,0.024365577320954627,0.4313785,1.6135615,23153
1857,0.000540919394591227,1.0705421,2.452626,514
1858,0.002122635056207208,0.5338684,1.864632,2017
1859,0.0015838204063420168,0.54881847,3.56312,1505
1860,0.0009808110423327307,0.32518134,1.0330054,932
1861,0.0008250599326060739,0.30181128,1.208096,784
1862,0.003492823872856581,0.57422364,2.2638822,3319
1863,0.0014817402871292755,0.32343566,0.81671935,1408
1864,0.006049036342627184,0.5817597,1.9750634,5748
1865,0.002164729950727926,0.61342293,2.559225,2057
1866,0.0015438302565473348,0.33225825,0.88549817,1467
1867,0.013508251651698423,0.5187522,2.3964484,12836
1868,0.0014575357227798627,0.66845965,2.181657,1385
1869,0.0013102035919573495,0.3813372,1.1595848,1245
1870,0.005772262411153463,0.4423384,1.5846665,5485
1871,0.001077629299730382,0.31903505,1.281985,1024
1872,0.000627213928358699,0.278435,1.0059364,596
1873,0.005697543973379189,0.5118896,2.3575406,5414
1874,0.001991088510829964,0.771666,2.3242297,1892
1875,0.008124314642498584,0.65953475,2.1843784,7720
1876,0.00024730750530921856,0.54867166,2.2759771,235
1877,0.002492017755626509,0.74296063,2.5127397,2368
1878,0.0007966458788045892,0.54262394,2.110661,757
1879,0.00046935807390600633,0.35165596,1.1098619,446
1880,0.002254181601584452,0.37849516,1.4424316,2142
1881,0.003304449219876367,0.49474278,1.7700007,3140
1882,0.00442312104176445,0.4949259,1.8946137,4203
1883,0.004784084762279607,1.1391644,2.9405482,4546
1884,0.007891740350271617,0.5314215,1.922013,7499
1885,0.001581715661615981,0.48492602,1.6911454,1503
1886,0.0008282170496951277,0.38543862,2.0283139,787
1887,0.0014649023293209884,0.45983058,1.8917078,1392
1888,0.0038990396049815097,0.6725867,2.3524718,3705
1889,0.002660397333709381,0.5376556,2.1248353,2528
1890,0.0022152438241527877,0.34943557,1.1820834,2105
1891,0.0017890330171305173,0.4694119,1.6927052,1700
1892,0.002878238412854097,0.5661174,2.17125,2735
1893,0.0006356329072628427,0.50091183,1.7929021,604
1894,0.0015227828092869756,0.6833685,2.4977622,1447
1895,0.03701930261388248,1.4463774,3.659463,35177
1896,0.005207138452212824,0.5344908,2.2323816,4948
1897,0.0001820604188021056,2.5187798,10.641503,173
1898,0.006867782041055151,0.3862559,1.2900746,6526
1899,0.007724413144551763,0.6666447,2.0465925,7340
1900,0.003007680213505305,0.42459074,1.790786,2858
1901,0.0009039878598324202,0.5779328,2.3510842,859
1902,0.01720313101825445,0.49393904,2.558554,16347
1903,0.000998701372504036,0.32293463,0.7842222,949
1904,0.0019321556585009587,0.60317683,1.9470896,1836
1905,0.0356017570408973,0.6094795,3.6721854,33830
1906,0.0013280939221286547,0.7005903,3.391229,1262
1907,0.003196054866485518,0.3348811,1.3551573,3037
1908,0.0004314726688373601,0.5070228,2.8585715,410
1909,0.0031644836955949797,0.9467107,2.4245877,3007
1910,0.0027393252609357274,0.43829146,1.8535966,2603
1911,0.000974496808154623,0.35216796,1.0058101,926
1912,0.001773247431685248,0.36219195,1.1606029,1685
1913,0.0012807371657928468,0.35157484,1.054164,1217
1914,0.01950361700381169,0.5109356,1.738386,18533
1915,0.0042526367189555415,0.8103145,2.2344754,4041
1916,0.000691408642502794,0.32803035,0.9407316,657
1917,0.001017644075038359,0.35844,1.4179579,967
1918,0.004919840797108922,0.67593443,2.2901988,4675
1919,0.0209990381316602,0.3996635,1.6287369,19954
1920,0.005022973288684682,0.42690703,1.5825032,4773
1921,0.0012281185476419492,0.40236536,1.5928203,1167
1922,0.0002504646223982724,0.5047016,1.5762309,238
1923,0.000715613206852207,0.33757457,1.3689798,680
1924,0.0010502676182919154,2.7720773,26.52552,998
1925,0.0014091265940810369,0.32558957,1.0608042,1339
1926,0.0003451781350698881,0.31239906,0.85959464,328
1927,0.0018553324760006483,0.33124748,1.3358536,1763
1928,0.0007187703239412608,0.30500168,0.8085395,683
1929,0.0033433869973080316,0.54775155,2.06079,3177
1930,0.0012386422712721288,0.8055009,2.5251663,1177
1931,0.0017437810055207453,0.349201,1.1557986,1657
1932,0.006934081499925282,0.68188614,2.0864139,6589
1933,0.0009502922438052101,0.33252892,0.86197734,903
1934,0.002276281421207829,0.30547392,0.8184585,2163
1935,0.0006629945887013094,0.4040908,1.2463437,630
1936,0.0017890330171305173,0.78416073,2.5185833,1700
1937,0.0020437071289808617,0.43167,1.7627754,1942
1938,0.004221065548065003,0.96774924,2.9423633,4011
1939,0.0007745460591812122,0.40778038,1.1756631,736
1940,0.0001883746529802133,0.4528478,1.3979169,179
1941,0.0014827926594922934,0.33961636,1.366999,1409
1942,0.002704596972956135,0.81455123,2.119072,2570
1943,0.0024983319898046166,0.5626406,2.456881,2374
1944,0.017595665909660146,0.38143656,1.9704542,16720
1945,0.0004683057015429884,0.34749934,1.7620418,445
1946,0.00029676900637106226,0.29870826,0.7478403,282
1947,0.000995544255414982,0.31681848,1.074939,946
1948,0.0022783861659338646,0.42827114,1.6659726,2165
1949,0.0070287950125968975,0.4640502,1.896243,6679
1950,0.008078010258525795,0.42354304,1.4602622,7676
1951,0.0017101050899041709,0.30545983,1.0003092,1625
1952,0.0009776539252436768,147.8399,357.3492,929
1953,0.0019363651479530305,0.31166446,0.8710511,1840
1954,0.0021805155361731953,0.33262613,1.2229328,2072
1955,0.001473321308225132,0.46565253,1.4862049,1400
1956,0.0006103759705504118,0.40288863,1.4674759,580
1957,0.0036243704182338243,0.79671663,2.4832823,3444
1958,0.0011460335033265491,0.30271548,0.9390418,1089
1959,0.0016827434084657042,0.48642015,1.7356968,1599
1960,0.002209981962337698,0.62846863,2.2803147,2100
1961,0.004060052576523256,0.34211928,1.2159578,3858
1962,0.01583188982924206,0.50241244,2.5706556,15044
1963,0.004036900384536861,0.79402936,2.7581472,3836
1964,0.003093974747272777,0.4347511,1.4512665,2940
1965,0.0021952487492554467,0.41902113,1.580164,2086
1966,0.002877186040491079,0.48684648,1.8882519,2734
1967,0.00848106887356167,0.33058503,1.177359,8059
1968,0.005853295083105846,0.48916915,2.0002582,5562
1969,0.0011239336837031721,0.36933717,1.2686415,1068
1970,0.003179216908677231,0.516221,2.0198705,3021
1971,0.0002209981962337698,0.29970688,0.81498265,210
1972,0.0015017353620266165,0.3570452,1.1452478,1427
1973,0.0006503661203450939,0.63068473,1.750369,618
1974,0.008092743471608045,1.661353,2.9616442,7690
1975,0.0014638499569579703,0.30671376,1.0793349,1391
1976,0.0011786570465801055,0.5550798,1.7546881,1120
1977,0.00048514365935127556,0.3349602,1.4567782,461
1978,0.002268914814666703,0.7520679,3.0011156,2156
1979,0.0038853587642622765,0.30571836,0.9100621,3692
1980,0.003381272402376678,0.4214987,1.5125412,3213
1981,0.0021142160773030645,0.43115816,1.6249846,2009
1982,0.003434943392890593,0.49946395,1.975007,3264
1983,0.0004209489452071806,0.48054862,2.0670679,400
1984,0.024186674019241575,0.48326153,1.7917495,22983
1985,0.002637245141722986,0.3943684,1.4482006,2506
1986,0.0020836972787755437,0.36726317,1.3047229,1980
1987,0.0014270169242523421,0.37756723,1.8337753,1356
1988,0.002139473014015495,0.36960727,1.3132731,2033
1989,0.002313114453913457,0.46053,2.301388,2198
1990,0.001104990981168849,0.38323033,1.1301136,1050
1991,0.0022015629834335544,0.4532161,2.2486336,2092
1992,0.007927521010614228,0.49664828,2.466618,7533
1993,0.0012575849738064519,0.43424466,1.3578451,1195
1994,0.0015417255118212988,0.35157758,1.2814819,1465
1995,0.0009376637754489947,0.48089957,1.6519772,891
1996,0.005415508180090378,0.37740302,0.95060205,5146
1997,0.013189382825703984,0.3509556,2.149053,12533
1998,0.008916751031851102,0.3869277,1.3485342,8473
1999,0.001015539330312323,0.77054036,2.6465597,965
2000,0.002458341840009934,0.37093124,1.2282791,2336
2001,0.0013522984864780675,0.33300927,1.35156,1285
2002,0.0007745460591812122,0.30464512,0.7914825,736
2003,0.0016090773430544477,0.415371,2.1174667,1529
2004,0.0013954457533618034,0.4903793,2.5804615,1326
2005,0.00017679855698701582,0.30184615,0.94171023,168
2006,0.0006935133872288299,0.5008333,2.219238,659
2007,0.0015690871932597654,0.40940103,1.4556481,1491
2008,0.002397304242954893,0.7322501,2.8207498,2278
2009,0.0005230290644199218,0.3224748,0.9137872,497
2010,0.005048230225397112,0.5874047,2.4434032,4797
2011,0.005005082958513376,0.3899634,1.3880572,4756
2012,0.001080786416819436,0.51485634,1.7038939,1027
2013,0.0032686685595337567,0.42835534,2.105733,3106
2014,0.0018637514549047919,0.41456196,2.2389398,1771
2015,0.0024362420203865574,0.6024084,2.101505,2315
2016,0.0030413561291218793,0.68523264,2.3431144,2890
2017,0.0011712904400389798,0.4807471,1.7339854,1113
2018,0.0007671794526400865,0.3186036,0.8266472,729
2019,0.004583081640943178,0.45448515,1.6287357,4355
2020,0.002384675774598678,0.74585986,3.04891,2266
2021,0.0008450550075034149,0.32943654,1.440075,803
2022,0.0008061172300717508,0.34405696,1.464646,766
2023,0.0028645575721348636,0.34695026,1.3000809,2722
2024,0.002357314093160211,0.98022485,3.3287492,2240
2025,0.005544949980741586,0.39257127,1.422608,5269
2026,0.002555160097407586,0.48569533,1.6719913,2428
2027,0.0006587850992492376,0.30365747,0.9800083,626
2028,0.002032131032987664,0.39461762,1.1503874,1931
2029,0.0019605697123024433,0.4567543,1.9814117,1863
2030,0.005117686801356298,0.5799786,2.4797752,4863
2031,0.0005051387342486167,0.3909191,1.5544493,480
2032,0.0029540092229913893,0.79323226,2.7508807,2807
2033,0.010482681108021814,0.5124587,2.6058984,9961
2034,0.0008513692416815227,0.31567192,0.8822587,809
2035,0.001450169116238737,0.4077138,1.3707442,1378
2036,0.0028308816565182893,0.6137374,2.3779478,2690
2037,0.0012954703788750981,0.30875862,1.1672795,1231
2038,0.0015490921183624244,0.33315188,1.0974123,1472
2039,0.0010660532037371846,0.40059397,1.282744,1013
2040,0.006733078378588853,0.49436542,1.9229475,6398
2041,0.002380466285146606,1.0269982,3.5320451,2262
2042,0.0007040371108590095,0.37381658,1.1921401,669
2043,0.0018163946985689842,0.36951342,1.296529,1726
2044,0.0020458118737068974,0.38822946,1.02777,1944
2045,0.00090924972164751,0.3929453,1.084668,864
2046,0.018278655573258796,0.4629149,1.4580545,17369
2047,0.002795100996175679,0.42265368,1.5707576,2656
2048,0.008500011576095994,0.31965595,1.3188486,8077
2049,0.001341774762847888,0.60105425,2.020626,1275
2050,0.011725532868746015,0.41590044,1.3954008,11142
2051,0.0014270169242523421,0.4083292,1.6455902,1356
2052,0.00020942210024057231,0.36814532,1.3628024,199
2053,0.0006777278017835607,0.28479806,0.8078819,644
2054,0.0022184009412418416,0.32660285,1.0775763,2108
2055,0.0029918946280600356,0.4712523,1.9347653,2843
2056,0.001793242506582589,0.50299954,2.0771987,1704
2057,0.0002252076856858416,0.3346761,1.3901694,214
2058,0.006922505403932084,0.75683063,2.9298935,6578
2059,0.0008408455180513431,0.4311323,1.4115206,799
2060,0.0004630438397278986,0.3741592,1.433076,440
2061,0.004333669390907924,0.58361083,2.0572464,4118
2062,0.0009113544663735459,0.38340005,1.4468572,866
2063,0.003072927300012418,0.64191943,2.0398457,2920
2064,0.0048388081251565405,0.37352672,1.369174,4598
2065,0.003808535581761966,0.38435042,1.2903073,3619
2066,0.0009155639558256176,0.3282274,1.2506618,870
2067,0.015637200942083738,0.402288,1.5971782,14859
2068,0.003502295224123742,0.45961258,1.5479627,3328
2069,0.0027740535489153197,0.5505464,1.8707141,2636
2070,0.0016006583641503041,0.4416287,1.745339,1521
2071,0.0009429256372640844,0.39893907,1.5703305,896
2072,0.0015438302565473348,0.87738407,3.1708157,1467
2073,0.003593851619706304,0.85504097,2.689331,3415
2074,0.0031434362483346205,0.74464905,2.0277405,2987
2075,0.00030203086818615205,0.5731463,3.0167441,287
2076,0.0007713889420921583,0.3748849,2.771493,733
2077,0.0001578558544526927,0.41085514,1.4810398,150
2078,0.0007545509842838711,0.43709856,1.6220667,717
2079,0.00021573633441868004,0.3092703,0.74751455,205
2080,0.0010639484590111489,0.41126502,1.513048,1011
2081,0.005199771845671697,0.81631166,3.2408693,4941
2082,0.0053050090819734925,0.44140738,1.5910202,5041
2083,0.0024299277862084496,0.30449188,0.90811974,2309
2084,0.030094692465224355,0.5744708,2.7733788,28597
2085,0.006433152255128737,0.5290688,2.217238,6113
2086,0.0013575603482931572,0.36231196,1.4801552,1290
2087,0.0032528829740884877,0.4817052,2.0508807,3091
2088,0.008305322688937673,0.37086555,1.5384743,7892
2089,0.0010239583092164666,0.35373342,0.972,973
2090,0.0008818880402090433,0.40333298,1.8808163,838
2091,0.02273545253063982,0.4905136,2.208664,21604
2092,0.007019323661329736,0.5422875,1.9706094,6670
2093,0.0032318355268281286,0.4124792,1.2887199,3071
2094,0.0010881530233605617,0.5543872,1.5751874,1034
2095,0.002142630131104549,0.52177936,2.1273766,2036
2096,0.013728197475569175,0.23529275,0.68220365,13045
2097,0.005937484872147281,0.3155933,1.0012704,5642
2098,0.007405544318557324,0.4383348,1.5753539,7037
2099,0.002981370904429856,0.42200172,1.5810266,2833
2100,0.00350334759648676,0.45464727,1.5161957,3329
2101,0.0014870021489443654,0.57044065,2.366031,1413
2102,0.026751305467916323,0.42409888,1.0919026,25420
2103,0.0003314972943506547,0.36959234,1.2427062,315
2104,0.0016301247903148066,0.5153799,1.9836173,1549
2105,0.004290522124024187,0.6783618,2.8584263,4077
2106,0.0050303398952258075,0.3652994,1.3772985,4780
2107,0.002960323457169497,0.5239317,2.3045926,2813
2108,0.0035780660342610345,0.6993786,3.473612,3400
2109,0.002879290785217115,0.33381137,1.1514133,2736
2110,0.003260249580629613,0.41555482,1.4446784,3098
2111,0.006109021567319207,0.6604405,2.2183855,5805
2112,0.0038611541999128635,0.5913722,2.321406,3669
2113,0.005633349259235094,0.5610943,1.9259166,5353
2114,0.00023467903695300316,0.95827764,3.0891104,223
2115,0.0027540584740179787,0.62571037,2.6230664,2617
2116,0.0006009046192832502,0.6150236,2.9526112,571
2117,0.002228924664872021,0.67214644,2.267095,2118
2118,0.0025004367345306524,0.4815277,1.6728249,2376
2119,0.0016722196848355246,0.30439004,0.8530826,1589
2120,0.0010660532037371846,0.41416126,1.3564742,1013
2121,0.003810640326488002,0.35252503,1.0936302,3621
2122,0.0014627975845949524,0.4919838,1.9423271,1390
2123,0.0010302725433945744,0.4996205,2.0046277,979
2124,0.005830142891119451,0.56492615,1.9844315,5540
2125,0.0024404515098386294,0.36153182,1.1606488,2319
2126,0.004612548067107681,0.835875,2.8251657,4383
2127,0.0002767739314737212,0.48828477,1.7619925,263
2128,0.0013617698377452292,0.6565127,2.0481377,1294
2129,0.0015438302565473348,0.5357927,2.628983,1467
2130,0.0031076555879920105,0.522451,2.0329638,2953
2131,0.0019195271901447433,0.5625554,2.2333527,1824
2132,0.0054249795313575395,0.4791658,1.7643936,5155
2133,0.00806432941780656,0.5729466,2.4514935,7663
2134,0.0015259399263760295,0.3800845,1.7863548,1450
2135,0.0029098095837446357,0.7065828,2.1310468,2765
2136,0.0021057970983989205,0.39071256,1.4939331,2001
2137,0.0015985536194242681,0.5276391,2.2657468,1519
2138,0.0008471597522294508,0.5281481,2.5243404,805
2139,0.001756409473876961,0.29250956,1.1181409,1669
2140,0.00121233296219668,0.35093215,1.3287529,1152
2141,0.00041884420048114463,0.4118095,1.9362962,398
2142,0.003377062912924606,0.4513142,1.724805,3209
2143,0.004368397678887516,0.69691783,2.241598,4151
2144,0.002703544600593117,0.53628194,2.1076365,2569
2145,0.0035191331819320296,1.1800725,3.346263,3344
2146,0.0031076555879920105,0.4375896,1.4888985,2953
2147,0.0038653636893649355,1.3891896,3.003468,3673
2148,0.002057387969700095,0.72269267,2.8412833,1955
2149,0.0011418240138744771,0.4240078,1.7324173,1085
2150,0.001229170920004967,0.40892044,2.1026678,1168
2151,0.004035848012173843,0.35793558,1.040693,3835
2152,0.002485703521448401,0.6737578,1.9108906,2362
2153,0.0022236628030569312,1.5029471,3.640509,2113
2154,0.005985894000846107,0.51407236,2.341745,5688
2155,0.00047672468044713195,0.43336058,1.935068,453
2156,0.0004472582542826293,0.40549484,1.508898,425
2157,0.00021994582387075185,0.2857948,0.605486,209
2158,0.004534672512244353,0.6849841,2.3722718,4309
2159,0.003684355642925848,0.42156246,1.5844417,3501
2160,0.0012396946436351467,0.32899478,1.0021173,1178
2161,0.0007335035370235121,0.3464602,1.3217993,697
2162,0.0015627729590816579,0.34123123,1.0151302,1485
2163,0.001963726829391497,0.41745275,1.566331,1866
2164,0.0018616467101787559,0.31145936,0.99151963,1769
2165,0.00571227718646144,0.58395594,1.7983624,5428
2166,0.004396811732689001,0.45510754,1.6109225,4178
2167,0.0003925348914056959,0.35879916,1.1508994,373
2168,0.0020689640656932923,0.35126466,1.191878,1966
2169,1.0523723630179514e-05,0.24549438,0.33293352,10
2170,0.004066366810701364,0.61335224,2.7101958,3864
2171,0.0013964981257248215,0.4195463,1.5124834,1327
2172,0.01350509453460937,0.5708573,1.4046068,12833
2173,0.025584224517329415,0.50342613,2.237101,24311
2174,0.0012649515803475776,0.37685558,1.5248758,1202
2175,0.001925841424322851,0.321881,1.1039335,1830
2176,0.0008282170496951277,0.3861898,1.1604193,787
2177,0.0022594434633995417,0.43708867,1.52041,2147
2178,0.0015427778841843166,0.4023068,1.8129348,1466
2179,0.02807308515586687,0.5368076,1.7943532,26676
2180,0.0015511968630884604,0.50511235,2.1852186,1474
2181,0.0012249614305528953,0.35158956,1.2013375,1164
2182,0.004123194918304334,0.47554168,1.8404552,3918
2183,0.0017353620266166018,0.499032,2.4151542,1649
2184,0.0019174224454187073,0.8645132,2.779349,1822
2185,0.0009829157870587665,0.3453295,1.2547134,934
2186,0.0011776046742170876,0.39539918,1.291337,1119
2187,0.0006871991530507223,0.41056806,2.3867888,653
2188,0.0016069725983284117,0.5410249,1.5727831,1527
2189,0.0009944918830519641,0.35002342,1.0762722,945
2190,0.0008313741667841816,0.32135952,1.2983338,790
2191,0.0009545017332572819,0.46871114,1.5621198,907
2192,0.0009134592110995818,0.39116338,1.5056065,868
2193,0.0015690871932597654,0.30936468,1.0323213,1491
2194,0.0017658808251441224,0.27928406,0.7780131,1678
2195,0.0026014644813803756,0.78648746,3.141195,2472
2196,0.01874380415771273,0.4543227,1.8577117,17811
2197,0.0007187703239412608,0.30730355,1.305878,683
2198,0.0014859497765813473,0.49333826,1.7766602,1412
2199,0.0052302906441992186,0.5806475,2.0881355,4970
2200,0.0036012182262474294,0.52751917,1.914428,3422
2201,0.0030802939065535436,0.6106174,2.7912774,2927
2202,0.0022078772176116618,0.80752075,2.5055115,2098
2203,0.0027151206965863144,0.5588781,2.0865474,2580
2204,0.000736660654112566,0.44870973,2.546705,700
2205,0.0005788047996598733,0.5109521,2.9469333,550
2206,0.002309957336824403,0.595478,2.3587825,2195
2207,0.002402566104769983,0.9189867,2.695887,2283
2208,0.0007924363893525173,0.34837085,1.0448354,753
2209,3.472828797959239e-05,0.29415137,0.5503255,33
2210,0.003418105435082306,0.5644438,2.5787904,3248
2211,0.0031950024941225005,0.50041425,1.740175,3036
2212,0.00264040225881204,0.40930206,1.6197835,2509
2213,0.001536463650006209,0.3917993,1.4608324,1460
2214,0.0008282170496951277,0.29176062,0.8208033,787
2215,0.0009039878598324202,0.33022436,1.5208392,859
2216,0.001925841424322851,0.73402596,2.058019,1830
2217,0.0024572894676469165,0.59345263,2.1643622,2335
2218,0.000432525041200378,0.4504533,2.3156266,411
2219,0.004392602243236929,0.4336436,1.4466695,4174
2220,0.0006661517057903632,0.4781603,1.9916614,633
2221,0.0009260876794557972,0.43843845,1.7921698,880
2222,0.005448131723343934,0.44155088,1.5892601,5177
2223,0.003831687773748361,0.6891062,2.7475243,3641
2224,0.0005966951298311784,0.33510444,1.3428581,567
2225,0.001059738969559077,0.4558478,2.0526557,1007
2226,0.0018121852091169122,0.34717935,1.3856132,1722
2227,0.0014670070740470241,0.4244869,1.9932508,1394
2228,0.00044936299900866526,0.70584613,3.7367067,427
2229,0.000671413567605453,0.7099991,2.4879136,638
2230,0.0009587112227093537,166.00015,402.98123,911
2231,0.0020731735551453643,0.65987366,2.6016934,1970
2232,0.006193211356360644,0.7106391,2.3909485,5885
2233,0.008125367014861603,0.40256026,1.3834884,7721
2234,0.003630684652411932,0.6561408,2.4107976,3450
2235,0.003314972943506547,0.58121866,2.3156846,3150
2236,0.004827232029163343,0.5336595,2.0326235,4587
2237,0.006312129433381672,0.6809662,2.249303,5998
2238,0.002061597459152167,0.46101734,1.9814723,1959
2239,0.0024772845425442575,0.42099807,1.4150137,2354
2240,0.009610264419079933,0.3678682,1.5233197,9132
2241,0.0005377622775021732,0.28210133,0.7336307,511
2242,0.0017616713356920506,0.34089965,1.1445826,1674
2243,1.9995074897341077e-05,0.23758411,0.44773343,19
2244,0.007988558607669269,0.42035946,1.4211452,7591
2245,0.0007177179515782428,0.47457469,1.9248675,682
2246,0.00644157123403288,0.6916214,2.5331647,6121
2247,0.002269967187029721,0.38020885,1.4012533,2157
2248,0.0008566311034966124,0.41691247,1.8358804,814
2249,0.00012838942828819006,0.27549633,0.6897011,122
2250,0.0011155147047990283,0.45464343,2.3257895,1060
2251,0.002358366465523229,0.36039406,1.729129,2241
2252,0.0008850451572980971,0.279751,0.7133999,841
2253,0.0014091265940810369,0.48743993,2.1416516,1339
2254,0.0006661517057903632,0.4942663,1.9862937,633
2255,0.0017174716964452965,0.46095145,1.9617171,1632
2256,0.00467463803652574,0.6977698,2.6587005,4442
2257,0.002274176676481793,0.43343097,1.4398903,2161
2258,0.00016837957808287223,0.30976585,0.8005269,160
2259,0.1281926346563057,1.9493896,5.394488,121813
2260,0.006186897122182536,0.52972996,1.8619055,5879
2261,0.000889254646750169,0.4878598,2.5171201,845
2262,0.00952396988531246,0.37172467,1.3000087,9050
2263,0.001058686597196059,0.3799027,1.3584841,1006
2264,0.020790668403782648,0.3565781,1.0294647,19756
2265,0.04453113654110461,1.3231803,2.9260392,42315
2266,0.0012575849738064519,0.4119241,1.5937191,1195
2267,0.0015690871932597654,0.9284303,3.4643326,1491
2268,0.004616757556559752,0.36649713,1.4271418,4387
2269,0.014714270379716995,0.6499754,2.314768,13982
2270,0.0007945411340785533,0.41452664,1.445757,755
2271,0.0008282170496951277,0.30101365,0.81274337,787
2272,0.0007913840169894994,0.44642717,2.179519,752
2273,0.002944537871724228,0.8555037,2.6873248,2798
2274,0.0004051633597619113,0.42355245,1.9108229,385
2275,0.0007671794526400865,0.32114127,1.906553,729
2276,0.01677165834941709,0.42908046,1.1023955,15937
2277,0.008728376378870889,0.37009263,0.98145235,8294
2278,0.003965339063851641,0.774723,2.6552808,3768
2279,0.004876693530225186,0.46940467,2.3259575,4634
2280,9.471351267161562e-06,0.28931922,0.40838242,9
2281,0.01267266799546217,0.6905454,4.029938,12042
2282,0.005218714548206021,0.41930282,1.6744905,4959
2283,0.0014638499569579703,0.36767894,1.3108622,1391
2284,0.0010018584895930896,0.41931662,2.267025,952
2285,0.002775105921278338,0.6490938,2.1275127,2637
2286,0.0010955196299016873,0.3134658,0.97662234,1041
2287,0.02574628986123418,0.53991205,2.7940865,24465
2288,0.002055283224974059,0.8018154,2.2058089,1953
2289,0.023806767596192095,0.41468608,1.7917403,22622
2290,0.0013933410086357676,0.50772095,1.9626473,1324
2291,0.0010460581288398436,0.3362096,1.4597884,994
2292,0.000258883601302416,0.31340012,0.638463,246
2293,0.002229977037235039,1.0181471,2.8191712,2119
2294,0.0007724413144551763,0.42471057,1.9561784,734
2295,0.0003504399968849778,0.30795363,1.39383,333
2296,0.00020416023842548256,0.31602716,0.75919294,194
2297,0.002529903160695155,0.88418454,2.1174347,2404
2298,0.007589709482085465,0.31315467,1.0428602,7212
2299,0.001882694157439115,0.37256563,1.3702619,1789
2300,0.0031002889814508846,0.4716153,1.7345837,2946
2301,0.00045988672263884477,0.637465,2.1631267,437
2302,0.0015101543409307603,0.48838082,1.6580052,1435
2303,0.003135017269430477,0.55056846,2.1616824,2979
2304,0.0010134345855862873,0.42639014,1.4480257,963
2305,0.0063258102741009055,0.60445344,2.2514758,6011
2306,0.0014575357227798627,0.38130197,1.1203611,1385
2307,0.0015480397459994065,0.6189512,1.9975269,1471
2308,0.001189180770210285,0.48406637,1.4040046,1130
2309,0.0043557692105313005,0.93315274,2.9903483,4139
2310,0.005323951784507816,0.8751506,2.9641452,5059
2311,0.025456887461404242,0.3778624,1.2655747,24190
2312,0.0006745706846945068,0.3520181,1.2674248,641
2313,0.0018163946985689842,0.8398982,2.8870573,1726
2314,0.0005935380127421245,0.42194405,1.4583919,564
2315,0.0025677885657638014,0.6805749,2.285501,2440
2316,0.0005104005960637064,0.2991738,1.2604265,485
2317,0.005212400314027913,0.49529493,1.9098042,4953
2318,0.0004714628186320422,0.43971813,1.9442542,448
2319,0.003091870002546741,0.31730378,1.0945973,2938
2320,1.3680840719233367e-05,0.27255505,0.4117895,13
2321,0.0007324511646604942,0.3764167,1.6298338,696
2322,7.78755548633284e-05,0.3147823,0.902804,74
2323,0.0008839927849350792,0.33269835,0.7997678,840
2324,0.0004472582542826293,0.7300962,2.120565,425
2325,0.0027593203358330684,0.6543006,2.3598483,2622
2326,0.0028698194339499532,0.7784042,2.8565085,2727
2327,0.011377197616587072,0.65043396,2.7383718,10811
2328,0.0013712411890123906,0.39740574,1.3809716,1303
2329,0.0069519718300965865,0.6969232,2.438712,6606
2330,0.0008671548271267919,0.38492376,1.3547935,824
2331,0.00412003780121528,0.5210173,2.0894575,3915
2332,0.0024099327113111086,0.33851665,0.9544852,2290
2333,0.00020416023842548256,0.23259413,0.6250844,194
2334,0.002286805144838008,0.9061725,2.7525938,2173
2335,0.007802288699415091,0.2896335,0.7884257,7414
2336,0.012262242773885169,0.6493421,2.497939,11652
2337,0.000995544255414982,0.38050655,1.2303855,946
2338,0.013136764207553086,0.52251774,2.3813238,12483
2339,0.00044620588191961137,0.30538684,0.7543092,424
2340,0.0005114529684267244,0.2811571,0.86156553,486
2341,0.007812812423045271,0.4378795,2.0976796,7424
2342,0.0020679116933302742,0.48708767,1.6486502,1965
2343,0.0020363405224397358,0.44519088,1.375542,1935
2344,0.003965339063851641,0.67701143,2.3352299,3768
2345,0.000649313747982076,0.35214046,1.7731979,617
2346,0.0026498736100792016,0.49360707,2.13591,2518
2347,0.002721434930764422,0.43817136,1.9393473,2586
2348,0.005399722594645108,0.7466627,2.457657,5131
2349,0.00034938762452195986,0.30509192,0.92381424,332
2350,0.0058796043921812945,1.0055447,2.4724016,5587
2351,0.007141398855439818,0.5312773,2.025423,6786
2352,0.002056335597337077,0.4249704,1.6177858,1954
2353,0.023300576489580463,0.5866287,2.0469418,22141
2354,0.002879290785217115,1.1766474,3.2475107,2736
2355,0.003267616187170739,0.88656217,2.992872,3105
2356,1.8942702534323124e-05,0.2788198,0.5236654,18
2357,0.0021142160773030645,0.3355101,0.8251952,2009
2358,0.004446273233750845,0.6828984,2.4927275,4225
2359,0.0007777031762702661,0.3241567,1.0630552,739
2360,0.005729115144269727,0.6567096,2.2122564,5444
2361,0.0009155639558256176,0.38379708,1.3431635,870
2362,0.00039674438085776767,0.35381645,1.0833385,377
2363,0.0032392021333692545,0.29870397,1.050238,3078
2364,0.0016153915772325552,0.33769515,1.1040846,1535
2365,0.001101833864079795,0.27473933,0.7036059,1047
2366,0.0005745953102078014,0.45869187,1.8537904,546
2367,0.005025078033410717,0.50273544,2.3092918,4775
2368,0.0011512953651416388,0.38531992,1.5888207,1094
2369,0.00032307831544651106,0.35903987,1.7526808,307
2370,0.0012660039527105954,0.34761316,0.8744061,1203
2371,0.0048388081251565405,0.5884262,2.1896062,4598
2372,0.0008292694220581457,0.46995634,2.1017616,788
2373,0.004233694016421218,0.47497913,1.6397982,4023
2374,0.007884373743730492,0.5907799,2.1216273,7492
2375,0.0007261369304823864,0.32232943,0.93546957,690
2376,0.006526813395437334,0.8801643,2.7977386,6202
2377,0.0003115022194533136,0.4484551,1.7814732,296
2378,0.004974564159985856,0.38096783,1.4296713,4727
2379,0.003095027119635795,1.0128248,3.3237321,2941
2380,0.0013691364442863546,0.7902558,2.494346,1301
2381,0.0068772533923223125,0.57167244,2.2071986,6535
2382,0.006134278504031638,0.53457886,1.9535807,5829
2383,0.004457849329744042,0.3793227,1.3388606,4236
2384,0.0008324265391471996,0.31608313,0.8803106,791
2385,0.0009923871383259281,0.35388845,1.1473455,943
2386,0.021438929779401705,0.45667434,1.5366132,20372
2387,0.005552316587282711,0.58994514,2.467767,5276
2388,0.0017385191437056557,0.37204006,1.4415581,1652
2389,0.00013891315191836957,0.29197556,0.6328928,132
2390,0.00528080451762408,0.5228185,1.8852307,5018
2391,0.004096885609228885,0.53160006,2.368704,3893
2392,0.00027782630383673914,0.36239907,1.1067314,264
2393,0.0012933656341490621,0.42524052,1.379001,1229
2394,0.00563019214214604,0.4118738,2.484388,5350
2395,0.005143996110431747,0.7988365,2.5688615,4888
2396,0.0008334789115102175,0.38810042,1.2184088,792
2397,0.025122233049964537,0.43506423,1.6128114,23872
2398,0.002280490910659901,0.7259245,2.562174,2167
2399,0.0021079018431249567,0.7476869,2.3103313,2003
2400,0.0015722443103488193,0.6305763,1.8836722,1494
2401,0.0008071696024347687,0.39044896,1.6963923,767
2402,0.002771948804189284,0.34573266,0.96449226,2634
2403,0.0017416762607947096,0.3391769,1.1211925,1655
2404,0.002623564301003753,0.42397016,2.0030975,2493
2405,0.008533687491712568,0.47870913,1.8418736,8109
2406,0.005012449565054503,0.5460442,2.6383126,4763
2407,0.0019805647871997843,0.49344835,1.8441409,1882
2408,0.0006545756097971658,0.52244115,2.8599043,622
2409,0.001318622570861493,0.5114647,1.9886439,1253
2410,0.0004051633597619113,0.45514414,1.7116573,385
2411,0.00558388775817325,0.54911155,1.5270623,5306
2412,0.0024909653832634908,0.32619813,1.2268363,2367
2413,0.0006535232374341478,0.40331987,1.6578158,621
2414,0.0018753275508979893,0.40258974,1.1535215,1782
2415,0.0021468396205566206,0.72427636,2.6479065,2040
2416,0.00043357741356339597,0.33149013,1.0437076,412
2417,0.0034328386481645573,0.62232,2.4948034,3262
2418,0.008293746592944474,0.5766143,2.0394845,7881
2419,0.000863997710037738,0.4722145,1.9161505,821
2420,0.00028098342092579303,0.39366284,1.6290791,267
2421,0.006132173759305602,0.83717316,3.0434296,5827
2422,0.0032139451966568234,0.7198298,3.2773678,3054
2423,0.0034517813506988806,0.6975819,2.881737,3280
2424,0.006935133872288299,0.89251435,2.684986,6590
2425,0.0007008799937699556,0.48645896,2.1235259,666
2426,0.001997402745008072,0.62524337,1.9982198,1898
2427,0.001301784613053206,0.29818547,0.85012484,1237
2428,0.0034980857346716705,0.31740373,0.9096558,3324
2429,0.0006882515254137402,0.3371154,1.1682571,654
2430,0.023368980693176628,1.1940074,2.589047,22206
2431,0.0004451535095565934,0.3456845,1.6969211,423
2432,0.003088712885457687,0.46288434,1.730018,2935
2433,0.0003999014979468215,0.38833904,1.2997683,380
2434,0.00160276310887634,0.38801816,1.5698397,1523
2435,0.005613354184337753,0.4085762,1.7442682,5334
2436,0.0002788786761997571,0.2734864,1.0185379,265
2437,0.0019016368599734381,79.96918,378.9863,1807
2438,0.0018195518156580378,0.48886693,2.4365172,1729
2439,0.0023257429222696725,0.360094,1.3694758,2210
2440,0.0532363607279891,1.1774144,2.8918374,50587
2441,0.04893110539088267,1.1460786,2.455946,46496
2442,0.003044513246210933,0.42990616,2.84163,2893
2443,0.0034286291587124857,0.85011125,2.4683073,3258
2444,0.001405969476991983,0.3786913,1.4722888,1336
2445,0.005386041753925875,0.5425231,2.1629663,5118
2446,0.000863997710037738,0.3298079,1.1609578,821
2447,0.0026982827387780272,0.50268036,2.3819532,2564
2448,0.001059738969559077,0.35416016,1.5988486,1007
2449,0.0017458857502467813,0.31079,1.0871562,1659
2450,0.0029782137873408023,1.1512086,2.5543323,2830
2451,0.001233380409457039,0.436837,1.628104,1172
2452,0.000237836154042057,0.41067758,1.176748,226
2453,0.001189180770210285,0.33677322,1.0910003,1130
2454,0.0005167148302418141,0.34411606,1.1685809,491
2455,0.005885918626359402,0.48319754,1.9719408,5593
2456,0.014172298612762752,0.53831726,2.9839766,13467
2457,0.00044620588191961137,0.29022092,0.840727,424
2458,0.0031002889814508846,0.8763305,2.483685,2946
2459,0.0011818141636691594,0.42314628,1.6797392,1123
2460,0.0057680529217013915,0.49703556,2.2081144,5481
2461,0.004483106266456473,0.38354418,1.3285117,4260
2462,0.05599989055327425,0.4101239,2.104793,53213
2463,0.007840174104483738,0.2640778,0.8162019,7450
2464,0.003641208376042112,0.6278364,3.1040392,3460
2465,0.00010208011921274128,0.27711007,0.56053567,97
2466,0.002183672653262249,0.39245692,1.2694266,2075
2467,0.006595217599033501,0.6814738,2.273448,6267
2468,0.0011313002902442978,0.3846646,1.6147344,1075
2469,0.0015322541605541373,0.5003982,2.2561526,1456
2470,0.0003767493059604266,0.32435942,1.3890734,358
2471,0.0030003136069641795,0.77821475,2.7526364,2851
2472,0.0017427286331577274,0.4001974,2.2786121,1656
2473,0.001798504368397679,0.39445353,1.4658751,1709
2474,0.00041252996630303696,0.52331173,2.3629093,392
2475,0.0011744475571280337,0.44448888,2.0043833,1116
2476,0.0019342604032269947,0.4598367,1.766385,1838
2477,0.007128770387083603,0.45788795,1.9342786,6774
2478,0.0023289000393587264,0.34107834,1.4507396,2213
2479,0.0057880479965987325,0.66372216,2.4787965,5500
2480,0.010762612156584589,0.4273612,1.7228265,10227
2481,0.001015539330312323,0.35405448,0.922382,965
2482,0.004271579421489865,0.42582956,1.6308409,4059
2483,0.0013270415497656366,0.4699462,1.7080921,1261
2484,0.0018942702534323124,0.37217438,1.2109554,1800
2485,0.00017153669517192607,0.40932524,2.1368465,163
2486,0.001016591702675341,0.35323104,1.2725724,966
2487,0.0008292694220581457,0.38043866,1.1140245,788
2488,0.029027586889124154,0.52208525,2.0541737,27583
2489,0.0002988737510970982,0.3621444,1.4557198,284
2490,1.473321308225132e-05,0.32715636,0.66756445,14
2491,0.0005198719473308679,0.39490458,2.0611427,494
2492,0.0008850451572980971,0.3862942,0.91754013,841
2493,0.0023857281469616956,0.3605446,1.227286,2267
2494,0.0016764291742875966,0.45461956,1.6895834,1593
2495,0.0007503414948317993,0.32236564,1.0947268,713
2496,0.002074225927508382,0.32410178,0.951872,1971
2497,0.0019816171595628024,0.5414725,2.5756593,1883
2498,0.0010765769273673642,0.3228756,1.1523015,1023
2499,0.002269967187029721,0.50314254,1.4328803,2157
2500,0.0010681579484632206,0.35156944,1.1508101,1015
2501,0.002791943879086625,0.62804013,2.133256,2653
2502,0.013145183186457231,0.6235082,2.5712867,12491
2503,0.0009997537448670538,0.4659857,2.157733,950
2504,0.0007345559093865301,0.40189046,2.1274638,698
2505,0.001535411277643191,0.36453003,1.5684447,1459
2506,0.005715434303550494,0.42418486,1.5669998,5431
2507,0.03786856711083796,0.5638033,3.1610594,35984
2508,0.0008418978904143611,0.34679443,1.2419467,800
2509,0.0003357067838027265,0.33940944,1.5609446,319
2510,0.005473388660056365,0.4196707,1.5150884,5201
2511,0.001234432781820057,0.37283897,2.0242758,1173
2512,0.0006293186730847349,0.2674616,0.58885074,598
2513,0.002748796612202889,0.5919953,2.3187532,2612
2514,0.0011586619716827645,0.56642985,1.9470942,1101
2515,0.0036854080152888655,0.4900024,1.8526046,3502
2516,0.0012133853345596979,0.35006905,1.2294044,1153
2517,0.0036517320996722912,0.5769406,2.0208404,3470
2518,0.001991088510829964,0.7408986,3.2735355,1892
2519,8.945165085652587e-05,0.36119542,0.81666654,85
2520,0.0036864603876518836,0.46337438,1.6087095,3503
2521,0.001077629299730382,0.48010752,1.7661244,1024
2522,0.0003956920084947497,0.31506452,0.9787241,376
2523,0.0004672533291799704,0.4489314,2.291801,444
2524,0.010581604110145502,0.34829468,0.9458591,10055
2525,0.0007292940475714403,0.44246984,1.9772412,693
2526,0.0023909900087767857,0.6925232,2.8828614,2272
2527,0.00022415531332282363,0.32062355,0.83398384,213
2528,0.0004588343502758268,0.44832373,1.6010935,436
2529,0.00531658517796669,0.6872754,2.3621435,5052
2530,0.000973444435791605,0.29094267,0.80112696,925
2531,0.005861714062009989,0.34311092,1.1031843,5570
2532,0.001318622570861493,0.38439986,1.4515693,1253
2533,0.0013712411890123906,0.5196541,2.1508076,1303
2534,0.0064973469692728315,0.45568871,1.9798725,6174
2535,0.0018890083916172228,0.4384999,1.5692399,1795
2536,0.0011997044938404646,0.34595165,1.3542861,1140
2537,0.007922259148799137,0.3294254,1.1086563,7528
2538,0.0013396700181218522,0.66537637,4.104833,1273
2539,0.002525693671243083,0.6165551,1.9537525,2400
2540,0.0013912362639097316,0.39976466,1.7004379,1322
2541,0.0014112313388070729,0.54111105,1.9392347,1341
2542,0.0015838204063420168,0.48020652,1.7242634,1505
2543,0.002589888385387178,0.34567577,1.5243341,2461
2544,0.002707754090045189,0.6419374,2.0663724,2573
2545,0.0028940239982993663,0.4945698,2.1412232,2750
2546,0.0005061911066116346,0.32164052,1.2131897,481
2547,0.002488860638537455,1.0827236,3.1613884,2365
2548,0.000627213928358699,0.40750775,2.3662097,596
2549,0.0026898637598738837,0.3262722,1.3687316,2556
2550,0.0016953718768219197,0.39588737,1.6893625,1611
2551,0.0002052126107885005,0.2765705,1.1145885,195
2552,0.003829583029022325,0.747047,2.544552,3639
2553,0.00025783122893939807,0.30843526,1.08175,245
2554,0.005675444153755812,0.4424666,1.5120382,5393
2555,0.003286558889705062,0.54814386,1.9843445,3123
2556,0.0006524708650711299,0.36124012,1.2720575,620
2557,0.0037306600268986376,0.5252039,2.4803782,3545
2558,0.0007934887617155353,0.36786228,1.4812984,754
2559,0.0010418486393877718,0.32486463,1.0429324,990
2560,0.0021910392598033747,0.7280708,2.4301848,2082
2561,0.00016101297154174656,0.26231906,0.5482157,153
2562,0.0036254227905968424,0.42696303,4.177812,3445
2563,0.0015711919379858014,0.4478094,1.8091562,1493
2564,0.00016732720571985426,0.33242086,1.1550329,159
2565,0.003528604533199191,0.44277605,2.0235808,3353
2566,0.00112498605606619,0.3534359,1.1961693,1069
2567,0.013696626304678636,0.2810923,1.026417,13015
2568,0.0007966458788045892,0.36955625,2.5864155,757
2569,0.007179284260508464,0.5051459,1.7758266,6822
2570,0.014323840233037337,0.41557425,1.8277465,13611
2571,0.0012186471963747877,0.36112523,1.4326203,1158
2572,0.002886657391758241,0.3365674,1.1811512,2743
2573,0.0032781399108009184,0.79312456,2.564384,3115
2574,0.018213408486751684,0.5212417,1.9688848,17307
2575,0.007259264560097829,0.5164225,2.7446678,6898
2576,0.02353630789889648,0.5076031,2.7847247,22365
2577,0.0019721458082956407,0.91048753,3.2389529,1874
2578,0.0028877097641212585,0.4286962,1.4622041,2744
2579,0.0016301247903148066,0.38814077,1.1817107,1549
2580,0.004048476480530059,0.49501216,2.5636516,3847
2581,0.001058686597196059,0.300451,0.7917706,1006
2582,0.0028908668812103124,0.32433152,0.8710482,2747
2583,0.002660397333709381,0.37568572,1.5036521,2528
2584,0.001015539330312323,3.0952256,16.713203,965
2585,0.0034096864561781624,0.40054786,1.3898414,3240
2586,0.003943239244228264,0.63075984,2.66171,3747
2587,0.01453747182272998,0.61162794,3.0935469,13814
2588,0.0036296322800489144,0.5065096,2.4177856,3449
2589,0.004524148788614173,0.61439776,2.4653811,4299
2590,0.0009450303819901203,0.50488734,2.7626956,898
2591,0.0021363158969264413,0.36845744,1.356101,2030
2592,0.0024172993178522345,0.82299477,3.7919452,2297
2593,0.0054249795313575395,0.40114203,1.5353596,5155
2594,0.00670361195242435,0.569319,2.1718566,6370
2595,0.00048514365935127556,0.402469,2.0676205,461
2596,0.0011207765666141182,0.51129764,2.3989663,1065
2597,0.007592866599174519,0.6336805,3.0453563,7215
2598,0.006582589130677286,0.48881355,2.2440336,6255
2599,0.0003714874441453368,0.50183386,2.3817832,353
2600,0.004811446443718074,0.873355,2.4438932,4572
2601,0.002168939440179998,0.49357295,1.6837424,2061
2602,0.005151362716972872,0.5793568,2.3707597,4895
2603,0.0011965473767514107,0.36755413,1.2177268,1137
2604,0.00021573633441868004,0.29429135,0.68364,205
2605,0.0001925841424322851,0.32235014,0.9272119,183
2606,0.0019395222650420844,0.8031658,2.5825727,1843
2607,0.002361523582612283,0.9157218,2.7134528,2244
2608,0.0008450550075034149,0.3128231,0.96781754,803
2609,0.004945097733821353,0.4642854,1.8974247,4699
2610,0.0007419225159276557,0.33814323,1.3771725,705
2611,0.016733772944348444,0.7515139,2.4932773,15901
2612,0.011415083021655718,0.46182433,1.6056408,10847
2613,0.00037569693359740865,0.37153268,2.4963882,357
2614,0.04188757716520352,1.2004887,2.5536065,39803
2615,0.0018100804643908764,0.5293637,1.917878,1720
2616,0.00051881957496785,0.35378447,0.966984,493
2617,0.016816910361026862,0.28900403,1.0277841,15980
2618,0.002532007905421191,0.4404244,1.4931719,2406
2619,0.004847227104060684,0.3264585,0.966803,4606
2620,0.0001620653439047645,0.9905945,3.0400813,154
2621,0.0009850205317848025,0.37268943,1.1905466,936
2622,0.0016185486943216091,0.33266127,1.1553665,1538
2623,0.003654889216761345,0.9465364,2.9386454,3473
2624,0.0018784846679870432,0.5117828,2.1363764,1785
2625,0.014382773085366342,0.3645442,1.4813893,13667
2626,0.0008397931456883251,0.33865607,1.0866553,798
2627,0.0010029108619561077,0.3820181,1.5969231,953
2628,0.0023636283273383188,0.40345687,1.3694786,2246
2629,0.002990842255697018,0.9382515,2.7172446,2842
2630,0.0006956181319548658,0.4437656,2.502548,661
2631,0.0015848727787050347,0.79540473,2.477737,1506
2632,0.002529903160695155,0.60047346,2.4172437,2404
2633,0.0452804256635734,0.40891203,1.7010348,43027
2634,0.0011965473767514107,0.4860417,1.6431705,1137
2635,0.0011723428124019977,0.35483146,1.5503173,1114
2636,0.0009124068387365639,0.37913397,1.1521374,867
2637,0.0018079757196648404,0.3789694,1.4525119,1718
2638,0.0001820604188021056,0.360263,1.1944693,173
2639,0.01853332968510914,0.37536785,1.7735044,17611
2640,0.0020047693515491973,0.8539881,3.0384235,1905
2641,0.005055596831938239,0.4448052,1.7759345,4804
2642,0.002186829770351303,0.36591816,1.5324461,2078
2643,0.0033560154656642467,0.29830486,0.91911376,3189
2644,0.024875977917018333,0.61721045,2.120317,23638
2645,0.004180023025907303,0.7149292,2.406907,3972
2646,0.002796153368538697,0.7759851,2.3813386,2657
2647,0.0021363158969264413,0.31536123,1.2515087,2030
2648,0.00367804140874774,0.53768724,2.5664394,3495
2649,0.001991088510829964,0.33588168,0.9628184,1892
2650,0.0026509259824422193,0.43528545,1.6519257,2519
2651,0.0010734198102783103,0.33190146,1.3944604,1020
2652,0.004514677437347011,0.45980173,1.8351964,4290
2653,0.00533237076341196,0.4847239,2.9332504,5067
2654,0.0001841651635281415,0.32562128,0.9331198,175
2655,0.006240568112696451,0.32544848,1.4889789,5930
2656,0.013778711348994038,0.29273644,1.0021577,13093
2657,0.0033181300605956005,0.42836016,1.4715366,3153
2658,0.003696984111282063,0.5074324,2.113915,3513
2659,0.004318936177825672,0.37575132,1.2449327,4104
2660,0.004504153713716832,0.63284487,2.8160036,4280
2661,0.007326616391330977,0.7758007,2.7112687,6962
2662,0.0017237859306234043,0.32456297,1.2096578,1638
2663,0.002575155172304927,0.7817103,2.1635778,2447
2664,0.0010892053957235798,0.4913591,1.5283892,1035
2665,0.0024499228611057906,0.7771554,2.8030636,2328
2666,0.0007387653988386019,0.49284026,2.173326,702
2667,0.0007198226963042787,0.33373675,1.2985432,684
2668,0.0006724659399684709,0.39736384,1.8455942,639
2669,0.006742549729856015,0.33008817,1.143141,6407
2670,0.0033286537842257802,0.9895245,3.119144,3163
2671,0.00125337548435438,0.4217091,2.133061,1191
2672,0.00411477593940019,0.39949247,1.4143513,3910
2673,0.0010902577680865977,0.44249585,1.88038,1036
2674,0.002593045502476232,0.7205361,2.7854612,2464
2675,0.00028940239982993665,0.44602618,2.9679441,275
2676,0.002120530311481172,0.3724003,1.5723825,2015
2677,0.002358366465523229,1.0006537,3.1627362,2241
2678,0.0033833771471027136,0.54711604,2.4825602,3215
2679,0.0010639484590111489,0.405786,1.4964247,1011
2680,0.0009808110423327307,0.44712323,1.4807138,932
2681,0.0011534001098676746,0.4068561,1.3148806,1096
2682,0.002819305560525092,0.3296903,0.9580519,2679
2683,0.0013596650930191932,0.3953056,1.5086578,1292
2684,0.00033675915616574446,0.30215386,1.0166726,320
2685,0.0012207519411008235,0.37669963,1.5230467,1160
2686,0.0011218289389771361,0.40947852,1.2142521,1066
2687,0.0009818634146957486,0.39913964,1.1839355,933
2688,0.001514363830382832,0.4710579,1.7984526,1439
2689,0.0010292201710315565,0.3824194,2.150038,978
2690,0.007205593569583913,0.6005047,1.8941512,6847
2691,0.003748550357069943,0.5011346,1.8360263,3562
2692,0.0019605697123024433,0.5290553,2.436929,1863
2693,0.0016059202259653938,0.5524167,2.0247347,1526
2694,0.0015511968630884604,0.43347865,1.6681564,1474
2695,0.005281856889987098,0.54419976,2.1394632,5019
2696,0.0012870513999709546,0.5938567,2.1623113,1223
2697,0.0019205795625077612,0.60212004,2.2072473,1825
2698,0.0005756476825708194,0.5095585,2.006396,547
2699,0.021556795484059716,0.31782863,2.171722,20484
2700,0.0006103759705504118,0.30939972,1.0121398,580
2701,0.005736481750810853,0.6385133,2.2103205,5451
2702,0.012694767815085547,0.5082857,2.143928,12063
2703,0.0007261369304823864,0.39607522,2.4287663,690
2704,0.004556772331867729,0.66920245,2.848138,4330
2705,0.023566826697424003,0.7616824,2.1806626,22394
2706,0.00041252996630303696,0.51998043,2.7274148,392
2707,0.0049008980945746,0.64687896,2.6735673,4657
2708,0.01193811208607564,0.35264966,0.9709523,11344
2709,0.001430174041341396,0.43797463,1.6291716,1359
2710,0.0011313002902442978,0.3507707,0.8986058,1075
2711,0.0052302906441992186,0.42497793,1.722324,4970
2712,0.0018311279116512353,0.45902976,1.9252204,1740
2713,0.018136585304251374,0.35732156,2.050093,17234
2714,0.0005167148302418141,0.3919389,1.2984295,491
2715,0.0006808849188726146,0.4663481,2.570582,647
2716,0.024978058036231075,0.7716478,2.4317353,23735
2717,0.00020205549369944667,0.3145764,0.9616377,192
2718,0.019663577602990423,0.86665595,3.370999,18685
2719,0.002164729950727926,0.4603366,1.5845965,2057
2720,0.0006787801741465786,0.644543,2.2203207,645
2721,0.0002294171751379134,0.49504966,1.5592841,218
2722,0.007565504917736053,0.29582962,1.1870264,7189
2723,0.0039021967220705636,0.4641388,1.9902492,3708
2724,0.029853699194093246,1.4226488,3.1640334,28368
2725,0.00024520276058318267,0.3312209,1.7721266,233
2726,0.0007755984315442302,0.3062624,0.7919751,737
2727,0.0007198226963042787,0.44259682,1.4046208,684
2728,0.0007934887617155353,0.47737384,1.6533381,754
2729,0.0014817402871292755,0.41603735,1.6211272,1408
2730,3.68330327056283e-05,0.2416122,0.41555348,35
2731,0.0019595173399394256,0.7207314,2.398727,1862
2732,0.005662815685399596,0.30195063,0.7683052,5381
2733,0.0053334231357749775,0.45379993,1.4632418,5068
2734,0.00013575603482931573,0.31559488,0.8770639,129
2735,0.0004672533291799704,0.41853288,1.4096701,444
2736,0.0012186471963747877,0.41504556,1.3666431,1158
2737,0.002094221002405723,0.8596817,2.850655,1990
2738,0.0009976490001410178,0.34158635,1.7843484,948
2739,0.001360717465382211,0.4781771,1.9256725,1293
2740,0.0023762567956945343,0.3740656,1.3192247,2258
2741,0.00046409621209091655,0.3247617,0.8919829,441
2742,0.004189494377174465,0.767586,2.172946,3981
2743,0.0059595846917706585,0.40340284,1.2398703,5663
2744,0.018799579892952684,0.35012835,1.647839,17864
2745,0.002166834695453962,0.41725114,1.6237122,2059
2746,0.007327668763693995,0.38363314,1.4068909,6963
2747,0.010116455525691567,0.36218217,1.3536682,9613
2748,0.0010523723630179514,0.53417563,1.9482396,1000
2749,0.0007282416752084224,0.4498736,1.2373396,692
2750,0.000627213928358699,0.4109118,2.1947465,596
2751,0.0005588097247625322,0.530381,2.3050063,531
2752,0.004047424108167041,0.6391715,2.532593,3846
2753,0.0023909900087767857,0.5448531,1.9075693,2272
2754,0.0030024183516902153,0.5490104,1.9088683,2853
2755,0.0047988179753618585,0.80797267,2.96845,4560
2756,0.0007419225159276557,0.30401552,1.1345346,705
2757,0.007940149478970444,0.43995553,1.8120198,7545
2758,0.0023962518705918753,0.6865726,2.9739287,2277
2759,0.001168133322949926,0.40783054,1.4326482,1110
2760,0.0005724905654817655,0.7701931,2.644935,544
2761,0.0010344820328466462,0.5372137,2.9305956,983
2762,0.007542352725749658,0.5883725,2.0032494,7167
2763,1.2628468356215417e-05,0.24308869,0.31038034,12
2764,9.471351267161562e-06,0.22632907,0.36354962,9
2765,0.0024267706691193957,0.5246146,2.5766454,2306
2766,0.003242359250458308,0.6873492,2.972121,3081
2767,0.000540919394591227,0.6010377,2.7599638,514
2768,0.0036391036313160757,0.854694,2.7023103,3458
2769,0.0013396700181218522,0.35715967,1.0447547,1273
2770,0.004301045847654368,0.62131757,3.0233479,4087
2771,0.000736660654112566,0.32299736,1.0513166,700
2772,0.0006535232374341478,0.44300115,1.6652573,621
2773,0.005802781209680983,0.5203863,1.8871709,5514
2774,0.02143051080049756,0.72260904,1.5189216,20364
2775,0.011343521700970497,0.7283117,3.2295954,10779
2776,0.005429189020809611,0.782383,3.2516506,5159
2777,0.0005756476825708194,0.41048795,2.16076,547
2778,0.0009376637754489947,0.31794924,0.8486002,891
2779,0.0014217550624372522,0.3605637,1.7220045,1351
2780,0.001278632421066811,0.39812487,1.7271888,1215
2781,0.024370839182769718,0.91113734,2.3105304,23158
2782,0.003610689577514591,0.3600996,1.0303603,3431
2783,0.0030266229160396283,0.65678626,2.5127516,2876
2784,0.0005703858207557296,0.30251712,1.1788793,542
2785,0.00414529473792771,0.31186253,1.1450715,3939
2786,0.0031665884403210155,0.36638713,1.1697578,3009
2787,0.001495421127848509,0.33224437,0.9313407,1421
2788,0.00151541620274585,0.30097347,0.97786516,1440
2789,0.0006819372912356325,0.51816887,2.3533704,648
2790,0.0030529322251150767,0.352158,1.2410737,2901
2791,0.007603390322804699,0.49708018,1.6038291,7225
2792,0.0029013906048404917,0.5843967,2.5118127,2757
2793,0.0005546002353104604,0.33914062,1.4531107,527
2794,0.0029824232767928743,0.6963202,2.012772,2834
2795,0.0017353620266166018,0.50229615,2.3344913,1649
2796,0.0014428025096976113,0.40037033,1.344836,1371
2797,0.0029761090426147665,0.29280978,0.77606285,2828
2798,0.006049036342627184,0.25826743,0.6997217,5748
2799,0.00190584634942551,0.9049381,2.6556861,1811
2800,0.0003609637205151573,0.3462656,1.647414,343
2801,0.0008576834758596304,0.4259205,1.8572996,815
2802,0.0014891068936704012,0.40361226,1.5184528,1415
2803,0.001577506172163909,0.43234468,1.3900748,1499
2804,0.003704350717823189,0.32189235,1.1272017,3520
2805,0.0014154408282591447,0.5242104,1.9055594,1345
2806,0.025646314486747476,0.3900989,1.2886152,24370
2807,0.002335214273536834,0.33249477,1.6047214,2219
2808,0.0013365129010327983,0.46051872,1.8783268,1270
2809,0.002573050427578891,0.33357006,1.1128945,2445
2810,0.010821545008913594,0.4189892,1.2922744,10283
2811,0.0005009292447965448,0.36357898,0.9164052,476
2812,0.006984595373350143,0.65706605,2.309675,6637
2813,0.002469917936003132,0.40210098,1.8551788,2347
2814,0.004429435275942558,0.60643303,2.3685596,4209
2815,0.04564033701172553,1.0577717,2.2757,43369
2816,0.0013954457533618034,0.32140785,1.0825667,1326
2817,0.00704773771513122,0.33414724,1.1291718,6697
2818,0.0007945411340785533,0.48784697,1.818637,755
2819,0.00013365129010327982,0.33469298,0.6332128,127
2820,0.0012691610697996493,0.32357442,0.9761398,1206
2821,0.004023219543817628,0.6912824,2.067382,3823
2822,0.0021573633441868004,0.34957695,1.8779652,2050
2823,0.0008924117638392227,0.33313558,0.81618565,848
2824,0.00879993769955611,0.64105105,2.1817694,8362
2825,0.0011733951847650158,0.31418043,0.97352445,1115
2826,0.0031444886206976387,0.58219916,2.26312,2988
2827,0.003610689577514591,0.37906668,1.4183366,3431
2828,0.001298627495964152,0.38324785,1.6708013,1234
2829,0.0021068494707619386,0.5843263,2.2381897,2002
2830,0.0020605450867891488,0.5461769,2.8381083,1958
2831,0.002986632766244946,0.526789,2.9383063,2838
2832,0.002916123817922743,0.32414126,1.0715324,2771
2833,0.008672600643630938,0.60045713,2.390191,8241
2834,0.007278207262632151,0.5602537,1.961289,6916
2835,0.002421508807304306,0.35677287,0.99660134,2301
2836,0.006520499161259226,0.6197231,2.303206,6196
2837,0.004352612093442247,0.5659168,2.145247,4136
2838,0.0009355590307229588,0.4368379,2.1250827,889
2839,0.002035288150076718,0.4535113,1.5103879,1934
2840,0.010123822132232693,0.83086675,2.5625033,9620
2841,0.0008850451572980971,0.35839015,1.8666168,841
2842,0.000951344616168228,0.33291507,1.7834704,904
2843,0.0014459596267866652,0.31877103,1.2462257,1374
2844,0.00020205549369944667,0.45231682,1.9464244,192
2845,0.01730626350983021,0.3682765,1.4336324,16445
2846,0.0005019816171595628,0.45464528,1.6964754,477
2847,0.00021784107914471593,0.25714177,0.49916464,207
2848,0.001147085875689567,0.52563435,1.8608459,1090
2849,0.0050387588741299515,0.37345892,1.7252578,4788
2850,0.00041673945575510874,0.6469573,2.0981212,396
2851,0.002014240702816359,0.48976687,2.3188968,1914
2852,0.003919034679878851,0.38787395,1.4367297,3724
2853,0.005116634428993279,0.6871463,2.4206023,4862
2854,0.000799802995893643,0.3341191,1.522754,760
2855,0.004358926327620354,0.5209417,1.934192,4142
2856,0.001559615841992604,0.39053917,1.354412,1482
2857,0.0004177918281181267,0.33240297,0.8689649,397
2858,0.0013344081563067623,0.43235773,1.901236,1268
2859,0.002289962261927062,0.39444232,1.6605115,2176
2860,0.003096079491998813,0.66998947,2.3392627,2942
2861,0.0014396453926085575,0.8926797,2.5336645,1368
2862,0.0278110444374754,0.7607108,3.0044487,26427
2863,0.001189180770210285,0.45222688,1.5830982,1130
2864,0.006270034538860954,0.5231667,2.0637531,5958
2865,0.0026509259824422193,0.3121129,0.9682267,2519
2866,0.000692461014865812,0.40296698,1.8374856,658
2867,0.0030329371502177357,0.39069688,1.3951813,2882
2868,0.003674884291658686,0.72893375,2.4975913,3492
2869,0.002300485985557242,0.76419735,2.669335,2186
2870,0.03751391762450091,0.63249004,3.6465073,35647
2871,0.0012681086974366314,0.3717462,1.4877125,1205
2872,0.00016417008863080042,0.25489566,0.5339555,156
2873,0.00899988844852952,0.7646633,2.4659498,8552
2874,0.0004946150106184371,0.34603474,1.0965486,470
2875,0.0033444393696710492,0.35831264,1.0730658,3178
2876,0.0014112313388070729,0.34044945,1.264572,1341
2877,0.0008776785507569714,0.46403515,3.397902,834
2878,0.0020205549369944668,0.38130096,1.2680371,1920
2879,0.02081592534049508,0.39964935,1.875366,19780
2880,0.0011439287586005131,0.34389412,1.2975847,1087
2881,0.000584066661474963,0.5785211,2.118451,555
2882,0.004067419183064382,0.9086969,2.8555315,3865
2883,0.001688005270280794,0.38614407,1.8564656,1604
2884,0.004168446929914105,0.42265648,1.740087,3961
2885,0.00510084884354801,0.51734096,2.0799775,4847
2886,0.0034749335426852756,0.46213186,1.718029,3302
2887,0.01887324595836394,0.35119116,1.5284871,17934
2888,0.0049303645207391025,0.7724172,2.8659534,4685
2889,0.005678601270844866,0.71401066,2.6476378,5396
2890,0.0015975012470612502,0.3702875,1.6581714,1518
2891,0.00032518306017254695,0.38869146,1.8972516,309
2892,0.0038685208064539894,0.68926513,2.6048043,3676
2893,0.008482121245924687,0.46175486,2.1450608,8060
2894,0.0009566064779833178,0.35600406,1.7525657,909
2895,0.004934574010191174,0.7003673,2.7770889,4689
2896,0.001559615841992604,0.6676508,2.478097,1482
2897,0.001209175845107626,0.2961785,1.0213177,1149
2898,0.00020942210024057231,0.3630973,1.9565164,199
2899,0.002533060277784209,0.86720395,2.5818124,2407
2900,0.0019142653283296535,0.6090122,2.373574,1819
2901,0.004599919598751465,0.45408058,1.918856,4371
2902,0.0020752782998714,0.40559372,1.2869091,1972
2903,0.0007050894832220274,0.48624623,2.0942945,670
2904,0.003460200329603024,0.65450746,2.350905,3288
2905,0.00019679363188435692,0.509942,3.0257685,187
2906,1.473321308225132e-05,0.25173557,0.38993245,14
2907,0.0017942948789456071,0.3902325,1.2933502,1705
2908,0.0015322541605541373,0.7550358,2.2907002,1456
2909,0.00044620588191961137,0.40984917,1.8994919,424
2910,0.0008545263587705765,0.39024487,1.5705304,812
2911,0.001128143173155244,0.3389234,1.159642,1072
2912,0.0006082712258243759,0.30024707,1.0814182,578
2913,0.000993439510688946,0.5631585,3.4346406,944
2914,0.04154871326431174,0.8086737,2.4887848,39481
2915,0.0008776785507569714,0.385296,1.0497099,834
2916,0.0024404515098386294,0.4912731,2.5349193,2319
2917,0.0007492891224687814,0.45937377,2.1468122,712
2918,0.0019426793821311383,0.35502705,0.86558557,1846
2919,0.003548599608096532,0.34469792,1.156383,3372
2920,0.0020931686300427054,0.5016153,2.2004075,1989
2921,0.004497839479538724,0.6912666,1.9590529,4274
2922,0.0005987998745572143,0.45540348,1.976272,569
2923,0.0022678624423036853,0.42551327,1.6942904,2155
2924,0.0028466672419635583,0.57390857,2.1070688,2705
2925,0.0013891315191836959,0.40742806,1.2024033,1320
2926,0.006358433817354462,0.34973952,1.1468978,6042
2927,2.946642616450264e-05,0.2223283,0.334423,28
2928,0.01800398638651111,0.9808847,2.4609873,17108
2929,0.0006030093640092861,0.35419178,1.4862956,573
2930,0.0032855065173420443,1.0412529,2.774451,3122
2931,0.0016574864717532735,0.32874256,1.4213167,1575
2932,0.0017848235276784455,0.40439418,1.6707582,1696
2933,0.0619005423927159,0.41930622,1.5017353,58820
2934,0.03927137947074089,0.4223946,1.6214116,37317
2935,0.0073634494240366055,0.63044655,2.5257714,6997
2936,0.0005146100855157783,0.41156632,1.6212219,489
2937,0.015203623528520343,0.3452451,1.0239894,14447
2938,0.0025467411185034422,0.29484585,0.9353875,2420
2939,0.0005809095443859092,0.3432365,1.0590389,552
2940,0.007922259148799137,0.5597733,2.08957,7528
2941,0.0003578066034261035,0.49786082,1.0783417,340
2942,0.00046409621209091655,0.20562452,0.5128688,441
2943,0.0010965720022647052,0.33923867,1.301796,1042
2944,0.002812991326346984,0.33703756,0.96819156,2673
2945,0.0005703858207557296,0.40856144,1.9732524,542
2946,0.002654083099531273,0.36361897,1.0397218,2522
2947,7.682318250031044e-05,0.24181092,0.5052312,73
2948,0.005297642475432367,0.52840877,1.9576638,5034
2949,0.0024741274254552036,0.5890759,2.691863,2351
2950,0.0020342357777137,0.32745022,1.1884423,1933
2951,0.005818566795126253,0.42233002,1.2742889,5529
2952,0.009351380817777515,0.32139033,0.96650577,8886
2953,0.005432346137898665,0.45384547,1.6152033,5162
2954,0.0009650254568874615,162.09935,391.75327,917
2955,0.005585992502899286,0.35023317,0.95031816,5308
2956,0.0016480151204861118,0.8880909,2.2567515,1566
2957,0.0018721704338089354,0.32284024,0.8880572,1779
2958,0.0018016614854867328,0.5419324,1.8075542,1712
2959,0.0007819126657223379,0.3667908,1.1967878,743
2960,0.0007177179515782428,0.34000888,1.0809057,682
2961,0.00046199146736488066,0.40692094,2.0194197,439
2962,0.0037117173243643143,0.6102589,2.5174675,3527
2963,0.005299747220158403,0.41479173,1.7901309,5036
2964,0.0019574125952133894,0.5588351,2.2908368,1860
2965,0.004034795639810826,0.5658926,2.52852,3834
2966,0.001384922029731624,0.39009643,0.98632574,1316
2967,0.0007198226963042787,0.3526449,1.0544873,684
2968,0.0020637022038782027,0.36588302,1.3722413,1961
2969,0.0021089542154879744,0.330866,0.9694525,2004
2970,0.005292380613617278,0.43008944,1.7311248,5029
2971,0.0005767000549338373,0.33834675,1.1354591,548
2972,0.0026288261628188425,0.3848005,1.2050025,2498
2973,0.001018696447401377,0.43927535,2.6220622,968
2974,0.003377062912924606,0.31038776,0.85846996,3209
2975,0.0004135823386660549,0.34612408,0.8116707,393
2976,0.0008671548271267919,0.376457,2.0958788,824
2977,9.576588503463358e-05,0.324847,0.7033929,91
2978,0.005194509983856608,0.49786234,1.8732506,4936
2979,0.001798504368397679,0.474619,2.2955434,1709
2980,0.003391796126006857,0.72110236,1.7269099,3223
2981,0.004308412454195493,0.46438253,2.192522,4094
2982,0.001122881311340154,0.45483753,1.679967,1067
2983,0.002163677578364908,0.55850935,1.9279157,2056
2984,0.002731958654394602,0.43349642,1.8545413,2596
2985,0.00036517320996722915,0.27709356,0.74609417,347
2986,0.004804079837176948,0.4693672,2.0480607,4565
2987,0.0011818141636691594,0.3614642,1.174068,1123
2988,0.001338617645758834,0.39726743,1.7729445,1272
2989,0.00041252996630303696,0.32585207,0.9946827,392
2990,0.006829896635986504,0.7113101,2.6533225,6490
2991,0.0007271893028454044,0.51062334,3.0778224,691
2992,0.0028698194339499532,0.33252084,1.384939,2727
2993,0.000497772127707491,0.40286422,1.8784432,473
2994,0.003553861469911622,0.6578093,2.0118103,3377
2995,0.001473321308225132,0.30880538,0.77210844,1400
2996,0.003044513246210933,0.45004767,1.5952106,2893
2997,0.002638297514086004,0.3338457,1.0095862,2507
2998,0.000976601552880659,0.42352283,1.724789,928
2999,0.0037369742610767454,0.6180256,2.4076405,3551
3000,0.0026709210573395608,0.47537586,1.5451908,2538
3001,0.0021057970983989205,1.0481957,3.2757676,2001
3002,0.0040274290332697,0.35473502,1.255857,3827
3003,0.000691408642502794,0.30886006,0.88629943,657
3004,0.001276527676340775,0.33189163,1.13221,1213
3005,0.00394008212713921,0.7408146,2.840618,3744
3006,0.0006261615559956811,0.416281,1.3725606,595
3007,0.0003714874441453368,0.33493978,0.9074734,353
3008,0.006421576159135539,0.71985525,2.5327024,6102
3009,0.002705649345319153,0.81231153,2.8925245,2571
3010,0.003499138107034688,0.39147106,1.4780363,3325
3011,0.001882694157439115,0.66652125,2.515754,1789
3012,0.0026593449613463633,0.35340306,1.4122535,2527
3013,0.0028003628579907685,0.53590935,2.492445,2661
3014,0.0034938762452195985,0.3726556,1.1570452,3320
3015,9.681825739765153e-05,0.2663678,0.5372246,92
3016,0.0009471351267161562,0.34187442,1.1974348,900
3017,7.156132068522069e-05,0.22073272,0.49864328,68
3018,0.0016196010666846272,0.50309455,1.7769742,1539
3019,0.0028077294645318944,0.42914256,1.3026289,2668
3020,0.013138868952279123,0.48860362,2.129517,12485
3021,0.0027824725278194633,0.5601804,2.5479755,2644
3022,0.00042515843465925235,0.35798717,2.4344149,404
3023,0.0029150714455597254,0.3133836,0.8434314,2770
3024,0.0031434362483346205,0.30768198,1.2189442,2987
3025,0.0025435840014143883,0.41110292,1.4954826,2417
3026,0.00020731735551453642,0.3938672,1.9352008,197
3027,0.0016522246099381836,0.39235237,1.6244053,1570
3028,1.578558544526927e-05,0.26983202,0.5885862,15
3029,0.0013796601679165342,0.45044258,1.2501354,1311
3030,0.0025688409381268195,0.44991583,1.7302513,2441
3031,0.00121233296219668,0.5354578,2.183031,1152
3032,0.0006987752490439197,0.29416344,0.81320244,664
3033,0.0015164685751088678,0.3836068,1.3480285,1441
3034,0.002892971625936348,0.51786834,1.922485,2749
3035,0.002785629644908517,0.8265356,2.2966115,2647
3036,0.0041210901735782976,0.5567743,1.9920363,3916
3037,0.003269720931896775,0.31168392,0.8654485,3107
3038,0.0026298785351818606,0.3332463,1.4728019,2499
3039,0.00531658517796669,0.5340323,2.7000413,5052
3040,0.0004935626382554192,0.38580436,1.3441375,469
3041,4.209489452071806e-05,0.27340803,0.44958726,40
3042,0.0030055754687792692,0.7208986,2.930708,2856
3043,0.0035854326408021604,0.81469417,2.6022954,3407
3044,0.0013922886362727498,0.43630028,1.9489796,1323
3045,0.0007398177712016199,0.39327154,1.9207461,703
3046,0.0001104990981168849,0.4239523,1.6942968,105
3047,0.005585992502899286,0.7801108,2.481546,5308
3048,0.0005998522469202323,0.35258242,1.1368601,570
3049,0.0010450057564768257,0.37486145,1.4070742,993
3050,0.0029697948084366588,0.42569843,1.529055,2822
3051,0.0014143884558961266,0.32088828,0.88097394,1344
3052,0.0007955935064415712,0.5923319,2.2762396,756
3053,0.005916437424886923,0.58251673,2.0610483,5622
3054,0.015078391217321208,0.3327511,1.1250917,14328
3055,0.00402216717145461,0.41471374,1.9830569,3822
3056,0.00020205549369944667,0.32644,1.3491311,192
3057,0.00541445580772736,0.5767927,2.0787795,5145
3058,0.0008292694220581457,0.6686586,2.062691,788
3059,0.0018563848483636662,0.37617156,1.1477396,1764
3060,0.0011660285782238902,0.36489916,1.3862059,1108
3061,0.0025888360130241605,0.29699644,1.1294925,2460
3062,0.0001820604188021056,0.26922807,0.60993797,173
3063,0.007727570261640817,0.34846756,1.0973942,7343
3064,0.01202019713039104,0.28356874,1.1289403,11422
3065,0.0007871745275374277,0.3059337,0.96029896,748
3066,0.0014848974042183294,0.5420667,2.2017403,1411
3067,0.0017385191437056557,0.3496165,1.1926384,1652
3068,0.002104744726035903,0.32162797,0.9091359,2000
3069,0.0016322295350408426,0.47558653,1.8282346,1551
3070,0.005060858693753328,0.9502686,3.0687232,4809
3071,0.0018921655087062767,0.6570828,2.1426058,1798
3072,0.002492017755626509,0.36237797,2.0110536,2368
3073,0.001148138248052585,0.3154189,0.98173165,1091
3074,0.002102639981309867,0.42612273,1.8315773,1998
3075,0.008722062144692781,0.6327712,2.570371,8288
3076,0.0002694073249325955,0.2932883,0.8698772,256
3077,0.005997470096839305,0.49893084,1.9818969,5699
3078,0.0017016861110000273,0.2951338,0.88281953,1617
3079,0.0018227089327470917,0.37624028,1.1160687,1732
3080,0.009167215654249375,0.50881886,2.084908,8711
3081,0.0015059448514786885,0.3431207,1.3611776,1431
3082,0.002922438052100851,0.58338654,2.1473281,2777
3083,0.0039453439889543,1.3342482,2.787587,3749
3084,0.0014091265940810369,0.32751787,0.9456793,1339
3085,0.0002988737510970982,0.532305,2.513273,284
3086,0.0006324757901737888,0.30905756,0.8804957,601
3087,0.0008587358482226483,0.39899936,1.6322832,816
3088,0.0061511164618399256,0.43168882,1.6202958,5845
3089,0.0036201609287817528,0.9280224,3.2061536,3440
3090,0.006279505890128116,0.5414256,1.9349096,5967
3091,0.0003788540506864625,0.6045312,3.1698153,360
3092,0.0008976736256543125,0.31012455,0.7913085,853
3093,0.0008755738060309355,0.3795579,1.2656225,832
3094,0.003815902188303092,0.34152725,1.1259773,3626
3095,0.0007187703239412608,0.37057877,1.143001,683
3096,0.0020858020235015795,0.38784316,1.0997401,1982
3097,0.003202369100663626,0.4820925,1.5196538,3043
3098,0.00021363158969264412,0.42994633,1.8753678,203
3099,0.009712344538292674,0.46894115,1.9165556,9229
3100,0.001077629299730382,0.37258592,1.2059424,1024
3101,0.001338617645758834,0.3225482,1.2239699,1272
3102,0.001837442145829343,0.3014637,0.86775064,1746
3103,0.0008145362089758944,0.33600372,0.9537461,774
3104,0.004379973774880714,0.5500328,2.358833,4162
3105,7.36660654112566e-06,0.25423613,0.42283508,7
3106,0.0017606189633290327,0.4152305,1.7455599,1673
3107,0.000194688887158321,0.27557415,0.52189344,185
3108,0.003434943392890593,0.34289753,1.2354143,3264
3109,0.0025983073642913217,0.35864836,1.2853519,2469
3110,0.002472022680729168,0.39505336,1.5522956,2349
3111,0.001753252356787907,0.3474731,1.318134,1666
3112,0.012587425834057716,0.48721734,2.2282355,11961
3113,0.0014964735002115268,0.4715189,1.6366376,1422
3114,0.00882519463626854,0.62119573,3.2382445,8386
3115,0.012484293342481956,0.37067142,1.9364585,11863
3116,0.0004988245000705089,0.51577026,2.2716098,474
3117,0.007046685342768202,0.49716103,1.8179373,6696
3118,0.0012386422712721288,0.39074156,1.2457457,1177
3119,0.002684601898058794,0.87806624,3.5517802,2551
3120,0.000670361195242435,0.4272889,1.5262856,637
3121,0.003908510956248671,0.40733823,1.4076568,3714
3122,0.0027098588347712247,0.5706739,2.1853485,2575
3123,0.0016322295350408426,0.7798343,3.012904,1551
3124,0.0007934887617155353,0.46964422,1.6290015,754
3125,0.012611630398407129,0.35377705,1.0839132,11984
3126,0.0021731489296320694,0.79701835,2.4032154,2065
3127,0.002119477939118154,0.88017964,2.6029706,2014
3128,0.005698596345742207,1.1156285,2.9746037,5415
3129,0.0015943441299721963,0.46981093,1.8312528,1515
3130,0.004050581225256095,0.3510796,1.5960369,3849
3131,0.0015259399263760295,0.38482273,1.4470992,1450
3132,0.0003851682848645702,0.4464637,0.9715484,366
3133,0.0020963257471317592,0.34367794,1.0429251,1992
3134,0.008831508870446647,0.5062177,2.292563,8392
3135,0.0007166655792152248,0.38660374,0.9794897,681
3136,0.002202615355796572,0.38569096,1.6788353,2093
3137,0.02990737018460716,0.5761786,2.0203784,28419
3138,0.0006103759705504118,0.35748717,1.3874165,580
3139,0.0022373436437761645,0.47140598,1.588424,2126
3140,0.0007461320053797275,0.31664732,0.91174996,709
3141,0.0010681579484632206,0.4100629,2.255573,1015
3142,0.000800855368256661,0.3121978,1.0857848,761
3143,0.02023922528556124,0.64484024,3.3676336,19232
3144,0.007290835730988367,0.5748255,2.4155414,6928
3145,0.00046620095681695244,0.5239033,3.0033412,443
3146,0.000496719755344473,0.32361618,1.735326,472
3147,0.003102393726176921,0.5629704,1.9066385,2948
3148,0.001190233142573303,0.46236667,2.4305525,1131
3149,0.00023467903695300316,0.25719276,0.936859,223
3150,0.004358926327620354,0.82132155,2.3103468,4142
3151,0.0006366852796258606,0.4468344,2.130375,605
3152,0.0006093235981873939,0.3285936,1.3104233,579
3153,0.0023320571564477803,0.5214899,2.4526188,2216
3154,0.0017174716964452965,0.32672322,1.4033238,1632
3155,0.0067057166971503865,0.8420549,3.2783904,6372
3156,0.007224536272118236,0.4482395,1.8105785,6865
3157,0.0013249368050396008,0.35861337,1.2826462,1259
3158,0.006152168834202944,0.455855,1.7729541,5846
3159,0.004354716838168283,0.595444,2.4325697,4138
3160,0.0017637760804180866,0.6339409,2.0483286,1676
3161,0.002877186040491079,0.34115005,0.9705151,2734
3162,0.003788540506864625,0.7925479,3.3420963,3600
3163,0.0038432638697415583,0.3876426,1.2925105,3652
3164,0.0017006337386370094,0.44081455,1.761597,1616
3165,0.0027845772725454995,1.1138238,2.7315753,2646
3166,0.0036664653127545426,0.9031796,2.6430438,3484
3167,0.007528671885030424,0.55434096,2.8959188,7154
3168,0.0008134838366128765,0.30795354,1.0917003,773
3169,0.0008187456984279661,0.35429725,1.1822542,778
3170,0.00047251519099506017,0.3583556,0.9765392,449
3171,0.0005419717669542449,0.42902482,1.7648613,515
3172,0.0045757150344020526,0.44560817,2.8730428,4348
3173,0.0399754165815999,1.0409728,2.443774,37986
3174,0.0014827926594922934,0.44150975,1.371515,1409
3175,0.0005261861815089757,0.34266812,1.2311419,500
3176,0.0019163700730556895,0.39903894,1.6036992,1821
3177,0.002273124304118775,0.41613477,1.493634,2160
3178,0.004396811732689001,0.38093323,1.238924,4178
3179,0.009859676669115186,0.46644828,1.8250588,9369
3180,0.05099480759476087,1.1944326,3.4711816,48457
3181,0.006132173759305602,0.37497023,1.5119948,5827
3182,0.007090884982014956,0.4133925,1.1998678,6738
3183,0.009224043761852345,0.4756323,1.9124923,8765
3184,0.004556772331867729,0.7325777,3.2816436,4330
3185,0.03231730289591827,0.60019183,2.1909523,30709
3186,0.004103199843406993,0.45736563,1.860154,3899
3187,0.0014975258725745447,0.35923555,1.0188727,1423
3188,0.001839546890555379,0.3358323,1.0512319,1748
3189,0.005350261093583265,0.3718438,1.3484999,5084
3190,0.004405230711593144,0.39081365,1.7500775,4186
3191,0.003308658709328439,1.1878603,2.3783686,3144
3192,0.0023625759549753007,0.9403338,2.5548203,2245
3193,0.018609100495246434,0.48657796,2.4741051,17683
3194,0.0033297061565887983,0.4775612,1.7667625,3164
3195,0.002188934515077339,0.58557737,2.6622522,2080
3196,0.004744094612484925,0.47878766,2.5080335,4508
3197,0.001492264010759455,0.5416893,1.8809408,1418
3198,0.0005935380127421245,0.4282879,1.8076478,564
3199,0.0010555294801070053,0.41220418,1.5219632,1003
3200,0.0016764291742875966,0.4520773,2.2908888,1593
3201,0.0003199211983574572,0.48116484,1.8498871,304
3202,0.0062258348996142,0.37783587,1.4480449,5916
3203,0.0023446856248039954,0.58842605,2.470866,2228
3204,0.0012186471963747877,0.34706485,1.9502387,1158
3205,0.0012049663556555543,0.38713405,1.8027971,1145
3206,1.7890330171305172e-05,0.28334293,0.4290761,17
3207,0.00112498605606619,0.3607211,1.3518469,1069
3208,0.0025825217788460527,0.3071807,1.3377154,2454
3209,0.005965898925948766,0.62696934,2.2927084,5669
3210,0.0024783369149072756,0.72129077,2.2948382,2355
3211,0.0029971564898751257,0.2977124,2.7188067,2848
3212,0.0037106649520012966,0.798792,2.613565,3526
3213,0.00040095387030983945,0.33410802,1.6562052,381
3214,0.0019510983610352818,0.36184463,1.0625154,1854
3215,0.002750901356928925,0.66360307,3.2310066,2614
3216,0.00046620095681695244,0.557257,2.1890812,443
3217,0.011524529747409586,0.25348908,0.6462757,10951
3218,9.471351267161562e-06,0.28264132,0.47266227,9
3219,0.0036033229709734656,0.3397043,1.1508836,3424
3220,0.0031644836955949797,0.66564345,2.4111319,3007
3221,0.0009355590307229588,0.5262408,1.850967,889
3222,9.787062976066947e-05,0.29646343,0.7216128,93
3223,0.003078189161827508,0.7251626,2.3720717,2925
3224,0.0015091019685677422,0.37150422,1.6019509,1434
3225,0.0014428025096976113,0.5410074,2.190159,1371
3226,0.0005167148302418141,0.39684218,1.5689038,491
3227,0.006101654960778082,0.33713725,1.4536055,5798
3228,0.0016743244295615606,0.6369439,2.408116,1591
3229,0.0003820111677755163,0.312806,0.9860663,363
3230,0.0021573633441868004,0.34734994,1.1058652,2050
3231,0.0025183270647019577,0.3505122,1.03642,2393
3232,0.05640084442358408,0.8331502,2.8843668,53594
3233,0.0010302725433945744,0.33833724,0.94133943,979
3234,0.003577013661898017,0.5628626,2.2936792,3399
3235,0.0005798571720228912,0.32666755,0.96446705,551
3236,0.0008829404125720612,0.32795608,1.4959085,839
3237,0.0035075570859388317,0.40331995,1.5384176,3333
3238,0.0018132375814799303,0.7368496,2.923626,1723
3239,0.0013733459337384266,0.62923473,1.9164007,1305
3240,0.007643380472599381,0.2842463,1.1157914,7263
3241,0.0008355836562362534,0.44627896,1.9345022,794
3242,0.0015859251510680528,0.34877002,1.1949527,1507
3243,0.000539867022228209,0.41363114,1.1637459,513
3244,0.005582835385810232,0.4547757,1.5980244,5305
3245,0.014392244436633502,0.65555733,1.8812429,13676
3246,0.0006345805348998247,0.32493326,1.1248845,603
3247,0.000737713026475584,0.329463,0.9699647,701
3248,0.003759074080700122,0.41982228,1.7594796,3572
3249,0.008612615418938914,0.36034012,1.0377903,8184
3250,0.001884798902165151,0.92203057,2.6409004,1791
3251,0.0004988245000705089,0.32202023,0.9612098,474
3252,0.001058686597196059,0.6192189,2.4199026,1006
3253,0.004697790228512135,0.8054921,2.5192904,4464
3254,0.0007945411340785533,0.3532878,1.5049406,755
3255,0.000432525041200378,0.3106674,0.8961539,411
3256,0.0031508028548757464,0.6682117,2.3213117,2994
3257,0.0042757889109419365,0.9475882,2.3507538,4063
3258,0.003458095584876988,0.5725247,1.9773982,3286
3259,0.0005588097247625322,0.3286007,1.2893243,531
3260,0.007293992848077421,0.57639563,1.9440618,6931
3261,0.004852488965875774,0.34791115,2.6463118,4611
3262,0.0048872172538553665,0.34141564,1.1651419,4644
3263,0.0011534001098676746,0.30940533,1.3373376,1096
3264,0.0024793892872702933,0.39743155,1.3160807,2356
3265,0.015953965023352144,0.57294184,2.262498,15160
3266,0.0029340141480940483,0.4988555,2.0516481,2788
3267,0.004685161760155919,0.66122955,2.1410635,4452
3268,0.0008166409537019302,0.29369876,0.76210994,776
3269,0.0016174963219585912,0.44842097,1.4960015,1537
3270,0.0029150714455597254,0.38466418,1.2140985,2770
3271,0.001232328037094021,0.41917682,2.434411,1171
3272,0.00020416023842548256,0.25915852,0.7973295,194
3273,0.0008850451572980971,0.38489512,1.4748671,841
3274,0.0020416023842548254,0.48307237,2.1745849,1940
3275,0.0001210228217470644,0.3243995,0.8133045,115
3276,0.003889568253714348,0.61528105,2.1530333,3696
3277,0.0023467903695300316,0.66045684,2.0912275,2230
3278,0.0014491167438757191,0.34968126,1.1038892,1377
3279,0.002272071931755757,0.5702616,2.0780375,2159
3280,0.0013375652733958162,0.5627817,2.4396265,1271
3281,0.00536815142375457,0.43742046,1.7915221,5101
3282,0.0003051879852752059,0.54338026,2.777653,290
3283,0.0004609390950018627,0.3509718,1.477062,438
3284,0.006239515740333434,0.40395796,1.9382538,5929
3285,0.0011512953651416388,0.37006125,1.281803,1094
3286,0.00519345761149359,0.5221956,1.8810604,4935
3287,0.00563545400396113,0.52525306,1.8662107,5355
3288,0.0008282170496951277,0.35786855,1.6173862,787
3289,0.0016911623873698477,0.35476983,1.2036352,1607
3290,0.003068717810560346,0.37549162,1.0874869,2916
3291,0.027362733810829754,1.1948037,2.4155695,26001
3292,0.003960077202036551,0.7786933,2.3254435,3763
3293,0.001279684793429829,0.3782678,1.0420843,1216
3294,0.001990036138466946,0.50598365,2.6682122,1891
3295,0.0007261369304823864,1.3257273,3.2877748,690
3296,0.0010755245550043463,0.37181044,1.2393949,1022
3297,0.0005293432985980295,0.379099,1.9203808,503
3298,0.002657240216620327,0.55037224,1.8210094,2525
3299,0.012586373461694698,0.34863293,1.0043699,11960
3300,0.0013175701984984751,0.35768902,1.9576397,1252
3301,0.0015732966827118372,0.5082518,2.5618212,1495
3302,0.0013459842522999597,0.36070052,1.4348317,1279
3303,0.012531650098817765,0.32320857,1.1169401,11908
3304,0.003013994447683413,0.7391265,2.47888,2864
3305,0.0007261369304823864,0.45845845,1.9099736,690
3306,0.003922191796967905,1.2607293,3.330598,3727
3307,0.0013870267744576599,0.3872834,1.3178693,1318
3308,0.00026098834602845196,0.3289246,0.813204,248
3309,0.0012386422712721288,0.64733344,2.8768992,1177
3310,0.00047777705281014995,0.3366211,1.2336583,454
3311,0.002272071931755757,0.43576282,1.5717262,2159
3312,0.0006303710454477529,0.33491844,0.84307116,599
3313,0.0028877097641212585,0.36143243,1.2947569,2744
3314,0.0018732228061719535,0.37827358,1.344874,1780
3315,0.0031971072388485362,0.50790733,1.6110992,3038
3316,0.0035559662146376577,0.39883706,1.2625679,3379
3317,0.003809587954124984,0.4690157,1.5021815,3620
3318,0.006521551533622245,0.5785706,2.551313,6197
3319,0.0034980857346716705,0.3684941,0.8114773,3324
3320,0.0014817402871292755,0.6657309,2.418933,1408
3321,0.0020900115129536515,0.29506153,0.8014811,1986
3322,0.015758223763830802,0.48819482,1.7267673,14974
3323,0.0015680348208967475,0.40543136,1.4567469,1490
3324,0.0019395222650420844,0.59326273,2.068069,1843
3325,0.0005767000549338373,0.3350152,1.4240491,548
3326,0.000973444435791605,0.42863908,1.864579,925
3327,0.0015101543409307603,0.40843827,1.4884807,1435
3328,0.0010702626931892566,0.3150936,0.80670184,1017
3329,0.0027940486238126607,0.6986834,2.4669359,2655
3330,0.0018069233473018225,0.3333294,1.0819894,1717
3331,0.012597949557687897,0.54529124,2.1677434,11971
3332,0.005248180974370523,0.4148563,1.5846627,4987
3333,0.00753603849157155,0.69853354,2.522567,7161
3334,0.0007534986119208532,0.44631767,1.8320091,716
3335,0.0009850205317848025,0.35526183,0.8297394,936
3336,0.0011102528429839387,0.74317414,3.1515694,1055
3337,0.002556212469770604,0.5258378,4.0006957,2429
3338,0.0004567296055497909,0.45622864,2.6587732,434
3339,0.0010018584895930896,0.42302614,1.392758,952
3340,0.00040411098739889334,0.32587403,0.696106,384
3341,0.0031928977493964643,0.5250109,1.848643,3034
3342,0.004290522124024187,0.6758747,2.937462,4077
3343,0.0018121852091169122,0.34120038,1.1724465,1722
3344,0.020561251228644734,0.40868357,1.5147636,19538
3345,0.0015459350012733705,0.32238203,0.9328606,1469
3346,0.006078502768791687,0.4922024,1.706996,5776
3347,0.0017385191437056557,0.32871842,1.368016,1652
3348,0.004650433472176327,0.5182559,3.0276847,4419
3349,0.00011997044938404646,0.29574734,0.66497976,114
3350,0.0012891561446969904,0.33834887,1.3692411,1225
3351,0.00420212284553068,0.36435202,1.187588,3993
3352,0.0037474979847069247,0.67227596,2.7847362,3561
3353,0.0008966212532912945,0.3624049,0.9018418,852
3354,0.0012607420908955058,0.49475703,2.2321944,1198
3355,0.002960323457169497,0.7352623,2.3892374,2813
3356,0.0005240814367829398,0.4276992,1.8740243,498
3357,0.0023089049644613854,0.34417167,1.1783897,2194
3358,0.0007924363893525173,0.45788884,2.243305,753
3359,0.0023320571564477803,1.0196654,2.8862345,2216
3360,0.00224997211213238,0.32605875,0.901021,2138
3361,0.002701439855867081,1.063513,2.800924,2567
3362,0.0028877097641212585,0.48568943,1.5687426,2744
3363,0.0077780841350656785,0.53117883,1.9944433,7391
3364,3.5780660342610345e-05,0.32455754,0.49359652,34
3365,0.00045988672263884477,0.5282448,1.904435,437
3366,0.012831576222277881,0.48612273,2.3895,12193
3367,0.003971653298029749,0.36883187,1.3041768,3774
3368,0.0015101543409307603,1.1010528,2.949028,1435
3369,0.0034338910205275754,1.0331585,2.9240031,3263
3370,0.0019090034665145638,0.4123449,1.6895531,1814
3371,0.006540494236156567,0.4654089,2.2669284,6215
3372,0.0015417255118212988,0.40560964,1.8503057,1465
3373,0.013327243605259336,0.303455,0.87350184,12664
3374,0.0011144623324360105,0.31674552,1.6365615,1059
3375,0.010539509215624783,0.44497627,1.501508,10015
3376,0.002253129229221434,0.34474775,1.0925887,2141
3377,0.0007661270802770686,0.38280243,1.6614072,728
3378,0.0024067755942220547,0.35674635,1.4047037,2287
3379,0.06371588471892187,0.9872988,2.9878926,60545
3380,0.0005451288840432988,0.5765401,2.378737,518
3381,0.0025235889265170473,0.3769616,1.9106069,2398
3382,0.0037317123992616557,0.475666,1.8387728,3546
3383,0.00046620095681695244,0.29926386,0.74594605,443
3384,0.0014007076151768933,0.36070442,1.6951706,1331
3385,0.006695192973520206,0.53072155,2.0782964,6362
3386,0.0034917715004935627,0.5134134,2.2066169,3318
3387,0.0004714628186320422,0.49105087,2.4747005,448
3388,0.017591456420208075,0.7914316,2.4145362,16716
3389,0.0028108865816209483,0.5320244,2.2112162,2671
3390,0.005805938326770037,0.468252,3.0196025,5517
3391,0.0016132868325065195,0.4488948,1.7061514,1533
3392,0.0056649204301256325,0.47068092,1.7626805,5383
3393,0.002620407183914699,0.45492354,1.6973915,2490
3394,0.0015953965023352142,0.35596183,1.1141566,1516
3395,0.0012912608894230264,0.28372535,0.69166315,1227
3396,0.00029361188928200843,0.41580603,1.1985954,279
3397,0.0003851682848645702,0.5923331,1.7930571,366
3398,0.0028982334877514383,0.32555392,0.9254358,2754
3399,0.0008997783703803484,0.40512872,1.5801138,855
3400,0.001408074221718019,0.3194233,1.149895,1338
3401,0.004991402117794143,0.36216924,1.2276164,4743
3402,0.0007534986119208532,0.3045403,0.75631726,716
3403,0.0006819372912356325,0.30484107,1.0508208,648
3404,0.001646962748123094,0.6962681,2.369999,1565
3405,0.005392355988103983,0.8670085,2.7275474,5124
3406,0.008704171814521476,0.36805275,1.1787997,8271
3407,0.000973444435791605,0.37390655,1.4345412,925
3408,0.0026488212377161835,0.6832192,2.3488379,2517
3409,0.009391370967572197,1.1199934,2.142558,8924
3410,0.0038232687948442172,0.36747652,1.3798937,3633
3411,0.0009692349463395332,0.3065821,0.8265701,921
3412,0.0009366114030859768,0.39158222,2.0770123,890
3413,0.0005104005960637064,0.38816276,1.4739425,485
3414,0.0012870513999709546,0.39011273,1.61339,1223
3415,0.0002788786761997571,0.3044305,1.0187765,265
3416,0.0007050894832220274,0.45652103,2.7772655,670
3417,0.005633349259235094,0.41191188,1.405717,5353
3418,0.04017957682002538,0.5927441,2.770335,38180
3419,0.001907951094151546,0.39504975,1.5520117,1813
3420,0.0029276999139159405,0.77248824,2.526379,2782
3421,0.0014848974042183294,0.45648104,1.6982888,1411
3422,0.0014017599875399112,0.40247506,1.3434564,1332
3423,0.0019132129559666356,0.68586946,2.5758986,1818
3424,0.0022878575172010263,0.40443578,1.6003991,2174
3425,0.0001104990981168849,0.31117123,0.8891538,105
3426,0.0011365621520593875,0.52175355,2.8933249,1080
3427,3.051879852752059e-05,0.32370058,0.5445596,29
3428,0.0020237120540835206,0.7807119,2.6476705,1923
3429,0.011328788487888247,0.4144892,1.4249574,10765
3430,0.002654083099531273,0.4000681,1.6691077,2522
3431,0.004367345306524498,0.44049427,1.5484601,4150
3432,0.0009450303819901203,0.37166655,1.0732734,898
3433,0.0038001166028578223,0.58590394,2.049859,3611
3434,0.004285260262209098,0.5481276,2.0474172,4072
3435,0.01841125449099906,0.42548627,2.2225647,17495
3436,0.0009913347659629103,0.38907668,1.2676967,942
3437,0.007033004502048969,0.6488789,2.5112603,6683
3438,0.00702248077841879,0.43773666,1.5037315,6673
3439,0.005560735566186855,0.5726419,2.4407146,5284
3440,0.012259085656796115,0.60469025,1.5529354,11649
3441,0.0028666623168608994,0.686742,2.6490238,2724
3442,0.0019374175203160484,0.41479743,1.6137185,1841
3443,0.0017069479728151172,0.47898993,1.6032066,1622
3444,0.0013291462944916726,0.35276845,1.5982836,1263
3445,0.002577259917030963,0.6797546,2.6252327,2449
3446,0.00047988179753618584,0.5920686,3.2006743,456
3447,0.000973444435791605,0.43364978,1.7756379,925
3448,0.0005272385538719936,0.34587818,1.3147014,501
3449,0.002769844059463248,0.7224346,2.9010766,2632
3450,0.0026256690457297886,0.4038494,1.9263186,2495
3451,0.00550180271385785,0.88951296,3.019681,5228
3452,0.0013512461141150496,0.5590794,1.7355156,1284
3453,0.006500504086361885,0.62309945,2.4152007,6177
3454,6.208996941805913e-05,0.259605,0.60933816,59
3455,0.004560981821319802,0.5988086,2.1370254,4334
3456,0.0007250845581193685,0.5306126,1.7392629,689
3457,0.0072803120073581876,0.5641088,2.1176853,6918
3458,0.0017258906753494403,0.31896567,0.99682766,1640
3459,0.0018584895930897022,0.38407654,1.9277885,1766
3460,0.0008755738060309355,0.39638126,1.56089,832
3461,0.004835651008067487,0.5425372,2.4724417,4595
3462,0.0014017599875399112,0.40511167,1.7582539,1332
3463,0.00027151206965863147,0.42896655,2.0004597,258
3464,0.0010208011921274127,0.34805524,1.1759665,970
3465,0.0003483352521589419,0.2484125,0.7270436,331
3466,0.0016069725983284117,0.48272744,2.2160625,1527
3467,0.0011944426320253747,0.34361503,0.9540417,1135
3468,0.0018353374011033073,0.58758426,2.781285,1744
3469,0.003225521292650021,0.65934795,2.0466187,3065
3470,0.0013059941025052777,0.5550639,2.3373115,1241
3471,0.0010723674379152924,0.35557765,0.94153416,1019
3472,0.0022920670066530983,0.94848734,2.5869694,2178
3473,0.00190584634942551,0.376262,1.4547279,1811
3474,0.0007313987922974762,0.5383658,2.5343807,695
3475,0.0026351403969969503,0.35109454,1.5591301,2504
3476,0.005685967877385991,0.654084,2.7230906,5403
3477,0.00048198654226222173,0.5376127,2.9859273,458
3478,0.0007450796330167095,0.3202539,1.1194315,708
3479,0.0020195025646314486,0.50249875,1.7106231,1919
3480,0.002751953729291943,0.7364215,2.590139,2615
3481,0.002422561179667324,0.5794833,2.7493467,2302
3482,0.0004872484040773115,0.44318926,1.6366713,463
3483,0.0020826449064125256,0.290945,0.9647324,1979
3484,0.002274176676481793,0.4416988,2.2062721,2161
3485,0.001425964551889324,0.33288273,1.1316466,1355
3486,0.004311569571284547,0.5567227,1.9823284,4097
3487,0.0003788540506864625,0.47382984,1.4908617,360
3488,0.002355209348434175,0.31728736,1.5790986,2238
3489,0.0007398177712016199,0.49596426,2.5152817,703
3490,0.00579436223077684,0.38756013,1.0812635,5506
3491,0.01878484667987043,0.24753305,0.6727023,17850
3492,0.0019037416046994741,0.3471122,1.1680245,1809
3493,0.0014554309780538267,0.5624651,2.6716423,1383
3494,0.0015312017881911192,0.53509486,2.2056284,1455
3495,0.018902712384528442,0.4514364,1.7198083,17962
3496,0.0034707240532332036,0.4966287,1.8285099,3298
3497,0.00924614358147572,0.4048624,1.5750229,8786
3498,0.0011733951847650158,0.41975677,1.7503932,1115
3499,0.0015764537998008911,0.3622169,1.2752988,1498
3500,0.001128143173155244,0.36107683,1.126567,1072
3501,0.003008732585868323,0.37520358,1.1942482,2859
3502,0.0028813955299431507,0.43723223,1.5461286,2738
3503,0.0058596093172839534,0.51760185,1.880516,5568
3504,0.001709052717541153,0.45638803,1.6418684,1624
3505,0.002751953729291943,0.70424414,2.486485,2615
3506,0.001453326233327791,0.4035871,1.8805671,1381
3507,0.0011491906204156028,0.38032308,1.1931401,1092
3508,0.001425964551889324,0.45940417,1.4376504,1355
3509,0.0013743983061014445,0.46857232,1.815988,1306
3510,0.0006966705043178838,0.32890135,0.98200107,662
3511,0.0013501937417520315,0.32051304,0.8845645,1283
3512,0.0004156870833920908,0.4793564,4.155299,395
3513,0.0005714381931187476,1.125733,3.0683172,543
3514,0.0005146100855157783,0.8955982,1.7298163,489
3515,0.003956920084947497,0.46145815,2.2251484,3760
3516,0.00250675096870876,0.41042906,1.6812925,2382
3517,0.0016848481531917402,0.6053918,2.6184547,1601
3518,0.0011628714611348363,0.44779128,1.7502182,1105
3519,0.0013344081563067623,0.30431056,0.87939805,1268
3520,0.007825440891401487,0.6884357,1.5993779,7436
3521,0.000931349541270887,0.34473884,1.2611438,885
3522,0.0023762567956945343,0.49257502,1.8781565,2258
3523,0.04884586322947821,1.1079738,2.5498598,46415
3524,0.0002746691867476853,0.34794408,0.98908323,261
3525,0.0003977967532207856,0.36698723,1.5442834,378
3526,0.0015732966827118372,0.438958,1.5577602,1495
3527,0.0038001166028578223,0.71140325,2.5333164,3611
3528,0.006760440060027319,0.44569862,2.2687492,6424
3529,0.00051881957496785,0.3301414,0.90774447,493
3530,0.0019068987217885278,0.912188,2.4851542,1812
3531,0.0014154408282591447,0.51529527,1.8403909,1345
3532,0.0007808602933593199,0.40442863,1.7505368,742
3533,0.0014070218493550009,0.3399068,0.94580555,1337
3534,0.0028024676027168043,0.37980983,1.9035411,2663
3535,0.0005535478629474424,0.47921023,1.7757328,526
3536,0.0010944672575386694,0.40263665,1.5585314,1040
3537,0.0003199211983574572,0.33250636,1.1636883,304
3538,0.0015290970434650834,0.5217029,3.0261517,1453
3539,0.002614092949736591,0.84552205,2.8790102,2484
3540,0.0035517567251855857,1.0541233,3.50907,3375
3541,0.0014112313388070729,0.3443603,1.0277858,1341
3542,0.0009808110423327307,0.33439434,1.4030209,932
3543,0.004149504227379783,0.4121507,1.337078,3943
3544,0.004804079837176948,0.763776,2.4043086,4565
3545,0.0003820111677755163,0.41395646,1.4870429,363
3546,0.0011712904400389798,0.36129227,1.2761893,1113
3547,0.004349454976353193,0.3058139,1.2786864,4133
3548,0.0004946150106184371,0.39447507,1.2864068,470
3549,0.0019363651479530305,0.8977383,2.4114761,1840
3550,0.002179463163810177,0.37705013,1.2228966,2071
3551,0.0003157117089053854,0.4722275,1.8440812,300
3552,0.001210228217470644,0.42174125,1.9464667,1150
3553,0.005854347455468863,0.44918874,1.9250917,5563
3554,0.0007661270802770686,0.41073108,1.7183664,728
3555,0.002513065202886868,0.73636013,2.4527903,2388
3556,0.0006124807152764477,0.33678624,1.1957836,582
3557,0.0013028369854162238,0.47268707,1.6099484,1238
3558,0.0018858512745281689,0.52652484,1.8176093,1792
3559,0.007815969540134325,0.5044934,3.1820881,7427
3560,0.02381413420273322,0.26469636,0.8614645,22629
3561,0.0013249368050396008,0.3792683,1.223487,1259
3562,0.0032328878991911467,0.47482905,1.6916952,3072
3563,0.002254181601584452,0.5446408,3.6180763,2142
3564,0.000346230507432906,0.5213429,2.2753239,329
3565,0.0008524216140445406,0.39586273,1.6266093,810
3566,0.004049528852893077,0.4259472,1.7417296,3848
3567,0.00416634218518807,0.52634174,2.8334575,3959
3568,1.8942702534323124e-05,0.259339,0.34813425,18
3569,0.0019574125952133894,0.40485427,1.8000697,1860
3570,0.0013975504980878394,0.4386754,1.6675521,1328
3571,0.0010250106815794847,166.99081,432.74164,974
3572,0.002466760818914078,0.7034383,2.023372,2344
3573,0.0030624035763822384,0.455268,2.726373,2910
3574,0.02291435583235287,0.5492949,1.8390149,21774
3575,0.03683198033326528,1.2463354,2.5051527,34999
3576,0.0005293432985980295,0.4825021,1.9443808,503
3577,0.010742617081687248,0.6422011,2.4964235,10208
3578,0.006496294596909814,0.47610536,1.6472379,6173
3579,0.0011512953651416388,0.32129994,0.8968009,1094
3580,0.002098430491857795,0.3768885,1.153871,1994
3581,0.001948993616309246,0.40268236,1.4487499,1852
3582,0.0031697455574100693,1.0077816,2.9225357,3012
3583,0.014256488401804187,1.3544699,3.1151018,13547
3584,0.006675197898622865,0.63666207,2.1180148,6343
3585,0.003398110360184965,0.51319325,2.230197,3229
3586,0.0025183270647019577,0.4280796,1.9782017,2393
3587,0.005819619167489271,0.6211046,1.7780657,5530
3588,3.472828797959239e-05,0.25663143,0.35245484,33
3589,0.0004988245000705089,0.43374,1.6230474,474
3590,0.0030055754687792692,0.41652486,1.5137718,2856
3591,0.0017343096542535839,0.35219073,1.4907984,1648
3592,0.0024551847229208807,0.4517786,1.9375743,2333
3593,0.0031244935458002976,0.61071014,2.5035937,2969
3594,0.0007850697828113918,0.34013674,1.3524958,746
3595,0.0013743983061014445,0.54441166,2.0524728,1306
3596,0.0009692349463395332,0.3012669,1.0094229,921
3597,0.004651485844539345,0.4042226,1.4038088,4420
3598,0.0014154408282591447,0.33633935,1.2957088,1345
3599,0.0015859251510680528,0.91178197,2.9726512,1507
3600,0.007923311521162156,0.64879954,2.5457387,7529
3601,0.00016522246099381837,0.3358273,0.94842994,157
3602,0.008683124367261116,0.9133365,2.1225164,8251
3603,0.0007955935064415712,0.39570105,1.7772593,756
3604,0.01645489426814869,0.49448577,2.183663,15636
3605,0.02573155664815193,0.45626247,2.372599,24451
3606,0.010188016846376787,0.60452753,2.289569,9681
3607,0.009011464544522717,0.8556314,3.215372,8563
3608,0.000607218853461358,0.34854677,1.5135676,577
3609,0.0009671302016134973,0.32718688,1.2120655,919
3610,0.002246814995043326,0.30819553,0.84653276,2135
3611,0.0031529075996017822,0.41726455,1.6477324,2996
3612,6.314234178107709e-05,0.3474772,0.8391158,60
3613,0.0025867312682981243,1.085316,3.059002,2458
3614,0.0022278722925090032,0.47471496,2.0248451,2117
3615,0.0031655360679579978,0.70400673,2.768549,3008
3616,0.0015038401067526525,0.33597067,0.96142703,1429
3617,0.0012691610697996493,0.35940462,0.88614994,1206
3618,0.020271848828814797,0.42511922,1.601016,19263
3619,0.008873603764967366,0.54266316,2.1767175,8432
3620,0.0008597882205856663,0.30421865,0.795405,817
3621,0.00044620588191961137,0.3877674,1.910948,424
3622,0.021350530500908196,0.9991544,2.6239622,20288
3623,0.003557018587000676,0.89081514,2.2504823,3380
3624,0.0005756476825708194,0.4696064,2.1370862,547
3625,0.005031392267588825,0.42497027,1.5675926,4781
3626,0.0006514184927081119,0.518123,1.8683093,619
3627,0.009284028986544367,0.5889896,2.161055,8822
3628,0.0011849712807582133,0.32788873,1.668252,1126
3629,0.002657240216620327,0.56680006,2.1794567,2525
3630,0.0017869282724044815,0.78872716,3.0517406,1698
3631,0.0002925595169189905,0.45582134,1.7874491,278
3632,0.009147220579352033,0.8738274,2.7789314,8692
3633,0.006700454835335296,0.66780907,2.7404084,6367
3634,0.0005430241393172629,0.4470011,1.302069,516
3635,0.0036917222494669733,0.3351147,1.3808808,3508
3636,3.68330327056283e-05,0.2400808,0.37518272,35
3637,0.0016974766215479555,0.3596108,1.2813258,1613
3638,0.0007335035370235121,0.46178755,1.8844929,697
3639,0.0034780906597743294,0.29521045,0.79115516,3305
3640,0.00043778690301546775,0.3643457,1.1722977,416
3641,0.001990036138466946,0.38843843,1.4553115,1891
3642,0.0013786077955535163,0.37439978,1.4897838,1310
3643,0.0028919192535733305,0.3545406,1.1870707,2748
3644,0.02334688087355325,0.45751277,1.6205695,22185
3645,0.001382817285005588,0.36185652,1.5424086,1314
3646,0.0030224134265875563,0.35886857,1.2005262,2872
3647,0.0012975751236011341,0.50630516,1.9579505,1233
3648,0.0017406238884316917,0.32215554,1.1473144,1654
3649,0.0014796355424032397,0.37434635,1.3555344,1406
3650,0.0026225119286407347,0.95399654,3.0111039,2492
3651,0.00040621573212492923,0.46021032,2.2728944,386
3652,0.0031276506628893515,0.64510894,2.760434,2972
3653,0.006611003184478771,0.5590561,2.368962,6282
3654,0.00415581846155789,0.35657406,1.0465903,3949
3655,0.0009671302016134973,0.46104178,2.4195304,919
3656,0.0019753029253846946,0.49903584,1.959341,1877
3657,0.0010839435339084899,0.34593356,1.4671519,1030
3658,0.0009702873187025511,0.43691927,2.6446013,922
3659,0.003225521292650021,0.71852183,2.7243493,3065
3660,0.0016753768019245785,0.3191564,0.9228808,1592
3661,0.004653590589265381,0.67164534,2.5334196,4422
3662,0.0013691364442863546,0.59084797,1.6727537,1301
3663,0.012106491664158513,0.72272176,2.0396552,11504
3664,0.00022836480277489544,0.36889377,1.0405593,217
3665,0.0005093482237006885,0.3122858,1.2305391,484
3666,0.012284342593508546,0.2787532,0.8310212,11673
3667,0.0010344820328466462,0.30597836,0.9214206,983
3668,0.0005935380127421245,0.29171664,0.8811435,564
3669,0.0011239336837031721,0.33069277,0.971674,1068
3670,0.004067419183064382,0.32412854,1.0621141,3865
3671,0.0020047693515491973,0.37966883,1.5416964,1905
3672,0.018733280434082553,0.7707524,3.5282109,17801
3673,0.00041884420048114463,0.48728853,2.3430948,398
3674,0.004468373053374221,0.4841971,1.5741951,4246
3675,0.0006187949494545554,0.37621132,1.6541641,588
3676,0.0012428517607242005,0.41609395,1.8689054,1181
3677,0.0012807371657928468,0.29481417,0.84055555,1217
3678,0.003679093781110758,0.60185564,2.8442588,3496
3679,0.00015890822681571067,0.5050766,1.7242366,151
3680,0.002274176676481793,0.5165164,1.7145826,2161
3681,0.0022152438241527877,0.90103847,3.1680088,2105
3682,0.0006093235981873939,0.34488562,1.2310128,579
3683,0.0011176194495250643,0.39622197,1.1918685,1062
3684,0.000998701372504036,0.3295859,0.9349675,949
3685,0.0019437317544941561,0.30184934,0.8712283,1847
3686,0.0008629453376747202,0.3939563,1.4729929,820
3687,0.00010734198102783103,0.3437652,0.9194052,102
3688,0.0007629699631880148,0.34628904,1.0164629,725
3689,0.0007724413144551763,0.47466874,1.640375,734
3690,0.03507030899757323,0.30566385,1.1565031,33325
3691,0.004377869030154678,0.5646177,1.8097779,4160
3692,0.0011291955455182618,0.34414014,1.6264558,1073
3693,0.000844002635140397,0.7275035,2.6370745,802
3694,0.0006661517057903632,0.34314352,0.90647966,633
3695,0.0028403530077854506,0.51587045,1.7979108,2699
3696,0.002148944365282657,0.50198966,1.9572107,2042
3697,0.007042475853316131,0.5035051,2.0487685,6692
3698,0.0009555541056202999,0.45864677,2.1481326,908
3699,0.04825548233382514,1.2042295,2.6025352,45854
3700,0.005961689436496695,0.6598678,2.5499916,5665
3701,0.0017374667713426378,0.37910864,1.8183678,1651
3702,0.00041463471102907285,0.3254255,1.1199636,394
3703,0.0020836972787755437,0.88356227,2.7104332,1980
3704,0.0012828419105188828,0.4728638,1.7641827,1219
3705,0.0028435101248745044,0.49166998,1.8049428,2702
3706,0.0009776539252436768,0.34687376,1.5174129,929
3707,0.002031078660624646,0.35129744,1.2967335,1930
3708,0.00037569693359740865,0.63197577,2.1695092,357
3709,0.0006629945887013094,0.42504328,1.6102769,630
3710,0.0031729026744991232,0.5766822,2.9415765,3015
3711,0.00027572155911070325,0.4086025,1.8544562,262
3712,0.004988245000705089,0.72527874,2.5971324,4740
3713,0.03504820917794985,0.38208568,1.5517015,33304
3714,0.00333391564604087,0.36172712,1.2501135,3168
3715,0.005897494722352599,0.75561893,2.561949,5604
3716,0.0007745460591812122,0.4162388,1.4667716,736
3717,0.0007829650380853558,0.34025168,1.0694028,744
3718,0.001187076025484249,0.32280532,0.8933592,1128
3719,0.00044831062664564726,0.3001891,1.2585046,426
3720,0.00224997211213238,0.39100254,1.8507745,2138
3721,0.004545196235874532,0.8797638,2.714498,4319
3722,0.009121963642639603,0.4216604,1.2942358,8668
3723,0.0016480151204861118,0.342617,1.0295541,1566
3724,0.0031434362483346205,0.8486972,2.932669,2987
3725,0.0025983073642913217,0.8270488,2.326531,2469
3726,0.003035041894943772,0.6352477,2.1259108,2884
3727,0.0084242407659587,0.888727,2.7218769,8005
3728,3.1571170890538542e-06,0.35517356,0.40910125,3
3729,0.0022878575172010263,0.38189107,1.6995605,2174
3730,0.0010239583092164666,0.35536996,1.2314467,973
3731,0.001189180770210285,0.36442852,1.0221361,1130
3732,0.0007724413144551763,0.36261883,1.3306034,734
3733,0.0010092250961342153,0.33147037,0.9935128,959
3734,0.005797519347865894,0.6933532,2.5709152,5509
3735,0.0005104005960637064,0.4653153,1.9805945,485
3736,0.002252076856858416,0.40524933,1.4359009,2140
3737,0.0017658808251441224,0.38277736,1.2040162,1678
3738,0.000539867022228209,0.374502,1.6164216,513
3739,0.009114597036098477,0.48499423,1.5637858,8661
3740,0.000324130687809529,0.27834848,0.6976437,308
3741,0.002536217394873263,0.73422045,1.4330556,2410
3742,0.003419157807445324,1.1325519,3.6435149,3249
3743,0.00043568215828943186,0.54738146,2.5298073,414
3744,0.0020184501922684305,0.33585387,1.0516405,1918
3745,0.0003714874441453368,0.36059117,1.4439416,353
3746,0.001276527676340775,0.34384635,1.1678386,1213
3747,0.0014691118187730601,0.8572904,2.9564903,1396
3748,0.0005935380127421245,0.47674915,1.9187895,564
3749,0.002273124304118775,0.404148,1.2333363,2160
3750,0.0003977967532207856,0.40357134,1.1918343,378
3751,0.0059595846917706585,0.59936035,2.1859143,5663
3752,0.0013870267744576599,0.29106605,0.78784186,1318
3753,0.002014240702816359,0.7091336,2.384241,1914
3754,0.010606861046857931,0.6998022,2.3620205,10079
3755,0.004558877076593765,0.5755902,2.4091802,4332
3756,0.007592866599174519,0.65091693,2.3068717,7215
3757,0.0035370235121033344,0.37502518,1.2132821,3361
3758,0.0023562617207971933,0.3893361,1.8069947,2239
3759,0.000670361195242435,0.4596977,2.2911732,637
3760,0.0014354359031564857,0.36164188,1.0102143,1364
3761,0.0039032490944335817,0.30952358,1.1896337,3709
3762,0.0012617944632585237,0.3958114,1.5331223,1199
3763,0.004518886926799083,0.47050756,1.68871,4294
3764,0.007576028641366232,0.88549,2.530058,7199
3765,0.001879537040350061,0.472157,1.7620865,1786
3766,0.020498108886863656,0.56768465,2.7554393,19478
3767,0.0005167148302418141,0.38508067,1.3013895,491
3768,6.103759705504118e-05,0.24641834,0.6740166,58
3769,0.0057080676970093685,0.31870958,0.9614078,5424
3770,1.3680840719233367e-05,0.23517393,0.30183053,13
3771,0.0013649269548342829,0.3042551,1.1634383,1297
3772,0.015604577398830182,0.43042478,2.140762,14828
3773,0.002485703521448401,0.41006464,1.7983955,2362
3774,0.0008124314642498585,0.33728638,1.2793534,772
3775,0.0013870267744576599,0.27938625,0.87937206,1318
3776,0.00021257921732962618,0.34981558,0.9857267,202
3777,0.000671413567605453,0.4368,2.7672782,638
3778,0.017020018227089328,0.66805017,2.2180827,16173
3779,0.0001925841424322851,0.35677612,0.8088104,183
3780,0.008154833441026105,0.5037397,1.7711031,7749
3781,0.0004283155517483062,0.3050051,0.8012,407
3782,0.00047988179753618584,0.5283733,2.4125502,456
3783,0.0028182531881620738,0.5513166,2.67424,2678
3784,0.003674884291658686,0.31707585,1.2760929,3492
3785,0.0013807125402795523,0.34403083,1.0428325,1312
3786,0.0005325004156870834,0.33446327,1.1392325,506
3787,0.0002988737510970982,0.41257057,2.3321972,284
3788,0.0012838942828819007,0.36659196,1.2014377,1220
3789,0.003573856544808963,0.8235413,3.237951,3396
3790,0.0016353866521298965,0.33733696,1.4757411,1554
3791,0.003357067838027265,0.6831795,2.3512547,3190
3792,0.004422068669401431,0.6338195,2.3941052,4202
3793,0.004729361399402674,0.3849723,1.4041396,4494
3794,0.0013144130814094213,0.33466506,0.99936193,1249
3795,0.000454624860823755,0.27999434,0.5740126,432
3796,0.005076644279198597,0.88592297,3.075994,4824
3797,0.004543091491148496,0.3342911,0.9141185,4317
3798,0.002484651149085383,0.6177819,1.688996,2361
3799,0.0016648530782943992,0.43972182,1.9494433,1582
3800,0.0024362420203865574,0.3595394,1.1996813,2315
3801,0.0015448826289103526,0.49024674,2.49291,1468
3802,0.0033433869973080316,0.42441422,2.2852669,3177
3803,0.0030802939065535436,0.8491172,2.5964394,2927
3804,0.0002851929103778648,0.8307152,1.3675917,271
3805,0.010371129637541911,0.6570162,2.8756194,9855
3806,0.0010639484590111489,0.40359637,1.7500113,1011
3807,0.0009250353070927792,0.37496307,1.4409796,879
3808,0.00040621573212492923,0.35382023,1.273163,386
3809,0.0011323526626073157,0.42124408,2.2524037,1076
3810,0.0018416516352814149,0.32930002,0.9872553,1750
3811,0.00010628960866481309,0.4078224,1.1179861,101
3812,0.016483308321950173,0.41220638,1.9150674,15663
3813,4.4199639246753955e-05,0.28914493,0.6442717,42
3814,0.0035338663950142805,0.39095962,1.3040301,3358
3815,0.012992589193819628,0.3775952,1.5848529,12346
3816,0.0034717764255962217,0.87664354,2.8267937,3299
3817,0.010325877625932138,0.531165,2.721749,9812
3818,0.0012807371657928468,0.43391177,1.3755119,1217
3819,0.0015722443103488193,0.42440873,1.949628,1494
3820,0.002600412109017358,0.82022303,2.5806944,2471
3821,0.0015280446711020653,0.38343352,1.1394961,1452
3822,0.00020731735551453642,0.37696517,1.6413032,197
3823,0.002225767547782967,0.39580598,1.3517512,2115
3824,0.006198473218175734,0.512003,2.0428813,5890
3825,0.0015280446711020653,0.36020067,1.0052813,1452
3826,0.0013449318799369418,0.38966948,2.517225,1278
3827,0.002852981476141666,0.47921243,1.6942202,2711
3828,0.00671939753786962,0.54086894,2.47612,6385
3829,0.002071068810419328,1.0586892,3.562095,1968
3830,0.0004262108070222703,0.35306838,1.154778,405
3831,0.00026519783548052374,0.40162858,1.3997791,252
3832,0.0007345559093865301,0.3306346,1.0358617,698
3833,0.0005735429378447835,0.351349,1.1087661,545
3834,0.0015164685751088678,0.39183757,1.59853,1441
3835,0.003547547235733514,0.40933725,1.4647148,3371
3836,0.001057634224833041,0.43500158,2.3946621,1005
3837,0.00021468396205566207,0.3255853,1.1735041,204
3838,0.00485459371060181,0.62370396,1.9988866,4613
3839,0.0012302232923679852,0.3260543,1.1536343,1169
3840,0.0014207026900742343,0.35608244,0.95762223,1350
3841,1.473321308225132e-05,0.32286438,0.5192491,14
3842,0.0011060433535318669,0.58931714,2.367979,1051
3843,0.00018521753589115944,0.3151611,0.7758446,176
3844,0.002618302439188663,0.4897472,1.7441992,2488
3845,0.0020205549369944668,0.34322187,1.1339308,1920
3846,0.000930297168907869,0.3129691,0.99691224,884
3847,0.0015701395656227835,0.536125,1.7465681,1492
3848,0.0010302725433945744,0.43102187,1.6023064,979
3849,0.0012270661752789313,0.35792923,1.1755339,1166
3850,0.004932469265465138,0.39622638,1.2482948,4687
3851,0.002621459556277717,0.36426395,1.3523775,2491
3852,0.0007566557290099071,0.4406354,1.8762628,719
3853,0.012448512682139347,0.29924655,0.93185425,11829
3854,0.004078995279057579,0.79149705,3.3110585,3876
3855,0.016196010666846273,0.47887772,1.6369579,15390
3856,0.01645489426814869,0.4345384,2.0570424,15636
3857,0.001796399623671643,0.5222643,1.7813904,1707
3858,0.001017644075038359,0.3763688,1.2436416,967
3859,0.0010018584895930896,0.44549686,1.7090145,952
3860,0.003694879366556027,0.76354396,2.7539115,3511
3861,0.0014775307976772037,0.39605144,1.3922293,1404
3862,0.0008755738060309355,0.32505998,0.75195915,832
3863,3.2623543253556495e-05,0.24740301,0.36535913,31
3864,0.002188934515077339,0.75979424,3.072664,2080
3865,0.00670361195242435,0.68846184,2.7952175,6370
3866,0.003460200329603024,0.6077085,2.001006,3288
3867,0.003163431323231962,0.55261314,1.8657155,3006
3868,0.0018111328367538943,0.55399436,1.7947872,1721
3869,0.002579364661756999,0.5202258,2.6207814,2451
3870,0.0009871252765108385,0.28074053,0.8385364,938
3871,0.0022952241237421517,1.0957042,2.847664,2181
3872,0.0012049663556555543,0.34530333,1.0759559,1145
3873,0.0016532769823012015,0.39053908,1.5040568,1571
3874,0.0009334542859969229,0.43703288,1.9763552,887
3875,0.006341595859546175,0.48205742,1.6805764,6026
3876,0.006794115975643894,0.47706997,1.6846154,6456
3877,0.002532007905421191,0.670619,2.532813,2406
3878,0.0022352388990501287,1.0686126,3.446936,2124
3879,0.0012239090581898774,0.5010957,1.6011864,1163
3880,0.0012881037723339725,0.43941188,1.6527519,1224
3881,0.0015027877343896346,0.2992937,0.8758627,1428
3882,0.0059480085957774615,0.44458348,1.756979,5652
3883,0.014261750263619278,0.3297108,1.1959139,13552
3884,0.008420031276506628,0.69797575,2.54029,8001
3885,0.0019100558388775817,0.34685582,0.90357006,1815
3886,0.0011081480982579029,0.3508626,0.9447975,1053
3887,0.0007250845581193685,0.34333974,0.8240849,689
3888,0.0017385191437056557,0.3405237,1.3243666,1652
3889,0.003158169461416872,0.57854056,2.4390736,3001
3890,0.00031465933654236744,0.30335072,0.8979196,299
3891,0.002268914814666703,0.4513305,1.5550708,2156
3892,0.0035959563644323398,0.5938359,3.2202003,3417
3893,0.0008029601129826969,0.35719424,1.406794,763
3894,0.0033297061565887983,0.36215138,1.2460471,3164
3895,0.005725958027180673,0.5687476,1.7747923,5441
3896,0.001168133322949926,0.3602546,1.1313217,1110
3897,0.002683549525695776,0.3704276,1.0430183,2550
3898,0.0005903808956530707,0.32636476,1.0579151,561
3899,0.0007219274410303146,0.36401376,1.6616012,686
3900,0.009822843636409558,0.92484313,2.8278224,9334
3901,0.001318622570861493,0.3320398,0.97297597,1253
3902,0.000628266300721717,0.33865303,1.4784746,597
3903,0.003951658223132408,0.7308157,2.681968,3755
3904,0.00033044492198763673,0.30825096,0.71027154,314
3905,0.008465283288116401,0.46076173,1.9948106,8044
3906,0.005412351063001324,0.6719429,2.611688,5143
3907,0.008817828029727415,0.7304528,2.5525284,8379
3908,0.001077629299730382,0.34090525,1.9119053,1024
3909,0.002209981962337698,1.1551161,2.835602,2100
3910,0.0013059941025052777,0.3008,0.8078725,1241
3911,0.005503907458583886,0.41554603,1.68471,5230
3912,0.0025425316290513707,0.5016282,2.9871006,2416
3913,0.0015932917576091785,0.38977617,1.4124258,1514
3914,0.008592620344041573,0.65278393,2.3908978,8165
3915,0.007114037174001352,0.33353984,1.0987302,6760
3916,0.0008934641362022407,0.3522233,1.9739066,849
3917,0.0007513938671948173,0.40932357,1.751662,714
3918,0.0010976243746277233,0.5260983,1.8066689,1043
3919,0.004296836358202295,0.5193126,2.2209396,4083
3920,0.0006177425770915374,0.35536814,1.0713801,587
3921,0.001904793977062492,0.35622635,1.0768385,1810
3922,0.0036201609287817528,0.9826602,3.0251439,3440
3923,0.0010860482786345259,0.37065566,1.2546303,1032
3924,0.0009271400518188152,0.41068372,1.3674955,881
3925,0.0015806632892529629,0.36079842,1.7639312,1502
3926,0.0021731489296320694,0.6389177,2.6184695,2065
3927,0.00027151206965863147,0.35362843,0.7975259,258
3928,0.003589642130254232,0.5327033,2.0771704,3411
3929,0.0016774815466506145,0.3353721,0.99641037,1594
3930,0.0003662255823302471,0.30860698,1.4390515,348
3931,0.0009555541056202999,0.40421167,1.9613675,908
3932,0.0029119143284706715,0.55481464,2.128839,2767
3933,0.0007082466003110813,0.36992815,1.6143824,673
3934,0.01454273368454507,0.42705512,2.120035,13819
3935,0.0026782876638806862,0.52284783,2.0389862,2545
3936,0.0004861960317142935,0.3522082,0.8546895,462
3937,0.008823089891542504,0.46290633,2.3442616,8384
3938,0.005046125480671077,0.3387608,1.4785645,4795
3939,0.0021079018431249567,0.68853736,3.005202,2003
3940,0.001751147612061871,0.70313674,2.250196,1664
3941,0.01600237415205097,0.30031967,0.97331977,15206
3942,0.0012891561446969904,0.3652099,1.3349127,1225
3943,0.0017911377618565533,0.349676,1.2250525,1702
3944,0.004863012689505953,0.53202635,1.9628597,4621
3945,0.0019384698926790665,0.3519339,1.2165749,1842
3946,0.0012428517607242005,0.3566987,1.2104602,1181
3947,0.0009797586699697128,0.45840707,1.5417985,931
3948,0.0016806386637396684,0.45786777,2.0960674,1597
3949,0.003347596486760103,0.47965002,1.9515679,3181
3950,0.01003752759846522,0.51281977,2.118022,9538
3951,0.0015690871932597654,0.4417772,1.6592703,1491
3952,0.0004935626382554192,0.51840293,2.562749,469
3953,0.0011733951847650158,0.43435746,2.334366,1115
3954,0.0020731735551453643,0.33033782,1.0948946,1970
3955,0.01018170261219868,0.38530535,1.4926254,9675
3956,0.0007271893028454044,0.43850338,1.8726068,691
3957,0.0028635051997718455,0.6839541,2.845891,2721
3958,0.004821970167348253,0.5915931,2.400095,4582
3959,0.0012870513999709546,0.4936513,1.9890976,1223
3960,0.0008997783703803484,0.39492413,1.4189947,855
3961,0.002054230852611041,0.6366856,2.0836766,1952
3962,0.007422382276365611,0.9019197,2.4691324,7053
3963,0.006274244028313026,0.52238625,1.9987031,5962
3964,0.015608786888282255,0.47393066,1.7705991,14832
3965,0.0023625759549753007,0.36926433,1.722028,2245
3966,0.0011997044938404646,0.35153311,2.256325,1140
3967,0.0008313741667841816,0.34183165,1.0350893,790
3968,0.007599180833352627,0.7054495,2.4849887,7221
3969,0.046804260845223385,0.50459045,2.3687596,44475
3970,0.001363874582471265,0.3289127,1.0338678,1296
3971,0.0032171023137458773,0.32873172,0.98275995,3057
3972,0.006962495553726767,0.43379813,1.6104094,6616
3973,0.000432525041200378,0.42396647,1.9928561,411
3974,0.0003767493059604266,0.43114007,1.90074,358
3975,0.0024341372756605216,0.9203392,2.4520307,2313
3976,0.0004388392753784857,0.30386412,1.3424774,417
3977,0.003849578103919666,0.35022846,1.0781175,3658
3978,0.0023531046037081394,0.8151491,3.2275593,2236
3979,0.017416762607947094,0.36266327,1.5097091,16550
3980,0.0018227089327470917,0.7031502,2.905512,1732
3981,0.0008945165085652586,0.48581082,2.5031352,850
3982,0.012308547157857959,0.68337595,2.219388,11696
3983,0.0006619422163382915,0.38459855,1.3336488,629
3984,0.0014238598071632882,0.3831221,1.8480949,1353
3985,0.003226573665013039,0.44853988,1.8512286,3066
3986,0.0016974766215479555,0.6171315,1.959489,1613
3987,0.004065314438338346,0.5375169,2.0277054,3863
3988,0.005853295083105846,0.5945016,2.2404706,5562
3989,0.0027824725278194633,0.47119033,1.9011781,2644
3990,0.001453326233327791,0.3408092,0.99136,1381
3991,0.0017406238884316917,0.8379224,2.6818657,1654
3992,0.002536217394873263,0.55369043,2.399575,2410
3993,0.00674465447458205,0.6166896,2.226692,6409
3994,0.007605495067530735,0.5066703,2.2199702,7227
3995,0.0018437563800074509,0.53463775,1.4237013,1752
3996,0.0006861467806877043,0.35258213,1.2884465,652
3997,0.0009692349463395332,0.35139552,1.587483,921
3998,0.0018995321152474021,0.28890628,0.7325567,1805
3999,0.0019437317544941561,0.29539952,0.8090708,1847
4000,0.006140592738209746,0.6755849,2.1813338,5835
4001,0.0013522984864780675,0.35227168,1.1610793,1285
4002,0.0003746445612343907,0.5819463,3.2432747,356
4003,0.000584066661474963,0.31080556,1.2038096,555
4004,5.577573523995142e-05,0.23829505,0.43208182,53
4005,0.0026151453220996093,0.37882227,1.5099374,2485
4006,0.0003378115285287624,1.1722836,2.5445805,321
4007,0.0010397438946617358,0.3451052,1.0295559,988
4008,0.0006724659399684709,0.57844836,2.391064,639
4009,0.003180269281040249,0.4400291,1.7423623,3022
4010,0.0012502183672653262,0.36925703,1.2557125,1188
4011,0.0023594188378862468,0.95934385,2.4598505,2242
4012,0.013995500055775736,0.5039496,2.101019,13299
4013,0.0012502183672653262,0.38793108,1.2532432,1188
4014,0.0007271893028454044,0.3789232,1.0851421,691
4015,0.002098430491857795,0.3890524,1.4419076,1994
4016,0.001343879507573924,0.379931,1.4339117,1277
4017,0.0009355590307229588,0.33885065,1.5602609,889
4018,0.0007682318250031045,0.3126466,0.84416527,730
4019,0.000410425221577001,0.35380226,1.0321828,390
4020,0.00013996552428138754,0.4666534,1.7165043,133
4021,0.0028950763706623844,1.0286994,2.7271492,2751
4022,0.030655606934712924,0.59399265,2.3536544,29130
4023,0.0017343096542535839,0.39769524,1.8880302,1648
4024,0.0015617205867186398,0.6236058,1.8150728,1484
4025,0.003399162732547983,0.9149904,2.776711,3230
4026,0.007408701435646378,0.6074914,2.8078399,7040
4027,0.002420456434941288,0.80059105,2.9637513,2300
4028,0.002704596972956135,0.84551007,3.0767903,2570
4029,0.0012670563250736136,0.4027881,1.8869334,1204
4030,0.0034275767863494676,0.6291131,2.7018325,3257
4031,0.002751953729291943,0.55235535,3.7315154,2615
4032,0.000996596627778,0.37786114,1.4549922,947
4033,0.004657800078717453,0.5566855,2.328662,4426
4034,0.002013188330453341,0.70273006,2.3461764,1913
4035,0.0008092743471608046,0.33934265,1.1956619,769
4036,0.00039674438085776767,0.35405934,0.9356831,377
4037,0.0038032737199468762,0.7953903,2.3397763,3614
4038,0.0011155147047990283,0.31244707,1.124931,1060
4039,0.0006724659399684709,0.35110664,1.0936239,639
4040,0.0025719980552158734,0.3543342,1.1239302,2444
4041,0.022382907789028808,0.34235853,1.3144684,21269
4042,0.004301045847654368,0.6899028,2.8142426,4087
4043,0.009429256372640844,0.6366648,2.5396042,8960
4044,0.0007692841973661224,0.38920203,1.1653677,731
4045,0.004594657736936376,0.6443104,2.1200907,4366
4046,0.0008061172300717508,0.27115896,0.7350549,766
4047,0.0015038401067526525,0.38089818,1.3950789,1429
4048,7.78755548633284e-05,1.0918294,3.4644375,74
4049,0.0013249368050396008,0.40990156,1.4510487,1259
4050,0.0006093235981873939,0.3385757,1.5539733,579
4051,0.0008271646773321098,0.46851146,2.0726292,786
4052,0.001448064371512701,0.34400535,1.4489443,1376
4053,0.032535143975062984,0.2660221,0.7851023,30916
4054,0.00649313747982076,0.5800951,1.9637021,6170
4055,0.001535411277643191,0.39091787,1.2863953,1459
4056,0.0020005598620971257,0.41374427,1.5809656,1901
4057,0.004874588785499151,0.3195115,1.1461663,4632
4058,0.005446026978617898,0.48398784,1.7225835,5175
4059,0.0007861221551744097,0.45962906,2.0382442,747
4060,0.005337632625227049,0.4331878,1.5968653,5072
4061,0.0010429010117507897,0.39716876,1.5939345,991
4062,0.005515483554577083,0.53063774,2.3165443,5241
4063,0.0012670563250736136,0.58114517,2.5729663,1204
4064,0.00019153177006926716,0.31322154,1.7302368,182
4065,0.0013765030508274803,0.4151588,1.4782534,1308
4066,0.001234432781820057,0.39925784,1.7822702,1173
4067,0.0003525447416110137,0.33002153,0.7889459,335
4068,0.000757708101372925,0.3918405,1.2165987,720
4069,0.001512259085656796,0.40787452,1.2508845,1437
4070,0.0010292201710315565,0.33079934,0.88798785,978
4071,0.017273639966576652,0.6522835,1.997503,16414
4072,0.0016943195044589016,0.4312831,1.6777217,1610
4073,0.002158415716549818,0.3042577,0.89952934,2051
4074,0.00389377774316642,0.5550903,1.8322072,3700
4075,0.002251024484495398,0.750651,2.4108565,2139
4076,0.001276527676340775,0.51108456,2.3254066,1213
4077,0.0009008307427433664,0.43056205,1.6417526,856
4078,0.004036900384536861,0.58790195,2.3478448,3836
4079,0.0005703858207557296,0.31541175,1.0271773,542
4080,0.0017890330171305173,0.3074104,0.6973751,1700
4081,0.0019963503726450537,0.5018362,2.5276275,1897
4082,0.001907951094151546,1.1086258,3.2241445,1813
4083,0.001795347251308625,0.31702936,1.2410914,1706
4084,0.0037232934203575117,0.72315854,2.4221673,3538
4085,0.0007177179515782428,0.3343508,0.7853241,682
4086,0.0008661024547637739,0.51320565,2.0594723,823
4087,0.0006124807152764477,0.3486795,1.1404613,582
4088,0.013937619575809747,0.41062564,1.7152115,13244
4089,0.001947941243946228,0.36722916,1.8673348,1851
4090,0.009025145385241951,0.41787156,1.7892636,8576
4091,0.001276527676340775,0.29596227,0.8435294,1213
4092,0.007744408219449104,1.2458047,2.5366886,7359
4093,0.0006451042585300042,0.44185957,1.7563041,613
4094,0.003051879852752059,0.4199918,1.5927272,2900
4095,0.002458341840009934,0.3700712,2.0612655,2336
4096,0.00045357248846073704,0.42196926,2.6758428,431
4097,0.013028369854162237,0.45953548,1.9732244,12380
4098,0.0008408455180513431,0.37346745,1.6285747,799
4099,0.00024941225003525445,0.5644771,2.6717188,237
4100,0.007812812423045271,0.44074327,1.6348864,7424
4101,0.0021678870678169797,0.3824482,1.3615593,2060
4102,0.0013102035919573495,0.40199232,2.098181,1245
4103,0.00040621573212492923,0.42995197,1.491369,386
4104,0.0003999014979468215,0.36022484,1.0114385,380
4105,0.006978281139172035,0.6480969,2.6960745,6631
4106,5.472336287693347e-05,0.30383795,0.72209364,52
4107,0.005072434789746526,0.43887615,1.588498,4820
4108,0.0019595173399394256,0.55759674,1.926897,1862
4109,0.0016164439495955734,0.38150594,1.5289092,1536
4110,0.02139893962960702,0.26361793,0.7742443,20334
4111,0.00034307339034385213,0.42399022,1.8973285,326
4112,7.36660654112566e-06,0.2633838,0.36266714,7
4113,0.0014985782449375628,0.2994656,0.79096556,1424
4114,0.0007398177712016199,0.3562345,1.0903835,703
4115,0.0002872976551039007,0.3622272,1.0820813,273
4116,0.010202750059459038,0.8344967,2.0167224,9695
4117,0.0016974766215479555,0.503989,1.9309925,1613
4118,0.002687759015147848,0.77255017,2.3005803,2554
4119,0.0007661270802770686,0.3847001,1.278033,728
4120,0.055244287196627356,0.4321017,1.9724833,52495
4121,0.0008271646773321098,0.34530357,2.0021656,786
4122,0.001321779687950547,0.35687244,1.238626,1256
4123,0.0037706501766933197,0.31122893,0.909926,3583
4124,0.0007250845581193685,0.5156638,2.9498475,689
4125,0.001402812359902929,0.33414638,1.504308,1333
4126,0.005632296886872076,0.38030654,1.3387898,5352
4127,3.367591561657444e-05,0.28412437,0.4677699,32
4128,0.0008987259980173305,0.34088907,0.9826425,854
4129,0.0014996306173005807,0.47397146,1.682571,1425
4130,0.0005261861815089757,0.5930968,2.3422186,500
4131,0.015655091272255044,0.34772733,0.9833062,14876
4132,0.00554284523601555,0.5005041,2.0442064,5267
4133,0.002095273374768741,0.44506243,1.8476069,1991
4134,0.0009566064779833178,0.34140265,1.121078,909
4135,0.010677369995180135,0.36970636,1.4798521,10146
4136,0.0018458611247334866,0.5973207,1.6643692,1754
4137,0.0033002397304242957,0.4103894,1.8781493,3136
4138,0.0020500213631589694,0.44670787,1.8935506,1948
4139,0.01356192264221234,0.47495165,1.8557041,12887
4140,0.0020700164380563105,0.91198057,3.1216135,1967
4141,0.0009408208925380485,0.5008042,1.7889085,894
4142,0.0010713150655522745,0.35400057,0.9618512,1018
4143,0.007162446302700177,0.61189914,2.6975298,6806
4144,0.0003451781350698881,0.5224427,1.5979114,328
4145,0.00018521753589115944,1.4802281,2.910601,176
4146,0.0033055015922393853,0.51109827,1.9583702,3141
4147,0.0025656838210377656,0.32547352,1.1746294,2438
4148,0.0003977967532207856,0.36553413,0.82448614,378
4149,0.002125792173296262,0.36301887,1.1881027,2020
4150,0.0024993843621676343,0.30992323,0.9865842,2375
4151,0.001624862928499717,0.3509004,1.075951,1544
4152,0.007656008940955596,0.35009763,1.2406235,7275
4153,0.009463984660620437,0.5592948,2.3802233,8993
4154,0.0013701888166493727,0.41987923,1.874148,1302
4155,0.00285613859323072,0.79095596,2.4471273,2714
4156,0.0015469873736363884,0.3297987,1.1668004,1470
4157,0.0005251338091459577,0.37120205,2.1326787,499
4158,0.004015852937276502,0.60825455,2.8108604,3816
4159,0.0006672040781533811,0.32229087,0.9715704,634
4160,0.0009124068387365639,0.4163999,2.2281423,867
4161,0.004608338577655609,0.8679095,2.5921998,4379
4162,0.000973444435791605,0.39075893,1.771794,925
4163,0.002985580393881928,0.29849043,0.7694355,2837
4164,0.0030529322251150767,0.61970377,3.200059,2901
4165,0.0038779921577211506,0.4335687,1.4870026,3685
4166,0.0018227089327470917,0.4189629,1.2995979,1732
4167,0.0002209981962337698,0.3901194,2.0078533,210
4168,0.0010039632343191256,0.33763897,1.6820645,954
4169,0.007785450741606804,0.72551167,1.6422434,7398
4170,0.00549127899022767,0.52725,2.2077692,5218
4171,0.00285613859323072,0.36415514,1.0690494,2714
4172,0.0033896913812808214,0.37830693,1.3765795,3221
4173,0.00928718610363342,0.30219218,1.1217192,8825
4174,0.009455565681716294,0.57651836,2.295082,8985
4175,0.048958467072321134,1.1444176,2.4286847,46522
4176,0.0007755984315442302,0.37620986,1.0665711,737
4177,0.0015764537998008911,0.32900852,0.8624105,1498
4178,0.0025414792566883526,0.40623513,1.5604949,2415
4179,0.004558877076593765,0.41002262,1.3168243,4332
4180,0.0027540584740179787,0.4929643,1.8927877,2617
4181,0.0032118404519307876,1.140112,3.148076,3052
4182,0.0015785585445269271,0.8692841,2.258563,1500
4183,0.0020868543958645976,0.60325664,2.2506273,1983
4184,0.0019005844876104202,0.36054873,1.4090831,1806
4185,0.006006941448106466,0.33121392,1.2644193,5708
4186,0.006865677296329115,0.37624574,1.1163396,6524
4187,0.0018869036468911868,0.620872,4.584092,1793
4188,0.0008661024547637739,0.27497226,0.7756247,823
4189,0.0017711426869592122,0.53621024,1.7521882,1683
4190,0.0002704596972956135,0.40930447,1.7019808,257
4191,0.0026898637598738837,0.41925955,1.788398,2556
4192,0.0028224626776141458,0.5575572,2.1919088,2682
4193,0.005243971484918452,0.62989485,2.023272,4983
4194,0.003855892338097774,0.5120969,2.701002,3664
4195,0.0001473321308225132,1.5788844,5.767457,140
4196,0.0014585880951428806,0.46431574,1.608224,1386
4197,0.0002694073249325955,0.4088914,1.3552037,256
4198,0.00029361188928200843,1.4867173,14.825018,279
4199,0.013621907866904363,0.47060367,0.99551034,12944
4200,0.0070203760336927535,0.34453377,1.2480702,6671
4201,0.0028245674223401815,0.3321475,1.1397253,2684
4202,0.0009850205317848025,0.38783172,1.6598927,936
4203,0.00021363158969264412,0.32254344,0.74833655,203
4204,0.0035243950437471193,0.5918944,2.0217764,3349
4205,0.0008692595718528278,0.36048692,1.9535531,826
4206,0.010287992220863493,0.57796955,2.9874902,9776
4207,0.0022047201005226083,0.69755274,2.3865013,2095
4208,0.0024099327113111086,0.3303483,1.0228504,2290
4209,0.0009871252765108385,150.1907,369.23602,938
4210,0.003050827480389041,0.41991347,1.6837912,2899
4211,0.005389198871014929,0.44684723,1.6426564,5121
4212,0.002790891506723607,0.35853258,1.5472993,2652
4213,0.0006871991530507223,0.43240434,2.2792737,653
4214,0.0025183270647019577,1.1285557,3.2481964,2393
4215,0.0022247151754199493,0.34732896,1.7757682,2114
4216,0.00015364636500062089,0.5018728,1.9146103,146
4217,0.004223170292791039,0.42118207,1.4875529,4013
4218,0.000737713026475584,0.43563178,1.6113299,701
4219,0.007584447620270375,0.3840042,1.2756435,7207
4220,0.0002557264842133622,0.39474642,2.087065,243
4221,0.0031044984709029566,0.94928217,2.8450074,2950
4222,0.0027866820172715353,0.4455893,1.698621,2648
4223,0.007954882692052695,0.71423155,2.70677,7559
4224,0.0029150714455597254,0.7647399,2.5785751,2770
4225,0.002721434930764422,1.1399316,2.9562166,2586
4226,0.00852211139571937,0.61235255,3.2731702,8098
4227,0.0028677146892239175,0.8975083,2.6318617,2725
4228,0.0018121852091169122,0.2951643,0.9025763,1722
4229,0.001278632421066811,0.40049815,1.2896386,1215
4230,0.00467989989834083,0.43485168,1.7318327,4447
4231,1.0523723630179514e-05,0.22393772,0.36696607,10
4232,0.0013912362639097316,0.36756334,1.3136109,1322
4233,0.0012028616109295185,0.95160073,2.9066288,1143
4234,0.002986632766244946,1.1158645,3.2855892,2838
4235,0.0014007076151768933,0.389895,2.0733027,1331
4236,0.005691229739201081,0.34471598,1.2329487,5408
4237,8.734690613048996e-05,0.45328966,1.4100616,83
4238,0.0021931440045294104,0.39001167,1.2095045,2084
4239,0.0034528337230618983,0.79738,3.0444343,3281
4240,0.00422737978224311,0.399259,1.4229524,4017
4241,0.00036727795469326504,0.4425565,2.072237,349
4242,0.002981370904429856,0.39714673,1.2776763,2833
4243,0.0016774815466506145,0.331318,1.0455391,1594
4244,0.0014827926594922934,0.34849164,1.3124868,1409
4245,0.0007282416752084224,0.37515706,1.4569713,692
4246,0.002765634570011176,0.6559587,2.4426503,2628
4247,0.002536217394873263,0.40290716,1.5106419,2410
4248,0.0015290970434650834,0.32411987,1.0936445,1453
4249,0.0018163946985689842,0.8552043,2.3373997,1726
4250,0.004337878880359996,0.51666707,2.696744,4122
4251,0.0039211394246048865,0.36986476,1.1054636,3726
4252,0.009671302016134973,0.55308056,2.0704803,9190
4253,0.0012081234727446082,0.6841417,3.102926,1148
4254,0.0011039386088058309,0.31441233,1.4403613,1049
4255,0.003928506031146013,0.3623127,1.5406388,3733
4256,0.0023425808800779596,0.35568863,1.4688925,2226
4257,0.0029624282018955333,0.40038565,1.2676042,2815
4258,0.0020879067682276157,0.36245194,1.0812346,1984
4259,0.013717673751938997,0.35833293,1.6038837,13035
4260,0.004233694016421218,0.5352632,1.9116356,4023
4261,0.002293119379016116,0.2994054,1.0292456,2179
4262,0.0201255690703553,0.8299961,2.3074114,19124
4263,0.02309115438933989,0.30539933,1.0174166,21942
4264,0.0021773584190841414,0.34618568,0.8863195,2069
4265,0.0017374667713426378,0.3036293,0.88984156,1651
4266,0.02507487629362873,0.38440028,1.022066,23827
4267,0.0007429748882906736,0.4626901,1.413507,706
4268,1.9995074897341077e-05,0.2426383,0.37487352,19
4269,0.000820850443154002,0.46218008,2.5816698,780
4270,0.003073979672375436,0.8235496,2.4358442,2921
4271,0.009912295287266084,0.39615035,1.3492098,9419
4272,0.010867849392886384,0.3753231,1.0120586,10327
4273,0.002596202619565286,0.23361781,0.5724861,2467
4274,0.0006882515254137402,0.36633962,1.1485494,654
4275,0.0015806632892529629,0.39234957,1.2586404,1502
4276,0.0037138220690903505,0.53767,1.9519051,3529
4277,0.0008513692416815227,0.49157652,1.5993917,809
4278,0.013257787029300151,0.63917255,2.7338672,12598
4279,0.0037874881345016068,0.799457,3.468345,3599
4280,0.0021963011216184643,0.36914513,1.330791,2087
4281,0.001167080950586908,0.32444614,1.1566786,1109
4282,0.009114597036098477,0.30344445,0.95001096,8661
4283,0.0019395222650420844,0.33438745,0.975489,1843
4284,0.006144802227661818,0.5592075,2.1910877,5839
4285,0.008675757760719991,0.81267935,2.2901132,8244
4286,0.004365240561798462,1.107214,2.8407102,4148
4287,0.0015048924791156704,0.52993554,1.9834305,1430
4288,0.0011776046742170876,0.31946892,0.9968428,1119
4289,0.002613040577373573,0.33783954,1.1245441,2483
4290,0.005634401631598111,0.6349495,2.8201118,5354
4291,0.0018416516352814149,0.3406977,1.1273141,1750
4292,0.00029992612346011616,0.37717867,1.7508804,285
4293,0.0029119143284706715,0.48816136,1.94458,2767
4294,0.0034728287979592393,0.4408262,1.6622001,3300
4295,0.002124739800933244,0.32395014,1.1269758,2019
4296,0.00045988672263884477,0.32650217,1.3767513,437
4297,0.0006303710454477529,0.3766064,1.7187381,599
4298,0.00019995074897341075,0.4327576,1.2518866,190
4299,0.0017143145793562429,0.39810097,1.449037,1629
4300,0.0025677885657638014,0.4743111,1.5445108,2440
4301,0.0028003628579907685,0.76109064,2.4496078,2661
4302,0.004585186385669214,0.4212402,1.5438397,4357
4303,0.023164820454751146,0.5667341,2.126118,22012
4304,0.012687401208544422,0.37823698,1.3599217,12056
4305,0.005309218571425565,0.6094192,2.4284592,5045
4306,0.0035549138422746396,0.82181543,3.5948167,3378
4307,0.0011207765666141182,0.3154571,1.1248813,1065
4308,0.0001925841424322851,0.2802203,0.66815335,183
4309,0.0011849712807582133,0.34099406,1.1580279,1126
4310,0.0035980611091583755,0.914966,3.0374024,3419
4311,0.00476198494265623,0.6202607,2.4917421,4525
4312,0.004781980017553571,0.5558937,2.199887,4544
4313,0.00010313249157575924,0.31416622,0.70570475,98
4314,3.2623543253556495e-05,0.304711,0.75442123,31
4315,0.006664674174992686,0.8557759,2.6769338,6333
4316,0.0017237859306234043,0.44008598,1.5782434,1638
4317,0.0008303217944211636,0.38640893,1.8146504,789
4318,0.0023678378167903908,0.37101293,1.1057199,2250
4319,0.0005367099051391552,0.57425684,2.2352278,510
4320,0.005735429378447835,0.67532635,2.7095041,5450
4321,0.00027782630383673914,0.4604526,2.31595,264
4322,0.003725398165083548,0.29329902,0.88286376,3540
4323,0.0017374667713426378,0.3306868,1.1063235,1651
4324,0.05042442177400514,0.35009524,1.2983198,47915
4325,0.00142806929661536,0.33684742,1.4630482,1357
4326,0.0033802200300136597,0.89673764,3.0193663,3212
4327,0.0033233919224106906,0.5910216,1.9406798,3158
4328,0.0008576834758596304,0.42668265,1.8043159,815
4329,0.0006745706846945068,0.4857959,1.957783,641
4330,0.010045946577369364,0.5300584,2.1271238,9546
4331,0.0008987259980173305,0.44127652,1.3751004,854
4332,1.0523723630179513e-06,0.15503812,0.15503812,1
4333,0.0003662255823302471,0.66575295,2.8040197,348
4334,0.00046935807390600633,0.46259177,1.6411377,446
4335,0.002484651149085383,0.32960603,1.028979,2361
4336,0.0005756476825708194,0.35844302,1.2326984,547
4337,0.007109827684549279,0.4351689,1.4993684,6756
4338,0.005558630821460819,0.52174425,2.4167266,5282
4339,0.0009218781900037254,0.3200119,0.93340784,876
4340,0.004009538703098395,0.43557307,2.414505,3810
4341,0.016510670003388638,0.86901397,2.3108795,15689
4342,0.005700701090468242,0.3612813,1.273377,5417
4343,0.00380643083703593,0.76709193,2.7717524,3617
4344,0.001319674943224511,0.57870984,1.9077736,1254
4345,0.0009471351267161562,0.4982102,2.0425463,900
4346,0.0021079018431249567,0.32865268,0.93556845,2003
4347,0.00011786570465801056,0.25592452,0.6561676,112
4348,0.007492891224687814,0.44798636,1.4906192,7120
4349,0.0013270415497656366,0.63457024,2.3398468,1261
4350,0.0002515169947612904,0.38075286,1.5308282,239
4351,0.0011954950043883928,0.33623004,2.347708,1136
4352,0.004509415575531922,0.72706217,2.922263,4285
4353,0.004841965242245594,0.43976057,1.6016433,4601
4354,0.0007198226963042787,1.1375027,3.5074358,684
4355,0.002751953729291943,0.43447432,1.4279455,2615
4356,0.004085309513235687,0.85018027,2.2935493,3882
4357,0.0036633081956654887,1.3056513,3.1521535,3481
4358,0.006694140601157189,0.4907521,2.441563,6361
4359,0.004740937495395871,0.5484363,2.2112675,4505
4360,0.0019426793821311383,0.8379646,2.491043,1846
4361,0.003011889702957377,0.39122546,1.6252741,2862
4362,0.0018921655087062767,0.2816514,0.7754972,1798
4363,0.0008166409537019302,0.29970098,0.99001914,776
4364,0.007693894346024243,0.3078248,1.2044715,7311
4365,0.0024530799781948445,0.2854459,0.7523112,2331
4366,0.0026088310879215015,0.30095106,1.1003497,2479
4367,0.0006682564505163991,0.35681048,1.1428496,635
4368,0.00035359711397403164,1.6071949,7.7071652,336
4369,0.0003220259430834931,0.33487737,1.4188545,306
4370,0.0019553078504873536,0.5230131,1.703575,1858
4371,0.0007987506235306251,0.330291,0.83978474,759
4372,0.0007124560897631531,0.6418611,3.8160107,677
4373,0.006167954419648213,0.574944,2.857257,5861
4374,0.0007345559093865301,0.4620068,1.8215095,698
4375,0.0016501198652121478,0.4364065,1.6753298,1568
4376,0.0003999014979468215,0.2763198,0.788872,380
4377,0.0026972303664150096,0.35360107,1.301751,2563
4378,0.0009197734452776895,0.3667342,1.461417,874
4379,0.022518663823858122,0.59957623,3.6494544,21398
4380,0.0007503414948317993,0.32638785,1.418119,713
4381,0.0036885651323779194,0.78437245,2.595458,3505
4382,0.001775352176411284,0.3271581,0.88721883,1687
4383,0.0015459350012733705,0.44650573,1.9906461,1469
4384,0.002027921543535592,0.6234289,1.6649195,1927
4385,0.0009324019136339049,0.3672306,1.7158412,886
4386,0.0016332819074038605,0.29907784,0.78184587,1552
4387,5.261861815089757e-05,0.28581762,0.47115085,50
4388,0.0014680594464100423,0.40979132,1.2510712,1395
4389,0.0021994582387075182,1.0869168,3.2826123,2090
4390,0.004096885609228885,0.78445756,2.1603153,3893
4391,0.0011344574073333515,0.3745251,1.4931798,1078
4392,0.0006335281625368068,0.44626853,2.473533,602
4393,0.0017164193240822787,0.34963566,1.9832519,1631
4394,0.0001252323111991362,0.32427946,0.87972087,119
4395,0.0021521014823717107,0.56954694,3.1190405,2045
4396,0.0020763306722344182,0.30894336,1.4399235,1973
4397,0.009073554513940776,0.4155161,1.842785,8622
4398,0.001233380409457039,0.46342638,2.2089043,1172
4399,0.0030182039371354843,0.824184,2.0657458,2868
4400,0.0026961779940519915,0.6331794,2.3864357,2562
4401,0.001983721904288838,0.9136481,2.9319022,1885
4402,0.0016616959612053453,0.6943191,2.1497972,1579
4403,0.0005735429378447835,0.32007134,0.75466263,545
4404,0.0006756230570575248,0.29432622,0.81140596,642
4405,0.0018448087523704687,0.49390972,2.1629248,1753
4406,0.00018626990825417738,0.489088,1.9340969,177
4407,0.001385974402094642,0.365045,1.4154491,1317
4408,0.003225521292650021,0.51409733,1.8562775,3065
4409,0.0036685700574805784,0.5395723,3.0108314,3486
4410,0.0028645575721348636,0.58084,1.9586176,2722
4411,0.0026456641206271296,0.58176565,2.1421697,2514
4412,0.0009134592110995818,0.7612389,2.7528424,868
4413,0.00036201609287817526,0.3288816,0.8988991,344
4414,0.003701193600734135,0.95411134,3.5988617,3517
4415,0.001754304729150925,0.44583312,1.8256369,1667
4416,0.0007419225159276557,0.33522347,0.81792766,705
4417,0.0026077787155584834,0.7908507,2.3612819,2478
4418,0.0016585388441162914,0.3447615,1.3874731,1576
4419,0.002990842255697018,0.34434947,1.0657427,2842
4420,0.0007903316446264814,0.43533257,1.7580823,751
4421,0.0019132129559666356,0.30666578,1.0295401,1818
4422,0.001342827135210906,0.48714378,1.7536383,1276
4423,0.0028066770921688763,0.56931114,2.0296962,2667
4424,0.002222610430693913,0.3413546,1.4598848,2112
4425,0.0013743983061014445,0.45649442,1.7585855,1306
4426,0.0031034460985399385,0.32267615,1.0586022,2949
4427,0.003004523096416251,0.5383729,2.2713563,2855
4428,0.002011083585727305,0.7677228,3.0727158,1911
4429,0.006827791891260469,0.78661877,3.4853516,6488
4430,0.0018963749981583484,0.842421,2.3850212,1802
4431,0.0005040863618855987,0.32496133,0.8072564,479
4432,0.0016059202259653938,0.48076627,1.9322904,1526
4433,0.0007892792722634636,0.464634,2.4219213,750
4434,2.104744726035903e-05,0.2759957,0.4575569,20
4435,0.0019574125952133894,0.35780132,1.2887362,1860
4436,0.0016185486943216091,0.41909194,1.7922913,1538
4437,0.0008134838366128765,0.33941492,1.3264396,773
4438,0.0009692349463395332,0.4134237,1.3587136,921
4439,0.0005335527880501014,0.36772776,1.0585427,507
4440,0.003593851619706304,0.9249308,2.7793715,3415
4441,0.0006987752490439197,0.30679753,0.7293313,664
4442,0.08063066570970939,0.8587867,2.2723951,76618
4443,0.001038691522298718,0.3173267,0.8667073,987
4444,0.04821654455639348,1.0187033,2.3526742,45817
4445,0.002184725025625267,0.57181734,2.6454213,2076
4446,0.0013165178261354573,0.60540646,2.1074417,1251
4447,0.0032823494002529904,0.76505643,2.4958062,3119
4448,0.012342223073474533,0.48878163,1.1778196,11728
4449,0.003593851619706304,0.7838961,2.3425982,3415
4450,0.0053534182106723185,0.60929704,2.0880206,5087
4451,0.003441257627068701,0.59621775,2.4157863,3270
4452,0.0031097603327180463,0.37600338,1.6046365,2955
4453,0.0009060926045584561,0.3581749,2.0786796,861
4454,0.0005914332680160886,0.36774048,1.160003,562
4455,7.57708101372925e-05,0.85679823,2.5559585,72
4456,0.010395334201891324,0.5703658,2.6817107,9878
4457,0.0005030339895225808,0.5287638,2.8022444,478
4458,0.00449468236244967,0.48525327,2.2820141,4271
4459,0.0007313987922974762,0.3153295,1.059802,695
4460,0.0008808356678460253,0.3081751,1.2491966,837
4461,0.01662327384623156,0.45094284,1.904321,15796
4462,0.00060616648109834,0.3761821,1.5860322,576
4463,0.0005745953102078014,0.35719448,1.5038898,546
4464,0.0003115022194533136,0.35303456,1.180871,296
4465,0.0014606928398689166,0.4008784,1.4922699,1388
4466,0.0005040863618855987,0.4035857,1.4170688,479
4467,0.0034644098190550958,0.70624316,2.1498597,3292
4468,0.004869326923684061,0.62680155,2.5018718,4627
4469,0.00023678378167903906,0.664929,2.007462,225
4470,0.0008292694220581457,0.38844892,1.9724032,788
4471,0.0056996487181052245,0.45697796,1.8986195,5416
4472,0.003980072276933892,0.65550625,2.404205,3782
4473,0.0024194040625782703,0.5031917,2.173403,2299
4474,0.023900428736500695,0.5494238,2.8789017,22711
4475,0.0027435347503877994,0.39616334,2.0635552,2607
4476,0.0015101543409307603,0.3824928,1.3867838,1435
4477,4.4199639246753955e-05,0.25817782,0.5373274,42
4478,0.0054449746062548805,0.7388604,3.1547086,5174
4479,0.0011144623324360105,0.3348133,1.3351127,1059
4480,0.008153781068663088,0.7174851,3.5002332,7748
4481,0.003699088856008099,0.30255505,1.0268916,3515
4482,5.261861815089757e-06,0.21559149,0.27018094,5
4483,0.009380847243942019,0.29588372,1.1548748,8914
4484,0.0003420210179808342,0.3879266,1.8881205,325
4485,0.015109962388211745,0.4465515,1.4230528,14358
4486,0.00030729273000124177,0.4489526,1.9828854,292
4487,0.0006187949494545554,0.5144412,2.677927,588
4488,0.000822955187880038,0.4461877,2.1334321,782
4489,0.033497012314861394,0.38057843,1.1359692,31830
4490,0.004863012689505953,0.5263325,1.9163946,4621
4491,0.0022310294095980567,0.39132002,1.2633289,2120
4492,0.0017132622069932248,0.50536907,1.9524777,1628
4493,0.0035201855542950473,0.6179064,2.124571,3345
4494,0.003653836844398327,0.9803318,2.7701085,3472
4495,0.0030792415341905255,0.41060835,1.693374,2926
4496,0.0006745706846945068,0.28986195,0.70874125,641
4497,0.004684109387792902,0.34528238,1.0913392,4451
4498,0.003728555282172602,0.3279154,1.3099856,3543
4499,0.0014354359031564857,0.3025197,0.82147175,1364
4500,0.0030024183516902153,0.55142635,2.5551376,2853
4501,0.0001599605991787286,0.32146356,0.9768097,152
4502,0.0014112313388070729,0.34382802,1.5578692,1341
4503,0.0010871006509975438,0.3107425,0.84464604,1033
4504,0.0009366114030859768,0.33144847,1.3139216,890
4505,0.0003188688259944393,0.31882945,0.97722244,303
4506,0.005957479947044622,0.88587797,2.3608508,5661
4507,0.0036727795469326504,0.364792,1.1152709,3490
4508,0.0013680840719233367,0.44822142,1.582684,1300
4509,0.0037327647716246734,0.7335813,2.2512474,3547
4510,0.0050303398952258075,0.51478344,2.272827,4780
4511,0.000888202274387151,0.34022215,1.1751363,844
4512,0.006718345165506601,0.4296101,1.6423874,6384
4513,0.0030624035763822384,0.40766117,1.6763971,2910
4514,0.0012586373461694698,0.54323983,2.1006942,1196
4515,0.002574102799941909,0.57608855,2.2156084,2446
4516,0.014866864372354599,0.33977488,1.1487628,14127
4517,0.003980072276933892,0.360777,1.2394825,3782
4518,0.004409440201045217,0.39127833,1.6331531,4190
4519,0.005178724398411339,0.38682368,1.1036767,4921
4520,0.0029729519255257126,0.6220632,2.1191497,2825
4521,0.03490087704712734,1.434921,2.9809186,33164
4522,0.0017479904949728171,0.3653604,0.952839,1661
4523,0.0014238598071632882,0.34474662,1.1736122,1353
4524,0.012823157243373738,0.6003479,1.7350438,12185
4525,0.0036664653127545426,0.47175017,1.6872485,3484
4526,0.019382594182064627,0.55268455,2.3030508,18418
4527,0.0019174224454187073,0.48534164,1.7361056,1822
4528,0.006876201019959294,0.47444776,1.9030623,6534
4529,0.01178867521052709,0.45147893,1.6840986,11202
4530,0.004416806807586342,0.55290884,2.4937944,4197
4531,0.0007282416752084224,0.3314982,1.5670582,692
4532,0.0007092989726740993,0.571932,3.476735,674
4533,0.0039032490944335817,0.3022089,1.0347598,3709
4534,0.0013554556035671214,0.3522857,2.0511246,1288
4535,0.005220819292932057,0.7800715,2.8511486,4961
4536,0.0016764291742875966,0.63568884,3.230127,1593
4537,0.0002872976551039007,0.35359845,1.0316594,273
4538,0.004774613411012445,0.78506845,3.0967007,4537
4539,0.002791943879086625,0.3605024,1.329269,2653
4540,0.0020836972787755437,0.38710704,1.3986529,1980
4541,0.0005072434789746526,0.4439715,1.4023942,482
4542,0.0021984058663445005,0.6351362,2.441529,2089
4543,0.0009018831151063843,0.59910846,2.3367012,857
4544,0.002639349886449022,0.39036793,1.7888333,2508
4545,0.005786995624235715,0.5713483,2.3150172,5499
4546,0.0020447595013438793,0.99892753,2.8185809,1943
4547,0.004979826021800946,0.3514847,1.2864516,4732
4548,0.0021563109718237823,0.326433,1.0344808,2049
4549,0.0018311279116512353,0.69449145,2.372402,1740
4550,9.471351267161562e-06,3.0663126,6.808987,9
4551,0.001210228217470644,0.36142483,1.076091,1150
4552,0.002397304242954893,0.4292718,1.4107039,2278
4553,0.002787734389634553,0.5281414,1.855247,2649
4554,0.00819377121845777,0.4698786,1.6788212,7786
4555,0.0018469134970965047,0.3585232,1.2187626,1755
4556,0.005820671539852289,0.4814767,1.6598287,5531
4557,0.0002988737510970982,0.34369522,1.4200435,284
4558,0.016137077814517266,0.44041058,1.6486137,15334
4559,0.0010523723630179514,0.32966572,0.9157897,1000
4560,0.0038380020079264686,0.59048855,1.8241614,3647
4561,0.0009271400518188152,0.29175505,1.0542848,881
4562,0.005374465657932677,0.3131782,1.2684166,5107
4563,0.001948993616309246,0.9750771,3.2262325,1852
4564,0.01479425067930636,0.48995942,1.3896195,14058
4565,0.017367301106885252,0.37984318,1.4962058,16503
4566,0.004513625064983993,0.54434544,2.1491666,4289
4567,0.0005556526076734783,0.3573059,1.7356193,528
4568,0.0006356329072628427,0.43296835,1.4500101,604
4569,0.0028035199750798224,0.59651685,2.0271447,2664
4570,0.0016322295350408426,0.32186526,0.9065905,1551
4571,0.001430174041341396,0.30312172,0.84560764,1359
4572,0.002286805144838008,0.6608114,2.4160488,2173
4573,0.0023520522313451213,1.0675801,2.7403362,2235
4574,0.0030150468200464305,0.5764299,2.2672296,2865
4575,1.7890330171305172e-05,2.862521,9.562656,17
4576,0.0004651485844539345,0.43190524,1.4776367,442
4577,0.0016332819074038605,0.3015977,1.2984208,1552
4578,0.0013175701984984751,0.3845115,1.0535716,1252
4579,0.00568175838793392,0.44592726,1.7208332,5399
4580,0.009188263101509733,0.6398347,2.7903106,8731
4581,0.003010837330594359,0.5857556,1.9800916,2861
4582,0.002745639495113835,0.7136984,2.2747514,2609
4583,0.006501556458724904,0.5390453,2.4064035,6178
4584,0.00028940239982993665,0.30051064,0.70708567,275
4585,0.005180829143137375,0.78058314,2.8432114,4923
4586,0.0033833771471027136,0.44961405,1.5055279,3215
4587,0.0015385683947322449,1.0420568,2.585513,1462
4588,0.0020437071289808617,0.47085485,1.9364396,1942
4589,0.0074118585527354315,0.66219777,2.4271219,7043
4590,0.0014396453926085575,0.47255775,2.19768,1368
4591,0.0013038893577792417,0.49350685,1.8358983,1239
4592,0.0013007322406901878,0.4417701,1.6406009,1236
4593,0.003996910234742179,0.604342,2.3331506,3798
4594,0.0036833032705628297,0.68700504,2.389195,3500
4595,0.00014312264137044138,0.29185456,0.6776855,136
4596,0.015327803467356462,0.47864255,1.6895132,14565
4597,0.000736660654112566,0.5176226,2.767263,700
4598,0.004871431668410097,0.35025048,1.3555464,4629
4599,0.008458969053938293,0.7118717,2.243557,8038
4600,0.0027603727081960865,0.43388146,1.7018765,2623
4601,0.0003378115285287624,0.52861106,2.9125001,321
4602,0.0029550615953544074,0.9401218,3.2264736,2808
4603,0.0017248383029864222,0.31341285,1.0733858,1639
4604,0.001296522751238116,0.4047828,1.7228456,1232
4605,0.002033183405350682,0.40015543,1.561139,1932
4606,0.0003946396361317318,0.41053754,1.345974,375
4607,0.0012207519411008235,0.40167254,1.7103976,1160
4608,0.0006535232374341478,0.5728137,2.7857149,621
4609,0.00444837797847688,0.54313505,2.1854146,4227
4610,0.0009692349463395332,1.143988,3.378749,921
4611,0.0013743983061014445,0.44790077,2.1738484,1306
4612,0.000863997710037738,0.3354801,1.6552457,821
4613,0.001209175845107626,0.54970104,1.8281417,1149
4614,0.0013175701984984751,0.35604405,0.92115045,1252
4615,0.010935201224119532,0.34722242,1.0858097,10391
4616,0.002765634570011176,0.43504316,1.8214139,2628
4617,0.0015017353620266165,0.3257254,0.9399465,1427
4618,0.0007861221551744097,0.4216788,1.7267197,747
4619,0.00471568055868344,0.40254992,1.6719899,4481
4620,0.0010881530233605617,0.41944867,1.388509,1034
4621,0.0025814694064830346,0.45018122,1.4316627,2453
4622,0.00036727795469326504,0.4741356,2.0475993,349
4623,0.0017774569211373198,0.4118153,1.62347,1689
4624,0.0048103940713550555,1.1205306,3.0767457,4571
4625,0.0010460581288398436,0.2908816,0.7299193,994
4626,0.006240568112696451,0.6304936,2.4123187,5930
4627,0.0005556526076734783,0.36958092,1.3188833,528
4628,0.0011302479178812797,0.33993578,1.0811634,1074
4629,0.0007724413144551763,0.3311028,1.1128138,734
4630,0.0021920916321663928,0.80674106,1.6905077,2083
4631,0.0018079757196648404,0.4027352,2.2077463,1718
4632,7.471843777427455e-05,0.30202222,0.69042957,71
4633,0.008407402808150414,0.81535846,2.6988587,7989
4634,0.001599605991787286,0.6347829,2.7005498,1520
4635,0.008791518720651965,0.50102645,2.1567895,8354
4636,0.002482546404359347,0.45718384,1.5075428,2359
4637,0.0022447102503172904,0.3437449,1.0083205,2133
4638,0.0033170776882325828,0.44258708,1.4424758,3152
4639,0.003219207058471913,0.3981787,1.5165018,3059
4640,0.008888336978049617,0.5559987,2.0673556,8446
4641,0.00606692667279849,0.40399083,1.5991278,5765
4642,0.0009366114030859768,0.5593593,1.9979429,890
4643,0.005199771845671697,0.63144124,2.6383605,4941
4644,0.001622758183773681,0.6347802,1.8612734,1542
4645,0.00018311279116512355,0.32674554,0.79365283,174
4646,0.004088466630324741,1.015265,2.8343146,3885
4647,0.001623810556136699,0.26710787,0.6215093,1543
4648,0.0018269184221991635,0.49405888,2.0614247,1736
4649,5.7880479965987325e-05,0.23976988,0.46815383,55
4650,0.0004840912869882576,0.29892114,0.8049615,460
4651,0.006178478143278393,0.32288226,1.0132667,5871
4652,0.004665166685258578,0.5509189,1.9476347,4433
4653,0.0009260876794557972,0.657841,2.3411818,880
4654,0.0011839189083951954,0.31131503,1.0010326,1125
4655,0.00035149236924799575,0.33595598,0.9510388,334
4656,0.0027530061016549606,0.4091848,1.9433628,2616
4657,0.0031297554076153873,0.70738906,2.3843448,2974
4658,0.0027845772725454995,0.45428053,1.9848123,2646
4659,0.0005293432985980295,0.41511467,1.645161,503
4660,0.0009808110423327307,0.32872477,1.0633477,932
4661,0.003543337746281442,0.5177578,1.9147067,3367
4662,0.008437921606677935,0.5446612,2.1617374,8018
4663,0.0009650254568874615,0.7478473,2.0535831,917
4664,0.0007429748882906736,0.34696466,1.9691916,706
4665,0.000799802995893643,0.36213848,1.1266016,760
4666,0.0055333738847483886,0.88189596,2.8166842,5258
4667,0.005514431182214065,0.35834765,1.5065496,5240
4668,0.0041210901735782976,0.45549297,1.7556689,3916
4669,0.001298627495964152,0.35355726,1.0365773,1234
4670,0.001537516022369227,0.9148862,3.0196457,1461
4671,0.0005935380127421245,0.35987806,1.0637625,564
4672,0.0007313987922974762,0.4222734,1.7664847,695
4673,0.002397304242954893,0.63698715,2.2083235,2278
4674,0.0012491659949023083,0.36417234,1.4371396,1187
4675,0.001144981130963531,0.32745945,1.178967,1088
4676,0.0005872237785640169,0.36877313,1.8225273,558
4677,0.0019311032861379408,0.31423834,1.430638,1835
4678,0.001279684793429829,0.31625918,1.0293978,1216
4679,0.003826425911933271,0.7411902,2.004811,3636
4680,0.0011586619716827645,0.42650968,1.9162824,1101
4681,0.005820671539852289,0.4011487,1.782339,5531
4682,7.050894832220274e-05,0.28068632,0.62748027,67
4683,0.006927767265747174,0.7465998,2.5489588,6583
4684,0.004222117920428021,0.5600163,2.1862319,4012
4685,0.0035359711397403167,0.69376653,2.7912762,3360
4686,0.007252950325919721,0.43631575,1.3607502,6892
4687,0.0034075817114521266,0.40016183,1.3847187,3238
4688,0.0007071942279480633,0.4051398,1.5387025,672
4689,0.0012081234727446082,0.4771067,1.576238,1148
4690,0.0018584895930897022,0.5302258,1.7941802,1766
4691,0.0008682071994898098,0.32060057,1.1600548,825
4692,0.00019574125952133894,0.32115516,0.7902321,186
4693,0.006794115975643894,0.6240453,1.937694,6456
4694,0.0005167148302418141,1.1997172,2.6596372,491
4695,0.002315219198639493,0.30850762,0.929339,2200
4696,0.001104990981168849,0.3881316,1.5256674,1050
4697,0.0009555541056202999,162.35683,399.8662,908
4698,0.0034949286175826166,0.6168091,2.266702,3321
4699,0.0022173485688788235,0.3604326,1.4870842,2107
4700,0.0021731489296320694,0.33993185,1.432862,2065
4701,0.002879290785217115,1.0269564,3.006009,2736
4702,0.00134072239048487,0.29670388,0.7445246,1274
4703,0.0005809095443859092,0.37784046,1.6823437,552
4704,0.004595710109299394,0.8277331,2.6290462,4367
4705,0.003209735707204752,0.36676434,1.118302,3050
4706,0.001688005270280794,0.36591944,1.0372818,1604
4707,0.0005009292447965448,0.3029822,0.96747345,476
4708,0.00041673945575510874,0.36424315,1.1263247,396
4709,0.007668637409311812,0.30872008,0.9215397,7287
4710,0.0004840912869882576,1.2507845,2.074299,460
4711,0.0022205056859678773,0.5960897,2.142356,2110
4712,0.006053245832079257,0.69881123,2.3948386,5752
4713,0.0037096125796382785,0.50622714,1.7445593,3525
4714,0.04986982153869468,1.1280565,2.474236,47388
4715,0.002269967187029721,0.41509783,1.502876,2157
4716,0.0026667115678874888,0.33368176,1.2616391,2534
4717,0.006870939158144205,0.5366369,2.0423188,6529
4718,0.002556212469770604,0.41304955,2.1936822,2429
4719,0.0063742194027997315,0.62400365,2.7012084,6057
4720,0.003512818947753922,0.49362656,2.3223896,3338
4721,0.00044304876483055753,0.33190927,1.3305331,421
4722,0.003373905795835552,0.9335631,2.5190928,3206
4723,0.005849085593653774,0.5149255,2.164432,5558
4724,0.005474441032419383,0.5150601,2.4142873,5202
4725,0.0011618190887718184,0.3245813,1.0559251,1104
4726,0.00480302746481393,0.4356398,1.6781226,4564
4727,0.0009618683397984076,0.8357056,2.686903,914
4728,0.0006135330876394657,0.55186486,1.7062855,583
4729,0.003291820751520152,0.42281955,1.5448804,3128
4730,0.001210228217470644,0.4916901,2.059244,1150
4731,0.004478896777004401,0.62150884,2.2605624,4256
4732,0.0019616220846654614,0.34687448,1.3980497,1864
4733,0.0071603415579741415,0.39492533,1.4079959,6804
4734,0.0020647545762412208,0.31978863,1.3936443,1962
4735,0.017972415215620572,0.46696702,2.2508893,17078
4736,3.999014979468215e-05,0.28122714,0.48522893,38
4737,0.001689057642643812,0.42819193,1.955263,1605
4738,0.00129967986832717,124.75406,403.1994,1235
4739,0.004208437079708788,0.36286494,1.2035292,3999
4740,0.008381093499074965,0.4115566,1.6829672,7964
4741,0.006854101200335918,0.59498703,2.0119953,6513
4742,0.0011344574073333515,0.33708307,1.1382633,1078
4743,0.002007926468638251,0.28499523,0.84218836,1908
4744,0.008281118124588259,0.4393893,1.8539581,7869
4745,0.002704596972956135,0.42298484,1.782729,2570
4746,0.0013354605286697804,0.28454483,0.87372315,1269
4747,0.005462864936426185,0.41915473,1.6654246,5191
4748,0.003334968018403888,0.35646385,1.3104463,3169
4749,0.00036727795469326504,0.3137041,0.9394398,349
4750,0.0014228074348002703,0.3165672,0.93180466,1352
4751,0.002135263524563423,0.41267762,1.7073706,2029
4752,0.0021605204612758543,0.34517804,1.1802698,2053
4753,0.00013786077955535162,0.33509785,0.76563776,131
4754,0.0010565818524700232,0.43039343,1.9298598,1004
4755,0.0015490921183624244,0.4689271,1.3777056,1472
4756,0.0018963749981583484,0.4380389,1.8087231,1802
4757,0.0004609390950018627,0.4980698,2.4032586,438
4758,0.003310763454054475,0.5016534,1.8998672,3146
4759,0.0015869775234310707,0.42496917,1.9317517,1508
4760,0.0020468642460699155,0.39915925,1.5826097,1945
4761,1.578558544526927e-05,0.24792264,0.3583339,15
4762,0.00048514365935127556,0.33834362,1.2496883,461
4763,7.892792722634635e-05,0.27803025,0.5164634,75
4764,0.005097691726458956,0.42292634,1.6024054,4844
4765,0.002015293075179377,0.32237393,1.3129115,1915
4766,0.0015617205867186398,0.3467043,0.96699554,1484
4767,0.0012218043134638416,2.9121678,15.182359,1161
4768,0.0009566064779833178,0.433565,2.1441119,909
4769,0.0006093235981873939,0.35788205,1.5802898,579
4770,0.0017879806447674994,0.40125334,1.4996942,1699
4771,0.0016564340993902554,0.34605837,1.06061,1574
4772,0.0028245674223401815,0.40023407,1.2608446,2684
4773,0.0007387653988386019,0.35477328,1.4350209,702
4774,0.01061843714285113,0.5661796,1.9228674,10090
4775,0.002837195890696397,0.36085743,1.5919108,2696
4776,0.0026909161322369018,0.48290315,1.6491708,2557
4777,0.0014364882755195036,0.32534435,0.8295765,1365
4778,0.0036517320996722912,0.61005527,2.186392,3470
4779,0.0008187456984279661,0.3267847,1.2726207,778
4780,0.0015585634696295859,0.4978356,2.1379414,1481
4781,0.0020900115129536515,0.4228592,1.4859579,1986
4782,0.0032044738453896617,0.47579575,2.322882,3045
4783,0.0013102035919573495,0.3384006,1.0985184,1245
4784,0.00025783122893939807,0.33826908,0.85206807,245
4785,0.0028982334877514383,0.63750106,2.497036,2754
4786,0.0031886882599443927,0.76178527,2.6359,3030
4787,2.6309309075448786e-05,0.2700156,0.43005204,25
4788,0.004714628186320422,0.58050483,1.9900116,4480
4789,0.0005661763313036578,0.48079696,2.5809693,538
4790,0.0005756476825708194,0.5771658,2.17897,547
4791,0.002654083099531273,0.33279768,0.9222989,2522
4792,0.002597254991928304,0.61348087,2.1075666,2468
4793,0.0009913347659629103,0.4878365,2.4711115,942
4794,0.0008061172300717508,0.31725556,1.1383388,766
4795,0.0003851682848645702,0.42015973,1.722261,366
4796,0.0007913840169894994,0.42277467,1.6933534,752
4797,0.001626967673225753,0.5295161,1.981788,1546
4798,0.0030413561291218793,0.34136075,0.8546815,2890
4799,0.000820850443154002,0.4209639,1.7044044,780
4800,0.0072634740495499004,0.39680502,1.177661,6902
4801,0.003980072276933892,0.42969063,1.4203093,3782
4802,0.0010471105012028615,0.3813684,1.1075809,995
4803,0.0010134345855862873,0.5382737,2.0735888,963
4804,0.0006903562701397762,0.41342592,1.3726138,656
4805,0.010601599185042842,0.41140997,1.5100304,10074
4806,0.0013049417301422598,0.55966914,2.1085324,1240
4807,0.0037790691555974632,0.43162036,1.7591608,3591
4808,0.0020268691711725745,0.32407102,1.0238701,1926
4809,0.006527865767800353,0.5820633,1.9769508,6203
4810,0.0021963011216184643,0.68036336,2.7476807,2087
4811,0.010511095161823298,0.5332305,2.2864416,9988
4812,0.00022205056859678774,0.27812514,0.71132374,211
4813,0.0005514431182214065,0.7072319,1.6383289,524
4814,0.0019584649675764075,0.652614,2.126503,1861
4815,0.0021699918125430155,0.59239495,2.3153198,2062
4816,0.007709679931469511,0.44297716,1.6505042,7326
4817,0.0009113544663735459,0.8001713,2.5416734,866
4818,0.02233134154324093,0.44846582,2.7934673,21220
4819,0.006273191655950008,0.33910117,1.1021153,5961
4820,0.0002536217394873263,0.40323862,1.5704067,241
4821,0.0004904055211663653,0.26845866,0.65134066,466
4822,0.0019205795625077612,0.43163827,2.509521,1825
4823,0.004251584346592524,0.7800439,2.8984487,4040
4824,0.003815902188303092,0.5425708,2.161501,3626
4825,0.0006240568112696451,0.32872862,2.2513244,593
4826,0.001774299804048266,0.8155935,3.2247076,1686
4827,0.00022836480277489544,0.24914992,0.81555,217
4828,0.0045073108308058855,0.4582718,1.7400223,4283
4829,0.000951344616168228,0.37306792,1.6610956,904
4830,0.017452543268289704,0.50611866,1.9056718,16584
4831,0.0010471105012028615,136.50157,347.71744,995
4832,0.0018995321152474021,0.4159586,1.6204557,1805
4833,0.0003272878048985829,0.31152433,0.7966557,311
4834,0.007097199216193064,0.49754298,1.1615111,6744
4835,0.0006672040781533811,0.49846756,2.243492,634
4836,0.0026488212377161835,0.38956308,1.3269638,2517
4837,0.01106464302477074,0.44900045,3.0388453,10514
4838,0.0036475226102202192,0.6277633,2.6779466,3466
4839,0.0008913593914762048,0.38185835,2.275742,847
4840,0.0015859251510680528,0.7004645,2.5769796,1507
4841,0.0016848481531917402,0.56141394,1.6998656,1601
4842,0.0013312510392177084,0.48136196,1.8067918,1265
4843,0.002985580393881928,0.3410769,1.1305665,2837
4844,0.00578910036896175,0.42443544,1.9794483,5501
4845,0.0009166163281886356,0.38084656,1.3109617,871
4846,0.001081838789182454,0.28443834,0.83951616,1028
4847,0.0015764537998008911,0.35864595,1.1595433,1498
4848,0.0008145362089758944,0.35385922,1.2319843,774
4849,0.0028719241786759895,0.3916737,1.6955738,2729
4850,0.0005072434789746526,0.45060354,2.0670712,482
4851,0.0003199211983574572,0.27601188,0.7251527,304
4852,0.0011165670771620465,3.046839,22.329367,1061
4853,0.00472094242049853,0.62311137,2.2211168,4486
4854,0.0004262108070222703,0.67167497,3.1548212,405
4855,0.0019384698926790665,0.6811219,2.472415,1842
4856,0.001686952897917776,0.8686446,3.1328807,1603
4857,0.0029361188928200845,0.61294925,1.8306565,2790
4858,0.0009681825739765152,0.31986815,1.0855654,920
4859,0.0041326662695714955,0.3894878,1.33292,3927
4860,0.0003420210179808342,0.39093065,1.8964261,325
4861,0.00040095387030983945,0.26550606,0.631879,381
4862,0.001644858003397058,0.3401831,1.2012128,1563
4863,0.0016353866521298965,0.46337545,1.781831,1554
4864,0.002012135958090323,0.32576102,0.95149535,1912
4865,0.002808781836894912,0.40365672,1.810353,2669
4866,0.0005209243196938859,0.41644537,1.8314282,495
4867,0.006870939158144205,0.62680155,2.2169223,6529
4868,0.00032623543253556495,0.3690837,1.1667832,310
4869,0.0008797832954830074,0.3426115,1.0416147,836
4870,0.0025172746923389396,0.458284,1.6510612,2392
4871,0.01498473007701261,0.515087,2.100338,14239
4872,0.009110387546646405,0.5504223,2.0293424,8657
4873,0.001127090800792226,0.51276666,2.1600962,1071
4874,0.0015638253314446758,0.8705675,2.5627625,1486
4875,0.0010429010117507897,0.35231036,1.2930925,991
4876,0.005055596831938239,0.53632474,2.459426,4804
4877,0.0022752290488448107,0.3615339,1.7915542,2162
4878,0.0017385191437056557,0.50920874,3.061989,1652
4879,0.003284454144979026,0.31623775,0.76176655,3121
4880,0.0014070218493550009,0.42589796,1.4852304,1337
4881,0.0010302725433945744,0.5087569,1.5947875,979
4882,0.00016311771626778248,0.8436718,3.1948721,155
4883,0.0007608652184619789,0.33530065,1.7194257,723
4884,0.004482053894093455,0.33968997,0.9096752,4259
4885,0.006547860842697694,0.42106953,1.5042539,6222
4886,0.001986879021377892,0.45464233,1.7758178,1888
4887,0.011660285782238902,0.58062774,1.6983331,11080
4888,0.0003588589757891214,0.38311362,1.5962356,341
4889,0.0030055754687792692,0.79023343,2.5029187,2856
4890,0.00035149236924799575,0.29954827,1.4673965,334
4891,0.005806990699133056,0.3986424,1.3058808,5518
4892,0.0007608652184619789,0.39491335,1.0819504,723
4893,0.007884373743730492,0.65201557,2.4206245,7492
4894,0.010112246036239494,0.58957505,2.931446,9609
4895,0.011454020799087382,0.5886875,1.8410387,10884
4896,0.004047424108167041,0.74551296,3.7236483,3846
4897,0.003067665438197328,0.5152169,1.72491,2915
4898,0.002273124304118775,0.3230618,1.2900418,2160
4899,0.002141577758741531,0.32084498,2.1651616,2035
4900,0.00033360203907669057,0.45879158,2.3448122,317
4901,0.008087481609792956,0.63149995,2.096284,7685
4902,0.006033250757181915,0.3348746,0.95057976,5733
4903,0.03313604859434623,0.68283796,2.52824,31487
4904,0.0002462551329462006,0.2976556,0.8109401,234
4905,0.0006198473218175733,0.42923313,1.4792775,589
4906,0.002355209348434175,0.57764363,2.1282465,2238
4907,0.00015469873736363886,0.49190363,2.4422283,147
4908,0.00294348549936121,0.5580035,2.343051,2797
4909,0.005621773163241897,0.42584428,1.746416,5342
4910,0.010831016360180756,0.4160467,1.727662,10292
4911,2.5256936712430834e-05,0.2572226,0.49847433,24
4912,0.0027814201554564456,0.5080613,2.2419696,2643
4913,0.0012470612501762723,0.30381906,0.81866664,1185
4914,0.0022478673674063442,0.33854148,1.1121359,2136
4915,0.0015743490550748553,0.3617424,1.487722,1496
4916,0.02771948804189284,0.49221826,1.3739592,26340
4917,0.002427823041482414,0.5277244,1.8851796,2307
4918,0.0008418978904143611,0.35164508,0.9537451,800
4919,0.002407827966585073,0.34763032,0.99798906,2288
4920,0.0013565079759301393,0.29320148,1.0333016,1289
4921,0.014405925277352736,0.40115696,1.3864315,13689
4922,0.0022352388990501287,0.345996,0.94384086,2124
4923,0.004323145667277744,0.717089,2.6111727,4108
4924,0.001473321308225132,0.33940732,1.4943289,1400
4925,0.0002557264842133622,0.4858709,2.0462265,243
4926,0.000758760473735943,0.34101814,1.0276237,721
4927,0.0016174963219585912,0.60315824,1.8339964,1537
4928,0.0006587850992492376,0.41771832,2.6523166,626
4929,0.005340789742316103,0.5357921,1.8524948,5075
4930,0.0050219209163216635,0.700185,1.8611116,4772
4931,0.0010208011921274127,0.4777908,2.2787676,970
4932,0.024377153416947826,0.3253278,1.8305273,23164
4933,0.0002725644420216494,0.39462087,2.559263,259
4934,0.024212983328317027,0.49460495,3.15492,23008
4935,0.004153713716831854,0.33851945,0.9725234,3947
4936,0.005454445957522042,0.72759676,2.8663902,5183
4937,0.0022636529528516133,0.53105915,1.9964461,2151
4938,0.006654150451362507,0.628913,1.9279423,6323
4939,0.004837755752793523,0.80100584,2.5164552,4597
4940,0.0032981349856982594,0.6593642,2.4016721,3134
4941,0.0008155885813389124,0.3184618,1.0306263,775
4942,0.0019995074897341076,0.36172354,1.2789246,1900
4943,0.0007534986119208532,0.4059094,1.2971826,716
4944,0.002336266645899852,0.4526972,1.3638932,2220
4945,0.001276527676340775,0.34082153,1.2419164,1213
4946,0.0008513692416815227,0.40192133,1.5883297,809
4947,0.0009281924241818331,0.32307994,1.0155957,882
4948,0.006542598980882604,0.4148742,1.7566091,6217
4949,0.0042326416440582005,0.5936036,2.4692574,4022
4950,0.0035959563644323398,0.3440734,1.1782335,3417
4951,0.04743357951830812,1.0079759,2.1949959,45073
4952,0.009711292165929655,0.5994272,2.7027845,9228
4953,0.0007892792722634636,0.3498057,1.4163752,750
4954,0.0200550601220331,0.44535235,1.877296,19057
4955,0.0011723428124019977,0.3298923,0.9114367,1114
4956,0.00014838450318553113,0.26467034,0.57999176,141
4957,0.007079308886021759,0.28890538,0.98646253,6727
4958,0.0029918946280600356,0.3533175,1.0233874,2843
4959,0.0008197980707909841,0.37672383,2.3845205,779
4960,0.0004609390950018627,0.48931986,1.960634,438
4961,0.0017427286331577274,0.86048895,2.785476,1656
4962,0.003550704352822568,0.7131957,2.3704023,3374
4963,0.0007114037174001352,0.37247264,2.4106245,676
4964,0.0007008799937699556,0.39276704,1.4404142,666
4965,0.0006829896635986505,0.48548678,2.5534813,649
4966,0.0011586619716827645,0.30356973,1.1164408,1101
4967,0.0025267460436061012,0.44641104,1.7388122,2401
4968,0.003131860152341423,0.8662441,2.7101803,2976
4969,0.0010029108619561077,144.035,357.3788,953
4970,0.0009376637754489947,0.38200936,1.0801353,891
4971,0.00804433434290922,0.5509117,2.1377761,7644
4972,0.0004051633597619113,0.37299788,1.4926252,385
4973,0.0002441503882201647,0.46226767,1.7500838,232
4974,0.00574279598498896,0.43707523,2.5969682,5457
4975,1.0523723630179514e-05,0.28699413,0.40252507,10
4976,0.0012460088778132544,0.49321324,2.442734,1184
4977,0.00037990642304948043,0.3323212,0.91131556,361
4978,0.003894830115529438,0.5687728,2.4815788,3701
4979,0.008140100227943854,0.35953912,1.1487223,7735
4980,0.0011460335033265491,0.38627917,1.5609484,1089
4981,0.000475672308084114,0.36147302,0.9854202,452
4982,0.006055350576805292,0.5262304,2.1371946,5754
4983,0.02135368761799725,0.84205556,1.9745424,20291
4984,0.0060511410873532205,0.61568904,2.3729734,5750
4985,2.104744726035903e-05,0.29565874,0.84995997,20
4986,0.0017900853894935354,0.3695345,1.5483812,1701
4987,0.0015427778841843166,0.6932376,2.3702815,1466
4988,0.005079801396287651,0.52382755,2.084609,4827
4989,0.0023941471258658396,0.40891534,1.6056216,2275
4990,0.00013259891774026187,0.3652309,1.0803307,126
4991,0.002508855713434796,0.47908273,1.6856232,2384
4992,0.0024962272450785804,0.3259647,1.2369562,2372
4993,0.0024741274254552036,0.6614724,2.3263311,2351
4994,0.002577259917030963,0.3463141,1.0532271,2449
4995,0.0019205795625077612,0.32228804,0.90611184,1825
4996,0.00034307339034385213,0.27977294,0.7217735,326
4997,0.004463111191559132,0.39758047,1.2627805,4241
4998,0.0009587112227093537,0.37320346,1.4525275,911
4999,0.0011113052153469566,0.32865825,1.2881446,1056
5000,0.009301919316715672,0.45794183,1.1410997,8839
5001,0.019769867211655235,0.3126173,1.0414892,18786
5002,0.0021763060467211233,0.46082115,1.975639,2068
5003,0.0002746691867476853,1.015202,3.632245,261
5004,0.003361277327479337,1.0905565,3.727023,3194
5005,0.0018048186025757865,0.4134541,1.9107786,1715
5006,0.0007829650380853558,0.3559349,1.3812331,744
5007,0.0005524954905844245,0.30560353,1.4703963,525
5008,0.003306553964602403,0.5303937,1.8230448,3142
5009,0.0029497997335393177,0.40152606,1.6413238,2803
5010,0.0011839189083951954,0.5061371,2.5419714,1125
5011,0.001774299804048266,0.3838369,1.2732952,1686
5012,0.0012039139832925364,0.3399868,1.4354498,1144
5013,0.005187143377315483,0.48261648,1.7267592,4929
5014,0.002963480574258551,0.29864696,0.8792254,2816
5015,0.000799802995893643,0.362731,2.1766715,760
5016,0.000151541620274585,0.3162022,1.3767005,144
5017,0.00047251519099506017,0.36468008,1.2827921,449
5018,0.002163677578364908,0.45794994,1.6609215,2056
5019,0.0013323034115807265,0.3814427,1.3253105,1266
5020,0.0003093974747272777,0.3910045,1.5331596,294
5021,0.003705403090186207,0.45850745,1.7529263,3521
5022,0.00022626005804885955,0.26306048,0.730204,215
5023,0.0028508767314156303,0.7704498,2.8665516,2709
5024,0.009500817693326065,0.48802587,2.4686944,9028
5025,0.0023446856248039954,0.34744367,1.3946971,2228
5026,0.005658606195947525,0.3636413,1.1453971,5377
5027,0.0009187210729146715,0.35008797,1.1903664,873
5028,0.0058711854132771505,0.35266995,1.4738674,5579
5029,0.0032581448359035774,0.71114284,2.5584092,3096
5030,0.0025856788959351066,0.33618602,1.0513175,2457
5031,0.004226327409880093,0.36672154,1.1164633,4016
5032,0.003919034679878851,0.4667936,1.5024136,3724
5033,0.0019311032861379408,0.77218944,2.0865252,1835
5034,0.003418105435082306,0.7873233,2.731493,3248
5035,0.0008945165085652586,0.34704655,1.3459924,850
5036,0.001102886236442813,0.3551957,1.0936058,1048
5037,0.0006440518861669862,0.445883,1.910417,612
5038,1.683795780828722e-05,0.31265095,0.4602433,16
5039,0.0019847742766518563,0.5384527,2.0504148,1886
5040,0.00298452802151891,0.4395438,1.5730246,2836
5041,0.0027382728885727093,0.6543153,2.3373113,2602
5042,0.001925841424322851,0.37735605,1.4101893,1830
5043,0.0018932178810692946,0.8009682,2.4767041,1799
5044,0.0008987259980173305,0.3297159,1.288302,854
5045,0.006552070332149765,0.8166252,2.6036215,6226
5046,0.0018584895930897022,0.92162865,2.9983857,1766
5047,0.001686952897917776,0.5709408,1.9341664,1603
5048,0.0015006829896635986,0.41818616,1.4906276,1426
5049,0.005862766434373007,0.37958354,3.2553096,5571
5050,0.0010650008313741667,0.31287363,0.8335351,1012
5051,0.04644855898652332,1.0830473,2.3262806,44137
5052,0.0035212379266580654,0.5703401,2.0596364,3346
5053,0.0006019569916462682,0.3866198,1.4412497,572
5054,0.01312413573919687,0.30279934,0.99603534,12471
5055,0.004563086566045837,0.41302443,1.8989723,4336
5056,0.02953272562337277,0.5152936,2.6029923,28063
5057,0.007600233205715645,0.5132505,1.6709878,7222
5058,0.0009124068387365639,0.38232478,2.0137935,867
5059,0.00038411591250155227,0.35692555,1.2641848,365
5060,0.0008387407733253073,0.5312407,2.9016962,797
5061,0.000411477593940019,0.39269584,1.4701778,391
5062,0.0034296815310755034,0.67822546,2.3641818,3259
5063,0.004457849329744042,0.84488326,2.6025586,4236
5064,0.0036885651323779194,1.0031447,3.6109712,3505
5065,0.004354716838168283,0.70580375,2.4410307,4138
5066,0.001168133322949926,0.43592665,1.6837142,1110
5067,0.0010555294801070053,0.36082038,1.1549165,1003
5068,0.001708000345178135,0.38956884,1.2198617,1623
5069,0.0014122837111700908,0.33495978,0.9567741,1342
5070,0.006198473218175734,0.62258315,2.9176192,5890
5071,0.001425964551889324,0.87720025,2.4346702,1355
5072,0.002707754090045189,0.6228033,2.9978507,2573
5073,0.01375661152937066,0.5317785,2.2854557,13072
5074,0.019756186370936003,0.31625083,1.1501013,18773
5075,0.00044831062664564726,0.5178808,3.1397011,426
5076,0.006506818320539993,0.8295678,2.6394856,6183
5077,0.0037727549214193554,0.39179772,1.4520866,3585
5078,0.00394008212713921,1.0225052,3.716392,3744
5079,2.2099819623376977e-05,0.22896671,0.32054943,21
5080,0.004559929448956783,0.71997046,2.6435015,4333
5081,0.00035359711397403164,0.5720512,1.8132882,336
5082,3.157117089053854e-05,0.30690828,0.679271,30
5083,0.0018300755392882174,0.489317,1.6185268,1739
5084,0.004225275037517075,0.70401484,2.714572,4015
5085,0.004457849329744042,0.52976036,2.1108835,4236
5086,0.00016101297154174656,0.36331257,0.78647965,153
5087,0.0003557018587000676,0.34720716,1.6456519,338
5088,0.000538814649865191,0.39374015,1.2677668,512
5089,0.0035349187673772986,0.38819408,1.450581,3359
5090,0.0017006337386370094,0.49136224,1.8416346,1616
5091,0.0017627237080550685,0.44334513,1.213725,1675
5092,0.006704664324787368,0.34072447,1.2674376,6371
5093,0.002374152050968498,0.3661236,1.1796311,2256
5094,0.006693088228794171,0.84850013,2.6540956,6360
5095,0.002007926468638251,0.40552503,1.7714164,1908
5096,0.0014185979453481986,0.4374366,1.744489,1348
5097,0.006075345651702633,1.0037112,2.7271512,5773
5098,0.003396005615458929,0.91217476,2.6936529,3227
5099,0.0005745953102078014,0.41606918,1.3839475,546
5100,0.0015133114580198142,0.35618576,1.3075676,1438
5101,0.0023046954750093134,1.1470695,3.1538768,2190
5102,0.001947941243946228,0.41819468,1.5599298,1851
5103,0.002144734875830585,0.5499448,2.0253236,2038
5104,0.00041884420048114463,0.37413558,1.413677,398
5105,0.0014375406478825217,0.4525027,1.8717841,1366
5106,0.03401162240037717,0.38946468,1.6134722,32319
5107,0.0008608405929486843,0.3224051,0.8987023,818
5108,0.0012165424516487517,0.5987546,2.478103,1156
5109,0.0014238598071632882,0.4748821,2.6584084,1353
5110,0.0007187703239412608,0.33817294,1.2911733,683
5111,0.0024751797978182217,0.44168136,1.5943857,2352
5112,0.0013080988472313135,0.36987624,1.2412312,1243
5113,0.0007545509842838711,0.34534112,1.4730225,717
5114,0.001733257281890566,0.32529682,0.8688252,1647
5115,0.00042515843465925235,0.38221565,1.3234897,404
5116,1.578558544526927e-05,0.267478,0.42022252,15
5117,0.002397304242954893,0.4158504,1.7028643,2278
5118,0.0017016861110000273,0.3439183,1.4466195,1617
5119,0.007737041612907979,0.4839429,1.4914787,7352
5120,0.0009629207121614255,0.38087434,2.4853432,915
5121,0.0003588589757891214,0.34811294,0.8187663,341
5122,0.00579962409259193,0.7171425,2.5145497,5511
5123,0.0064626186812932395,0.78547794,2.4448307,6141
5124,0.00311817931162219,0.81701726,2.5362973,2963
5125,0.0011007814917167772,0.27553442,1.060432,1046
5126,0.00046620095681695244,0.5397359,3.2414014,443
5127,0.00022415531332282363,0.29023924,0.83326095,213
5128,0.0008408455180513431,0.39220154,1.7004393,799
5129,0.003973758042755784,0.8247668,2.5698893,3776
5130,0.00041884420048114463,0.3080327,0.7366946,398
5131,0.12323069896467607,1.2181075,3.1738262,117098
5132,0.00041463471102907285,0.40571076,1.4659028,394
5133,0.0020668593209672566,0.40874988,1.2487249,1964
5134,0.0036054277156995014,0.5853382,2.834954,3426
5135,0.0011639238334978542,0.3813041,1.2097026,1106
5136,0.00904093097068722,0.56928575,2.0637994,8591
5137,0.0001231275664731003,0.2880056,0.60293317,117
5138,0.0036222656735077885,0.5391918,2.1434474,3442
5139,0.0010892053957235798,0.4070804,1.3842522,1035
5140,0.02139052065070288,0.37780538,1.9531884,20326
5141,0.00580488595440702,0.46782544,1.7992289,5516
5142,0.0038443162421045764,0.41417468,1.5910861,3653
5143,0.003913772818063761,0.51694196,1.7658366,3719
5144,0.0029687424360736406,0.60486513,1.9945872,2821
5145,0.0010565818524700232,0.29247677,0.8270849,1004
5146,0.0016395961415819683,0.353259,1.5954756,1558
5147,0.001965831574117533,0.37622428,1.3833507,1868
5148,0.0006208996941805913,0.46842888,1.2724788,590
5149,0.001815342326205966,0.34589404,1.3554137,1725
5150,0.007980139628765126,0.39992452,1.482739,7583
5151,0.008733638240685978,0.60977,2.693879,8299
5152,0.0024362420203865574,0.40104672,1.400752,2315
5153,0.0015427778841843166,0.49490172,2.0466166,1466
5154,0.0013617698377452292,0.36790195,1.3923419,1294
5155,0.008001187076025484,0.54233927,1.8737814,7603
5156,0.0014207026900742343,0.38595548,1.2517043,1350
5157,0.00010313249157575924,0.24781026,0.44757253,98
5158,0.017813506988804864,0.34205306,1.2182702,16927
5159,0.0003977967532207856,0.34757105,1.2852699,378
5160,0.002138420641652477,0.40535682,1.3735558,2032
5161,0.000996596627778,0.7751146,2.8324733,947
5162,0.0001578558544526927,0.36321616,2.0855296,150
5163,0.0011155147047990283,0.3672671,1.2436733,1060
5164,0.00027361681438466736,0.5086216,2.369764,260
5165,0.0009397685201750306,0.3741747,1.7374821,893
5166,0.0016427532586710222,0.47189754,1.4789981,1561
5167,0.0014249121795263061,0.3945146,1.8698487,1354
5168,0.00723295525102238,0.49577248,1.6664051,6873
5169,0.00142806929661536,0.37416312,1.3337486,1357
5170,0.015093124430403459,0.8892435,2.3919206,14342
5171,0.0024151945731261983,0.32529578,1.7243057,2295
5172,0.01008383198243801,0.45737913,1.5378833,9582
5173,0.002583574151209071,0.42055595,1.2583534,2455
5174,0.0018616467101787559,0.37421784,1.3693342,1769
5175,0.015032086833348418,0.7388802,3.8475976,14284
5176,0.0071371893659877466,0.5377193,1.9205197,6782
5177,0.00238362340223566,0.7941813,2.1023004,2265
5178,0.00043778690301546775,0.73117375,3.062416,416
5179,0.0020363405224397358,0.2790314,0.91445905,1935
5180,0.0018616467101787559,1.2306226,3.5377147,1769
5181,0.0032518306017254696,0.45954078,1.7838,3090
5182,0.0027330110267576196,0.693199,2.0933216,2597
5183,0.0005567049800364963,0.32916805,1.1541064,529
5184,0.0014522738609647728,0.43238652,1.7334499,1380
5185,0.005370256168480606,0.55589736,1.8387239,5103
5186,0.003463357446692078,0.551012,1.7658883,3291
5187,0.0011418240138744771,0.3690524,1.4428599,1085
5188,0.003850630476282684,0.30796036,0.8737984,3659
5189,0.0024972796174415985,0.33696663,1.1295915,2373
5190,0.003831687773748361,0.333603,1.3410081,3641
5191,0.001669062567746471,0.41402712,1.4287491,1586
5192,0.0006682564505163991,0.42352915,1.298165,635
5193,0.002338371390625888,0.9655354,2.6728573,2222
5194,0.002184725025625267,0.7866111,2.3827069,2076
5195,0.002232081781961075,0.5165201,2.003551,2121
5196,0.002252076856858416,0.58961576,1.9693207,2140
5197,0.0011197241942511003,0.42772666,1.5690114,1064
5198,0.00836320316890366,0.41522667,1.6160394,7947
5199,0.00142806929661536,0.3245757,1.1782707,1357
5200,0.0014217550624372522,0.30809313,0.9463053,1351
5201,0.002773001176552302,1.0900253,3.2072086,2635
5202,0.002341528507714942,0.30767304,0.9043287,2225
5203,0.001862699082541774,0.34690395,1.5710974,1770
5204,0.000737713026475584,0.30593163,0.897303,701
5205,0.0008576834758596304,0.45899197,1.8405409,815
5206,0.006817268167630289,0.34460586,1.0310022,6478
5207,0.003957972457310515,0.81541437,2.6789095,3761
5208,0.0012702134421626672,0.6424904,2.5889604,1207
5209,0.00768968485657217,0.5304456,2.3644204,7307
5210,0.004734623261217763,0.30499992,1.0470794,4499
5211,0.0024309801585714677,0.38881359,2.708409,2310
5212,0.0019363651479530305,0.31778088,0.96888316,1840
5213,0.0017816664105893916,0.6243584,1.8157631,1693
5214,2.104744726035903e-05,0.32963958,0.7106945,20
5215,0.0019342604032269947,0.5199566,1.8262085,1838
5216,0.0006798325465095966,0.37323812,1.7105397,646
5217,0.008082219747977867,0.5947782,2.8526444,7680
5218,0.009943866458156623,0.3773871,2.366647,9449
5219,0.001963726829391497,0.3126119,1.2083263,1866
5220,0.0035517567251855857,0.96245974,2.895949,3375
5221,0.0018027138578497507,0.5233033,1.786375,1713
5222,0.003856944710460792,0.46938038,1.6911504,3665
5223,0.0024141422007631806,0.42460006,1.7390571,2294
5224,0.003284454144979026,0.36266455,0.8950947,3121
5225,0.0027193301860383864,0.43674707,1.3357155,2584
5226,0.010742617081687248,0.35543597,1.3305876,10208
5227,0.0023962518705918753,0.45216632,1.9202046,2277
5228,0.0009818634146957486,0.45955458,1.7735654,933
5229,0.0017206288135343504,0.38951772,1.184056,1635
5230,0.002792996251449643,0.43016997,1.7502056,2654
5231,0.01271371051761987,0.5307581,3.0437253,12081
5232,0.014891068936704012,0.30637145,0.9965462,14150
5233,0.03720872963922571,0.274083,0.9870518,35357
5234,0.00030834510236425977,0.41635832,1.9820302,293
5235,0.001190233142573303,0.34041893,1.5405203,1131
5236,0.0007829650380853558,0.28401884,0.8301206,744
5237,0.0016753768019245785,0.37020415,1.379933,1592
5238,0.0007924363893525173,0.4446206,2.1655934,753
5239,0.005410246318275288,0.35701653,1.2486123,5141
5240,0.0023425808800779596,0.8427454,2.6382155,2226
5241,0.0012302232923679852,0.30878666,0.90307915,1169
5242,0.003044513246210933,0.44050902,1.6401796,2893
5243,0.0004861960317142935,0.38985777,1.3018662,462
5244,0.011425606745285899,0.4986803,2.550836,10857
5245,0.0053534182106723185,0.5003495,2.0087147,5087
5246,0.0009334542859969229,0.47273383,1.7112888,887
5247,0.00753603849157155,0.6347192,2.1718247,7161
5248,0.0003714874441453368,0.35325336,0.9012885,353
5249,0.0013975504980878394,0.4356428,1.8183268,1328
5250,0.0003914825190426779,0.35787275,0.95659715,372
5251,0.0011912855149363208,0.3854278,1.6088116,1132
5252,0.0005082958513376705,0.6029942,2.0183797,483
5253,0.002226819920145985,0.34349224,1.3341691,2116
5254,0.00031255459181633155,0.29952562,0.6995661,297
5255,0.0008240075602430559,0.33232358,1.1184301,783
5256,0.000605114108735322,0.43694612,1.9297614,575
5257,0.0007503414948317993,0.3156623,0.8056414,713
5258,0.019756186370936003,0.36694255,0.98004687,18773
5259,0.001492264010759455,0.33110008,1.0388643,1418
5260,0.009918609521444192,0.55314547,1.7822031,9425
5261,0.0017606189633290327,0.4113109,1.5363843,1673
5262,0.00333391564604087,0.669344,2.4831514,3168
5263,3.5780660342610345e-05,0.24846068,0.53949225,34
5264,0.008180090377738536,0.72564626,2.504563,7773
5265,0.0029529568506283716,0.46248326,2.5849128,2806
5266,0.0005167148302418141,0.3818546,0.9230785,491
5267,0.010071203514081795,0.7848421,2.2564318,9570
5268,0.0002252076856858416,0.64333194,2.6769354,214
5269,0.006239515740333434,0.32733598,1.1589695,5929
5270,0.010751036060591392,0.7558418,3.603233,10216
5271,0.0022352388990501287,0.33448634,0.84911954,2124
5272,0.00048514365935127556,0.40401012,1.9144332,461
5273,0.001040796267024754,0.5084435,1.7189683,989
5274,7.892792722634635e-05,0.33342692,0.82781595,75
5275,0.008015920289107735,0.52221686,2.1206882,7617
5276,0.0003062403576382238,0.39621615,1.1561929,291
5277,0.0015312017881911192,0.33928624,1.1425257,1455
5278,0.01727153522185062,0.3974644,1.4647657,16412
5279,0.0016711673124725067,0.5415054,2.0472412,1588
5280,0.0016785339190136324,0.39826348,1.1256081,1595
5281,0.0013512461141150496,0.35477206,1.4315472,1284
5282,0.002225767547782967,0.8397347,3.5502825,2115
5283,0.0015764537998008911,0.33206508,0.9760371,1498
5284,0.0036222656735077885,0.49422404,2.3026397,3442
5285,0.0014428025096976113,0.40401393,1.5540415,1371
5286,0.001751147612061871,0.3317353,0.96404135,1664
5287,0.0021405253863785133,0.48353934,1.9818114,2034
5288,0.0018458611247334866,0.4990806,2.1092074,1754
5289,0.0005872237785640169,0.47314322,1.8293701,558
5290,0.004805132209539966,0.52746236,1.8540989,4566
5291,0.005036654129403915,0.54544365,2.100128,4786
5292,0.0014806879147662576,0.5307051,2.388448,1407
5293,0.0011155147047990283,0.52064335,2.2279732,1060
5294,0.004544143863511514,0.42947906,1.5152409,4318
5295,0.002858243337956756,0.7655456,2.706636,2716
5296,0.0005987998745572143,0.37944102,1.3246665,569
5297,0.028563490677033235,0.44916624,1.519436,27142
5298,0.0028045723474428405,0.65322524,2.584774,2665
5299,0.004112671194674154,0.33671677,1.1147332,3908
5300,0.00051881957496785,0.3613544,1.0269722,493
5301,0.00029992612346011616,0.28547567,0.73650897,285
5302,0.0015585634696295859,0.37983426,1.3299237,1481
5303,0.0025014891068936705,0.40411425,1.6087232,2377
5304,0.0019795124148367666,0.6427207,2.5330625,1881
5305,0.006404738201327252,0.46155787,1.7140827,6086
5306,0.0010976243746277233,0.41089603,1.265442,1043
5307,0.0004735675633580781,0.38841334,1.9601892,450
5308,0.0005377622775021732,0.37519562,1.7341334,511
5309,0.0025151699476129038,0.46301892,1.7109381,2390
5310,0.0008408455180513431,0.38318592,1.8576481,799
5311,0.0017006337386370094,0.35581487,1.2480795,1616
5312,0.0030560893422041306,0.71643573,2.717633,2904
5313,1.683795780828722e-05,0.25472665,0.43884072,16
5314,0.004939835872006264,0.5931086,1.9211226,4694
5315,0.0010544771077439872,0.325686,1.0470481,1002
5316,0.01150137755542319,0.6697701,2.5967174,10929
5317,0.0007766508039072481,0.2843861,0.7184323,738
5318,0.00024309801585714675,0.64975893,3.6174319,231
5319,0.0011218289389771361,0.30220532,0.8132043,1066
5320,0.003937977382413174,0.7979849,2.3869183,3742
5321,0.002576207544667945,0.35337874,0.87723124,2448
5322,0.022320817819610747,0.5315536,1.4285253,21210
5323,0.01484055506327915,0.40525195,1.3811903,14102
5324,0.003308658709328439,0.61208373,2.0953546,3144
5325,0.013250420422759026,0.5660462,2.5753388,12591
5326,0.0005745953102078014,0.42285392,1.9523581,546
5327,0.001645910375760076,0.39001986,1.2565942,1564
5328,0.0008766261783939535,0.30609047,1.0042875,833
5329,0.0010302725433945744,0.41951436,1.4348643,979
5330,0.0003136069641793495,0.3385669,1.355252,298
5331,0.0020826449064125256,0.35088605,1.2521396,1979
5332,0.0011070957258948848,0.5496197,2.2215977,1052
5333,0.0012670563250736136,0.33436358,1.1631618,1204
5334,0.0003483352521589419,0.35537532,1.2180513,331
5335,0.0010060679790451616,0.5077845,1.9661765,956
5336,0.0018648038272678098,0.40772313,1.3187829,1772
5337,0.0023499474866190855,0.39257714,1.5030513,2233
5338,0.0008913593914762048,0.41945323,1.6984105,847
5339,0.004795660858272805,0.43949366,1.4489679,4557
5340,0.004675690408888758,0.52187496,1.7515564,4443
5341,0.001256532601443434,0.34373492,1.2982177,1194
5342,0.0015522492354514783,0.41770118,1.3830098,1475
5343,0.0036443654931311658,0.81500095,2.7415128,3463
5344,0.0018458611247334866,0.35422075,1.0627888,1754
5345,0.0015185733198349038,0.36616603,1.4993281,1443
5346,0.0022152438241527877,0.38486415,1.2436823,2105
5347,0.002680392408606722,0.32652208,1.0635597,2547
5348,0.0019005844876104202,0.88716125,2.8714912,1806
5349,0.006464723426019275,0.5664074,2.1072817,6143
5350,0.00029992612346011616,0.469733,2.4372082,285
5351,0.002398356615317911,0.32502988,0.97318065,2279
5352,0.0013175701984984751,0.50186896,1.6881832,1252
5353,0.0013554556035671214,0.28949338,0.9603317,1288
5354,0.00019153177006926716,0.26306233,0.51245695,182
5355,0.0003483352521589419,0.7045801,3.0123403,331
5356,0.004883007764403294,0.6482399,2.282592,4640
5357,0.0009566064779833178,0.3139023,0.9677167,909
5358,0.004208437079708788,0.58962333,2.618692,3999
5359,0.0022952241237421517,0.3285585,1.1676165,2181
5360,0.003894830115529438,0.44973844,1.9685601,3701
5361,0.009844943456032935,0.7880146,1.9493291,9355
5362,0.011268803263196223,0.2986022,1.3747452,10708
5363,0.025021205303114812,0.44927981,3.2000299,23776
5364,0.0010123822132232692,0.3398089,1.0428376,962
5365,0.001973198180658659,0.64929754,2.3836899,1875
5366,0.0024436086269276833,0.5746202,2.2058897,2322
5367,0.006094288354236956,0.3213613,1.0493933,5791
5368,0.000973444435791605,0.3609962,1.2255385,925
5369,0.0034875620110414907,0.476544,2.109127,3314
5370,0.004401021222141073,0.54001105,1.8707013,4182
5371,0.0011912855149363208,0.42990935,1.5123854,1132
5372,0.0011797094189431234,0.53721356,2.4204526,1121
5373,0.001751147612061871,0.330239,1.0181782,1664
5374,0.0006619422163382915,0.4788446,2.3090699,629
5375,0.0072634740495499004,0.59672093,2.3223927,6902
5376,0.002619354811551681,0.43991607,1.7297317,2489
5377,0.0021678870678169797,0.64779526,2.3490596,2060
5378,0.0025867312682981243,0.7831948,2.728003,2458
5379,0.002058440342063113,0.53151745,1.9499865,1956
5380,0.000715613206852207,0.4119917,1.9596385,680
5381,0.0005377622775021732,0.42678615,2.339276,511
5382,0.0013701888166493727,0.5361975,1.9103785,1302
5383,0.007418172786913539,0.38391274,1.2245746,7049
5384,0.006810953933452182,0.5742286,2.4126713,6472
5385,0.0012491659949023083,0.48290753,1.9206301,1187
5386,0.0007945411340785533,0.3137642,1.0022118,755
5387,0.0034233672968973956,0.70256096,3.003432,3253
5388,0.020106626367820978,1.0347465,4.906644,19106
5389,0.00039043014667965994,0.5266036,3.0185297,371
5390,0.002789839134360589,0.45846024,2.130576,2651
5391,0.002790891506723607,0.68697375,2.5957024,2652
5392,0.0007755984315442302,0.33986127,1.2220773,737
5393,0.006124807152764477,0.37562764,1.1558558,5820
5394,0.004003224468920287,0.66872555,2.0832815,3804
5395,0.001557511097266568,0.45782322,1.3404616,1480
5396,0.0011386668967854235,0.3607748,1.3574201,1082
5397,0.0004998768724335269,0.36508426,1.7630457,475
5398,4.735675633580781e-05,0.2669323,0.43484685,45
5399,0.0010060679790451616,0.4141948,1.6464248,956
5400,0.0007450796330167095,0.2988099,1.0973661,708
5401,0.005521797788755191,0.5669684,2.353304,5247
5402,0.0012428517607242005,0.3593083,1.3756925,1181
5403,0.0012260138029159134,0.33661303,1.2082653,1165
5404,0.0006009046192832502,0.39014518,1.4343207,571
5405,0.0026319832799078964,0.75943,2.1819525,2501
5406,0.0008576834758596304,0.45912728,1.4440582,815
5407,0.001451221488601755,0.38763475,1.6022911,1379
5408,0.0018353374011033073,0.33240688,1.0251952,1744
5409,0.0011965473767514107,0.32575938,1.0263965,1137
5410,0.0011376145244224054,0.43009868,1.9704354,1081
5411,0.0011134099600729926,0.44534743,1.6299219,1058
5412,0.008535792236438603,0.3369986,1.0064659,8111
5413,0.0004398916477415037,0.3896614,1.6787636,418
5414,0.0003872730295906061,0.3290577,0.8749882,368
5415,0.003027675288402646,0.53174007,1.9355507,2877
5416,0.005952218085229533,1.1813569,3.246759,5656
5417,0.02848561512216991,0.39913532,1.3340634,27068
5418,0.0021300016627483335,0.42396602,1.592504,2024
5419,0.001278632421066811,0.39948124,1.3888061,1215
5420,0.0015533016078144962,0.38684452,1.5807885,1476
5421,0.000778755548633284,0.3634631,1.0739949,740
5422,0.028773965149636826,0.5339854,1.8904032,27342
5423,0.001189180770210285,0.35855922,1.0987988,1130
5424,0.0008808356678460253,0.32012233,1.7002451,837
5425,0.007621280652976004,0.4052952,2.1936686,7242
5426,0.005869080668551115,0.61524934,1.948472,5577
5427,0.0009260876794557972,0.37250036,1.0985163,880
5428,0.006371062285710678,0.58244103,2.6329873,6054
5429,0.005114529684267244,0.5060895,1.7651516,4860
5430,0.0025825217788460527,0.4507972,2.3493676,2454
5431,0.0005756476825708194,0.3822983,1.4094758,547
5432,0.010306934923397815,0.43980178,1.6412406,9794
5433,0.003983229394022946,0.571442,2.2736862,3785
5434,0.0006661517057903632,0.4222544,1.4552613,633
5435,0.0033591725827533006,0.47152317,1.8614354,3192
5436,0.001473321308225132,0.38924122,1.4598446,1400
5437,0.0003293925496246188,0.28125617,0.7310943,313
5438,0.008395826712157215,0.5869648,2.0985801,7978
5439,0.0032213118031979493,0.44399786,1.7670752,3061
5440,6.3142341781077084e-06,0.27970767,0.40177238,6
5441,0.0034517813506988806,0.40718508,1.6714611,3280
5442,0.0005966951298311784,0.3718105,1.2371844,567
5443,0.0015227828092869756,0.55261785,2.1119242,1447
5444,0.00046199146736488066,0.33988097,1.1531788,439
5445,0.0009481874990791742,0.39600292,1.8270817,901
5446,0.0005240814367829398,0.31172246,1.5297756,498
5447,0.003482300149226401,0.30144846,0.8452046,3309
5448,0.0005482860011323526,0.3395918,1.6687362,521
5449,0.010666846271549955,0.6614298,2.7707422,10136
5450,0.0005219766920569039,0.40766186,1.9321299,496
5451,0.0005430241393172629,0.545132,2.445359,516
5452,0.0029013906048404917,0.37778708,1.3313731,2757
5453,0.0013701888166493727,0.396368,1.5379577,1302
5454,0.00047988179753618584,0.31457257,0.7946586,456
5455,0.004699894973238171,0.55187726,2.0315773,4466
5456,0.0025193794370649758,0.50386035,1.65065,2394
5457,0.012119120132514727,0.5892853,2.9054873,11516
5458,0.0012018092385665004,0.31490916,0.92399514,1142
5459,0.002015293075179377,0.9037487,2.6234202,1915
5460,0.002405723221859037,0.3061899,0.9544731,2286
5461,0.0012944180065120802,0.33289266,1.3528566,1230
5462,0.042603190372055726,0.35194424,1.5452005,40483
5463,0.00018626990825417738,0.28641748,0.6385404,177
5464,0.00082190281551702,0.33891037,1.0229182,781
5465,0.01837021196884136,0.40089935,1.308854,17456
5466,0.0007198226963042787,0.48116693,1.6019899,684
5467,0.0007808602933593199,0.5933379,2.232347,742
5468,0.00018311279116512355,0.34679183,1.3679786,174
5469,0.0009060926045584561,0.31098935,1.0838891,861
5470,0.003768545431967284,0.41439226,1.3199122,3581
5471,0.000692461014865812,0.33226603,1.1193737,658
5472,0.0016143392048695374,0.45861763,1.8207588,1534
5473,0.0008061172300717508,0.3646128,1.2277932,766
5474,0.0026656591955244707,0.91037846,3.377023,2533
5475,0.005932223010332192,0.35246617,1.1823664,5637
5476,0.007247688464104631,0.480524,1.6922424,6887
5477,0.0001988983766103928,0.38956973,1.7110559,189
5478,6.103759705504118e-05,0.24385382,0.38631856,58
5479,0.0019763552977477127,0.9026192,2.6126106,1878
5480,0.0005240814367829398,0.44982353,2.5104365,498
5481,0.0011849712807582133,0.34477007,1.107338,1126
5482,0.0035717518000829267,0.38913304,1.2858963,3394
5483,0.0067657019218424095,1.1079385,3.3087618,6429
5484,0.0004840912869882576,0.37034932,1.820257,460
5485,0.0018763799232610072,0.32308897,1.0424147,1783
5486,0.009928080872711353,0.60901743,2.794216,9434
5487,0.006563646428142962,0.27735195,0.90759873,6237
5488,0.003013994447683413,0.5644108,1.9466618,2864
5489,0.003136069641793495,0.33449227,0.98568374,2980
5490,0.0032855065173420443,0.5408002,1.6858593,3122
5491,0.005667025174851668,0.3133158,1.1137204,5385
5492,0.009080921120481903,0.31980023,1.3777575,8629
5493,0.0008134838366128765,0.3566047,1.1558139,773
5494,0.003051879852752059,0.57922286,2.2984505,2900
5495,0.005567049800364963,0.56307167,2.1724055,5290
5496,0.0014091265940810369,0.3268613,0.9806978,1339
5497,0.0015227828092869756,0.5518478,1.9279978,1447
5498,0.00045567723318677293,0.7069046,1.910425,433
5499,0.002725644420216494,0.66931427,2.3861446,2590
5500,0.005729115144269727,0.41788062,1.7565578,5444
5501,0.000778755548633284,0.37130892,1.246806,740
5502,0.002726696792579512,0.5795565,2.0067902,2591
5503,0.0018142899538429482,0.37639078,1.3011727,1724
5504,0.014284902455605672,0.51876736,1.7394983,13574
5505,0.003330758528951816,0.35467297,0.9777186,3165
5506,0.004620967046011825,0.5741468,2.3531318,4391
5507,0.00015259399263760294,0.40905896,1.2988452,145
5508,0.0015112067132937782,0.3434175,1.3152249,1436
5509,0.018099752271545744,0.46537817,1.2096387,17199
5510,0.0017237859306234043,0.52316797,1.9221961,1638
5511,1.2628468356215417e-05,0.3323482,0.48843235,12
5512,0.007456058191982185,0.666736,2.4762294,7085
5513,0.006247934719237578,0.300429,0.8055824,5937
5514,0.0008092743471608046,0.3047108,0.91533214,769
5515,0.001997402745008072,0.55899525,2.0943835,1898
5516,6.103759705504118e-05,0.31109542,0.54824346,58
5517,0.0013796601679165342,0.3671056,1.1890807,1311
5518,0.0004577819779128088,0.66438645,2.415497,435
5519,0.0008555787311335945,0.3623677,1.3132763,813
5520,0.0013070464748682956,0.8766234,2.9054844,1242
5521,0.003181321653403267,0.52002424,1.5901425,3023
5522,0.013964981257248215,0.91161555,3.0306232,13270
5523,0.0026751305467916323,0.6868168,2.5921247,2542
5524,0.0034749335426852756,0.43437088,1.2748041,3302
5525,0.0033833771471027136,1.1665547,2.5146496,3215
5526,0.005432346137898665,0.5951824,2.7207718,5162
5527,0.0015585634696295859,0.8703028,3.114495,1481
5528,0.007929625755340263,0.4971686,2.1138132,7535
5529,0.0020247644264465383,0.45709944,1.6862947,1924
5530,0.00023467903695300316,0.26410693,0.519317,223
5531,0.0007692841973661224,0.452578,1.5413147,731
5532,0.007368711285851696,0.3644845,1.2943956,7002
5533,0.000778755548633284,0.34006995,0.9958901,740
5534,0.02271124796629041,0.78807884,2.7202222,21581
5535,0.0011334050349703336,0.38245004,1.910081,1077
5536,0.0013775554231904984,0.34878057,1.1508301,1309
5537,0.001473321308225132,0.42633143,1.5738701,1400
5538,0.0024730750530921855,0.6576821,3.814191,2350
5539,0.005329213646322906,0.5184242,2.049199,5064
5540,0.0004051633597619113,0.28590664,0.9680828,385
5541,0.009271400518188151,0.4147289,2.1701677,8810
5542,0.0004651485844539345,0.3568591,0.87870085,442
5543,0.02022975393429408,0.6181648,2.3756635,19223
5544,0.0008545263587705765,0.35976502,1.3238428,812
5545,0.001015539330312323,148.108,374.4808,965
5546,0.0005061911066116346,0.31411898,0.9547638,481
5547,0.0016995813662739915,0.4574855,2.097315,1615
5548,0.0013038893577792417,0.39195487,1.7376076,1239
5549,0.0015101543409307603,1.0062404,3.4282556,1435
5550,0.0017637760804180866,0.3529258,1.0304666,1676
5551,0.0010713150655522745,0.35585204,1.7047464,1018
5552,0.0033823247747396955,0.45982626,1.7040963,3214
5553,0.000585119033837981,1.1158688,2.9928937,556
5554,0.0014070218493550009,0.36624306,1.3292315,1337
5555,0.0013691364442863546,0.43369067,1.4254091,1301
5556,0.0015259399263760295,0.28912804,0.9301202,1450
5557,0.0009081973492844921,0.47796583,2.3581634,863
5558,0.002377309168057552,0.88185954,2.683349,2259
5559,0.0021542062270977465,0.48200816,1.9276085,2047
5560,0.001232328037094021,0.29823193,0.96418846,1171
5561,0.0045672960554979086,0.6110586,1.9652847,4340
5562,0.0010323772881206104,0.35401437,0.85636866,981
5563,0.0012249614305528953,0.40282556,1.5433478,1164
5564,0.0018869036468911868,1.4090682,3.8501012,1793
5565,0.0028066770921688763,0.71905476,2.3844764,2667
5566,0.000475672308084114,0.3397322,1.1395766,452
5567,0.0022141914517897696,1.0885867,2.6688802,2104
5568,0.016805334265033667,0.49270353,1.7690463,15969
5569,0.0030403037567588616,0.46214038,1.4735472,2889
5570,0.001383869657368606,0.49235433,1.7711545,1315
5571,0.002556212469770604,0.29416147,1.585537,2429
5572,0.0009566064779833178,0.30825666,0.81544375,909
5573,0.0032213118031979493,0.5370912,1.9039336,3061
5574,0.001817447070932002,0.64559793,2.2854645,1727
5575,0.004836703380430504,0.51527005,2.8765547,4596
5576,0.00039674438085776767,0.3238105,0.71447474,377
5577,0.04977089853657099,0.50991535,2.6727471,47294
5578,0.0013796601679165342,0.58622575,2.7027073,1311
5579,0.000715613206852207,0.5445965,2.9020367,680
5580,0.0025646314486747475,0.87411815,2.311226,2437
5581,0.0289307686317265,1.0884562,2.270965,27491
5582,0.00160276310887634,0.36518446,0.9053716,1523
5583,0.0011639238334978542,0.30937764,0.7684573,1106
5584,0.001059738969559077,0.37083092,1.3952667,1007
5585,0.002256286346310488,0.4281391,1.8538641,2144
5586,0.006798325465095966,0.8349491,2.5450075,6460
5587,0.0024299277862084496,0.4123432,1.3256795,2309
5588,0.0006619422163382915,0.3372891,1.2300916,629
5589,0.0004872484040773115,0.6390756,2.6462307,463
5590,0.00037569693359740865,0.52594066,2.213296,357
5591,0.002957166340080443,0.78663886,3.0449438,2810
5592,0.0009671302016134973,0.3449408,1.6119316,919
5593,0.0018279707945621816,0.4602872,1.8193088,1737
5594,0.003846420986830612,0.5918046,1.8947445,3655
5595,0.0012439041330872184,0.86267364,3.0163078,1182
5596,0.0023289000393587264,0.41358438,1.3316257,2213
5597,0.001062896086648131,0.44631943,2.2539573,1010
5598,0.0016532769823012015,0.4709308,1.6489805,1571
5599,0.0007734936868181942,0.38998058,1.3474503,735
5600,0.0016901100150068299,0.6500397,2.4720924,1606
5601,0.0028245674223401815,0.4835725,1.688156,2684
5602,0.002274176676481793,0.30357525,0.80261236,2161
5603,0.013616646005089272,0.2670645,0.87555456,12939
5604,0.006175321026189339,0.65542936,2.4246058,5868
5605,0.003851682848645702,0.62883765,2.5633926,3660
5606,0.001038691522298718,0.339828,1.1130251,987
5607,0.001015539330312323,0.4406751,2.182317,965
5608,0.003459147957240006,0.37050936,1.2524874,3287
5609,1.2628468356215417e-05,0.23594001,0.30690137,12
5610,0.0007871745275374277,0.5150893,2.3900123,748
5611,0.00039358726376871383,0.49593046,2.4410481,374
5612,0.0005798571720228912,0.33458406,1.0420845,551
5613,0.0018237613051101096,0.31703606,1.099716,1733
5614,0.001147085875689567,0.3416662,0.96562856,1090
5615,0.004817760677896181,0.40525028,1.7481788,4578
5616,0.0016701149401094888,0.40766314,1.5900619,1587
5617,0.0024499228611057906,0.70663804,2.2701871,2328
5618,0.0032076309624787156,0.70257956,2.1869361,3048
5619,0.0005651239589406398,0.3432711,1.1611038,537
5620,0.0002536217394873263,0.32592374,0.72131205,241
5621,0.002957166340080443,0.97566766,2.1346858,2810
5622,0.002706701717682171,0.67465633,2.205441,2572
5623,0.0005377622775021732,0.29643914,0.89142805,511
5624,0.00536288956193948,0.43988997,1.6244653,5096
5625,0.005540740491289514,0.75442076,2.3179698,5265
5626,0.034994538187435933,0.56321454,2.1182184,33253
5627,0.000648261375619058,0.34575805,0.8641889,616
5628,0.0007398177712016199,0.41933158,1.8757411,703
5629,0.0007029847384959915,0.4693435,1.7502782,668
5630,0.0022878575172010263,0.6189165,2.1699548,2174
5631,0.0022983812408312056,0.33548862,1.0136695,2184
5632,0.005587044875262304,0.40884805,1.503908,5309
5633,0.0008461073798664329,0.33518574,1.1895603,804
5634,0.0009787062976066947,0.38273448,1.4084696,930
5635,0.0034033722220000546,0.43374667,1.5566859,3234
5636,0.000539867022228209,0.43015245,2.7816024,513
5637,0.022312398840706606,0.53133947,2.1395013,21202
5638,0.0029582187124434613,0.7022586,2.4291434,2811
5639,0.0032213118031979493,0.9253862,2.9255033,3061
5640,9.787062976066947e-05,0.2836679,0.7997103,93
5641,0.0003820111677755163,0.38574505,1.5229261,363
5642,0.0006882515254137402,0.51128405,2.6875691,654
5643,0.0007903316446264814,0.3638888,1.7066927,751
5644,0.004222117920428021,0.5074417,2.6296525,4012
5645,0.002135263524563423,0.2971004,0.7761346,2029
5646,0.01430594990286603,0.41690195,1.466496,13594
5647,0.0007324511646604942,0.24839334,0.76437104,696
5648,0.005064015810842382,0.74008524,2.5467854,4812
5649,0.0024783369149072756,0.46993804,1.4151205,2355
5650,0.007136136993624728,0.45741865,1.6552556,6781
5651,0.0006198473218175733,0.45751563,2.457106,589
5652,0.0054449746062548805,0.33375418,1.0112925,5174
5653,0.0011660285782238902,0.42345026,1.3163807,1108
5654,0.0012302232923679852,0.34260067,1.0587064,1169
5655,0.011366673892956893,0.5059116,2.3104467,10801
5656,0.00429473161347626,0.42207307,1.6620778,4081
5657,0.00497772127707491,0.49700224,1.9528197,4730
5658,0.0014806879147662576,0.8613454,2.7695205,1407
5659,0.0018490182418225405,0.3308879,0.99108326,1757
5660,0.00035675423106308553,0.29668924,0.89585686,339
5661,0.007556033566468891,0.3822853,1.3161788,7180
5662,0.0014238598071632882,0.32496533,1.1347418,1353
5663,0.006198473218175734,0.40591103,1.372099,5890
5664,0.0015975012470612502,0.42375702,1.9312801,1518
5665,0.0004998768724335269,0.3722405,1.4387988,475
5666,0.007110880056912298,0.86338925,2.8387353,6757
5667,0.003240254505732272,0.35114416,1.6231425,3079
5668,0.0011597143440457824,0.41260502,1.2429335,1102
5669,0.030207296308067275,0.3742108,1.3458,28704
5670,0.004301045847654368,0.628186,2.072905,4087
5671,0.009378742499215982,0.5052299,2.2357864,8912
5672,0.00446942542573724,0.31824964,1.9222573,4247
5673,0.0020900115129536515,0.48179156,2.0872903,1986
5674,0.0021763060467211233,0.9190551,3.0998943,2068
5675,0.006567855917595035,0.5827072,2.0940657,6241
5676,0.0036033229709734656,0.47484866,1.5189679,3424
5677,0.0010039632343191256,0.5211708,2.0850725,954
5678,0.0005693334483927117,0.32099584,1.7786208,541
5679,0.0028940239982993663,0.38241908,1.3344481,2750
5680,0.0030203086818615206,0.48992413,2.8933055,2870
5681,0.0018890083916172228,0.45404276,2.2030544,1795
5682,0.0009155639558256176,0.33163986,1.9368187,870
5683,0.045306734972648845,0.36286405,1.7795563,43052
5684,0.0009355590307229588,0.43824372,1.6919882,889
5685,0.00046409621209091655,0.3374264,1.4374166,441
5686,0.0012712658145256853,0.32871622,1.5962789,1208
5687,0.003419157807445324,0.5997527,1.9425247,3249
5688,0.003435995765253611,0.6368343,2.2485445,3265
5689,0.0005125053407897424,0.31500685,1.0663698,487
5690,0.000910302094010528,153.58542,359.09778,865
5691,0.004413649690497288,0.3452359,1.0941652,4194
5692,0.0013280939221286547,0.3878001,1.1110541,1262
5693,0.001040796267024754,2.7896895,34.063915,989
5694,0.0007513938671948173,0.39441055,1.4985865,714
5695,0.0005167148302418141,0.3557501,1.0839677,491
5696,0.0027814201554564456,0.3946134,1.6899015,2643
5697,5.261861815089757e-06,0.22860105,0.3717002,5
5698,0.0006419471414409503,0.46873903,2.0318549,610
5699,0.0029182285626487793,0.3958291,1.3163927,2773
5700,0.00367804140874774,0.5491986,2.092022,3495
5701,0.004193703866626536,0.6338415,3.0827026,3985
5702,0.0018132375814799303,0.4399558,1.5979031,1723
5703,0.0033433869973080316,1.0254965,3.105036,3177
5704,0.01060791341922095,0.3035169,0.86715347,10080
5705,0.0008450550075034149,0.29704872,1.2418725,803
5706,0.002872976551039007,1.0970479,2.9502344,2730
5707,0.007059313811124418,0.4878275,1.869039,6708
5708,0.002139473014015495,0.31455472,1.0621893,2033
5709,0.003186583515218357,0.7059523,3.416328,3028
5710,0.0027772106660043736,0.6901249,2.7890375,2639
5711,0.007437115489447863,0.50488454,2.0429225,7067
5712,0.020138197538711516,0.5518182,1.7371119,19136
5713,0.0015901346405201246,0.31467345,0.7730202,1511
5714,0.0010639484590111489,0.3390112,1.2124711,1011
5715,0.00515767695115098,0.5765532,2.3526402,4901
5716,0.00034728287979592397,0.33837286,1.0553951,330
5717,0.0014796355424032397,0.3661593,1.4486144,1406
5718,0.0019626744570284795,0.50371593,1.8977091,1865
5719,0.00016311771626778248,0.6385561,3.0823622,155
5720,0.001081838789182454,0.5295825,2.1088955,1028
5721,0.0005493383734953706,0.39356154,1.4263502,522
5722,0.0025688409381268195,0.5268475,2.2655559,2441
5723,0.04978773649437928,1.1409802,2.9922264,47310
5724,0.008387407733253072,0.7403857,2.1630366,7970
5725,0.0023089049644613854,0.73427933,2.0600924,2194
5726,0.001276527676340775,0.56277233,1.9341282,1213
5727,0.018369159596478342,0.6159836,2.3025672,17455
5728,0.001062896086648131,0.30489326,1.5001835,1010
5729,7.36660654112566e-06,0.28014192,0.3277421,7
5730,0.0013880791468206778,0.48127586,1.6533526,1319
5731,0.0005966951298311784,0.46480465,1.5836949,567
5732,0.001599605991787286,0.5680302,2.000989,1520
5733,0.001797451996034661,0.3349897,1.0456363,1708
5734,0.00048198654226222173,0.38281798,1.2834615,458
5735,0.010303777806308761,0.4617574,1.7809098,9791
5736,0.0009797586699697128,0.35664287,1.2377744,931
5737,0.004370502423613552,1.0301619,4.48657,4153
5738,0.030031550123443277,0.36453468,1.3684872,28537
5739,0.005494436107316724,0.40273297,1.4164183,5221
5740,5.156624578787962e-05,0.22791986,0.38773662,49
5741,0.0007671794526400865,0.6946414,3.9139404,729
5742,0.006417366669683467,0.727064,3.419023,6098
5743,0.0013617698377452292,0.32122678,0.97625864,1294
5744,0.0022078772176116618,0.38548976,1.8200667,2098
5745,0.0009145115834625998,0.6161491,2.3461146,869
5746,0.014061799514645866,0.24841186,0.8919127,13362
5747,0.0032570924635405593,0.3771858,1.4714117,3095
5748,0.009394528084661251,0.727724,2.1995926,8927
5749,0.007155079696159051,0.51208615,2.2488244,6799
5750,0.00010313249157575924,0.2860658,0.6830013,98
5751,0.0016648530782943992,0.7782151,2.7677443,1582
5752,0.0007713889420921583,0.3984765,2.9218118,733
5753,0.00048514365935127556,0.40402448,1.721147,461
5754,0.00028624528274088276,0.33134297,0.93388534,272
5755,0.0018648038272678098,0.72451127,2.6799688,1772
5756,0.0009197734452776895,0.3380811,1.6322104,874
5757,0.004839860497519558,0.48819456,1.6557364,4599
5758,0.0008997783703803484,0.44903514,1.7913991,855
5759,0.0027940486238126607,0.79065627,2.7236502,2655
5760,0.001382817285005588,0.3165322,1.1307843,1314
5761,0.0008608405929486843,0.35959274,0.9518025,818
5762,0.001192337887299339,0.4042255,1.4776435,1133
5763,0.0011818141636691594,0.3707835,1.4437059,1123
5764,0.001517520947471886,0.41600865,1.2688708,1442
5765,0.0026593449613463633,0.34986535,1.4579035,2527
5766,0.008296903710033528,0.8126785,2.9529092,7884
5767,0.006060612438620382,0.5857373,2.04687,5759
5768,0.00045567723318677293,0.3540381,1.1884532,433
5769,0.0013038893577792417,0.43878493,1.7523036,1239
5770,0.000605114108735322,0.32322115,1.1236577,575
5771,0.0008176933260649482,0.38305566,1.7173246,777
5772,0.001881641785076097,0.42283115,1.8275069,1788
5773,0.0031950024941225005,0.5518849,1.7530153,3036
5774,0.0010723674379152924,0.42591769,2.2378647,1019
5775,0.0018890083916172228,0.35063434,1.088675,1795
5776,0.0014848974042183294,0.38808733,1.9654386,1411
5777,0.003913772818063761,0.5502831,2.6963933,3719
5778,0.004216856058612931,0.47369418,2.423999,4007
5779,0.0014880545213073833,0.36955044,1.5693791,1414
5780,0.0029087572113816176,1.1660044,2.9634125,2764
5781,0.0028898145088472943,0.41087198,1.7886899,2746
5782,0.001977407670110731,0.5427551,2.2709422,1879
5783,4.1042522157700105e-05,0.36541042,0.6836009,39
5784,0.003286558889705062,0.3227659,0.93273854,3123
5785,0.0007713889420921583,0.4142011,1.7817453,733
5786,0.003526499788473155,1.2608448,2.8893666,3351
5787,0.0012723181868887032,0.34089065,0.94671285,1209
5788,0.00493667875491721,0.46814373,1.7406441,4691
5789,0.006981438256261089,0.45697334,1.8897576,6634
5790,0.006573117779410124,0.7865212,2.4168866,6246
5791,0.001753252356787907,0.37852296,1.2063644,1666
5792,0.001994245627919018,0.69466186,2.2235694,1895
5793,0.004171604047003159,0.3524189,1.1459719,3964
5794,0.000865050082400756,0.31115544,0.8727847,822
5795,0.0008471597522294508,0.4766943,1.6763031,805
5796,0.006911981680301904,0.4573854,2.147408,6568
5797,0.0025983073642913217,0.6838362,2.4558325,2469
5798,0.01420913164546838,0.33188516,1.096708,13502
5799,0.0042042275902567155,0.32831317,0.96092683,3995
5800,0.00807485314143674,0.6267537,1.9994578,7673
5801,0.00281509607107302,0.77057767,2.526221,2675
5802,0.0012133853345596979,0.4167505,1.6571956,1153
5803,0.0019163700730556895,0.647834,2.1362584,1821
5804,0.0016185486943216091,0.3213288,0.94590116,1538
5805,0.003008732585868323,0.34295008,1.0729144,2859
5806,0.002944537871724228,0.60089636,2.2353833,2798
5807,0.003024518171313592,0.42690203,1.5512466,2874
5808,0.0007724413144551763,0.34548897,1.0597138,734
5809,0.004066366810701364,0.47610506,1.7886015,3864
5810,0.003288663634431098,1.2317556,4.274217,3125
5811,0.0019510983610352818,0.68252265,2.7946482,1854
5812,0.004131613897208477,0.52620786,2.4853818,3926
5813,0.0012175948240117696,0.46699032,1.4433396,1157
5814,0.001492264010759455,0.3083563,1.5918999,1418
5815,0.028703456201314623,0.29705706,0.88269997,27275
5816,0.0011797094189431234,0.40159708,1.4025282,1121
5817,0.0029056000942925637,0.81163985,2.3968985,2761
5818,3.051879852752059e-05,0.26340276,0.5716052,29
5819,0.0019458364992201921,0.7677006,2.6952176,1849
5820,0.0007419225159276557,0.3661895,1.4093825,705
5821,0.0016353866521298965,0.45709243,1.809913,1554
5822,0.0013175701984984751,0.31007698,1.2616031,1252
5823,0.004942992989095317,0.5056429,1.6373372,4697
5824,0.0024941225003525446,0.34360084,1.0671502,2370
5825,0.0011618190887718184,0.3342233,1.0218444,1104
5826,0.0014038647322659472,0.38205385,1.2645737,1334
5827,0.00276879168710023,0.39884183,1.7123071,2631
5828,0.01333040072234839,0.61256903,2.9192421,12667
5829,0.002425718296756378,0.37457415,1.4109663,2305
5830,0.006067979045161508,0.5192242,1.8593528,5766
5831,0.008370569775444784,0.39559644,1.4625978,7954
5832,0.0013533508588410854,0.4717402,1.5242192,1286
5833,0.005434450882624701,0.5348808,2.2320015,5164
5834,0.004624124163100879,0.49287832,2.0140188,4394
5835,0.0018311279116512353,0.453129,2.2507036,1740
5836,0.020785406541967557,0.4039566,1.0701072,19751
5837,0.002294171751379134,0.6347825,2.2611642,2180
5838,0.00030729273000124177,0.48239353,2.7497537,292
5839,0.003202369100663626,0.5096217,2.165823,3043
5840,0.001475426052951168,0.34652418,1.1853212,1402
5841,0.0005798571720228912,0.5510078,2.240065,551
5842,0.0024972796174415985,0.3463422,0.9714537,2373
5843,0.0010092250961342153,0.34542117,1.632257,959
5844,0.004292626868750224,0.4117677,1.4105153,4079
5845,0.0026319832799078964,0.7871549,2.5015783,2501
5846,0.00031044984709029566,0.3656673,1.1896282,295
5847,0.002532007905421191,0.2977929,0.89354825,2406
5848,0.001495421127848509,0.5408673,2.3937774,1421
5849,0.003607532460425537,1.0277321,3.4092476,3428
5850,0.0021920916321663928,0.3487475,1.2972118,2083
5851,0.0007713889420921583,0.41884387,1.3871223,733
5852,0.0037517074741589967,0.7850608,2.4225526,3565
5853,0.0001410178966444055,0.25282067,0.44067922,134
5854,0.018565953228362696,0.48946658,1.838931,17642
5855,0.001838494518192361,0.39955163,1.308913,1747
5856,0.004517834554436065,0.4576297,0.98405117,4293
5857,0.018640671666136973,0.34493667,1.4006205,17713
5858,0.001448064371512701,0.7155326,2.4541109,1376
5859,0.004892479115670456,0.66013837,2.5447187,4649
5860,0.002917176190285761,0.74216855,2.545643,2772
5861,0.006488927990368688,0.71134776,2.8438103,6166
5862,0.0006787801741465786,0.33161366,1.1179464,645
5863,0.0032528829740884877,0.69398314,3.2532387,3091
5864,0.002102639981309867,1.0250255,3.0910108,1998
5865,0.0010050156066821435,0.33417702,1.0697126,955
5866,0.0032076309624787156,1.0224183,2.8058207,3048
5867,0.0003199211983574572,0.33426157,1.2043827,304
5868,0.0013596650930191932,0.41494283,1.7354298,1292
5869,0.0013280939221286547,0.4382109,1.6925011,1262
5870,0.0017164193240822787,0.46117672,2.2942793,1631
5871,0.014911064011601353,0.800838,2.5260143,14169
5872,0.00446416356392215,0.6229542,2.463742,4242
5873,0.00858946322695252,0.3265824,1.0016975,8162
5874,0.0011723428124019977,0.5802523,2.3521101,1114
5875,0.009932290362163426,0.6595635,2.6338346,9438
5876,0.0028035199750798224,0.67536074,2.7413044,2664
5877,0.004676742781251776,0.6190066,2.049288,4444
5878,0.0029013906048404917,0.46026838,1.7942215,2757
5879,0.0011334050349703336,0.3547386,1.0942379,1077
5880,0.0003851682848645702,0.46731493,2.1898704,366
5881,0.0006850944083246864,0.3454545,1.6434652,651
5882,0.002155258599460764,1.0126204,3.1617744,2048
5883,0.0018711180614459175,0.5991656,1.8514279,1778
5884,0.0005819619167489271,0.5761974,2.0931988,553
5885,0.018623833708328687,0.43817493,1.4977062,17697
5886,0.003371801051109516,0.68379253,2.916873,3204
5887,0.0039527105954954254,0.45529228,1.5789798,3756
5888,0.004479949149367419,0.5358494,1.864532,4257
5889,0.007801236327052073,0.6040371,1.9144822,7413
5890,0.0002694073249325955,0.2765937,0.5534061,256
5891,0.0028277245394292354,0.36139366,1.3854707,2687
5892,0.008116948035957458,0.39755106,1.7771448,7713
5893,0.0007345559093865301,0.43208745,1.6697373,698
5894,0.003479143032137347,0.61844534,1.530143,3306
5895,0.0055880972476253215,0.54470074,2.1501832,5310
5896,0.006191106611634608,0.532183,2.1288903,5883
5897,0.0017648284527811045,0.9321686,2.5746818,1677
5898,0.0031434362483346205,0.83319175,2.5142174,2987
5899,0.0008240075602430559,0.46516678,1.7773515,783
5900,0.021321064074743695,0.35568157,1.2113469,20260
5901,0.0006451042585300042,0.5088106,2.3217583,613
5902,0.0015848727787050347,0.91876656,3.0582469,1506
5903,0.02204404388813703,0.39528376,2.0262103,20947
5904,0.009301919316715672,0.3943219,1.169424,8839
5905,0.001493316383122473,0.34527746,0.94936746,1419
5906,0.004389445126147875,0.4158776,1.6618996,4171
5907,0.003674884291658686,0.54187334,2.3536725,3492
5908,0.004263160442585721,0.31562948,1.0156218,4051
5909,0.0001925841424322851,0.63671654,2.5726318,183
5910,0.0012396946436351467,0.8877028,2.8658073,1178
5911,0.0033465441143970855,0.42595267,1.230961,3180
5912,0.000605114108735322,0.3356007,1.608615,575
5913,0.004156870833920908,0.9532382,3.1650016,3950
5914,9.787062976066947e-05,0.607414,3.9234066,93
5915,0.0015711919379858014,1.1786057,3.3059025,1493
5916,0.0004156870833920908,0.4987299,1.9331648,395
5917,0.0013786077955535163,0.3892379,1.8572063,1310
5918,0.001127090800792226,0.2983863,0.7844519,1071
5919,0.0026330356522709145,0.9927242,2.9107106,2502
5920,0.0011092004706209208,0.35813686,1.3612268,1054
5921,0.002441503882201647,0.36172557,1.1162765,2320
5922,0.0029287522862789586,0.4109196,1.4294264,2783
5923,0.0007061418555850454,0.47826174,1.8209457,671
5924,0.006431047510402701,0.41889325,1.7283516,6111
5925,0.0014217550624372522,0.3066626,0.98071635,1351
5926,0.009207205804044057,0.5090914,1.8072953,8749
5927,0.007192965101227697,0.46085232,1.6699207,6835
5928,0.0005156624578787961,0.354213,1.2670352,490
5929,0.009358747424318642,1.4359479,3.8814635,8893
5930,0.01722838795496688,0.41667876,1.4128238,16371
5931,0.0011092004706209208,131.04953,358.30884,1054
5932,0.002641454631175058,0.524982,1.7001715,2510
5933,0.001622758183773681,0.3497965,1.190944,1542
5934,0.0037959071134057508,0.49950776,1.7057612,3607
5935,0.0029792661597038204,0.33901322,1.0049037,2831
5936,0.0033675915616574446,0.61789536,2.0252788,3200
5937,0.0033886390089178033,0.44334504,1.9120286,3220
5938,0.000995544255414982,0.65306413,3.1338675,946
5939,0.005518640671666137,0.5369857,2.1401255,5244
5940,0.004143189993201675,0.6023157,2.3515165,3937
5941,0.005754372080982158,0.5914022,1.8329946,5468
5942,0.0011070957258948848,0.43717533,1.714088,1052
5943,0.004057947831797221,0.6718408,3.030451,3856
5944,0.012504288417379298,0.46032083,1.7497462,11882
5945,0.0010376391499357,0.4222701,1.4102751,986
5946,0.004408387828682198,0.42498073,1.5736427,4189
5947,0.0019784600424737485,0.43453673,1.5534532,1880
5948,0.0013554556035671214,0.3499145,1.0344137,1288
5949,0.0016837957808287223,0.32631925,1.3168689,1600
5950,0.0028508767314156303,0.7308933,2.7495456,2709
5951,0.0012070711003815903,0.2990172,0.84616363,1147
5952,0.035449163048259694,0.6601092,2.3532703,33685
5953,0.004033743267447807,0.68951356,2.8716345,3833
5954,0.004888269626218384,0.4931546,1.7284037,4645
5955,0.010363763031000785,0.46360016,2.186405,9848
5956,0.016193905922120236,0.42772636,1.3630123,15388
5957,0.002253129229221434,0.5289295,1.4189458,2141
5958,0.00778229362451775,0.6770555,2.3875911,7395
5959,0.008986207607810286,0.5311884,1.118187,8539
5960,0.0008366360285992714,0.37963852,1.3002048,795
5961,0.0006777278017835607,0.5014128,2.2749374,644
5962,0.0007313987922974762,0.3169159,1.2222136,695
5963,0.0004830389146252397,0.3544517,0.9521438,459
5964,0.0029077048390185995,0.36869302,1.3788061,2763
5965,0.0011418240138744771,0.32935825,0.986127,1085
5966,0.0017879806447674994,0.6993284,2.292027,1699
5967,0.002071068810419328,0.90451795,2.9267395,1968
5968,0.0013943933809987855,0.34260556,0.8992628,1325
5969,0.002168939440179998,0.37856826,1.0560445,2061
5970,0.001451221488601755,0.3593132,1.2262496,1379
5971,0.006105864450230153,0.41151196,1.9451596,5802
5972,0.04084572852581575,1.0047654,3.8641393,38813
5973,0.002937171265183102,0.5395914,1.7108707,2791
5974,0.002528850788332137,0.30856752,1.1799479,2403
5975,0.05033917961260068,1.1939638,3.076633,47834
5976,0.010617384770488111,0.53764725,2.3419788,10089
5977,0.0014543786056908088,0.4702265,1.4141934,1382
5978,0.0008019077406196789,0.33137462,1.0112777,762
5979,0.002852981476141666,0.59452075,2.2989857,2711
5980,0.001431226413704414,0.30742094,1.0780082,1360
5981,0.0010513199906549335,0.4621463,2.6146872,999
5982,0.003633841769500986,0.9540894,2.637424,3453
5983,0.001453326233327791,0.41336533,1.5418713,1381
5984,0.0026277737904558244,0.4075852,1.5094328,2497
5985,0.0010029108619561077,0.54725504,2.3239272,953
5986,0.003502295224123742,0.9338069,3.3143375,3328
5987,0.0007556033566468891,0.35715464,1.1472083,718
5988,0.00035991134815213936,0.32165873,0.88722134,342
5989,0.03290136955739323,1.06551,2.1663456,31264
5990,0.001517520947471886,0.3240419,1.0290071,1442
5991,0.03194160596232086,1.8503705,3.8100283,30352
5992,0.001472268935862114,0.4145134,1.4778433,1399
5993,0.004717785303409476,0.395863,1.4921238,4483
5994,0.0007208750686672967,0.32570237,1.240209,685
5995,0.005762791059886301,0.32998163,1.1608174,5476
5996,0.0010260630539425026,0.42477903,1.0546546,975
5997,0.0008313741667841816,0.3262256,0.83596635,790
5998,0.0018584895930897022,0.43078774,1.7520655,1766
5999,0.0088462420835289,0.33308,1.2271057,8406
6000,0.007550771704653801,0.40382537,1.4166269,7175
6001,0.002165782323090944,0.49528018,1.860454,2058
6002,0.006489980362731706,0.6532622,2.1950924,6167
6003,0.003401267477274019,0.56844467,2.0251198,3232
6004,0.0034475718612468086,0.34376654,1.0941566,3276
6005,0.002055283224974059,0.52849656,2.1162512,1953
6006,0.00038832540195362405,1.2551188,3.0565357,369
6007,0.003435995765253611,0.34702045,0.923099,3265
6008,0.003108707960355028,0.77389175,2.3815527,2954
6009,0.0026561878442573094,0.40238494,1.3659365,2524
6010,0.0007050894832220274,0.3483805,1.6868024,670
6011,0.004087414257961723,0.63903433,1.6581976,3884
6012,0.0016006583641503041,0.43831846,1.9931705,1521
6013,0.0023594188378862468,0.34769356,1.2416741,2242
6014,0.004389445126147875,0.7943379,2.4680274,4171
6015,0.0007882268999004456,0.47096312,1.6851362,749
6016,0.0008966212532912945,0.41929665,1.3119936,852
6017,0.002710911207134243,0.30995476,0.96351194,2576
6018,0.0010008061172300717,0.6361636,2.1803327,951
6019,0.0038074832093989482,0.7997147,2.6747084,3618
6020,0.0038422114973785406,0.52449924,2.9126265,3651
6021,0.002124739800933244,0.38164967,1.6562065,2019
6022,0.004379973774880714,0.68465704,2.4410908,4162
6023,0.0011418240138744771,0.54428184,1.6081245,1085
6024,2.420456434941288e-05,0.25953245,0.37577263,23
6025,0.0009376637754489947,0.46447754,2.23158,891
6026,0.00216262520600189,0.4821428,2.067308,2055
6027,0.0020700164380563105,0.66047806,1.7440751,1967
6028,0.0045557199595047115,0.45977128,2.1002269,4329
6029,0.0036833032705628297,0.36120293,1.0041384,3500
6030,0.00017258906753494404,0.3163492,1.0688647,164
6031,0.00013575603482931573,1.8500074,3.4676495,129
6032,0.0012260138029159134,0.3960703,1.2968947,1165
6033,0.001385974402094642,0.31226498,0.83099854,1317
6034,0.003096079491998813,0.36917397,1.5586175,2942
6035,0.0007692841973661224,0.32163638,0.9687391,731
6036,0.0018279707945621816,0.31491596,0.86601526,1737
6037,0.003512818947753922,0.7600211,2.5214286,3338
6038,0.000237836154042057,0.29278937,0.7370112,226
6039,0.002397304242954893,0.49020448,2.2318985,2278
6040,0.0034696716808701854,0.35346988,0.7672537,3297
6041,0.005996417724476287,0.39455384,1.428877,5698
6042,0.004409440201045217,0.8709585,2.4999795,4190
6043,0.0018079757196648404,0.3290391,1.138948,1718
6044,0.0023478427418930493,0.3494877,1.1496773,2231
6045,0.0006419471414409503,0.4222175,1.794052,610
6046,0.0033802200300136597,0.5254404,2.44211,3212
6047,0.0023699425615164266,0.5314189,2.1639838,2252
6048,0.004401021222141073,0.30761474,0.82795155,4182
6049,0.0007829650380853558,0.39702344,1.3804586,744
6050,0.00017153669517192607,0.29007336,0.733242,163
6051,0.000800855368256661,0.5615009,2.2391586,761
6052,0.0008566311034966124,0.37751266,1.1951214,814
6053,0.0036433131207681477,0.5813914,2.3368566,3462
6054,0.0018616467101787559,0.6505346,2.049837,1769
6055,0.0054365556273507365,0.3733416,1.4584904,5166
6056,0.002078435416960454,0.863656,2.8689735,1975
6057,0.0012638992079845597,0.5372057,1.5406455,1201
6058,0.004899845722211581,0.3606896,1.3409249,4656
6059,0.002728801537305548,0.34998468,1.5942,2593
6060,0.0009829157870587665,0.3584586,1.1484015,934
6061,0.003459147957240006,0.8954188,3.0001173,3287
6062,0.0018363897734663252,0.3876621,1.7395734,1745
6063,0.005872237785640169,0.70845485,2.568985,5580
6064,0.0004830389146252397,0.30948934,0.8835238,459
6065,0.0038148498159400737,1.1887197,3.2950628,3625
6066,0.005657553823584506,0.4874314,2.4442694,5376
6067,0.0014207026900742343,0.33796948,1.2334601,1350
6068,0.0008418978904143611,0.33350578,1.2242621,800
6069,0.005965898925948766,0.9080342,2.0856123,5669
6070,0.005603882833070591,0.51841533,1.7987847,5325
6071,0.00431998855018869,0.6920693,2.4535239,4105
6072,0.0023688901891534084,0.6124053,2.0738468,2251
6073,0.0013312510392177084,0.40153393,1.7600105,1265
6074,0.006117440546223351,0.48290962,2.5852077,5813
6075,0.0276879168710023,0.37271568,1.7272458,26310
6076,1.578558544526927e-05,0.2676239,0.42792523,15
6077,0.001860594337815738,0.4040479,1.6235105,1768
6078,0.0009481874990791742,0.37358704,1.2646952,901
6079,0.004914578935293833,0.3828411,1.3643287,4670
6080,0.011882336350835689,0.36423448,1.0682625,11291
6081,0.0032213118031979493,0.80196655,2.7010372,3061
6082,0.002903495349566528,0.42030096,2.312831,2759
6083,0.002792996251449643,0.4445912,1.6723402,2654
6084,0.0037559169636110683,0.7730554,2.5107527,3569
6085,0.00044936299900866526,0.5461891,1.5820804,427
6086,0.0002767739314737212,0.29512122,0.87390405,263
6087,0.0020437071289808617,0.3450323,1.0161341,1942
6088,0.0010376391499357,0.32977864,1.4129891,986
6089,0.006779382762561643,0.41251266,1.4236277,6442
6090,0.007217169665577111,0.55491585,2.1539195,6858
6091,4.9461501061843715e-05,0.28472963,0.76295877,47
6092,0.0009492398714421921,0.4948466,1.7387052,902
6093,0.0019142653283296535,0.6421409,2.159857,1819
6094,0.0022752290488448107,0.4293922,1.7647065,2162
6095,0.0014228074348002703,0.35022798,1.1505187,1352
6096,0.001581715661615981,0.29268053,1.1323532,1503
6097,0.0019889837661039283,0.46530855,1.523185,1890
6098,0.001977407670110731,0.43121225,1.4805759,1879
6099,0.000282035793288811,0.33006197,1.3194926,268
6100,0.0020879067682276157,0.4207437,1.8228295,1984
6101,0.0037580217083371045,0.45468852,1.8134259,3571
6102,0.001774299804048266,0.45738152,1.6082519,1686
6103,0.0013459842522999597,0.33224836,1.597099,1279
6104,0.0005146100855157783,0.40686417,1.8404995,489
6105,0.04260213799969271,0.5776465,2.0557647,40482
6106,0.0014470119991496831,0.36097455,1.0348052,1375
6107,0.00350334759648676,1.1869377,2.8509781,3329
6108,0.0013880791468206778,0.36934578,1.2491281,1319
6109,0.003956920084947497,0.503016,1.8335491,3760
6110,0.0068056920716370916,0.4607315,1.5274539,6467
6111,0.0035159760648429757,0.6950817,2.0625157,3341
6112,0.0028466672419635583,0.4214969,2.9440842,2705
6113,0.0047556707084781226,0.39127296,1.2817756,4519
6114,0.0009829157870587665,0.41106552,1.5852127,934
6115,0.0007103513450371172,0.71609014,2.1059864,675
6116,0.0016059202259653938,0.3948718,1.665592,1526
6117,0.0003809587954124984,0.41829383,1.955476,362
6118,4.840912869882576e-05,0.23976356,0.7159078,46
6119,0.0007766508039072481,0.36551362,1.1252081,738
6120,0.002919280935011797,0.44469938,1.6401362,2774
6121,0.0012207519411008235,0.3139173,1.0115998,1160
6122,0.013662950389062062,0.5888374,1.5467043,12983
6123,0.0013270415497656366,0.35556787,1.525646,1261
6124,0.0008724166889418817,0.3483355,0.95802116,829
6125,0.0020026646068231615,0.6798165,2.1345747,1903
6126,0.0014428025096976113,0.31869495,1.4027399,1371
6127,0.0028498243590526122,0.37410447,1.076614,2708
6128,0.0024941225003525446,0.4004874,1.6560153,2370
6129,0.004283155517483062,0.48527554,2.3252342,4070
6130,0.0015427778841843166,0.33319658,1.0544692,1466
6131,0.0016943195044589016,0.3704475,1.1303456,1610
6132,0.002790891506723607,0.35960144,1.4649639,2652
6133,0.002118425566755136,0.30992576,1.3682743,2013
6134,0.0019342604032269947,0.86317146,2.3508217,1838
6135,0.0038874635089883123,0.35318577,1.4285905,3694
6136,0.011648709686245705,0.65131617,2.2253025,11069
6137,0.029987350484196523,0.60940516,2.5137143,28495
6138,0.0009913347659629103,0.928097,2.8257804,942
6139,0.004964040436355677,0.46074474,1.6903783,4717
6140,0.004146347110290729,0.67851985,2.160297,3940
6141,0.0030792415341905255,0.3210101,1.446805,2926
6142,0.0003188688259944393,0.6695024,2.919406,303
6143,0.0003746445612343907,0.43160143,1.3483092,356
6144,0.0015669824485337297,0.40408367,1.394924,1489
6145,0.002104744726035903,0.37149075,1.1534139,2000
6146,0.010086989099527063,0.32998034,1.1116709,9585
6147,0.0005503907458583886,0.33626893,0.9797208,523
6148,0.0017911377618565533,0.3623393,1.1333328,1702
6149,0.004102147471043974,0.79870224,2.344058,3898
6150,0.0018553324760006483,0.29227376,0.8901484,1763
6151,0.0003999014979468215,0.524735,2.4194584,380
6152,0.0014459596267866652,0.3859908,1.1523583,1374
6153,0.000539867022228209,0.29134196,1.8375871,513
6154,0.000910302094010528,0.5177286,2.5733857,865
6155,0.0005809095443859092,0.43632424,2.3883898,552
6156,0.0031444886206976387,0.75133276,2.4925685,2988
6157,0.0014891068936704012,0.33884838,0.75407434,1415
6158,0.03944291616591282,0.3562199,1.2615315,37480
6159,0.00015259399263760294,0.32435188,0.7488034,145
6160,0.0019405746374051023,0.31652534,0.82769847,1844
6161,0.027135421380417878,0.5021327,1.9763011,25785
6162,0.004408387828682198,0.5245011,2.1116357,4189
6163,0.0027498489845659067,0.33468968,1.0225905,2613
6164,0.0019005844876104202,0.49346337,1.7289422,1806
6165,0.002246814995043326,0.5651804,2.4195683,2135
6166,0.0009608159674353896,0.3027537,0.9275902,913
6167,0.0006766754294205427,0.505464,1.6371795,643
6168,0.001559615841992604,0.40229267,2.05026,1482
6169,0.0013722935613754085,0.388753,2.2814016,1304
6170,0.005983789256120071,0.7921063,2.3034825,5686
6171,0.0011144623324360105,0.32523605,0.81560546,1059
6172,0.001254427856717398,0.5083096,2.1473777,1192
6173,0.0026625020784354168,0.47969806,1.8174196,2530
6174,0.0019142653283296535,0.447899,1.8581173,1819
6175,0.0010944672575386694,0.33165416,0.95343345,1040
6176,0.0028403530077854506,0.6334112,2.0146143,2699
6177,0.008723114517055798,0.40489015,1.1435101,8289
6178,0.005488121873138616,0.54018724,1.620213,5215
6179,0.0010481628735658796,0.28870872,0.82483697,996
6180,0.0072224315273922,0.58493274,2.1603673,6863
6181,0.0014238598071632882,0.4291273,1.7444018,1353
6182,0.0014417501373345935,0.2837627,1.0972581,1370
6183,0.0028014152303537866,0.42452022,1.2636806,2662
6184,0.007491838852324796,0.8184082,2.790494,7119
6185,0.002031078660624646,0.33014566,0.84612155,1930
6186,0.016020264482222275,0.5375408,2.8332767,15223
6187,0.0014806879147662576,0.59823024,2.479743,1407
6188,0.0033896913812808214,0.42762917,1.6642903,3221
6189,0.004952464340362479,0.5382814,2.0665104,4706
6190,0.002158415716549818,0.39469245,1.2105747,2051
6191,0.0022194533136048592,0.34107035,1.0596929,2109
6192,0.0014870021489443654,0.32468808,0.9487494,1413
6193,0.0030834510236425975,0.6178424,2.1003852,2930
6194,0.0016627483335683632,0.30561364,0.7917768,1580
6195,0.004034795639810826,0.45287699,1.6328771,3834
6196,0.0024909653832634908,0.43002084,2.5680294,2367
6197,0.00020100312133642872,0.39054608,1.5952042,191
6198,0.005860661689646971,0.49119768,2.000932,5569
6199,0.002078435416960454,0.34277648,1.3832994,1975
6200,0.001278632421066811,0.3528227,1.4418478,1215
6201,5.472336287693347e-05,0.22873838,0.59016675,52
6202,0.0006672040781533811,1.1200076,3.2773213,634
6203,0.0016585388441162914,0.3066087,0.7681686,1576
6204,0.07015850832531777,1.4245826,3.6771488,66667
6205,0.0005745953102078014,0.3589154,1.2421819,546
6206,0.008173776143560428,0.6483333,1.8872176,7767
6207,0.00208054016168649,1.0055085,3.3240125,1977
6208,0.0008071696024347687,0.2645989,0.7713719,767
6209,0.00028835002746691865,0.3597748,0.92766297,274
6210,0.0021973534939814824,0.7049238,2.6015322,2088
6211,0.0007429748882906736,0.3664438,1.3527852,706
6212,0.002317323943365529,0.31557652,0.90148735,2202
6213,0.0032623543253556494,0.5351707,1.8173116,3100
6214,0.0015448826289103526,0.5606146,2.1150033,1468
6215,0.0015469873736363884,0.33421,1.3093908,1470
6216,1.683795780828722e-05,0.28663206,0.49479094,16
6217,0.0027803677830934275,0.34836194,1.2489543,2642
6218,0.004827232029163343,0.72057354,2.1992464,4587
6219,0.010714203027885763,0.3503823,1.0864271,10181
6220,0.0013670316995603188,0.46201512,1.9481359,1299
6221,0.0009502922438052101,0.4339902,1.7128043,903
6222,0.000910302094010528,0.43111667,1.451385,865
6223,0.004800922720087894,0.29539007,0.8001424,4562
6224,0.005855399827831881,0.72648275,3.4689903,5564
6225,0.0022920670066530983,1.0071893,3.6695032,2178
6226,0.0044757396599153475,0.44651037,2.207442,4253
6227,0.0013365129010327983,0.36203358,1.1175852,1270
6228,0.0008850451572980971,0.4195914,1.9958217,841
6229,0.0012407470159981648,0.54753834,1.8419131,1179
6230,0.003850630476282684,0.58708465,2.2761953,3659
6231,0.0015290970434650834,0.75493,2.3486123,1453
6232,0.0008850451572980971,0.5077725,2.6618686,841
6233,3.1571170890538542e-06,0.3001798,0.33912188,3
6234,0.0005767000549338373,0.3517765,1.5121231,548
6235,0.0005251338091459577,0.3647255,1.0402765,499
6236,2.420456434941288e-05,0.34019023,0.9170968,23
6237,0.004565191310771873,0.56394356,3.4813578,4338
6238,0.0018984797428843842,0.6354814,1.8411323,1804
6239,0.00044620588191961137,0.34342617,1.1392041,424
6240,0.0015490921183624244,0.2741014,0.9731273,1472
6241,0.002078435416960454,0.33654225,1.047989,1975
6242,0.0024835987767223653,0.6403015,2.378604,2360
6243,0.0014238598071632882,0.48319438,1.8928695,1353
6244,0.004848279476423702,0.80875903,2.3337343,4607
6245,0.0008503168693185047,0.4139528,1.6779106,808
6246,0.003832740146111379,0.4028655,1.774823,3642
6247,0.002232081781961075,0.35055885,1.6860569,2121
6248,0.002730906282031584,0.28739992,0.9005715,2595
6249,0.010443743330590149,0.50987095,2.1684422,9924
6250,0.0019595173399394256,0.48442242,1.6907979,1862
6251,0.0024593942123729523,0.36283514,1.6832947,2337
6252,2.7361681438466735e-05,0.27200952,0.6132063,26
6253,0.0015911870128831425,0.33350852,0.8557945,1512
6254,0.0006798325465095966,0.3456269,1.3242096,646
6255,0.0017795616658633558,0.4120897,1.3975648,1691
6256,0.0025614743315856936,0.40089986,1.786335,2434
6257,0.0008366360285992714,0.46126676,1.5017382,795
6258,0.0026098834602845196,0.45321238,1.5233939,2480
6259,0.0005661763313036578,0.37705037,1.6380724,538
6260,0.0031234411734372795,0.29413667,0.76269,2968
6261,0.001795347251308625,0.88233674,2.6647096,1706
6262,0.007687580111846135,0.6910767,2.4094653,7305
6263,0.0009587112227093537,0.43984708,2.0713198,911
6264,0.0009555541056202999,0.43054795,1.5964864,908
6265,0.0012575849738064519,0.35656685,0.9730657,1195
6266,0.0030403037567588616,0.39121598,1.2194833,2889
6267,0.0010260630539425026,0.5497941,2.1967673,975
6268,0.008047491459998274,0.7539725,2.5859084,7647
6269,0.0014880545213073833,0.5213932,1.9526224,1414
6270,0.05432872324080174,0.6193997,3.5524445,51625
6271,0.0013312510392177084,0.3754697,1.2952279,1265
6272,0.0011597143440457824,0.7839164,2.27493,1102
6273,0.005402879711734162,0.583973,2.0619695,5134
6274,0.00029676900637106226,0.29207134,0.6877376,282
6275,0.0023909900087767857,0.4238125,1.5896584,2272
6276,0.0044157544352233236,0.8301067,2.2399,4196
6277,0.0012586373461694698,0.39150712,1.392872,1196
6278,0.00041673945575510874,0.5215783,2.447956,396
6279,0.0012596897185324879,0.3621064,1.5559578,1197
6280,0.00134072239048487,0.41473162,1.559498,1274
6281,0.005413403435364342,0.33638066,2.7987843,5144
6282,0.03424735380969319,0.4215656,1.7249254,32543
6283,0.0005798571720228912,0.37964436,1.3884572,551
6284,0.0040958332368658664,0.66095793,2.5855012,3892
6285,0.000930297168907869,0.35405236,1.5035981,884
6286,0.005290275868891242,0.33573264,1.1830232,5027
6287,0.0024751797978182217,0.5371955,2.3202782,2352
6288,0.0016964242491849376,0.58596134,2.2663505,1612
6289,0.00155645872490355,0.43094575,1.6210673,1479
6290,0.0065173420441701725,0.46854243,2.050056,6193
6291,0.0004072681044879472,0.27638993,0.72432625,387
6292,0.001169185695312944,0.33000782,1.0398018,1111
6293,0.0008776785507569714,0.4851436,1.9798063,834
6294,0.004519939299162101,0.544399,2.639811,4295
6295,0.001490159266033419,0.44951898,1.9357804,1416
6296,0.017351515521439983,0.45733526,1.5472369,16488
6297,0.0029740042978887308,0.4562517,2.0319276,2826
6298,0.00038622065722758816,0.5423342,2.451123,367
6299,0.003591746874980268,0.6588449,2.6195529,3413
6300,0.0020637022038782027,0.84508866,2.3577867,1961
6301,0.0012712658145256853,0.31607866,0.8466973,1208
6302,0.0031676408126840336,0.6605449,2.608995,3010
6303,0.003987438883475017,0.96646124,2.9740784,3789
6304,0.0009566064779833178,152.51277,366.03964,909
6305,0.008283222869314296,0.40217936,1.3800681,7871
6306,0.0014575357227798627,0.32706112,1.0786623,1385
6307,0.01530359890300705,0.54398715,2.4296892,14542
6308,0.0021984058663445005,0.42878002,1.4923526,2089
6309,0.0017627237080550685,0.47912043,1.7242899,1675
6310,0.0006514184927081119,0.42339733,1.9065813,619
6311,0.0010713150655522745,0.3968497,1.6017879,1018
6312,0.0015396207670952628,0.41072667,2.154279,1463
6313,0.0007724413144551763,0.39413536,1.4646633,734
6314,0.0027530061016549606,0.3407597,1.2413429,2616
6315,0.003078189161827508,0.35773808,1.1050504,2925
6316,0.0011323526626073157,0.30768204,1.196549,1076
6317,0.039225075086768105,0.48772275,1.4738784,37273
6318,0.0011218289389771361,0.34306663,1.0967156,1066
6319,0.0004809341698992038,0.30013624,1.5071195,457
6320,0.0013449318799369418,0.36705557,1.3057333,1278
6321,0.008822037519179487,0.46547857,1.834318,8383
6322,0.00406320969361231,0.75890964,2.2118988,3861
6323,0.0009408208925380485,0.37888372,1.3742431,894
6324,0.0031465933654236744,0.7159007,2.3398328,2990
6325,0.003338125135492942,0.5182453,2.3446805,3172
6326,0.0009408208925380485,0.4941275,3.2974534,894
6327,0.0006893038977767582,0.3469889,1.676553,655
6328,0.004180023025907303,0.81144327,2.609784,3972
6329,0.0007492891224687814,0.38843927,1.3174689,712
6330,0.001341774762847888,0.5371179,2.039768,1275
6331,0.0004072681044879472,0.4361439,1.7198466,387
6332,0.009301919316715672,0.33330074,1.0490223,8839
6333,0.0011628714611348363,0.34967083,1.0654815,1105
6334,0.0026961779940519915,0.38898802,1.1267843,2562
6335,0.007649694706777488,0.4329048,1.4618142,7269
6336,0.002957166340080443,0.37901255,1.6260203,2810
6337,0.0007556033566468891,0.40496734,1.9840895,718
6338,0.002508855713434796,0.33515686,0.90017545,2384
6339,0.0027224873031274402,0.54067075,1.9722307,2587
6340,0.0005609144694885681,0.44986102,2.2992396,533
6341,4.4199639246753955e-05,0.24085408,0.42504814,42
6342,0.0005061911066116346,0.35374832,1.1291789,481
6343,1.2628468356215417e-05,0.24003032,0.29906705,12
6344,0.0001578558544526927,0.27943766,0.7559645,150
6345,0.0033623296998423545,0.89432853,3.0462773,3195
6346,0.002186829770351303,0.5458621,1.9813117,2078
6347,0.002644611748264112,0.9654005,3.4218829,2513
6348,0.001729047792438494,0.3944821,1.7798935,1643
6349,0.003870625551180025,0.48406577,1.7232996,3678
6350,0.0015617205867186398,0.5081113,1.8884599,1484
6351,0.0007187703239412608,0.38263115,1.3313286,683
6352,0.011398245063847432,0.88886136,2.2497458,10831
6353,0.0025888360130241605,0.436217,1.7618774,2460
6354,0.002098430491857795,0.55978894,1.9134912,1994
6355,0.008045386715272239,0.24681278,0.64055413,7645
6356,0.0031518552272387645,0.7179402,1.5907347,2995
6357,0.007810707678319235,0.337961,1.2046508,7422
6358,0.0020237120540835206,0.356155,1.3718958,1923
6359,0.0009208258176407074,0.41433027,1.281414,875
6360,0.0014996306173005807,0.3213117,1.1342436,1425
6361,0.0007924363893525173,0.31064066,0.8775935,753
6362,0.0028477196143265764,0.71630543,2.598711,2706
6363,0.00012733705592517212,0.2607753,0.48120323,121
6364,0.0007282416752084224,0.32738695,1.1041045,692
6365,0.0005503907458583886,0.3916558,1.4258896,523
6366,0.003509661830664868,0.48496,1.7670096,3335
6367,0.010997291193537592,0.3204493,1.0240264,10450
6368,0.003288663634431098,0.39221007,1.7742499,3125
6369,4.4199639246753955e-05,0.25802174,0.44398558,42
6370,0.0003662255823302471,0.33400217,1.2600731,348
6371,0.025738923254693055,0.70827174,2.4329307,24458
6372,0.0025614743315856936,0.46983388,1.6180545,2434
6373,0.003008732585868323,0.48142797,1.8570352,2859
6374,0.0006451042585300042,0.38039505,1.860801,613
6375,0.0013344081563067623,0.5193911,2.5073314,1268
6376,0.0006524708650711299,0.3205482,1.0210346,620
6377,0.0006861467806877043,0.47841385,2.3148074,652
6378,0.0011954950043883928,0.32981142,1.0256675,1136
6379,0.002334161901173816,1.0689847,2.9987059,2218
6380,0.0023888852640507495,1.0243472,3.024761,2270
6381,0.002617250066825645,0.42408216,1.8690748,2487
6382,0.0014596404675058985,0.36110565,0.9765519,1387
6383,0.000844002635140397,0.35770875,1.6515462,802
6384,0.0017216811858973685,0.38132867,1.9237804,1636
6385,0.004186337260085411,0.42831284,1.3902019,3978
6386,0.0020605450867891488,0.6849831,2.480923,1958
6387,0.0017458857502467813,0.7525983,2.7073941,1659
6388,0.00028098342092579303,0.75688255,1.9970809,267
6389,0.0006240568112696451,0.43167877,1.8791554,593
6390,0.0015069972238417064,0.563046,2.2188842,1432
6391,0.0003662255823302471,0.729094,1.8081764,348
6392,0.0004925102658924012,0.37055308,1.4500005,468
6393,0.000758760473735943,0.3860936,1.5367646,721
6394,0.0059595846917706585,0.35001877,1.4442437,5663
6395,0.001880589412713079,0.34024984,0.9991614,1787
6396,0.0026688163126135245,0.76037925,2.601454,2536
6397,0.0022836480277489543,0.70069224,2.3394897,2170
6398,0.0020963257471317592,0.30320856,0.97519016,1992
6399,0.0001452273860964773,0.29971868,0.74700445,138
6400,0.0006335281625368068,0.46602717,1.9701004,602
6401,0.00641631429732045,0.752025,2.8951952,6097
6402,0.0002872976551039007,0.63937396,2.8222146,273
6403,0.001301784613053206,0.48164028,3.192854,1237
6404,0.001405969476991983,0.6637108,2.346794,1336
6405,0.000563019214214604,0.30020776,0.76374155,535
6406,0.04070576300153436,0.4921181,2.9338417,38680
6407,0.006114283429134297,0.5840031,2.2304327,5810
6408,0.0008818880402090433,0.39829805,1.2996141,838
6409,0.0010492152459288975,0.4519021,2.1818318,997
6410,0.0006945657595918479,0.3214778,1.8440685,660
6411,0.0020458118737068974,0.3837384,1.501611,1944
6412,0.0034170530627192883,0.3218618,1.1579102,3247
6413,0.0035180808095690115,0.33397856,1.0837537,3343
6414,0.007089832609651938,0.93023556,2.7079916,6737
6415,0.001730100164801512,0.42354238,1.4703257,1644
6416,0.012813685892106576,1.208836,2.4827359,12176
6417,0.007168760536878285,0.40484056,1.6192129,6812
6418,0.008828351753357593,0.36151025,1.1571957,8389
6419,0.003196054866485518,0.7609406,2.3185277,3037
6420,0.011058328790592632,0.6686003,2.5308824,10508
6421,0.003855892338097774,0.36854714,1.5127436,3664
6422,0.002276281421207829,0.29585713,0.7659028,2163
6423,0.009552383939113944,0.824544,3.275498,9077
6424,0.0011797094189431234,0.5500419,2.0452232,1121
6425,0.004706209207416279,0.48768505,1.6103297,4472
6426,0.0001883746529802133,0.93458706,2.557746,179
6427,0.000715613206852207,0.30433673,0.83408767,680
6428,0.00022626005804885955,0.26540563,0.5302748,215
6429,0.0012859990276079367,0.3366786,1.210737,1222
6430,0.0025856788959351066,0.34444973,1.0503681,2457
6431,0.0015838204063420168,0.31051627,0.8507247,1505
6432,0.02067175032676162,0.4176099,1.4940982,19643
6433,0.0068688344134181685,0.48010325,2.6342902,6527
6434,4.630438397278986e-05,0.32323518,0.47516555,44
6435,0.002104744726035903,0.66144997,2.6816692,2000
6436,0.0027119635794972605,1.0537006,2.7837567,2577
6437,0.0017711426869592122,0.32277873,1.0044142,1683
6438,0.009548174449661873,0.36535594,1.3917377,9073
6439,0.0012428517607242005,0.35441834,1.0985901,1181
6440,0.0008408455180513431,0.32464495,1.3837379,799
6441,0.003908510956248671,0.7266358,2.293728,3714
6442,0.001104990981168849,0.46170503,2.1446898,1050
6443,0.0029761090426147665,0.30007884,1.0593054,2828
6444,0.004383130891969768,0.4302519,1.6674736,4165
6445,0.0007903316446264814,0.35235873,1.117007,751
6446,0.009525022257675477,0.48846546,1.7569313,9051
6447,0.0049303645207391025,0.37951994,1.3113277,4685
6448,0.004023219543817628,0.3278013,0.9986939,3823
6449,0.0018353374011033073,0.34835258,1.1351416,1744
6450,0.02003401267477274,0.30788878,1.1712316,19037
6451,0.0008103267195238226,0.45121866,1.5548837,770
6452,0.005215557431116967,0.5836852,1.896148,4956
6453,0.001017644075038359,0.36594075,0.9532978,967
6454,0.0010029108619561077,0.34969136,1.3095224,953
6455,0.0002988737510970982,0.6079416,2.5689108,284
6456,0.0005514431182214065,0.25816965,0.61864537,524
6457,0.0003588589757891214,0.35071662,1.1360445,341
6458,0.000496719755344473,0.50266397,1.8000945,472
6459,0.0035622804488157655,0.6807054,3.4019208,3385
6460,0.004823022539711271,0.6909229,2.7605045,4583
6461,0.002189986887440357,0.35711554,1.5270222,2081
6462,0.0014101789664440548,0.4515059,1.9850268,1340
6463,0.004549405725326604,0.7974418,3.0542526,4323
6464,0.0060427221084490765,0.5973243,2.5408273,5742
6465,0.0009166163281886356,0.3310452,1.0454135,871
6466,0.0009397685201750306,0.3429903,1.2362317,893
6467,0.0006819372912356325,0.32805884,1.4864475,648
6468,0.0018037662302127686,0.56659627,2.2466993,1714
6469,0.0018963749981583484,0.42306897,1.4021041,1802
6470,0.013440899820465275,0.29676056,0.98007506,12772
6471,0.006532075257252424,0.37909845,1.1638366,6207
6472,0.004088466630324741,0.6088056,4.010357,3885
6473,0.003532814022651263,0.6614468,2.766179,3357
6474,0.002816148443436038,0.45195317,1.9139601,2676
6475,0.011696066442581511,0.38718668,1.5518775,11114
6476,0.0028203579328881095,0.30489412,0.9369745,2680
6477,0.0004998768724335269,0.41803002,1.3444285,475
6478,0.0009187210729146715,0.37713006,2.1426165,873
6479,0.001362822210108247,0.43972808,1.9822764,1295
6480,0.00046620095681695244,0.39251152,1.408992,443
6481,0.001793242506582589,0.45750168,1.7994685,1704
6482,0.0023688901891534084,0.37255836,1.2193491,2251
6483,0.0006230044389066272,0.2707884,0.55805445,592
6484,0.001993193255556,0.38577002,1.7138834,1894
6485,0.0030771367894644897,0.5472987,2.237415,2924
6486,0.0006672040781533811,0.42606345,2.207596,634
6487,0.0008839927849350792,0.32482675,1.0698663,840
6488,0.0025888360130241605,1.090939,2.705805,2460
6489,0.0006093235981873939,0.31819937,0.9468678,579
6490,0.0012944180065120802,0.35699368,2.11547,1230
6491,8.418978904143611e-05,0.25736013,0.63601667,80
6492,0.0013154654537724391,0.4174034,1.3607861,1250
6493,0.008132733621402728,0.6305059,2.8083887,7728
6494,0.0018669085719938458,0.5806594,2.6763227,1774
6495,0.0006871991530507223,0.37347674,1.3403817,653
6496,0.0009618683397984076,0.49043295,2.6212542,914
6497,0.000995544255414982,0.4485422,2.2931075,946
6498,0.00033360203907669057,0.27450684,0.65060514,317
6499,0.0004441011371935755,0.43747208,2.1893132,422
6500,0.046809522707038476,0.60193837,2.0510833,44480
6501,0.0010281677986685384,0.4192982,1.3862567,977
6502,0.0015480397459994065,0.35576186,1.1065936,1471
6503,0.0022552339739474697,0.30687323,1.0314821,2143
6504,0.0028266721670662173,0.5489205,2.1086366,2686
6505,0.008205347314450967,0.57036924,2.1890388,7797
6506,0.003990596000564071,0.56768036,3.1372967,3792
6507,0.004349454976353193,0.37245485,1.7445118,4133
6508,0.003244463995184344,0.36249676,1.4084153,3083
6509,0.0073045165717076,0.6035939,3.6526167,6941
6510,0.0017248383029864222,0.4238352,1.4150927,1639
6511,0.0028308816565182893,0.4284983,1.7286096,2690
6512,0.0003809587954124984,0.36210853,2.3216681,362
6513,0.0005104005960637064,0.38893154,2.2169738,485
6514,0.009840733966580863,0.45618978,1.604647,9351
6515,0.01798399131161377,0.32780603,1.027067,17089
6516,0.0018563848483636662,0.41918093,1.471741,1764
6517,0.001320727315587529,0.36328846,0.9687762,1255
6518,0.0008092743471608046,0.3880046,2.2144153,769
6519,0.003393900870732893,0.55378103,2.2815976,3225
6520,0.005730167516632745,0.36770022,1.194689,5445
6521,0.0022184009412418416,0.8642681,2.7846327,2108
6522,0.002957166340080443,0.32198396,0.87091637,2810
6523,0.0012386422712721288,0.42641217,1.4131844,1177
6524,0.007428696510543719,0.84276634,2.6290488,7059
6525,0.0006114283429134298,0.41579723,1.3959937,581
6526,0.00584066661474963,0.7310439,2.4883835,5550
6527,0.0048188130502591995,0.4222122,1.4919147,4579
6528,0.0008355836562362534,0.31785104,0.85948014,794
6529,0.0008903070191131868,0.4202744,2.2745097,846
6530,0.0029077048390185995,0.2986392,1.0735704,2763
6531,0.0006977228766809017,0.36000234,1.2312059,663
6532,0.000584066661474963,0.4525178,1.9615926,555
6533,0.0029487473611762996,0.4776065,1.680396,2802
6534,0.012941022948031749,0.472963,1.8276346,12297
6535,0.001990036138466946,0.6546096,2.3955078,1891
6536,0.00328761126206808,0.6564155,2.078148,3124
6537,0.0019805647871997843,0.75347257,2.7089868,1882
6538,0.0015406731394582809,0.3607363,1.3085251,1464
6539,0.0024783369149072756,0.74762154,2.6306572,2355
6540,0.0023888852640507495,0.8007394,2.720954,2270
6541,0.0015217304369239577,0.338226,1.3208376,1446
6542,0.00018311279116512355,0.30382147,0.8093864,174
6543,0.004353664465805265,0.6141384,2.1944923,4137
6544,0.01101412915134588,0.6737325,2.7840567,10466
6545,0.0008850451572980971,0.40838957,1.2385815,841
6546,0.0003167640812684034,0.36096334,1.6049656,301
6547,0.02507487629362873,0.33813992,1.001795,23827
6548,0.005232395388925254,0.32146758,1.0484942,4972
6549,0.002189986887440357,0.35480708,1.3897327,2081
6550,0.0012638992079845597,0.31364983,0.9101138,1201
6551,0.006219520665436093,0.48126137,1.759541,5910
6552,0.006947762340644515,0.5263094,1.7837038,6602
6553,0.0009629207121614255,0.3723425,1.3118535,915
6554,0.0019521507333982997,0.43978465,1.7920606,1855
6555,0.012098072685254369,0.5752464,2.2212849,11496
6556,0.012865252137894455,0.6992344,2.8339052,12225
6557,0.002071068810419328,0.38065168,1.6153183,1968
6558,0.000475672308084114,0.5214968,2.4825013,452
6559,0.04010064889279904,1.4619216,3.8760233,38105
6560,0.001838494518192361,0.45187902,1.8036784,1747
6561,0.0005293432985980295,0.3402486,0.8066048,503
6562,0.001323884432676583,0.357805,1.4216311,1258
6563,0.003263406697718667,0.6078937,2.5819635,3101
6564,0.046071809680562896,0.3270686,1.3092835,43779
6565,0.012157005537583374,0.43497634,1.7100981,11552
6566,0.0073918634778380905,0.70654434,2.5254464,7024
6567,0.0005788047996598733,0.315622,1.2805808,550
6568,0.001973198180658659,79.126884,368.80576,1875
6569,0.04222117920428021,0.40833566,1.9562218,40120
6570,0.0007429748882906736,0.40176147,1.7780823,706
6571,0.004816708305533163,0.543886,2.0914316,4577
6572,0.001775352176411284,0.38811317,1.3991096,1687
6573,0.00771073230383253,0.38282627,1.3852825,7327
6574,0.010369024892815874,0.4628496,1.6847416,9853
6575,0.003370748678746498,0.73397034,2.5614338,3203
6576,0.0025404268843253345,0.39156237,1.3413706,2414
6577,0.0008334789115102175,0.42966706,1.5173779,792
6578,0.0042642128149487386,0.7489168,2.1955087,4052
6579,3.5780660342610345e-05,0.25169846,0.44020778,34
6580,0.0003820111677755163,0.564818,2.3843856,363
6581,0.001127090800792226,0.32722187,0.9582285,1071
6582,0.0013312510392177084,0.37666267,1.1439644,1265
6583,0.002229977037235039,0.3739666,1.2557541,2119
6584,0.0011039386088058309,0.31866,1.0809019,1049
6585,0.00584592847656472,0.42497104,1.7053428,5555
6586,0.0014743736805881498,0.3253235,1.0423362,1401
6587,0.00026098834602845196,0.42194766,1.317588,248
6588,0.00037780167832344454,0.29808664,0.97406876,359
6589,0.0008608405929486843,0.3824652,1.3088855,818
6590,0.003935872637687138,0.5549791,3.6045423,3740
6591,0.0018037662302127686,0.33745316,0.97530323,1714
6592,0.0077980792099630195,0.3754666,1.1285721,7410
6593,0.0007387653988386019,2.675927,31.933325,702
6594,0.004510467947894939,0.39379796,1.2354844,4286
6595,0.0013449318799369418,0.3145245,0.8221771,1278
6596,0.0018995321152474021,0.34758893,1.0436707,1805
6597,0.014490115066394173,0.8898799,2.3947637,13769
6598,0.0006408947690779323,0.3416976,1.2660187,609
6599,0.0024783369149072756,0.40188798,1.6884257,2355
6600,0.0008071696024347687,0.40429497,2.379388,767
6601,0.0009429256372640844,0.43992424,2.415137,896
6602,7.892792722634635e-05,0.25107914,0.45303094,75
6603,0.008234813740615469,0.61038554,2.8717523,7825
6604,0.04340194099558635,1.0826919,2.4728024,41242
6605,0.00220366772815959,0.8138885,2.9399714,2094
6606,0.003860101827549846,0.651578,2.7283301,3668
6607,0.001187076025484249,0.46874276,1.9640925,1128
6608,0.006748863964034122,0.34348267,1.2953614,6413
6609,0.0028719241786759895,0.37586173,1.1096615,2729
6610,0.002297328868468188,0.9640115,2.7694128,2183
6611,0.004017957682002539,0.6210347,2.2769115,3818
6612,0.00013259891774026187,0.36118317,1.1022972,126
6613,0.0049819307665269815,0.8587715,3.14636,4734
6614,0.04754723573351406,0.5454427,2.2006419,45181
6615,0.0015301494158281013,0.9017412,2.9760036,1454
6616,0.0013565079759301393,0.470609,2.4426978,1289
6617,0.0005777524272968553,0.42337692,2.306337,549
6618,0.0027603727081960865,0.9782962,2.462765,2623
6619,0.0008576834758596304,0.581683,2.7814813,815
6620,0.0005903808956530707,0.39880902,1.9286319,561
6621,0.0028224626776141458,0.64284116,2.8045576,2682
6622,0.008900965446405833,0.6881761,2.4328303,8458
6623,0.0008197980707909841,0.5023598,2.8707204,779
6624,0.0013228320603135648,0.38175714,1.5692475,1257
6625,0.00037043507178231887,0.47047582,2.4556255,352
6626,0.0012375898989091109,0.36449298,1.0381347,1176
6627,0.00999122321449243,0.4063638,1.3466251,9494
6628,0.004516782182073047,0.40904146,1.3424463,4292
6629,0.001581715661615981,0.3721724,1.1444192,1503
6630,0.0014764784253141858,0.33292466,1.1123873,1403
6631,0.0005009292447965448,0.38967273,1.4820342,476
6632,0.0024372943927495755,0.5919365,1.8331207,2316
6633,0.0010197488197643948,0.4730282,1.8766199,969
6634,0.000993439510688946,0.32820657,1.3932834,944
6635,0.0016511722375751657,0.3933985,2.5072455,1569
6636,0.01666431636838926,0.32775867,1.5987858,15835
6637,0.0011186718218880822,0.48193607,1.6268864,1063
6638,0.0010008061172300717,150.93245,367.87222,951
6639,0.0010271154263055205,0.70447,2.3905659,976
6640,0.0001620653439047645,0.3103503,0.79580593,154
6641,0.003288663634431098,0.38499188,1.2381558,3125
6642,0.00433051227381887,0.65923387,2.231512,4115
6643,0.0007008799937699556,0.39383382,1.9079479,666
6644,0.0011628714611348363,0.31709316,1.2178007,1105
6645,0.0018553324760006483,0.5871433,1.9525261,1763
6646,0.0015869775234310707,0.37656704,1.668498,1508
6647,0.0018616467101787559,1.0496417,3.1506212,1769
6648,0.0020605450867891488,1.1699594,3.2120683,1958
6649,0.003650679727309273,0.52328354,1.9256693,3469
6650,0.0017385191437056557,0.3925648,1.3701233,1652
6651,0.0015448826289103526,0.3353915,1.4023128,1468
6652,0.0011618190887718184,0.52017,2.100515,1104
6653,0.003162378950868944,0.4015479,1.4382153,3005
6654,0.0055249549058442446,0.37126032,1.6533406,5250
6655,0.0005672287036666757,0.42548987,2.3448226,539
6656,0.004040057501625915,1.0070482,2.2237654,3839
6657,0.001430174041341396,0.31927744,1.3120711,1359
6658,0.0009071449769214741,0.4240825,1.477941,862
6659,0.002418351690215252,0.8444287,2.383309,2298
6660,0.0019132129559666356,0.4538556,1.7078019,1818
6661,0.008307427433663708,0.4980921,1.6201934,7894
6662,0.002639349886449022,0.41136426,1.4979341,2508
6663,0.001815342326205966,0.40327516,1.2220204,1725
6664,0.0009418732649010664,0.48212898,3.2123382,895
6665,0.008798885327193091,0.59949327,2.1772587,8361
6666,0.0005125053407897424,0.4429906,1.5429842,487
6667,0.002232081781961075,0.82655305,2.4874914,2121
6668,0.0007808602933593199,0.2816102,0.83057064,742
6669,0.001059738969559077,0.46022293,1.3026464,1007
6670,0.002458341840009934,1.0367812,3.3835285,2336
6671,0.019835114298162346,0.5975063,2.308786,18848
6672,0.0031739550468621413,0.3946221,1.2768518,3016
6673,0.0008471597522294508,0.49209645,2.5986004,805
6674,0.002916123817922743,0.68082863,2.0815804,2771
6675,0.0015785585445269271,0.36334664,1.3704306,1500
6676,0.0002904547721929546,0.25829935,0.7875508,276
6677,0.0038885158813513304,1.0213653,2.8323476,3695
6678,0.015762433253282877,0.44399282,1.3096389,14978
6679,0.0056449253552282915,0.42261806,1.8165257,5364
6680,0.0014101789664440548,0.73823005,2.3182642,1340
6681,0.0022194533136048592,0.5312021,2.232394,2109
6682,0.0017911377618565533,0.6649481,2.2891965,1702
6683,0.0037075078349122427,0.46574315,2.16639,3523
6684,0.0005282909262350116,0.5299972,1.7155514,502
6685,0.007041423480953112,0.6538727,2.3235302,6691
6686,0.0017153669517192608,0.54665,1.8441321,1630
6687,0.0003157117089053854,0.41406652,2.0115643,300
6688,0.0017595665909660148,0.36170924,1.2970525,1672
6689,0.0001557511097266568,0.6645271,3.3558242,148
6690,0.000998701372504036,0.45324767,1.9760537,949
6691,0.0008545263587705765,0.39080817,1.201674,812
6692,2.946642616450264e-05,0.27423203,0.4839373,28
6693,0.0026940732493259557,0.7899527,3.0987515,2560
6694,0.0027614250805591046,0.3351329,1.7124503,2624
6695,0.006723607027321691,0.55130935,2.4045215,6389
6696,0.000454624860823755,0.31257442,0.8812365,432
6697,0.0020637022038782027,0.6997749,2.837806,1961
6698,0.0012049663556555543,0.27946755,0.891919,1145
6699,0.0022426055055912546,0.37898287,1.3262782,2131
6700,0.001838494518192361,0.3683572,1.2956834,1747
6701,0.0016532769823012015,0.87432206,2.8269062,1571
6702,0.002402566104769983,0.36603692,1.7869635,2283
6703,5.367099051391552e-05,0.3424118,0.69139636,51
6704,0.001601710736513322,0.36352038,1.0784565,1522
6705,0.015419359862939023,0.4233992,1.9120771,14652
6706,0.00043357741356339597,0.31818905,0.99152416,412
6707,0.0010618437142851129,0.53275937,2.058002,1009
6708,0.002795100996175679,0.42124236,1.3675702,2656
6709,0.005870133040914133,0.48758185,1.7658753,5578
6710,0.0009797586699697128,0.38864937,1.5989075,931
6711,0.0009713396910655691,157.17717,386.5338,923
6712,0.0008355836562362534,0.3667819,1.3650799,794
6713,0.001211280589833662,0.47953442,1.7537022,1151
6714,0.0023467903695300316,0.33814773,1.1145821,2230
6715,0.0020594927144261307,0.3854286,1.2799046,1957
6716,0.0005767000549338373,0.38605532,1.103407,548
6717,0.10788605753951132,1.0509257,3.072616,102517
6718,0.0020163454475423948,0.44879493,1.4529202,1916
6719,0.0007955935064415712,0.5753744,2.1336622,756
6720,0.006104812077867136,0.55517143,2.5557647,5801
6721,0.016766396487602,0.32522124,1.1876589,15932
6722,0.0011723428124019977,0.33212164,0.9157078,1114
6723,0.0016606435888423272,0.32739255,0.9678472,1578
6724,0.002165782323090944,0.3802645,1.2207564,2058
6725,0.001062896086648131,0.6433644,2.4600801,1010
6726,0.0026014644813803756,0.42057574,1.8172243,2472
6727,0.0002872976551039007,0.4061063,1.6900035,273
6728,0.003050827480389041,0.8955486,2.6332035,2899
6729,0.003900091977344528,0.6671721,2.1576471,3706
6730,0.01265267292056483,0.46622512,1.5037426,12023
6731,0.000972392063428587,0.55764925,2.4536824,924
6732,0.0007271893028454044,0.45987645,2.0523908,691
6733,0.006522603905985263,0.71584123,1.7003498,6198
6734,0.0027151206965863144,0.57585585,2.22466,2580
6735,0.0021079018431249567,1.0917163,3.4989839,2003
6736,0.0043841832643327855,0.7308745,1.7957944,4166
6737,0.0022141914517897696,0.27776536,0.7961439,2104
6738,0.0017037908557260633,0.75189227,2.606344,1619
6739,0.0062026827076278055,0.81896836,2.8363194,5894
6740,0.003219207058471913,0.43471694,1.4637511,3059
6741,0.0029129667008336896,0.6423788,2.379672,2768
6742,0.0016395961415819683,0.83823293,2.1773849,1558
6743,0.015262556380849349,0.39819172,2.7815564,14503
6744,0.004927207403650049,0.4914692,1.9795468,4682
6745,0.003833792518474397,0.5699234,2.6866949,3643
6746,0.0014617452122319345,0.337984,1.1979569,1389
6747,0.0002273124304118775,0.25725693,0.60771763,216
6748,0.0008461073798664329,0.33720434,1.5578129,804
6749,0.0007534986119208532,0.47506014,2.4129636,716
6750,0.004731466144128709,0.37028524,1.3066044,4496
6751,0.0008492644969554867,0.37686542,1.5896878,807
6752,0.012052820673644597,0.3244371,0.9538181,11453
6753,0.001666957823020435,0.46262416,1.7319031,1584
6754,0.0010450057564768257,0.39719823,2.723286,993
6755,0.007055104321672346,0.32324472,1.0606023,6704
6756,0.01387552960639169,0.39980444,1.4594731,13185
6757,0.059400105658185244,0.4003465,1.7817441,56444
6758,0.0041926514942635185,0.7741196,3.0081503,3984
6759,0.002104744726035903,0.7225013,2.290011,2000
6760,0.0009860729041478204,0.37518084,1.5895762,937
6761,0.00034096864561781624,0.60091484,2.396735,324
6762,0.0024162469454892164,0.39175817,1.6368252,2296
6763,0.04919209373691112,1.1691109,2.4359193,46744
6764,0.0029782137873408023,0.35507816,1.2065072,2830
6765,0.0018279707945621816,0.50321484,1.858244,1737
6766,0.0032213118031979493,0.8569834,2.4916534,3061
6767,0.0025646314486747475,0.35443726,1.2626426,2437
6768,0.007164551047426213,0.42698437,1.9703255,6808
6769,0.049347844846637776,1.197561,3.1342368,46892
6770,0.0008376884009622893,0.3166152,0.85216236,796
6771,0.0006124807152764477,0.37428233,1.0041863,582
6772,0.0009976490001410178,0.48084286,2.8046548,948
6773,0.007185598494686572,0.6156518,2.8805335,6828
6774,0.0011344574073333515,0.7111431,1.9996276,1078
6775,0.001473321308225132,0.34143105,1.3822472,1400
6776,0.00048514365935127556,0.3484792,1.3868403,461
6777,0.004138980503749602,0.46426314,1.8946302,3933
6778,0.0003788540506864625,0.38084772,1.5109115,360
6779,0.012959965650566072,0.29432622,0.7804348,12315
6780,0.0009944918830519641,0.3464932,1.333508,945
6781,0.0008503168693185047,0.31383988,1.2785662,808
6782,0.0012596897185324879,0.3091781,1.2092841,1197
6783,0.001169185695312944,0.276022,0.85483533,1111
6784,0.00394008212713921,0.38913357,2.458468,3744
6785,0.0015080495962047243,0.3136268,0.9781257,1433
6786,0.001857437220726684,0.33902615,0.96247166,1765
6787,0.0005419717669542449,0.42272282,1.9295285,515
6788,0.000820850443154002,0.36069068,1.2007523,780
6789,0.027612146060865008,0.26880965,0.82046515,26238
6790,0.0002694073249325955,0.25166044,0.5353894,256
6791,0.000669308822879417,0.34550923,1.338601,636
6792,0.000585119033837981,0.4088032,1.5564356,556
6793,0.002400461360043947,0.79655623,2.9706843,2281
6794,0.008802042444282145,0.39161605,1.8827457,8364
6795,0.00789594983972369,0.35544658,1.4690809,7503
6796,0.006347910093724283,0.49221438,1.9928664,6032
6797,0.0017248383029864222,0.37758964,1.2197998,1639
6798,0.008413717042328522,0.40146127,2.0245738,7995
6799,0.000820850443154002,0.4413355,1.339919,780
6800,0.005066120555568418,0.51633024,1.922588,4814
6801,0.0011754999294910516,0.64671993,3.424964,1117
6802,0.0002904547721929546,0.53732264,2.7933187,276
6803,0.0024099327113111086,1.1425297,3.940657,2290
6804,0.001102886236442813,0.706655,2.6283078,1048
6805,0.03840738176070315,0.32959777,1.2791427,36496
6806,0.001774299804048266,0.3228576,0.7718181,1686
6807,0.0003956920084947497,0.35821357,0.97370493,376
6808,0.0004441011371935755,0.53919095,1.3022388,422
6809,0.002684601898058794,0.29196444,0.86748344,2551
6810,0.0022889098895640444,0.3104295,0.9963181,2175
6811,0.003267616187170739,0.95598453,2.537912,3105
6812,0.0007640223355510326,0.45126536,1.8013961,726
6813,0.0003714874441453368,1.3545485,2.9551184,353
6814,0.0024730750530921855,0.36923888,1.3102314,2350
6815,0.0017448333778837634,1.1196159,2.5069602,1658
6816,0.0010744721826413284,0.4597342,1.3922604,1021
6817,0.0033212871776846543,0.6586747,2.5497422,3156
6818,0.0032086833348417337,0.42679876,1.6886116,3049
6819,0.004014800564913485,0.4873505,2.8877764,3815
6820,0.0031434362483346205,0.29189655,1.15576,2987
6821,0.0015133114580198142,0.7855332,2.5628452,1438
6822,0.0007850697828113918,0.29752332,1.4463967,746
6823,0.0006261615559956811,1.6068211,9.6146,595
6824,0.0005030339895225808,0.5067342,2.1733367,478
6825,0.0009913347659629103,0.44578016,2.3339646,942
6826,0.00021468396205566207,0.342546,1.0047064,204
6827,0.0028656099444978817,1.1931679,3.7282553,2723
6828,0.00031255459181633155,0.3097679,0.75313884,297
6829,0.02200089662125329,0.3727168,1.0927143,20906
6830,0.0014428025096976113,0.323004,1.1339606,1371
6831,0.006074293279339615,0.4655339,2.0060325,5772
6832,0.002115268449666082,0.3577204,1.2027447,2010
6833,0.0033896913812808214,0.27914166,0.75406027,3221
6834,0.00832110827438294,0.75495106,3.4387167,7907
6835,0.001429121668978378,0.33590817,1.0827221,1358
6836,0.000996596627778,0.38303596,1.508884,947
6837,0.0031518552272387645,0.35749874,1.0496081,2995
6838,0.0019458364992201921,0.3772536,1.6737571,1849
6839,0.0018132375814799303,0.40640146,1.30759,1723
6840,0.002816148443436038,0.62031627,2.4081297,2676
6841,0.0027824725278194633,0.8296664,2.6491003,2644
6842,0.00750025783122894,0.4781301,2.6946363,7127
6843,0.0026667115678874888,0.65288204,2.3386016,2534
6844,0.0028066770921688763,0.78074324,2.7152762,2667
6845,0.00428946975166117,0.5081689,2.094111,4076
6846,0.007813864795408288,0.46648905,2.1702023,7425
6847,0.005852242710742827,0.660462,2.911584,5561
6848,0.002341528507714942,0.7182134,2.0877686,2225
6849,0.005692282111564099,0.4407772,1.851924,5409
6850,0.002427823041482414,0.42299646,2.1763866,2307
6851,0.00536288956193948,0.42493036,1.4364412,5096
6852,0.002189986887440357,0.47543645,1.6223313,2081
6853,0.00040621573212492923,0.42244846,1.4171625,386
6854,0.007345559093865301,0.4858986,2.3187375,6980
6855,0.0023215334328176005,0.8980712,2.9122982,2206
6856,0.00848106887356167,0.41615272,1.9333386,8059
6857,0.000649313747982076,0.35200357,1.1546209,617
6858,0.0035075570859388317,0.72997844,2.467629,3333
6859,0.0024835987767223653,0.43064716,1.5599808,2360
6860,0.0010502676182919154,0.34287676,1.245421,998
6861,0.00023994089876809292,0.77847785,2.1654277,228
6862,0.0009576588503463358,0.3018726,0.91144323,910
6863,0.001279684793429829,116.252235,353.80737,1216
6864,0.0022383960161391826,0.43980405,1.9681143,2127
6865,0.005724905654817656,0.6803708,2.4470983,5440
6866,0.00501876379923261,0.30876255,0.9476058,4769
6867,0.009143011089899962,0.66764605,2.515142,8688
6868,0.0031665884403210155,0.35353214,0.94160247,3009
6869,0.0006314234178107708,0.27677006,0.91809976,600
6870,0.001431226413704414,0.32044137,0.95422125,1360
6871,6.314234178107709e-05,0.35039932,1.2711766,60
6872,0.0019963503726450537,0.62655544,2.4799483,1897
6873,0.021886188033684334,0.43270767,1.9118642,20797
6874,0.0020731735551453643,0.43028086,1.9114089,1970
6875,0.0020858020235015795,0.5738599,1.8206798,1982
6876,0.0008250599326060739,0.3438084,1.5137397,784
6877,0.0008976736256543125,0.43199533,1.8492193,853
6878,0.0014638499569579703,0.33301404,0.89379185,1391
6879,0.00034096864561781624,0.45391273,2.3538272,324
6880,0.0037517074741589967,0.7265649,2.42558,3565
6881,0.0028687670615869356,0.35496843,1.2076224,2726
6882,0.001536463650006209,0.46995595,1.6378986,1460
6883,0.0010860482786345259,0.292649,0.77133715,1032
6884,0.002597254991928304,0.414112,1.7630569,2468
6885,0.000842950262777379,0.33396608,1.6135688,801
6886,0.0031171269392591718,0.40922967,1.4026464,2962
6887,0.0018163946985689842,0.43701836,1.4217932,1726
6888,0.002142630131104549,0.55094427,1.9174733,2036
6889,0.01981301447853897,0.4978391,1.6036015,18827
6890,0.002552002980318532,0.7364646,2.0744035,2425
6891,0.0016132868325065195,0.50023544,1.8654697,1533
6892,0.00020626498315151848,0.344581,1.3099256,196
6893,0.001323884432676583,0.9030938,3.0624034,1258
6894,0.010708941166070672,0.5123629,2.0883865,10176
6895,0.00041252996630303696,0.3515193,1.9687806,392
6896,0.0012733705592517211,0.34501594,0.9234456,1210
6897,0.0022615482081255775,0.42744005,1.445472,2149
6898,0.00048514365935127556,0.34188533,1.2893008,461
6899,0.0025372697672362806,0.7318469,2.6030238,2411
6900,0.00015890822681571067,0.26584044,0.53333604,151
6901,0.0008040124853457149,0.37878492,1.0172182,764
6902,0.0006219520665436092,0.3943472,1.9665928,591
6903,0.0009502922438052101,0.35281432,1.1513585,903
6904,0.0038716779235430433,0.26638606,0.81733733,3679
6905,0.0018269184221991635,0.30954626,1.0521494,1736
6906,0.006087974120058849,0.40635297,1.4506009,5785
6907,0.0005051387342486167,0.31398773,0.9670238,480
6908,0.0019226843072337972,0.57668614,2.1835933,1827
6909,0.0007598128460989609,0.32852754,1.0559655,722
6910,0.0022205056859678773,0.4022138,1.4978776,2110
6911,0.0004672533291799704,0.3726031,1.8524556,444
6912,0.0004946150106184371,0.4703133,2.699917,470
6913,0.01519941403906827,0.6653526,3.0454984,14443
6914,0.0022604958357625594,0.4098868,1.6621408,2148
6915,0.0011618190887718184,0.3124593,0.78632116,1104
6916,0.004766194432108302,0.38135013,1.2005092,4529
6917,0.002155258599460764,0.408905,1.4225924,2048
6918,0.0008818880402090433,0.37245306,1.6285015,838
6919,0.003630684652411932,0.39788404,2.6826732,3450
6920,0.011133047228366907,0.8617563,2.3477292,10579
6921,0.0007682318250031045,0.5184621,2.2925208,730
6922,0.015711919379858014,0.43729144,1.723004,14930
6923,0.0017216811858973685,0.30872077,0.9606955,1636
6924,0.0002662502078435417,0.46976665,2.162175,253
6925,0.0031076555879920105,0.56421703,2.1539655,2953
6926,0.0031750074192251595,0.4216222,1.930983,3017
6927,0.002246814995043326,0.3646248,1.3195107,2135
6928,0.00974496808154623,0.7866734,1.8309238,9260
6929,0.0012018092385665004,0.57804453,2.8040662,1142
6930,0.005560735566186855,0.5164978,2.042496,5284
6931,0.006789906486191822,0.45816752,1.7731175,6452
6932,0.0012891561446969904,0.36314356,1.7510738,1225
6933,0.00019363651479530305,0.5917874,2.8551202,184
6934,0.010714203027885763,0.82548976,2.8185327,10181
6935,0.00025783122893939807,0.49828392,2.5179932,245
6936,0.002253129229221434,0.316202,0.9113498,2141
6937,0.0016395961415819683,0.4935778,1.6363549,1558
6938,0.0027140683242232967,0.4892684,2.2429605,2579
6939,0.0008976736256543125,0.319019,1.3369765,853
6940,0.0012175948240117696,0.4365326,1.9638413,1157
6941,0.005637558748687165,0.61830455,2.4423435,5357
6942,0.0017921901342195712,0.64011395,2.4109912,1703
6943,0.0026488212377161835,1.1181532,3.3309379,2517
6944,0.026550302346579895,0.63941544,2.0789826,25229
6945,0.00019153177006926716,0.4699802,1.6295725,182
6946,0.0024499228611057906,0.41194105,1.4990069,2328
6947,0.002125792173296262,0.29841936,0.8016764,2020
6948,0.0037843310174125533,0.76142466,2.3909724,3596
6949,0.0012586373461694698,0.4672116,1.3037431,1196
6950,0.000607218853461358,0.36627138,0.99131215,577
6951,2.5256936712430834e-05,0.25663546,0.44372103,24
6952,0.0005714381931187476,0.342962,0.9113694,543
6953,0.0011418240138744771,0.40766224,1.9738944,1085
6954,0.0007871745275374277,0.48907283,2.8085241,748
6955,0.004611495694744663,0.398432,1.5323317,4382
6956,0.0027130159518602786,0.41715133,2.0716276,2578
6957,0.01033008711538421,0.44866675,1.9996052,9816
6958,0.03235097881153484,0.33333263,1.0698156,30741
6959,0.0004914578935293832,0.4130662,2.175132,467
6960,0.006758335315301284,0.48336053,2.0309877,6422
6961,1.0523723630179513e-06,0.16304362,0.16304362,1
6962,0.0013280939221286547,0.5781307,2.006714,1262
6963,0.0017269430477124582,0.30988294,1.0075899,1641
6964,0.0029697948084366588,0.9744196,2.1824963,2822
6965,0.000737713026475584,0.39536098,1.4458667,701
6966,0.0028698194339499532,0.27787104,0.80729467,2727
6967,0.0052302906441992186,0.46923965,2.1586483,4970
6968,0.0006819372912356325,0.3136975,0.7528043,648
6969,0.0010281677986685384,0.34964234,1.2650955,977
6970,0.0014964735002115268,0.36888406,1.2441742,1422
6971,0.0016164439495955734,0.2868697,0.9622898,1536
6972,0.0013964981257248215,0.32348812,0.954424,1327
6973,0.004619914673648806,0.5826331,2.1681788,4390
6974,0.009427151627914809,0.5582356,2.1618788,8958
6975,0.0005567049800364963,0.31225166,1.2735654,529
6976,0.0009650254568874615,0.31255555,1.178909,917
6977,0.0006566803545232017,0.37200794,1.3773034,624
6978,0.0009671302016134973,0.38895684,1.3682342,919
6979,0.008811513795549307,0.4490844,1.5869346,8373
6980,0.0021057970983989205,0.2980331,0.77804095,2001
6981,0.0005093482237006885,0.33791047,0.8900365,484
6982,0.001122881311340154,0.28407186,0.87113464,1067
6983,7.156132068522069e-05,0.29046753,0.72495294,68
6984,0.00371908393090544,0.40142205,1.9561199,3534
6985,0.0012923132617860442,0.3218583,0.89836407,1228
6986,0.011190927708332896,0.48664397,1.3900412,10634
6987,0.0021300016627483335,0.3849727,0.95635986,2024
6988,0.0010692103208262385,0.48079038,1.819843,1016
6989,0.002552002980318532,0.62262434,2.6600494,2425
6990,0.010231164113260523,0.38898733,1.7914611,9722
6991,0.024278230414824138,1.9199237,3.5152876,23070
6992,0.0009713396910655691,0.32552516,0.96761936,923
6993,0.0035401806291923883,0.4566941,2.1940928,3364
6994,0.0011586619716827645,0.3912181,1.8002791,1101
6995,0.0011365621520593875,0.3167583,1.0241498,1080
6996,0.005749110219167068,0.28201345,1.0080973,5463
6997,0.002796153368538697,0.34960252,1.4972848,2657
6998,0.00644157123403288,0.51080143,1.8411312,6121
6999,0.001276527676340775,0.30016053,0.7309235,1213
7000,0.00030729273000124177,0.28569636,0.7598684,292
7001,0.001973198180658659,0.3751506,1.682963,1875
7002,0.008180090377738536,1.0675833,2.5446057,7773
7003,0.005905913701256743,0.73382914,2.9979212,5612
7004,0.007420277531639575,0.43426198,1.4824349,7051
7005,0.0026456641206271296,0.8572958,2.5265188,2514
7006,0.0015238351816499935,1.2490135,3.5590465,1448
7007,0.007045632970405185,0.6968173,2.2746115,6695
7008,0.002051073735521987,0.33567846,1.0532686,1949
7009,0.0021752536743581056,0.39984974,1.8606555,2067
7010,0.0013596650930191932,1.0402738,3.4913237,1292
7011,0.00441785917994936,0.31500152,1.0483202,4198
7012,0.0014175455729851804,0.36632103,1.2936274,1347
7013,0.0008029601129826969,0.35614094,1.0035902,763
7014,0.0037327647716246734,0.6200029,2.995793,3547
7015,0.0008945165085652586,0.33630735,1.0588762,850
7016,0.0012018092385665004,0.39211416,1.7748408,1142
7017,0.0012586373461694698,0.3841536,1.5411165,1196
7018,0.0014806879147662576,0.37408483,1.1736457,1407
7019,0.018864826979459796,0.393691,1.6994079,17926
7020,0.0020858020235015795,0.46546087,1.819099,1982
7021,0.0008945165085652586,0.41713318,1.8589548,850
7022,0.002467813191277096,1.152327,3.1599033,2345
7023,0.004684109387792902,0.6641786,2.1937473,4451
7024,0.00035149236924799575,0.30229127,0.7936697,334
7025,0.0006629945887013094,0.37564316,0.9565573,630
7026,0.002703544600593117,0.32643172,0.94607174,2569
7027,0.0034707240532332036,0.33207157,1.223336,3298
7028,0.00627740114540208,0.35255757,1.0019122,5965
7029,0.009271400518188151,0.32643875,3.0679927,8810
7030,0.005110320194815172,0.5249987,1.7564942,4856
7031,0.0017395715160686736,0.3306775,1.2334391,1653
7032,0.00975970129462848,0.37313095,1.3924284,9274
7033,2.420456434941288e-05,0.22276102,0.41331822,23
7034,0.0010460581288398436,0.36958846,1.1167036,994
7035,0.0037201363032684583,0.45250884,2.1015484,3535
7036,0.000564071586577622,0.38996384,1.456493,536
7037,0.0014396453926085575,0.65035635,3.1273801,1368
7038,0.0012607420908955058,0.31423655,1.0180259,1198
7039,0.0016627483335683632,0.31498402,0.95333564,1580
7040,0.0038832540195362407,0.3101791,1.0015992,3690
7041,0.002900338232477474,0.3933152,1.5009443,2756
7042,0.0021720965572690517,0.7862046,2.914012,2064
7043,0.0023394237629889058,0.49152476,2.1494658,2223
7044,0.0,0.0,0.0,0
7045,0.0027772106660043736,0.5921185,2.3501534,2639
7046,0.001017644075038359,0.50886196,1.6413924,967
7047,0.00024309801585714675,0.30784297,0.65702164,231
7048,0.0025383221395992987,0.4570324,1.70487,2412
7049,0.0015638253314446758,0.29667985,0.8102684,1486
7050,0.0013175701984984751,0.38923636,1.7718728,1252
7051,0.0034065293390891085,0.51593435,2.7081757,3237
7052,0.0017869282724044815,0.47825462,1.7523122,1698
7053,0.03296661664390035,0.48331803,1.6871417,31326
7054,0.0015080495962047243,0.38116303,1.6082484,1433
7055,0.0016185486943216091,0.4590924,1.9512073,1538
7056,0.00021889345150773388,0.69074863,2.4590802,208
7057,0.000863997710037738,0.3465795,0.9513021,821
7058,0.003119231683985208,0.59712744,2.1640842,2964
7059,0.011265646146107169,0.36806396,1.2834914,10705
7060,0.004524148788614173,0.56792885,2.1577003,4299
7061,0.0027372205162096916,0.28232664,1.0975755,2601
7062,0.006891986605404563,0.5349512,2.2269719,6549
7063,0.0017069479728151172,0.3703786,1.0976392,1622
7064,0.005852242710742827,0.5934805,1.8720744,5561
7065,0.0006850944083246864,0.5622266,3.188799,651
7066,0.0005809095443859092,0.37176806,1.2926807,552
7067,0.003076084417101472,0.38918057,1.8048213,2923
7068,0.005849085593653774,0.690198,2.0789287,5558
7069,0.0002978213787340802,0.36710483,1.5195379,283
7070,0.0016511722375751657,0.32884234,0.85853034,1569
7071,0.0037906452515906607,0.7923224,2.4481907,3602
7072,0.002730906282031584,0.47646677,1.9132407,2595
7073,0.0005261861815089757,0.39275995,1.405462,500
7074,0.009346118955962426,0.9827138,2.2662375,8881
7075,0.006098497843689028,0.48023093,2.0518527,5795
7076,0.003439152882342665,0.64914054,2.3005307,3268
7077,0.004223170292791039,0.7417834,2.5343678,4013
7078,0.001016591702675341,0.33105144,0.8934233,966
7079,0.0006472090032560401,0.37212467,1.327437,615
7080,0.000584066661474963,0.33633482,1.3860716,555
7081,0.0021278969180222977,0.61562926,2.3841271,2022
7082,0.019476255322373227,1.3845625,3.0898163,18507
7083,0.0001557511097266568,0.2808822,0.75036263,148
7084,0.002787734389634553,0.9408702,2.6577084,2649
7085,0.0003441257627068701,0.586189,3.0434654,327
7086,0.0005998522469202323,0.36980492,1.5735961,570
7087,0.0017911377618565533,0.31481925,0.9845669,1702
7088,0.0025246412988800654,0.41487455,1.0419104,2399
7089,0.004148451855016764,0.46337685,2.2393632,3942
7090,0.00038411591250155227,0.36843836,1.1456534,365
7091,0.0010471105012028615,0.36749363,1.0772889,995
7092,0.002074225927508382,0.37509564,1.460239,1971
7093,0.00042936792411132414,0.32794055,1.0188439,408
7094,0.0017185240688083147,0.3729798,1.6961613,1633
7095,0.008239023230067541,0.6423531,2.4956245,7829
7096,0.004636752631457094,0.56759703,2.3491368,4406
7097,0.002613040577373573,0.37989703,1.5273596,2483
7098,0.018397573650279827,0.47013482,2.012686,17482
7099,0.004431540020668593,0.5171466,1.9401233,4211
7100,0.0061311213869425845,0.5035836,1.8884102,5826
7101,0.0005882761509270349,0.39096677,1.3570895,559
7102,0.001775352176411284,0.6467828,2.0968509,1687
7103,0.002532007905421191,0.40713814,1.1100655,2406
7104,0.0011113052153469566,0.43658972,1.5781045,1056
7105,0.003394953243095911,0.48077384,1.5888603,3226
7106,0.0005945903851051425,0.43921506,2.1499653,565
7107,0.004847227104060684,0.5206754,1.6605686,4606
7108,0.0002946642616450264,0.33744323,1.1999481,280
7109,0.004303150592380403,0.56044215,2.0247612,4089
7110,0.0004809341698992038,0.75757843,1.836603,457
7111,0.001431226413704414,0.35781875,1.537524,1360
7112,0.0008492644969554867,0.42820626,2.1875293,807
7113,0.007010904682425592,0.44030246,1.5561961,6662
7114,0.0026509259824422193,0.6874328,2.4051435,2519
7115,0.002341528507714942,1.2361856,3.6201077,2225
7116,0.0014848974042183294,0.5208957,1.7452272,1411
7117,0.00381169269885102,0.5530903,2.3545947,3622
7118,0.001169185695312944,0.53761935,1.9813421,1111
7119,4.525201160977191e-05,0.23393326,0.44024146,43
7120,0.003003470724053233,0.81744534,3.0580425,2854
7121,0.0011597143440457824,0.34060916,1.5082185,1102
7122,0.002293119379016116,0.42107403,1.557488,2179
7123,7.57708101372925e-05,0.23223966,0.5825657,72
7124,0.0022405007608652184,0.3534827,1.416304,2129
7125,0.0015069972238417064,0.3412735,1.2170928,1432
7126,0.0008040124853457149,0.42960206,1.4343584,764
7127,0.000539867022228209,0.5726735,2.8256824,513
7128,0.005137681876253639,0.42967108,1.8113412,4882
7129,0.0009187210729146715,0.3670156,1.2383944,873
7130,0.0028214103052511277,0.4655585,1.6480856,2681
7131,0.0033560154656642467,0.5739356,1.9238728,3189
7132,0.0014428025096976113,0.647137,2.5053341,1371
7133,0.005745953102078014,0.75812984,2.7347398,5460
7134,0.0015259399263760295,0.4688484,1.8736423,1450
7135,0.0009776539252436768,0.36949554,1.1526697,929
7136,0.0006451042585300042,0.32857487,1.0213035,613
7137,0.00038622065722758816,0.34940764,1.4072115,367
7138,0.007680213505305009,0.44443116,1.4980569,7298
7139,0.002236291271413147,0.6813154,2.5648007,2125
7140,0.00038622065722758816,0.3806148,1.4912598,367
7141,0.0016332819074038605,0.34640348,1.3852408,1552
7142,0.001646962748123094,0.32052797,1.1134865,1565
7143,0.0013943933809987855,0.2770814,0.8258935,1325
7144,0.002878238412854097,0.2717488,0.8976428,2735
7145,0.00013470366246629776,0.27088663,0.6624969,128
7146,0.0004904055211663653,0.34747693,0.8839872,466
7147,0.0012470612501762723,0.39203307,2.033475,1185
7148,0.0010923625128126334,0.41498628,1.7631779,1038
7149,0.001232328037094021,0.5143909,1.7524798,1171
7150,0.0012523231119913622,0.36445266,1.3855586,1190
7151,0.0008450550075034149,0.3254201,0.8802793,803
7152,0.007752827198353247,0.42710543,1.3566853,7367
7153,0.016297038413695994,1.7736824,4.290104,15486
7154,0.01220015280446711,0.82562983,2.2979243,11593
7155,0.002920333307374815,0.36333433,1.1058787,2775
7156,0.0020647545762412208,0.32140872,1.0383422,1962
7157,0.00048198654226222173,0.4051888,1.5764227,458
7158,0.00035464948633704964,0.7144779,1.796955,337
7159,0.022825956553859366,0.5236617,3.5892172,21690
7160,0.007739146357634014,0.35236955,0.9717251,7354
7161,0.0007419225159276557,0.3111432,0.7041082,705
7162,0.0021373682692894594,0.45986122,1.8377794,2031
7163,0.0019605697123024433,0.36330557,1.1739899,1863
7164,0.00051881957496785,0.56079876,2.7595782,493
7165,0.007882268999004455,0.6411532,2.9090996,7490
7166,0.001646962748123094,0.7021,2.7644162,1565
7167,0.0008261123049690918,0.33505547,1.1065724,785
7168,0.0005219766920569039,0.31890807,1.0815098,496
7169,0.0006619422163382915,0.27144083,0.6812049,629
7170,0.0012817895381558647,0.32993904,0.96917665,1218
7171,0.01172237575165696,0.83084965,2.24174,11139
7172,0.002341528507714942,0.70973325,2.4762921,2225
7173,0.0007419225159276557,0.4590802,1.4879279,705
7174,0.0004156870833920908,0.3093182,1.5113398,395
7175,0.0009618683397984076,0.3568608,1.0771017,914
7176,0.0030360942673067896,0.45797223,1.4128557,2885
7177,0.00037359218887137276,0.30880302,0.915349,355
7178,0.0020216073093574844,0.5475823,1.9754579,1921
7179,0.009427151627914809,0.34382033,1.1407496,8958
7180,0.008102214822875207,0.33136097,1.0111953,7699
7181,0.0015238351816499935,0.30311978,0.83917814,1448
7182,0.004299993475291349,0.5787872,1.9223844,4086
7183,0.005162938812966069,0.4818492,1.5906479,4906
7184,0.0024751797978182217,0.8017519,2.883776,2352
7185,0.0019510983610352818,0.34965196,0.9321656,1854
7186,5.472336287693347e-05,0.25311217,0.43011016,52
7187,0.0015901346405201246,0.424315,1.8072612,1511
7188,0.0035612280764527474,0.45247242,1.4633517,3384
7189,0.0011007814917167772,0.34975883,0.928283,1046
7190,0.0048935314880334735,0.8084978,2.6781468,4650
7191,0.009438727723908006,0.3579085,1.2794594,8969
7192,0.0018753275508979893,0.84595954,2.2425761,1782
7193,0.0011649762058608723,0.30968,0.89916867,1107
7194,0.002273124304118775,0.87820846,3.0381656,2160
7195,0.0057396388678999065,0.4570532,1.8498905,5454
7196,0.007867535785922204,0.81038857,2.7414348,7476
7197,0.0016385437692189504,0.30075508,0.8008098,1557
7198,0.0014364882755195036,0.33086956,1.3722107,1365
7199,0.012526388237002676,0.834225,2.9408026,11903
7200,0.0006145854600024835,0.42243013,2.144925,584
7201,0.0006461566308930221,0.2558497,0.7088568,614
7202,0.0013165178261354573,0.34281182,1.2024801,1251
7203,0.018881664937268082,0.40677732,1.2651503,17942
7204,0.0017658808251441224,0.7255052,2.2811244,1678
7205,0.002964532946621569,0.70686555,2.8088114,2817
7206,0.007092989726740992,1.0628128,3.0977733,6740
7207,0.0005882761509270349,0.5558718,2.0538332,559
7208,0.00044831062664564726,0.32697946,1.2527663,426
7209,0.00871259079342562,0.66670215,2.9028592,8279
7210,0.005675444153755812,0.67480516,2.7256927,5393
7211,0.002184725025625267,0.7021953,2.4545143,2076
7212,0.0007871745275374277,0.33591068,1.2693286,748
7213,0.0029824232767928743,0.55320454,2.9575315,2834
7214,0.003053984597478095,0.88648444,2.9172535,2902
7215,0.001038691522298718,0.49004734,2.4418905,987
7216,0.0001231275664731003,0.46875656,2.3557818,117
7217,0.0034570432125139703,0.34317747,1.5243948,3285
7218,0.0011397192691484414,0.32214868,1.325468,1083
7219,0.003244463995184344,0.5454689,1.7447063,3083
7220,0.0005146100855157783,0.38576484,1.9353312,489
7221,0.002027921543535592,0.41252464,2.059598,1927
7222,0.0026046215984694295,0.51927274,2.027484,2475
7223,0.040836257174548585,0.39693624,1.4370893,38804
7224,0.004951411967999461,0.4719959,1.7026865,4705
7225,0.001512259085656796,0.39554888,1.818788,1437
7226,0.042130675181060666,0.3253432,1.3023281,40034
7227,0.01325357753984808,0.6447431,1.8751211,12594
7228,0.001102886236442813,0.31760433,0.9854749,1048
7229,0.0011534001098676746,0.30714634,1.2578852,1096
7230,0.0013049417301422598,0.41324788,2.3365698,1240
7231,0.00046620095681695244,0.33927202,1.1471909,443
7232,0.0035801707789870707,0.6746907,2.1944036,3402
7233,0.003414948317993252,0.3258726,1.2919631,3245
7234,0.0015606682143556219,0.37192225,1.0646651,1483
7235,0.0007429748882906736,0.5810785,1.9147089,706
7236,0.002488860638537455,0.51436925,2.024649,2365
7237,0.0007955935064415712,0.42831573,1.5136536,756
7238,0.0004683057015429884,1.0600266,2.612205,445
7239,0.0029729519255257126,0.31705776,1.1483492,2825
7240,0.0022657576975776495,0.4444925,2.3781326,2153
7241,0.0011733951847650158,0.34485584,1.1515999,1115
7242,4.209489452071806e-05,0.23333442,0.42702058,40
7243,0.0022005106110705363,0.8239958,2.5343866,2091
7244,0.0006187949494545554,0.34774846,0.8980168,588
7245,0.007290835730988367,0.555919,2.0129557,6928
7246,0.0021300016627483335,0.37149784,1.2536244,2024
7247,0.0007008799937699556,0.3820098,1.3279698,666
7248,0.002277333793570847,0.5118517,2.150039,2164
7249,0.0006777278017835607,0.37995988,1.3513665,644
7250,0.0008513692416815227,0.57215226,2.1116996,809
7251,0.008353731817636498,0.387177,1.706218,7938
7252,0.038585232690053185,1.4796255,3.2839007,36665
7253,0.03862943232929994,0.47312018,1.8686341,36707
7254,0.0024299277862084496,0.7038486,2.3433194,2309
7255,0.0005230290644199218,0.26260784,0.7371711,497
7256,0.0025456887461404246,0.83266985,2.7177668,2419
7257,0.004085309513235687,0.40972054,1.7665656,3882
7258,0.0008261123049690918,0.438612,1.8652716,785
7259,0.0009460827543531383,0.32478842,1.174569,899
7260,0.0010849959062715078,0.74335676,2.3750308,1031
7261,0.000649313747982076,0.35455963,1.3204042,617
7262,0.00012417993883611825,0.24614252,0.7316781,118
7263,0.00017048432280890812,0.22202139,0.4634878,162
7264,0.0034686193085071678,0.69760513,2.5261705,3296
7265,0.0012049663556555543,0.31988746,1.0767782,1145
7266,0.0007092989726740993,2.2576327,7.886842,674
7267,0.021846197883889654,0.45691946,2.6893811,20759
7268,0.007935939989518371,0.80568105,2.8152335,7541
7269,0.0030560893422041306,0.51811796,1.9289485,2904
7270,0.0011512953651416388,0.40686247,1.5577749,1094
7271,0.003044513246210933,0.5121638,1.8466741,2893
7272,0.0003641208376042112,0.3375378,1.6900337,346
7273,0.00032834017726160084,0.53093004,2.0696177,312
7274,0.0006240568112696451,0.4613176,1.6949656,593
7275,0.0014406977649715753,0.36053023,1.324622,1369
7276,0.0008408455180513431,0.39941576,1.9489319,799
7277,0.004777770528101499,0.5617719,1.9081893,4540
7278,0.0025235889265170473,0.60082203,2.0497642,2398
7279,0.006076398024065652,0.74096733,3.028174,5774
7280,0.003260249580629613,0.43698806,2.191711,3098
7281,0.004704104462690243,0.6261277,2.2388105,4470
7282,0.0012175948240117696,0.35486814,1.0862635,1157
7283,0.0013049417301422598,0.31531787,0.96950066,1240
7284,0.00012417993883611825,0.32493013,0.65364385,118
7285,0.0009197734452776895,0.4361485,2.1364036,874
7286,0.0009324019136339049,0.8731249,2.4019487,886
7287,0.002620407183914699,0.37895522,0.90725446,2490
7288,0.0006293186730847349,0.5101316,1.8218809,598
7289,0.0013301986668546905,0.3576016,1.3625203,1264
7290,0.0018100804643908764,0.3518508,1.4104824,1720
7291,0.001277580048703793,0.2772872,0.72948545,1214
7292,0.0026625020784354168,0.74038434,2.2265162,2530
7293,0.055466337765224145,1.1894919,2.8773758,52706
7294,0.009857571924389151,0.5723108,2.0800633,9367
7295,0.0023825710298726417,0.41482934,1.4601748,2264
7296,0.007015114171877663,0.53516746,1.9475578,6666
7297,0.00018942702534323124,0.27726787,0.56906056,180
7298,0.001402812359902929,0.43588215,1.4331294,1333
7299,0.00427894602803099,0.39163172,1.68418,4066
7300,0.006110073939682226,0.4666316,2.0843282,5806
7301,0.0022005106110705363,0.31754124,1.2715981,2091
7302,0.0006156378323655015,0.27142102,0.79889655,585
7303,0.0030602988316562026,0.3596559,1.3696318,2908
7304,0.0006356329072628427,0.3484869,1.1666172,604
7305,0.0023057478473723315,0.74289244,2.706641,2191
7306,0.003156064716690836,0.4984584,1.9277413,2999
7307,0.00939558045702427,0.5861462,2.5795488,8928
7308,0.0034338910205275754,0.47896427,2.203007,3263
7309,0.0007471843777427455,0.40064767,2.077172,710
7310,0.0010555294801070053,0.41530845,1.4037168,1003
7311,0.00433051227381887,0.2913104,0.7932881,4115
7312,0.0016985289939109734,0.64306754,2.4620423,1614
7313,0.0016974766215479555,0.51688355,1.3688601,1613
7314,0.0002988737510970982,0.3062234,1.0328227,284
7315,0.061713220112098705,0.40508616,2.4832926,58642
7316,0.001017644075038359,0.34960318,1.1020682,967
7317,0.003566489938267837,0.38336608,1.4958597,3389
7318,0.0026667115678874888,1.0403732,2.776943,2534
7319,0.004276841283304954,0.4808971,1.9779706,4064
7320,0.0028014152303537866,0.32405075,1.0941789,2662
7321,0.0008671548271267919,0.4657673,1.8186314,824
7322,0.0032781399108009184,0.9689406,2.7743664,3115
7323,0.00017679855698701582,1.2674539,4.1922684,168
7324,0.0016174963219585912,0.5084036,1.781141,1537
7325,0.0012028616109295185,0.39787218,1.5281663,1143
7326,0.00875363331558332,0.582223,2.6557958,8318
7327,0.003331810901314834,0.4999511,2.07582,3166
7328,0.0015469873736363884,0.29507515,0.70627755,1470
7329,0.002487808266174437,0.86737627,2.6596413,2364
7330,0.0016732720571985427,1.0162954,3.1140661,1590
7331,0.0026667115678874888,0.62235147,2.096439,2534
7332,0.0006587850992492376,0.3969016,1.7996979,626
7333,0.0007040371108590095,0.36906916,1.1823997,669
7334,0.0008945165085652586,0.42691824,2.2796364,850
7335,0.0024741274254552036,0.5586486,2.0814302,2351
7336,0.0011849712807582133,0.35520017,0.99300843,1126
7337,1.0523723630179513e-06,0.16124974,0.16124974,1
7338,0.019025839951001544,0.61828554,2.0770671,18079
7339,0.002623564301003753,0.38426706,1.2901917,2493
7340,0.0001988983766103928,0.33297446,1.1626362,189
7341,0.0030876605130946695,0.33923587,1.2065393,2934
7342,0.01724417354041215,0.2774049,1.1543665,16386
7343,0.004029533777995736,0.52456826,1.9347656,3829
7344,0.000737713026475584,0.32507512,1.1142602,701
7345,0.05197982812654567,0.4103327,2.4870234,49393
7346,0.0059595846917706585,0.5986237,2.2734098,5663
7347,0.006742549729856015,0.32561284,0.8222037,6407
7348,0.0009976490001410178,150.53888,374.21964,948
7349,0.002015293075179377,0.3689599,1.2218978,1915
7350,0.00011997044938404646,0.2561618,0.54145443,114
7351,0.0024372943927495755,0.3720866,1.9754589,2316
7352,0.0033265490394997444,0.665411,2.7710297,3161
7353,0.0023467903695300316,0.30153522,0.9907559,2230
7354,0.0005535478629474424,0.37980044,1.745549,526
7355,0.0013133607090464034,0.3183313,1.1075431,1248
7356,0.01312518811155989,0.4575169,2.0717301,12472
7357,0.0015217304369239577,0.32057393,1.2504649,1446
7358,0.010160655164938321,0.65200514,2.2073064,9655
7359,0.0011723428124019977,0.5129944,1.8357506,1114
7360,0.009306128806167744,0.6572186,2.7254715,8843
7361,0.0007292940475714403,0.3076308,0.92956585,693
7362,0.0028750812957650434,0.8443732,2.9746585,2732
7363,0.0026267214180928067,0.92083496,2.8185048,2496
7364,0.0023562617207971933,0.47902736,1.8670242,2239
7365,0.0023678378167903908,0.6715973,2.3352172,2250
7366,0.003892725370803402,0.47938663,1.8436854,3699
7367,0.0003441257627068701,0.29590866,0.90970266,327
7368,0.0016111820877804835,0.78539556,1.9805639,1531
7369,2.5256936712430834e-05,0.22138596,0.341376,24
7370,0.0028540338485046842,0.36782274,1.1386479,2712
7371,5.051387342486167e-05,0.3004963,0.48586163,48
7372,0.0016301247903148066,0.3724161,1.3028389,1549
7373,0.00042305368993321646,0.53347707,2.679033,402
7374,0.0010292201710315565,0.33567035,1.0841347,978
7375,0.009097759078290189,0.62374115,2.6948888,8645
7376,0.002577259917030963,0.38551638,1.2138369,2449
7377,0.008448445330308113,0.64699495,2.2816446,8028
7378,0.0008292694220581457,0.37279183,1.438052,788
7379,0.0010271154263055205,0.27478683,0.6984718,976
7380,0.0013691364442863546,0.62922996,2.3460743,1301
7381,0.016667473485478312,0.28261465,1.0681671,15838
7382,0.0011123575877099747,0.38701966,1.4878916,1057
7383,0.0014091265940810369,0.80661446,2.5905201,1339
7384,0.0005240814367829398,0.4475876,2.4988894,498
7385,0.002445713371653719,0.308857,0.9071137,2324
7386,0.03736027125950029,1.1810583,2.4553523,35501
7387,0.0023078525920983673,0.7826633,2.584563,2193
7388,0.0018900607639802407,0.401701,1.3538609,1796
7389,0.0041526613444688365,0.67032814,2.7827406,3946
7390,0.008588410854589501,0.43534362,1.4281679,8161
7391,0.007673899271126901,0.6267526,2.3255527,7292
7392,0.0031771121639511952,0.30024457,0.87381417,3019
7393,0.001927946169048887,0.9151744,2.4913268,1832
7394,0.005793309858413823,0.5478673,1.6982644,5505
7395,0.0037959071134057508,0.85376537,2.478428,3607
7396,0.010007008799937699,0.44804454,1.614745,9509
7397,0.002805624719805858,0.71245956,1.9985154,2666
7398,0.00623635862324438,0.40703216,1.5081899,5926
7399,0.017896644405483282,0.35681477,1.1816276,17006
7400,0.006748863964034122,0.4666841,1.2215289,6413
7401,0.0018616467101787559,0.33885285,1.337879,1769
7402,0.0011944426320253747,0.57187253,3.43628,1135
7403,0.0004704104462690243,0.3158932,0.9619192,447
7404,0.0025951502472022683,0.53623366,2.3160229,2466
7405,0.000820850443154002,0.3389976,2.0963168,780
7406,0.0072319028786593615,0.88580203,2.6260605,6872
7407,0.0448763146761745,1.110559,2.3763754,42643
7408,0.0011776046742170876,0.4565632,1.9707614,1119
7409,0.00046620095681695244,0.31914777,0.86702156,443
7410,0.0012281185476419492,0.48605964,2.070503,1167
7411,0.001189180770210285,0.44527712,2.1233885,1130
7412,0.002770896431826266,0.34801188,1.5946538,2633
7413,1.8942702534323124e-05,0.26825306,0.4169963,18
7414,0.0007082466003110813,0.48242602,2.0470047,673
7415,0.000844002635140397,0.3159753,1.026954,802
7416,0.005638611121050184,0.45156148,1.4842383,5358
7417,0.001251270739628344,0.42969483,1.6440359,1189
7418,0.0017437810055207453,0.8532649,2.7894976,1657
7419,0.0037727549214193554,1.0318489,2.651786,3585
7420,0.001256532601443434,0.7219294,2.5353808,1194
7421,0.001321779687950547,0.35041106,1.3741637,1256
7422,0.00027782630383673914,0.2840753,0.62766033,264
7423,0.006779382762561643,0.51777273,1.9818094,6442
7424,0.0010344820328466462,0.4367686,1.9651074,983
7425,0.0015290970434650834,0.3359604,1.0023131,1453
7426,0.003142383875971603,0.4041254,1.5279441,2986
7427,0.0006798325465095966,0.46695346,2.1528091,646
7428,0.0023267952946326906,0.468756,2.0266972,2211
7429,0.0009345066583599408,0.43734747,1.5915362,888
7430,0.0008166409537019302,0.35149732,1.2395645,776
7431,0.002644611748264112,0.56053257,2.330211,2513
7432,0.0015427778841843166,0.42809322,1.4284139,1466
7433,0.0007324511646604942,0.3708252,1.5764574,696
7434,0.004856698455327845,0.37349722,1.1496847,4615
7435,0.0031950024941225005,0.46604812,1.8218148,3036
7436,0.0013649269548342829,0.47324684,2.0594022,1297
7437,0.0010681579484632206,133.3272,345.81375,1015
7438,0.006123754780401459,0.5181771,1.7898976,5819
7439,0.003442309999431719,0.6178014,2.644352,3271
7440,0.004357873955257337,0.45795715,1.8412459,4141
7441,0.015078391217321208,0.3902304,1.3132753,14328
7442,0.006793063603280876,0.678208,3.0045743,6455
7443,0.010494257204015011,0.728715,1.9327157,9972
7444,0.002946642616450264,0.7620617,2.7234318,2800
7445,0.002398356615317911,0.374385,1.2432258,2279
7446,0.003641208376042112,0.4173344,1.6934518,3460
7447,0.0028066770921688763,0.5521652,2.0386548,2667
7448,0.00042305368993321646,0.29233345,0.7577468,402
7449,0.0006103759705504118,0.41678435,1.8938059,580
7450,0.001904793977062492,0.42156658,1.3919154,1810
7451,0.004550458097689621,0.30403453,0.8885492,4324
7452,0.002444660999290701,0.49973497,1.6628556,2323
7453,0.0024372943927495755,0.29805425,0.87802804,2316
7454,0.00044936299900866526,0.3725302,1.5994875,427
7455,0.0007777031762702661,0.36961725,1.3173825,739
7456,0.005600725715981537,0.8567863,2.876597,5322
7457,0.0015711919379858014,0.3576981,1.1995173,1493
7458,0.0032623543253556494,0.42131394,1.4957013,3100
7459,0.0030792415341905255,1.0161537,3.2551517,2926
7460,0.0011618190887718184,0.3298127,1.2514386,1104
7461,0.000389377774316642,0.40214372,1.3987738,370
7462,0.0009324019136339049,0.35625347,0.92056715,886
7463,0.0037548645912480506,0.40067393,1.6670969,3568
7464,0.0008839927849350792,0.45397192,2.0410445,840
7465,0.0008334789115102175,0.4752492,1.7057298,792
7466,0.001663800705931381,0.40457344,1.8166013,1581
7467,0.0031971072388485362,0.35794255,0.9789634,3038
7468,0.0053565753277613724,0.5927375,2.2659142,5090
7469,0.0001820604188021056,0.29518646,0.70600754,173
7470,0.00403795275689988,0.3347414,0.85922474,3837
7471,0.003411791200904198,1.0693944,3.1995156,3242
7472,0.001402812359902929,0.31888515,0.9432641,1333
7473,0.0032560400911775416,0.63523513,2.178211,3094
7474,0.002306800219735349,0.6033425,1.9386199,2192
7475,0.0026867066427848298,0.41381317,1.4432228,2553
7476,0.001101833864079795,0.3870715,1.5702412,1047
7477,0.002058440342063113,0.51917714,2.6049619,1956
7478,0.0005861714062009989,0.35769528,2.1903489,557
7479,0.003674884291658686,0.53279597,2.3545702,3492
7480,0.006335281625368067,0.4283558,1.528132,6020
7481,0.0008913593914762048,0.34015876,1.3533245,847
7482,0.0019816171595628024,0.41298714,1.3864884,1883
7483,0.006814111050541235,0.51342416,1.920084,6475
7484,0.0002315219198639493,1.1620094,2.0242748,220
7485,0.000497772127707491,0.36486202,1.7120967,473
7486,0.0005798571720228912,0.3141871,1.1803371,551
7487,0.004445220861387826,0.4346262,1.8002546,4224
7488,0.0026151453220996093,0.5047286,2.224256,2485
7489,0.0017448333778837634,0.5187981,1.7028873,1658
7490,0.0028214103052511277,0.6168452,2.0986605,2681
7491,0.0009408208925380485,0.45780367,1.943912,894
7492,0.004216856058612931,0.71968013,2.5559177,4007
7493,0.00472094242049853,0.529545,2.2176957,4486
7494,0.002589888385387178,0.82617503,3.0374875,2461
7495,0.014810036264751629,0.55090714,1.4602952,14073
7496,0.0038443162421045764,0.9217799,2.818139,3653
7497,0.013778711348994038,0.39828885,2.8222659,13093
7498,0.0005061911066116346,0.34127724,0.9917181,481
7499,0.002710911207134243,0.47886202,1.5148671,2576
7500,0.002166834695453962,1.1558313,3.0387998,2059
7501,0.015254137401945205,0.4339612,1.9204143,14495
7502,0.0031339648970674593,0.6550538,2.2886584,2978
7503,0.0012354851541830749,0.7144798,2.9353888,1174
7504,0.013317772253992175,0.54056084,2.0288985,12655
7505,0.007493943597050832,0.63443774,2.5173593,7121
7506,0.0037264505374465656,0.81400675,2.5672488,3541
7507,0.001774299804048266,0.6962629,2.1584105,1686
7508,0.001429121668978378,0.48308238,1.6403279,1358
7509,0.0020931686300427054,0.5878526,2.0447361,1989
7510,0.0005377622775021732,0.301672,0.92010915,511
7511,0.0009134592110995818,0.4179752,1.5346607,868
7512,7.471843777427455e-05,0.2860944,0.5498012,71
7513,0.0003851682848645702,0.36358067,1.745176,366
7514,0.0013544032312041035,0.30938804,1.1655474,1287
7515,0.001128143173155244,0.3567169,0.9831469,1072
7516,0.00082190281551702,0.5112136,1.6133533,781
7517,0.004111618822311136,0.51424474,2.0369928,3907
7518,5.051387342486167e-05,0.32069364,0.6244563,48
7519,0.003699088856008099,0.47400254,1.7896023,3515
7520,0.0027582679634700507,0.3902971,1.7378149,2621
7521,0.003742236122891835,1.0501982,2.5959148,3556
7522,0.011007814917167772,0.4584349,1.2395463,10460
7523,0.002637245141722986,1.2710068,3.529797,2506
7524,0.01513416695256116,0.47707677,1.2150166,14381
7525,0.0012575849738064519,0.3800526,1.2542855,1195
7526,0.0032392021333692545,0.36196205,1.6795543,3078
7527,0.001997402745008072,0.30011812,1.1993517,1898
7528,0.007759141432531355,0.68108314,2.6660576,7373
7529,0.003674884291658686,1.0711586,3.0635629,3492
7530,0.0002420456434941288,0.41370153,2.0192835,230
7531,0.0013649269548342829,0.547335,2.456428,1297
7532,0.003526499788473155,0.4366385,1.742973,3351
7533,7.36660654112566e-05,0.27213818,0.46867883,70
7534,0.0006882515254137402,0.3176747,0.97597456,654
7535,0.0023289000393587264,0.9104527,3.038934,2213
7536,0.001079734044456418,0.5787259,2.1529348,1026
7537,0.006189001866908572,0.575279,1.7661893,5881
7538,0.00044831062664564726,0.6370768,1.6565989,426
7539,0.002124739800933244,0.35821447,1.1598201,2019
7540,0.0011365621520593875,0.3673923,1.0371654,1080
7541,0.00467989989834083,0.4469331,1.4616653,4447
7542,0.00048514365935127556,0.32443643,1.0621604,461
7543,0.0016196010666846272,0.37285748,1.2884551,1539
7544,0.003443362371794737,0.6800961,2.2800324,3272
7545,0.0026046215984694295,0.33744618,1.2564662,2475
7546,0.0036875127600149017,0.62396467,2.2936504,3504
7547,0.005725958027180673,0.62935364,2.1583848,5441
7548,0.001190233142573303,0.42688656,1.4041892,1131
7549,0.0005125053407897424,0.31020394,0.800096,487
7550,0.0032549877188145235,0.45451996,1.5934464,3093
7551,0.002228924664872021,0.658818,2.6998918,2118
7552,0.004007433958372358,0.5954206,2.5543387,3808
7553,0.0005998522469202323,0.3597051,1.0204943,570
7554,0.0015648777038076937,0.85493046,2.6734762,1487
7555,0.0007061418555850454,0.39151564,1.3014945,671
7556,0.0017669331975071402,0.44399983,1.8828709,1679
7557,0.02264810562450933,0.515075,2.3660161,21521
7558,0.0014575357227798627,0.37192225,1.1364077,1385
7559,0.002058440342063113,0.7066908,2.5854318,1956
7560,0.0021710441849060336,0.41657862,1.3915836,2063
7561,0.006153221206565962,0.49563634,1.6901264,5847
7562,0.004363135817072426,0.64974874,2.6228938,4146
7563,0.0052850140070761515,1.055525,2.5743637,5022
7564,7.156132068522069e-05,0.32952982,1.1201782,68
7565,0.0007198226963042787,0.47266665,2.2191577,684
7566,0.0022162961965158058,0.41385975,2.2265718,2106
7567,0.004014800564913485,0.55605847,2.2292957,3815
7568,0.0008587358482226483,0.36613908,1.3862901,816
7569,0.0016343342797668784,0.8217727,2.8681953,1553
7570,0.013598755674917968,0.743447,1.8978057,12922
7571,0.0008629453376747202,0.3406514,1.5751486,820
7572,0.0014670070740470241,0.43568808,1.7013557,1394
7573,0.0003220259430834931,0.4671209,1.338867,306
7574,0.015005777524272968,0.55500895,1.5535603,14259
7575,0.001623810556136699,0.5164931,1.6001657,1543
7576,0.002185777397988285,0.52146584,1.6276535,2077
7577,0.0073834444989339465,0.4153819,1.3133208,7016
7578,0.00039884912558380356,0.48843834,2.751064,379
7579,0.0002536217394873263,0.31228462,1.13601,241
7580,0.00259935973665434,0.3568961,1.1733395,2470
7581,6.3142341781077084e-06,0.28535768,0.40200368,6
7582,0.008400036201609288,0.32983142,0.98191774,7982
7583,0.0004988245000705089,0.34772745,1.1455102,474
7584,0.006721502282595655,0.34665012,1.025883,6387
7585,0.0008766261783939535,0.46076378,2.1726503,833
7586,0.002404670849496019,0.44437948,1.5115916,2285
7587,0.0015754014274378732,0.28928706,0.77184856,1497
7588,0.0005735429378447835,0.30409184,1.0891668,545
7589,0.0003872730295906061,0.35683572,1.4944844,368
7590,0.007069837534754597,0.727639,2.676171,6718
7591,0.0006777278017835607,0.42246976,2.1014805,644
7592,0.0003399162732547983,0.49723917,2.3721008,323
7593,0.0005040863618855987,0.5973506,2.058353,479
7594,0.0034444147441577548,0.5240544,2.6372867,3273
7595,0.00019574125952133894,0.32206511,1.09294,186
7596,0.0007724413144551763,0.3361519,1.1961669,734
7597,0.003911668073337725,0.77391714,1.9445243,3717
7598,0.002442556254564665,0.7408217,3.9085813,2321
7599,0.001971093435932623,0.31048664,0.8575694,1873
7600,0.0043357741356339595,0.64104575,2.504455,4120
7601,0.0008271646773321098,0.4828985,1.6681156,786
7602,0.0012260138029159134,0.44373664,2.0135262,1165
7603,0.0013964981257248215,0.32984126,0.7904998,1327
7604,0.0005609144694885681,0.3877972,1.3522177,533
7605,0.004102147471043974,0.41321382,2.040476,3898
7606,0.0011565572269567285,0.50414604,2.8237994,1099
7607,0.0032486734846364157,0.61691576,3.4874153,3087
7608,0.0021510491100086926,0.42758423,2.5677772,2044
7609,1.473321308225132e-05,0.3150859,0.4910122,14
7610,0.0022310294095980567,0.33712414,1.0935237,2120
7611,0.0012460088778132544,2.8905616,22.664068,1184
7612,0.0005546002353104604,0.5073798,2.023032,527
7613,0.001038691522298718,0.2955539,1.0531466,987
7614,0.004286312634572116,0.6802593,2.3969204,4073
7615,0.00376538831487823,0.49544904,2.2385664,3578
7616,0.0004946150106184371,0.39375755,1.1460892,470
7617,0.0003220259430834931,0.37358034,1.5418513,306
7618,0.00662152690810895,0.6573463,2.2551453,6292
7619,0.009892300212368742,0.78416866,2.3028665,9400
7620,1.8942702534323124e-05,0.25758412,0.5285206,18
7621,0.004549405725326604,0.38253358,1.1541642,4323
7622,0.0048872172538553665,0.7163904,2.0614452,4644
7623,0.0016522246099381836,0.38840666,1.6426721,1570
7624,0.0022952241237421517,0.6146596,2.1945875,2181
7625,0.0009850205317848025,0.6822547,2.5742557,936
7626,0.0054933837349537065,0.5207548,1.9058971,5220
7627,7.892792722634635e-05,0.27181622,0.5363509,75
7628,0.012288552082960619,0.353091,1.4535807,11677
7629,0.005191352866767554,0.7082683,2.4494162,4933
7630,0.003611741949877609,0.577209,2.314766,3432
7631,9.576588503463358e-05,0.33785093,0.97106683,91
7632,0.0017879806447674994,0.39786518,1.5155342,1699
7633,0.006338438742457121,0.6973505,2.2079625,6023
7634,0.0025877836406611424,0.35309157,1.6088474,2459
7635,0.007648642334414471,0.46001637,1.5416354,7268
7636,0.00015680348208967475,1.0463698,2.3747568,149
7637,0.0010565818524700232,0.35966834,1.3632151,1004
7638,0.0011555048545937106,0.32345492,0.8152875,1098
7639,0.0030234657989505745,0.4818694,1.6115062,2873
7640,0.0022552339739474697,0.34303564,1.1162485,2143
7641,0.0010534247353809693,0.4868562,2.0399637,1001
7642,0.0007471843777427455,0.3447722,1.1615882,710
7643,0.0029655853189845868,0.726916,1.6919259,2818
7644,0.013646112431253776,0.2695772,0.88330853,12967
7645,0.000324130687809529,0.29719764,0.5256537,308
7646,0.007196122218316751,0.4285893,1.9104935,6838
7647,0.0032760351660748826,0.28751686,0.7009418,3113
7648,0.0030192563094985025,0.60416585,2.438047,2869
7649,0.0016574864717532735,0.36167288,1.2066022,1575
7650,0.002658292588983345,0.9584329,2.6698673,2526
7651,0.0010944672575386694,0.42142203,1.6094296,1040
7652,0.0005819619167489271,0.37200528,1.1850884,553
7653,0.00889254646750169,0.4426663,2.1657763,8450
7654,0.00185954196545272,0.334874,1.2429193,1767
7655,0.0056996487181052245,0.40970835,1.8463771,5416
7656,0.004760932570293212,0.52188313,2.0350914,4524
7657,0.0007755984315442302,0.3089317,1.0187608,737
7658,0.001168133322949926,0.4026917,2.055829,1110
7659,0.0029129667008336896,0.42893693,1.8045594,2768
7660,0.0026288261628188425,0.33827195,0.92783463,2498
7661,0.006081659885880741,0.26657438,0.85649437,5779
7662,0.0016595912164793093,0.6120561,2.10608,1577
7663,0.025442154248321993,0.45966372,2.0393627,24176
7664,0.00601009856519552,0.48147234,1.6259491,5711
7665,0.0014627975845949524,0.36391428,1.744897,1390
7666,0.003479143032137347,0.30811313,0.8957185,3306
7667,0.009206153431681038,0.7461396,2.717226,8748
7668,0.003527552160836173,0.47975636,1.8521285,3352
7669,0.00023994089876809292,0.30674022,0.85263985,228
7670,0.0027803677830934275,0.31146473,1.0121858,2642
7671,0.0036927746218299914,0.44889176,1.6245711,3509
7672,0.022435526407179704,0.5998823,2.2363355,21319
7673,0.0036475226102202192,0.37334916,1.6103112,3466
7674,0.01150663941723828,0.39293742,1.6941559,10934
7675,0.0011218289389771361,0.27150568,0.79652023,1066
7676,0.0006356329072628427,0.43645027,1.750082,604
7677,0.000865050082400756,0.34080967,1.2656102,822
7678,0.003714874441453368,0.55730826,1.921525,3530
7679,0.0017364143989796197,0.3546968,1.2754416,1650
7680,0.0011007814917167772,0.32226622,1.0074959,1046
7681,3.051879852752059e-05,0.2555617,0.35532108,29
7682,0.0011933902596623568,0.88878554,2.5988917,1134
7683,0.005254495208548631,0.3789223,1.31425,4993
7684,0.0009629207121614255,0.3639939,1.4899476,915
7685,0.0100890938442531,0.5453313,1.9301167,9587
7686,0.0026309309075448783,0.8128378,2.7030406,2500
7687,0.0030529322251150767,0.4065946,1.6213789,2901
7688,0.0011912855149363208,0.32116774,1.1401281,1132
7689,0.0006608898439752735,0.30391428,0.96526235,628
7690,0.00237836154042057,0.7632254,2.4226925,2260
7691,0.0021994582387075182,0.39992526,1.6546452,2090
7692,0.0023267952946326906,0.31589013,0.86118495,2211
7693,0.00012628468356215417,0.33142635,1.0017788,120
7694,0.0015669824485337297,0.3154219,1.0486178,1489
7695,0.03163641797704565,1.0985837,2.2756786,30062
7696,0.019032154185179652,0.6764612,2.2293863,18085
7697,0.005084010885739723,0.7432764,2.7672281,4831
7698,0.00014838450318553113,0.5710908,2.314635,141
7699,0.0028750812957650434,0.29587388,0.7557308,2732
7700,4.840912869882576e-05,0.24227259,0.44765222,46
7701,0.0033297061565887983,0.80627346,2.2852232,3164
7702,0.003833792518474397,0.3239808,0.9238568,3643
7703,0.00018100804643908763,0.45748156,2.7798808,172
7704,0.00019574125952133894,0.84332615,3.4683197,186
7705,0.0011534001098676746,0.34260756,1.0474532,1096
7706,0.0011102528429839387,0.34713772,1.636726,1055
7707,0.0015932917576091785,0.92115486,3.120869,1514
7708,0.0009681825739765152,0.3869391,1.1965303,920
7709,0.0007114037174001352,0.83278525,3.0426426,676
7710,0.0040811000237836155,0.8720087,2.861815,3878
7711,0.0001473321308225132,0.28664237,0.74772114,140
7712,0.00246570844655106,0.5052163,2.5469174,2343
7713,0.0031066032156289924,1.0993855,3.198351,2952
7714,0.00034728287979592397,1.09564,2.7916899,330
7715,0.0008176933260649482,1.2779096,2.898096,777
7716,0.052809097548603814,1.1349328,2.7208426,50181
7717,0.0023688901891534084,1.1130365,3.2320724,2251
7718,0.0007892792722634636,0.29481247,1.2275299,750
7719,0.0042242226651540565,0.9937464,2.6355944,4014
7720,0.0089283271278443,0.47487774,2.6243324,8484
7721,0.008827299380994576,0.33981687,1.3044734,8388
7722,0.00233731901826287,0.40510303,1.4993829,2221
7723,0.0057596339427972475,0.4806647,2.021846,5473
7724,0.0003872730295906061,0.6416269,2.064917,368
7725,0.0017248383029864222,0.41558227,1.8817209,1639
7726,0.0006977228766809017,0.32258844,0.8844875,663
7727,0.0009913347659629103,0.3287314,1.1909778,942
7728,0.0009913347659629103,0.3879802,1.0730932,942
7729,0.0014859497765813473,0.30132776,1.0303454,1412
7730,0.0009060926045584561,0.32859454,1.1464419,861
7731,0.0009787062976066947,0.3452793,2.6860607,930
7732,0.0016090773430544477,0.3209748,1.0038517,1529
7733,0.0030634559487452565,0.35418606,1.3460171,2911
7734,0.0014859497765813473,0.36126456,1.500049,1412
7735,0.002600412109017358,0.9969798,3.989262,2471
7736,0.008102214822875207,0.618044,4.6547413,7699
7737,0.02149260076991562,0.35831374,1.4239538,20423
7738,0.003936925010050156,0.34428912,1.2719593,3741
7739,0.007031952129685951,0.4244188,1.5409333,6682
7740,0.0013333557839437444,0.3402866,1.410389,1267
7741,0.0008618929653117022,0.5901636,2.6385057,819
7742,0.0007461320053797275,0.32995588,1.203144,709
7743,3.999014979468215e-05,0.25815913,0.4568788,38
7744,0.011776046742170875,0.58782595,2.1915162,11190
7745,0.0014154408282591447,0.46725282,1.9369156,1345
7746,0.0047304137717656914,0.6903071,2.2341342,4495
7747,0.0005377622775021732,0.3553433,1.2208138,511
7748,0.0018521753589115944,0.4331261,1.9770317,1760
7749,0.004714628186320422,0.31968647,0.9039551,4480
7750,0.0038748350406320967,0.42027,1.4582607,3682
7751,0.02828882149028555,0.35114977,1.1664178,26881
7752,0.0014038647322659472,0.3783086,1.3219336,1334
7753,0.00018521753589115944,0.26741973,0.5444615,176
7754,0.0018490182418225405,0.34833908,1.3249499,1757
7755,0.0020289739158986103,0.2957017,0.99466914,1928
7756,0.0005072434789746526,0.6171785,2.5317497,482
7757,0.009671302016134973,0.48977146,1.8273193,9190
7758,0.0036717271745696323,0.49867535,1.927914,3489
7759,0.00039884912558380356,0.39218518,2.3077161,379
7760,0.001209175845107626,0.41520062,1.4852679,1149
7761,0.0037980118581317866,0.96493816,2.3113947,3609
7762,0.0007892792722634636,0.38985044,1.4918689,750
7763,0.0017774569211373198,0.52783567,1.947658,1689
7764,0.00044936299900866526,0.40539545,1.7123352,427
7765,0.005731219888995763,0.5958457,2.0524933,5446
7766,0.001187076025484249,0.76710105,2.9687405,1128
7767,0.002102639981309867,0.32589236,1.080717,1998
7768,0.001495421127848509,0.53583014,1.9322498,1421
7769,0.03388218059972596,0.33600485,1.4923967,32196
7770,0.0005303956709610475,0.33430505,0.7963231,504
7771,0.0009555541056202999,0.3407428,1.2017593,908
7772,0.0017500952396988531,0.42107663,1.4294262,1663
7773,0.0010534247353809693,0.711909,3.0403023,1001
7774,0.0011302479178812797,0.29961848,0.87186545,1074
7775,0.0010734198102783103,0.44669986,1.848974,1020
7776,0.0009492398714421921,0.42850268,1.488674,902
7777,0.0001104990981168849,0.30493248,0.75275964,105
7778,0.00416108032337298,0.95316035,2.7332923,3954
7779,0.003682250898199812,0.46264812,1.6920853,3499
7780,0.0012702134421626672,0.3106293,0.9990816,1207
7781,0.0005051387342486167,0.57776207,2.0649498,480
7782,0.006144802227661818,0.5251672,2.1690426,5839
7783,0.0004630438397278986,0.4648971,2.5763125,440
7784,0.0042042275902567155,0.6755417,4.2189054,3995
7785,0.004763037315019248,0.35465735,1.3162341,4526
7786,0.0037306600268986376,0.31900114,0.8185539,3545
7787,0.0001168133322949926,0.2802433,0.8638839,111
7788,0.012978908353100393,0.3997929,1.20301,12333
7789,0.0010734198102783103,0.43798807,1.6225718,1020
7790,0.00016417008863080042,0.31097153,0.9725577,156
7791,0.005977475021941964,0.48365602,4.102411,5680
7792,0.000691408642502794,0.38724792,1.1389776,657
7793,0.0009997537448670538,0.49812096,2.0308561,950
7794,0.0015312017881911192,0.35690203,1.2196321,1455
7795,0.0058280381463934145,0.4904567,1.9199219,5538
7796,0.0004735675633580781,0.37651536,1.6912498,450
7797,0.0007566557290099071,0.51747394,2.4446344,719
7798,0.0063342292530050495,0.79598826,1.7638669,6019
7799,0.001537516022369227,0.3031561,0.8776927,1461
7800,0.008392669595068162,0.40946615,1.4485109,7975
7801,0.00028624528274088276,0.39701122,1.5354768,272
7802,0.001278632421066811,0.37175152,1.1868593,1215
7803,0.0006514184927081119,0.32905418,0.8514254,619
7804,0.004914578935293833,0.63607025,2.3116395,4670
7805,0.00036201609287817526,0.44073787,1.8931718,344
7806,0.020170821081965076,0.38460916,1.3870082,19167
7807,0.0007945411340785533,0.54566944,1.8089963,755
7808,0.0006966705043178838,0.3640573,1.7900637,662
7809,0.0008471597522294508,0.4328996,1.8920375,805
7810,0.005004030586150359,0.44554386,1.8995585,4755
7811,0.0013038893577792417,0.2946098,0.9146103,1239
7812,0.004686214132518938,0.5736567,2.1911497,4453
7813,0.0011207765666141182,0.4543359,1.6441731,1065
7814,0.0012681086974366314,0.514081,1.7868488,1205
7815,0.0007187703239412608,0.24678929,0.65432096,683
7816,0.009599740695449752,0.33079258,1.1072235,9122
7817,0.008061172300717508,0.8048853,2.8521357,7660
7818,0.004675690408888758,0.7349576,2.397976,4443
7819,0.003309711081691457,0.47129068,1.9433085,3145
7820,0.006018517544099664,0.38591218,1.4508117,5719
7821,0.001817447070932002,0.34131268,1.033543,1727
7822,0.0011765523018540697,0.3904461,1.5500321,1118
7823,0.0002294171751379134,0.23341922,0.78980017,218
7824,0.0016174963219585912,0.34113002,1.0827086,1537
7825,0.0016680101953834528,0.45603383,1.8705688,1585
7826,0.0032991873580612775,0.33116528,1.2902676,3135
7827,0.0024751797978182217,0.69372207,2.0106683,2352
7828,0.0020416023842548254,0.38612765,1.263532,1940
7829,0.0029140190731967073,0.6306402,3.3849878,2769
7830,1.473321308225132e-05,0.34338796,0.74552256,14
7831,0.00545549832988506,0.8775299,3.181239,5184
7832,0.0008524216140445406,0.5020131,2.2033846,810
7833,0.006136383248757675,0.2695635,0.84546584,5831
7834,0.005659658568310542,0.51184314,1.9209038,5378
7835,0.0019111082112405998,0.83391607,2.6649728,1816
7836,0.0012617944632585237,0.453731,1.9074986,1199
7837,0.006783592252013714,0.74792546,2.3231404,6446
7838,0.017822978340072026,0.58072317,2.4451733,16936
7839,0.006019569916462682,0.5893876,2.2080472,5720
7840,0.0035075570859388317,0.67262626,2.0585093,3333
7841,0.013917624500912407,0.45977408,1.712895,13225
7842,0.001234432781820057,0.3762878,0.98598284,1173
7843,0.0015806632892529629,0.3756868,1.4617914,1502
7844,0.0008040124853457149,0.4279468,1.8166258,764
7845,0.007025637895507844,0.45106345,1.7217182,6676
7846,0.0009566064779833178,0.48318818,3.1974518,909
7847,0.0020405500118918078,0.501758,2.0874648,1939
7848,0.0011723428124019977,0.45966882,1.8952136,1114
7849,0.00765916605804465,0.52836925,2.6010652,7278
7850,0.0016353866521298965,0.3273638,0.7774848,1554
7851,0.002425718296756378,0.31819817,0.8976487,2305
7852,0.0009923871383259281,0.34303564,1.1946278,943
7853,0.0010723674379152924,0.41325948,1.2843933,1019
7854,0.003741183750528817,0.4770664,1.886096,3555
7855,0.0018900607639802407,0.5867532,1.993997,1796
7856,0.0033212871776846543,0.28044987,0.7172529,3156
7857,0.0019353127755900126,0.41860405,1.5949883,1839
7858,0.0020500213631589694,0.33216083,1.7396395,1948
7859,0.0030718749276494,0.29120862,0.98066986,2919
7860,0.00020942210024057231,0.55106616,1.8949101,199
7861,0.0010260630539425026,0.37761682,0.96627986,975
7862,0.0018353374011033073,0.5521326,1.8592618,1744
7863,0.00822955187880038,0.85490453,2.027134,7820
7864,0.0021699918125430155,0.40842968,1.2973306,2062
7865,0.0002273124304118775,0.5405067,3.1263983,216
7866,0.0031771121639511952,0.5998989,2.2859952,3019
7867,0.025266408063697995,0.44288447,1.6133494,24009
7868,0.028626633018814313,0.50271404,2.723131,27202
7869,0.001038691522298718,0.3800738,1.6838677,987
7870,0.0011649762058608723,0.41510803,1.4676752,1107
7871,0.006126911897490513,0.4079381,1.6247057,5822
7872,0.00868101962253508,0.7947579,2.6210837,8249
7873,0.000454624860823755,0.42979193,3.0288198,432
7874,0.00816746190938232,0.4461806,1.4890363,7761
7875,0.0022184009412418416,0.5894746,2.4308345,2108
7876,0.0022815432830229185,0.3941436,1.3119938,2168
7877,0.0003325496667136726,0.46875882,2.132903,316
7878,0.006564698800505981,0.9069247,2.6003597,6238
7879,0.005902756584167689,0.49933612,2.1954832,5609
7880,0.0009776539252436768,0.33447853,0.9123636,929
7881,0.0017164193240822787,0.84518236,2.8547227,1631
7882,0.0019195271901447433,0.32730478,0.81719697,1824
7883,0.0016911623873698477,0.38760582,1.0067629,1607
7884,1.7890330171305172e-05,0.2439847,0.35783195,17
7885,0.0008040124853457149,0.30910212,1.3350506,764
7886,0.004210541824434823,0.48458692,2.0543098,4001
7887,0.0016101297154174656,0.7455989,2.23117,1530
7888,0.003458095584876988,0.40303856,1.4649572,3286
7889,0.003526499788473155,0.33668062,1.5099634,3351
7890,0.002485703521448401,0.9018223,2.5848858,2362
7891,0.0003662255823302471,0.28075385,0.7236965,348
7892,0.0026014644813803756,0.9855283,3.2110794,2472
7893,0.027978371643195256,0.4855459,2.1936226,26586
7894,0.0014091265940810369,0.38011843,1.7229577,1339
7895,0.00034938762452195986,0.35368833,1.508478,332
7896,0.0014007076151768933,0.33141157,1.1517245,1331
7897,0.0005556526076734783,0.3518759,1.2549373,528
7898,0.004195808611352572,0.5659549,2.2299414,3987
7899,0.0037317123992616557,0.5296302,2.4069936,3546
7900,0.004042162246351951,0.34997398,1.3891084,3841
7901,0.0020405500118918078,0.5617999,2.1609914,1939
7902,0.002314166826276475,0.6116273,2.4690018,2199
7903,0.0014838450318553115,0.5154732,1.9558274,1410
7904,0.0018932178810692946,0.39907116,1.3563828,1799
7905,0.0029561139677174255,0.7439027,3.5495565,2809
7906,0.006495242224546796,0.37701255,2.064701,6172
7907,1.578558544526927e-05,0.23195441,0.36907,15
7908,0.0013154654537724391,0.73562276,2.0513206,1250
7909,0.005242919112555434,0.50670016,1.7662253,4982
7910,0.002667763940250507,0.37759927,1.2982498,2535
7911,0.0032360450162802006,0.56848633,1.9189363,3075
7912,0.0009608159674353896,0.41800466,3.2992852,913
7913,0.0013154654537724391,0.32750723,1.3646774,1250
7914,0.0058596093172839534,0.5693205,2.4170418,5568
7915,0.0021984058663445005,0.3473651,1.2057686,2089
7916,0.001534358905280173,0.3132405,0.8637992,1458
7917,0.0008145362089758944,0.2886151,0.9538551,774
7918,0.008534739864075585,0.44754675,1.6414601,8110
7919,0.000715613206852207,0.4811928,2.0768821,680
7920,0.002139473014015495,0.49500757,1.8688195,2033
7921,0.0014627975845949524,0.58936924,2.1852899,1390
7922,0.010143817207130033,0.4538663,1.2296152,9639
7923,0.001579610916889945,0.3491626,1.2711459,1501
7924,0.0022352388990501287,0.53550875,1.9100677,2124
7925,0.0017395715160686736,0.39628795,1.5698729,1653
7926,0.11529686371988374,1.1301446,3.3875122,109559
7927,0.0010071203514081795,0.40594894,1.171036,957
7928,0.0015554063525405322,0.34720355,1.3795238,1478
7929,0.0014838450318553115,0.3485122,1.5783374,1410
7930,0.0019111082112405998,0.51515454,1.7194877,1816
7931,0.0014575357227798627,0.58629405,2.4891772,1385
7932,0.0004630438397278986,0.45563993,2.3958225,440
7933,0.0008166409537019302,0.42444173,2.1767988,776
7934,0.004949307223273425,0.49079996,1.9767628,4703
7935,0.0012817895381558647,0.5224742,2.7517695,1218
7936,0.003486509638678473,0.7530611,2.392871,3313
7937,0.01908898229278262,0.62356615,1.7437409,18139
7938,0.002340476135351924,0.3611039,1.4486037,2224
7939,0.0011239336837031721,0.31263298,0.9185277,1068
7940,0.0006082712258243759,0.4094657,1.3681998,578
7941,0.001751147612061871,0.40845695,1.7538947,1664
7942,0.0056565014512214885,0.33270732,1.2609339,5375
7943,0.0007177179515782428,0.41841072,2.1244748,682
7944,0.0003167640812684034,0.5161533,3.710801,301
7945,0.0048388081251565405,0.6280882,2.5387452,4598
7946,0.0002925595169189905,0.3200767,0.89485013,278
7947,0.0015480397459994065,0.36938816,0.9647934,1471
7948,0.004220013175701985,0.319523,0.99474764,4010
7949,0.0009818634146957486,0.45995426,2.2612271,933
7950,0.0022594434633995417,0.6368377,2.5165513,2147
7951,0.0008629453376747202,0.3573146,1.199692,820
7952,0.005457603074611096,0.7727224,2.4744866,5186
7953,0.0007513938671948173,0.377194,1.5463343,714
7954,0.00017153669517192607,0.33509812,0.9483065,163
7955,0.001517520947471886,0.3479736,1.2195773,1442
7956,0.0040811000237836155,0.36933222,1.0245354,3878
7957,0.0011197241942511003,0.31040445,1.0747831,1064
7958,0.002276281421207829,0.61653024,2.1092987,2163
7959,0.0006882515254137402,0.5128009,2.1680293,654
7960,0.005108215450089136,0.3057167,1.0143311,4854
7961,0.0011954950043883928,0.3119857,1.3233716,1136
7962,0.008206399686813986,0.8058155,3.2614279,7798
7963,0.008900965446405833,0.5897512,1.7545288,8458
7964,0.001040796267024754,0.41498145,1.8157327,989
7965,0.0019142653283296535,0.65627724,1.7579477,1819
7966,0.001453326233327791,0.3763988,1.3131348,1381
7967,0.0005830142891119451,1.2776015,2.7307386,554
7968,0.002213139079426752,0.7059946,2.4747376,2103
7969,0.0013765030508274803,0.4094039,2.7082622,1308
7970,2.2099819623376977e-05,0.26477882,0.4372125,21
7971,0.0038348448908374147,1.1564544,2.8478355,3644
7972,0.0013712411890123906,0.40761003,1.9111794,1303
7973,0.0015206780645609396,0.42569736,1.5583968,1445
7974,0.00392429654169394,0.70922965,2.045937,3729
7975,0.011644500196793632,0.39025524,1.4149346,11065
7976,0.002614092949736591,0.72675574,2.2954216,2484
7977,0.001453326233327791,0.30428642,1.2072486,1381
7978,0.0014891068936704012,0.5357986,2.1059773,1415
7979,0.004624124163100879,0.7871678,3.0603113,4394
7980,0.0023078525920983673,0.72974575,2.6706142,2193
7981,0.0006230044389066272,0.31277183,1.1132822,592
7982,0.002179463163810177,0.34163862,1.4824005,2071
7983,0.0031244935458002976,0.4663919,1.9804375,2969
7984,0.0009081973492844921,0.3323287,1.367768,863
7985,0.0015217304369239577,0.34456596,1.0110898,1446
7986,0.0009808110423327307,155.82582,378.51627,932
7987,0.0015248875540130116,0.46818677,1.451559,1449
7988,0.0004904055211663653,0.3600371,1.7864455,466
7989,0.0009471351267161562,162.11597,392.56854,900
7990,0.003914825190426779,0.77224845,2.663185,3720
7991,0.00032307831544651106,0.36719698,1.8158238,307
7992,0.0017679855698701584,0.86594826,2.3046944,1680
7993,0.0004935626382554192,0.41422075,1.8802627,469
7994,0.0014217550624372522,0.66456556,2.2438014,1351
7995,0.0018448087523704687,0.3312393,1.1743662,1753
7996,0.002487808266174437,0.35044625,1.4081439,2364
7997,0.0018521753589115944,0.35426047,1.0948888,1760
7998,0.0009566064779833178,0.34032282,0.89962906,909
7999,0.033012921027873135,0.3653499,1.5370953,31370
8000,0.005643872982865273,0.8033003,3.270969,5363
8001,0.00028940239982993665,0.30513623,1.0046439,275
8002,0.00033044492198763673,0.7086181,2.298241,314
8003,0.00026309309075448785,0.4388051,1.9277546,250
8004,0.001296522751238116,0.38030344,2.0129542,1232
8005,0.0014038647322659472,0.3686243,1.3239294,1334
8006,0.0009397685201750306,0.36385557,1.0138377,893
8007,0.005337632625227049,0.37580988,1.47683,5072
8008,0.002341528507714942,0.32112235,1.2986579,2225
8009,0.0054249795313575395,0.50227576,2.286035,5155
8010,0.004206332334982752,0.84543216,2.4583838,3997
8011,0.0017795616658633558,0.5722025,2.0230317,1691
8012,0.002964532946621569,0.7538316,2.4056482,2817
8013,0.0041505565997428,0.6035357,2.4483163,3944
8014,0.03448098047428318,0.469345,1.6347861,32765
8015,0.0018111328367538943,0.75302035,2.5085433,1721
8016,0.0013922886362727498,0.63564175,2.496999,1323
8017,0.005207138452212824,0.40415123,1.4726593,4948
8018,0.0012975751236011341,0.5558303,2.413112,1233
8019,0.0013722935613754085,0.4739644,2.057204,1304
8020,0.0015448826289103526,0.34548116,1.1940315,1468
8021,0.0006545756097971658,0.5143629,2.8821983,622
8022,0.003942186871865246,0.44770458,2.4873967,3746
8023,0.006903562701397761,0.41505715,2.0157044,6560
8024,0.00134072239048487,0.36008242,1.4970056,1274
8025,1.3680840719233367e-05,0.23312506,0.3230279,13
8026,0.0011576095993197466,0.5750919,3.2689912,1100
8027,0.0018669085719938458,0.73432565,2.780811,1774
8028,0.0014627975845949524,0.3147005,1.4904323,1390
8029,0.003653836844398327,0.377872,1.3965076,3472
8030,0.00824007560243056,0.3350987,1.1994504,7830
8031,0.0008145362089758944,0.45701522,2.1275258,774
8032,0.0001778509293500338,0.36307663,1.7319211,169
8033,0.0021878821427143208,0.4281577,1.9110388,2079
8034,0.005863818806736025,0.3503395,1.1080939,5572
8035,0.03293188835592075,1.2232404,2.7067842,31293
8036,0.002165782323090944,0.8426165,2.768082,2058
8037,0.0028424577525114868,1.0762538,3.0596848,2701
8038,0.000649313747982076,0.34675434,1.2563536,617
8039,0.003096079491998813,0.8398404,2.5394564,2942
8040,0.0009902823935998921,0.42436516,1.8289808,941
8041,0.002061597459152167,0.35583967,1.0192934,1959
8042,0.01343879507573924,0.49745247,2.3207493,12770
8043,0.0038411591250155225,0.6007358,2.4058764,3650
8044,0.002313114453913457,0.30958307,0.8146867,2198
8045,0.0004672533291799704,0.29702234,1.0108727,444
8046,0.0006808849188726146,0.40639552,2.0054138,647
8047,0.0015911870128831425,0.70906794,2.8078022,1512
8048,0.0013901838915467138,0.45545608,2.1296735,1321
8049,0.0010018584895930896,0.3295462,1.2651569,952
8050,0.0022615482081255775,0.5098346,2.1126754,2149
8051,0.0025846265235720885,0.52916706,1.9751835,2456
8052,0.005211347941664895,0.39564222,1.2434715,4952
8053,0.0009060926045584561,0.3666449,0.94896126,861
8054,0.0012670563250736136,0.32087988,0.9912902,1204
8055,0.010146974324219087,0.8294871,3.0479305,9642
8056,0.01039743894661736,0.52514464,1.8055907,9880
8057,0.0006598374716122555,0.8824483,1.9983218,627
8058,0.0013817649126425702,0.42680186,1.676354,1313
8059,0.0006829896635986505,0.35359368,1.073199,649
8060,0.0008850451572980971,0.39427024,1.3713195,841
8061,0.0018321802840142534,0.3429919,1.3626572,1741
8062,0.0009124068387365639,0.36580473,1.0781101,867
8063,0.0027393252609357274,0.95201236,2.7140946,2603
8064,0.0306071978060141,0.40055457,1.6364986,29084
8065,0.000670361195242435,0.4175847,2.1722736,637
8066,0.0025404268843253345,0.86825323,2.4945686,2414
8067,5.156624578787962e-05,0.25151286,0.37440452,49
8068,0.0002567788565763801,0.38587496,1.2400753,244
8069,0.0015185733198349038,0.34236294,0.9336333,1443
8070,0.002360471210249265,0.31115645,1.0394012,2243
8071,0.0020521261078850052,0.33282295,1.0335667,1950
8072,0.01160977190881404,0.47697487,2.0481033,11032
8073,0.00032623543253556495,0.7892424,2.2579896,310
8074,0.0024299277862084496,0.6696106,2.3936994,2309
8075,0.00035359711397403164,0.3314633,1.035263,336
8076,0.0017869282724044815,0.5031844,1.6285886,1698
8077,0.006891986605404563,0.6597356,3.2383661,6549
8078,0.0011207765666141182,0.42141503,1.4336183,1065
8079,0.004140032876112621,0.40098795,1.6087655,3934
8080,0.0009050402321954382,0.47741634,1.8693981,860
8081,0.009190367846235769,0.7598528,3.1117468,8733
8082,0.0024636037018250243,0.32881698,1.3001375,2341
8083,0.00045146774373470115,0.34480944,1.6786449,429
8084,0.002508855713434796,0.51787347,1.8911821,2384
8085,0.0022247151754199493,0.32518795,1.0845417,2114
8086,0.005661763313036579,0.46546683,1.6550934,5380
8087,0.002438346765112593,0.86108977,2.4860878,2317
8088,0.0018027138578497507,1.0315654,3.421761,1713
8089,0.0021963011216184643,0.4618654,1.3932967,2087
8090,0.0026319832799078964,0.8418156,2.4712124,2501
8091,0.0022783861659338646,0.39057344,1.2732158,2165
8092,0.005873290158003187,0.55725753,1.97496,5581
8093,0.0011786570465801055,0.44999504,2.1476085,1120
8094,0.006147959344750872,0.50340396,1.8266947,5842
8095,0.01316623063371759,0.53299,1.852422,12511
8096,0.013580865344746663,0.5936328,1.896418,12905
8097,0.0016732720571985427,0.3748895,1.0312502,1590
8098,0.00518293388786341,0.5221631,2.0245411,4925
8099,0.003764335942515212,0.38767922,1.5262787,3577
8100,0.014175455729851806,0.33434966,1.2027189,13470
8101,0.0005998522469202323,0.3948272,1.9709302,570
8102,0.0025846265235720885,0.5415228,1.8426404,2456
8103,0.0012386422712721288,0.33524826,1.4900503,1177
8104,0.003744340867617871,0.597719,2.6451328,3558
8105,0.0037296076545356195,0.45594254,1.5812014,3544
8106,0.0005788047996598733,0.29217875,0.7463932,550
8107,0.000995544255414982,0.36906543,1.3516693,946
8108,0.0010839435339084899,0.5392493,2.8867686,1030
8109,0.0005261861815089757,0.3625654,1.2078214,500
8110,0.0013933410086357676,0.39790103,1.971849,1324
8111,0.013494570810979191,0.5452574,2.0461676,12823
8112,0.0006461566308930221,0.5883228,1.4945614,614
8113,0.0023257429222696725,0.8899299,2.5970361,2210
8114,0.0006777278017835607,0.318555,1.2660989,644
8115,0.000931349541270887,0.51138604,1.8166449,885
8116,0.023658383093006566,0.37887752,1.1607975,22481
8117,0.00017679855698701582,0.3254432,1.0333358,168
8118,0.003358120210390283,0.3517422,1.1524888,3191
8119,0.00042305368993321646,0.5016448,2.3125558,402
8120,0.0004925102658924012,0.41340688,1.9378012,468
8121,0.01606762123855808,0.43073097,1.0670338,15268
8122,0.009512393789319262,0.5759891,1.8136547,9039
8123,0.011369831010045947,0.3584885,1.3156251,10804
8124,0.000454624860823755,0.4919679,2.035638,432
8125,0.0035749089171719806,0.7071072,2.143516,3397
8126,0.0009376637754489947,0.40520677,1.2817972,891
8127,0.001581715661615981,0.49814877,1.7968765,1503
8128,0.0037980118581317866,0.53661186,2.0465326,3609
8129,0.0005072434789746526,0.34365585,1.2512604,482
8130,0.0010229059368534487,0.4359477,1.6261764,972
8131,0.0016943195044589016,0.36566138,1.440408,1610
8132,0.002422561179667324,0.30341017,1.5982085,2302
8133,0.0030392513843958435,0.33449617,1.2595559,2888
8134,0.0008913593914762048,0.38275388,1.456757,847
8135,0.0010976243746277233,0.5390662,2.588932,1043
8136,0.001384922029731624,0.46839303,1.89432,1316
8137,0.00030413561291218794,0.27742407,0.78423554,289
8138,0.0018711180614459175,0.32767716,1.045522,1778
8139,0.0014817402871292755,0.31668636,0.8476838,1408
8140,0.0013133607090464034,0.37134513,1.133233,1248
8141,0.016234948444277936,0.38289815,1.283353,15427
8142,0.0006608898439752735,0.36239538,1.1450307,628
8143,0.0015659300761707115,0.3418485,1.161882,1488
8144,0.0011839189083951954,0.39429423,1.0184273,1125
8145,0.002859295710319774,0.29460636,1.1021409,2717
8146,0.003185531142855339,0.44571322,1.7456317,3027
8147,0.0017648284527811045,0.32841322,1.3589971,1677
8148,0.0011197241942511003,0.59254086,1.811934,1064
8149,5.051387342486167e-05,0.25255653,0.3834168,48
8150,0.00048198654226222173,0.658187,3.274091,458
8151,0.0009018831151063843,0.49013898,3.4511838,857
8152,0.008400036201609288,0.5007333,1.8117412,7982
8153,0.0020426547566178435,0.2988311,1.1048131,1941
8154,0.009746020453909248,0.5692113,2.1225219,9261
8155,0.0015269922987390474,0.3746613,1.4239727,1451
8156,0.002879290785217115,0.34323546,1.1147038,2736
8157,0.00018732228061719535,0.28890148,0.8919723,178
8158,0.005216609803479985,0.4177028,1.5357887,4957
8159,0.0015511968630884604,0.60982245,2.2688866,1474
8160,0.0011828665360321773,0.25465608,0.59115064,1124
8161,0.0007198226963042787,0.39044392,1.8709061,684
8162,0.004548353352963586,0.5656013,2.2298903,4322
8163,0.0007850697828113918,0.35660055,1.3786211,746
8164,0.0020836972787755437,0.38252184,1.158123,1980
8165,0.0005588097247625322,0.67345726,2.5586867,531
8166,0.0022752290488448107,0.45716977,1.7821475,2162
8167,0.0008987259980173305,0.39891127,1.2515209,854
8168,0.002011083585727305,0.40737775,1.3344321,1911
8169,4.735675633580781e-05,0.24960968,0.4299562,45
8170,0.00020205549369944667,0.28993532,0.6436659,192
8171,0.0006156378323655015,0.32304835,0.86339396,585
8172,0.02474969323345618,0.34496075,1.2561908,23518
8173,0.0027814201554564456,0.34308532,1.1069978,2643
8174,0.0023467903695300316,0.4643495,1.7824907,2230
8175,0.0015133114580198142,0.86770046,2.6698544,1438
8176,0.0005367099051391552,0.30905804,0.9224336,510
8177,0.002205772472885626,0.3262975,1.0970677,2096
8178,0.0005125053407897424,0.34317052,1.031397,487
8179,0.0022236628030569312,0.38349247,1.1689371,2113
8180,0.0011660285782238902,0.5187805,1.5313069,1108
8181,0.000951344616168228,0.38550577,1.1327604,904
8182,0.009663935409593847,0.4627986,1.7962403,9183
8183,0.0008566311034966124,0.36277607,1.2417879,814
8184,0.0013144130814094213,0.31970316,0.90921134,1249
8185,0.0013344081563067623,0.6583504,2.107584,1268
8186,0.0021163208220291003,0.5910692,2.2877562,2011
8187,0.0007882268999004456,0.33429185,1.6042223,749
8188,0.0009460827543531383,0.31730115,0.86198705,899
8189,0.0002536217394873263,0.45641577,1.8790643,241
8190,0.019164753102919912,0.365175,1.1696979,18211
8191,0.0359595636443234,1.4916036,3.1708355,34170
