feature,density,mean_act,max_act,n_active_frames
0,0.001693125294462353,3.5465524,9.323573,1592
1,0.0003222468368229227,2.4010475,16.09333,303
2,0.001695252336289567,1.7846941,18.874,1594
3,0.0013464174766264691,1.3531485,6.537524,1266
4,0.001905829477183754,2.6601815,9.355003,1792
5,0.010900025843558201,4.358361,13.581587,10249
6,0.00019887841084451004,2.4332757,21.583942,187
7,0.002156820412795007,5.2886877,12.083996,2028
8,0.002858744215775631,1.435975,7.1810083,2688
9,0.00014463884425055276,1.7963749,9.485313,136
10,0.002037706070471023,2.409609,8.734442,1916
11,0.08935064603577897,3.3801742,10.205526,84014
12,0.01932098443749847,1.4394757,5.810885,18167
13,0.002311030945268023,3.6864092,11.349942,2173
14,6.381125481642034e-05,2.971037,14.104556,60
15,0.0018441452641945477,4.3279424,13.290491,1734
16,0.0008221016662182154,3.1907725,12.057539,773
17,0.002466304998654646,2.2722569,13.988198,2319
18,0.0003445807760086698,1.1764905,7.180339,324
19,0.00022227587094386417,5.406719,22.157131,209
20,0.020320694096289057,1.8546356,9.1465025,19107
21,0.0002818330421058565,1.8850318,13.327026,265
22,0.0017941597812550184,2.0293348,8.666246,1687
23,0.008245477643195115,1.466115,5.2834477,7753
24,4.9985482939529265e-05,1.2283401,2.9167848,47
25,3.615971106263819e-05,1.0997716,2.9768624,34
26,0.001885622579825221,1.9498628,9.430378,1773
27,0.0010209800770627254,2.5666125,9.31525,960
28,0.002610943842905199,2.453626,8.4664545,2455
29,2.233393918574712e-05,0.49743176,0.86592877,21
30,0.0002307840382527202,1.4969872,4.9851794,217
31,0.000754036327747367,1.4731094,9.93911,709
32,0.0002594991029201094,1.7428409,6.647766,244
33,8.720871491577446e-05,1.2123576,4.0724154,82
34,0.00044986934645576337,2.1726887,11.06034,423
35,0.0027874883145639615,2.96362,10.111956,2621
36,0.0024184465575423308,3.2992373,10.098887,2274
37,0.0012507005944018387,1.7321897,4.818782,1176
38,0.003357535524257317,2.2999747,6.8239865,3157
39,0.0025269256907302453,1.1711575,4.2294555,2376
40,0.002450352184950541,2.4376462,9.807467,2304
41,0.0008157205407365733,1.3913362,7.41705,767
42,0.00012655898871923366,1.0844672,2.7416277,119
43,0.0029129837823695885,1.9303633,11.2444105,2739
44,0.004075412140942046,2.0835283,11.27333,3832
45,0.007088366889190693,1.4000274,6.783344,6665
46,0.000936961924887772,2.0855503,10.442406,881
47,0.001106061750151286,3.1022165,10.860076,1040
48,0.0007827513924147561,1.9755965,11.507135,736
49,0.0044901852972487775,1.7316128,10.762821,4222
50,0.0023046498197863813,4.0586505,10.938149,2167
51,0.0012496370734882316,1.8157145,6.6759434,1175
52,4.892196202592226e-05,1.4709103,3.8277354,46
53,0.002849172527553168,1.5883076,6.971957,2679
54,0.009516385134955486,2.1456952,8.299039,8948
55,0.004029680741656944,2.8738153,10.437038,3789
56,0.008920813423335562,1.5494998,4.729183,8388
57,5.104900385313627e-05,1.2039688,4.1333714,48
58,0.001881368496170793,2.9316742,9.948626,1769
59,0.0004477423046285494,1.2600629,12.557833,421
60,0.00024886389378403934,1.3831009,5.802221,234
61,0.0029789220790132228,5.260352,13.454595,2801
62,0.0014251180242333876,3.6333196,8.901414,1340
63,0.0023259202380585212,1.703261,10.184918,2187
64,0.0068533287672835445,1.2715029,5.299447,6444
65,0.0033266934177627137,4.464058,14.038707,3128
66,0.022878461893513904,1.7162436,8.044235,21512
67,0.0003031034603779966,1.9599488,15.063989,285
68,0.0001712268670907279,0.9138779,2.454534,161
69,0.0021036443671146573,4.736061,11.7011795,1978
70,0.00046475863924626146,2.8272564,15.015472,437
71,0.0007189401375983358,2.0938299,12.076204,676
72,0.00033075500413177875,1.3567632,8.46181,311
73,0.00016165517886826487,2.6507456,11.718387,152
74,0.0028927768850110554,2.8563619,9.654769,2720
75,0.010696893349059263,1.6697905,7.3136473,10058
76,0.0025822287782378095,2.8328469,12.445329,2428
77,4.679492019870825e-05,0.75930244,1.3145682,44
78,0.00017867151348597695,2.1863275,11.204244,168
79,0.0017175862754753141,2.1128075,6.8783555,1615
80,0.00021802178728943616,1.2580909,6.8184557,205
81,0.0017782069675509134,2.5338576,7.259456,1672
82,1.0635209136070057e-05,1.414923,3.2875178,10
83,0.0003498983805767048,2.0880299,12.406344,329
84,0.0001722903880043349,1.3822681,7.6807456,162
85,0.0029672233489635457,1.4790244,8.252807,2790
86,0.00046369511833265446,2.0396707,9.750084,436
87,0.0014112922523564966,2.2271204,12.345778,1327
88,0.0006189691717192773,2.3674319,10.825536,582
89,0.010586287174044135,2.2503393,6.3131876,9954
90,0.0011858258186718113,2.4101524,7.3244596,1115
91,0.004225368589760634,1.2934673,4.5739226,3973
92,0.0033671072124797797,5.324234,12.403503,3166
93,0.00028608712576028454,2.3897216,11.390569,269
94,4.254083654428023e-05,0.8071911,2.109029,40
95,0.001702696982684816,2.9856455,8.576046,1601
96,0.002860871257602845,1.493249,5.5053196,2690
97,0.0016569655833997149,1.6857799,8.938295,1558
98,0.0007859419551555772,2.0921125,7.7352324,739
99,0.0023003957361319534,4.5862837,12.904657,2163
100,0.0011762541304493482,1.8460557,9.048408,1106
101,0.0014389437961102786,2.5668025,8.742561,1353
102,0.001327274100181543,1.1322864,4.4275846,1248
103,0.0025407514626071366,3.6296058,10.744579,2389
104,0.021510773998615295,1.4074556,5.2907352,20226
105,0.0001680363043499069,1.7925411,11.85144,158
106,0.0002605626238337164,1.9336799,7.901873,245
107,4.041379471706622e-05,0.8004732,1.4256824,38
108,0.021513964561356118,1.9232185,6.6451077,20229
109,0.0008720871491577447,2.3582094,12.900268,820
110,0.004749684400168887,1.7109704,7.489269,4466
111,0.0028906498431838412,2.0742047,8.4698715,2718
112,0.0033011689158361454,5.0585814,12.301461,3104
113,0.0012432559480065896,1.4486225,5.9259777,1169
114,0.00012762250963284068,1.3067622,7.789852,120
115,0.003954170756790847,5.835927,17.56736,3718
116,0.012969637541437434,1.3195959,4.9133925,12195
117,0.0036765917983394183,5.7509522,14.732829,3457
118,0.0037297678440197687,2.8150408,8.103204,3507
119,0.002527989211643852,1.4758016,5.6332884,2377
120,4.892196202592226e-05,2.4161906,7.1835065,46
121,0.004834766073257448,1.0858077,5.930171,4546
122,0.0023535717818123033,3.4718862,11.56432,2213
123,0.08930172407375304,0.98655415,4.1724067,83968
124,0.009337713621469509,30.188093,54.37174,8780
125,0.00022546643368468518,1.6642803,8.700428,212
126,1.4889292790498078e-05,0.66265893,1.0694673,14
127,0.0018271289295768356,1.7306834,6.420235,1718
128,0.0024227006411967587,2.6068454,12.824955,2278
129,0.0023471906563306616,3.8829362,10.267771,2207
130,0.0020228167776805248,4.129355,10.55149,1902
131,5.317604568035028e-06,1.2174798,1.5730332,5
132,0.001912210602665396,1.3035363,8.372019,1798
133,0.00039243921712098505,2.865017,14.290365,369
134,0.0016463303742636447,3.2399151,8.874255,1548
135,0.006428983922754349,2.197572,10.545143,6045
136,0.0017845880930325553,1.6891766,11.023143,1678
137,0.0019526243973824622,1.9497428,11.321543,1836
138,0.0002520544565248603,1.3783759,9.399094,237
139,0.001917528207233431,3.644916,12.243387,1803
140,2.5524501926568134e-05,1.8547962,5.7651343,24
141,0.0022291398349202837,3.166394,9.677383,2096
142,0.0017346026100930262,3.2552276,7.714194,1631
143,0.0068299313071841904,1.0914232,4.2957296,6422
144,0.0033745518588750288,4.32749,13.430452,3173
145,0.0036670201101169555,1.8096815,10.905533,3448
146,0.001143284982127531,1.1759318,4.8362145,1075
147,0.0019409256673327852,1.949308,9.324407,1825
148,0.0011464755448683521,2.9103208,10.499005,1078
149,0.0027640908544646074,3.3000405,10.963717,2599
150,0.006671466691056747,1.4423733,6.14927,6273
151,0.003014018269162254,3.2143583,7.997079,2834
152,0.0006072704416696002,1.7352316,9.970297,571
153,0.005011310544916211,3.6950426,10.67409,4712
154,4.360435745788723e-05,3.1972508,13.842006,41
155,0.0033266934177627137,3.4765713,12.818509,3128
156,0.005470751579594437,1.8261762,7.8786325,5144
157,0.0021440581618317233,1.3773363,6.5487385,2016
158,0.0020206897358533106,1.2295287,8.035534,1900
159,6.700181755724135e-05,1.0760617,2.7654204,63
160,0.0033522179196892815,3.4577074,16.601454,3152
161,0.002663056367671942,3.1815872,12.370328,2504
162,0.002424827683023973,1.6527812,5.164198,2280
163,0.00335647200334371,1.8500713,8.362432,3156
164,0.00246843204048186,2.3464892,8.414814,2321
165,0.0014006570432204264,1.7091773,8.5318775,1317
166,0.0010847913318791458,1.9608353,8.222744,1020
167,0.003777626285132084,5.2828555,15.691194,3552
168,0.0006200326926328843,2.8371696,7.741316,583
169,0.0014665953398640607,4.0351105,13.444523,1379
170,0.0003413902132678488,1.581969,6.716407,321
171,0.0012964319936869398,1.2067313,4.9219627,1219
172,0.0006455571945594524,1.7617342,11.938389,607
173,3.190562740821017e-05,0.7217901,1.3509916,30
174,6.381125481642033e-06,0.79462576,1.4077567,6
175,0.001131586252077854,1.6862957,12.785711,1064
176,0.00010847913318791457,2.4851317,8.0385065,102
177,0.0024386534549008638,3.2768667,10.122145,2293
178,0.0008816588373802077,1.581273,13.081337,829
179,0.0018473358269353688,2.4782984,13.07554,1737
180,0.0006817169056220906,2.0049913,10.285536,641
181,0.003392631714406348,1.8095459,7.805008,3190
182,0.002467368519568253,3.4227216,10.950303,2320
183,0.002018562694026097,2.824056,8.177511,1898
184,0.00208131042792891,2.8023145,7.6155524,1957
185,0.00012868603054644768,2.662571,18.287975,121
186,0.001884559058911614,3.6532478,12.701664,1772
187,0.0002690707911425724,1.726842,10.236981,253
188,0.0007168130957711218,2.3798633,7.1608014,674
189,0.0003647876733672029,1.630647,7.5392036,343
190,0.002615197926559627,2.304453,7.28502,2459
191,0.0019090200399245751,3.303482,9.450505,1795
192,2.6588022840175142e-05,0.96430284,1.7400595,25
193,0.002437589933987257,3.0750766,8.079065,2292
194,0.005035771525929171,1.8983806,6.711347,4735
195,0.019591118749554652,1.0422214,5.1743,18421
196,0.0005753648142613901,2.373026,8.024024,541
197,0.003642559129103994,4.4979076,12.171343,3425
198,0.007245767984404529,1.1555281,4.500626,6813
199,0.0009050562974795618,1.7738396,5.762818,851
200,0.0013868312713435354,2.6534255,7.4697614,1304
201,0.007677557475328974,1.5874466,8.738088,7219
202,0.0019951652339267427,2.200367,9.8942175,1876
203,0.00132833762109515,1.7833924,9.880749,1249
204,0.0036680836310305624,3.496264,10.204343,3449
205,5.2112524766743275e-05,0.78770655,2.2096078,49
206,0.0021078984507690852,1.5664222,5.805788,1982
207,0.0004179637190475532,2.5043688,11.190091,393
208,0.006765056531454163,2.505962,9.976324,6361
209,0.0037095609466612357,4.3785005,12.813223,3488
210,0.0002456733310432183,1.4108851,6.0367584,231
211,0.020460015335971575,6.581138,18.490088,19238
212,0.0005200617267538258,2.5540726,12.505719,489
213,0.0003222468368229227,1.9606307,9.738024,303
214,0.0017377931728338471,3.6034772,11.686779,1634
215,0.0085166754761649,2.1462314,7.8862705,8008
216,0.00035415246423113286,1.7345175,9.536414,333
217,0.0006285408599417403,1.3801757,6.4017324,591
218,0.00222701279309307,2.1751323,8.398122,2094
219,0.0021270418272140114,3.2763152,9.314603,2000
220,0.004772018339354634,3.243017,10.12859,4487
221,0.00024141924738879027,1.0473459,6.2840123,227
222,0.0047677642557002065,1.5077615,7.41549,4483
223,0.006865027497333222,2.4292097,11.78655,6455
224,0.00011805082141037762,1.2781554,5.101454,111
225,0.000379676966157701,1.9994473,11.603839,357
226,0.00040413794717066216,1.7132959,11.585115,380
227,5.5303087507564294e-05,0.7172061,1.6096736,52
228,0.013508842644636185,0.95778805,3.5888321,12702
229,0.0025918004664602728,3.4933472,10.7534,2437
230,0.00015740109521383683,2.6946495,14.836524,148
231,0.0019387986255055712,2.8941615,8.932747,1823
232,0.003803150787058652,1.359536,6.8294306,3576
233,0.011341387022705108,2.5007668,12.845404,10664
234,0.0010475680999029006,2.4186196,10.87002,985
235,0.0002807695211922495,2.3921173,9.910338,264
236,0.001153920191263601,3.2587159,10.205195,1085
237,0.00035415246423113286,1.9281102,7.371729,333
238,0.0020313249449893807,2.8402445,10.228218,1910
239,0.0029512705352594407,2.5485709,11.493815,2775
240,0.005327176256257491,2.0770416,11.327853,5009
241,3.296914832181717e-05,1.0409598,2.6004658,31
242,0.002488638937840393,2.3979502,9.487881,2340
243,0.0023716516373436226,1.8289145,6.8313775,2230
244,0.000762544495056223,1.4375396,7.614678,717
245,0.0038786607719247493,2.8184695,9.789406,3647
246,0.0006157786089784563,1.3108752,5.614022,579
247,0.004515709799175346,2.4710093,8.294309,4246
248,7.976406852052543e-05,1.4415246,8.392323,75
249,0.0002233393918574712,2.6776724,10.524499,210
250,0.0016442033324364307,2.3378947,11.908255,1546
251,0.0021302323899548324,3.59467,12.446543,2003
252,0.000953978259505484,1.9060755,8.047286,897
253,0.014626603124837148,1.7814401,7.229206,13753
254,0.0020472777586934858,4.462462,12.776017,1925
255,0.00024035572647518327,1.6308792,13.716773,226
256,0.0006008893161879582,1.9809502,6.6120353,565
257,0.002452479226777755,3.156804,9.4111805,2306
258,0.0015293430737668742,1.0965878,3.6806471,1438
259,0.00023397460099354125,0.96012866,3.0537539,220
260,0.0006710816964860206,3.1181114,12.168757,631
261,0.003195880345389052,2.8776326,9.612255,3005
262,0.0001116696959287356,2.4384425,10.341751,105
263,0.002228076314006677,2.0199287,12.193992,2095
264,0.0003350090877862068,1.9944288,10.085068,315
265,0.015233873566506748,1.6423503,8.775952,14324
266,0.02552237488474092,1.6837233,6.393477,23998
267,0.00846349943048455,0.9955352,4.92064,7958
268,0.0023695245955164083,4.131799,10.177602,2228
269,0.0013687514158122163,1.4623398,6.221396,1287
270,0.005066613632423775,1.8102505,7.359329,4764
271,0.006256693534750014,0.97663003,3.5377786,5883
272,0.0004764573692959385,1.4842253,6.729675,448
273,0.004272163509959342,2.003552,6.9560103,4017
274,0.0025684030063609187,3.4761217,9.969233,2415
275,0.0005838729815702461,1.3356119,6.375819,549
276,0.002433335850332829,3.9195912,12.712574,2288
277,0.000193560806276475,1.8384488,12.630034,182
278,0.0019696407320001744,3.126045,8.867091,1852
279,0.004559314156633233,2.5487015,10.331143,4287
280,0.00076360801596983,1.6839768,8.818186,718
281,0.004046697076274656,1.6452726,5.6266446,3805
282,0.0010177895143219044,2.2573283,7.5903597,957
283,0.0012421924270929825,3.2433033,7.720875,1168
284,0.0010794737273111107,1.8519886,8.679571,1015
285,0.0027555826871557515,1.8687242,8.301043,2591
286,0.0025056552724581054,3.1343455,8.403434,2356
287,0.0034777133874949085,2.9125924,8.735131,3270
288,0.0025747841318425604,2.9969485,10.481544,2421
289,0.0025067187933717123,3.263409,15.415,2357
290,0.0031001634631644213,1.1266707,4.144651,2915
291,0.0008859129210346357,1.5214913,6.201651,833
292,8.720871491577446e-05,0.9860948,3.793959,82
293,0.0009008022138251337,1.9015197,8.722085,847
294,0.003372424817047815,6.251923,13.749122,3171
295,0.005627089153894667,2.5892162,10.091445,5291
296,0.0031224974023501685,2.3337095,8.1221895,2936
297,6.806533847084836e-05,0.96328163,1.9880824,64
298,0.00010741561227430756,2.7709355,20.664894,101
299,0.0001318765932872687,1.8643937,8.7838335,124
300,0.03609483628690816,1.2281721,6.282393,33939
301,7.870054760691842e-05,2.1542926,6.7342753,74
302,0.0021419311200045095,3.3368676,11.3792,2014
303,0.0016537750206588938,1.7834431,5.0673833,1555
304,0.007396787954136724,1.7978667,7.5328894,6955
305,0.0054547987658903315,1.2645524,5.4387174,5129
306,0.00253224329529828,2.2626514,10.571057,2381
307,0.002264236025069315,1.8924379,10.607774,2129
308,0.0010911724573607878,3.3342988,10.566155,1026
309,0.0014527695679871697,1.6891167,6.8783574,1366
310,0.0002446098101296113,1.3092743,5.2438297,230
311,1.5952813704105085e-05,6.9310074,20.295227,15
312,0.0002680072702289654,2.841944,12.004475,252
313,0.0013847042295163214,1.8696539,7.992967,1302
314,0.0005828094606566391,0.96421564,6.495129,548
315,0.0011209510429417838,2.0207596,7.890794,1054
316,0.08511676927870948,1.2099437,9.882195,80033
317,8.614519400216745e-05,1.4567418,5.7963543,81
318,0.004266845905391306,7.901747,16.364689,4012
319,0.0021834084356351824,3.4947057,12.52277,2053
320,0.00023184755916632723,0.73678493,3.1680162,218
321,0.003610653501695784,5.6654167,12.1852,3395
322,0.0005902541070518881,2.0968165,9.904103,555
323,6.062069207559932e-05,0.91024804,1.914568,57
324,0.0019313539791103221,4.5713067,11.14128,1816
325,0.00055409439598925,1.6222725,8.737159,521
326,0.0011911434232398464,3.548364,12.477946,1120
327,0.0014676588607776678,1.5436369,5.7293677,1380
328,0.0013868312713435354,3.7865334,10.032133,1304
329,0.00035521598514473985,1.2192473,4.9920464,334
330,0.0019377351045919643,3.5872166,10.674485,1822
331,0.0006093974834968142,1.322749,4.997078,573
332,0.0034755863456676942,5.08547,13.992537,3268
333,0.002054722405088735,1.9983467,9.661911,1932
334,0.003220341326402013,1.4498328,6.824059,3028
335,0.000944406571283021,1.5679696,5.8220196,888
336,0.0015974084122377225,1.8960389,11.015229,1502
337,0.0025173540025077825,2.8117254,7.513682,2367
338,0.002527989211643852,4.1744537,13.62519,2377
339,0.002429081766678401,2.7289474,8.800747,2284
340,0.0011603013167452432,1.1986641,6.208017,1091
341,0.0009880109287409083,1.5032222,5.170821,929
342,0.005353764279097666,1.9373251,9.746008,5034
343,0.003463887615618017,2.588469,9.3816185,3257
344,0.014603205664737794,0.9949636,3.3913975,13731
345,0.0020206897358533106,1.5051297,8.37633,1900
346,0.000956105301332698,1.832102,7.4007335,899
347,0.0010379964116804376,1.7352161,9.014336,976
348,0.0008476261681447834,2.065017,7.635005,797
349,0.0017526824656243453,4.232338,14.330323,1648
350,5.849365024838531e-05,3.3719957,13.341992,55
351,8.295463126134644e-05,2.1411738,7.7797923,78
352,0.002973604474445188,1.2236037,5.9089084,2796
353,0.0012134773624255934,1.8346779,9.3565645,1141
354,0.00027226135388339344,1.0650688,3.7510695,256
355,0.0018281924504904427,3.4484913,10.227054,1719
356,0.0011911434232398464,1.9972854,11.011995,1120
357,0.004590156263127836,2.5548062,12.457848,4316
358,0.0020153721312852757,3.5441155,11.424178,1895
359,0.0027311217061427905,2.8068898,9.533297,2568
360,0.0003413902132678488,1.6514502,9.205836,321
361,0.00112945921025064,1.3226011,4.1458664,1062
362,0.0005126170803585767,2.503411,16.219473,482
363,0.002274871234205385,4.731377,12.297052,2139
364,0.006095038355881749,2.0634544,6.9541078,5731
365,0.0034915391593717993,2.507299,8.643035,3283
366,0.0006083339625832072,1.830797,13.876913,572
367,0.0001340036351144827,3.0307717,15.040563,126
368,5.3176045680350284e-05,2.7633421,15.924031,50
369,0.002295078131563918,2.8460772,12.876785,2158
370,0.00022121235003025718,1.4683235,4.7784758,208
371,0.0009922650123953363,3.3464024,11.95144,933
372,0.00033181852504538575,1.611816,10.462117,312
373,0.002018562694026097,1.6803854,8.801535,1898
374,0.003267136246600721,1.4016325,5.6320477,3072
375,0.002010054526717241,1.9242238,7.0982156,1890
376,0.0010326788071124025,2.6178432,11.580919,971
377,0.03972995076961691,2.0097964,6.9836125,37357
378,0.0004339165327516583,1.8227321,10.784473,408
379,0.0038488821863437534,2.311433,8.604399,3619
380,0.0005009183503088997,1.7583833,10.807524,471
381,0.0029257460333328724,2.1444907,7.9810696,2751
382,0.00018398911805401198,2.153351,13.866603,173
383,0.00448593121359435,3.9465966,11.058524,4218
384,0.002066421135138412,2.6564245,8.293476,1943
385,0.0008635789818488886,1.8486451,8.249189,812
386,0.00130706720282301,2.7590337,7.015599,1229
387,0.03267880711240246,1.868757,7.3137054,30727
388,0.0019558149601232836,3.4538696,9.225852,1839
389,0.00030735754403242465,1.4657341,8.771675,289
390,0.0011464755448683521,2.574634,10.534867,1078
391,0.0001340036351144827,2.3916798,12.60987,126
392,0.0029672233489635457,2.3366013,10.626852,2790
393,0.0012623993244515158,1.2339597,8.689326,1187
394,0.0018824320170844,2.0518153,5.6657753,1770
395,0.009199455902700599,1.3592927,6.1565413,8650
396,0.002262108983242101,2.1936266,9.613611,2127
397,0.008906987651458672,3.0113606,10.040786,8375
398,0.0025641489227064907,3.0089226,9.245163,2411
399,0.002066421135138412,2.5776823,8.726756,1943
400,0.00038286752889852204,2.0984514,14.561939,360
401,0.0013357822674903992,2.6100345,8.809601,1256
402,0.005191045579315794,3.5098815,15.278652,4881
403,0.0015814555985336173,1.9533559,5.543887,1487
404,0.00046263159741904747,1.3869765,4.548658,435
405,5.4239566593957285e-05,0.72705585,1.2646364,51
406,0.0021685191428446843,1.7187096,7.497229,2039
407,0.00031692923225488766,1.1927837,4.7942877,298
408,0.000551967354162036,2.5755582,8.438358,519
409,0.0024024937438382257,3.8855503,12.195634,2259
410,0.0002658802284017514,1.9568402,10.883808,250
411,0.001896257788961291,3.1575925,9.625172,1783
412,0.0004562504719374054,1.656374,8.797122,429
413,0.0021823449147215755,2.2636147,10.256087,2052
414,0.002030261424075774,3.4801059,9.171414,1909
415,0.0023408095308490194,3.283828,12.535297,2201
416,0.00038605809163934303,1.7321247,9.634839,363
417,0.0013783231040346792,2.5460987,11.970387,1296
418,0.0009646134686415541,1.6344528,6.789831,907
419,0.0013123848073910449,2.0684533,8.944723,1234
420,0.0013698149367258232,2.1692052,9.428715,1288
421,0.003753165304119123,4.783765,13.916782,3529
422,0.0002977858558099616,1.09788,4.91262,280
423,3.509619014903119e-05,1.0099452,2.6876543,33
424,0.0025056552724581054,3.4859507,10.348975,2356
425,9.57168822246305e-06,0.74316806,1.0827769,9
426,0.002021753256766918,1.5889151,6.0513525,1901
427,0.0004934737039136506,1.8606306,13.434879,464
428,7.338294303888339e-05,3.215447,20.926212,69
429,0.002450352184950541,1.4617127,7.1842957,2304
430,0.0007274483049071918,1.6636102,8.416087,684
431,7.125590121166937e-05,1.7831861,8.289611,67
432,0.0005158076430993977,2.46524,11.864679,485
433,9.252631948380949e-05,2.5598722,10.541636,87
434,0.00025737206109289535,1.5013663,8.764047,242
435,0.06439087371433616,1.876106,7.6093802,60545
436,0.002816203379231351,3.6082406,11.580498,2648
437,0.0006891615520173396,1.850701,9.377203,648
438,0.019449670468044918,1.2416246,7.2676983,18288
439,0.00011805082141037762,1.3031836,4.1294885,111
440,0.0008423085635767485,2.4482245,11.74693,792
441,0.003245865828328581,1.6566287,5.385229,3052
442,0.002085564511583338,1.9726053,6.1100655,1961
443,0.0004679492019870825,1.862862,13.66647,440
444,0.0004764573692959385,2.3344429,13.953413,448
445,0.008045535711436997,2.6907718,11.475143,7565
446,0.0017696988002420574,2.1914577,7.1333756,1664
447,6.274773390281333e-05,2.4860303,8.906987,59
448,0.002065357614224805,4.536789,12.06936,1942
449,0.008309288898011535,1.5754148,7.1808333,7813
450,0.0009114374229612038,1.6674412,8.745239,857
451,0.00010954265410152158,2.1397488,9.2808895,103
452,0.008809143727406828,2.219523,9.338676,8283
453,0.00010422504953348655,2.9178257,15.400288,98
454,0.00011060617501512859,2.3290386,18.198446,104
455,0.052524107360309186,2.426515,9.540257,49387
456,9.784392405184451e-05,4.086755,25.090818,92
457,0.000189306722622047,1.3535979,6.0401545,178
458,0.0018303194923176567,1.7689155,6.109116,1721
459,0.005749394058959472,1.0961819,4.1709394,5406
460,0.000949724175851056,3.0721893,7.1971164,893
461,0.004892196202592226,2.0754316,11.811217,4600
462,0.0001116696959287356,1.2655478,3.9380717,105
463,0.0007646715368834371,2.1684058,8.307356,719
464,8.508167308856045e-06,0.67232305,0.9404876,8
465,0.0020355790286438087,2.6998422,8.141574,1914
466,0.0010454410580756864,2.3577332,8.270274,983
467,0.0017112051499936721,3.3995197,9.76385,1609
468,0.000377549924330487,4.077694,16.467321,355
469,0.003290533706700075,3.1314962,8.52112,3094
470,0.0025311797743846733,1.7120069,7.5960445,2380
471,0.000190370243535654,2.3631432,13.843767,179
472,0.003773372201477656,1.9723607,8.280532,3548
473,0.0033224393341082857,3.7292852,11.663623,3124
474,0.02110450900961742,1.624627,5.4381423,19844
475,0.018615870071777025,1.5302411,7.620502,17504
476,0.0019207187699742522,4.1165695,12.819332,1806
477,0.003776562764218477,1.3467097,9.392961,3551
478,0.0028055681700952808,2.8260713,12.421647,2638
479,0.0019515608764688554,4.012509,11.574505,1835
480,0.0019334810209375361,1.9160291,9.876301,1818
481,0.00012230490506480565,2.1490734,8.153016,115
482,0.01732262864083091,2.1312504,10.874178,16288
483,0.0004902831411728296,1.8610722,8.464982,461
484,0.0001116696959287356,2.0336576,8.691428,105
485,0.0005945081907063162,1.9993999,15.723828,559
486,0.01000135067156028,1.3885573,6.069289,9404
487,0.0017473648610563102,3.31544,20.107603,1643
488,0.012950494164992507,2.4133556,8.869704,12177
489,0.00190370243535654,2.167956,9.581148,1790
490,0.013147245534009804,1.6482649,6.2650423,12362
491,0.0016559020624861078,4.64776,12.023722,1557
492,0.002037706070471023,3.440707,11.185414,1916
493,0.00022227587094386417,0.78174096,1.904097,209
494,0.005389923990160305,1.698125,8.44412,5068
495,0.0007774337878467211,2.2468224,10.462674,731
496,0.0021270418272140114,4.8078666,11.270875,2000
497,0.002256791378674066,2.5349252,10.024747,2122
498,6.062069207559932e-05,1.7567627,9.446537,57
499,0.0033426462314668187,2.1782975,12.171051,3143
500,0.00024141924738879027,1.7554374,6.980904,227
501,0.04288754436211611,1.345362,5.067826,40326
502,0.0014559601307279908,2.0611804,7.63319,1369
503,0.0033554084824301026,2.649375,12.72039,3155
504,0.00023716516373436226,1.9327414,9.187091,223
505,0.0013123848073910449,1.9083529,7.987212,1234
506,0.0013751325412938583,2.9673367,10.375849,1293
507,0.0031033540259052424,2.5387735,13.842653,2918
508,0.0021472487245725444,3.2492454,10.553131,2019
509,0.0010752196436566827,2.0142894,9.657263,1011
510,0.019657057046198283,1.4859611,5.3497515,18483
511,0.0035138730985575465,2.8415523,8.618083,3304
512,7.763702669331141e-05,2.8117764,11.940796,73
513,0.00041370963539312516,2.530871,11.200377,389
514,0.006970316067780315,1.7756016,15.217774,6554
515,0.0019356080627647503,2.69221,9.174652,1820
516,0.0012060327160303443,1.9273944,15.582471,1134
517,0.0004317894909244443,0.9502554,4.25502,406
518,0.030717674547711144,1.3870517,5.4970202,28883
519,0.0020174991731124895,3.6167114,12.316129,1897
520,0.0003211833159093157,2.0251756,12.785638,302
521,0.003186308657166589,3.9456737,11.639253,2996
522,0.0018569075151578318,2.3871047,8.033059,1746
523,0.0025503231508295994,1.9761047,14.544729,2398
524,0.01588049428197981,1.4313549,11.32533,14932
525,0.0022376480022291397,3.5287778,9.517659,2104
526,0.0015665663057431193,2.6736486,13.062394,1473
527,0.0009135644647884178,3.72637,12.643315,859
528,0.0003062940231188176,2.0841103,15.087823,288
529,0.0013719419785530372,2.1185994,12.945568,1290
530,0.0012581452407970876,1.3181846,4.0414615,1183
531,0.00494749929009979,2.0316627,8.0366,4652
532,0.0009922650123953363,2.3271382,7.3089247,933
533,0.0026715645349807983,1.8370605,7.711094,2512
534,0.0036351144827087454,2.6464815,8.5671835,3418
535,4.041379471706622e-05,0.5573012,1.3442645,38
536,0.0012911143891189047,1.7320273,13.978861,1214
537,0.0029289365960736935,3.8588498,9.860179,2754
538,0.0019951652339267427,2.0617511,9.952883,1876
539,0.0003573430269719539,1.4181862,5.511042,336
540,0.0023790962837388716,4.995734,11.806927,2237
541,0.0004945372248272576,1.5908089,10.118958,465
542,0.023796280441956752,1.8008258,8.010805,22375
543,0.00023503812190714824,1.2655443,4.799233,221
544,0.0026970890369073662,2.7905002,8.977692,2536
545,0.000380740487071308,3.292209,19.370983,358
546,0.0001680363043499069,2.6189463,19.666897,158
547,0.00018186207622679796,1.160547,4.205071,171
548,0.001698442899030388,3.0401232,12.302746,1597
549,0.009734406922244922,1.5720626,8.5883255,9153
550,0.002644976512140623,2.4457514,9.403455,2487
551,0.0011996515905487023,1.5000162,7.656619,1128
552,0.00010209800770627253,2.4960442,11.766013,96
553,0.0004551869510237984,1.6653696,7.210028,428
554,0.004245575487119167,1.271884,4.8067565,3992
555,0.00253224329529828,1.5286716,10.554788,2381
556,0.0007816878715011491,1.9540826,13.052811,735
557,0.00025630854017928836,1.9113079,10.4958935,241
558,0.002618388489300448,3.4911292,8.997048,2462
559,0.0050506608187196695,2.481541,9.199662,4749
560,0.0020876915534105522,3.5020103,12.685184,1963
561,0.002997001934544542,1.98028,9.2234535,2818
562,0.0007370199931296549,1.6462631,9.512742,693
563,0.00607695850035043,1.9095151,6.717721,5714
564,0.004263655342650485,1.9355778,6.918081,4009
565,0.008973989469015913,1.1921005,5.6111455,8438
566,0.00014570236516415978,2.0505526,13.556867,137
567,6.700181755724135e-05,1.1991739,3.8128562,63
568,0.0018164937204407656,2.6813881,10.944254,1708
569,0.005221887685810398,1.587959,6.4367833,4910
570,0.005159139951907584,1.6809255,8.539359,4851
571,0.0021929801238576457,2.2448065,15.189616,2062
572,0.002512036397939747,3.3411071,13.228575,2362
573,0.00228018883877342,3.2837832,9.369314,2144
574,0.05399389326291407,1.6542485,8.525879,50769
575,6.700181755724135e-05,0.6472492,1.3777171,63
576,0.001350671560280897,2.3534932,7.8145304,1270
577,0.010424631995175869,2.2704864,9.262196,9802
578,0.0015803920776200104,3.20464,7.8482876,1486
579,0.0032830890603048266,3.9015298,8.559373,3087
580,0.0014463884425055277,2.1143792,13.276593,1360
581,0.001705887545425637,1.4956166,9.194301,1604
582,0.0033947587562335618,2.5310855,9.074878,3192
583,0.009168613796205996,25.813068,45.20983,8621
584,0.00022972051733911322,1.6019374,7.1078706,216
585,0.000551967354162036,3.1929276,10.142549,519
586,0.00021695826637582914,1.3155326,6.347255,204
587,0.009702501294836713,1.0250926,4.9692497,9123
588,0.0009741851568640171,2.564996,7.2832484,916
589,0.0003509619014903119,2.2167935,7.2985687,330
590,0.006536399535028657,2.2980464,8.145904,6146
591,0.0028970309686654834,1.6683614,8.243769,2724
592,0.0019228458118014662,3.9085155,15.044539,1808
593,0.0010348058489396165,3.164749,9.938988,973
594,0.0009071833393067758,1.9817475,8.837151,853
595,0.0020047369221492055,3.2722654,12.366959,1885
596,0.0020206897358533106,3.432142,9.785267,1900
597,0.001512326739149162,1.7065648,5.3490157,1422
598,6.593829664363434e-05,4.1160026,21.567171,62
599,0.0028459819648123472,1.4335576,4.9988565,2676
600,8.720871491577446e-05,2.1950207,12.927238,82
601,1.4889292790498078e-05,1.1838452,2.7476213,14
602,0.0006338584645097753,1.6303742,6.293637,596
603,0.002069611697879233,2.589338,12.763713,1946
604,0.011493470513350909,1.1360668,4.1163063,10807
605,0.002466304998654646,2.3867319,9.0077505,2319
606,0.0017399202146610611,3.7876687,11.002867,1636
607,0.002010054526717241,3.658614,10.709608,1890
608,0.002282315880600634,3.4462926,13.094553,2146
609,0.0023907950137885487,3.1971378,10.561319,2248
610,7.65735057797044e-05,0.6988359,1.1257926,72
611,0.00037648640341687997,2.0867722,13.56634,354
612,0.00018186207622679796,2.6272159,16.225115,171
613,0.0004466787837149424,2.0203946,11.335478,420
614,0.0007795608296739351,3.8993042,13.5784645,733
615,0.007024555634374272,2.2330718,10.128392,6605
616,0.0010252341607171534,1.7492123,8.027181,964
617,0.0008710236282441377,1.2386124,4.8996215,819
618,0.000570047209693355,1.0332695,2.9979234,536
619,0.002401430222924619,2.0916812,8.384115,2258
620,0.0019749583365682092,1.3312013,5.940198,1857
621,0.00012655898871923366,2.352372,8.215441,119
622,0.002078119865188089,3.2542496,9.935654,1954
623,0.0032681997675143284,3.6085515,10.67453,3073
624,0.006657640919179855,2.8853815,10.02834,6260
625,0.00021695826637582914,1.6727486,8.926966,204
626,0.002295078131563918,2.3023784,8.582036,2158
627,0.001327274100181543,1.5752934,6.268684,1248
628,0.005604755214708919,5.7196403,11.536119,5270
629,0.01125205126596212,2.9474974,10.209518,10580
630,0.00011486025866955661,2.1851215,10.339006,108
631,0.0019590055228641042,2.5859518,12.3664,1842
632,2.3397460099354124e-05,1.1467433,3.1179314,22
633,0.052701715352881554,1.193841,4.0072846,49554
634,0.009492987674856132,2.2445402,6.1501837,8926
635,0.009215408716404704,1.8747244,7.7989144,8665
636,0.0026013721546827356,3.649383,11.517361,2446
637,0.0034511253646547333,1.5181265,5.2234054,3245
638,0.018054331029392526,1.585225,7.0401096,16976
639,0.0002467368519568253,2.149633,10.77289,232
640,0.0024067478274926537,3.2235546,10.254293,2263
641,0.0024184465575423308,4.071357,10.244964,2274
642,0.0003190562740821017,1.8446032,9.34401,300
643,0.002663056367671942,2.185104,12.609898,2504
644,0.0012326207388705195,2.362086,11.709852,1159
645,0.00014144828150973175,2.0862112,9.488541,133
646,0.0008433720844903555,3.1167803,8.954154,793
647,0.0007263847839935848,1.8987588,6.96325,683
648,0.002417383036628724,3.4468002,9.464233,2273
649,0.00021376770363500813,1.6754242,17.49108,201
650,0.0007667985787106511,1.6715193,6.003773,721
651,0.00022227587094386417,2.0877311,9.546905,209
652,0.00012655898871923366,1.3729376,10.565103,119
653,0.001719713317302528,2.2893093,14.306555,1617
654,0.00029246825124192656,2.1333766,13.744761,275
655,0.0008412450426631415,1.8095732,7.686624,791
656,0.00017973503439958394,1.8100498,9.470527,169
657,0.0025854193409786306,3.8366683,10.435692,2431
658,0.004800733404022023,2.3688278,9.407706,4514
659,0.00011592377958316362,2.786497,18.747505,109
660,0.0006987332402398027,1.8323225,11.20391,657
661,0.0017665082375012363,2.2945337,12.606862,1661
662,7.338294303888339e-05,1.6880478,5.7346926,69
663,0.00010635209136070057,2.4732587,7.213082,100
664,0.00664168810547575,1.677941,8.588876,6245
665,1.4889292790498078e-05,0.8074664,1.2117693,14
666,0.002472686124136288,3.6063092,12.717712,2325
667,0.006765056531454163,5.248749,14.961141,6361
668,0.0034968567639398346,3.2156687,11.430152,3288
669,0.0019313539791103221,1.1047958,4.8099556,1816
670,0.0022099964584753576,3.3647158,9.611061,2078
671,0.0008348639171814994,1.5313275,9.322594,785
672,0.05771515293962498,0.99072623,4.9519234,54268
673,0.0017739528838964854,4.2759395,12.574908,1668
674,0.005794061937330967,2.4629915,8.788495,5448
675,0.00015740109521383683,1.7862085,13.17185,148
676,0.0019845300247906725,3.1073437,10.181494,1866
677,0.002854490132121203,2.9653459,9.445839,2684
678,0.0009103739020475968,2.13278,9.729634,856
679,0.00018186207622679796,2.1465967,9.478496,171
680,0.00027119783296978645,2.087266,10.652354,255
681,0.00018398911805401198,0.6587538,3.3962708,173
682,0.001497437446358664,2.1212142,7.4602685,1408
683,0.0023397460099354125,3.7441623,13.599048,2200
684,0.0012400653852657686,1.776069,5.2304,1166
685,0.003021462915557503,3.107837,9.396473,2841
686,0.001894130747134077,3.5567539,10.468993,1781
687,0.004954943936495039,2.1365752,8.622483,4659
688,0.0021493757663997586,3.1715884,10.685219,2021
689,8.933575674298847e-05,1.0637683,3.5260098,84
690,0.0004339165327516583,1.2157016,5.6159754,408
691,0.0004711397647279035,1.7127048,7.0204268,443
692,0.0003435172550950628,1.6502943,10.137916,323
693,0.0019611325646913184,2.1537144,7.568846,1844
694,0.010123655576625087,2.212209,11.872191,9519
695,0.0002605626238337164,1.737481,5.5746465,245
696,0.00011698730049677062,3.488174,17.467426,110
697,0.001141157940300317,1.8697361,5.960309,1073
698,0.00012762250963284068,1.8122885,12.295432,120
699,0.003428791425468986,5.768995,14.520057,3224
700,0.00040839203082509014,2.5431852,7.861833,384
701,0.00014782940699137377,2.650549,14.76995,139
702,0.0037063703839204146,2.0805583,7.666439,3485
703,0.0023844138883069065,3.755386,11.2831,2242
704,4.2540836544280225e-06,0.8458732,1.3041371,4
705,0.005540943959892499,1.4496998,8.683387,5210
706,0.02018137285660654,1.9076179,8.488912,18976
707,0.00041264611447951817,1.897471,15.602353,388
708,0.0019047659562701472,2.1076508,14.877454,1791
709,0.00458164809581898,2.2613828,6.418279,4308
710,0.0014400073170238855,2.202027,12.108153,1354
711,0.0021355499945228673,3.1920855,11.599706,2008
712,0.005296334149762888,1.5166143,5.924375,4980
713,4.360435745788723e-05,2.115655,7.3294606,41
714,0.0019334810209375361,1.9913031,7.9013557,1818
715,0.0030076371436806118,3.3187928,11.064372,2828
716,2.233393918574712e-05,0.8188405,1.487422,21
717,0.0019260363745422873,4.2466006,12.063555,1811
718,0.08239521926078916,1.2586237,11.376445,77474
719,0.0017377931728338471,3.8852475,13.000274,1634
720,0.002088755074324159,2.0344913,10.142495,1964
721,0.002815139858317744,4.3803988,11.042656,2647
722,0.0002977858558099616,2.01158,8.941402,280
723,0.014856323642176261,1.2695066,5.664143,13969
724,0.023737786791708366,2.1231215,9.792769,22320
725,0.0002467368519568253,1.3407518,10.283273,232
726,0.000551967354162036,2.308154,9.711862,519
727,0.00017867151348597695,2.1940277,6.59345,168
728,0.008228461308577403,1.5500515,7.7969384,7737
729,4.573139928510124e-05,4.0298605,10.291858,43
730,0.0020600400096567697,4.1408257,11.015412,1937
731,0.002816203379231351,3.8252358,11.427918,2648
732,0.0029055391359743394,2.8463645,10.7774935,2732
733,4.466787837149424e-05,0.58264256,0.94959426,42
734,0.0018377641387129057,1.7725327,5.854693,1728
735,0.0028576806948620243,1.9315994,7.550419,2687
736,0.0004913466620864366,1.9201843,8.673857,462
737,0.000756163369574581,1.404931,7.8156257,711
738,0.001520834906458018,2.7877178,10.551534,1430
739,0.005158076430993978,1.3068397,4.322413,4850
740,0.0014357532333694576,1.3023133,4.980859,1350
741,0.000190370243535654,2.3432894,11.483345,179
742,0.0019164646863198242,1.2314142,6.1431894,1802
743,0.0014378802751966715,2.9769335,12.580717,1352
744,0.00017441742983154891,2.5433903,17.142748,164
745,0.00023610164282075524,2.1966462,9.500677,222
746,0.0013591797275897533,2.265433,16.733389,1278
747,0.0037425300949830527,4.7425075,13.516974,3519
748,0.01514453780976376,1.2033256,5.292929,14240
749,0.014296911641618977,1.4024493,5.6764364,13443
750,0.0025588313181384554,1.6311517,9.017758,2406
751,0.002279125317859813,2.3557062,8.835792,2143
752,0.001998355796667564,1.4044374,7.683287,1879
753,0.0025577677972248485,1.3642093,5.109802,2405
754,0.0050591689860285255,1.7866684,6.972376,4757
755,0.00014676588607776678,2.1104965,11.045954,138
756,0.002512036397939747,3.4843583,10.644179,2362
757,5.6366608421171295e-05,2.9283724,12.884562,53
758,0.0020164356521988826,3.0638018,11.244393,1896
759,0.010038573903536525,3.1519816,16.88167,9439
760,0.0025556407553976347,3.11437,10.169357,2403
761,0.003431981988209807,4.132386,9.492652,3227
762,0.0008678330655033166,1.6132385,5.1585245,816
763,0.0029278730751600866,2.0437424,8.28636,2753
764,5.4239566593957285e-05,2.6391165,10.23362,51
765,6.912885938445537e-05,1.357241,4.0000763,65
766,0.00190370243535654,2.014437,13.861046,1790
767,0.00011698730049677062,2.4824314,12.973987,110
768,0.0016644102297949637,2.1360195,9.104181,1565
769,0.0006647005710043785,1.6343243,5.1844573,625
770,2.3397460099354124e-05,7.016435,20.50308,22
771,0.00951532161404188,1.4271255,6.9645014,8947
772,1.0635209136070056e-06,1.7691946,1.7691946,1
773,0.005635597321203523,1.8286008,7.185805,5299
774,0.0021802178728943617,3.3494258,11.315432,2050
775,0.0012400653852657686,2.207733,8.727844,1166
776,0.00048071145295036654,2.0511677,7.1046906,452
777,0.0026885808695985103,3.8404865,11.0727625,2528
778,0.026277474733401893,1.5268352,6.360304,24708
779,0.011553027684512902,1.4587941,5.861116,10863
780,0.00902184791012823,2.9540355,10.550598,8483
781,0.00400628328155759,1.6161555,7.652301,3767
782,0.0035489692887065777,2.5443375,9.555573,3337
783,0.0015484864502118,3.1981018,11.975133,1456
784,0.004935800560050113,1.6079127,7.653657,4641
785,0.0010124719097538693,1.4378858,12.696794,952
786,0.002255727857760459,1.3490727,10.333827,2121
787,0.00014251180242333874,0.96865755,3.3240156,134
788,0.0003031034603779966,2.7505574,12.492213,285
789,0.018829637775412033,1.5921491,8.473428,17705
790,0.003361789607911745,4.7029157,10.213698,3161
791,0.008431593803076341,13.343988,27.220058,7928
792,0.004268972947218521,1.6861438,8.793782,4014
793,0.00017548095074515594,1.7723984,8.238068,165
794,0.00021057714089418712,1.9473506,7.835048,198
795,0.0019494338346416414,2.3872004,11.765964,1833
796,0.002094072678892194,2.1746516,12.688962,1969
797,3.72232319762452e-05,1.0933115,3.1010342,35
798,0.0044986934645576335,1.966776,9.697702,4230
799,0.007456345125298716,2.25164,9.661867,7011
800,0.00014038476059612475,1.768516,9.294503,132
801,4.041379471706622e-05,1.6071051,4.1923547,38
802,0.0007391470349568689,1.4100392,5.091155,695
803,0.001336845788404006,1.3399256,5.4766164,1257
804,5.317604568035028e-06,1.34306,1.9501661,5
805,0.0030746389612378534,1.6112121,6.3285604,2891
806,0.0008061488525141102,2.8335004,8.050364,758
807,0.0035064284521622974,4.108163,10.12214,3297
808,0.013281249169124286,1.8035194,9.265857,12488
809,0.00012443194689201967,1.9926841,8.169965,117
810,0.002244029127710782,4.030667,10.646073,2110
811,0.00035202542240391887,2.1790383,7.7291365,331
812,0.0014506425261599557,2.060315,8.374774,1364
813,0.004504011069125669,2.544144,10.619374,4235
814,0.0020174991731124895,3.8451788,11.942761,1897
815,0.001701633461771209,3.1764944,10.996412,1600
816,0.00048602905751840157,1.9487165,11.091287,457
817,2.446098101296113e-05,0.8023461,1.6991462,23
818,0.00031692923225488766,2.0455122,10.176855,298
819,0.0010837278109655387,3.284824,9.534952,1019
820,0.00015421053247301582,0.93478763,3.0576537,145
821,0.0018526534315034039,3.1757653,9.700287,1742
822,0.0027672814172054285,4.5112104,14.854718,2602
823,0.0021398040781772953,2.0434954,12.009082,2012
824,0.0004551869510237984,2.3850603,10.687889,428
825,0.0007136225330303008,3.7478404,11.755979,671
826,0.002088755074324159,1.4195621,6.0481973,1964
827,0.0025747841318425604,2.3997536,7.3112774,2421
828,0.002256791378674066,2.5953174,10.367455,2122
829,0.00917393140077403,1.3507705,5.551288,8626
830,0.0021674556219310774,4.949205,12.616648,2038
831,0.0031012269840780286,2.4687474,7.98214,2916
832,0.02045044364774911,4.554713,11.610073,19229
833,0.000186116159881226,1.7530625,9.359346,175
834,0.0010592668299525777,1.8705004,8.282282,996
835,0.002018562694026097,2.2621934,6.71383,1898
836,0.005068740674250989,1.8242285,8.017883,4766
837,0.001352798602108111,3.4159255,11.196828,1272
838,0.0014506425261599557,3.826706,11.128157,1364
839,0.002527989211643852,3.1274981,11.056739,2377
840,0.0027396298734516464,2.0142043,8.608572,2576
841,0.006145023838821278,2.1313183,9.067402,5778
842,0.0018122396367863376,1.960737,9.03309,1704
843,0.00042221780270198123,2.8428652,15.220122,397
844,0.0005562214378164639,1.6461841,8.967459,523
845,0.00010422504953348655,0.91743237,4.2732124,98
846,0.0008433720844903555,1.5950875,5.4794464,793
847,0.0035160001403847607,3.4044216,10.124901,3306
848,0.00014570236516415978,1.5640132,9.210073,137
849,0.0018207478040951936,1.6471884,7.691799,1712
850,0.011103158338057138,7.2147927,18.639116,10440
851,0.0027343122688836116,1.7452414,9.655615,2571
852,0.0006125880462376352,2.0307226,16.516508,576
853,7.231942212527638e-05,0.81976056,2.0913746,68
854,0.0005072994757905416,1.9733466,10.204453,477
855,0.00011805082141037762,2.3817759,14.9783535,111
856,0.016800439872249866,1.8433619,7.928354,15797
857,0.0019898476293587074,2.4542818,12.306869,1871
858,0.002289760526995883,3.3497055,12.274497,2153
859,0.0044125482705554666,2.619714,10.254466,4149
860,0.0034511253646547333,3.6580796,14.943827,3245
861,0.0011900799023262393,1.7290027,7.882474,1119
862,0.0006083339625832072,2.2279725,6.9875755,572
863,3.084210649460316e-05,0.93343526,1.9800246,29
864,0.0015527405338662283,3.2180972,9.326117,1460
865,0.00020206897358533108,1.2691752,3.328836,190
866,0.0020121815685444546,1.7521281,12.004381,1892
867,0.00017867151348597695,2.4770236,9.437671,168
868,0.007545680882041705,6.9458094,18.324503,7095
869,0.001524025469198839,4.4435134,12.93267,1433
870,0.0002052595363261521,2.7080786,12.554195,193
871,0.006973506630521136,1.9318556,8.70262,6557
872,8.401815217495345e-05,1.9112736,7.034912,79
873,0.0023323013635401634,2.812925,16.65239,2193
874,0.010507586626437216,1.381278,6.3069468,9880
875,0.003625542794486282,3.0648181,8.964248,3409
876,0.0007178766166847288,3.3842273,11.010994,675
877,0.00029246825124192656,1.4867183,7.465634,275
878,1.1698730049677062e-05,0.98650676,1.4846203,11
879,0.0017601271120195943,3.0514812,10.285722,1655
880,0.0006370490272505964,1.9474635,7.5074644,599
881,0.00019781488993090305,1.1288344,4.2118816,186
882,0.000551967354162036,1.5838795,5.4975743,519
883,0.0008837858792074217,2.1089182,14.891403,831
884,0.0015506134920390143,1.4864706,5.7511177,1458
885,0.0015591216593478703,1.7710502,11.686159,1466
886,0.0003637241524535959,2.366389,9.1711235,342
887,0.0014527695679871697,3.3162308,10.390867,1366
888,0.015463594083845861,2.1829524,10.8736105,14540
889,0.003243738786501367,2.6047366,7.3109555,3050
890,0.0008518802517992115,1.4864998,5.6043177,801
891,0.002835346755676277,4.0398016,10.598356,2666
892,0.00015740109521383683,2.1410842,8.763227,148
893,8.720871491577446e-05,1.1939163,3.916844,82
894,0.0019653866483457464,3.0746872,10.607996,1848
895,0.00010103448679266554,0.8212943,2.0343587,95
896,0.00017441742983154891,2.0673027,8.923098,164
897,0.00366170250554892,2.464742,9.754054,3443
898,0.002840664360244312,4.2546225,19.399057,2671
899,0.0004488058255421564,1.1825593,6.183212,422
900,0.0012719710126739788,1.059834,2.8562658,1196
901,0.003212896680006764,1.3617396,8.662533,3021
902,0.003606399418041356,6.2377048,12.622927,3391
903,0.0012294301761296986,1.9880759,8.119548,1156
904,0.004384896726801684,1.4577276,6.673663,4123
905,0.003641495608190387,5.1775656,13.667152,3424
906,0.03819635361219561,0.79495484,2.5274725,35915
907,0.042565297525293186,1.9066333,7.891636,40023
908,0.0010752196436566827,2.248818,8.1641445,1011
909,0.002030261424075774,2.443911,6.8815966,1909
910,0.0017909692185141975,1.9908477,7.863203,1684
911,0.00744783695798986,1.1275512,3.7489016,7003
912,0.0014485154843327417,2.5009873,13.482771,1362
913,0.0019877205875314936,2.5956898,8.383132,1869
914,0.0007168130957711218,2.5595732,10.745483,674
915,0.00011060617501512859,1.7748903,10.219025,104
916,0.0001520834906458018,2.1690786,12.97533,143
917,0.007523346942855958,1.6019584,6.93063,7074
918,0.0009146279857020249,2.0263226,10.081684,860
919,0.001898384830788505,1.7157888,9.341901,1785
920,0.006656577398266248,2.15793,11.026659,6259
921,0.0007997677270324682,3.1785316,11.089077,752
922,0.0023620799491211597,3.6069098,19.727753,2221
923,0.015789031483409606,1.4477803,7.4120746,14846
924,0.0016622831879677497,1.717137,15.100692,1563
925,0.002609880321991592,3.6084006,10.102485,2454
926,0.0015378512410757301,1.3178337,5.9128428,1446
927,0.002487575416926786,2.2736526,7.766156,2339
928,0.0020494048005207,1.3100499,6.456751,1927
929,0.0002052595363261521,2.6851199,15.32193,193
930,5.849365024838531e-05,3.2886114,18.11575,55
931,0.0005764283351749971,2.6127622,13.900591,542
932,0.005285698940626818,1.3816007,5.1648006,4970
933,0.006352410416974644,2.9974926,12.067059,5973
934,2.6588022840175142e-05,1.841485,7.103535,25
935,0.004678428498957218,2.2640784,8.320587,4399
936,7.125590121166937e-05,1.8621863,8.459699,67
937,0.0053165410471214215,1.5756539,10.207725,4999
938,0.0023216661544040933,2.5688856,10.095041,2183
939,0.0021834084356351824,2.859123,8.470228,2053
940,0.019294396414658296,1.0723809,3.2591374,18142
941,0.002986366725408472,2.6209328,8.01968,2808
942,0.002246156169537996,1.2755779,6.4432597,2112
943,0.0021483122454861513,1.3092846,4.478563,2020
944,0.00011698730049677062,1.403808,5.5609627,110
945,0.0001297495514600547,4.3611274,17.974604,122
946,0.0014857387163089869,3.224333,9.901791,1397
947,0.0060152742873612235,2.0007143,9.894558,5656
948,7.231942212527638e-05,3.1461942,12.429864,68
949,5.3176045680350284e-05,1.8115956,5.530593,50
950,0.00044348822097412135,1.2189795,5.34689,417
951,0.003361789607911745,1.2828426,6.81263,3161
952,0.005186791495661367,1.2705947,10.70711,4877
953,0.0107936737521975,1.9610933,5.3881955,10149
954,0.0004477423046285494,1.4322336,6.1819715,421
955,0.0012857967845508699,1.8208834,7.9675803,1209
956,0.00016909982526351389,3.999348,13.552093,159
957,0.00010528857044709356,2.4706538,10.800548,99
958,3.935027380345921e-05,0.80252784,1.6731539,37
959,0.0005041089130497206,2.5106804,8.099696,474
960,0.007934929536421869,1.9642557,7.3641725,7461
961,0.0014644682980368467,1.9351918,16.763597,1377
962,0.0027204864970067203,1.640029,5.8370543,2558
963,0.0024141924738879028,2.995613,10.93107,2270
964,0.0012560181989698736,1.673808,7.749638,1181
965,0.0020355790286438087,4.246598,17.524628,1914
966,6.274773390281333e-05,1.2633796,6.585588,59
967,0.00043604357457887233,2.0503953,9.8383,410
968,0.00012549546780562666,2.0218253,11.160869,118
969,0.0002637531865745374,0.9021126,3.238732,248
970,0.0005498403123348219,2.7409818,15.079126,517
971,0.0035085554939895116,3.8269157,13.537008,3299
972,0.00015740109521383683,2.6646342,15.526051,148
973,0.001524025469198839,1.8874418,8.463321,1433
974,4.7858441112315255e-05,2.7336051,9.625009,45
975,9.67804031382375e-05,0.931802,3.599968,91
976,0.001887749621652435,2.8647125,11.823175,1775
977,0.001699506419943995,3.788475,10.854857,1598
978,7.444646395249039e-06,1.047267,1.7499535,7
979,0.00017441742983154891,2.1019611,10.32399,164
980,0.001295368472773333,3.1873436,9.915387,1218
981,7.870054760691842e-05,1.2746587,3.567203,74
982,0.002701343120561794,5.6266418,11.370509,2540
983,0.0018154301995271585,2.6027765,11.337994,1707
984,4.679492019870825e-05,1.0019008,3.2214966,44
985,0.0005221887685810398,1.5716437,7.037959,491
986,0.02133529304787014,2.171539,8.420833,20061
987,0.0015591216593478703,2.1173222,13.048734,1466
988,0.00633645760327054,1.510946,6.0976768,5958
989,0.002864061820343666,2.5690877,15.290472,2693
990,0.014306483329841439,1.8880569,7.863061,13452
991,0.003843564581775718,2.1813223,6.425282,3614
992,0.0025673394854473118,1.8109728,10.2730255,2414
993,0.00048071145295036654,1.7433453,8.271713,452
994,0.0024024937438382257,3.3430183,9.64442,2259
995,7.125590121166937e-05,1.2771473,3.2815247,67
996,0.0030990999422508144,2.1754324,9.049938,2914
997,0.0010677749972614337,1.5242629,7.540995,1004
998,6.381125481642034e-05,3.1024063,19.146187,60
999,0.0003009764185507826,1.6541291,8.100661,283
1000,0.0001510199697321948,1.0501527,8.832483,142
1001,0.0063704902725059635,1.6313806,5.5983334,5990
1002,0.00024886389378403934,1.7778102,14.927442,234
1003,0.002266363066896529,1.8465394,11.244297,2131
1004,0.0697722895371876,4.671878,20.196642,65605
1005,0.004058395806324333,1.4935933,7.2074475,3816
1006,0.0021876625192896104,4.9815493,11.948902,2057
1007,0.006600210789845077,2.2224283,7.956385,6206
1008,0.00018505263896761897,1.4156338,6.256814,174
1009,5.6366608421171295e-05,0.97802955,2.1211307,53
1010,0.00022227587094386417,2.2178485,7.3395486,209
1011,0.005247412187736966,1.5158962,6.093516,4934
1012,0.0016282505187323257,1.6668386,5.8186193,1531
1013,0.00038393104981212904,1.8055301,8.717566,361
1014,0.0015495499711254072,2.977546,9.695778,1457
1015,0.004014791448866446,1.1466243,4.0001683,3775
1016,0.003419219737246523,2.006499,8.356453,3215
1017,0.0009986461378769782,2.655665,10.802697,939
1018,0.000756163369574581,1.9690471,13.254899,711
1019,0.0059663523253353015,1.4916275,7.0163264,5610
1020,0.00928028349213473,2.0072365,7.806114,8726
1021,3.296914832181717e-05,0.8515637,2.2393868,31
1022,0.0006210962135464913,1.6867837,12.571951,584
1023,0.003463887615618017,7.657218,15.612788,3257
1024,0.000189306722622047,2.5480561,9.760811,178
1025,0.002090882116151373,4.453225,14.526629,1966
1026,0.0006615100082635575,1.4535604,5.879597,622
1027,0.004023299616175302,2.7121046,8.40009,3783
1028,0.0027385663525380396,1.4926275,6.134914,2575
1029,0.00010954265410152158,1.8361964,5.7496595,103
1030,1.701633461771209e-05,1.1930548,2.5201166,16
1031,0.0037467841786374806,5.336294,11.618991,3523
1032,0.001695252336289567,5.504913,13.303798,1594
1033,0.002215314063043393,1.8522818,8.070855,2083
1034,0.0023248567171449143,2.3799415,9.732191,2186
1035,0.002083437469756124,2.5122423,8.711795,1959
1036,0.00014357532333694577,2.6866224,11.924857,135
1037,0.0015782650357927964,1.5369958,8.497148,1484
1038,0.0025620218808792765,2.9033334,13.2002535,2409
1039,0.001888813142566042,2.0743246,7.2106485,1776
1040,0.0023652705118619804,2.3723707,9.875224,2224
1041,1.8079855531319095e-05,1.9478539,6.2533417,17
1042,0.00025099093561125333,1.0265546,3.1667824,236
1043,9.039927765659548e-05,2.736183,10.264058,85
1044,0.004147731563067322,5.402664,13.26467,3900
1045,9.57168822246305e-06,1.3256962,1.8190389,9
1046,0.017461949880513427,1.5719496,7.128808,16419
1047,8.401815217495345e-05,0.79749984,1.7590536,79
1048,0.0008593248981944605,1.5404452,7.0633597,808
1049,0.000189306722622047,2.2745585,9.724466,178
1050,0.003226722451883655,2.794463,10.500595,3034
1051,0.009467463172929564,4.6750617,12.405017,8902
1052,0.0014049111268748544,1.5422767,5.7086263,1321
1053,0.005109154468968055,1.9517891,9.714527,4804
1054,4.9985482939529265e-05,2.1332505,9.548039,47
1055,0.0042562106962552365,1.1572466,5.2111635,4002
1056,0.0020004828384947776,1.626477,11.649707,1881
1057,0.0012602722826243016,2.453018,13.44556,1185
1058,0.0038222941635035783,4.096576,12.4072,3594
1059,0.0014272450660606016,2.8904157,8.641342,1342
1060,0.00012549546780562666,2.5316439,13.9086895,118
1061,0.00045093286736937036,1.5599737,8.097369,424
1062,0.003930773296691493,2.372332,11.240684,3696
1063,0.009029292556523478,22.9775,40.819485,8490
1064,0.011785938764592836,1.9114919,7.2903085,11082
1065,0.0027779166263414987,2.0517852,12.379992,2612
1066,0.0007380835140432619,1.7502052,7.3113627,694
1067,0.006483223489348306,1.349133,6.650431,6096
1068,9.146279857020248e-05,1.3396504,5.4265885,86
1069,0.0004179637190475532,2.2421987,15.116481,393
1070,0.0009050562974795618,1.8163134,8.706282,851
1071,0.010365074824013876,1.6850184,7.507782,9746
1072,0.0027779166263414987,2.9977732,8.916335,2612
1073,0.0044497715025317115,2.9423318,9.785245,4184
1074,0.001510199697321948,1.5407234,7.712352,1420
1075,0.0016761089598446408,1.7441983,7.415958,1576
1076,4.892196202592226e-05,1.9999613,4.626941,46
1077,0.00014676588607776678,1.1659327,7.32353,138
1078,0.0016548385415725007,1.1370126,5.1402073,1556
1079,0.00017335390891794192,0.86969507,4.257231,163
1080,0.00814018907274802,1.6472323,7.0660944,7654
1081,0.0012017786323759163,2.5128496,9.847357,1130
1082,0.004822003822294163,3.2172008,11.529202,4534
1083,0.003386250588924706,1.500942,7.7558756,3184
1084,0.0020408966332118436,2.2921832,15.185434,1919
1085,0.0005870635443110671,2.153767,13.340735,552
1086,0.003956297798618061,4.5658507,13.174485,3720
1087,0.0008231651871318224,1.4194803,8.86573,774
1088,0.010215118375195288,1.3311232,5.863642,9605
1089,0.0012102867996847725,1.2470549,4.3250422,1138
1090,0.008749586556244835,2.1048503,9.42062,8227
1091,0.004346609973911832,5.224811,15.264854,4087
1092,0.0012538911571426596,2.4376707,15.055856,1179
1093,0.0003254373995637437,1.9883395,6.972924,306
1094,0.0036436226500176014,1.920825,8.120099,3426
1095,0.002599245112855522,3.6373096,13.357122,2444
1096,0.004364689829443151,1.6928376,7.2751594,4104
1097,0.00019249728536286802,1.4243952,10.424387,181
1098,0.002066421135138412,1.8039161,7.644307,1943
1099,0.0001488929279049808,2.727167,9.703345,140
1100,0.000743401118611297,2.152954,18.273022,699
1101,0.000187179680794833,1.8889574,11.63127,176
1102,0.00027332487479700044,1.0947796,5.7698784,257
1103,0.0003211833159093157,1.8948189,10.268112,302
1104,0.0017473648610563102,2.5842338,12.779101,1643
1105,0.0005551579169028569,2.8098335,15.039478,522
1106,0.00027226135388339344,2.2072856,17.139338,256
1107,7.763702669331141e-05,0.7091062,1.8475932,73
1108,0.000381804007984915,1.7415013,7.7228546,359
1109,0.002463114435913825,1.7677215,7.0075912,2316
1110,0.0019685772110865675,3.6590688,11.169884,1851
1111,0.006915012980272751,2.2119775,11.224341,6502
1112,0.002854490132121203,5.9951706,14.277898,2684
1113,0.00019781488993090305,1.6403579,7.248237,186
1114,0.004923038309086829,3.8446054,11.81806,4629
1115,0.001299622556427761,1.8525095,10.634413,1222
1116,0.00033819965052702777,1.2209183,10.583696,318
1117,0.001498500967272271,1.6887608,7.1462812,1409
1118,0.0001531470115594088,2.6559472,12.767428,144
1119,0.001881368496170793,3.1976843,10.658733,1769
1120,0.0013825771876891074,2.1342115,8.098182,1300
1121,0.0005264428522354678,2.3991997,10.364837,495
1122,6.912885938445537e-05,3.5516193,11.627957,65
1123,0.003014018269162254,3.7933998,21.009212,2834
1124,0.0017803340093781274,1.4322616,6.75038,1674
1125,0.016534559643848118,2.014107,7.5847645,15547
1126,0.00013719419785530372,2.3499207,11.985288,129
1127,0.004850718886961552,1.7529145,6.8320284,4561
1128,0.0009273902366653089,1.8917576,14.953845,872
1129,0.009734406922244922,1.8718002,4.678587,9153
1130,0.0016420762906092167,2.8392074,9.98639,1544
1131,0.026518893980790686,1.9532112,8.130914,24935
1132,0.0018260654086632287,3.0374079,9.352204,1717
1133,0.007522283421942351,0.9869792,4.182593,7073
1134,2.446098101296113e-05,1.0669824,4.3945537,23
1135,0.00019887841084451004,1.8294374,15.161791,187
1136,4.9985482939529265e-05,1.0984864,3.1799052,47
1137,0.0023950490974429767,2.8468816,9.557599,2252
1138,0.00018824320170843998,2.8883882,12.495283,177
1139,0.003645749691844815,1.6701239,10.6698475,3428
1140,0.002452479226777755,2.6086988,7.1471334,2306
1141,0.001486802237222594,2.561501,8.227687,1398
1142,0.0005285698940626817,3.1487343,13.512194,497
1143,0.05948059765621261,1.0198857,6.6534853,55928
1144,0.00019462432719008203,1.1535335,4.642419,183
1145,0.003202261470870694,2.316528,12.648415,3011
1146,0.0038222941635035783,2.810464,10.537992,3594
1147,0.0001297495514600547,2.3373652,12.634208,122
1148,0.001502755050926699,3.693589,9.581486,1413
1149,8.827223582938147e-05,2.3454916,9.89612,83
1150,0.00037648640341687997,2.173611,14.754663,354
1151,0.0006593829664363435,2.04694,11.041069,620
1152,0.00032862796230456476,1.9262924,11.614358,309
1153,0.003634050961795138,2.8657987,10.099431,3417
1154,0.0011847622977582042,2.36047,10.281778,1114
1155,0.01115208030008306,1.1535105,4.749261,10486
1156,0.0014474519634191346,1.7497107,5.910082,1361
1157,0.003262882162946293,1.3110805,6.168931,3068
1158,0.0007200036585119428,1.9591273,10.8493595,677
1159,0.009718454108540817,4.0796957,9.952694,9138
1160,0.001507009134581127,2.2667174,6.5386014,1417
1161,0.00010528857044709356,2.3390927,7.21222,99
1162,0.002456733310432183,4.801193,13.507549,2310
1163,0.00011805082141037762,1.7059904,7.1580486,111
1164,0.002487575416926786,1.2512412,4.055744,2339
1165,0.0023057133406999882,2.7406888,9.297389,2168
1166,0.0014878657581362008,1.2043414,4.2480206,1399
1167,7.763702669331141e-05,3.1577902,13.15864,73
1168,0.001498500967272271,1.6103631,7.837305,1409
1169,0.002228076314006677,3.8794234,10.303832,2095
1170,0.005985495701780228,1.0910472,4.2266684,5628
1171,0.002101517325287443,2.7422326,14.036863,1976
1172,0.000190370243535654,1.8241471,8.920004,179
1173,0.0021493757663997586,2.8155613,12.335876,2021
1174,0.0012528276362290527,1.7629609,16.23763,1178
1175,0.0004711397647279035,2.161278,9.829707,443
1176,0.0025747841318425604,5.5823607,14.413963,2421
1177,0.0037159420721428775,4.249944,12.820958,3494
1178,0.03894294529354773,0.9942094,5.751958,36617
1179,0.01634206235848525,9.704322,27.384813,15366
1180,0.0016356951651275748,3.4490845,10.401093,1538
1181,0.0021525663291405792,2.6881397,9.377179,2024
1182,0.010198102040577577,1.3712947,5.9432263,9589
1183,0.00024992741469764633,1.9509175,7.2156696,235
1184,0.0010284247234579745,1.7720557,7.998687,967
1185,0.0011741270886221342,4.0729685,13.204859,1104
1186,0.0015867732031016523,2.984798,12.016585,1492
1187,0.00023503812190714824,2.6247802,17.858881,221
1188,0.00048283849477758053,1.9967704,12.32196,454
1189,0.04718416885308841,1.6738818,8.283724,44366
1190,0.001880304975257186,1.721593,6.201415,1768
1191,0.00038499457072573603,1.1461992,4.2113285,362
1192,0.0023376189681081983,1.6575125,9.515217,2198
1193,0.0005009183503088997,1.945236,13.81889,471
1194,0.0029066026568879463,3.1720726,12.085285,2733
1195,0.0019930381920995285,1.5260949,7.1954994,1874
1196,0.0006934156356717677,1.3905339,8.166333,652
1197,0.0009093103811339898,1.7187052,7.3317986,855
1198,0.0021312959108684393,3.504602,10.523775,2004
1199,0.019616643251481217,2.2203672,7.8774996,18445
1200,0.0004158366772203392,1.6957555,8.607435,391
1201,7.125590121166937e-05,1.3215206,5.1987953,67
1202,0.001127332168423426,1.589852,8.699314,1060
1203,0.0019462432719008203,3.27777,11.480724,1830
1204,0.00866982248772431,3.634341,14.195847,8152
1205,0.0022206316676114278,1.5444264,3.4001958,2088
1206,0.01689190267082007,1.8855612,9.308875,15883
1207,0.003069321356669818,4.0120726,10.417337,2886
1208,0.00011911434232398463,2.6779568,10.026732,112
1209,0.0013878947922571422,1.6950527,9.074644,1305
1210,0.00018292559714040495,1.1139946,4.647325,172
1211,0.0006179056508056703,2.141646,12.605422,581
1212,0.0031703558434624836,1.4182527,7.4192257,2981
1213,0.003386250588924706,2.3598976,6.2553716,3184
1214,0.00018079855531319097,2.0640192,8.324946,170
1215,0.002450352184950541,2.8117986,11.393423,2304
1216,0.000563666084211713,1.9264417,11.650956,530
1217,0.020331329305425125,1.020595,7.015194,19117
1218,0.0021525663291405792,3.9134185,12.089295,2024
1219,0.0006870345101901256,1.823718,9.038727,646
1220,0.001919655249060645,3.1441863,12.930193,1805
1221,0.00014463884425055276,2.6547198,17.46651,136
1222,0.0004519963882829774,1.0702608,4.0794034,425
1223,0.0014166098569245314,3.0711114,9.713035,1332
1224,0.0005923811488791021,1.6914809,7.1124954,557
1225,0.0017388566937474542,4.2346935,14.475836,1635
1226,0.0025673394854473118,4.2534375,9.690113,2414
1227,0.004950689852840611,3.5081003,10.822574,4655
1228,0.019735757593805203,2.708803,13.019674,18557
1229,0.0005466497495940009,2.2847855,8.391882,514
1230,5.7430129334778304e-05,3.4252446,18.192383,54
1231,0.003782943889700119,3.5197163,10.1314335,3557
1232,0.0014665953398640607,1.3389555,5.210699,1379
1233,0.0002616261447473234,1.1676086,10.387698,246
1234,0.021396977260859346,1.7628937,7.0755095,20119
1235,0.0026045627174235567,2.3577662,13.777002,2449
1236,0.0003403266923542418,1.9558929,10.682174,320
1237,0.0007827513924147561,2.146897,9.580089,736
1238,0.007563760737573024,1.3899697,5.7204285,7112
1239,0.00046688568107347545,1.9779522,10.595479,439
1240,0.0014112922523564966,3.4789064,14.043565,1327
1241,0.006420475755445493,2.1417482,10.493353,6037
1242,0.0035479057677929708,5.640656,15.888561,3336
1243,2.8715064667389152e-05,1.3821211,4.872131,27
1244,0.002203615332993716,1.5606362,7.071739,2072
1245,0.0025598948390520627,3.6493003,14.9483,2407
1246,0.009093103811339898,24.303778,43.120895,8550
1247,0.0008752777118985656,1.720922,10.607142,823
1248,3.509619014903119e-05,1.5428244,3.0491292,33
1249,0.00010635209136070057,2.493489,17.13959,100
1250,0.0065555429114735825,2.0006614,9.923731,6164
1251,0.00010847913318791457,2.27874,12.232587,102
1252,0.0023461271354170542,2.7715607,11.712797,2206
1253,0.004615680765054404,4.435261,12.034373,4340
1254,0.0031363231742270598,4.424986,10.939379,2949
1255,0.001151793149436387,1.7118742,13.166497,1083
1256,2.9778585580996157e-05,1.5077083,3.235123,28
1257,0.00190370243535654,2.686348,11.481792,1790
1258,0.00038499457072573603,1.3481671,13.648284,362
1259,0.0018494628687625828,2.8166735,10.076248,1739
1260,0.0020238802985941317,1.7034189,6.038501,1903
1261,0.001333655225663185,3.8555636,11.335615,1254
1262,0.0023950490974429767,1.5588186,8.080059,2252
1263,0.00048709257843200857,1.7861665,7.6743712,458
1264,0.0016261234769051117,3.2947125,9.340946,1529
1265,0.00226955362963735,3.9690075,11.610536,2134
1266,0.0023174120707496653,1.2766935,4.9340534,2179
1267,9.46533613110235e-05,2.362592,11.726513,89
1268,0.0003445807760086698,0.8549198,2.200032,324
1269,0.0013634338112441813,3.2593985,10.323691,1282
1270,8.189111034773943e-05,1.7888513,9.106137,77
1271,0.004268972947218521,2.8683703,9.214301,4014
1272,0.02514269791858322,2.5297298,9.000823,23641
1273,0.003581938437028395,2.179053,8.2994795,3368
1274,0.0030714483984970323,1.6746811,8.440387,2888
1275,0.0006040798789287792,2.001201,13.304068,568
1276,0.000566856646952534,2.2161732,13.366723,533
1277,0.00016590926252269287,2.571465,11.321062,156
1278,0.001324083537440722,2.0907888,10.164113,1245
1279,0.0031118621932140983,4.6618786,12.385547,2926
1280,0.0016048530586329716,2.2472,6.5915527,1509
1281,7.231942212527638e-05,0.87994164,2.3644454,68
1282,0.002462050915000218,3.0154672,10.398559,2315
1283,0.0017633176747604154,3.2255085,9.662109,1658
1284,0.0014410708379374926,2.9429853,10.931581,1355
1285,0.0011890163814126324,3.386033,9.605675,1118
1286,0.0023227296753177,1.822652,7.655676,2184
1287,0.002264236025069315,3.3121738,15.172782,2129
1288,8.827223582938147e-05,2.1784523,10.6413145,83
1289,0.005174029244698082,1.6935898,7.92502,4865
1290,1.2762250963284067e-05,1.4691819,2.2598798,12
1291,0.0034266643836417723,2.3820248,10.783915,3222
1292,0.007294689946430451,1.5602834,8.529807,6859
1293,0.008414577468458629,1.4864178,7.551301,7912
1294,0.0018005409067366606,2.4299529,11.124212,1693
1295,0.002246156169537996,3.1790364,12.580398,2112
1296,0.0011081887919785,1.9919314,10.382485,1042
1297,0.0005562214378164639,1.5746636,6.500514,523
1298,0.00022121235003025718,1.8037037,10.039968,208
1299,0.00011805082141037762,2.4320738,9.045226,111
1300,0.00035415246423113286,1.7939892,14.627709,333
1301,0.000561539042384499,2.639307,14.791001,528
1302,0.00013932123968251773,1.5871964,5.186843,131
1303,0.0012783521381556208,1.6687192,11.902123,1202
1304,0.0016814265644126759,2.8430312,9.191229,1581
1305,0.0038935500647152474,3.126008,9.563618,3661
1306,3.403266923542418e-05,2.3943918,12.413185,32
1307,0.004442326856136463,1.7383443,7.0777698,4177
1308,0.0023354919262809845,3.9906683,16.530882,2196
1309,0.0038584538745662163,5.833236,14.237712,3628
1310,0.00167291839710382,3.5332093,10.151813,1573
1311,5.2112524766743275e-05,0.9266139,2.2340126,49
1312,0.0018207478040951936,3.7430031,11.6820545,1712
1313,0.00029459529306914055,1.8749664,7.362551,277
1314,0.0025737206109289535,2.07919,8.56445,2420
1315,0.002069611697879233,3.1825907,10.455706,1946
1316,0.020826930051165992,1.6809063,5.998559,19583
1317,0.0038829148555791777,2.949101,12.254502,3651
1318,2.8715064667389152e-05,1.0441104,1.8240085,27
1319,0.0010284247234579745,1.3697286,6.814958,967
1320,0.009244123781072092,27.63655,50.56069,8692
1321,0.018926418178550272,1.6471531,9.548031,17796
1322,0.0001308130723736617,2.3233595,10.714312,123
1323,0.0002605626238337164,1.2827226,4.6115637,245
1324,0.003752101783205516,2.5944538,9.201174,3528
1325,0.0015059456136675199,2.849746,9.128981,1416
1326,0.0026120073638188058,3.625058,10.494597,2456
1327,0.0004349800536652653,0.945737,2.0396276,409
1328,0.009833314367210374,1.6679744,8.780104,9246
1329,0.0001510199697321948,2.0764437,8.959694,142
1330,0.0003977568216890201,1.8205621,9.874496,374
1331,1.4889292790498078e-05,0.849552,1.8580132,14
1332,0.018931735783118308,3.300659,13.731963,17801
1333,0.0023673975536891946,2.792165,9.285894,2226
1334,0.00014782940699137377,2.044403,15.695489,139
1335,0.0016176153095962555,1.8271452,7.747522,1521
1336,0.0004892196202592226,2.8471754,11.6683,460
1337,0.0013740690203802512,3.4542916,10.132092,1292
1338,0.0033628531288253517,2.2357924,9.62039,3162
1339,0.040480796534623456,2.7637525,7.9893312,38063
1340,0.0005604755214708919,2.049805,11.142988,527
1341,0.00011805082141037762,1.8803841,7.4332113,111
1342,0.0032969148321817174,2.7177286,12.457551,3100
1343,0.000378613445244094,1.0896357,4.877074,356
1344,0.0010890454155335738,2.0033464,11.995193,1024
1345,0.00014357532333694577,1.5425117,7.718688,135
1346,0.0024152559948015097,3.3053231,14.545667,2271
1347,0.0017505554237971313,2.9216578,8.713881,1646
1348,0.003191626261734624,1.4099395,6.0243616,3001
1349,8.827223582938147e-05,2.4632468,10.763227,83
1350,0.0027821707099959267,1.7968822,6.6173153,2616
1351,0.002633277782090946,3.2615292,10.607793,2476
1352,0.001690998252635139,1.2051162,6.809813,1590
1353,0.0021897895611168246,2.2810087,17.191013,2059
1354,4.573139928510124e-05,1.6864332,5.1440945,43
1355,0.0003562795060583469,1.5616403,12.1355915,335
1356,0.002424827683023973,3.2796905,18.109243,2280
1357,0.02276572867667156,1.2626778,6.28672,21406
1358,0.002437589933987257,2.169205,6.875479,2292
1359,0.0015548675756934423,1.876325,9.325593,1462
1360,0.0027555826871557515,3.9187982,12.896935,2591
1361,0.021550124272418755,2.792175,13.096968,20263
1362,0.006830994828097797,2.5372725,13.283432,6423
1363,0.036847809093741926,2.366933,12.605673,34647
1364,0.00019143376444926102,1.9012424,13.61321,180
1365,0.0006444936736458454,1.05552,6.874608,606
1366,0.0015920908076696874,2.6868749,10.183881,1497
1367,0.007546744402955312,1.7960122,7.639056,7096
1368,0.0005604755214708919,1.6856338,11.197062,527
1369,0.0016484574160908587,2.5399506,8.773678,1550
1370,0.0009241996739244878,2.067968,12.3154,869
1371,0.0021578839337086145,3.4108102,11.406028,2029
1372,0.0013644973321577881,1.661425,8.130892,1283
1373,0.0026992160787345804,4.8568873,13.567608,2538
1374,0.007627571992389445,1.6957395,6.8954506,7172
1375,0.0018398911805401197,2.737865,8.068146,1730
1376,0.0002456733310432183,1.5386126,7.133443,231
1377,0.0012315572179569126,1.9206901,7.9484153,1158
1378,0.0003445807760086698,1.2039069,3.9763198,324
1379,0.002420573599369545,2.3569946,10.23579,2276
1380,0.0039052487947649245,4.0472713,10.71328,3672
1381,0.0012836697427236559,2.0355558,10.3879795,1207
1382,0.0010613938717797917,2.0800102,8.831237,998
1383,7.338294303888339e-05,0.730997,1.6599033,69
1384,0.05359507292031144,2.3839512,9.591199,50394
1385,0.0016367586860411816,1.6267291,8.313614,1539
1386,0.0027821707099959267,2.4422505,12.161482,2616
1387,0.0029693503907907595,1.8448923,7.9607577,2792
1388,0.003989266946939878,5.4317074,15.328263,3751
1389,0.0009284537575789159,3.2437232,9.935472,873
1390,0.004016918490693661,3.5346673,12.003458,3777
1391,0.00187179680794833,4.7504773,14.756241,1760
1392,0.0021153430971643343,3.0509615,9.5699005,1989
1393,0.0004987913084816857,2.102798,10.976652,469
1394,0.0023961126183565835,3.2185397,8.865181,2253
1395,0.0034468712810003053,2.2107549,6.781973,3241
1396,0.0014017205641340335,3.3965428,9.626669,1318
1397,0.0015697568684839402,3.8670967,9.816313,1476
1398,0.00038818513346655707,1.2402922,5.568473,365
1399,0.002018562694026097,1.6558053,5.370593,1898
1400,0.0022493467322788167,3.2020745,10.889515,2115
1401,1.701633461771209e-05,1.9003267,4.6127114,16
1402,0.0007008602820670168,2.684443,8.7768345,659
1403,0.0032607551211190793,3.1491442,9.151477,3066
1404,0.0050793758833870585,3.046371,10.013111,4776
1405,0.001692061773548746,3.0358193,9.880288,1591
1406,0.025326687036637232,2.4175477,8.859859,23814
1407,0.0003041669812916036,3.2113404,20.986412,286
1408,6.062069207559932e-05,1.6568047,5.5254765,57
1409,0.007486123710879713,1.314485,5.053224,7039
1410,0.00036691471519441696,2.1407793,14.17646,345
1411,0.048551856747987024,0.9260782,3.7206945,45652
1412,0.001128395689337033,2.3926115,11.440107,1061
1413,0.0021791543519807544,1.3784069,5.4602165,2049
1414,0.00018079855531319097,1.0815592,3.6411257,170
1415,0.001692061773548746,1.8378954,9.137012,1591
1416,0.00012868603054644768,1.8607823,14.652155,121
1417,0.006431110964581563,3.1118257,17.305143,6047
1418,0.0017867151348597695,1.2369225,5.336941,1680
1419,0.004064776931805975,1.4214368,9.40503,3822
1420,5.4239566593957285e-05,1.5690063,6.9578075,51
1421,0.0018335100550584777,1.729062,8.42781,1724
1422,0.001696315857203174,2.0470486,8.166808,1595
1423,0.0019728312947409955,4.242695,11.115664,1855
1424,0.00010847913318791457,2.1645815,8.186783,102
1425,0.001912210602665396,1.5504657,5.4594507,1798
1426,0.0018058585113046954,3.4089887,11.516568,1698
1427,0.001883495537998007,4.9138966,13.519633,1771
1428,0.002488638937840393,2.9139044,9.860497,2340
1429,0.0032979783530953243,2.40406,10.024516,3101
1430,0.0006136515671512422,3.486952,9.439925,577
1431,0.002433335850332829,3.622665,10.910491,2288
1432,0.006889488478346182,1.2300164,6.8515825,6478
1433,0.00014570236516415978,0.94691324,5.2681704,137
1434,0.005497339602434612,1.5458053,6.939481,5169
1435,0.0018164937204407656,2.6140327,8.107393,1708
1436,0.004793288757626774,2.085101,10.396858,4507
1437,0.0009848203660000872,2.014665,7.8340945,926
1438,0.0004094555517386972,1.9523945,11.141231,385
1439,0.0004094555517386972,1.7834644,10.294603,385
1440,0.0018749873706891509,2.40058,10.253376,1763
1441,0.0025450055462615646,1.5323017,12.907576,2393
1442,0.0014665953398640607,3.8486898,11.434046,1379
1443,0.004917720704518794,1.9223891,8.728225,4624
1444,0.002433335850332829,2.9381397,9.633384,2288
1445,0.0013825771876891074,1.9507563,13.260355,1300
1446,0.0023525082608986964,3.7431295,9.437945,2212
1447,0.001680363043499069,3.1624508,8.914204,1580
1448,7.763702669331141e-05,3.575554,12.208321,73
1449,0.00266731045132637,3.921586,10.688667,2508
1450,0.0009241996739244878,1.8573395,7.047341,869
1451,0.0023525082608986964,2.0059376,7.7902794,2212
1452,0.008379481278309597,2.3260047,8.586012,7879
1453,0.002263172504155708,4.4630136,12.399157,2128
1454,0.0016580291043133218,2.0809402,8.68502,1559
1455,4.9985482939529265e-05,1.0485133,2.6043158,47
1456,0.00016909982526351389,0.87317073,1.581973,159
1457,7.231942212527638e-05,3.0748243,14.864554,68
1458,0.0021238512644731903,2.1734378,8.184103,1997
1459,0.03661383449274838,2.2629676,9.974164,34427
1460,6.806533847084836e-05,1.2385799,4.2762856,64
1461,8.082758943413243e-05,1.0406823,5.7040653,76
1462,0.0008688965864169236,1.4643098,9.464466,817
1463,0.020900312994204875,1.5656168,6.560221,19652
1464,0.000773179704192293,2.3470764,8.48334,727
1465,0.000379676966157701,1.4846976,9.963659,357
1466,0.0016303775605595397,1.6608553,8.742864,1533
1467,0.0055877388800912075,2.1942534,8.408949,5254
1468,0.0014570236516415977,1.8348247,10.140369,1370
1469,0.00017654447165876293,1.0655363,3.2107518,166
1470,0.00040626498899787615,2.0349472,13.316495,382
1471,7.55099848660974e-05,2.2933958,12.948816,71
1472,9.890744496545152e-05,1.4980676,5.6586027,93
1473,0.0011762541304493482,1.8389686,12.894736,1106
1474,0.001518707864630804,3.855633,9.815161,1428
1475,0.0017909692185141975,1.3746141,5.55321,1684
1476,0.02051531842347914,1.1688563,5.0862265,19290
1477,0.011222272680381123,1.6408083,7.569822,10552
1478,0.005644105488512379,1.4557079,5.44876,5307
1479,0.0020132450894580615,3.5741901,13.035333,1893
1480,0.000193560806276475,1.8425533,10.556087,182
1481,4.679492019870825e-05,0.8278922,2.4411554,44
1482,0.004529535571052237,2.314899,9.520081,4259
1483,0.0017739528838964854,1.7343651,8.064744,1668
1484,0.0021376770363500815,5.1320744,14.74676,2010
1485,0.00034883485966309783,1.0831926,3.105421,328
1486,0.0023503812190714822,1.9299462,8.049565,2210
1487,0.00014463884425055276,2.1358967,11.424504,136
1488,0.0019962287548403496,3.1691031,8.265713,1877
1489,0.005504784248829861,2.610315,12.53163,5176
1490,0.0014634047771232396,3.030681,10.0951395,1376
1491,0.000746591681352118,1.7557569,8.215134,702
1492,0.0018047949903910886,3.6477563,12.318586,1697
1493,3.82867528898522e-05,3.5075412,16.789713,36
1494,0.02535965618495905,1.7670836,4.5937023,23845
1495,0.00152721603193966,2.000729,11.56437,1436
1496,0.0002244029127710782,2.1920469,9.059507,211
1497,0.00016271869978187186,1.6929082,7.160744,153
1498,0.00031692923225488766,2.6782339,10.437334,298
1499,0.0003935027380345921,2.8974392,13.201945,370
1500,0.0053282397771710985,2.0828776,9.541897,5010
1501,0.00019781488993090305,3.4475715,17.922644,186
1502,0.009897125622026794,1.5944345,8.881489,9306
1503,0.0008252922289590363,1.7874306,14.557575,776
1504,0.007993423186670255,2.472649,8.447182,7516
1505,0.0028534266112075963,2.546386,12.453143,2683
1506,0.0001297495514600547,2.2315629,8.611185,122
1507,0.0036936081329571307,2.7579339,10.299793,3473
1508,0.0009093103811339898,1.1362435,6.530191,855
1509,0.00019249728536286802,2.3333175,14.333077,181
1510,0.0017707623211556643,2.868355,10.546957,1665
1511,2.7651543753782147e-05,1.1350776,3.0632594,26
1512,0.00013825771876891074,2.502507,13.880026,130
1513,0.0027172959342658992,4.1433334,14.85214,2555
1514,0.0038988676692832827,1.5259514,5.757329,3666
1515,0.0016399492487820027,2.133175,12.951657,1542
1516,0.0046348241414993305,2.8420448,11.357688,4358
1517,0.0013581162066761462,1.2406048,6.9318366,1277
1518,0.002655611721276693,3.8273907,9.954094,2497
1519,0.0010114083888402624,1.4659712,6.58984,951
1520,0.00035521598514473985,2.0514696,11.241265,334
1521,0.0006604464873499505,3.4801784,15.343219,621
1522,6.487477573002735e-05,1.8377905,6.928117,61
1523,1.4889292790498078e-05,1.0067887,1.809674,14
1524,0.0013942759177387844,4.366616,12.038912,1311
1525,0.00018186207622679796,1.8276246,6.7096834,171
1526,0.0012347477806977335,2.5597193,8.679164,1161
1527,0.0041434774794128935,1.4989374,6.2013197,3896
1528,2.1270418272140113e-06,2.5780072,3.3541584,2
1529,0.025173540025077823,1.454964,5.813052,23670
1530,0.0017494919028835242,3.439345,10.901496,1645
1531,0.002974667995358795,2.5426362,10.458824,2797
1532,0.0020228167776805248,3.9864485,12.680073,1902
1533,0.0007274483049071918,2.1436112,6.7740116,684
1534,0.0027981235237000317,2.04262,9.089793,2631
1535,0.0009912014914817292,1.4433868,6.2938805,932
1536,0.00012655898871923366,1.1336756,3.6880445,119
1537,0.003021462915557503,5.582067,14.439728,2841
1538,0.0022291398349202837,4.564967,13.330111,2096
1539,0.0007306388676480128,2.684156,13.166111,687
1540,0.0001680363043499069,2.079128,12.59718,158
1541,0.00027013431205617945,1.7576823,13.225049,254
1542,0.0002084500990669731,1.1722622,6.3905187,196
1543,0.0031278150069182034,4.989683,11.837856,2941
1544,0.008885717233186532,1.3674046,6.709637,8355
1545,0.005266555564181892,1.3556775,5.589645,4952
1546,0.0008901670046890637,1.5978473,7.389914,837
1547,0.000580682418829425,1.5323528,14.784229,546
1548,0.0025811652573242026,4.7399087,12.322612,2427
1549,0.0016537750206588938,2.5309336,6.4479394,1555
1550,0.006085466667659286,2.4081118,8.4359045,5722
1551,0.01404379366418051,2.3001328,10.30009,13205
1552,0.0024078113484062606,3.5459776,10.927393,2264
1553,0.0030990999422508144,2.742618,14.140878,2914
1554,0.0025301162534710664,1.9587483,7.136388,2379
1555,0.00040839203082509014,1.9835811,11.03641,384
1556,0.0020600400096567697,3.4107182,9.865957,1937
1557,0.002207869416648144,2.6185448,9.203852,2076
1558,0.00021695826637582914,2.3173642,14.2867,204
1559,0.002046214237779879,4.394972,10.715537,1924
1560,0.018918973532155024,1.4466126,6.449731,17789
1561,0.0014251180242333876,3.272729,9.891246,1340
1562,3.82867528898522e-05,3.391113,11.125502,36
1563,0.00133897283023122,1.8054979,7.9703355,1259
1564,0.0029023485732335183,2.6002328,11.422389,2729
1565,0.04322574401264314,1.3595994,6.140445,40644
1566,0.00031054810677324564,0.7776276,2.7721982,292
1567,0.017154592336481,3.39345,10.179565,16130
1568,0.002690707911425724,3.2308521,10.485066,2530
1569,0.0012634628453651227,3.0177836,9.715168,1188
1570,0.00022014882911665015,2.365463,9.500489,207
1571,0.0024195100784559376,2.6171203,8.747913,2275
1572,0.03689779457668145,2.2437186,7.6741467,34694
1573,0.0018271289295768356,1.4861329,8.278853,1718
1574,0.025464944755406144,1.578427,6.2898197,23944
1575,0.0003637241524535959,2.5464761,11.614608,342
1576,0.0011443485030411382,2.404173,15.618713,1076
1577,0.010465045789892935,1.8372196,7.7071834,9840
1578,0.0005466497495940009,1.2847651,4.040733,514
1579,0.0021642650591902563,3.3012702,9.109047,2035
1580,3.615971106263819e-05,1.1482565,3.7379172,34
1581,0.0006519383200410944,2.1739943,13.202584,613
1582,0.0010624573926933986,1.4485954,7.1202645,999
1583,0.0023535717818123033,2.505542,8.782291,2213
1584,0.0010996806246696437,1.9446582,10.478769,1034
1585,0.0006647005710043785,2.0978155,9.556597,625
1586,1.701633461771209e-05,1.3590189,2.8181064,16
1587,0.0017739528838964854,2.7568278,8.931391,1668
1588,0.0029310636379009077,1.8850936,7.147035,2756
1589,0.000762544495056223,2.0106814,8.789791,717
1590,0.006244994804700337,2.6770957,10.956266,5872
1591,0.0063619821051971075,1.5871753,5.755259,5982
1592,0.001510199697321948,3.3233795,9.914404,1420
1593,0.0016856806480671038,1.2976319,4.363155,1585
1594,0.009411096564508392,2.8520455,7.389328,8849
1595,0.0029002215314063045,3.7126987,11.162478,2727
1596,0.003539397600484115,2.2296154,9.354683,3328
1597,0.012135837145169541,1.1767204,4.886345,11411
1598,0.001154983712177208,2.7767825,7.265303,1086
1599,5.7430129334778304e-05,3.2420368,30.818197,54
1600,0.0006115245253240282,1.6482453,10.038439,575
1601,4.573139928510124e-05,2.7206311,13.642848,43
1602,0.004000965676989555,2.59348,10.440155,3762
1603,0.001898384830788505,3.2659595,8.478587,1785
1604,0.002839600839330705,3.11908,9.982686,2670
1605,0.002657738763103907,3.12062,11.522955,2499
1606,0.0029342542006417283,2.1963956,11.140992,2759
1607,0.0024790672496179302,2.4716084,7.931841,2331
1608,0.0011773176513629553,2.2518735,8.238558,1107
1609,0.0033628531288253517,3.4200287,10.433307,3162
1610,0.0018058585113046954,2.6085236,13.290142,1698
1611,5.4239566593957285e-05,1.2894635,8.168833,51
1612,0.005908922196000524,5.293453,16.181757,5556
1613,0.00890805117237228,2.4612327,10.02393,8376
1614,0.0030671943148426043,1.6791952,7.822302,2884
1615,0.00012443194689201967,2.438594,14.401724,117
1616,0.007647778889747978,1.0983509,3.9917865,7191
1617,0.004479550088112708,2.5566776,10.56293,4212
1618,0.0034926026802854066,1.9293511,7.211013,3284
1619,0.002629023698436518,3.1190617,12.447731,2472
1620,0.003019335873730289,1.827795,7.5688467,2839
1621,0.012986653876055146,1.9714541,9.40847,12211
1622,0.011445612072238594,1.7886713,6.4258947,10762
1623,0.0061078006068450335,1.7821884,9.564262,5743
1624,0.0017590635911059872,1.9931773,9.894967,1654
1625,0.001892003705306863,2.6956449,11.007759,1779
1626,7.125590121166937e-05,4.639623,28.762577,67
1627,0.0010613938717797917,2.0929127,6.147559,998
1628,0.0008912305256026707,2.3376904,10.313588,838
1629,0.001730348526438598,3.665172,10.645007,1627
1630,1.91433764449261e-05,1.3794183,5.0696483,18
1631,0.002594991029201094,3.5118053,12.345189,2440
1632,0.0015718839103111544,1.6186129,7.0110893,1478
1633,0.0014655318189504538,2.1813602,6.6856933,1378
1634,0.0027343122688836116,4.258025,11.254604,2571
1635,0.0017431107774018822,4.5781465,14.22456,1639
1636,0.0020366425495574156,2.6042666,13.253735,1915
1637,0.002054722405088735,2.8458388,8.8272705,1932
1638,0.0001318765932872687,2.0121014,13.21783,124
1639,0.0011773176513629553,2.2886193,12.035241,1107
1640,0.0016527114997452867,2.1972988,9.7389,1554
1641,0.0009699310732095892,1.4922514,8.133911,912
1642,0.002232330397661105,3.487704,9.274952,2099
1643,0.005653677176734842,2.2101614,8.390709,5316
1644,0.0023206026334904864,2.701244,11.478495,2182
1645,7.870054760691842e-05,2.3187106,20.247618,74
1646,0.00012017786323759164,2.1738906,10.852193,113
1647,9.784392405184451e-05,2.0727255,10.760146,92
1648,0.004575266970337338,2.2062914,9.292825,4302
1649,0.004568885844855696,1.784095,8.622529,4296
1650,0.016051721149070535,1.5358168,7.38988,15093
1651,0.0003052305022052106,2.3567476,17.975658,287
1652,0.0014166098569245314,2.9429338,10.175843,1332
1653,0.0006476842363866665,1.4831876,9.072855,609
1654,0.0010901089364471809,3.816966,10.553666,1025
1655,0.01769379743967975,1.4147133,5.0794253,16637
1656,0.0010922359782743949,1.8823714,10.229931,1027
1657,0.000950787696764663,1.9820323,8.985256,894
1658,0.0031118621932140983,1.5779172,7.792346,2926
1659,0.006089720751313714,1.1529281,3.8227746,5726
1660,4.892196202592226e-05,1.1875546,2.8395338,46
1661,0.002714105371525078,2.672193,10.726954,2552
1662,0.002458860352259397,1.9599767,7.067376,2312
1663,4.254083654428023e-05,1.0044756,2.0002065,40
1664,0.0026088168010779847,4.3056045,10.827801,2453
1665,0.0004307259700108373,1.8005717,10.9711275,405
1666,0.009743978610467385,1.7152895,7.149041,9162
1667,0.0027651543753782148,4.1894784,13.434891,2600
1668,0.0015825191194472244,4.0925593,10.228296,1488
1669,0.001690998252635139,1.8230128,7.304669,1590
1670,1.701633461771209e-05,0.6241598,1.1559271,16
1671,0.001714395712734493,4.5559206,11.41272,1612
1672,0.0008614519400216746,1.9123791,15.361383,810
1673,0.0014325626706286367,1.5871464,13.9164915,1347
1674,0.007146860539439078,2.1432295,8.558167,6720
1675,7.125590121166937e-05,0.7257606,1.8233441,67
1676,0.0016761089598446408,2.680325,10.231805,1576
1677,0.0010071543051858344,1.8757011,10.485582,947
1678,0.02479386305892012,1.6978168,6.740735,23313
1679,0.014278831786087657,1.2710168,3.0356467,13426
1680,0.004744366795600852,1.8820401,11.681732,4461
1681,0.0013761960622074652,1.7468518,10.634341,1294
1682,0.0005041089130497206,1.6530166,8.575526,474
1683,0.002244029127710782,5.3014,15.08999,2110
1684,0.004410421228728252,1.9922433,10.250558,4147
1685,0.0033383921478123907,3.2316592,10.590323,3139
1686,0.0006019528371015651,1.5184734,7.799733,566
1687,0.00019462432719008203,2.0239658,14.02782,183
1688,0.00019994193175811706,1.7093245,7.7122765,188
1689,0.001496373925445057,4.1633663,12.307618,1407
1690,0.0009188820693564529,1.4317454,6.4415846,864
1691,0.012003960551882272,1.9417129,8.49724,11287
1692,0.0001499564488185878,1.6976972,7.6523275,141
1693,0.0002275934755118992,2.001951,8.790687,214
1694,0.0034309184672962002,2.7910535,8.902554,3226
1695,0.002883205196788592,2.0152202,10.180781,2711
1696,0.00010635209136070057,1.541268,6.8469505,100
1697,0.00035415246423113286,1.9608382,12.90132,333
1698,7.125590121166937e-05,1.8517691,13.185412,67
1699,0.0019951652339267427,2.553547,8.474793,1876
1700,0.0035160001403847607,1.530308,5.9737134,3306
1701,0.0017112051499936721,2.0216627,7.8734922,1609
1702,0.003592573646164465,3.6814356,11.190053,3378
1703,0.0016878076898943178,1.5759516,5.1460686,1587
1704,0.004037125388052194,3.2902339,12.878873,3796
1705,0.012170933335318572,1.2546302,4.228072,11444
1706,0.0003179927531684947,3.8548775,16.808496,299
1707,0.0028693794249117013,2.4374697,11.304874,2698
1708,0.0018345735759720846,1.760886,10.174076,1725
1709,0.0003009764185507826,1.9552807,10.111998,283
1710,0.0023227296753177,2.619224,7.9776816,2184
1711,0.0031256879650909896,3.1569366,8.742194,2939
1712,0.0006391760690778104,1.484573,5.96332,601
1713,0.002827902109281028,3.3393252,13.246651,2659
1714,0.002058976488743163,3.6348882,9.164687,1936
1715,0.0006976697193261957,1.6330676,7.470492,656
1716,0.0005891905861382811,2.4741948,19.205431,554
1717,0.005972733450816944,2.488036,8.082764,5616
1718,0.013180214682331621,2.2454612,7.7453423,12393
1719,0.0011677459631404923,1.4240092,11.47418,1098
1720,6.912885938445537e-05,3.4300425,20.52015,65
1721,0.0041232705820543605,4.386032,11.824448,3877
1722,0.002234457439488319,2.548979,9.0022135,2101
1723,0.0034989838057670484,1.8369095,5.490349,3290
1724,0.0005551579169028569,1.6747581,11.706407,522
1725,0.0008731506700713516,1.6562873,6.984313,821
1726,0.0007784973087603281,1.3284587,6.898386,732
1727,0.001868606245207509,3.2854586,11.2262745,1757
1728,0.0031565300715855928,4.1634707,10.934038,2968
1729,0.00011273321684234259,0.8388726,3.1123853,106
1730,0.004224305068847026,5.3470526,13.267243,3972
1731,0.0017335390891794191,2.1302245,8.101356,1630
1732,0.002068548176965626,1.9849627,7.994484,1945
1733,0.005795125458244573,2.3451512,9.208845,5449
1734,0.002124914785386797,3.664128,11.010531,1998
1735,0.009851394222741693,2.4804494,10.710003,9263
1736,0.018223430854656043,0.94940245,6.1465144,17135
1737,0.00016909982526351389,2.8365533,13.893762,159
1738,0.0018579710360714387,2.2018752,7.183549,1747
1739,7.976406852052543e-05,2.3358068,17.309275,75
1740,0.0002095136199805801,2.0431023,15.322063,197
1741,7.65735057797044e-05,2.0807786,9.335551,72
1742,0.00024354628921600428,1.231064,6.919066,229
1743,0.00114009441938671,1.6224616,9.536782,1072
1744,0.0002626896656609304,1.7601682,12.145168,247
1745,0.003561731539669862,4.0841093,12.887699,3349
1746,0.021219369268286978,1.1616226,4.2391567,19952
1747,0.00013613067694169672,1.0319343,3.4621484,128
1748,0.006762929489626948,1.5020243,7.320082,6359
1749,0.0005987622743607442,2.468654,12.5934725,563
1750,0.002797060002786425,1.6037512,8.703966,2630
1751,9.46533613110235e-05,0.90730536,2.2991767,89
1752,0.0010231071188899394,2.211686,14.36549,962
1753,0.00016271869978187186,2.3878314,10.478294,153
1754,0.003416029174505702,1.6370032,7.920773,3212
1755,0.0020313249449893807,3.6512375,12.308501,1910
1756,0.000955041780419091,1.6202209,6.344071,898
1757,0.0023195391125768795,3.8483117,10.748857,2181
1758,0.00011273321684234259,2.597697,12.296508,106
1759,0.005300588233417316,1.7057686,6.551648,4984
1760,0.007780719003948854,2.060633,8.209912,7316
1761,0.004638014704240152,1.2981162,7.632532,4361
1762,0.0013644973321577881,1.5883641,7.4823465,1283
1763,0.002627960177522911,2.5414467,13.343979,2471
1764,0.0010709655600022547,2.2800562,10.128315,1007
1765,0.0009008022138251337,1.7582895,10.512373,847
1766,0.00038712161255295,2.1393836,7.7479916,364
1767,0.01485313307943544,1.3502107,6.981355,13966
1768,0.015749681209606146,1.4835433,6.431864,14809
1769,0.001885622579825221,1.3659953,4.624556,1773
1770,0.0011188240011145698,2.5543523,8.668729,1052
1771,0.000746591681352118,1.8943105,10.548736,702
1772,0.0008880399628618497,1.65956,9.651434,835
1773,0.02037599718379662,1.2237043,5.195947,19159
1774,0.00012868603054644768,1.5364051,6.377058,121
1775,0.0021036443671146573,1.414485,6.867657,1978
1776,0.0014325626706286367,1.9255413,7.391956,1347
1777,0.003567049144237897,1.2313209,7.2034874,3354
1778,0.0006200326926328843,2.2113981,10.229879,583
1779,6.062069207559932e-05,1.1457812,6.7692003,57
1780,0.0012464465107474105,1.8741677,8.955947,1172
1781,0.00016165517886826487,1.7667696,8.082826,152
1782,0.0028300291511082418,3.003814,7.873207,2661
1783,0.0038733431673567144,2.2660398,9.5096035,3642
1784,0.00017548095074515594,1.2815077,4.3674803,165
1785,0.0035978912507325,1.0848641,5.182102,3383
1786,0.00037648640341687997,2.2755234,14.183157,354
1787,0.0006168421298920633,1.8680885,14.183186,580
1788,0.0010539492253845426,1.8376088,6.449376,991
1789,0.002247219690451603,3.9547055,11.304983,2113
1790,0.0002999128976371756,2.1798522,11.219986,282
1791,0.0021812813938079686,4.243084,15.223997,2051
1792,0.00015421053247301582,2.5143683,14.598829,145
1793,0.00038499457072573603,1.9632071,14.335899,362
1794,0.002839600839330705,3.447031,9.654168,2670
1795,0.0006189691717192773,2.7561648,12.377754,582
1796,0.0034575064901363754,3.9559877,11.702896,3251
1797,0.06928945104241002,9.036545,22.02096,65151
1798,0.021745812120522443,1.4179926,5.634016,20447
1799,0.004596537388609478,3.5372183,11.054221,4322
1800,0.06667212607402319,1.3853024,5.6510773,62690
1801,0.000580682418829425,1.4875067,7.7639217,546
1802,0.007574395946709094,3.107775,12.287137,7122
1803,0.002693898474166545,3.1113873,10.085915,2533
1804,0.0013974664804796053,2.302345,12.70251,1314
1805,0.0001318765932872687,1.5207796,6.699378,124
1806,0.002497147105149249,2.1947713,7.5953217,2348
1807,0.001525088990112446,3.3015594,14.594846,1434
1808,3.084210649460316e-05,1.3345084,2.6329515,29
1809,0.0035457787259657566,3.8046174,11.060929,3334
1810,0.0217085888885462,1.492104,6.606844,20412
1811,0.0004977277875680787,2.4948606,9.974681,468
1812,0.0018271289295768356,1.6772778,8.171185,1718
1813,0.0008965481301707058,2.1051533,10.008194,843
1814,0.0025014011888036774,3.4069593,9.435197,2352
1815,0.0007008602820670168,2.3639712,7.3514752,659
1816,1.5952813704105085e-05,1.2392344,2.616765,15
1817,0.0031395137369678804,2.5474126,12.919832,2952
1818,0.0011985880696350954,5.113557,13.782747,1127
1819,0.00189306722622047,1.9101702,5.918167,1780
1820,0.0012655898871923366,1.6339382,7.0209084,1190
1821,0.00029246825124192656,2.043483,8.192057,275
1822,0.001507009134581127,2.2706022,6.063471,1417
1823,0.0025428785044343503,1.2247537,5.091832,2391
1824,0.0020249438195077385,1.9005927,9.06992,1904
1825,0.01592303511852409,1.059126,5.4271345,14972
1826,0.0013474809975400762,1.9280235,6.668812,1267
1827,0.002093009157978587,3.6071043,10.548784,1968
1828,0.00014144828150973175,1.5850981,6.7640166,133
1829,0.004174319585907497,1.6763933,8.484309,3925
1830,0.0013730054994666443,2.443456,11.79499,1291
1831,0.0008550708145400325,1.4912771,5.606541,804
1832,0.001498500967272271,1.5151452,5.0762043,1409
1833,0.0026120073638188058,3.6755238,12.942825,2456
1834,0.0010986171037560368,1.5726942,12.002041,1033
1835,0.00019143376444926102,1.7560686,13.078215,180
1836,0.001345353955712862,1.6003848,9.203294,1265
1837,0.004609299639572763,2.5036237,10.077678,4334
1838,0.006634243459080501,2.2347126,8.809551,6238
1839,0.0003020399394643896,2.3769147,19.622198,284
1840,0.0003031034603779966,1.0501776,5.1330647,285
1841,0.00015421053247301582,2.0105143,8.950145,145
1842,0.0027460109989332886,5.31157,11.607096,2582
1843,0.0007795608296739351,1.7293396,6.6914024,733
1844,0.005300588233417316,1.4031457,6.4309764,4984
1845,0.0029395718052097636,3.366647,13.284194,2764
1846,0.0005551579169028569,1.3072746,6.4249783,522
1847,0.0023961126183565835,2.3314197,10.424357,2253
1848,0.0011528566703499941,1.415298,6.373183,1084
1849,0.00019994193175811706,2.3810463,15.880936,188
1850,0.0010209800770627254,1.8130887,7.6181765,960
1851,0.009151597461588284,1.6145658,9.208483,8605
1852,0.0022110599793889645,1.9663501,8.832703,2079
1853,0.0025896734246330586,2.5373018,10.45802,2435
1854,0.0014017205641340335,2.0435562,7.652072,1318
1855,0.0018292559714040498,1.6702172,11.565474,1720
1856,0.002307840382527202,3.5352523,12.105898,2170
1857,0.00017548095074515594,1.4371642,7.494182,165
1858,0.002856617173948417,3.5398622,14.035333,2686
1859,0.0018016044276502675,2.1954532,11.256911,1694
1860,0.002256791378674066,4.3654685,9.500815,2122
1861,0.0016654737507085708,2.845436,10.497746,1566
1862,0.0021621380173630425,2.0523417,11.871193,2033
1863,0.0008880399628618497,2.8209643,11.891498,835
1864,0.006839502995406653,2.0849779,6.516499,6431
1865,7.125590121166937e-05,2.083243,10.670272,67
1866,0.0006934156356717677,2.6997616,14.274183,652
1867,0.0002828965630194635,1.8732258,11.194374,266
1868,0.006210962135464913,1.5616525,7.155572,5840
1869,0.008042345148696176,2.401211,9.490984,7562
1870,0.00012762250963284068,2.4524126,12.599983,120
1871,0.008130617384525559,2.2581403,8.634215,7645
1872,0.0029374447633825494,1.127408,3.64957,2762
1873,0.0026992160787345804,1.8344345,6.546634,2538
1874,0.00024886389378403934,2.9796517,16.9694,234
1875,0.00016165517886826487,1.5792887,8.576677,152
1876,0.0017601271120195943,2.2439625,14.581082,1655
1877,0.006181183549883917,1.0979685,6.622641,5812
1878,0.002294014610650311,1.4922755,6.8929996,2157
1879,0.021777717747930653,2.0943406,7.279958,20477
1880,0.006289662683071831,1.0983227,3.9709463,5914
1881,0.00016484574160908588,2.996984,14.420763,155
1882,0.018822193129016784,1.528177,6.609206,17698
1883,0.00442531052151875,1.0701236,3.2195008,4161
1884,0.0006125880462376352,1.6138947,7.622685,576
1885,0.002860871257602845,1.3184868,5.3261576,2690
1886,0.0006700181755724136,1.9949349,9.96227,630
1887,0.00031054810677324564,3.0343883,23.903913,292
1888,0.0012336842597841266,2.2359257,7.406869,1160
1889,0.000551967354162036,1.4138913,6.7723207,519
1890,0.026028610839617855,1.1873797,5.5922422,24474
1891,0.0010582033090389706,2.6324751,8.4038315,995
1892,0.0013559891648489322,2.1032875,6.70999,1275
1893,0.0018420182223673337,2.5260127,11.679415,1732
1894,0.0025811652573242026,4.586758,12.274793,2427
1895,0.017221594154038244,1.4291718,5.6060343,16193
1896,0.003981822300544629,3.4739256,15.236458,3744
1897,0.002634341303004553,3.7871783,10.310944,2477
1898,0.004213669859710957,1.8157588,9.600942,3962
1899,0.0008061488525141102,1.9200919,11.713674,758
1900,0.00045944103467822643,2.0191824,12.800071,432
1901,0.0036925446120435234,5.2998323,16.00453,3472
1902,0.001134776814818675,2.5529273,19.865698,1067
1903,0.0014378802751966715,3.2774649,11.426791,1352
1904,0.0023939855765293698,2.4713402,8.233274,2251
1905,0.017606588724763977,2.2485874,12.933641,16555
1906,0.0012028421532895234,2.0606208,11.221306,1131
1907,0.01758425478557823,1.8768016,9.935591,16534
1908,0.0011751906095357411,1.9060732,6.2955103,1105
1909,0.0016122977050282204,1.4275177,6.4097133,1516
1910,0.0016442033324364307,2.4723191,12.128697,1546
1911,0.003989266946939878,2.0015025,9.209902,3751
1912,0.03162698492884514,1.6136056,7.3653607,29738
1913,0.0031065445886460635,2.9423666,9.7589445,2921
1914,8.082758943413243e-05,3.2868917,15.164158,76
1915,0.0006285408599417403,1.9506637,10.215788,591
1916,0.007374454014950977,1.454598,9.090403,6934
1917,4.9985482939529265e-05,3.8134685,15.803577,47
1918,0.0016176153095962555,2.9305985,8.768782,1521
1919,0.0010656479554342197,1.7331483,8.245886,1002
1920,0.002497147105149249,2.4041996,8.191871,2348
1921,0.0009826933241728732,1.958135,12.546294,924
1922,0.0013964029595659984,3.0351048,8.56758,1313
1923,0.0015484864502118,3.1298494,8.94456,1456
1924,0.025111855812088617,1.7827247,7.71534,23612
1925,0.0012623993244515158,1.9221885,7.9471354,1187
1926,0.003073575440324246,1.6234895,8.273682,2890
1927,0.0010124719097538693,2.8665926,8.584789,952
1928,0.0018494628687625828,2.3636076,8.242552,1739
1929,0.00014357532333694577,2.5421624,16.312094,135
1930,0.0010943630201016089,1.5217955,7.7947555,1029
1931,0.0055707225454734955,4.0693135,11.993545,5238
1932,0.0008476261681447834,2.489266,13.468281,797
1933,0.0027523921244149304,2.581973,7.575316,2588
1934,0.0015867732031016523,2.333945,8.9272,1492
1935,0.0,0.0,0.0,0
1936,0.007585031155845164,1.4293026,8.148823,7132
1937,0.002272744192378171,5.4523,15.395205,2137
1938,0.0027906788773047826,3.8252923,10.419689,2624
1939,9.784392405184451e-05,2.074638,9.1964855,92
1940,0.0008752777118985656,2.3190212,13.221819,823
1941,0.008000867833065504,1.6956294,7.9953356,7523
1942,0.005415448492086873,4.719089,12.256692,5092
1943,0.0024152559948015097,2.5876963,14.236093,2271
1944,0.0006306679017689543,1.7874991,11.253131,593
1945,0.003625542794486282,3.6038806,17.823835,3409
1946,0.013906599466325206,1.4524089,6.68657,13076
1947,0.0029268095542464793,3.882527,16.873514,2752
1948,0.0016761089598446408,2.9233391,9.367898,1576
1949,0.003048050938397678,2.5769613,9.405588,2866
1950,0.002840664360244312,1.457023,5.7358294,2671
1951,0.003459633531963589,1.9340687,10.380832,3253
1952,0.004870925784320085,1.7552522,6.1014614,4580
1953,0.005016628149484246,1.112488,6.2008157,4717
1954,0.0012645263662787298,1.8759102,12.454833,1189
1955,0.0040254266580025165,4.0668774,14.007391,3785
1956,0.0009667405104687681,2.0234,9.2110195,909
1957,0.005021945754052281,2.612937,8.535985,4722
1958,0.00012762250963284068,2.4052935,8.14074,120
1959,0.00019781488993090305,1.4138685,7.237869,186
1960,9.67804031382375e-05,1.6104916,6.6119156,91
1961,0.0005381415822851448,3.8155255,15.168713,506
1962,0.001897321309874898,2.5868084,9.431906,1784
1963,0.0015984719331513294,2.826569,9.924133,1503
1964,0.003625542794486282,4.3767543,14.390245,3409
1965,0.004445517418877284,2.7583854,9.30982,4180
1966,0.00022014882911665015,1.9293557,8.082786,207
1967,5.317604568035028e-06,0.7325922,0.9597483,5
1968,0.004147731563067322,3.83864,10.399407,3900
1969,0.02046533294053961,1.3385975,5.100586,19243
1970,0.0003350090877862068,0.8643596,4.3439612,315
1971,0.0002690707911425724,1.95843,8.585296,253
1972,0.0005306969358898958,1.4311124,9.825814,499
1973,0.0005062359548769346,2.1621318,13.339978,476
1974,0.0035074919730759047,2.6872578,10.041779,3298
1975,0.0021323594317820462,4.6331553,11.811119,2005
1976,0.000186116159881226,1.4522672,6.782054,175
1977,0.0005041089130497206,3.1620731,14.661479,474
1978,0.0017622541538468083,2.955635,10.589899,1657
1979,0.0006593829664363435,1.9231988,8.444747,620
1980,0.0027449474780196813,1.1430614,6.540161,2581
1981,0.00029353177215553356,1.8113939,9.252214,276
1982,0.002075992823360875,3.8536365,13.187492,1952
1983,0.0007827513924147561,2.0550365,9.9377,736
1984,0.0010518221835573286,1.735763,7.222582,989
1985,0.002302522777959167,3.419698,10.82965,2165
1986,0.00011698730049677062,2.851049,15.183649,110
1987,0.00048709257843200857,1.8053663,10.766835,458
1988,0.0008040218106868962,1.7821406,7.6395254,756
1989,0.00012230490506480565,1.9563208,12.803793,115
1990,0.003373488337961422,2.3458686,9.9595585,3172
1991,0.0006955426774989817,0.9199607,6.0395074,654
1992,0.0013740690203802512,3.5486457,9.982596,1292
1993,8.401815217495345e-05,3.2938015,13.15765,79
1994,0.003989266946939878,2.0006976,7.4634495,3751
1995,9.784392405184451e-05,2.5295627,9.306839,92
1996,0.00222701279309307,2.7259626,8.231322,2094
1997,0.016453732054413982,2.2201717,9.896683,15471
1998,0.023505939232542038,1.2827418,7.9569373,22102
1999,0.00044348822097412135,1.5112073,6.0361238,417
2000,0.0020047369221492055,1.9656361,8.582772,1885
2001,1.1698730049677062e-05,0.9539262,1.6581296,11
2002,6.593829664363434e-05,3.652038,13.206276,62
2003,0.00152721603193966,1.3127997,5.2141213,1436
2004,4.7858441112315255e-05,0.9985954,1.8460767,45
2005,0.001890940184393256,2.9555817,9.648679,1778
2006,0.0010826642900519318,4.4891434,14.032952,1018
2007,0.003731894885846983,2.8891964,9.494675,3509
2008,0.010029002215314064,4.9978676,13.693873,9430
2009,0.0030437968547432502,3.0293312,9.16217,2862
2010,0.00033075500413177875,0.9788597,4.2318687,311
2011,0.00011592377958316362,2.395707,15.745687,109
2012,0.0017909692185141975,2.9845629,10.422756,1684
2013,0.002097263241633015,2.2862573,7.8350077,1972
2014,0.0031384502160542735,1.0715442,5.9231935,2951
2015,0.000190370243535654,1.5016277,13.089551,179
2016,0.002037706070471023,3.9904938,13.157225,1916
2017,0.001123078084768998,2.3433669,8.553522,1056
2018,3.615971106263819e-05,0.81204003,1.598165,34
2019,8.508167308856045e-06,0.8406009,1.299308,8
2020,9.146279857020248e-05,1.4992542,3.5773673,86
2021,5.9557171161992314e-05,1.6556528,3.9023235,56
2022,0.004106254247436649,1.4951143,9.669495,3861
2023,8.614519400216745e-05,1.2264239,3.8397453,81
2024,0.00018505263896761897,2.351032,11.643134,174
2025,0.0016771724807582479,3.280976,9.850148,1577
2026,0.0008635789818488886,2.0778823,11.406363,812
2027,0.004398722498678575,1.1218626,5.0741415,4136
2028,0.0015378512410757301,2.9171906,7.8319097,1446
2029,0.003028907561952752,2.8375633,10.942493,2848
2030,0.00027438839571060743,0.9410825,4.093908,258
2031,0.0010092813470130484,1.4174259,6.2434735,949
2032,6.593829664363434e-05,0.715458,1.5988624,62
2033,0.001513390260062769,2.1987195,10.793498,1423
2034,0.0034968567639398346,2.331101,8.872795,3288
2035,0.001295368472773333,2.858184,9.233954,1218
2036,0.0018675427242939018,2.671216,8.620035,1756
2037,0.026963445722678413,1.7913378,6.92063,25353
2038,0.0004349800536652653,1.9120617,9.579635,409
2039,0.0006115245253240282,1.4159383,8.3071995,575
2040,0.014766987885433272,1.5810946,6.2696223,13885
2041,0.0010975535828424297,2.3333561,8.499545,1032
2042,0.008833604708419788,2.2283623,18.221972,8306
2043,0.0043923413731969336,1.3700973,5.770323,4130
2044,0.0001297495514600547,2.4539216,10.896041,122
2045,0.0016835536062398898,2.3324726,13.842746,1583
2046,0.005823840522911963,2.7605252,8.097455,5476
2047,0.0004392341373196933,1.3889028,8.083294,413
2048,0.004058395806324333,1.4527098,7.594356,3816
2049,0.00015633757430022984,0.940301,6.585837,147
2050,0.043067279396515695,1.697026,8.4644985,40495
2051,0.00021802178728943616,2.4265327,9.192987,205
2052,0.002721550017920327,3.3152983,9.736961,2559
2053,0.00010422504953348655,1.9321314,12.666742,98
2054,0.005680265199575017,3.4730473,10.40056,5341
2055,0.00015421053247301582,1.0009425,3.1994057,145
2056,0.0033437097523804256,1.7453566,10.574362,3144
2057,0.004854972970615981,2.9671514,9.324731,4565
2058,0.016979111385735844,2.5694914,8.688068,15965
2059,0.0001722903880043349,1.7129453,9.104171,162
2060,0.00907502395580858,1.223445,5.074957,8533
2061,0.004957070978322253,4.5354233,11.661779,4661
2062,0.002105771408941871,2.2450414,13.542366,1980
2063,0.01789054880869705,1.2761357,5.018712,16822
2064,0.016350570525794104,2.7755463,10.180094,15374
2065,0.005532435792583643,1.7195799,6.834833,5202
2066,0.0021387405572636884,4.6604605,11.59968,2011
2067,0.0019441162300736063,2.4371588,7.8617215,1828
2068,0.0002626896656609304,1.6690001,8.091562,247
2069,3.72232319762452e-05,2.8436937,8.938092,35
2070,0.002481194291445144,2.9030945,10.463052,2333
2071,0.0001722903880043349,1.9277867,9.118928,162
2072,0.003579811395201181,2.9432468,12.38293,3366
2073,0.0011326497729914609,1.4439802,7.3725147,1065
2074,0.00761480974142616,3.4902952,12.883273,7160
2075,0.001515517301889983,4.284161,15.514064,1425
2076,0.0011071252710648928,2.220823,6.56642,1041
2077,0.0004839020156911876,1.4224466,6.099747,455
2078,0.0007859419551555772,3.8225293,21.827087,739
2079,0.0010901089364471809,1.8638686,8.686561,1025
2080,0.0003031034603779966,1.9148654,10.843279,285
2081,0.000581745939743032,2.462206,12.143123,547
2082,0.007194718980551393,1.6723022,12.799317,6765
2083,0.007170257999538432,1.6477693,6.434351,6742
2084,0.011497724597005338,1.2911158,4.7706027,10811
2085,0.000186116159881226,1.8777306,10.347035,175
2086,0.002326983758972128,2.3456442,10.0437,2188
2087,9.46533613110235e-05,2.5985808,10.16147,89
2088,0.0029884937672356856,3.113714,9.407891,2810
2089,0.0020047369221492055,2.9342146,9.351511,1885
2090,0.0017622541538468083,2.4412215,11.316068,1657
2091,0.007367009368555728,1.1626545,3.5763817,6927
2092,0.0030076371436806118,2.3668506,10.69997,2828
2093,0.00012655898871923366,1.4487782,4.493761,119
2094,0.004693317791747716,1.2240646,6.4030476,4413
2095,0.00013932123968251773,1.9770977,8.628287,131
2096,0.0017654447165876294,2.0235004,11.617436,1660
2097,0.005736631807996188,1.3414302,5.0092463,5394
2098,0.003171419364376091,0.85551953,2.2989955,2982
2099,0.000946533613110235,3.682215,9.067087,890
2100,0.0026120073638188058,4.91415,10.081115,2456
2101,0.0038978041483696754,1.8976018,7.215468,3665
2102,2.446098101296113e-05,0.6869975,1.0811139,23
2103,0.0001520834906458018,2.612439,16.665667,143
2104,0.001497437446358664,3.8117557,10.676377,1408
2105,0.0025726570900153466,4.618794,13.9288,2419
2106,0.0007285118258207988,1.8921858,9.911545,685
2107,0.002637531865745374,3.5584366,10.521687,2480
2108,0.0030671943148426043,1.2774595,5.376132,2884
2109,0.0017580000701923804,2.6836379,9.4168825,1653
2110,3.82867528898522e-05,1.2759929,3.847493,36
2111,0.003780816847872905,2.0670924,7.7658834,3555
2112,0.010305517652851884,1.2654562,5.42416,9690
2113,0.002413128952974296,3.8009126,11.573928,2269
2114,0.0008805953164666006,1.2710081,10.182105,828
2115,0.0026683739722399773,1.7222472,7.448889,2509
2116,0.0022812523596870272,2.6033528,8.084646,2145
2117,0.0004020109053434481,1.9637934,10.289154,378
2118,0.003225658930970048,2.22291,6.6065,3033
2119,0.0011071252710648928,1.8184619,9.008813,1041
2120,0.0014836116744817729,3.3981147,12.949508,1395
2121,0.007823259840493134,6.257415,13.881312,7356
2122,0.0018558439942442247,2.828774,8.913636,1745
2123,0.0032596916002054725,2.7233102,9.01674,3065
2124,0.00203876959138463,1.8723918,7.718374,1917
2125,0.0014070381687020684,2.0241108,10.143236,1323
2126,0.0010348058489396165,1.8760424,8.425669,973
2127,0.0010369328907668305,3.0802186,8.04711,975
2128,0.005465433975026402,2.3894677,9.813288,5139
2129,0.0012219855297344495,1.684584,10.433009,1149
2130,0.004115825935659112,2.7130299,9.031782,3870
2131,0.002721550017920327,3.0151982,10.246836,2559
2132,0.00048071145295036654,2.0237508,15.889051,452
2133,0.0013357822674903992,1.9100764,9.525028,1256
2134,0.0023471906563306616,3.201452,11.447167,2207
2135,0.0017250309218705632,3.3443086,8.367451,1622
2136,0.0015772015148791893,1.592557,7.1567225,1483
2137,0.003044860375656857,4.1594,12.432575,2863
2138,0.001690998252635139,1.7074867,8.496546,1590
2139,0.0007987042061188613,1.861825,9.13803,751
2140,0.00022546643368468518,1.8220149,10.548728,212
2141,0.002236584481315533,2.3141434,7.590054,2103
2142,0.0015686933475703333,3.2637517,14.207712,1475
2143,0.0023429365726762336,3.0989828,9.914165,2203
2144,0.002069611697879233,2.6128705,10.17028,1946
2145,7.231942212527638e-05,2.8570468,12.135885,68
2146,0.0013740690203802512,3.090004,7.7336435,1292
2147,0.0663711496554724,1.4478891,6.4349694,62407
2148,0.0005328239777171098,2.3023245,10.070826,501
2149,0.000757226890488188,1.7097931,15.503796,712
2150,0.0005306969358898958,1.5707083,5.764988,499
2151,0.0010018367006177993,1.3323426,7.7001567,942
2152,1.0635209136070056e-06,0.4983063,0.4983063,1
2153,0.015052011490279951,1.7069346,7.399387,14153
2154,5.317604568035028e-06,1.066951,1.3580303,5
2155,0.0028736335085661293,4.5851765,14.896838,2702
2156,0.00028608712576028454,2.937303,13.060329,269
2157,0.0029087296987151605,3.4397397,11.651116,2735
2158,0.0021238512644731903,1.8712425,10.916982,1997
2159,4.2540836544280225e-06,0.688887,1.1947068,4
2160,0.015881557802893416,1.8096393,7.3097653,14933
2161,0.007724352395527682,2.3957655,9.456485,7263
2162,0.0036904175702163096,6.431643,14.279615,3470
2163,0.0002967223348963546,1.551592,6.7422113,279
2164,0.0176406213939994,3.4997275,8.360913,16587
2165,0.018318084215967066,1.6468998,10.362039,17224
2166,0.005502657207002647,1.7262138,9.706026,5174
2167,0.0014538330889007768,4.7097034,13.765959,1367
2168,0.0016548385415725007,4.3266068,13.662194,1556
2169,0.001524025469198839,2.6761427,6.667968,1433
2170,0.00016165517886826487,1.3086605,6.176434,152
2171,0.001921782290887859,2.2776577,10.31953,1807
2172,0.001151793149436387,1.9732141,6.705429,1083
2173,0.00010316152861987954,2.6801682,16.910398,97
2174,1.5952813704105085e-05,0.7095116,1.5954865,15
2175,0.0004190272399611602,1.2601886,8.2147,394
2176,0.0007274483049071918,2.3316116,14.859002,684
2177,0.005024072795879494,5.6931634,12.763839,4724
2178,0.023552734152740746,1.9889151,6.995093,22146
2179,6.593829664363434e-05,3.3508298,18.678402,62
2180,0.0023354919262809845,2.1398203,9.120823,2196
2181,0.0014506425261599557,2.4061744,8.78328,1364
2182,0.00278110718908232,3.6103659,10.342022,2615
2183,0.006538526576855871,1.1381327,4.354783,6148
2184,0.0007891325178963982,2.343993,10.536866,742
2185,0.00014676588607776678,2.6829636,20.160389,138
2186,0.00224828321136521,2.910222,8.853957,2114
2187,0.0012549546780562667,1.4135122,5.3301573,1180
2188,0.00021589474546222215,1.7089844,10.702365,203
2189,0.0021738367474127196,2.3788526,11.681761,2044
2190,0.00011805082141037762,1.8703291,9.966067,111
2191,7.763702669331141e-05,0.5479346,1.3274502,73
2192,0.04183253161581796,1.1686451,3.9195428,39334
2193,0.0008880399628618497,1.7374463,5.9614115,835
2194,0.0010986171037560368,1.8271222,12.604739,1033
2195,0.0008869764419482427,1.8443587,9.667314,834
2196,0.00018824320170843998,1.6088003,5.3133535,177
2197,0.0014357532333694576,2.457589,12.873531,1350
2198,0.0029385082842961563,3.805573,9.732647,2763
2199,0.00045731399285101244,1.8697879,10.237178,430
2200,0.001135840335732282,1.4087911,8.321672,1068
2201,0.0018707332870347229,2.0783994,9.730905,1759
2202,0.0030905917749419584,4.5221124,11.734109,2906
2203,0.0023291108007993423,3.166739,8.408881,2190
2204,0.0009614229059007331,3.3555744,12.610665,904
2205,0.0023216661544040933,1.8532385,6.5234303,2183
2206,4.466787837149424e-05,2.6589293,7.736189,42
2207,0.00022227587094386417,3.0742695,12.616426,209
2208,0.00023503812190714824,2.7668219,18.225096,221
2209,0.004866671700665658,5.347834,13.670638,4576
2210,0.0008008312479460752,1.5882155,6.915907,753
2211,0.004119016498399933,2.1428533,8.3277855,3873
2212,0.0016016624958921505,3.11177,8.443911,1506
2213,0.0022769982760325993,4.395943,12.53221,2141
2214,0.0013964029595659984,2.4838777,10.249787,1313
2215,0.006238613679218695,2.007806,7.9698486,5866
2216,0.002644976512140623,1.8063178,5.9029083,2487
2217,0.0012273031343024844,2.5093257,16.05578,1154
2218,0.025448991941702036,2.2750332,10.195809,23929
2219,0.00014782940699137377,2.2993236,9.534962,139
2220,0.000553030875075643,1.0693444,5.027543,520
2221,0.002801314086440853,3.323408,11.474652,2634
2222,0.006149277922475707,1.6614654,4.992979,5782
2223,0.002655611721276693,2.804528,10.453068,2497
2224,0.0008646425027624956,1.6970978,8.496274,813
2225,0.0022291398349202837,3.8552716,13.182425,2096
2226,0.0002648167074881444,2.4003649,16.832846,249
2227,0.00189306722622047,2.8955126,9.828064,1780
2228,0.0036446861709312083,2.2059388,10.861349,3427
2229,0.0009635499477279471,2.5826268,9.4862995,906
2230,0.0021281053481276182,2.536019,10.018568,2001
2231,0.00010316152861987954,3.9496098,16.704174,97
2232,0.0015655027848295122,2.5877073,10.462416,1472
2233,0.0034458077600866984,5.978069,12.904925,3240
2234,0.0014527695679871697,2.8955953,8.694462,1366
2235,0.00167291839710382,3.5617895,8.759308,1573
2236,0.004266845905391306,1.6573935,6.8635364,4012
2237,0.001133713293905068,2.2162702,12.388279,1066
2238,0.003448998322827519,2.3453834,10.724756,3243
2239,0.00013613067694169672,1.7239571,6.5246673,128
2240,0.0004371070954924793,2.2718935,8.840281,411
2241,0.0019696407320001744,2.3939877,7.3769584,1852
2242,0.03858241170383495,1.2464911,5.0378556,36278
2243,0.003448998322827519,2.0115936,8.1026,3243
2244,0.0027077242460434364,1.184718,9.57554,2546
2245,0.0010220435979763323,1.608593,13.79077,961
2246,0.0032979783530953243,3.6759334,12.231733,3101
2247,0.0033405191896396045,3.6483302,11.696405,3141
2248,0.0007200036585119428,1.6016166,11.848981,677
2249,0.0014825481535681658,2.1561227,9.687618,1394
2250,0.000568983688779748,1.7164689,8.264414,535
2251,0.00048283849477758053,0.9087687,4.6553416,454
2252,0.0008125299779957523,1.2400645,7.861903,764
2253,0.0011188240011145698,1.8453285,8.663715,1052
2254,0.0051431871382034795,1.3502705,6.165775,4836
2255,0.00019675136901729605,4.2593365,16.445032,185
2256,5.104900385313627e-05,1.2994093,3.450911,48
2257,0.002219568146697821,3.1169577,11.563146,2087
2258,0.0070926209728451204,2.0535877,6.4951396,6669
2259,0.005349510195443238,1.6650419,7.599981,5030
2260,0.009378127416186575,1.6088912,7.3505163,8818
2261,0.013229136644357544,1.572717,8.457726,12439
2262,0.010391662846854052,1.6399379,6.5268445,9771
2263,5.849365024838531e-05,1.2986304,4.873308,55
2264,0.0005402686241123589,1.6949149,6.4051876,508
2265,0.0005126170803585767,2.0616055,8.489082,482
2266,0.0031118621932140983,2.76479,8.633908,2926
2267,0.0023886679719613345,1.6015053,7.239216,2246
2268,0.03007211735315169,1.9195104,9.035245,28276
2269,0.0029682868698771526,2.2761266,8.268026,2791
2270,0.009931158291262218,1.8333431,8.517229,9338
2271,0.000757226890488188,2.8922098,9.005608,712
2272,0.00012762250963284068,2.8029518,14.770986,120
2273,0.00759353932315402,1.8600658,9.128924,7140
2274,0.00012443194689201967,1.55786,8.0338545,117
2275,0.00013506715602808973,1.6519544,11.082673,127
2276,0.00015633757430022984,2.5961807,23.417112,147
2277,0.001528279552853267,3.3234134,11.723156,1437
2278,0.0006179056508056703,2.2156968,14.976523,581
2279,0.0021632015382766494,2.2407393,10.594611,2034
2280,0.002590736945546666,1.8533173,12.906395,2436
2281,0.013142991450355376,1.4149768,11.753744,12358
2282,0.0018058585113046954,3.563595,10.841907,1698
2283,0.008213572015786904,2.0907533,7.915273,7723
2284,0.009940729979484681,3.4684467,8.214698,9347
2285,0.0032373576610197252,4.0398903,15.068136,3044
2286,0.0031448313415359157,2.078374,7.0396585,2957
2287,0.010351249052136986,0.9765642,3.580431,9733
2288,0.00016059165795465785,2.1079395,12.397681,151
2289,0.002299332215218346,4.0463114,13.844513,2162
2290,0.0022110599793889645,1.8375703,13.1381445,2079
2291,0.0014474519634191346,2.4197273,9.020605,1361
2292,0.0020674846560520188,2.903153,10.361898,1944
2293,0.004444453897963677,4.010373,9.721503,4179
2294,0.004928355913654864,1.9451082,7.220672,4634
2295,0.0025939275082874865,2.0050695,9.599767,2439
2296,0.005674947595006982,2.0355291,8.895636,5336
2297,0.0023865409301341207,3.3314679,9.79325,2244
2298,0.14239162456010115,8.625303,63.497192,133887
2299,0.0019451797509872134,1.717895,7.3828773,1829
2300,0.0004488058255421564,1.6064035,10.05803,422
2301,0.0017856516139461624,5.370677,15.09156,1679
2302,0.0019590055228641042,3.879444,11.860124,1842
2303,0.001303876640082189,3.883654,11.090348,1226
2304,0.0009912014914817292,2.934232,10.924463,932
2305,0.0009348348830605579,1.1814386,5.9187512,879
2306,0.016368650381325425,3.8853936,10.157556,15391
2307,0.00250033766789007,2.8627183,8.869334,2351
2308,0.004690127229006895,1.3627496,6.367624,4410
2309,0.0009327078412333439,1.2709652,5.5607452,877
2310,0.0017888421766869835,1.5983213,7.8449926,1682
2311,0.0021536298500541865,1.8865718,8.675277,2025
2312,0.000952914738591877,2.7122478,10.232093,896
2313,0.00019994193175811706,2.221373,19.022387,188
2314,0.004125397623881575,2.6248493,8.863861,3879
2315,0.0025269256907302453,2.5835154,9.035862,2376
2316,0.001905829477183754,2.4964404,9.101357,1792
2317,0.0005072994757905416,1.3621352,4.4465957,477
2318,0.0021791543519807544,3.0737226,8.406434,2049
2319,0.00018292559714040495,1.3199708,11.23569,172
2320,0.0209651877699349,1.2547166,5.7711487,19713
2321,0.0014144828150973174,1.5908984,11.871143,1330
2322,0.002772599021773464,2.2561424,13.157033,2607
2323,0.0001116696959287356,2.0205524,8.3204975,105
2324,0.0023482541772442684,5.4613853,12.6090355,2208
2325,0.0034351725509506282,2.2447147,8.033123,3230
2326,9.890744496545152e-05,2.5594602,12.282165,93
2327,0.00029246825124192656,2.1292303,14.754863,275
2328,0.00042647188635640927,1.8199515,9.860448,401
2329,1.0635209136070057e-05,0.75617695,1.1664351,10
2330,0.0022333939185747117,3.2436843,11.3055525,2100
2331,0.0025386244207799224,3.5288157,10.16929,2387
2332,0.0001669727834362999,2.1519299,12.59314,157
2333,0.005129361366326588,3.097494,12.910144,4823
2334,0.0006487477573002735,2.365942,16.540346,610
2335,0.0004477423046285494,1.3735824,8.053015,421
2336,0.00021589474546222215,1.7229898,14.393639,203
2337,0.004327466597466906,6.610083,14.122571,4069
2338,0.0003413902132678488,1.9552001,7.1218557,321
2339,0.004381706164060863,3.389896,9.459288,4120
2340,0.009136708168797785,1.4574202,6.345422,8591
2341,0.00012017786323759164,1.951932,8.346756,113
2342,2.8715064667389152e-05,0.63561887,1.0288975,27
2343,0.0002084500990669731,2.1061854,10.541277,196
2344,0.0009943920542225503,1.3589659,7.414841,935
2345,0.00023822868464796926,2.257643,9.8497715,224
2346,0.0018133031576999445,3.1789517,9.414973,1705
2347,0.00017973503439958394,2.288021,8.075712,169
2348,0.002272744192378171,3.0511072,10.669571,2137
2349,0.0005753648142613901,1.7826952,7.036643,541
2350,9.997096587905853e-05,2.7321203,17.1153,94
2351,0.00029565881398274755,1.8352795,7.6498823,278
2352,0.00402755369982973,3.3080826,16.001581,3787
2353,0.009411096564508392,1.2925112,5.968419,8849
2354,0.00018186207622679796,1.9800262,11.243623,171
2355,0.0021802178728943617,3.561604,11.844525,2050
2356,0.0027736625426870707,5.1580563,10.403726,2608
2357,0.002831092672021849,3.4655802,10.733235,2662
2358,0.00025843558200650235,2.3623018,11.671211,243
2359,0.0018473358269353688,3.9690459,15.584964,1737
2360,0.00594933599071759,1.2684599,4.4404855,5594
2361,0.0020121815685444546,2.0233638,10.002674,1892
2362,0.0047879711530587395,2.6421902,11.274156,4502
2363,0.002854490132121203,3.9700902,10.897292,2684
2364,7.338294303888339e-05,1.0469611,3.2480695,69
2365,0.00132833762109515,1.9455632,9.313781,1249
2366,0.0005317604568035028,1.5272804,6.1571937,500
2367,0.0005604755214708919,1.5747494,5.475643,527
2368,0.004913466620864366,1.8114709,8.41135,4620
2369,0.003017208831903075,2.1138172,10.664185,2837
2370,0.00020419601541254507,1.7606484,8.961017,192
2371,0.01369176824177659,2.1966887,8.183627,12874
2372,0.00013719419785530372,2.374195,22.847046,129
2373,0.0031235609232637754,2.999506,12.054205,2937
2374,0.0014793575908273449,3.8378842,9.360494,1391
2375,0.000190370243535654,3.3451743,10.908284,179
2376,0.0016548385415725007,1.6944714,7.954411,1556
2377,0.006600210789845077,2.1867635,7.6295414,6206
2378,0.003542588163224936,3.3569384,10.352516,3331
2379,3.1905627408210167e-06,1.0889822,1.2289052,3
2380,0.001329401142008757,1.6048577,14.902764,1250
2381,0.004765637213872992,1.4635965,6.740713,4481
2382,0.0015750744730519753,1.9605638,13.550295,1481
2383,0.00015633757430022984,2.7123725,10.091895,147
2384,0.0005955717116199232,2.0187068,11.613496,560
2385,0.000187179680794833,2.71241,19.777952,176
2386,0.0019366715836783572,2.8408265,7.971978,1821
2387,0.0023089039034408093,2.6902313,8.443294,2171
2388,8.295463126134644e-05,1.1533512,5.9608846,78
2389,0.0013740690203802512,3.346973,8.551596,1292
2390,0.003392631714406348,3.7713327,10.216561,3190
2391,0.004254083654428023,2.000775,7.76114,4000
2392,0.000189306722622047,2.1729753,13.970269,178
2393,0.0009082468602203828,1.3525047,6.426125,854
2394,0.0010071543051858344,2.8957171,10.96431,947
2395,0.0003371361296134208,2.327309,12.053983,317
2396,0.008666631924983488,1.8830305,8.665072,8149
2397,0.0003509619014903119,1.5886664,10.957031,330
2398,0.09842566999158756,1.70738,10.582258,92547
2399,0.00028608712576028454,1.8546457,15.774274,269
2400,0.0002818330421058565,1.7044061,6.993679,265
2401,0.011259495912357368,1.1881797,4.253725,10587
2402,0.002433335850332829,2.736819,9.640241,2288
2403,8.295463126134644e-05,1.4914794,5.295916,78
2404,0.000945470092196628,1.3341223,5.779055,889
2405,0.00027332487479700044,1.6385115,9.6957445,257
2406,3.1905627408210167e-06,0.8681024,1.2630963,3
2407,0.0011166969592873559,2.027079,7.9768934,1050
2408,0.0002828965630194635,1.1043162,6.212379,266
2409,0.0030512415011384993,6.1540103,14.8314,2869
2410,0.002970413911704367,1.9211376,8.549975,2793
2411,0.0005838729815702461,1.9103291,8.977152,549
2412,0.0005455862286803939,1.6485847,8.040872,513
2413,0.007496758920015782,2.8366659,8.38682,7049
2414,0.0029395718052097636,1.4661403,14.229775,2764
2415,0.0001531470115594088,2.9265234,21.00197,144
2416,0.0007040508448078377,1.3623745,12.068999,662
2417,0.0027534556453285377,2.3444858,10.565221,2589
2418,0.03366681804114337,2.665771,8.24884,31656
2419,0.0022089329375617507,2.9451575,9.399797,2077
2420,0.0018462723060217617,3.3702703,12.892804,1736
2421,0.00018186207622679796,2.1154332,9.166872,171
2422,0.00036797823610802395,1.4550275,7.040692,346
2423,0.0010231071188899394,1.6442454,8.102909,962
2424,0.00025843558200650235,2.210886,9.516976,243
2425,0.00014144828150973175,1.0146402,8.016627,133
2426,0.0011985880696350954,2.2238662,6.9815893,1127
2427,0.002819393941972172,3.5475998,11.254339,2651
2428,0.0027874883145639615,2.211177,11.051292,2621
2429,6.487477573002735e-05,2.7230122,13.888332,61
2430,4.147731563067322e-05,3.3928776,22.832365,39
2431,0.0006221597344600983,1.2599663,5.757891,585
2432,0.0010954265410152157,2.3384109,11.255332,1030
2433,0.0025545772344840274,2.4957683,9.676927,2402
2434,0.0016048530586329716,1.4412456,5.7895617,1509
2435,0.0013474809975400762,2.7090657,7.453571,1267
2436,0.0008657060236761026,2.0377066,10.006304,814
2437,0.0006880980311037326,1.9116462,13.921774,647
2438,0.20789175058732942,3.4191594,11.233395,195475
2439,0.0015591216593478703,2.9628308,8.119082,1466
2440,0.0022174411048706067,3.6648114,12.2995405,2085
2441,0.002285506443341455,2.5939844,10.142873,2149
2442,0.005229332332205646,1.8101574,6.8926225,4917
2443,0.0004722032856415105,1.5718993,6.102958,444
2444,0.005535626355324464,3.1803114,12.391671,5205
2445,0.004050951159929084,1.3213233,4.3348103,3809
2446,0.0020079274848900266,2.784134,9.775177,1888
2447,0.0019324175000239292,2.9895642,12.076823,1817
2448,0.0014708494235184887,3.4937713,8.796818,1383
2449,0.002266363066896529,3.36894,12.068816,2131
2450,0.0015399782829029441,1.5007023,10.1766,1448
2451,0.0027449474780196813,2.0953684,16.456886,2581
2452,0.004797542841281202,1.8775973,7.420137,4511
2453,0.00044136117914690736,2.374933,10.495379,415
2454,0.00024992741469764633,2.8815856,11.246494,235
2455,0.00017441742983154891,2.1252363,13.649009,164
2456,0.0029066026568879463,3.8796356,13.3159895,2733
2457,0.0030437968547432502,3.3108609,9.335256,2862
2458,3.935027380345921e-05,1.1775725,2.5407038,37
2459,0.0013634338112441813,1.7126745,10.312874,1282
2460,0.003032098124693573,3.6552446,11.133553,2851
2461,6.274773390281333e-05,2.410367,14.21332,59
2462,0.018728603288619368,1.909345,7.1443706,17610
2463,0.0023961126183565835,2.2694747,12.9236965,2253
2464,0.0030640037521017832,3.0171754,8.513636,2881
2465,0.002274871234205385,1.2025094,6.885189,2139
2466,0.00281301281649053,2.6625664,8.557344,2645
2467,0.0008295463126134644,1.304698,3.8434942,780
2468,0.00012868603054644768,2.241053,10.789493,121
2469,0.000944406571283021,2.1889791,8.161131,888
2470,0.022072313040999793,1.5213534,7.1865845,20754
2471,0.00019568784810368903,2.7123096,8.671118,184
2472,7.976406852052543e-05,1.9657654,10.37219,75
2473,7.019238029806238e-05,0.695844,1.7665126,66
2474,0.00116136483765885,2.263286,8.903761,1092
2475,0.0008359274380951064,1.8977568,5.986654,786
2476,0.003349027356948461,5.0566115,19.631817,3149
2477,1.2762250963284067e-05,0.8827776,1.5015067,12
2478,0.00506448659059656,2.1578732,8.704633,4762
2479,0.030674070190253255,2.6150603,8.165441,28842
2480,0.0009656769895551611,2.117511,10.814812,908
2481,0.09718135052266735,1.1085784,5.194423,91377
2482,0.0027821707099959267,2.6053534,11.524214,2616
2483,0.001915401165406217,3.0241795,11.773909,1801
2484,0.00045837751376461944,1.7808143,15.857565,431
2485,0.00010741561227430756,1.9693099,6.536132,101
2486,0.0059174303633093795,1.4979131,5.9604635,5564
2487,0.0007114954912030868,2.2256477,14.124667,669
2488,0.0016452668533500376,3.2577245,14.356871,1547
2489,0.0025811652573242026,2.4641445,8.821198,2427
2490,0.0017377931728338471,1.59694,7.5947504,1634
2491,0.0005743012933477831,1.7163677,7.519083,540
2492,0.002654548200363086,2.4946682,10.438983,2496
2493,0.0015623122220886913,3.3152077,11.768693,1469
2494,0.003999902156075948,4.3931994,14.259472,3761
2495,0.0019345445418511432,2.2142859,8.668797,1819
2496,0.003040606292002429,7.684503,14.620443,2859
2497,0.0005296334149762888,1.8467733,17.796307,498
2498,0.0019207187699742522,3.5886781,10.288928,1806
2499,0.0017324755682658123,3.2977931,9.540539,1629
2500,0.002219568146697821,3.2328231,13.985146,2087
2501,0.0008348639171814994,2.7309885,7.8269424,785
2502,0.0005987622743607442,2.290216,11.8514595,563
2503,0.00529208006610846,1.4596183,8.1673355,4976
2504,0.00016590926252269287,1.6827048,8.732173,156
2505,0.016191042388753053,1.2544857,4.774864,15224
2506,0.000949724175851056,1.669474,8.02828,893
2507,0.009356856997914435,1.8190775,9.425701,8798
2508,0.002618388489300448,2.4683812,14.004866,2462
2509,0.002252537295019638,3.1914878,8.847994,2118
2510,5.317604568035028e-06,0.940158,1.4223074,5
2511,0.0006997967611534096,1.830237,12.006177,658
2512,0.00020100545267172406,1.1661758,3.8837519,189
2513,0.00013932123968251773,1.149804,3.711406,131
2514,0.002242965606797175,3.0238366,11.099227,2109
2515,0.01186251227037254,2.274816,10.011812,11154
2516,0.0091239459178345,2.000415,9.875029,8579
2517,0.00023610164282075524,2.1981456,10.165459,222
2518,0.003402203402628811,1.263093,4.751299,3199
2519,0.006253502972009193,1.6274648,7.128663,5880
2520,0.00454974246841077,6.8582664,14.329516,4278
2521,0.005731314203428153,7.3493333,14.883083,5389
2522,0.004116889456572719,3.4676578,12.109816,3871
2523,0.0025492596299159925,2.661832,8.687143,2397
2524,0.009743978610467385,1.155353,4.614989,9162
2525,0.0016973793781167809,1.258053,4.7144747,1596
2526,0.0014740399862593098,2.4481435,11.625015,1386
2527,0.00019781488993090305,2.2766335,14.256176,186
2528,0.005511165374311503,1.4420152,8.561868,5182
2529,0.0007880689969827912,1.58792,7.140667,741
2530,0.00037542288250327297,1.4336675,6.5834765,353
2531,0.005505847769743468,5.646386,13.715677,5177
2532,0.006052497519337469,1.7399836,6.800065,5691
2533,0.0015708203893975473,2.2919233,8.537684,1477
2534,0.02150651991496087,1.3967737,6.0362587,20222
2535,0.0020111180476308477,2.7285335,10.128419,1891
2536,0.0027577097289829657,1.362635,8.862431,2593
2537,0.0015410418038165512,3.3114638,12.241835,1449
2538,0.0035521598514473987,3.5965343,8.80205,3340
2539,0.0033160582086266435,2.5028522,12.420676,3118
2540,0.0003509619014903119,2.2266839,11.750499,330
2541,0.05361315277584276,1.0892532,6.8179703,50411
2542,0.001157110754004422,2.0504518,8.870412,1088
2543,0.0008859129210346357,1.3424712,7.732137,833
2544,0.00338837763075192,5.518285,16.458357,3186
2545,0.0012251760924752704,3.9808586,11.895245,1152
2546,0.0038414375399485044,3.2616136,7.9837823,3612
2547,0.011331815334482645,2.1752996,8.769306,10655
2548,0.0005881270652246741,2.8820956,13.698249,553
2549,0.0038722796464431075,1.4963626,16.148573,3641
2550,0.010611811675970702,1.4544344,7.083089,9978
2551,0.0005764283351749971,1.5600266,5.1213255,542
2552,0.0019324175000239292,4.7722983,13.875434,1817
2553,0.00016271869978187186,2.204696,12.475093,153
2554,0.0021270418272140114,3.884734,11.409728,2000
2555,0.0025014011888036774,3.6178212,12.661674,2352
2556,1.0635209136070056e-06,1.7783123,1.7783123,1
2557,0.1274012972828104,1.4143939,10.786649,119792
2558,3.296914832181717e-05,0.8259644,2.0417814,31
2559,0.002681136223203261,3.5825062,12.254931,2521
2560,0.006935219877631284,3.903671,13.38568,6521
2561,0.004036061867138586,3.0966241,11.681154,3795
2562,2.9778585580996157e-05,0.6611156,1.120909,28
2563,0.0016622831879677497,2.0626302,6.9713626,1563
2564,0.006101419481363391,1.4377121,4.49549,5737
2565,0.011620029502070143,1.4526213,5.7315707,10926
2566,0.0019866570666178863,2.9319677,8.8899145,1868
2567,0.000756163369574581,1.941534,7.200407,711
2568,0.001127332168423426,3.463091,10.608449,1060
2569,0.011877401563163038,1.727355,8.143022,11168
2570,0.0031107986723004914,2.8481088,12.087018,2925
2571,0.0007784973087603281,2.0402296,7.9991126,732
2572,0.0003179927531684947,2.8242934,18.120419,299
2573,0.0006391760690778104,1.8457644,7.5619965,601
2574,0.0028693794249117013,3.5598247,11.424758,2698
2575,5.2112524766743275e-05,1.0518736,1.9863293,49
2576,0.0017367296519202402,1.9260492,6.880892,1633
2577,0.002215314063043393,2.8706818,8.690468,2083
2578,0.0024237641621103656,2.4594529,7.9474335,2279
2579,0.004056268764497119,1.9503347,9.758253,3814
2580,0.0003637241524535959,2.0597205,6.8730707,342
2581,0.07426885595991803,2.9607193,9.764538,69833
2582,0.0016739819180174268,1.8619707,9.053068,1574
2583,8.082758943413243e-05,2.0130556,9.735806,76
2584,0.0019430527091599992,2.1676726,8.797027,1827
2585,0.002460987394086611,1.4861437,5.662559,2314
2586,0.0007114954912030868,1.3159184,7.969472,669
2587,0.002676882139548833,4.5437045,12.069349,2517
2588,0.0034894121175445855,2.939273,10.378994,3281
2589,0.0009826933241728732,2.6506808,6.6606407,924
2590,0.00024886389378403934,1.5026432,6.697865,234
2591,0.0018558439942442247,1.6703656,6.679217,1745
2592,0.0007402105558704759,1.5097799,6.2508945,696
2593,0.009221789841886346,25.692959,47.470623,8671
2594,0.011143572132774206,2.220283,13.170404,10478
2595,0.0015197713855444111,2.0844867,11.705422,1429
2596,3.403266923542418e-05,1.2855666,3.1338603,32
2597,0.0010167259934082975,1.4747989,5.605423,956
2598,0.0005721742515205691,2.9576669,20.051922,538
2599,0.003004446580939791,2.7943447,7.8142576,2825
2600,0.002251473774106031,1.4658222,5.5118976,2117
2601,0.01224644332018467,2.7965705,12.960831,11515
2602,0.00025524501926568136,1.7023461,9.84769,240
2603,7.444646395249039e-06,2.1929355,3.8442962,7
2604,0.002826838588367421,3.1983604,11.831071,2658
2605,0.0027651543753782148,2.8169875,12.36732,2600
2606,0.0002594991029201094,1.5110346,7.518581,244
2607,0.0010996806246696437,2.6515813,8.737614,1034
2608,0.0028066316910088877,4.4053698,11.257656,2639
2609,0.000749782244092939,1.8604615,7.0681663,705
2610,0.0018696697661211158,2.4258902,11.43871,1758
2611,0.0009986461378769782,2.8726118,7.3510156,939
2612,3.1905627408210167e-06,1.3122246,1.9537592,3
2613,0.05994535629545887,2.0973227,11.187727,56365
2614,0.0001669727834362999,0.90680724,2.0199773,157
2615,0.00013719419785530372,2.2619925,15.392161,129
2616,0.006456635466508131,2.1860871,9.560933,6071
2617,0.002469495561395467,2.4945922,10.986535,2322
2618,0.0015740109521383684,1.7102841,6.849047,1480
2619,8.720871491577446e-05,1.8611631,6.2885256,82
2620,0.00012017786323759164,2.6083598,7.882863,113
2621,0.0011985880696350954,3.361009,9.4343195,1127
2622,9.039927765659548e-05,2.2799063,11.286995,85
2623,0.0013868312713435354,4.2847557,11.548447,1304
2624,0.0017569365492787732,1.935798,11.586866,1652
2625,0.00261413440564602,2.6799293,9.534405,2458
2626,0.0019675136901729606,1.6542106,13.621003,1850
2627,0.0036850999656482743,2.2324595,10.08724,3465
2628,0.015969830038722797,2.3374312,8.626589,15016
2629,0.00267794566046244,2.0886567,8.098197,2518
2630,0.0038850418974063915,2.931519,8.527153,3653
2631,0.003251183432896616,2.2796881,11.091424,3057
2632,0.013412062241497947,1.5094262,5.8012395,12611
2633,0.0023440000935898405,1.3758436,7.569125,2204
2634,0.0038520727490845745,3.1640286,10.94327,3622
2635,0.00034883485966309783,1.7346208,9.375944,328
2636,0.0004711397647279035,1.6295134,13.10695,443
2637,4.360435745788723e-05,2.4769845,6.9960876,41
2638,0.0003935027380345921,2.834295,17.708004,370
2639,0.0015846461612744383,3.1347508,9.777196,1490
2640,0.00018824320170843998,1.7046436,9.951426,177
2641,0.0002616261447473234,1.2649549,4.99065,246
2642,0.00023610164282075524,2.4352896,9.81462,222
2643,0.002041960154125451,3.0232687,8.919025,1920
2644,9.997096587905853e-05,1.7746476,9.849903,94
2645,1.3825771876891073e-05,1.8215101,5.3214583,13
2646,0.004255147175341629,1.5881095,8.330819,4001
2647,0.0003637241524535959,1.0113721,3.2357676,342
2648,0.0017643811956740223,4.1342006,11.851386,1659
2649,0.002638595386658981,1.6602046,6.32598,2481
2650,0.0020015463594083844,2.2052345,12.594301,1882
2651,4.147731563067322e-05,3.8752084,23.146458,39
2652,0.02134911881974703,3.0606635,7.7093496,20074
2653,0.0017420472564882753,3.3616679,10.982553,1638
2654,0.005842983899356889,2.1688118,9.473698,5494
2655,0.00017760799257236993,2.0793307,10.240156,167
2656,0.007708399581823577,1.5117897,6.822963,7248
2657,0.0014517060470735626,1.5733424,10.175789,1365
2658,0.0023514447399850895,3.3496351,14.086311,2211
2659,0.0027577097289829657,4.0836596,8.888893,2593
2660,0.0017675717584148434,3.3475602,10.809661,1662
2661,0.0006902250729309467,1.8038797,13.314996,649
2662,0.0009241996739244878,1.600695,7.8819194,869
2663,0.005758965747181936,0.9094028,3.29539,5415
2664,0.00023397460099354125,1.7478038,7.3073134,220
2665,0.00031480219042767367,1.8186622,12.764874,296
2666,0.0012411289061793757,1.986343,12.4183235,1167
2667,0.000372232319762452,2.5015461,9.379523,350
2668,0.0010996806246696437,2.1811054,13.833693,1034
2669,0.0013613067694169673,1.4371806,16.568249,1280
2670,0.00013719419785530372,1.1410627,4.731653,129
2671,0.004799669883108417,3.5421169,11.484571,4513
2672,0.0018196842831815867,1.3517452,5.46575,1711
2673,0.0034670781783588383,3.3447382,11.129587,3260
2674,0.00028715064667389153,1.9683979,11.359504,270
2675,0.003456442969222768,4.3828926,15.038756,3250
2676,0.0017930962603414115,3.3231502,9.441656,1686
2677,0.001496373925445057,1.6680179,9.2891245,1407
2678,0.001510199697321948,1.1486269,8.560781,1420
2679,0.010997869767610045,1.709978,8.271313,10341
2680,0.00029246825124192656,0.9507342,9.612422,275
2681,0.011957165631683564,1.9037473,7.109227,11243
2682,0.0003626606315399889,1.3913842,7.038636,341
2683,0.00025524501926568136,0.8632882,1.9850942,240
2684,0.0019228458118014662,3.4605563,15.892234,1808
2685,0.0020153721312852757,2.5178103,7.13056,1895
2686,0.0006700181755724136,1.901847,8.4801035,630
2687,0.0038701526046158933,1.4517902,5.8653708,3639
2688,0.0012889873472916908,1.131284,9.622524,1212
2689,0.012256015008407133,1.3029356,4.63651,11524
2690,0.015538040547798353,1.4841864,6.463818,14610
2691,0.00956105301332698,1.2413499,5.1660585,8990
2692,0.00010954265410152158,2.4553106,19.26461,103
2693,0.0002637531865745374,1.5427849,7.953686,248
2694,0.05301651754330923,2.016776,11.2090845,49850
2695,0.0031246244441773827,2.027539,9.009781,2938
2696,0.00018398911805401198,2.3655066,11.105613,173
2697,0.02118640011996516,1.8085768,7.7358418,19921
2698,0.0002531179774384673,1.639952,7.223312,238
2699,0.0023780327628252647,3.8857007,12.295348,2236
2700,0.0003424537341814558,2.102879,13.474412,322
2701,0.0004562504719374054,1.9684608,14.5872965,429
2702,0.0003445807760086698,1.7066364,6.058747,324
2703,0.0015176443437171971,3.5897584,12.050549,1427
2704,0.0015899637658424734,1.5846994,7.429378,1495
2705,2.9778585580996157e-05,1.0773718,1.7237393,28
2706,0.003630860399054317,1.988691,10.0074005,3414
2707,0.00305443206387932,1.6783217,5.5136766,2872
2708,0.0017994773858230535,1.6312087,6.8384337,1692
2709,0.0014208639405789594,2.4927175,8.138638,1336
2710,0.014126748295441856,2.2839203,7.55165,13283
2711,0.0025779746945833815,4.0025973,11.5456295,2424
2712,0.0016644102297949637,3.0149295,8.45956,1565
2713,3.82867528898522e-05,2.0350223,11.146432,36
2714,0.00024141924738879027,1.327799,5.6787376,227
2715,0.0019334810209375361,2.6552672,16.700207,1818
2716,0.001723967400956956,2.2000325,6.280987,1621
2717,1.701633461771209e-05,0.9662956,1.7773943,16
2718,0.00011698730049677062,2.6644733,12.567907,110
2719,0.0014187368987517454,1.726865,7.929087,1334
2720,0.00112945921025064,2.9937367,11.830654,1062
2721,0.0014665953398640607,2.7324138,12.504778,1379
2722,0.0006827804265356976,1.8956401,10.346775,642
2723,0.0019685772110865675,2.5112095,10.169323,1851
2724,0.00962911835179783,1.2640125,3.8611476,9054
2725,0.0019536879182960694,1.9037642,6.538147,1837
2726,0.004366816871270365,3.8399498,14.001936,4106
2727,0.0012613358035379087,3.0493522,10.565204,1186
2728,0.0038658985209614654,5.610709,15.883357,3635
2729,0.0013921488759115704,1.8106127,7.5098653,1309
2730,0.00046688568107347545,1.8413447,10.52417,439
2731,0.001493183362704236,3.6558218,12.022723,1404
2732,0.0065268278468061935,1.7495253,10.333795,6137
2733,0.001511263218235555,2.3639185,7.7556157,1421
2734,0.0025567042763112416,2.261424,8.833948,2404
2735,1.0635209136070057e-05,1.1557816,1.9416568,10
2736,0.0014378802751966715,1.7397155,8.251905,1352
2737,0.0003360726086998138,2.3118398,8.917518,316
2738,4.360435745788723e-05,2.0462074,6.6342554,41
2739,0.002219568146697821,4.246928,13.353287,2087
2740,0.0002616261447473234,1.26931,7.3404217,246
2741,0.0005094265176177557,1.6682798,7.812601,479
2742,0.008252922289590363,1.4085492,6.503584,7760
2743,0.0020015463594083844,3.1500227,13.067029,1882
2744,0.0001499564488185878,2.1704795,12.409369,141
2745,0.002705597204216222,2.2073119,8.352485,2544
2746,0.0011124428756329279,1.7810521,7.923311,1046
2747,0.006907568333877501,1.7225366,13.092431,6495
2748,0.006123753420549138,3.6849349,11.094853,5758
2749,8.720871491577446e-05,2.8897924,16.784588,82
2750,0.000187179680794833,2.2107723,12.58967,176
2751,0.00017973503439958394,1.6462914,8.56261,169
2752,0.0007795608296739351,2.9556618,11.152842,733
2753,0.002077056344274482,0.7711173,1.8429708,1953
2754,0.000762544495056223,1.8552297,11.737248,717
2755,0.0031373866951406666,2.381681,9.791772,2950
2756,0.0015899637658424734,3.544554,12.154223,1495
2757,0.007068159991832159,1.8185195,7.078729,6646
2758,0.0025503231508295994,1.6996344,5.877098,2398
2759,0.015043503322971094,1.6824659,7.0474477,14145
2760,0.003787197973354547,1.4565618,7.199196,3561
2761,0.0033756153797886356,1.1468987,5.565152,3174
2762,0.0020281343822485596,1.4839736,8.6456785,1907
2763,0.0002828965630194635,1.9568044,11.726926,266
2764,0.00020313249449893807,1.2434036,9.480551,191
2765,9.997096587905853e-05,1.265998,3.0304797,94
2766,0.00046475863924626146,2.296535,11.904356,437
2767,3.935027380345921e-05,3.5889468,13.111648,37
2768,9.039927765659548e-05,0.8013614,3.1915848,85
2769,0.003803150787058652,2.2928517,9.938836,3576
2770,0.0027417569152788607,2.9873543,12.789451,2578
2771,0.00019568784810368903,1.7659574,7.844881,184
2772,0.007877499407087091,5.4393826,12.927305,7407
2773,0.003967996528667738,1.9555408,8.337271,3731
2774,0.0002626896656609304,2.133887,10.04862,247
2775,0.0019887841084451005,2.9741938,9.80683,1870
2776,0.00046582216015986845,2.1372473,11.683946,438
2777,0.009259013073862591,1.7997957,8.215953,8706
2778,0.0014134192941837106,3.13889,7.7650385,1329
2779,0.00019462432719008203,1.2808864,4.1306067,183
2780,0.0002456733310432183,1.7981267,8.973799,231
2781,0.0021855354774623966,3.9113882,12.447422,2055
2782,0.0023461271354170542,2.4031909,14.481294,2206
2783,0.0004115825935659112,1.4088266,6.1403065,387
2784,0.0001669727834362999,1.6354775,8.842384,157
2785,0.002473749645049895,2.841849,11.715139,2326
2786,0.0016548385415725007,2.0161529,8.729288,1556
2787,0.0021897895611168246,2.8739295,8.9909,2059
2788,0.001117760480200963,1.6919212,7.5343904,1051
2789,0.00048177497386397354,2.010148,10.86878,453
2790,0.0019260363745422873,3.7284105,21.463535,1811
2791,0.002686453827771296,6.5426006,13.975785,2526
2792,1.701633461771209e-05,0.83820957,1.2717141,16
2793,0.0016601561461405357,2.0718486,15.151755,1561
2794,0.00023610164282075524,1.7926905,10.0905285,222
2795,0.0014814846326545589,1.8219973,9.34856,1393
2796,0.0017696988002420574,2.0953064,8.102519,1664
2797,0.0019366715836783572,3.5780945,9.782572,1821
2798,0.00027013431205617945,2.3119912,11.116867,254
2799,0.0002903412094147125,2.0249,9.785283,273
2800,0.0021323594317820462,3.8533442,11.00733,2005
2801,0.002090882116151373,2.8941705,11.721826,1966
2802,0.002259981941414887,1.3276178,6.2490444,2125
2803,0.0029682868698771526,3.9030943,12.230385,2791
2804,0.0002637531865745374,2.1410844,9.506138,248
2805,2.020689735853311e-05,0.92080206,2.9643028,19
2806,0.002238711523142747,3.200467,12.357682,2105
2807,0.0014378802751966715,1.7287529,6.7141027,1352
2808,0.009249441385640128,2.4734402,10.246962,8697
2809,0.00012655898871923366,2.706655,9.154026,119
2810,0.0019526243973824622,1.9305556,8.45758,1836
2811,0.016683452571753098,1.6664706,8.611598,15687
2812,0.02507144201737155,0.81485164,3.3242905,23574
2813,0.0007029873238942307,1.818365,15.12886,661
2814,0.0035372705586569006,3.6788507,9.903998,3326
2815,0.002903412094147125,3.542338,10.9040785,2730
2816,0.0025099093561125334,1.3146607,7.173544,2360
2817,0.00663105289633968,1.511762,6.6789503,6235
2818,0.00362979687814071,4.871118,13.08351,3413
2819,5.6366608421171295e-05,1.0197635,2.9725058,53
2820,0.0015059456136675199,1.8930544,9.386539,1416
2821,0.0033001053949225385,4.4715667,14.85575,3103
2822,0.0014410708379374926,1.6470246,8.775414,1355
2823,5.104900385313627e-05,1.0175188,2.408614,48
2824,0.002832156192935456,2.2937818,9.126524,2663
2825,0.005368653571888165,1.816122,7.4885354,5048
2826,0.00320013442904348,5.0835333,12.031199,3009
2827,0.00035308894331752586,2.1423168,13.684564,332
2828,0.0030895282540283515,1.86264,8.073147,2905
2829,0.00035308894331752586,2.8740654,15.601075,332
2830,0.00306506727301539,0.98262095,4.2798386,2882
2831,0.0006008893161879582,2.2190795,11.358004,565
2832,0.00022546643368468518,3.1870794,14.447906,212
2833,0.0023822868464796927,3.223535,10.240387,2240
2834,0.0015452958874709792,3.363776,10.053169,1453
2835,0.002207869416648144,1.6797951,8.289207,2076
2836,1.2762250963284067e-05,0.78415924,1.4671812,12
2837,0.000372232319762452,1.883311,11.156926,350
2838,0.0039499166731364185,2.1263351,9.96171,3714
2839,8.189111034773943e-05,1.9741287,12.471031,77
2840,0.0021642650591902563,4.0707884,12.285455,2035
2841,0.0027151688924386855,3.5222259,11.829744,2553
2842,0.08147314662869189,1.4758452,6.6840024,76607
2843,4.041379471706622e-05,3.4509702,22.959398,38
2844,0.0014346897124558507,2.7474778,10.390599,1349
2845,0.003967996528667738,2.607533,8.528589,3731
2846,0.0021844719565487897,2.3763437,9.465985,2054
2847,0.0002456733310432183,1.5511528,8.99662,231
2848,0.00172609444278417,3.023315,11.212805,1623
2849,0.002250410253192424,2.5780325,9.473269,2116
2850,0.0012039056742031303,2.6984591,13.319744,1132
2851,0.004341292369343797,2.5135357,8.255527,4082
2852,0.0015474229292981932,3.1532516,9.627342,1455
2853,0.00013506715602808973,1.3979472,8.7964735,127
2854,0.0012304936970433055,3.4542735,10.663615,1157
2855,0.006186501154451952,8.563466,21.715694,5817
2856,0.001354925643935325,3.0106792,10.341645,1274
2857,0.001131586252077854,1.6664113,11.932399,1064
2858,4.679492019870825e-05,1.2751753,2.8763983,44
2859,0.00028821416758749853,1.9132301,9.354904,271
2860,0.0014421343588510995,1.8615881,6.77733,1356
2861,0.003920138087555423,2.5558999,9.159524,3686
2862,0.00028608712576028454,1.338503,9.5861225,269
2863,0.0031256879650909896,3.7264385,14.664529,2939
2864,0.00012868603054644768,2.4742694,13.114169,121
2865,0.00028608712576028454,1.9517283,6.4184804,269
2866,0.010659670117083018,2.5670617,6.3575983,10023
2867,0.0009039927765659548,2.0708687,11.060141,850
2868,0.01912636011030839,1.0617527,3.665731,17984
2869,7.231942212527638e-05,1.3013703,5.1136794,68
2870,0.0010656479554342197,1.2141688,5.8268933,1002
2871,0.003843564581775718,1.4270583,5.7695947,3614
2872,0.002238711523142747,0.8348598,3.4887161,2105
2873,0.002472686124136288,2.3691375,11.514613,2325
2874,0.002101517325287443,3.2869983,9.7380905,1976
2875,7.65735057797044e-05,3.0327375,16.963116,72
2876,0.000551967354162036,1.9904474,10.053375,519
2877,0.00046475863924626146,1.3294164,14.554713,437
2878,0.0004349800536652653,1.2336993,7.985996,409
2879,0.00011592377958316362,1.1843162,8.788214,109
2880,0.00024035572647518327,1.7711377,6.1341414,226
2881,0.00014463884425055276,0.97015214,3.27956,136
2882,0.0006051433998423862,1.9342821,9.551355,569
2883,0.0008401815217495345,3.029209,10.85786,790
2884,0.000952914738591877,1.2228702,6.1581416,896
2885,0.0031363231742270598,1.8805141,10.955377,2949
2886,0.002112152534423513,2.380007,8.705454,1986
2887,0.00021589474546222215,1.2749815,4.1781206,203
2888,0.03088571085206105,1.1952311,4.842822,29041
2889,0.00023929220556157628,2.6717625,13.535148,225
2890,0.0008603884191080676,2.2417357,12.790364,809
2891,8.401815217495345e-05,2.3468316,9.888199,79
2892,0.00322140484731562,3.9409218,14.483489,3029
2893,0.006738468508613988,1.399252,4.5869527,6336
2894,0.006695927672069707,1.5370889,7.892617,6296
2895,0.0007721161832786861,2.3381002,18.651855,726
2896,0.00014463884425055276,2.6228728,9.19108,136
2897,0.0005275063731490748,1.415689,7.1197295,496
2898,0.0013464174766264691,2.1099007,13.863519,1266
2899,0.02447587030575163,1.3002201,5.618672,23014
2900,0.0028300291511082418,3.2078311,10.512761,2661
2901,0.0004924101830000436,2.8499272,14.603293,463
2902,0.0018186207622679796,2.0557508,8.702951,1710
2903,2.020689735853311e-05,1.7457715,4.2067404,19
2904,0.003645749691844815,2.2590263,8.002652,3428
2905,2.446098101296113e-05,1.7265117,4.1952944,23
2906,0.00558348479643678,1.73816,8.189803,5250
2907,0.00018398911805401198,1.1434553,3.4210212,173
2908,0.0015016915300130919,4.224707,13.481593,1412
2909,0.0007859419551555772,1.4456402,6.5146585,739
2910,0.00022972051733911322,1.5290135,6.6857476,216
2911,0.00015740109521383683,2.1498036,12.302306,148
2912,0.006275836911194941,1.9665011,7.972475,5901
2913,4.7858441112315255e-05,1.8166441,10.918316,45
2914,0.00011592377958316362,0.827282,1.9046382,109
2915,0.0001712268670907279,1.669164,10.149764,161
2916,0.00012443194689201967,3.087493,13.771143,117
2917,0.0017750164048100925,3.1693783,8.606914,1669
2918,0.0007987042061188613,0.66741574,3.4204245,751
2919,0.0005381415822851448,2.105344,8.981635,506
2920,0.0019664501692593533,1.9234308,11.746807,1849
2921,0.0001520834906458018,2.1977158,21.975227,143
2922,0.002455669789518576,4.2077694,14.2950945,2309
2923,0.0006338584645097753,2.124039,12.2540865,596
2924,7.231942212527638e-05,1.2997686,4.8868136,68
2925,0.0032767079348231844,1.6010897,8.315039,3081
2926,0.004511455715520918,1.6358914,6.3857007,4242
2927,0.0012421924270929825,2.335551,11.099491,1168
2928,7.65735057797044e-05,1.1316223,3.4343092,72
2929,0.009165423233465175,24.45525,45.692673,8618
2930,0.0031469583833631295,2.7679105,9.919033,2959
2931,0.001894130747134077,3.6277246,12.178794,1781
2932,0.009427049378212498,2.0422235,9.807463,8864
2933,0.0017771434466373065,2.8513732,17.892063,1671
2934,0.00042221780270198123,1.9080975,9.17741,397
2935,0.0005987622743607442,1.4713625,5.469635,563
2936,0.0021153430971643343,2.1676733,8.0777445,1989
2937,0.0013496080393672902,2.90162,9.163027,1269
2938,0.0021185336599051554,1.9886553,10.475538,1992
2939,0.002125978306300404,2.4270995,10.207295,1999
2940,0.006187564675365559,1.4221147,4.954851,5818
2941,0.0003137386695140667,1.18913,7.2211037,295
2942,0.006001448515484333,2.4142387,12.5501375,5643
2943,0.000378613445244094,1.4546977,8.0964155,356
2944,0.0021472487245725444,3.883609,10.405221,2019
2945,0.00036159711062638193,1.7355262,7.9456024,340
2946,0.0009114374229612038,3.3027904,10.213485,857
2947,0.00152721603193966,0.87297463,3.1946778,1436
2948,0.002274871234205385,1.0318881,3.524612,2139
2949,0.0021515028082269723,3.704938,11.846842,2023
2950,0.0006742722592268416,1.7294915,9.602076,634
2951,0.0031448313415359157,2.1385708,8.66674,2957
2952,0.00851348491342408,1.2157764,5.194117,8005
2953,0.004260464779909665,1.6521258,6.612263,4006
2954,0.001293241430946119,1.9274956,9.355935,1216
2955,0.00036159711062638193,1.4798734,10.624807,340
2956,0.002698152557820973,3.571329,12.345433,2537
2957,0.0062407407210459094,2.1678288,9.372092,5868
2958,0.00014251180242333874,2.129229,9.609747,134
2959,0.00029459529306914055,2.331719,13.990318,277
2960,0.002481194291445144,3.0697172,9.519595,2333
2961,0.04441582391496938,1.1503075,7.219041,41763
2962,0.0022333939185747117,3.7013793,10.620908,2100
2963,0.001897321309874898,1.6588597,10.99177,1784
2964,0.0005243158104082538,2.1654296,11.74289,493
2965,0.00025418149835207437,1.5572233,9.380808,239
2966,0.010419314390607835,2.4299188,9.732761,9797
2967,0.0016442033324364307,2.6767638,9.922978,1546
2968,0.0004775208902095455,2.2028368,12.120933,449
2969,0.00270985128787065,2.3360968,7.3241267,2548
2970,0.010132163743933942,1.3358924,4.5920963,9527
2971,0.0037659275550824068,2.9056692,9.852666,3541
2972,0.00669167358841528,1.7051903,5.7169156,6292
2973,1.5952813704105085e-05,1.1807972,3.051629,15
2974,0.0008976116510843127,1.9640695,7.0689692,844
2975,0.0050400256095836,3.8377795,10.835992,4739
2976,0.003006573622767005,1.2542121,5.173708,2827
2977,0.0016750454389310339,2.5181324,11.623227,1575
2978,0.00605568808207829,1.5795789,6.753593,5694
2979,0.002607753280164378,3.286814,10.239043,2452
2980,0.0017835245721189484,1.5675083,9.02574,1677
2981,0.00011060617501512859,2.210476,10.62291,104
2982,0.0006253502972009194,1.083873,4.1064773,588
2983,0.002824711546540207,4.237433,10.091267,2656
2984,0.00250033766789007,6.102626,13.886741,2351
2985,0.00010954265410152158,1.5961386,9.701764,103
2986,0.0019600690437777115,4.116199,12.697171,1843
2987,1.1698730049677062e-05,0.7894821,1.3478385,11
2988,0.0003222468368229227,1.5719459,9.118115,303
2989,0.03340412837548244,1.6257393,7.197191,31409
2990,0.002810885774663316,3.8191738,11.739803,2643
2991,0.00784559377967888,1.819573,9.512245,7377
2992,0.0033107406040586086,3.6255774,12.978412,3113
2993,0.001343226913885648,2.859993,8.99689,1263
2994,0.00025524501926568136,3.3858967,16.044872,240
2995,0.005409067366605231,2.731749,10.663719,5086
2996,0.005854682629406566,2.2158003,9.997859,5505
2997,0.003613844064436605,4.3684964,13.974885,3398
2998,0.0008125299779957523,2.175326,6.787766,764
2999,0.0032979783530953243,3.4775674,9.352129,3101
3000,0.0019845300247906725,2.5069566,11.4828005,1866
3001,0.0001340036351144827,1.839321,11.846014,126
3002,0.00046369511833265446,1.9140513,8.06863,436
3003,0.0012613358035379087,1.8665888,12.606355,1186
3004,0.00031480219042767367,1.5924631,9.130972,296
3005,0.0017718258420692714,2.1218002,7.6992316,1666
3006,0.0005104900385313627,1.5263335,9.155531,480
3007,0.0001340036351144827,2.349625,8.166922,126
3008,3.296914832181717e-05,3.7273183,13.062721,31
3009,0.0009093103811339898,1.3496201,10.995279,855
3010,0.0020472777586934858,1.8022256,12.865249,1925
3011,0.0019792124202226377,2.053954,8.23015,1861
3012,0.0003584065478855609,2.0741353,11.147827,337
3013,0.005760029268095542,1.4724954,5.959033,5416
3014,0.0026205155311276617,3.0547829,11.574582,2464
3015,0.00023822868464796926,2.0840049,9.707843,224
3016,0.0002275934755118992,1.904219,9.974708,214
3017,0.002289760526995883,4.1533785,10.466351,2153
3018,0.0008540072936264255,1.1832526,9.2307625,803
3019,0.003967996528667738,3.8533578,9.682993,3731
3020,0.0017643811956740223,1.4495865,7.736176,1659
3021,0.004781590027577097,1.8466581,7.5638247,4496
3022,0.0014400073170238855,1.4825093,6.0558066,1354
3023,0.00019994193175811706,1.5119194,6.3062716,188
3024,0.0004169001981339462,2.3819528,15.688704,392
3025,0.003431981988209807,1.1800418,4.296382,3227
3026,0.004886878598024191,3.7200134,11.495338,4595
3027,0.0011720000467949202,2.025256,15.748383,1102
3028,7.444646395249039e-06,1.236861,1.65165,7
3029,0.0003435172550950628,1.361909,10.976051,323
3030,0.001341099872058434,2.966882,12.691008,1261
3031,0.0003605335897127749,2.8415127,17.509035,339
3032,0.008713426845182197,1.6927567,7.6238527,8193
3033,0.02517885762964586,2.8091588,8.2018385,23675
3034,0.00025843558200650235,1.2643708,5.1448536,243
3035,0.000563666084211713,1.1776807,10.891563,530
3036,0.003418156216332916,2.3901894,10.756418,3214
3037,0.0033426462314668187,1.2699109,4.734888,3143
3038,0.013607750089601637,1.9180652,10.684195,12795
3039,0.0018196842831815867,2.8922865,10.038917,1711
3040,2.3397460099354124e-05,1.7271045,4.698469,22
3041,0.00013932123968251773,0.9348043,5.0343738,131
3042,0.011777430597283981,1.6182312,5.2836547,11074
3043,0.0002828965630194635,1.8421903,9.649703,266
3044,0.0029236189915056586,1.2684884,7.0389986,2749
3045,0.00015846461612744383,0.9223448,1.9308418,149
3046,0.0027119783296978644,2.9829783,14.116952,2550
3047,0.0034766498665813016,1.6390898,10.828537,3269
3048,0.0013613067694169673,2.9431217,11.909538,1280
3049,0.009847140139087265,1.780266,8.035983,9259
3050,0.0034957932430262277,1.3591965,7.7475214,3287
3051,0.009847140139087265,1.413431,5.7307396,9259
3052,0.002129168869041225,2.8281074,8.339213,2002
3053,0.0005445227077667869,1.487222,6.4685855,512
3054,0.00027226135388339344,1.8231736,9.1930275,256
3055,0.00048283849477758053,2.3290148,12.134197,454
3056,0.001321956495613508,1.2644439,3.7913227,1243
3057,0.0018569075151578318,4.0488043,13.051352,1746
3058,0.00016378222069547886,1.8337556,10.954144,154
3059,0.0012730345335875857,2.436538,9.80323,1197
3060,0.0016718548761902128,3.0116286,9.749596,1572
3061,0.0023716516373436226,3.342117,12.407107,2230
3062,0.0034894121175445855,2.9808795,10.349364,3281
3063,0.0033352015850715696,2.9633684,9.176691,3136
3064,0.000747655202265725,2.0035672,7.7432575,703
3065,0.001128395689337033,3.6655726,14.670207,1061
3066,0.004763510172045778,1.3265191,4.8909125,4479
3067,3.615971106263819e-05,1.7517637,4.2466373,34
3068,0.0009316443203197369,2.2619302,10.825125,876
3069,0.0009093103811339898,2.3442938,10.461627,855
3070,0.0033628531288253517,5.721881,14.633421,3162
3071,0.0008997386929115267,1.8850567,10.377106,846
3072,0.0032288494937108693,6.6065507,14.049928,3036
3073,0.00327458089299597,3.6927295,11.080738,3079
3074,0.0014942468836178428,1.5437826,6.1731577,1405
3075,5.5303087507564294e-05,3.3729072,15.754305,52
3076,0.002665183409499156,1.2332046,3.5356846,2506
3077,0.010439521287966368,1.6949406,6.9841413,9816
3078,0.00335647200334371,1.6570362,9.393022,3156
3079,0.0025715935691017397,1.3979601,4.570999,2418
3080,0.0012017786323759163,1.8884485,7.9918194,1130
3081,0.00904630889114119,1.4541444,6.4938397,8506
3082,0.0028980944895790903,1.1703944,4.4372497,2725
3083,0.012215601213690067,1.6219294,8.392292,11486
3084,0.002080246907015303,2.9802508,10.608297,1956
3085,0.001113506396546535,1.458323,5.9733953,1047
3086,0.002640722428486195,4.2325807,12.290501,2483
3087,0.0020717387397064468,2.2554967,5.8870797,1948
3088,0.002954461098000262,3.0032377,13.051607,2778
3089,0.000193560806276475,2.3426938,13.29445,182
3090,0.0003626606315399889,1.822426,10.767001,341
3091,3.615971106263819e-05,1.1726465,3.2476628,34
3092,0.0013751325412938583,2.212806,15.091569,1293
3093,0.0019643231274321395,3.2061548,9.548701,1847
3094,0.012615485077206301,1.5582,4.2225375,11862
3095,0.013312091275618889,1.6647773,7.330382,12517
3096,0.002251473774106031,2.1601138,8.322885,2117
3097,0.01916145630045742,2.1640754,6.4909387,18017
3098,0.016567528792169935,1.466818,8.316746,15578
3099,4.360435745788723e-05,0.818789,1.805147,41
3100,0.0017356661310066331,1.8721632,9.571954,1632
3101,0.0018005409067366606,3.0062628,10.593669,1693
3102,0.0030597496684473553,4.7224755,12.926229,2877
3103,0.00023291108007993423,1.6620559,6.5429177,219
3104,0.007242577421663708,2.18776,10.8264675,6810
3105,0.002105771408941871,3.2553754,11.00741,1980
3106,0.0008657060236761026,1.5914239,6.9613347,814
3107,0.0019047659562701472,4.196745,11.839158,1791
3108,0.0016559020624861078,2.6802936,9.53785,1557
3109,9.57168822246305e-06,2.6000056,11.489016,9
3110,0.02612964532641052,1.3722605,3.1169724,24569
3111,0.003057622626620141,3.1732266,11.9023,2875
3112,0.00019462432719008203,2.6435378,20.925415,183
3113,0.0028970309686654834,1.2446055,4.7145915,2724
3114,0.001507009134581127,3.4072149,12.778443,1417
3115,0.016403746571474455,1.1223036,5.789794,15424
3116,0.0008221016662182154,1.5377916,8.384692,773
3117,0.0031310055696590245,7.285897,13.940682,2944
3118,0.0020249438195077385,3.4876828,13.138246,1904
3119,0.0008646425027624956,1.2589711,7.738786,813
3120,0.002010054526717241,3.1620371,10.671091,1890
3121,0.0007912595597236122,1.3559242,5.749381,744
3122,0.0072085447524282845,1.885575,8.98442,6778
3123,0.018613743029949812,1.0214372,3.6552725,17502
3124,0.0992988206616589,1.9505825,9.062611,93368
3125,7.231942212527638e-05,2.0652335,8.800923,68
3126,0.001126268647509819,1.9673122,12.356587,1059
3127,0.003190562740821017,1.4376477,6.3330345,3000
3128,0.0005094265176177557,1.6186377,10.081978,479
3129,0.009222853362799953,27.947552,54.372322,8672
3130,0.00021589474546222215,0.8283906,2.2874117,203
3131,0.008269938624208075,1.0668982,6.813853,7776
3132,0.002878951113134164,2.8124962,9.828837,2707
3133,0.00012124138415119864,2.8089468,12.704347,114
3134,0.00036691471519441696,2.0304606,7.9772267,345
3135,0.0007029873238942307,1.5905256,10.388363,661
3136,0.0033011689158361454,3.0117328,11.928431,3104
3137,0.0003658511942808099,2.1734748,9.692665,344
3138,0.02790997933578865,1.6501396,7.5441146,26243
3139,0.00014144828150973175,0.7022389,2.8379683,133
3140,0.007190464896896965,1.6800159,6.3005886,6761
3141,0.0014229909824061736,2.9775834,12.678014,1338
3142,0.010600112945921026,1.6385015,7.6417036,9967
3143,0.00024992741469764633,1.9119849,8.026248,235
3144,0.0034819674711493364,4.3450384,14.078694,3274
3145,0.003027844041039145,5.161595,13.175604,2847
3146,0.0023312378426265565,4.5887775,23.642843,2192
3147,0.000550903833248429,1.9119962,11.175477,518
3148,0.000190370243535654,1.805997,9.216077,179
3149,0.001910083560838182,3.5068455,9.258958,1796
3150,2.9778585580996157e-05,1.2077329,3.2963762,28
3151,0.0033245663759354995,4.6885643,17.067865,3126
3152,0.0021621380173630425,4.2035046,11.600936,2033
3153,0.0002244029127710782,1.9693611,9.741245,211
3154,0.0006710816964860206,1.5880684,8.471876,631
3155,4.360435745788723e-05,1.5505017,6.066323,41
3156,0.00016590926252269287,2.4239204,12.397813,156
3157,0.0021982977284256805,2.375168,7.741578,2067
3158,0.0014176733778381385,2.686688,9.841967,1333
3159,0.0026992160787345804,2.3827183,8.600574,2538
3160,0.001502755050926699,2.215157,11.388255,1413
3161,0.0020047369221492055,3.292996,10.934176,1885
3162,0.0010273612025443674,2.1743875,7.2115016,966
3163,0.006343902249665788,1.9040239,14.5721445,5965
3164,0.001709078108166458,1.9674795,7.7832427,1607
3165,0.0003052305022052106,2.1962633,10.747176,287
3166,0.002065357614224805,2.9231248,10.033558,1942
3167,0.00019675136901729605,1.2059114,4.534,185
3168,0.0027002795996481873,3.3355725,9.547277,2539
3169,0.002266363066896529,1.8830832,7.821538,2131
3170,0.0028576806948620243,2.254623,10.525818,2687
3171,0.0012134773624255934,2.0566564,15.031369,1141
3172,5.317604568035028e-06,0.53629076,0.62713706,5
3173,0.00019675136901729605,2.3061216,12.348575,185
3174,0.0028810781549613784,2.9535868,8.491481,2709
3175,0.0007178766166847288,1.9428915,12.457631,675
3176,0.0005126170803585767,2.4117353,14.910573,482
3177,0.003425600862728165,3.6242704,21.03957,3221
3178,0.0021653285801038636,2.6252904,9.1016865,2036
3179,0.0039031217529377107,1.4905033,5.7548304,3670
3180,0.0008189111034773944,1.6819011,5.975979,770
3181,0.0006083339625832072,2.85206,11.707173,572
3182,0.00015633757430022984,2.4737148,11.25372,147
3183,0.009251568427467343,25.953398,50.811893,8699
3184,0.0023801598046524785,2.2775307,14.579222,2238
3185,0.0027364393107108254,2.2901647,7.7089133,2573
3186,0.0002605626238337164,1.7007139,9.771824,245
3187,0.00014038476059612475,2.5624895,10.610254,132
3188,0.0022206316676114278,2.7728655,8.472843,2088
3189,0.0002616261447473234,2.0639853,11.4079075,246
3190,0.0034309184672962002,2.1518774,12.927668,3226
3191,0.0039414085058275625,1.6801076,5.5958085,3706
3192,0.00013719419785530372,2.3861692,8.879724,129
3193,0.004293433928231481,3.5167222,10.68885,4037
3194,0.0004839020156911876,1.7514268,7.943,455
3195,0.0008986751719979197,2.501894,14.953277,845
3196,0.000571110730606962,2.0414143,11.824042,537
3197,0.0023163485498360584,4.4012847,13.190492,2178
3198,0.0005392051031987518,2.2402904,9.159379,507
3199,0.014625539603923541,2.3343084,9.998436,13752
3200,0.0049985482939529265,2.1763608,10.04108,4700
3201,0.0023631434700347666,3.3159087,11.1059265,2222
3202,0.01508817120134259,1.144176,5.8745627,14187
3203,0.012778203776988172,1.5566887,5.5387497,12015
3204,0.0029374447633825494,4.7560043,13.669697,2762
3205,0.00042647188635640927,1.7957895,6.978645,401
3206,0.006150341443389313,1.1836923,4.6148086,5783
3207,6.806533847084836e-05,1.1271206,3.1352558,64
3208,0.0020089910058036335,2.2119014,8.175386,1889
3209,0.0023089039034408093,2.615105,10.9158,2171
3210,0.02577017525761135,0.91187006,2.9686215,24231
3211,0.0016399492487820027,3.0110307,13.271191,1542
3212,0.0008678330655033166,2.3720884,13.483607,816
3213,0.0028970309686654834,2.3739817,8.158004,2724
3214,0.005351637237270453,2.619729,9.329851,5032
3215,0.007730733521009324,1.5776588,5.371412,7269
3216,0.0008625154609352816,2.4965951,14.340169,811
3217,1.701633461771209e-05,1.1963063,2.170747,16
3218,0.00036159711062638193,1.9925115,11.250307,340
3219,0.0017803340093781274,3.4652035,11.481855,1674
3220,7.870054760691842e-05,1.4080884,8.168638,74
3221,0.009045245370227583,22.852528,44.439747,8505
3222,0.00021908530820304316,2.4355998,8.876602,206
3223,0.004244511966205559,4.138616,11.642306,3991
3224,0.0019749583365682092,4.5227003,13.186783,1857
3225,0.00011805082141037762,2.3992047,11.997358,111
3226,5.317604568035028e-06,0.7891255,1.0985028,5
3227,0.0014049111268748544,2.060788,8.777452,1321
3228,0.0035000473266806557,4.62605,12.270398,3291
3229,0.0020026098803219918,2.2403266,11.675905,1883
3230,0.003024653478298324,1.432534,8.423098,2844
3231,0.00214512168274533,2.8301558,7.8688307,2017
3232,0.009601466808044046,2.5483012,11.241057,9028
3233,0.001295368472773333,3.467354,11.433046,1218
3234,0.0013847042295163214,1.7589748,13.234111,1302
3235,0.0017516189447107382,3.349216,9.618583,1647
3236,6.806533847084836e-05,2.755985,12.265274,64
3237,0.002215314063043393,3.9740474,9.64762,2083
3238,3.1905627408210167e-06,1.8387618,2.2946932,3
3239,0.01511263218235555,1.7434212,7.545761,14210
3240,8.933575674298847e-05,1.7548559,7.2619762,84
3241,0.0019813394620498514,2.270111,9.325151,1863
3242,0.002397176139270191,3.8196843,11.366751,2254
3243,0.00302252643647111,5.2574587,12.556423,2842
3244,0.0021887260402032177,2.4818037,10.204785,2058
3245,0.0012985590355141538,2.2868106,9.584894,1221
3246,0.0002765154375378215,1.4712727,7.2538257,260
3247,0.00027119783296978645,1.858616,7.3595634,255
3248,0.039782063294383656,1.2606204,6.7721395,37406
3249,0.00883679527116061,2.018703,6.879379,8309
3250,0.0002456733310432183,2.2968173,13.324425,231
3251,0.0014676588607776678,1.4755335,7.2274027,1380
3252,0.0001669727834362999,2.5906723,12.048357,157
3253,0.002776853105427892,1.5891583,5.3946476,2611
3254,0.002261045462328494,2.4219322,15.014553,2126
3255,0.0016048530586329716,2.1700814,6.2245917,1509
3256,6.381125481642034e-05,5.310119,28.573101,60
3257,0.00014463884425055276,1.7221737,7.900528,136
3258,0.00018186207622679796,2.0521836,8.526302,171
3259,0.004244511966205559,1.8280585,7.340209,3991
3260,0.0009103739020475968,1.8802817,6.918289,856
3261,0.0001308130723736617,0.94567686,3.6020346,123
3262,0.001143284982127531,1.8334821,14.018595,1075
3263,0.00010528857044709356,1.5820012,6.4586,99
3264,0.0021865989983760035,4.35533,10.614638,2056
3265,0.0027268676224883625,2.2618372,7.359557,2564
3266,0.0018515899105897968,2.812228,11.762618,1741
3267,0.002448225143123327,3.635383,11.106621,2302
3268,0.0018430817432809408,3.7824688,11.824408,1733
3269,0.00032331035773652974,2.0772462,7.643362,304
3270,0.0012453829898338036,2.3310745,7.4756064,1171
3271,0.00029353177215553356,1.7040561,8.274468,276
3272,7.444646395249039e-06,6.8856597,11.602551,7
3273,0.0014878657581362008,1.8295791,7.18097,1399
3274,0.0034979202848534415,3.234983,15.809939,3289
3275,0.0022057423748209296,2.9149165,7.9081883,2074
3276,0.0009795027614320521,2.225002,15.465388,921
3277,0.001682490085326283,2.9235432,11.5632,1582
3278,0.0018079855531319097,1.5022575,5.435689,1700
3279,0.0018367006177992986,1.4685107,10.602459,1727
3280,0.0017388566937474542,1.8640647,8.807048,1635
3281,0.0047560655256505295,2.5841,8.929865,4472
3282,0.0002073865781533661,1.9921266,16.434498,195
3283,1.0635209136070056e-06,1.4218668,1.4218668,1
3284,0.011860385228545326,1.1208845,5.390039,11152
3285,0.003254373995637437,2.8789344,9.997313,3060
3286,0.0003498983805767048,1.8982455,9.185853,329
3287,0.04170490910618512,2.1663759,7.851123,39214
3288,0.0022206316676114278,3.6701307,10.269091,2088
3289,0.0022057423748209296,2.1276264,7.897257,2074
3290,0.0003562795060583469,1.4752492,7.7746124,335
3291,0.0013772595831210723,1.8856316,10.332884,1295
3292,0.009368555727964113,26.43673,48.97592,8809
3293,0.013321662963841352,0.93143755,3.2599473,12526
3294,0.0018175572413543727,3.2581198,12.230752,1709
3295,0.0011900799023262393,1.8865908,8.966398,1119
3296,0.001528279552853267,3.1856704,10.625722,1437
3297,0.0015708203893975473,1.8580863,10.80605,1477
3298,0.001546359408384586,3.6620874,11.711536,1454
3299,0.001860098077898653,2.0524752,5.990121,1749
3300,0.00012443194689201967,2.075813,9.620467,117
3301,0.00037116879884884494,2.5207229,15.29234,349
3302,0.000186116159881226,1.2329398,4.63051,175
3303,0.014354341770953755,2.4464557,6.5066113,13497
3304,0.0010039637424450133,2.5346746,10.026775,944
3305,0.0003956297798618061,1.295499,8.661818,372
3306,0.0007146860539439078,1.6999071,5.713867,672
3307,0.0026800727022896543,1.3350822,4.867514,2520
3308,0.000580682418829425,1.9103935,9.847825,546
3309,0.0016154882677690415,3.1439345,8.198745,1519
3310,0.00025418149835207437,1.7866203,7.7257175,239
3311,0.00036691471519441696,2.5065134,19.497177,345
3312,0.00043604357457887233,2.232088,14.487147,410
3313,0.0014198004196653525,1.6619624,8.710959,1335
3314,0.0025535137135704205,3.400686,15.651167,2401
3315,0.00012655898871923366,0.9018417,2.0858243,119
3316,9.571688222463051e-05,2.8427012,15.49321,90
3317,0.004906021974469117,2.4570487,13.050561,4613
3318,0.0005934446697927092,1.801641,7.6008673,558
3319,0.00342028325816013,2.1594052,10.871771,3216
3320,0.001728221484611384,1.3901302,5.541316,1625
3321,0.00034670781783588384,1.4265014,9.518975,326
3322,0.0012198584879072355,2.286363,7.2440543,1147
3323,0.004387023768628898,1.5402795,6.643976,4125
3324,0.00029565881398274755,2.944973,14.124418,278
3325,0.0011879528604990253,2.2222977,9.757072,1117
3326,0.0008135934989093593,1.6374543,10.15111,765
3327,0.002093009157978587,1.8035561,9.277119,1968
3328,0.0015878367240152594,2.9455895,8.678309,1493
3329,0.014531949763526125,1.9409144,8.347964,13664
3330,0.0027311217061427905,4.699368,13.637745,2568
3331,0.000581745939743032,2.1544337,10.6549425,547
3332,0.0008774047537257796,1.8131002,13.8901825,825
3333,5.3176045680350284e-05,1.0023576,2.7158432,50
3334,0.00132833762109515,2.5826256,10.211448,1249
3335,0.00022121235003025718,2.1052053,15.146294,208
3336,0.0021036443671146573,2.5010843,12.358207,1978
3337,0.0017590635911059872,2.4923086,10.827924,1654
3338,0.0012230490506480564,2.6729872,7.7086053,1150
3339,0.0002616261447473234,0.9610745,4.8308268,246
3340,0.0002233393918574712,1.6438215,7.4805503,210
3341,0.0001137967377559496,1.7961712,7.4069524,107
3342,0.0026885808695985103,2.3484795,9.632837,2528
3343,0.0024237641621103656,2.8002515,7.239905,2279
3344,0.004956007457408646,2.9227233,8.92241,4660
3345,0.0002095136199805801,1.9283869,9.445891,197
3346,0.0029044756150607325,2.8531759,7.589844,2731
3347,0.001127332168423426,2.5916839,7.7306848,1060
3348,0.00012017786323759164,2.5610173,8.312613,113
3349,0.00362979687814071,3.8793452,12.292077,3413
3350,0.001525088990112446,3.3001409,9.79647,1434
3351,0.0008327368753542854,1.7798139,8.413326,783
3352,0.0029385082842961563,1.4689467,9.003109,2763
3353,0.0003956297798618061,2.2487016,12.471285,372
3354,0.00019143376444926102,1.8562142,10.348748,180
3355,0.0001297495514600547,2.1886737,9.957245,122
3356,0.00040732850991148314,2.221111,12.38769,383
3357,0.001668664313449392,4.284641,10.560878,1569
3358,0.0013900218340843565,2.6199431,9.475092,1307
3359,0.002303586298872774,3.055994,9.616742,2166
3360,0.00045944103467822643,1.8603077,5.632943,432
3361,0.0004753938483823315,1.8616058,17.428398,447
3362,4.9985482939529265e-05,3.523417,12.900399,47
3363,0.002064294093311198,2.598536,8.887097,1941
3364,0.003229913014624476,5.760051,14.150099,3037
3365,0.028119492955769227,1.7974752,12.551709,26440
3366,0.0013623702903305742,1.776865,8.830651,1281
3367,0.0001308130723736617,2.8245797,10.96475,123
3368,0.02539156181236726,1.3958384,6.3965287,23875
3369,5.9557171161992314e-05,3.661921,10.721874,56
3370,0.0024790672496179302,4.412594,12.751172,2331
3371,0.002999128976371756,4.49516,13.007366,2820
3372,0.0014176733778381385,1.9859132,8.703789,1333
3373,0.00028715064667389153,1.4715105,8.132024,270
3374,0.00018292559714040495,2.8142765,12.419933,172
3375,0.0028768240713069504,2.626539,12.242444,2705
3376,0.0014921198417906288,2.079177,11.209634,1403
3377,0.00012762250963284068,1.0899538,5.1211395,120
3378,0.0014517060470735626,2.9826863,9.541509,1365
3379,0.014342643040904077,1.6911356,10.968841,13486
3380,0.0025758476527561677,2.4965096,6.7921824,2422
3381,0.00020313249449893807,1.895836,8.064511,191
3382,0.0004339165327516583,2.6986253,15.17998,408
3383,0.00011273321684234259,2.8275423,9.478707,106
3384,0.004332784202034941,1.1372204,5.3397202,4074
3385,0.0023865409301341207,1.4280037,5.9764156,2244
3386,0.002643912991227016,4.0814595,10.471608,2486
3387,0.00030948458585963864,2.0006673,12.199785,291
3388,0.0005998257952743512,2.0699866,12.691387,564
3389,0.0027311217061427905,3.561859,9.8834915,2568
3390,0.002832156192935456,3.0092852,8.578514,2663
3391,7.976406852052543e-05,3.3181453,15.21399,75
3392,0.0012039056742031303,3.4350338,10.61525,1132
3393,0.0085772961682405,1.4564146,10.032335,8065
3394,0.002702406641475401,2.213993,7.055881,2541
3395,0.0006040798789287792,1.153085,6.2902737,568
3396,0.0003998838635162341,1.167577,6.886984,376
3397,0.0006444936736458454,1.2470104,4.1932855,606
3398,0.015139220205195725,1.0621793,9.345896,14235
3399,0.00024886389378403934,2.1182919,11.1733,234
3400,0.008894225400495387,1.6089895,7.31221,8363
3401,0.008035964023214534,1.6626933,6.3571267,7556
3402,0.002216377583957,3.4879513,9.557371,2084
3403,0.00031161162768685263,1.5897197,8.085045,293
3404,0.001159237795831636,1.6926051,17.63438,1090
3405,0.0007933866015508262,1.4118828,7.1090817,746
3406,0.0025301162534710664,4.655454,14.346023,2379
3407,0.000190370243535654,3.0637572,17.446716,179
3408,0.0038063413497994732,3.8404038,10.687978,3579
3409,0.0021525663291405792,1.6556213,9.61754,2024
3410,0.01921463234613777,1.9833876,8.229572,18067
3411,0.002250410253192424,3.1694663,8.642194,2116
3412,0.0009624864268143401,1.5149707,5.7958536,905
3413,0.00011698730049677062,3.269167,18.283537,110
3414,0.005916366842395772,5.1466436,12.003808,5563
3415,0.0008571978563672465,2.1248496,9.022955,806
3416,3.82867528898522e-05,3.8611944,12.6682205,36
3417,0.000939088966714986,1.1234124,5.46621,883
3418,0.019131677714876425,2.3541958,9.405962,17989
3419,0.0009699310732095892,2.6782708,16.02191,912
3420,0.002235520960401926,2.282063,7.769373,2102
3421,0.002296141652477525,2.2564619,9.809996,2159
3422,0.002247219690451603,2.192327,11.82966,2113
3423,0.0010752196436566827,2.324405,9.748658,1011
3424,0.004875179867974514,1.3927968,5.2582407,4584
3425,0.0013974664804796053,1.724894,7.923279,1314
3426,0.0010943630201016089,3.2371345,8.666919,1029
3427,0.002705597204216222,3.5130823,10.595543,2544
3428,0.007987042061188613,1.9506599,9.500742,7510
3429,0.00046263159741904747,1.8728472,7.9396076,435
3430,0.0033352015850715696,2.3401191,9.867988,3136
3431,0.004100936642868614,5.656143,14.559862,3856
3432,0.005317604568035028,2.6716292,10.341063,5000
3433,0.0003190562740821017,1.1009874,4.2551084,300
3434,0.0015484864502118,2.6377096,11.323604,1456
3435,0.009282410533961945,29.84748,52.910793,8728
3436,0.0021791543519807544,2.9366477,9.471581,2049
3437,0.0021653285801038636,2.7805443,9.795854,2036
3438,0.0027736625426870707,1.9539754,15.724285,2608
3439,0.0023961126183565835,2.790831,10.377794,2253
3440,0.0020717387397064468,3.3637657,11.828406,1948
3441,0.0016633467088813568,4.098931,14.174221,1564
3442,0.0033479638360348536,1.7321692,7.9707704,3148
3443,7.444646395249039e-06,3.2805028,6.824335,7
3444,0.0001308130723736617,1.088997,8.155368,123
3445,0.0016399492487820027,1.9220605,6.8795915,1542
3446,0.00028715064667389153,2.2706115,9.220167,270
3447,0.0012209220088208424,1.7282066,5.51981,1148
3448,6.806533847084836e-05,2.8042688,18.25891,64
3449,0.008315670023493177,1.675199,9.996036,7819
3450,0.00011698730049677062,3.0122192,10.535135,110
3451,0.002443971059468899,5.5865498,13.958897,2298
3452,0.0004732668065551175,1.8751228,8.194772,445
3453,0.0003265009204773507,1.5585401,7.568497,307
3454,0.00014251180242333874,2.5386934,23.016146,134
3455,0.0012347477806977335,3.269081,11.245244,1161
3456,0.0031703558434624836,3.3793504,13.081404,2981
3457,1.91433764449261e-05,1.0768657,2.2367988,18
3458,0.00918137604716928,1.6897669,6.943101,8633
3459,0.001106061750151286,3.9040666,12.951694,1040
3460,0.0027704719799462496,1.8000497,8.339462,2605
3461,0.0021993612493392874,4.006519,11.142828,2068
3462,0.0026875173486849034,1.80151,10.741994,2527
3463,0.0010358693698532234,1.6684897,12.046317,974
3464,0.008860192731259963,2.6478858,10.382963,8331
3465,0.0007391470349568689,1.6747153,7.7135653,695
3466,0.0018143666786135516,1.8348929,7.329504,1706
3467,0.006167357778007026,1.7357663,5.572251,5799
3468,0.0006008893161879582,1.530619,8.180485,565
3469,0.0005902541070518881,1.5218133,5.9613695,555
3470,0.00018824320170843998,1.7992665,8.827264,177
3471,9.67804031382375e-05,1.5473195,10.011352,91
3472,0.012375129350731118,1.5784903,6.503205,11636
3473,0.00010103448679266554,2.020823,9.126789,95
3474,4.7858441112315255e-05,2.9747546,10.317085,45
3475,0.0023525082608986964,2.3069088,8.686773,2212
3476,0.003360726086998138,2.5717115,9.974988,3160
3477,0.00565793126038927,4.5004015,16.317015,5320
3478,0.0029342542006417283,1.9335513,8.994762,2759
3479,0.0005455862286803939,2.1078951,8.760673,513
3480,0.0021951071656848595,1.4744021,5.2807302,2064
3481,0.00010741561227430756,2.3724048,9.97463,101
3482,0.00021589474546222215,0.97306395,4.7284594,203
3483,0.0020036734012355987,1.7084254,11.259417,1884
3484,0.0036936081329571307,3.2364805,10.1222,3473
3485,0.006491731656657162,1.2926238,5.57581,6104
3486,1.8079855531319095e-05,1.2859745,3.2169743,17
3487,0.0029714774326179737,2.8525262,9.936715,2794
3488,3.82867528898522e-05,0.7596655,1.6108541,36
3489,0.0012762250963284068,2.09252,5.7248793,1200
3490,0.002714105371525078,3.3124528,15.806226,2552
3491,0.0019653866483457464,1.7669386,10.317061,1848
3492,0.0003626606315399889,1.6837089,5.972004,341
3493,0.0014719129444320958,1.9903533,6.202497,1384
3494,0.0018175572413543727,3.239517,10.757257,1709
3495,0.00014357532333694577,1.9370863,8.662673,135
3496,0.0014006570432204264,3.5460024,12.1279545,1317
3497,0.0010582033090389706,2.7863963,7.4897065,995
3498,7.338294303888339e-05,1.979723,8.751581,69
3499,0.0008444356054039625,2.2059581,9.898314,794
3500,0.0009327078412333439,2.1521027,8.212162,877
3501,0.0014804211117409518,2.469001,7.6710753,1392
3502,0.00024035572647518327,1.9797034,8.175834,226
3503,8.401815217495345e-05,1.8018717,7.612724,79
3504,0.0001499564488185878,1.8717946,11.105353,141
3505,0.0006636370500907715,2.163012,13.20593,624
3506,0.017984138649094466,2.3423314,11.264079,16910
3507,0.0018771144125163649,4.214935,11.624283,1765
3508,0.006916076501186357,1.44217,6.4766173,6503
3509,0.004007346802471197,1.9325626,11.788776,3768
3510,0.0019909111502723147,2.3626668,7.8038173,1872
3511,0.0014229909824061736,3.070642,11.356243,1338
3512,0.0012740980545011928,1.4282957,6.6973095,1198
3513,0.0026949619950801524,2.2475626,9.017341,2534
3514,0.001889876663479649,2.9144106,10.181112,1777
3515,0.021152367450729737,1.6797881,4.1258507,19889
3516,0.0018005409067366606,3.459387,12.2416525,1693
3517,4.2540836544280225e-06,1.9309267,2.9021363,4
3518,0.0038839783764927846,2.5150282,8.080365,3652
3519,5.7430129334778304e-05,1.7399666,5.9460926,54
3520,0.010292755401888601,1.3123727,6.0968094,9678
3521,0.003412838611764881,2.2835736,8.639012,3209
3522,0.0010613938717797917,3.2072155,8.56329,998
3523,0.046307827620276236,1.5293558,9.986548,43542
3524,0.0013006860773413678,1.6410649,7.578401,1223
3525,0.00019675136901729605,1.0679394,3.8947773,185
3526,0.0023131579870952373,1.704418,11.232786,2175
3527,0.0001531470115594088,3.4365811,14.211365,144
3528,0.003056559105706534,2.6475666,20.581186,2874
3529,0.0011092523128921068,1.7243452,6.6164904,1043
3530,0.00014357532333694577,2.6098826,12.914799,135
3531,0.003037415729261608,5.0946665,14.493027,2856
3532,0.019966541632057924,2.140857,10.934699,18774
3533,0.0013634338112441813,1.7643635,6.8130565,1282
3534,3.935027380345921e-05,0.9258269,1.5208731,37
3535,0.00017335390891794192,2.310223,12.509445,163
3536,0.0068214231398753345,2.6828387,9.784806,6414
3537,0.0007912595597236122,1.5776595,8.537153,744
3538,0.0020717387397064468,2.672971,9.887034,1948
3539,0.0002648167074881444,0.94480723,3.1696026,249
3540,0.008370973111000742,2.564853,8.999758,7871
3541,0.0025652124436200976,3.7851315,15.869543,2412
3542,0.0012156044042528073,3.177952,13.4985285,1143
3543,0.003360726086998138,1.7872809,8.448437,3160
3544,0.0025247986489030315,2.3094246,7.5421,2374
3545,0.004003092718816769,4.5644097,10.286876,3764
3546,0.000551967354162036,1.6356388,13.495787,519
3547,0.0030352886874343943,4.8516974,12.948791,2854
3548,0.002066421135138412,2.4801672,9.610174,1943
3549,0.008214635536700512,1.9130931,7.6103587,7724
3550,0.002626896656609304,4.7722173,13.819288,2470
3551,0.023990904769146833,1.5187027,3.2123203,22558
3552,8.189111034773943e-05,0.8512721,2.9246302,77
3553,0.00037648640341687997,2.1180828,13.495375,354
3554,0.001477230549000131,1.7541991,10.109663,1389
3555,0.001343226913885648,2.4242063,10.663574,1263
3556,0.00038286752889852204,2.2146375,12.16579,360
3557,0.0006997967611534096,1.3922979,7.357962,658
3558,0.0023886679719613345,2.5391371,10.741974,2246
3559,0.00029140473032831957,1.7467271,6.2441487,274
3560,0.04696508354488537,2.4706972,11.061105,44160
3561,0.00011698730049677062,2.304999,11.236163,110
3562,0.010309771736506313,2.160503,8.552681,9694
3563,0.00011805082141037762,2.6425383,25.096373,111
3564,0.00778178252486246,1.4859886,7.736018,7317
3565,0.0001520834906458018,1.3237368,4.149296,143
3566,0.002460987394086611,2.3450432,8.684698,2314
3567,0.0010241706398035463,1.6119844,6.944911,963
3568,3.615971106263819e-05,3.9799216,14.824461,34
3569,0.0006359855063369894,2.087198,7.0882626,598
3570,0.00441467531238268,1.8043487,6.8017263,4151
3571,0.0023716516373436226,2.8468394,9.428056,2230
3572,0.0006413031109050244,1.2927836,7.3768506,603
3573,0.0052644285223546776,1.3375834,14.798488,4950
3574,7.338294303888339e-05,2.538372,8.008162,69
3575,0.002250410253192424,2.2028143,13.02721,2116
3576,0.00024141924738879027,1.4530339,5.6595864,227
3577,0.0039095028784193525,2.2013314,7.7142463,3676
3578,0.0003041669812916036,2.224175,12.263216,286
3579,0.0014719129444320958,3.1900778,9.611137,1384
3580,0.0002265299545982922,1.738017,13.497353,213
3581,0.0014123557732701035,1.8298126,12.268736,1328
3582,0.0007912595597236122,1.364814,4.5012326,744
3583,0.00027119783296978645,2.1353526,9.930838,255
3584,0.00022546643368468518,4.5157647,22.745245,212
3585,1.1698730049677062e-05,1.025211,2.1601672,11
3586,0.002610943842905199,2.469898,11.246174,2455
3587,4.7858441112315255e-05,1.3249607,3.9755487,45
3588,0.008123172738130308,3.1724772,12.715361,7638
3589,0.0021791543519807544,1.7182901,7.5497856,2049
3590,0.0034787769084085153,2.0083206,14.361396,3271
3591,0.0014112922523564966,1.7006491,9.555735,1327
3592,0.008702791636046127,1.1496115,3.9104586,8183
3593,0.0017782069675509134,1.8839343,11.0148945,1672
3594,0.010937249075534446,1.7868005,7.874087,10284
3595,0.0025428785044343503,3.5371678,13.565521,2391
3596,0.0019802759411362445,2.1984365,9.438734,1862
3597,0.0033266934177627137,1.2811828,5.5610266,3128
3598,0.001115633438373749,2.1856701,10.589947,1049
3599,0.018248955356582608,1.9652829,7.075165,17159
3600,0.0001701633461771209,1.9429348,10.442091,160
3601,0.0023833503673932996,1.7930092,7.9465437,2241
3602,0.0014538330889007768,3.314571,13.549897,1367
3603,0.029153235283795237,1.7753747,7.4130945,27412
3604,0.01490630912511579,1.7330072,7.4907064,14016
3605,0.000372232319762452,2.0306904,8.230492,350
3606,0.0004169001981339462,1.7007339,8.976056,392
3607,0.0016442033324364307,2.3900232,10.632639,1546
3608,0.0018537169524170108,2.099676,9.649951,1743
3609,0.0032820255393912192,1.2111864,4.760085,3086
3610,0.009720581150368031,1.8097332,8.128335,9140
3611,0.004250893091687202,3.516,10.176514,3997
3612,0.0684971279617728,1.2103577,7.0080805,64406
3613,0.0019653866483457464,2.8293748,7.8647676,1848
3614,0.0023057133406999882,4.2233934,10.901004,2168
3615,0.016189978867839447,1.660756,7.09677,15223
3616,0.0021398040781772953,2.588286,9.199792,2012
3617,0.000187179680794833,1.5532938,11.916448,176
3618,0.0008720871491577447,2.0423646,9.913373,820
3619,0.00012762250963284068,2.9844744,9.548259,120
3620,0.004203034650574886,2.4955647,11.803987,3952
3621,0.0031278150069182034,2.3026206,10.874911,2941
3622,0.00149531040453145,3.420393,9.487156,1406
3623,0.00465290399703065,4.6245437,12.760466,4375
3624,2.9778585580996157e-05,2.749385,12.513959,28
3625,0.0001520834906458018,2.1916206,11.371464,143
3626,0.0014453249215919206,1.8080343,5.688142,1359
3627,0.002257854899587673,2.8353713,8.271086,2123
3628,0.00014357532333694577,1.6048123,10.183056,135
3629,0.002073865781533661,4.246171,11.774247,1950
3630,6.487477573002735e-05,1.0671597,2.7501347,61
3631,1.91433764449261e-05,1.1472374,1.8872181,18
3632,0.0004998548293952927,2.1638227,13.365409,470
3633,0.01326955043907461,1.4243684,6.501236,12477
3634,0.00014676588607776678,2.202441,13.498298,138
3635,0.0001340036351144827,1.8055626,11.553901,126
3636,0.0018207478040951936,3.5836508,10.856452,1712
3637,0.0015740109521383684,2.193338,13.689529,1480
3638,0.008315670023493177,1.019416,3.6974375,7819
3639,0.0003584065478855609,1.9912078,8.412431,337
3640,0.00010847913318791457,1.9344845,7.4667764,102
3641,0.00010209800770627253,2.5644264,12.025301,96
3642,0.002626896656609304,3.3681567,10.785089,2470
3643,0.00022121235003025718,1.2413933,11.767246,208
3644,0.0013751325412938583,2.2707655,8.428737,1293
3645,0.0017229038800433492,2.953905,10.73728,1620
3646,0.010060907842722273,5.2486253,14.265259,9460
3647,0.03177056025218208,2.1303399,7.7633557,29873
3648,0.002808758732836102,4.222793,11.584693,2641
3649,0.0037414665740694458,4.955889,14.329263,3518
3650,0.00022121235003025718,1.7496233,8.906056,208
3651,0.001712268670907279,1.9662603,7.9867797,1610
3652,0.002610943842905199,2.2386892,10.220023,2455
3653,0.001898384830788505,5.4241343,15.819659,1785
3654,9.46533613110235e-05,1.157014,2.9666939,89
3655,1.4889292790498078e-05,0.7553182,1.0531108,14
3656,0.0003498983805767048,1.2125741,6.502426,329
3657,0.00016378222069547886,2.1999109,11.442896,154
3658,0.00011911434232398463,1.0420876,3.6677458,112
3659,0.0001297495514600547,2.6550333,20.175146,122
3660,0.0014782940699137378,1.1692811,4.0369735,1390
3661,0.00698626888148442,1.499839,7.9090724,6569
3662,0.0045018840272984546,2.5048997,9.821807,4233
3663,0.0021674556219310774,3.846445,9.020653,2038
3664,0.0014846751953953798,3.4592824,9.204898,1396
3665,0.026418923014911628,1.5586324,7.1412215,24841
3666,0.0057036626596743715,1.5449809,8.158263,5363
3667,0.0012879238263780839,1.6796683,10.841029,1211
3668,0.0028140763374041367,3.733789,10.566847,2646
3669,0.000186116159881226,0.8734781,1.680839,175
3670,0.0027874883145639615,1.3870618,7.6905355,2621
3671,0.0011996515905487023,2.284495,11.007064,1128
3672,0.0007678620996242581,2.7359684,19.773,722
3673,0.00042859892818362326,2.0551,14.261586,403
3674,5.4239566593957285e-05,1.2004739,4.0238504,51
3675,0.00017867151348597695,2.5048487,18.081703,168
3676,0.0026832632650304754,2.3510358,7.8983035,2523
3677,0.0012528276362290527,1.3058482,4.4087634,1178
3678,0.001881368496170793,2.864539,13.272323,1769
3679,0.0014112922523564966,1.862762,7.881227,1327
3680,0.0001308130723736617,0.9605734,6.5651126,123
3681,0.009365365165223292,32.358,61.662292,8806
3682,0.0006891615520173396,1.5058519,8.404747,648
3683,0.022951844836552788,1.574316,5.8470716,21581
3684,0.0011209510429417838,1.3219453,5.6126094,1054
3685,0.008616646442043959,2.6396852,10.13225,8102
3686,0.0007880689969827912,2.1157765,14.52913,741
3687,0.00014782940699137377,2.7701542,15.962051,139
3688,0.00013613067694169672,2.157012,9.3878975,128
3689,0.0020366425495574156,2.7960863,12.251298,1915
3690,0.00019143376444926102,1.1645705,4.1414022,180
3691,0.0013262105792679361,4.9995933,13.179688,1247
3692,0.05890948692560565,1.9459138,11.793297,55391
3693,0.0031193068396093474,4.9374924,9.542576,2933
3694,0.0028768240713069504,5.731129,12.743352,2705
3695,0.0004381706164060863,2.3007119,11.829683,412
3696,0.0014123557732701035,2.6954534,22.85308,1328
3697,0.0035106825358167254,4.4122605,12.067263,3301
3698,0.003959488361358882,1.644246,6.926018,3723
3699,0.00014357532333694577,2.4030943,9.076191,135
3700,0.003752101783205516,5.008316,14.159308,3528
3701,0.002647103553967837,2.3013928,8.143763,2489
3702,0.0017675717584148434,3.1015391,13.867737,1662
3703,0.00020632305723975909,2.428227,17.35378,194
3704,0.0015218984273716251,1.9389894,6.6670985,1431
3705,0.016718548761902128,1.9142452,9.829157,15720
3706,0.001299622556427761,1.6910298,8.830551,1222
3707,0.0042274956315878475,2.094236,7.0403275,3975
3708,0.0035213177449527956,2.0512187,8.327339,3311
3709,0.00342028325816013,3.6655083,8.493028,3216
3710,0.002302522777959167,3.1191537,14.421252,2165
3711,0.0008688965864169236,1.8971022,10.455055,817
3712,0.001896257788961291,2.5275443,7.9019966,1783
3713,0.004012664407039232,1.3422942,5.9739084,3773
3714,0.0021419311200045095,3.2809782,10.715957,2014
3715,0.0021344864736092604,4.120951,11.3085575,2007
3716,0.003914820482987387,1.0409302,3.5025973,3681
3717,0.0009156915066156319,1.2363263,3.5252423,861
3718,0.0015569946175206563,3.615324,10.739089,1464
3719,0.0005402686241123589,1.276645,5.119992,508
3720,5.4239566593957285e-05,1.1558044,3.4899452,51
3721,0.0021642650591902563,2.9210894,9.766242,2035
3722,0.00038712161255295,2.1594586,16.54276,364
3723,0.003026780520125538,1.4183666,6.510588,2846
3724,0.002874697029479736,3.2708473,8.287721,2703
3725,5.4239566593957285e-05,2.8804944,11.902412,51
3726,0.0015686933475703333,1.9566058,6.284952,1475
3727,0.0029161743451104095,1.6094874,6.9146,2742
3728,0.0017899056976005904,2.5600574,11.200506,1683
3729,0.0027566462080693584,5.151629,12.625666,2592
3730,0.004359372224875116,2.7524242,9.060968,4099
3731,0.0004711397647279035,2.0973358,9.944582,443
3732,0.002053658884175128,2.2127643,15.17588,1931
3733,0.0001520834906458018,2.211879,11.236118,143
3734,0.00210258084620105,1.7368528,11.308411,1977
3735,4.9985482939529265e-05,1.2530304,4.6911507,47
3736,0.0022216951885250347,3.4523618,10.104796,2089
3737,0.007296816988257665,2.8073497,9.709794,6861
3738,0.002041960154125451,1.9760724,9.203777,1920
3739,0.002464177956827432,1.6726836,9.79934,2317
3740,0.006425793360013528,1.6646556,6.4850416,6042
3741,0.06273497165185005,0.8863173,2.7989101,58988
3742,0.006725706257650703,2.1507816,11.711155,6324
3743,0.0014602142143824188,1.8605053,8.814773,1373
3744,0.002010054526717241,2.3553967,12.349338,1890
3745,0.00013932123968251773,2.1007094,13.9244375,131
3746,0.0026928349532529382,4.9257646,13.274172,2532
3747,0.0021504392873133655,2.2964447,6.4890795,2022
3748,0.0018186207622679796,3.9743402,12.741898,1710
3749,0.0015410418038165512,2.5693603,7.8680005,1449
3750,0.00032331035773652974,2.1064603,12.9955,304
3751,0.0005604755214708919,1.1971959,7.407661,527
3752,0.00023397460099354125,1.7492594,9.9743395,220
3753,0.0034755863456676942,3.1943407,11.26134,3268
3754,0.005543071001719713,1.7570505,8.656425,5212
3755,0.0031320690905726318,2.5416286,13.198513,2945
3756,0.0012209220088208424,2.3816793,11.086904,1148
3757,0.012400653852657685,1.563403,7.229864,11660
3758,0.002622642572954876,2.1455185,8.345492,2466
3759,0.0009273902366653089,1.61591,6.120893,872
3760,4.466787837149424e-05,0.9418295,2.4169722,42
3761,0.002679009181376047,2.4659781,8.966583,2519
3762,0.0008614519400216746,1.7450898,13.326524,810
3763,8.720871491577446e-05,3.1874666,16.004225,82
3764,0.011680650194145744,2.292034,11.803796,10983
3765,5.7430129334778304e-05,1.5872864,3.951483,54
3766,0.0016527114997452867,3.4249132,12.145213,1554
3767,0.006724642736737097,1.6937084,7.7457347,6323
3768,0.0007263847839935848,2.3857641,14.007196,683
3769,0.001706951066339244,1.7049434,9.056609,1605
3770,0.002084500990669731,2.5728881,11.738959,1960
3771,0.005343129069961597,1.5783279,7.406655,5024
3772,0.002471622603222681,2.352178,8.243207,2324
3773,0.0015335971574213022,3.889782,9.366907,1442
3774,0.006991586486052455,1.7850698,10.369748,6574
3775,0.0,0.0,0.0,0
3776,0.0012762250963284068,2.9193847,9.913459,1200
3777,0.002273807713291778,2.7984195,8.306653,2138
3778,0.0006434301527322384,2.1088803,14.070625,605
3779,0.0038914230228880337,1.4090818,4.8452215,3659
3780,0.0019249728536286802,3.104268,8.797837,1810
3781,0.0001531470115594088,2.2520325,12.297708,144
3782,0.0014410708379374926,2.464673,8.323431,1355
3783,0.0012092232787711654,3.2193897,9.303173,1137
3784,0.0003126751486004597,1.8708845,14.679499,294
3785,0.0009752486777776241,1.6644073,7.1223307,917
3786,9.35898403974165e-05,4.655751,19.86706,88
3787,0.0001669727834362999,2.4050832,14.954502,157
3788,0.0015644392639159053,3.6675546,9.38111,1471
3789,0.00018505263896761897,2.317445,8.975253,174
3790,0.00526017443870025,3.0612934,11.680974,4946
3791,0.001532533636507695,1.8881296,8.851181,1441
3792,0.0025099093561125334,3.0759015,9.86476,2360
3793,0.0016367586860411816,4.2988844,13.651174,1539
3794,3.615971106263819e-05,2.130689,7.2907133,34
3795,0.0026800727022896543,1.136541,3.8490672,2520
3796,0.002497147105149249,4.2439847,11.861173,2348
3797,0.0008433720844903555,1.7531657,7.6383395,793
3798,0.005864254317629029,1.8814272,8.22476,5514
3799,0.00012549546780562666,2.6120403,17.325762,118
3800,0.005104900385313627,1.2648959,7.114663,4800
3801,0.0019930381920995285,1.6407943,5.423162,1874
3802,0.0013730054994666443,1.5762566,8.769991,1291
3803,0.003042733333829643,1.0879341,4.802327,2861
3804,0.00032969148321817176,2.3649447,10.7088375,310
3805,0.0018483993478489757,4.0875955,14.803385,1738
3806,0.0015580581384342632,2.3527677,10.174833,1465
3807,0.00023397460099354125,2.4387598,16.29216,220
3808,0.0025396879416935293,2.0444949,9.125234,2388
3809,0.0017324755682658123,3.4875731,13.2228,1629
3810,0.0017590635911059872,1.8167565,8.200581,1654
3811,0.003561731539669862,2.2139475,10.291863,3349
3812,0.0012113503205983794,1.6870072,4.7706614,1139
3813,0.0003584065478855609,1.7286898,11.837904,337
3814,0.006327949435961684,3.6813383,10.681008,5950
3815,0.01442347063033821,1.2425327,5.342452,13562
3816,0.00025737206109289535,2.4276958,10.869984,242
3817,0.0011443485030411382,3.67033,13.419728,1076
3818,0.0009039927765659548,1.4800663,7.232977,850
3819,0.007957263475607617,1.7088878,8.055836,7482
3820,0.019855935457042794,1.8400635,10.244354,18670
3821,0.0027279311434019694,3.494427,10.341068,2565
3822,0.0001712268670907279,2.1061728,7.096385,161
3823,0.0016697278343629988,2.6298969,8.864844,1570
3824,0.0017845880930325553,2.4178421,7.7963715,1678
3825,0.00025737206109289535,1.8516177,8.895135,242
3826,0.015578454342515419,1.2589998,4.9474964,14648
3827,0.0009241996739244878,1.9875561,13.711535,869
3828,0.00014038476059612475,1.8900295,8.155326,132
3829,0.0014612777352960256,1.5559433,8.21787,1374
3830,0.006481096447521093,1.9684129,10.788096,6094
3831,0.0007200036585119428,2.117796,17.236246,677
3832,0.0028959674477518765,4.585555,13.027512,2723
3833,0.0012283666552160915,1.9200238,9.301722,1155
3834,0.0022068058957345365,2.5607846,7.424177,2075
3835,0.00014357532333694577,1.8643237,19.033583,135
3836,0.010753259957480435,4.1715717,11.84998,10111
3837,0.0009412160085422,1.9666955,9.589049,885
3838,0.003436236071864235,5.832647,15.551239,3231
3839,0.021503329352220046,1.8020253,12.127644,20219
3840,0.005295270628849281,2.4480658,7.344186,4979
3841,0.00306506727301539,4.9580736,14.872832,2882
3842,0.001888813142566042,2.6579287,8.278851,1776
3843,0.0004169001981339462,1.6465673,6.2215056,392
3844,0.021152367450729737,1.8068123,6.040526,19889
3845,0.002647103553967837,2.7222798,7.0581493,2489
3846,0.00034777133874949083,2.2673762,11.123743,327
3847,0.0018377641387129057,2.037097,8.677211,1728
3848,0.026596531007483996,0.9289518,3.3052435,25008
3849,0.0022291398349202837,2.6546786,8.706315,2096
3850,0.0010677749972614337,2.3637261,14.506687,1004
3851,0.0025662759645337044,2.0625913,6.608317,2413
3852,0.0002605626238337164,2.0518215,9.703097,245
3853,0.00042009076087476724,1.5710136,6.8178368,395
3854,0.0001510199697321948,1.6477983,7.668113,142
3855,0.0031320690905726318,2.5625675,8.976607,2945
3856,0.020005891905861384,1.3929998,6.501988,18811
3857,0.00356598562332429,2.92279,9.493966,3353
3858,0.0009890744496545152,1.5432534,6.925207,930
3859,0.008517738997078509,1.4835119,6.2679663,8009
3860,0.001497437446358664,4.352035,16.841162,1408
3861,0.00012124138415119864,2.8350315,16.231764,114
3862,0.0003201197949957087,4.053678,12.617277,301
3863,0.008705982198786948,1.6923507,7.077298,8186
3864,0.0013006860773413678,3.2344594,10.3121605,1223
3865,0.0014729764653457027,1.9103116,8.810694,1385
3866,0.00039137569620737806,1.6627237,7.595727,368
3867,0.00285555365303481,3.614162,12.504136,2685
3868,0.0008221016662182154,1.8967383,14.426712,773
3869,0.0023471906563306616,4.9903483,12.448239,2207
3870,0.0003339455668725998,1.2146139,12.886456,314
3871,0.000553030875075643,2.5050745,7.3069787,520
3872,0.001921782290887859,3.6252365,12.187688,1807
3873,0.0018505263896761899,1.4170318,6.056883,1740
3874,0.0002478003728704323,1.2608316,9.865697,233
3875,0.0008178475825637874,1.8730378,11.628701,769
3876,0.00014782940699137377,1.4418148,7.2238846,139
3877,1.1698730049677062e-05,0.9643862,1.5053076,11
3878,0.017263071469668916,1.3017299,6.2851214,16232
3879,0.0001510199697321948,2.1631656,16.159958,142
3880,0.004061586369065154,2.427579,9.980967,3819
3881,0.004482740650853529,2.9306774,9.665881,4215
3882,0.009232425051022416,25.030079,43.30725,8681
3883,0.0019930381920995285,2.9734974,13.518116,1874
3884,0.00019249728536286802,2.5412807,11.941257,181
3885,9.571688222463051e-05,1.3673323,3.3486307,90
3886,0.0026992160787345804,4.963156,13.832636,2538
3887,0.0013581162066761462,1.9725791,6.505432,1277
3888,0.0001520834906458018,1.9284674,11.385197,143
3889,0.002721550017920327,2.7093465,13.962001,2559
3890,0.0010550127462981495,1.9340849,12.606606,992
3891,0.02315710437287894,1.6566107,9.855694,21774
3892,0.005074058278819024,3.3142498,11.318643,4771
3893,0.0020408966332118436,2.962781,7.3253465,1919
3894,0.0020206897358533106,2.6512465,13.552237,1900
3895,0.0023291108007993423,3.9332535,11.692109,2190
3896,0.0012453829898338036,1.8602266,9.905891,1171
3897,0.002207869416648144,2.2804549,9.812475,2076
3898,0.002050468321434307,2.6682198,11.489363,1928
3899,0.0025471325880887783,1.6085491,5.717032,2395
3900,0.0028300291511082418,4.1394935,13.363614,2661
3901,0.004121143540227147,2.2078154,9.193816,3875
3902,0.00011060617501512859,3.4119275,19.633877,104
3903,0.00038924865438016407,2.2675686,8.284393,366
3904,0.0014634047771232396,1.8145982,8.429056,1376
3905,0.0016601561461405357,1.6196468,4.95693,1561
3906,0.005568595503646282,6.1294556,14.402802,5236
3907,0.002998065455458149,4.4488034,11.112686,2819
3908,5.5303087507564294e-05,2.7714756,13.437518,52
3909,0.0036329874408815312,7.0894713,14.569908,3416
3910,0.035742810864504246,2.744493,12.334468,33608
3911,0.0002095136199805801,1.7893345,7.9654617,197
3912,0.00010847913318791457,2.5953724,15.154868,102
3913,0.012575071282489235,1.1028823,5.2750416,11824
3914,0.002643912991227016,3.0764918,11.462877,2486
3915,0.0026832632650304754,2.6098213,14.783116,2523
3916,0.0008891034837754567,2.5707374,12.795284,836
3917,0.0034553794483091612,1.9071368,5.7153177,3249
3918,0.000568983688779748,2.092175,13.048652,535
3919,7.338294303888339e-05,0.95620704,4.2357593,69
3920,0.004128588186622396,1.3743184,5.5726986,3882
3921,0.0007285118258207988,1.7715042,6.2204447,685
3922,0.002045150716866272,3.388094,12.507331,1923
3923,8.720871491577446e-05,1.5579594,6.9346533,82
3924,0.0036276698363134964,1.6999904,7.9704843,3411
3925,0.0006530018409547014,1.8378004,9.742896,614
3926,0.002852363090293989,3.1831396,10.107297,2682
3927,4.360435745788723e-05,2.745587,14.055725,41
3928,0.0012390018643521615,1.6359664,8.544687,1165
3929,0.003460697052877196,2.929213,15.540868,3254
3930,0.0013900218340843565,2.5202112,8.917687,1307
3931,0.00013825771876891074,1.7413007,7.7119327,130
3932,0.002289760526995883,3.6418664,9.654859,2153
3933,0.0003573430269719539,1.9468687,14.918286,336
3934,0.0013868312713435354,1.7109178,8.828183,1304
3935,0.0017154592336481001,2.9665358,9.038559,1613
3936,0.004730541023723961,0.94290936,5.983075,4448
3937,0.0003945662589481991,2.171566,14.824496,371
3938,0.001892003705306863,1.663897,5.651579,1779
3939,0.0020270708613349528,2.7159064,8.7401285,1906
3940,0.003720196155797306,1.9919437,6.9897614,3498
3941,0.0002456733310432183,2.8311918,10.838975,231
3942,0.000186116159881226,1.6585674,12.650733,175
3943,0.0018260654086632287,2.6259482,9.289804,1717
3944,0.0021844719565487897,2.5123003,14.999758,2054
3945,0.004653967517944256,2.2268598,7.2278223,4376
3946,0.00014463884425055276,1.6774819,8.709332,136
3947,0.0005764283351749971,2.0221045,7.885798,542
3948,0.0014378802751966715,3.7035635,9.907603,1352
3949,0.0025343703371254944,3.1766279,10.668598,2383
3950,0.0003179927531684947,2.1187756,15.584785,299
3951,0.0020494048005207,2.860619,9.452649,1927
3952,0.008859129210346357,1.6584706,7.5155106,8330
3953,0.003554286893274613,7.428039,17.97816,3342
3954,0.0021887260402032177,3.7277477,9.942156,2058
3955,0.0004966642666544716,1.6497935,8.707654,467
3956,0.005697281534192729,1.3567071,6.1953406,5357
3957,0.00011592377958316362,3.3010232,19.905922,109
3958,1.1698730049677062e-05,1.2980534,3.7969332,11
3959,0.0014102287314428895,1.7967322,9.156331,1326
3960,0.007485060189966105,4.707251,13.625198,7038
3961,0.011763604825407089,2.1124046,5.247352,11061
3962,0.0010454410580756864,2.2238233,10.388126,983
3963,0.026977271494555304,1.7595227,10.216346,25366
3964,0.002417383036628724,3.0424385,9.046489,2273
3965,0.0010305517652851885,2.4114704,10.112663,969
3966,0.0013847042295163214,2.7604702,8.927368,1302
3967,0.0003605335897127749,0.94724756,3.6170983,339
3968,0.0021036443671146573,3.5048437,8.853452,1978
3969,0.00021908530820304316,2.3681448,10.722049,206
3970,0.00021057714089418712,1.8279729,10.352947,198
3971,0.0012613358035379087,1.9892064,16.242796,1186
3972,0.00011698730049677062,1.9468378,16.583406,110
3973,0.0014027840850476404,1.0340736,3.5467722,1319
3974,1.4889292790498078e-05,0.8452223,1.3648195,14
3975,0.00046582216015986845,1.6478189,7.557587,438
3976,0.0006615100082635575,1.529216,7.633744,622
3977,0.00011805082141037762,1.322894,5.616811,111
3978,0.00027438839571060743,2.6085865,9.374846,258
3979,0.0029693503907907595,1.6945908,6.4622073,2792
3980,0.0018111761158727305,3.3811111,8.264508,1703
3981,5.6366608421171295e-05,4.074782,17.049646,53
3982,0.002105771408941871,1.5007077,8.650161,1980
3983,0.001130522731164247,1.7292597,9.541776,1063
3984,0.00023291108007993423,1.6982298,7.1066837,219
3985,3.935027380345921e-05,1.8249242,5.323109,37
3986,0.002272744192378171,2.8522375,7.613421,2137
3987,0.003638305045449566,3.8402379,13.327732,3421
3988,0.0016314410814731466,4.18295,11.461329,1534
3989,0.0011900799023262393,1.9798875,14.274311,1119
3990,0.0016229329141642906,1.5704873,6.8462815,1526
3991,0.007141542934871042,2.3000896,10.754045,6715
3992,0.0038914230228880337,1.8462235,7.7115374,3659
3993,0.002116406618077941,1.4117765,7.2118616,1990
3994,2.233393918574712e-05,1.111597,2.545743,21
3995,0.0006689546546588066,2.5091393,12.606084,629
3996,0.000193560806276475,1.1051092,5.1396003,182
3997,0.0070639059081777315,2.8084877,10.093123,6642
3998,0.0027789801472551056,1.9984989,6.271794,2613
3999,0.003040606292002429,1.6968707,6.30556,2859
4000,0.000372232319762452,1.3443432,5.6347027,350
4001,0.002702406641475401,3.6403651,11.208118,2541
4002,0.004150922125808143,4.2735467,16.732086,3903
4003,0.0003573430269719539,2.0348141,14.16897,336
4004,0.00011805082141037762,1.9995675,11.344008,111
4005,0.000565793126038927,1.9968235,12.076857,532
4006,0.002466304998654646,4.533513,16.884218,2319
4007,0.0016271869978187186,4.992811,13.665041,1530
4008,0.007255339672626993,2.0712976,9.1946745,6822
4009,0.0020291979031621665,1.8136003,8.724677,1908
4010,0.0005189982058402188,2.0447714,8.718491,488
4011,9.784392405184451e-05,2.6928647,10.9838915,92
4012,0.001157110754004422,2.2648396,7.9845457,1088
4013,0.012006087593709486,1.2869592,5.351997,11289
4014,0.0015803920776200104,2.1313393,14.112017,1486
4015,0.001502755050926699,2.0564718,9.755022,1413
4016,0.007925357848199406,1.517342,7.135407,7452
4017,0.007496758920015782,1.900416,8.966429,7049
4018,0.012313445137741911,2.0542233,7.256685,11578
4019,0.007757321543849499,1.9228338,9.419988,7294
4020,0.001708014587252851,4.5489097,12.033679,1606
4021,0.00018292559714040495,1.4858361,14.299245,172
4022,0.0019887841084451005,3.064184,9.093443,1870
4023,2.233393918574712e-05,1.6568263,3.1084142,21
4024,4.254083654428023e-05,0.86113703,1.8111312,40
4025,0.0005604755214708919,1.8702539,16.198145,527
4026,0.002858744215775631,4.642456,14.161763,2688
4027,0.0016112341841146135,2.9266915,9.460352,1515
4028,0.0034989838057670484,3.5067692,13.410811,3290
4029,0.010058780800895058,1.5582751,5.950399,9458
4030,0.04468808526885277,1.7471871,9.217551,42019
4031,0.003444744239173091,2.5873754,8.858911,3239
4032,0.0034224102999873443,2.7604403,8.94429,3218
4033,0.00011911434232398463,0.8784502,3.0879169,112
4034,9.784392405184451e-05,2.3218355,13.567295,92
4035,0.0035213177449527956,5.487126,13.071097,3311
4036,0.0008954846092570988,1.6954088,5.4124336,842
4037,0.0018547804733306179,2.9769049,9.150978,1744
4038,0.0033437097523804256,2.2092671,8.286563,3144
4039,0.0019675136901729606,3.8233333,13.4093275,1850
4040,0.00014038476059612475,2.4330537,9.496354,132
4041,0.0002095136199805801,1.4164611,5.5702415,197
4042,0.00010209800770627253,1.9766104,9.157221,96
4043,0.0005009183503088997,1.6144254,10.080865,471
4044,0.016658991590740135,2.0956411,7.0610323,15664
4045,0.003251183432896616,5.519123,13.208349,3057
4046,0.0024237641621103656,3.6646116,9.368697,2279
4047,0.012421924270929826,2.866058,9.532142,11680
4048,0.0009114374229612038,2.6743207,7.887301,857
4049,0.0004158366772203392,1.4868513,5.6287975,391
4050,0.0014198004196653525,4.57461,15.419288,1335
4051,0.003792515577922582,4.0319767,12.151619,3566
4052,0.0018218113250088007,2.5464628,16.666655,1713
4053,0.00020419601541254507,2.688287,11.301076,192
4054,0.008125299779957523,1.225209,4.0692596,7640
4055,0.00014144828150973175,2.310089,8.71639,133
4056,0.0007317023885616198,1.5111749,7.0501637,688
4057,0.0005423956659395729,2.309022,12.73783,510
4058,0.011867829874940576,2.1594336,6.4154906,11159
4059,0.002420573599369545,3.1308968,12.610869,2276
4060,0.003002319539112577,3.2380583,11.819228,2823
4061,5.849365024838531e-05,1.0436091,3.0881612,55
4062,0.0011709365258813131,4.590875,13.077505,1101
4063,0.0001499564488185878,1.1156678,4.8616776,141
4064,0.0022142505421297856,2.2246149,10.387362,2082
4065,0.000186116159881226,1.5458157,7.973141,175
4066,0.004648649913376221,1.8825047,8.224493,4371
4067,0.00028715064667389153,2.9507823,15.1912365,270
4068,0.0023790962837388716,4.7059355,12.455101,2237
4069,0.0019207187699742522,2.3023572,9.4661255,1806
4070,0.00017441742983154891,2.1705148,11.80619,164
4071,0.003940344984913956,4.9005218,12.543326,3705
4072,0.001509136176408341,2.0867395,8.455999,1419
4073,0.002496083584235642,3.767221,9.387659,2347
4074,0.008834668229333396,1.5137739,9.482068,8307
4075,0.0022536008159332447,3.0199416,8.31655,2119
4076,0.0008880399628618497,1.9102577,10.401552,835
4077,2.7651543753782147e-05,0.9738206,2.4965909,26
4078,3.1905627408210167e-06,1.204897,2.058727,3
4079,0.0027715355008598565,2.584182,8.530261,2606
4080,6.168421298920632e-05,1.3814489,5.3821387,58
4081,0.004049887639015477,5.4897804,14.851259,3808
4082,4.892196202592226e-05,2.9793103,10.6198635,46
4083,0.0044380727724820344,4.37213,10.583312,4173
4084,0.007513775254633495,2.6814082,10.159651,7065
4085,0.0014782940699137378,3.5152786,10.8079605,1390
4086,0.0033086135622313944,2.3675606,9.965054,3111
4087,0.0050793758833870585,2.6236157,10.303321,4776
4088,0.0016367586860411816,3.2437367,8.768246,1539
4089,0.0012390018643521615,1.9151802,10.771272,1165
4090,0.00029246825124192656,1.63816,7.683219,275
4091,0.0014272450660606016,3.117286,9.863323,1342
4092,0.0021195971808187623,2.7599015,10.396315,1993
4093,0.0019228458118014662,2.2478628,6.998062,1808
4094,0.0021578839337086145,3.3656106,12.431203,2029
4095,0.0005189982058402188,2.1274807,10.930292,488
4096,0.0014389437961102786,1.9311367,11.16642,1353
4097,0.015188142167221648,1.1368248,4.3939013,14281
4098,0.00022014882911665015,2.8181808,14.410649,207
4099,0.0003254373995637437,1.8691845,10.983388,306
4100,0.00024992741469764633,2.5871754,12.523768,235
4101,0.006322631831393649,2.162628,10.336632,5945
4102,0.002512036397939747,3.0056355,8.635748,2362
4103,0.002303586298872774,3.0004716,7.937201,2166
4104,0.0006593829664363435,1.8957535,9.142022,620
4105,0.0011486025866955661,2.2363503,10.120464,1080
4106,5.4239566593957285e-05,4.2975793,19.647722,51
4107,0.0027236770597475414,1.2937571,4.7756286,2561
4108,0.000762544495056223,2.975186,12.990318,717
4109,0.0038616444373070374,2.9835482,9.597467,3631
4110,0.0020015463594083844,3.4307451,11.129772,1882
4111,0.0005434591868531799,1.6391715,9.15825,511
4112,0.0021695826637582916,3.4467955,11.569048,2040
4113,0.0020494048005207,3.0263577,7.488257,1927
4114,0.0009114374229612038,2.2415853,7.1849523,857
4115,0.00010954265410152158,3.0528796,19.854425,103
4116,0.000944406571283021,1.6339989,6.0253386,888
4117,0.016172962533221733,2.802595,10.001555,15207
4118,0.0019132741235790031,1.2198087,5.2501855,1799
4119,3.296914832181717e-05,1.6627855,4.281042,31
4120,0.0007370199931296549,1.853879,13.72775,693
4121,0.000551967354162036,2.274657,12.961652,519
4122,0.0001297495514600547,2.338638,11.651639,122
4123,0.00043604357457887233,1.8960891,7.318247,410
4124,0.0026949619950801524,2.880402,6.4852285,2534
4125,0.007173448562279253,1.4148022,5.3019857,6745
4126,0.008909114693285886,1.9651948,7.7818995,8377
4127,0.0017962868230822326,3.2885761,14.08735,1689
4128,0.0019568784810368904,2.3927305,13.273377,1840
4129,0.03618842612730558,2.8068328,14.438343,34027
4130,0.0015452958874709792,1.9771045,14.43746,1453
4131,0.0007391470349568689,1.5900384,8.707465,695
4132,0.0007040508448078377,1.6748667,11.536245,662
4133,0.0007051143657214447,1.966264,10.241507,663
4134,0.0009986461378769782,1.7965108,15.73583,939
4135,0.005280381336058783,5.021188,12.21311,4965
4136,0.0031235609232637754,5.5453544,14.415082,2937
4137,0.010768149250270932,1.4741086,5.4849014,10125
4138,0.003618098148091033,4.5895224,14.511274,3402
4139,0.016517543309230404,1.5691308,6.9788895,15531
4140,0.08009801408739803,2.157967,8.022636,75314
4141,0.00015633757430022984,1.1511481,3.7402873,147
4142,0.002264236025069315,2.3661098,13.881796,2129
4143,0.0015335971574213022,4.109883,13.732162,1442
4144,0.0010741561227430756,1.8719722,9.144325,1010
4145,0.0012911143891189047,1.9081664,9.289136,1214
4146,0.0035691761860651107,4.981014,13.0653925,3356
4147,0.0012326207388705195,3.2092109,11.814039,1159
4148,0.0003945662589481991,2.1573415,14.69887,371
4149,0.00045944103467822643,1.7543447,7.009519,432
4150,0.0017835245721189484,1.8934827,6.6193094,1677
4151,0.002228076314006677,3.0389209,12.626259,2095
4152,0.0002265299545982922,1.6723022,10.516673,213
4153,0.0018250018877496216,2.78295,12.373021,1716
4154,0.00018398911805401198,1.7359318,7.4638166,173
4155,0.0023737786791708368,3.4464078,11.789633,2232
4156,0.0010050272633586204,2.6501057,8.921251,945
4157,0.00210258084620105,1.8687316,6.662407,1977
4158,6.806533847084836e-05,3.0490663,13.327417,64
4159,0.007160686311315969,1.0875568,3.987944,6733
4160,0.00095185121767827,1.3804642,9.068168,895
4161,0.003018272352816682,3.5856822,11.834929,2838
4162,0.002282315880600634,1.9832553,9.500559,2146
4163,0.0014283085869742085,3.700638,9.756158,1343
4164,0.0011666824422268852,3.2800152,8.095424,1097
4165,0.00010103448679266554,1.6549864,7.3375096,95
4166,0.003224595410056441,3.634126,9.365734,3032
4167,0.0016580291043133218,2.7723875,9.781516,1559
4168,0.01845102433016794,1.2505106,6.968564,17349
4169,0.0008412450426631415,1.7110575,9.057101,791
4170,0.004357245183047902,1.6745709,6.217409,4097
4171,0.00014357532333694577,2.3163671,18.22261,135
4172,0.0013708784576394303,1.4004551,7.029535,1289
4173,0.00020206897358533108,1.5449221,5.8009057,190
4174,0.00648535053117552,1.4191612,7.8349977,6098
4175,0.0020494048005207,2.9827938,11.500657,1927
4176,0.0013474809975400762,3.006384,10.51033,1267
4177,0.00019568784810368903,1.866442,6.776763,184
4178,0.00253224329529828,1.4707294,6.7599297,2381
4179,0.008578359689154108,1.8864108,8.396405,8066
4180,0.00010847913318791457,2.5949037,15.571384,102
4181,0.005402686241123588,1.6603717,8.611588,5080
4182,0.0031894992199074097,2.219009,10.386192,2999
4183,0.008950592008916559,1.0529219,5.1936035,8416
4184,0.001686744168980711,4.5299063,13.60904,1586
4185,0.0064864140520891275,1.9740938,6.8657603,6099
4186,0.0038627079582206443,5.3085256,14.063158,3632
4187,0.0015995354540649365,4.4615407,13.291862,1504
4188,9.46533613110235e-05,0.8725655,2.6187637,89
4189,0.005259110917786643,2.971965,11.373853,4945
4190,0.0009295172784925229,1.8955129,8.424991,874
4191,0.00011060617501512859,2.1149824,9.950217,104
4192,0.004019045532520874,2.2299685,12.661516,3779
4193,0.0022769982760325993,3.0675566,8.709838,2141
4194,0.005962098241680873,1.3472114,4.311929,5606
4195,0.015291303695841528,1.4586508,8.542419,14378
4196,0.003928646254864279,4.308851,11.959136,3694
4197,0.0002265299545982922,2.0639913,9.673533,213
4198,0.00018079855531319097,2.0336819,10.765831,170
4199,0.0015357241992485162,3.0939484,14.438018,1444
4200,0.002216377583957,3.1798804,8.54265,2084
4201,0.002268490108723743,3.9862487,12.918129,2133
4202,0.0014038476059612475,2.6404371,8.36186,1320
4203,0.0007678620996242581,2.5276198,14.218873,722
4204,0.0014857387163089869,2.4258375,9.213106,1397
4205,0.00011911434232398463,2.5170557,10.051569,112
4206,0.0012570817198834807,1.9539938,6.5153437,1182
4207,0.003924392171209851,4.8795166,11.635883,3690
4208,0.0025928639873738796,3.7757215,10.415067,2438
4209,0.0021951071656848595,1.9756249,8.746132,2064
4210,0.0004243448445291952,1.9258845,8.153676,399
4211,0.0029459529306914054,2.386422,10.942663,2770
4212,0.001696315857203174,3.003006,9.206945,1595
4213,0.0018388276596265128,1.7016509,11.837793,1729
4214,6.062069207559932e-05,3.0185807,14.890757,57
4215,0.011091459608007462,0.98486423,4.6341505,10429
4216,0.008159332449192947,2.6414475,10.303111,7672
4217,0.0010603303508661846,1.9462794,6.916863,997
4218,0.0019866570666178863,2.3348572,7.130238,1868
4219,0.00016271869978187186,2.5481102,9.117775,153
4220,0.00042221780270198123,2.762763,16.99783,397
4221,0.0015835826403608315,1.8217444,11.90836,1489
4222,0.0015910272867560803,1.820127,11.890928,1496
4223,7.231942212527638e-05,1.1661642,4.3983455,68
4224,0.0031054810677324566,2.1932423,10.261384,2920
4225,0.006582130934313758,1.7066678,5.0524707,6189
4226,0.004900704369901082,3.0011191,10.330708,4608
4227,0.0018579710360714387,2.7968743,9.312839,1747
4228,0.0007083049284622657,1.5136863,8.24541,666
4229,8.295463126134644e-05,1.250833,3.2105684,78
4230,0.00017760799257236993,2.1485767,9.837663,167
4231,0.00027864247936503547,2.3559308,12.780764,262
4232,0.0010805372482247178,2.0641806,10.461921,1016
4233,8.082758943413243e-05,3.9781559,32.04304,76
4234,0.006946918607680961,2.015383,9.782392,6532
4235,6.274773390281333e-05,3.1561062,23.808908,59
4236,0.0024110019111470817,2.7338884,8.048532,2267
4237,0.0003573430269719539,1.6990579,7.0315723,336
4238,0.00040626498899787615,1.5247501,11.280215,382
4239,0.003190562740821017,3.231139,9.056254,3000
4240,0.0006976697193261957,3.0303867,11.5354805,656
4241,0.0004466787837149424,1.76981,6.9757705,420
4242,2.3397460099354124e-05,0.90195316,2.1621673,22
4243,4.2540836544280225e-06,1.2343408,1.8549893,4
4244,0.0026832632650304754,2.0480602,10.172367,2523
4245,7.870054760691842e-05,3.6948545,16.002085,74
4246,0.00024886389378403934,2.3980188,14.705487,234
4247,0.021052396484850678,1.7059134,8.899647,19795
4248,0.0039935210305943065,1.7626132,7.1931224,3755
4249,0.0044125482705554666,2.5610423,7.7530084,4149
4250,0.00029246825124192656,2.1582785,8.52336,275
4251,0.001702696982684816,3.3467748,11.729769,1601
4252,0.0008518802517992115,1.7746761,9.039042,801
4253,0.004418929396037109,3.6865432,11.910443,4155
4254,4.466787837149424e-05,2.7560165,12.207575,42
4255,0.018687125972988695,1.4464529,7.680203,17571
4256,0.00012762250963284068,2.6572764,25.671814,120
4257,0.0023195391125768795,3.3667438,11.019839,2181
4258,0.0008189111034773944,2.2732155,9.444408,770
4259,0.0008646425027624956,1.4201757,9.459393,813
4260,0.0014070381687020684,1.5660479,8.773901,1323
4261,0.0003403266923542418,1.8324351,7.906132,320
4262,3.615971106263819e-05,3.9857008,19.818684,34
4263,0.00021589474546222215,1.1682954,3.8489373,203
4264,0.005280381336058783,5.2806973,13.886306,4965
4265,0.003943535547654777,1.6772944,7.1112914,3708
4266,0.0004913466620864366,1.446777,9.371387,462
4267,0.0025609583599656696,2.0695071,6.7566524,2408
4268,0.0015718839103111544,3.3387654,8.197772,1478
4269,0.00010954265410152158,3.5389051,18.487644,103
4270,0.0028693794249117013,2.4445033,9.414907,2698
4271,0.02802271255263099,1.142359,4.140251,26349
4272,0.0021993612493392874,2.430096,14.6593685,2068
4273,0.0007338294303888339,2.060991,9.416096,690
4274,0.003790388536095368,1.4548073,8.1826725,3564
4275,0.001354925643935325,1.4784944,7.1936707,1274
4276,0.0022652995459829218,4.2863975,15.854101,2130
4277,0.00228018883877342,2.6632466,8.758315,2144
4278,0.0007221307003391569,2.0745845,10.179325,679
4279,0.0002626896656609304,1.4078914,5.670457,247
4280,0.00012549546780562666,2.2635865,11.330996,118
4281,0.0015995354540649365,1.8613601,9.522435,1504
4282,0.006548098265078334,6.619459,15.675749,6157
4283,0.0009667405104687681,1.5790609,13.667821,909
4284,0.019133804756703638,1.2442245,5.17841,17991
4285,7.55099848660974e-05,0.7482828,1.6607065,71
4286,0.0035064284521622974,3.2220402,10.357257,3297
4287,0.001149666107609173,1.619795,7.727585,1081
4288,0.0018079855531319097,2.8420367,10.571009,1700
4289,0.00021695826637582914,2.4538383,10.319391,204
4290,0.0019239093327150733,4.9312277,14.346787,1809
4291,0.00012230490506480565,2.1849256,9.841964,115
4292,7.019238029806238e-05,2.2689872,12.270465,66
4293,0.00037010527793523794,1.9236443,10.282777,348
4294,0.0001499564488185878,1.554779,4.21896,141
4295,0.0009018657347387407,1.4036971,13.588706,848
4296,0.00027332487479700044,2.0516398,9.493075,257
4297,0.000568983688779748,2.5631266,8.51875,535
4298,0.0025630854017928834,4.3233743,13.451613,2410
4299,0.0001499564488185878,1.3843806,4.3328843,141
4300,0.0016644102297949637,3.2386563,15.744711,1565
4301,0.0002478003728704323,1.4249376,6.4536595,233
4302,9.571688222463051e-05,1.4553916,4.707859,90
4303,0.00010103448679266554,2.1766148,12.15931,95
4304,0.0023727151582572294,4.4024525,13.360734,2231
4305,0.005888715298641991,1.3440799,10.368272,5537
4306,0.0018462723060217617,2.2845109,11.448554,1736
4307,0.00933026897507426,35.863132,68.22368,8773
4308,3.403266923542418e-05,1.1668488,2.2801037,32
4309,0.004940054643704541,2.2053468,9.560132,4645
4310,0.00480179692493563,2.1260138,8.996165,4515
4311,0.0006519383200410944,2.0263636,11.837005,613
4312,0.0023599529072939455,2.1655083,10.378653,2219
4313,0.006335394082356932,1.3998661,8.1102915,5957
4314,0.001873923849775544,4.161467,12.061789,1762
4315,0.00044455174188772834,1.8620589,9.516431,418
4316,0.004379579122233649,3.9958024,12.989258,4118
4317,0.00012230490506480565,0.8241272,1.8492107,115
4318,0.00022865699642550622,1.8976772,10.121225,215
4319,0.0013953394386523913,2.7930846,8.07201,1312
4320,0.0004020109053434481,2.0129302,8.357427,378
4321,0.0005115535594449697,2.6383555,10.634033,481
4322,0.0002424827683023973,1.6646034,8.644442,228
4323,0.006900123687482253,4.50056,11.39186,6488
4324,0.0019621960856049253,2.0181365,11.087157,1845
4325,0.0033713612961342077,4.1710877,13.071243,3170
4326,0.02442482130189849,1.5980352,5.832572,22966
4327,0.007498885961842997,2.0014973,8.770994,7051
4328,0.0015665663057431193,2.1354105,7.027919,1473
4329,0.0009688675522959822,3.0264964,8.998957,911
4330,0.0011688094840540991,1.7424718,9.189579,1099
4331,0.0021653285801038636,3.5853894,11.411981,2036
4332,0.0006700181755724136,2.0431767,11.326296,630
4333,0.004880497472542549,1.4093752,6.212349,4589
4334,0.002086628032496945,2.9326015,8.579531,1962
4335,0.0001712268670907279,1.6650093,13.01708,161
4336,0.002270617150550957,2.9436858,8.824923,2135
4337,0.0023801598046524785,1.4697556,5.494902,2238
4338,0.024278055415820725,1.3008107,3.0525339,22828
4339,0.0016527114997452867,2.043401,10.263122,1554
4340,0.0019707042529137813,2.2631235,9.949941,1853
4341,0.0005381415822851448,1.5512047,7.641494,506
4342,0.0036553213800672784,1.9506004,9.5171585,3437
4343,0.00029140473032831957,1.6420808,5.2525845,274
4344,0.0015452958874709792,1.3855565,10.480965,1453
4345,0.008131680905439165,2.196447,8.314774,7646
4346,0.000551967354162036,2.1080632,17.076723,519
4347,0.009118628313266467,2.163302,8.629307,8574
4348,0.0011007441455832508,2.0573106,9.799883,1035
4349,0.0021036443671146573,4.2010174,12.82547,1978
4350,0.004502947548212062,1.6601136,6.6742353,4234
4351,0.0004392341373196933,1.633645,6.4744844,413
4352,8.295463126134644e-05,2.4105325,10.2080145,78
4353,0.0034755863456676942,4.200971,11.730897,3268
4354,0.0007168130957711218,2.0941844,11.426863,674
4355,0.0015389147619893372,3.8454418,11.739276,1447
4356,0.004283862240009019,1.4161556,5.9354377,4028
4357,0.0020313249449893807,2.4591863,10.436782,1910
4358,0.00029565881398274755,1.688769,8.630682,278
4359,0.001486802237222594,1.9453192,8.384466,1398
4360,0.003428791425468986,3.876922,12.54375,3224
4361,0.0002765154375378215,2.4668443,16.013885,260
4362,0.004930482955482078,4.3021793,13.397898,4636
4363,0.0006966061984125887,1.2364057,8.5951395,655
4364,0.0003435172550950628,3.1910505,11.8753395,323
4365,0.001491056320877022,3.091861,11.923202,1402
4366,0.0005243158104082538,1.764531,8.887487,493
4367,0.0008965481301707058,2.6299686,9.178439,843
4368,0.0012538911571426596,3.9852107,8.563414,1179
4369,0.002114279576250727,3.4298627,10.220762,1988
4370,0.00019249728536286802,2.142639,12.409626,181
4371,0.0023206026334904864,2.1864007,8.073315,2182
4372,0.0002594991029201094,1.4182371,8.281678,244
4373,0.001892003705306863,1.5698922,9.552531,1779
4374,0.0012549546780562667,2.6112087,7.4950037,1180
4375,0.006852265246369937,1.6434118,13.782422,6443
4376,0.005371844134628986,1.0572052,5.1962123,5051
4377,0.00033181852504538575,1.5661513,4.9356837,312
4378,0.0011709365258813131,2.2395918,7.554615,1101
4379,0.0029183013869376233,1.1357644,7.174483,2744
4380,0.0015782650357927964,4.105675,11.293887,1484
4381,0.0038605809163934305,2.4028678,8.153559,3630
4382,0.0010348058489396165,1.8057973,8.00748,973
4383,0.005379288781024234,0.949668,3.6890063,5058
4384,0.01896364141052652,1.7726396,7.19086,17831
4385,0.001341099872058434,1.8355689,9.521116,1261
4386,9.67804031382375e-05,1.1699406,5.5371723,91
4387,0.004515709799175346,2.172375,7.2791643,4246
4388,0.0016197423514234695,1.4100809,7.2733335,1523
4389,0.0027981235237000317,3.8877788,13.17075,2631
4390,0.0014474519634191346,4.1895447,11.08652,1361
4391,0.0017962868230822326,1.9388417,9.149374,1689
4392,0.0010784102063975036,1.9574392,7.4839497,1014
4393,0.0001308130723736617,2.4873946,21.468351,123
4394,0.00015527405338662282,2.5394244,15.639388,146
4395,0.01346098420352387,2.6969626,8.191819,12657
4396,8.189111034773943e-05,1.814097,8.638256,77
4397,0.0011464755448683521,0.95723295,5.027176,1078
4398,0.0009337713621469509,1.7602862,7.3828077,878
4399,4.360435745788723e-05,1.3478473,3.2381542,41
4400,0.00021376770363500813,2.1786282,13.10677,201
4401,0.0022812523596870272,5.725736,15.938978,2145
4402,0.0002084500990669731,1.3731127,6.942376,196
4403,0.007917913201804157,1.8457717,12.105248,7445
4404,0.0018569075151578318,2.8036392,8.770235,1746
4405,8.720871491577446e-05,2.8961833,19.344193,82
4406,0.000570047209693355,1.8629546,6.7154484,536
4407,0.005682392241402231,1.8790905,8.223532,5343
4408,0.0015506134920390143,2.9248788,14.950224,1458
4409,0.0036755282774258114,2.4718688,12.063709,3456
4410,0.002849172527553168,1.6853038,6.750805,2679
4411,0.0005987622743607442,1.7903821,8.600493,563
4412,0.002643912991227016,1.0997833,4.467489,2486
4413,0.0035255718286072235,1.7507727,7.219276,3315
4414,0.007494631878188569,1.4746814,7.604725,7047
4415,0.011224399722208338,2.846753,9.916757,10554
4416,0.0031448313415359157,4.6108217,13.328034,2957
4417,0.0029714774326179737,3.3575678,12.702581,2794
4418,0.007287245300035203,2.0965097,11.544955,6852
4419,0.002872569987652522,4.016259,10.728067,2701
4420,0.0032915972276136825,4.5825467,12.555925,3095
4421,0.0008338003962678924,3.1716547,15.898931,784
4422,0.00242589120393758,2.0475469,11.899717,2281
4423,0.0018207478040951936,2.4089382,6.975119,1712
4424,0.014005506911290657,1.0188326,3.7361903,13169
4425,0.001314511849218259,2.8594327,8.717745,1236
4426,0.0025290527325574595,2.8942547,11.327997,2378
4427,0.000372232319762452,2.311806,9.853433,350
4428,0.0028895863222702343,2.546295,8.945427,2717
4429,8.508167308856045e-06,1.1151373,1.8788286,8
4430,0.0028704429458253082,2.8303013,10.669024,2699
4431,0.0029300001169873004,2.0317724,10.895635,2755
4432,0.0002233393918574712,1.9445066,13.320251,210
4433,0.002058976488743163,2.1215012,10.002156,1936
4434,0.000187179680794833,1.1914421,6.794606,176
4435,0.002289760526995883,1.6101106,6.140183,2153
4436,0.0017526824656243453,4.1360154,12.720546,1648
4437,0.00017654447165876293,1.8563434,7.4596205,166
4438,0.004871989305233693,2.2486022,7.3475666,4581
4439,0.0017569365492787732,2.809787,8.352112,1652
4440,0.06035800240993839,3.1361918,13.375337,56753
4441,0.00039882034260262713,2.007729,14.201128,375
4442,0.0009220726320972738,1.6538496,7.70798,867
4443,0.004991103647557678,4.092296,11.718456,4693
4444,0.00012443194689201967,1.3269526,3.5739753,117
4445,0.0016495209370044658,1.0779942,4.775996,1551
4446,0.0015474229292981932,3.5565722,9.586655,1455
4447,0.0015612487011750842,1.3034858,4.5959377,1468
4448,0.0028023776073544597,1.9927343,8.737367,2635
4449,0.00046582216015986845,2.5682654,12.8252325,438
4450,0.005169775161043655,2.5085814,10.449584,4861
4451,0.0035181271822119745,3.5077572,11.273894,3308
4452,0.00030735754403242465,2.0865114,8.970908,289
4453,0.00027970600027864246,1.6410841,8.313621,263
4454,0.005500530165175433,2.7496352,13.670998,5172
4455,0.00019462432719008203,2.4416738,6.6638427,183
4456,0.003630860399054317,3.0366552,8.901535,3414
4457,0.00279174239821839,1.7445211,6.034329,2625
4458,9.57168822246305e-06,0.7598659,1.3269314,9
4459,0.006589575580709007,1.913365,10.987279,6196
4460,0.00016165517886826487,2.196022,15.164953,152
4461,0.0005434591868531799,1.030667,4.92603,511
4462,0.004790098194885953,4.362871,8.914846,4504
4463,0.0018377641387129057,2.9118567,10.755289,1728
4464,0.00399564807242152,2.1052773,8.267717,3757
4465,9.35898403974165e-05,2.1053147,9.796065,88
4466,0.01695890448837731,1.7967638,7.7993174,15946
4467,0.0006179056508056703,1.855581,14.769436,581
4468,0.0002690707911425724,1.6362259,11.203498,253
4469,0.00010422504953348655,1.9828794,8.852292,98
4470,0.0003179927531684947,2.029077,12.429824,299
4471,0.0016697278343629988,3.2649183,9.0978,1570
4472,0.0018303194923176567,2.0234032,9.719806,1721
4473,0.0003594700687991679,2.1806927,11.317821,338
4474,0.0016559020624861078,3.4268227,12.262404,1557
4475,0.0003658511942808099,1.6071283,5.718922,344
4476,0.002826838588367421,2.6900234,9.140663,2658
4477,0.000762544495056223,1.9564674,6.8785944,717
4478,0.0002594991029201094,2.055317,16.343895,244
4479,2.446098101296113e-05,1.274643,2.9084687,23
4480,0.0025216080861622104,1.5100853,4.8100753,2371
4481,0.02671989943346241,1.7472546,7.096682,25124
4482,0.00030948458585963864,3.0664573,14.557272,291
4483,0.0009773757196048381,3.355174,9.177125,919
4484,0.001714395712734493,1.5912125,7.3349476,1612
4485,0.0002307840382527202,2.812758,19.462463,217
4486,0.0018133031576999445,1.8196431,9.584957,1705
4487,0.00033926317144063477,1.7358353,4.864948,319
4488,0.000761480974142616,1.7228532,13.746244,716
4489,0.005602628172881706,1.3616103,5.208107,5268
4490,0.001709078108166458,2.806123,8.1051445,1607
4491,0.004720969335501498,4.2466793,10.496308,4439
4492,0.00013613067694169672,2.0061972,10.338984,128
4493,0.0060907842722273215,1.4976943,6.3126884,5727
4494,0.005499466644261826,1.2551408,4.9025693,5171
4495,0.009992842504251425,0.9748805,6.214232,9396
4496,0.0011911434232398464,3.146868,12.700668,1120
4497,0.0018483993478489757,2.3447547,10.010989,1738
4498,0.0016771724807582479,1.3742775,6.2493834,1577
4499,0.0005945081907063162,2.4499607,7.4821305,559
4500,0.002473749645049895,3.884329,9.469763,2326
4501,0.013845978774249606,3.173774,13.748314,13019
4502,0.0004158366772203392,2.5828755,17.941586,391
4503,0.0018632886406394738,3.123136,8.382978,1752
4504,0.007427630060631327,3.45814,15.311501,6984
4505,0.002026007340421346,1.5511698,5.6617374,1905
4506,0.0002084500990669731,2.2167926,23.149252,196
4507,0.0022886970060822763,2.9163654,16.976954,2152
4508,0.009886490412890725,1.6436816,5.0828876,9296
4509,8.295463126134644e-05,1.1540426,2.55108,78
4510,0.0011826352559309902,0.7550756,2.1029942,1112
4511,0.001714395712734493,2.080296,8.521908,1612
4512,0.004246639008032773,2.3795857,8.645418,3993
4513,0.00011805082141037762,2.551977,10.425108,111
4514,0.024604556336298076,1.2610651,5.2474766,23135
4515,0.0017707623211556643,2.2039595,11.18732,1665
4516,0.00014570236516415978,2.0395799,14.360563,137
4517,0.00260349919650995,2.3982744,5.6941833,2448
4518,0.0008944210883434918,2.0614257,13.179685,841
4519,0.0002084500990669731,2.330218,11.038341,196
4520,0.0004179637190475532,1.8183539,10.919437,393
4521,0.00014038476059612475,2.650731,9.226415,132
4522,0.008782555704566652,1.6751276,5.877634,8258
4523,0.0011900799023262393,1.8722357,11.504992,1119
4524,0.0029491434934322265,4.1028132,12.549538,2773
4525,6.381125481642033e-06,0.7592318,1.0574876,6
4526,0.0018420182223673337,4.5220685,12.991965,1732
4527,0.00020100545267172406,0.9998457,4.8092666,189
4528,0.004462533753494996,4.008751,9.6368065,4196
4529,0.0029682868698771526,4.576374,10.7362795,2791
4530,0.00034670781783588384,1.6244935,6.886811,326
4531,0.009887553933804331,1.218353,7.6331534,9297
4532,0.00019675136901729605,1.9954025,7.21838,185
4533,0.0003945662589481991,1.6397628,10.845211,371
4534,0.0010677749972614337,1.4120342,5.6643653,1004
4535,0.028196066461548933,1.4584483,10.139776,26512
4536,0.0008050853316005032,2.2022054,9.0062065,757
4537,0.0024939565424084284,4.1512227,10.8501625,2345
4538,0.0011794446931901693,3.5698068,11.34158,1109
4539,0.003843564581775718,4.3194647,13.582844,3614
4540,0.003224595410056441,3.2329042,12.06859,3032
4541,0.07162707001051823,3.6594179,10.278292,67349
4542,0.0019143376444926102,1.2932525,5.1950564,1800
4543,0.011210573950331447,1.9422312,8.516923,10541
4544,0.003824421205330792,2.6824503,13.205907,3596
4545,0.0029097932196287674,3.2694507,13.129,2736
4546,0.002045150716866272,2.7524445,9.938765,1923
4547,0.005653677176734842,1.5564896,5.923408,5316
4548,0.001154983712177208,1.2245001,5.627538,1086
4549,0.003645749691844815,2.571996,13.08164,3428
4550,0.003459633531963589,3.3987644,11.63362,3253
4551,0.0032596916002054725,3.908341,11.821334,3065
4552,0.053315366920032796,3.0352907,10.073472,50131
4553,0.0015218984273716251,4.1116543,13.038357,1431
4554,0.008145506677316056,2.2872036,9.751217,7659
4555,0.00045731399285101244,1.9184546,13.569929,430
4556,0.004083920308250902,1.354668,5.309115,3840
4557,0.000373295840676059,1.0338826,3.8617747,351
4558,0.015462530562932255,1.2600421,4.5726213,14539
4559,0.0008231651871318224,3.7123082,13.086429,774
4560,0.0002307840382527202,2.0317118,8.09079,217
4561,0.009897125622026794,1.5324513,6.520043,9306
4562,0.00035415246423113286,1.1184851,3.9936535,333
4563,0.0005041089130497206,2.0497744,14.385277,474
4564,0.0037063703839204146,2.2052608,9.867775,3485
4565,0.004132842270276824,2.4255326,11.09287,3886
4566,0.00015527405338662282,2.6369996,13.072767,146
4567,0.00018079855531319097,2.111931,11.686633,170
4568,0.00012655898871923366,2.5676184,20.423784,119
4569,0.002021753256766918,3.848345,18.586437,1901
4570,0.003908439357505746,2.5392883,7.327682,3675
4571,0.01239214568534883,2.1971972,8.504512,11652
4572,0.0038914230228880337,3.612101,14.504523,3659
4573,0.0034649511365316245,3.029763,8.505226,3258
4574,1.4889292790498078e-05,1.5346749,2.9834013,14
4575,8.720871491577446e-05,1.477859,5.7074227,82
4576,0.0035319529540888657,2.5859556,10.268736,3321
4577,0.00018292559714040495,1.8433652,8.638495,172
4578,0.0021897895611168246,4.6687307,12.660368,2059
4579,0.001696315857203174,4.509725,15.117132,1595
4580,0.022811460075956663,1.827821,8.422138,21449
4581,0.0017441742983154893,1.8211963,14.244592,1640
4582,0.0038733431673567144,2.133859,8.408223,3642
4583,0.00029565881398274755,2.3905156,12.720069,278
4584,0.0020004828384947776,2.5047646,14.361683,1881
4585,0.0015357241992485162,3.4248958,10.318434,1444
4586,0.002223822230352249,1.3474445,5.872345,2091
4587,0.002080246907015303,3.4281728,10.0423975,1956
4588,0.002086628032496945,3.1024556,8.011155,1962
4589,0.0015644392639159053,2.3305094,6.0724964,1471
4590,0.0005158076430993977,1.3333387,4.1769466,485
4591,7.44464639524904e-05,0.80856895,1.8766838,70
4592,0.000938025445801379,1.5707319,5.5752954,882
4593,0.004612490202313584,4.746348,13.57793,4337
4594,0.001864352161553081,1.7227075,11.029553,1753
4595,0.0030554955847929273,2.6826153,9.211541,2873
4596,0.0020323884659029876,1.6882492,5.921379,1911
4597,0.008415640989372235,1.9038782,9.226136,7913
4598,0.0006093974834968142,1.7401404,6.2214065,573
4599,0.002464177956827432,3.248709,9.49279,2317
4600,0.003155466550671986,2.8106465,8.92675,2967
4601,0.001696315857203174,2.925032,11.0475235,1595
4602,0.002094072678892194,3.237711,10.779673,1969
4603,0.0012453829898338036,1.9347833,11.544251,1171
4604,8.401815217495345e-05,2.2620194,9.57278,79
4605,0.0021302323899548324,1.5962455,7.827241,2003
4606,0.0001531470115594088,1.3447506,6.2314954,144
4607,0.0006306679017689543,2.3665957,10.045033,593
4608,0.0028980944895790903,3.2489607,9.243245,2725
4609,0.0009869474078273012,1.5544826,6.204196,928
4610,0.0025492596299159925,4.2640195,15.385387,2397
4611,0.0021472487245725444,2.6980383,8.652388,2019
4612,0.0020717387397064468,3.7449577,9.758606,1948
4613,0.0013517350811945042,2.0965803,14.397137,1271
4614,0.0016218693932506835,2.9534328,23.685963,1525
4615,0.0019558149601232836,3.7576284,10.026017,1839
4616,0.0007806243505875421,1.5425879,4.399569,734
4617,0.002648167074881444,2.7146072,13.814754,2490
4618,0.002660929325844728,1.5897506,6.2003393,2502
4619,0.0005179346849266117,1.9510516,9.8778105,487
4620,0.003212896680006764,4.760804,11.907643,3021
4621,6.700181755724135e-05,2.5648038,11.474859,63
4622,0.00047858441112315255,1.6312498,5.066681,450
4623,0.0025386244207799224,3.4765484,11.460549,2387
4624,7.65735057797044e-05,3.3384025,18.607866,72
4625,0.0051516953055123355,3.4503975,10.628637,4844
4626,0.005392051031987519,4.233546,15.879922,5070
4627,4.679492019870825e-05,1.1502259,3.296096,44
4628,0.0028704429458253082,3.5388544,12.676714,2699
4629,0.02890011730635677,1.359443,7.214845,27174
4630,0.0018707332870347229,1.387096,6.3305044,1759
4631,0.002121724222645976,5.1137867,12.749836,1995
4632,0.0007997677270324682,1.4289783,7.3443394,752
4633,0.0015474229292981932,3.2976763,9.631568,1455
4634,0.002420573599369545,4.8188643,12.926227,2276
4635,0.001123078084768998,3.322379,10.682168,1056
4636,0.0006264138181145264,1.8992187,8.603695,589
4637,6.700181755724135e-05,0.8393223,4.9937325,63
4638,0.003650003775499243,1.8691894,7.2829785,3432
4639,0.003368170733393387,4.7373915,12.7831545,3167
4640,0.002825775067453814,2.4267514,7.243221,2657
4641,0.004678428498957218,1.7541647,9.428406,4399
4642,0.006734214424959559,1.8891795,7.4870296,6332
4643,0.005359081883665701,2.3678524,11.264624,5039
4644,0.0015516770129526212,1.2602366,8.107763,1459
4645,0.0002690707911425724,2.220107,10.441283,253
4646,0.00187179680794833,2.8873417,10.677298,1760
4647,0.0011730635677085271,1.4678965,6.2076864,1103
4648,0.0014644682980368467,1.4771382,9.043043,1377
4649,0.00011805082141037762,1.4336522,4.920019,111
4650,0.001712268670907279,1.5361747,6.9787,1610
4651,0.003187372178080196,1.3585821,7.676537,2997
4652,0.001325147058354329,2.0088031,8.074185,1246
4653,0.006448127299199275,1.2593399,7.40693,6063
4654,0.0038169765589355434,1.614914,5.2196283,3589
4655,0.0006604464873499505,2.8652291,8.839764,621
4656,0.001115633438373749,1.4375999,9.761334,1049
4657,0.0012517641153154456,1.9670612,8.529697,1177
4658,0.0012783521381556208,1.9797212,6.838341,1202
4659,0.0022248857512658557,3.7686505,14.109791,2092
4660,0.00012868603054644768,2.1405232,7.5709686,121
4661,6.381125481642034e-05,1.1882578,3.3573499,60
4662,0.0021419311200045095,3.0814886,9.040778,2014
4663,0.0011081887919785,2.8716521,7.534998,1042
4664,0.00023503812190714824,1.6907774,10.250361,221
4665,7.763702669331141e-05,2.1461458,8.552395,73
4666,6.806533847084836e-05,1.4292614,6.1451697,64
4667,0.0009156915066156319,2.3196392,8.35341,861
4668,0.0045018840272984546,8.740464,16.13187,4233
4669,0.00011060617501512859,1.4013873,4.877082,104
4670,0.003579811395201181,1.4156163,7.1257243,3366
4671,0.0013815136667755003,3.8123484,10.184788,1299
4672,0.0027832342309095336,4.48025,13.389983,2617
4673,0.0019547514392096762,2.3609855,9.98266,1838
4674,0.0012751615754147997,2.076917,9.631563,1199
4675,0.0018218113250088007,2.3613105,8.336469,1713
4676,4.041379471706622e-05,1.0525079,4.1891093,38
4677,0.0018367006177992986,2.1824322,7.310788,1727
4678,0.0011124428756329279,3.4978814,12.987528,1046
4679,0.002117470138991548,2.5844717,7.463227,1991
4680,0.002527989211643852,3.3386228,9.1548195,2377
4681,0.0005466497495940009,2.7566948,13.535847,514
4682,0.0033245663759354995,3.098569,11.650011,3126
4683,0.0016569655833997149,3.8463407,13.534059,1558
4684,0.0021312959108684393,2.6043663,8.950294,2004
4685,0.0006806533847084836,2.5689034,11.620435,640
4686,0.002527989211643852,3.713186,11.170294,2377
4687,0.0012017786323759163,1.2455059,4.6674895,1130
4688,0.0033224393341082857,1.5240321,7.697333,3124
4689,0.00018505263896761897,1.6580873,7.8320503,174
4690,0.004113698893831898,2.162287,6.877196,3868
4691,0.0005211252476674328,2.2100043,10.918396,490
4692,0.002472686124136288,1.3829768,4.5222244,2325
4693,0.0007093684493758727,2.0648274,14.619436,667
4694,0.00013506715602808973,1.1759576,3.5057197,127
4695,0.011829543122050723,1.7558298,10.021948,11123
4696,0.0012198584879072355,2.304151,9.002349,1147
4697,0.0016878076898943178,4.0486083,13.323698,1587
4698,0.0014187368987517454,2.5416632,9.0210285,1334
4699,0.0008954846092570988,1.8608662,5.002427,842
4700,0.0005115535594449697,1.5886978,6.960846,481
4701,0.015271096798482995,1.3906599,6.424647,14359
4702,0.00011060617501512859,2.1386058,8.873286,104
4703,0.0035723667488059318,4.278328,12.257874,3359
4704,0.002820457462885779,3.1487486,10.572738,2652
4705,0.009217535758231917,25.983652,50.571075,8667
4706,0.0014357532333694576,3.332391,9.528132,1350
4707,0.00019781488993090305,0.9366896,2.6349795,186
4708,0.003740403053155839,6.3428507,15.31576,3517
4709,0.0006519383200410944,1.8428319,11.80942,613
4710,0.0024865118960131793,3.8904152,11.83997,2338
4711,0.0019185917281470382,2.7238028,8.268351,1804
4712,0.002191916602944039,2.9092531,12.64373,2061
4713,0.0004371070954924793,1.9423833,11.133334,411
4714,0.002065357614224805,2.99847,9.75282,1942
4715,0.0002531179774384673,1.5223352,9.7660475,238
4716,0.0006274773390281333,2.3208063,14.008498,590
4717,0.0017845880930325553,4.036842,14.89485,1678
4718,0.00029459529306914055,2.1015007,12.023585,277
4719,0.002618388489300448,2.2893445,7.8184032,2462
4720,0.001293241430946119,1.5951678,6.183923,1216
4721,0.0027715355008598565,3.650459,14.213451,2606
4722,0.007635016638784693,2.5008137,9.026498,7179
4723,0.0033011689158361454,1.4455131,5.7982864,3104
4724,0.0009954555751361574,1.305095,5.795356,936
4725,0.007485060189966105,1.8251843,8.996502,7038
4726,0.014478773717845774,2.1978235,10.049253,13614
4727,0.004260464779909665,3.9879336,10.1622505,4006
4728,0.0012528276362290527,1.1127887,5.306774,1178
4729,0.003843564581775718,2.4352686,8.861876,3614
4730,5.104900385313627e-05,1.8013725,8.535452,48
4731,0.0008540072936264255,1.2069393,5.0796747,803
4732,0.03353175088511528,2.7784822,10.298069,31529
4733,0.002849172527553168,1.1642634,6.2981486,2679
4734,0.00015740109521383683,1.8944718,8.280467,148
4735,0.0025652124436200976,2.0977843,12.267338,2412
4736,0.002705597204216222,4.3321867,11.620018,2544
4737,0.0054058768038644095,1.5439526,5.55821,5083
4738,0.00013506715602808973,2.8323948,11.691027,127
4739,0.0005870635443110671,1.9221193,11.599849,552
4740,0.0001297495514600547,1.2913697,5.7952275,122
4741,0.0025715935691017397,4.8188014,10.957139,2418
4742,0.0027555826871557515,3.7647738,10.834434,2591
4743,0.0001701633461771209,2.0895758,12.6114235,160
4744,0.005320795130775849,3.2742949,10.59092,5003
4745,0.0017654447165876294,1.598329,6.7796435,1660
4746,0.0064576989874217386,3.2367394,11.387492,6072
4747,0.0037425300949830527,1.9524097,7.897431,3519
4748,0.00011273321684234259,1.5315026,5.9439254,106
4749,0.0017526824656243453,2.2474985,8.9211645,1648
4750,0.003960551882272489,2.2082977,8.951221,3724
4751,0.0011326497729914609,3.0468166,15.987004,1065
4752,0.0025258621698166384,5.0738072,11.942211,2375
4753,0.0006093974834968142,2.8227315,15.315815,573
4754,0.0041551762094625706,6.895003,13.6269245,3907
4755,0.00327458089299597,4.5411606,15.746382,3079
4756,0.002046214237779879,2.2005749,9.150511,1924
4757,0.00016059165795465785,2.2659342,11.928569,151
4758,0.0057929984164173595,1.6385136,7.7788773,5447
4759,0.0002605626238337164,1.5742308,7.3868704,245
4760,0.00012336842597841265,2.7426548,13.905652,116
4761,0.0032873431439592545,3.2972143,9.177639,3091
4762,0.00207067521879284,2.918852,9.692622,1947
4763,0.0019770853783954235,3.359729,10.762411,1859
4764,0.0026832632650304754,3.7604809,12.587732,2523
4765,8.189111034773943e-05,1.0576956,3.658343,77
4766,0.000566856646952534,1.5481045,4.3406754,533
4767,0.002654548200363086,4.463601,10.504358,2496
4768,0.0042647188635640924,4.4841466,12.205659,4010
4769,0.01483930730755855,0.9857059,4.0624795,13953
4770,0.002021753256766918,4.4925876,10.566854,1901
4771,0.06056219842535093,1.8640554,9.588328,56945
4772,0.0019675136901729606,1.985342,8.154933,1850
4773,0.0026885808695985103,4.220799,12.127351,2528
4774,0.002239775044056354,2.547785,6.383376,2106
4775,0.0036521308173264573,1.6479505,7.926798,3434
4776,0.0006253502972009194,1.7803773,10.871344,588
4777,0.00013932123968251773,2.572873,11.8395405,131
4778,0.001111379354719321,2.7995918,9.741611,1045
4779,0.0017920327394278044,3.957155,12.619688,1685
4780,0.006662958523747891,4.770254,12.452211,6265
4781,0.0006008893161879582,1.6544236,9.111145,565
4782,9.67804031382375e-05,2.4375508,16.518255,91
4783,0.002385477409220514,1.9160576,7.7764363,2243
4784,0.001860098077898653,2.4030943,7.714293,1749
4785,0.00042540836544280227,2.1943002,14.300781,400
4786,0.0011847622977582042,1.905332,12.316376,1114
4787,0.0008104029361685383,3.125271,12.049626,762
4788,0.012656962392836974,2.2689042,8.969909,11901
4789,0.0025939275082874865,3.946288,14.707069,2439
4790,0.0016367586860411816,3.2867713,11.856038,1539
4791,6.381125481642034e-05,1.2718402,5.612725,60
4792,0.00011911434232398463,3.2905562,21.838392,112
4793,0.0014208639405789594,2.5219462,10.253419,1336
4794,0.01684936183427579,1.8272059,7.0628977,15843
4795,0.008151887802797698,1.7572025,8.976046,7665
4796,0.0002754519166242145,1.7295263,8.327767,259
4797,0.002104707888028264,3.3113306,9.458977,1979
4798,0.0004902831411728296,2.388808,9.656635,461
4799,4.573139928510124e-05,0.8571884,3.3996837,43
4800,0.0017686352793284503,4.3830333,13.80707,1663
4801,0.0010932994991880017,1.8801523,14.75863,1028
4802,0.0008614519400216746,1.9638008,10.6700115,810
4803,0.00012017786323759164,2.62722,12.870314,113
4804,0.0020674846560520188,4.649928,12.687639,1944
4805,0.002450352184950541,3.1892045,9.311499,2304
4806,0.0016261234769051117,4.1983104,12.477669,1529
4807,0.00048283849477758053,2.5093262,14.509187,454
4808,0.0011124428756329279,2.1420653,8.70533,1046
4809,0.0002244029127710782,1.8785323,8.450574,211
4810,0.000189306722622047,1.7876596,8.97673,178
4811,0.0010411869744212585,1.587699,8.262383,979
4812,0.0012145408833392005,1.825001,8.779339,1142
4813,1.4889292790498078e-05,1.321709,2.8838918,14
4814,0.0015431688456437652,3.2780998,11.048741,1451
4815,0.00242589120393758,2.1302824,8.54826,2281
4816,0.0002073865781533661,1.8398732,8.631109,195
4817,0.0017250309218705632,1.8022598,7.2227664,1622
4818,0.00017548095074515594,2.8850694,14.461735,165
4819,0.00039137569620737806,1.4911631,8.1378355,368
4820,0.0029906208090629,4.4690185,10.733529,2812
4821,0.0011762541304493482,1.8648418,8.612888,1106
4822,0.03070916638040229,2.8213406,19.400694,28875
4823,0.00024035572647518327,2.2064254,11.273316,226
4824,0.0032958513112681105,3.0802405,9.773201,3099
4825,1.5952813704105085e-05,0.6645265,1.2807611,15
4826,0.025486215173678283,1.4070648,5.8908434,23964
4827,0.0015399782829029441,2.6873343,8.905848,1448
4828,0.0010784102063975036,2.2179358,6.491172,1014
4829,0.0014017205641340335,1.8912476,12.745024,1318
4830,2.9778585580996157e-05,1.6503165,4.326075,28
4831,0.0008837858792074217,2.3708892,8.028511,831
4832,0.0017675717584148434,2.0775113,11.752058,1662
4833,0.0019260363745422873,2.753862,12.358625,1811
4834,0.002021753256766918,3.2632258,10.556062,1901
4835,0.0071532416649207195,4.5180807,17.024206,6726
4836,0.0029916843299765067,2.4151762,10.248536,2813
4837,0.002232330397661105,1.6662266,5.859452,2099
4838,0.0028970309686654834,2.533421,9.397505,2724
4839,0.0017494919028835242,3.4456825,9.258708,1645
4840,0.004913466620864366,2.6975558,11.271392,4620
4841,0.0014612777352960256,3.2352102,16.16255,1374
4842,0.007956199954694008,2.2573698,10.660874,7481
4843,9.57168822246305e-06,1.1330882,2.1250079,9
4844,0.0018292559714040498,2.0678954,8.080503,1720
4845,0.0007795608296739351,1.6357918,9.581385,733
4846,0.0028055681700952808,2.1851785,10.717616,2638
4847,0.000377549924330487,3.3983285,20.382889,355
4848,0.0006349219854233823,1.9474889,14.1316185,597
4849,1.701633461771209e-05,0.7526497,1.644696,16
4850,3.296914832181717e-05,0.8482238,4.0972033,31
4851,2.1270418272140113e-06,1.0737407,1.4307642,2
4852,0.005769600956318005,1.6540267,7.8128653,5425
4853,0.00020419601541254507,1.6777111,6.2164345,192
4854,0.0030948458585963864,4.7639794,13.840242,2910
4855,0.0008306098335270714,2.574791,11.931411,781
4856,0.0017590635911059872,4.096965,12.47236,1654
4857,0.0014474519634191346,1.9970026,12.289148,1361
4858,1.91433764449261e-05,1.1305555,3.1308327,18
4859,0.00042540836544280227,1.4516684,6.433163,400
4860,0.0001510199697321948,1.5252812,6.8556676,142
4861,0.00023822868464796926,2.1040742,11.6140585,224
4862,0.0010794737273111107,1.8654915,11.987393,1015
4863,0.002527989211643852,1.7090584,5.3360176,2377
4864,0.0003626606315399889,1.9746367,7.9809184,341
4865,0.0008380544799223204,1.9560204,11.9571905,788
4866,4.2540836544280225e-06,1.1883366,1.8641901,4
4867,0.010084305302821627,1.8861519,11.094706,9482
4868,0.01364178275883706,1.4583617,6.471018,12827
4869,0.003243738786501367,4.173274,11.282026,3050
4870,0.012655898871923367,1.8696895,7.2572923,11900
4871,0.014656381710418144,1.9134943,7.4443793,13781
4872,3.403266923542418e-05,1.4004407,4.0233583,32
4873,0.0036819094029074536,1.718336,8.331715,3462
4874,0.0006817169056220906,1.6814601,5.3946905,641
4875,0.00024992741469764633,1.843093,9.064318,235
4876,0.002058976488743163,2.9102964,12.28548,1936
4877,0.0003041669812916036,1.6980548,10.838659,286
4878,0.0026917714323393314,2.2646263,9.663668,2531
4879,0.0026843267859440823,3.5795567,10.601631,2524
4880,0.0018696697661211158,2.2315485,8.938257,1758
4881,0.003057622626620141,3.613506,9.451098,2875
4882,0.001321956495613508,2.4998977,11.906154,1243
4883,0.010821325295951282,2.3601985,10.084535,10175
4884,0.0013591797275897533,1.4814703,10.961598,1278
4885,0.0012187949669936284,2.0829258,8.19288,1146
4886,0.00020419601541254507,1.2937224,6.0615544,192
4887,0.00029459529306914055,1.8112681,6.4869595,277
4888,0.0027119783296978644,1.614236,7.3357553,2550
4889,0.0021972342075120737,2.4667625,9.293412,2066
4890,0.00187179680794833,3.7670732,10.414683,1760
4891,0.006801216242516801,3.011198,10.086698,6395
4892,0.0007093684493758727,1.4103627,10.391502,667
4893,0.0017856516139461624,3.3385098,8.960559,1679
4894,0.00015846461612744383,1.4141426,8.00243,149
4895,0.0025641489227064907,3.1142662,9.181585,2411
4896,0.00203876959138463,4.583238,12.297729,1917
4897,0.00025843558200650235,2.5694048,9.607386,243
4898,0.0035978912507325,2.510721,10.081407,3383
4899,0.015870922593757344,1.7105881,6.826967,14923
4900,0.0023248567171449143,3.4687364,9.8884735,2186
4901,0.01660049794049175,1.3753215,5.7444067,15609
4902,0.012709074917603718,1.5074459,6.0274277,11950
4903,0.037443380805361845,1.6541343,9.2606325,35207
4904,0.011176541281096021,1.6867404,9.25534,10509
4905,0.006594893185277042,1.9234036,9.101985,6201
4906,0.0031512124670175575,3.3925967,11.8957405,2963
4907,0.0012783521381556208,2.6560621,8.762426,1202
4908,0.007184083771415323,1.4462211,10.283195,6755
4909,4.7858441112315255e-05,3.0349762,22.58879,45
4910,0.00015952813704105085,2.0618565,10.290155,150
4911,0.06709753443946599,1.2895666,5.9243593,63090
4912,0.00207067521879284,2.3315349,11.002003,1947
4913,4.679492019870825e-05,1.6320933,5.375552,44
4914,0.0010475680999029006,1.7313933,7.0137687,985
4915,0.0045625047193740545,1.9073663,10.444135,4290
4916,0.00014676588607776678,3.3785439,20.790972,138
4917,0.0018547804733306179,4.2995396,13.742744,1744
4918,0.007213862356996319,1.4018642,6.5778155,6783
4919,0.0034830309920629433,3.1320791,7.0944405,3275
4920,0.002079183386101696,3.076031,8.239611,1955
4921,0.0016644102297949637,1.57562,9.093293,1565
4922,0.0017314120473522052,2.2869678,9.039531,1628
4923,0.00842840324033552,2.5236058,7.4179754,7925
4924,0.0021887260402032177,2.569952,9.306526,2058
4925,0.0013666243739850021,3.2100217,9.969203,1285
4926,0.0018632886406394738,1.842483,7.2574773,1752
4927,0.000762544495056223,1.9576632,7.2938933,717
4928,0.0035457787259657566,2.8198047,10.0625515,3334
4929,0.012128392498774293,1.5847247,6.2004757,11404
4930,0.0020079274848900266,2.1279268,13.11273,1888
4931,0.00169418881537596,1.8588556,13.772529,1593
4932,0.0008603884191080676,1.4904863,9.858001,809
4933,0.00023610164282075524,1.9729381,18.19725,222
4934,5.6366608421171295e-05,0.63760096,1.206809,53
4935,0.000577491856088604,2.0963345,6.739671,543
4936,0.004493375859989599,2.2511492,8.474956,4225
4937,5.6366608421171295e-05,0.9527751,2.4349387,53
4938,0.0020440871959526647,3.7435005,10.091495,1922
4939,0.0012517641153154456,1.84226,11.81636,1177
4940,0.0016388857278683956,2.0805047,7.8982787,1541
4941,0.003412838611764881,3.940051,14.938973,3209
4942,0.0019930381920995285,3.9544833,12.746689,1874
4943,0.0002456733310432183,2.797095,16.199974,231
4944,0.00024141924738879027,2.0461664,9.947082,227
4945,0.003439426634605056,2.261829,10.099491,3234
4946,0.008256112852331184,2.6687527,10.8215475,7763
4947,0.0028810781549613784,3.320413,13.239095,2709
4948,0.0,0.0,0.0,0
4949,0.0001329401142008757,2.5666335,8.609952,125
4950,0.0025652124436200976,3.610775,11.075561,2412
4951,6.062069207559932e-05,3.9631293,24.13823,57
4952,0.0022652995459829218,1.7082205,7.234515,2130
4953,0.0019909111502723147,4.3172207,17.304173,1872
4954,0.0003041669812916036,1.6317503,12.944285,286
4955,0.010478871561769826,1.3650374,4.4414105,9853
4956,0.0003413902132678488,2.186369,10.651334,321
4957,0.001149666107609173,0.9465073,3.2675447,1081
4958,1.701633461771209e-05,1.1496866,2.2256339,16
4959,0.00017867151348597695,2.000691,9.684025,168
4960,0.0012294301761296986,3.1711109,8.470182,1156
4961,0.000943343050369414,2.0029166,6.4634204,887
4962,0.00011060617501512859,1.8611343,6.8717895,104
4963,0.0014038476059612475,2.3393593,5.8265057,1320
4964,0.0014410708379374926,1.8672342,13.013828,1355
4965,0.0006104610044104212,1.4679861,10.711269,574
4966,8.614519400216745e-05,2.4503267,9.289211,81
4967,0.0014006570432204264,2.6672869,9.280738,1317
4968,0.01176998595088873,1.2581227,5.48236,11067
4969,0.002054722405088735,2.1807911,11.82245,1932
4970,0.010254468648998748,2.0800323,10.358804,9642
4971,0.001329401142008757,1.4729934,7.3077602,1250
4972,7.870054760691842e-05,1.107541,3.3422008,74
4973,0.001124141605682605,1.661078,6.9869113,1057
4974,0.001899448351702112,2.656055,9.527197,1786
4975,0.0009114374229612038,2.5319228,12.745481,857
4976,0.0031405772578814877,2.63683,9.727457,2953
4977,0.00018186207622679796,2.1644416,7.9335046,171
4978,0.0006179056508056703,2.0518508,11.483111,581
4979,0.0034511253646547333,3.7194798,11.090936,3245
4980,0.0023120944661816304,2.428316,7.9843664,2174
4981,0.0020355790286438087,2.0348246,9.197762,1914
4982,0.001532533636507695,1.6532186,8.801603,1441
4983,4.041379471706622e-05,1.226925,3.0382686,38
4984,0.00045837751376461944,1.6662939,10.309387,431
4985,0.0014431978797647066,2.3841698,8.281686,1357
4986,0.00037116879884884494,2.0822232,10.898805,349
4987,0.0070958115355859415,2.1665719,9.232193,6672
4988,0.0031767369689441258,3.4858065,12.946081,2987
4989,0.00014570236516415978,0.9477308,3.9983773,137
4990,0.03165144590985809,1.9498119,7.864371,29761
4991,0.00028608712576028454,1.7007495,14.770188,269
4992,1.8079855531319095e-05,1.1017929,1.9519422,17
4993,5.9557171161992314e-05,1.6644152,4.417064,56
4994,0.004480613609026315,2.9069922,10.057208,4213
4995,0.005366526530060951,1.2022954,5.8000846,5046
4996,0.0013591797275897533,4.052943,11.884516,1278
4997,0.003163974717980842,3.167775,11.071633,2975
4998,0.0027534556453285377,1.8832912,6.032196,2589
4999,0.000581745939743032,1.9726988,12.330293,547
5000,0.00010103448679266554,2.7572942,11.169103,95
5001,0.00039243921712098505,2.0356088,7.2901053,369
5002,0.0007242577421663709,1.5113703,7.3542366,681
5003,0.00012655898871923366,1.5410148,12.184451,119
5004,0.0027481380407605024,2.5426543,7.7866592,2584
5005,0.00794875530829876,1.7381489,7.994329,7474
5006,0.002326983758972128,3.6920123,11.544536,2188
5007,0.00019994193175811706,1.5039032,6.1784196,188
5008,0.0025726570900153466,2.4124734,13.348606,2419
5009,0.00032331035773652974,1.5536855,7.789662,304
5010,5.104900385313627e-05,1.2914809,4.584529,48
5011,0.0002095136199805801,2.0501375,14.170423,197
5012,0.0009773757196048381,1.6890433,6.1512847,919
5013,0.0018696697661211158,1.4720031,5.2852783,1758
5014,0.00014144828150973175,2.3670442,8.832535,133
5015,0.00011060617501512859,2.9197173,14.946421,104
5016,0.00014038476059612475,1.9514453,7.497389,132
5017,2.020689735853311e-05,1.8494736,4.773132,19
5018,0.0015059456136675199,2.620726,9.011061,1416
5019,0.0033437097523804256,1.6076955,5.472954,3144
5020,0.0005423956659395729,1.5309454,8.64145,510
5021,0.0018398911805401197,4.4782805,12.672034,1730
5022,0.004303005616453945,7.141028,13.860235,4046
5023,0.0021355499945228673,1.6348041,10.824923,2008
5024,0.0025928639873738796,2.0079172,10.126196,2438
5025,0.0009890744496545152,1.7908795,6.6718645,930
5026,0.0008646425027624956,3.0120373,16.765339,813
5027,0.04614298187866715,1.7272058,9.458982,43387
5028,0.003958424840445275,2.1910841,8.459831,3722
5029,0.002385477409220514,1.8316282,7.3793826,2243
5030,3.72232319762452e-05,1.0458637,2.4850492,35
5031,4.9985482939529265e-05,3.7188957,21.276043,47
5032,0.0019270998954558942,4.219049,11.583684,1812
5033,0.002842791402071526,2.0769734,8.155797,2673
5034,0.0014719129444320958,1.3456752,6.6169395,1384
5035,0.0017526824656243453,3.3416748,17.153854,1648
5036,0.016471811909945303,2.2139592,10.1844,15488
5037,0.0007848784342419701,1.9086457,9.701992,738
5038,0.0013421633929720411,1.903938,8.125852,1262
5039,0.0002967223348963546,2.6942086,19.96199,279
5040,0.0025854193409786306,3.1917062,12.806496,2431
5041,0.0022014882911665016,1.8001655,8.750619,2070
5042,8.189111034773943e-05,1.7637362,6.81843,77
5043,0.0027417569152788607,3.3950262,14.007825,2578
5044,0.002094072678892194,1.7908983,6.713898,1969
5045,0.0025067187933717123,1.8205992,9.105597,2357
5046,0.0027832342309095336,1.9561133,8.341812,2617
5047,0.003386250588924706,2.3897064,14.021114,3184
5048,0.017480029736044744,2.0085514,7.7345867,16436
5049,0.00011060617501512859,2.0407827,12.068053,104
5050,0.0017654447165876294,1.3621546,7.847983,1660
5051,0.032969148321817174,1.3807474,5.424296,31000
5052,5.849365024838531e-05,1.2905698,2.883873,55
5053,2.1270418272140114e-05,1.2642654,2.475222,20
5054,0.014075699291588719,7.594208,19.700987,13235
5055,0.0021706461846718985,1.1386563,3.4106076,2041
5056,0.002069611697879233,2.354853,8.310776,1946
5057,0.0009784392405184452,2.3436954,7.8632555,920
5058,0.0038882324601472126,6.410172,13.441168,3656
5059,0.0037053068630068077,4.4213257,12.489273,3484
5060,4.147731563067322e-05,0.9948466,2.6342328,39
5061,0.00116136483765885,2.3329742,13.384992,1092
5062,0.00209194563706498,4.3767385,12.987975,1967
5063,0.001352798602108111,2.036154,7.3871408,1272
5064,0.0023546353027259106,3.2443066,10.836737,2214
5065,0.01295687529047415,1.4453413,7.5370097,12183
5066,0.0007168130957711218,1.6913091,8.499867,674
5067,0.004666729768907541,1.5411578,7.939303,4388
5068,0.0004179637190475532,1.3965726,7.4913397,393
5069,0.0022929510897367043,3.2655165,9.370383,2156
5070,0.005386733427419484,1.43599,7.655954,5065
5071,0.0013942759177387844,1.0593479,3.874092,1311
5072,0.0034936662011990135,2.113092,10.157256,3285
5073,0.004285989281836233,1.8720262,8.008835,4030
5074,0.00030948458585963864,1.7098967,7.8608027,291
5075,0.0016505844579180727,3.2990563,12.874569,1552
5076,0.00024035572647518327,2.6793504,10.973577,226
5077,0.004415738833296288,1.7257164,6.5607486,4152
5078,0.01973363055197799,1.5630366,6.2315364,18555
5079,0.003224595410056441,1.9642282,8.506453,3032
5080,0.0021770273101535407,3.3696258,11.721989,2047
5081,0.0016654737507085708,3.6332662,12.501436,1566
5082,0.005990813306348263,1.6427766,7.1166534,5633
5083,0.00791365911814973,1.6813575,8.89488,7441
5084,9.146279857020248e-05,2.5187566,8.915887,86
5085,0.0007987042061188613,2.765541,12.48161,751
5086,0.00036797823610802395,3.068436,20.642096,346
5087,0.06508003526635349,1.8892587,8.303873,61193
5088,0.002234457439488319,3.3217387,12.463577,2101
5089,0.003598954771646107,3.9139056,11.0572405,3384
5090,0.002701343120561794,3.1948931,8.943213,2540
5091,0.0004530599091965844,1.0185515,10.195077,426
5092,0.003925455692123458,6.373251,19.603039,3691
5093,0.0019185917281470382,3.9028907,12.654609,1804
5094,0.0022216951885250347,2.6094377,8.517225,2089
5095,0.0031352596533134524,2.9343033,8.647278,2948
5096,0.006409840546309423,1.5473607,7.507167,6027
5097,0.0005126170803585767,1.1977794,4.9385476,482
5098,0.0003371361296134208,2.378422,12.049105,317
5099,6.381125481642033e-06,1.0519879,1.2020854,6
5100,0.0023471906563306616,2.6670682,15.735983,2207
5101,0.000760417453229009,2.6510592,8.810201,715
5102,0.0006327949435961683,2.1692524,7.2650547,595
5103,6.806533847084836e-05,2.691178,9.8605175,64
5104,0.00243652641307365,3.9759698,12.305118,2291
5105,0.00036691471519441696,1.7832475,6.1591578,345
5106,0.004200907608747672,2.1067245,9.521469,3950
5107,0.0015761379939655824,3.4853642,9.287379,1482
5108,0.0004956007457408646,4.2594323,21.107697,466
5109,0.0017622541538468083,4.3547482,11.15816,1657
5110,0.0024003667020110115,2.744273,9.075106,2257
5111,0.0026928349532529382,3.8742602,10.082868,2532
5112,0.0029480799725186196,1.4401681,5.5480237,2772
5113,6.806533847084836e-05,1.0347751,3.1055262,64
5114,0.0007317023885616198,1.4122043,6.071047,688
5115,0.019479449053625916,3.338901,10.009804,18316
5116,0.0010401234535076516,1.7056773,6.3320684,978
5117,9.252631948380949e-05,2.5082905,14.342738,87
5118,0.00033926317144063477,2.1925142,10.1334,319
5119,0.002465241477741039,2.5491674,10.28276,2318
5120,0.000380740487071308,1.7448564,10.143783,358
5121,0.0015314701155940882,1.6754353,7.599932,1440
5122,0.002053658884175128,4.1466603,10.600009,1931
5123,0.012331524993273231,1.6512145,6.621563,11595
5124,0.001709078108166458,3.4757438,12.378026,1607
5125,0.017885231204129014,2.4107592,9.083834,16817
5126,0.0004466787837149424,1.9752961,9.332343,420
5127,8.720871491577446e-05,2.5782757,9.702096,82
5128,0.00358725604159643,2.6808631,12.632499,3373
5129,0.00484114719873909,7.328253,18.224628,4552
5130,0.00019781488993090305,2.7668984,13.266948,186
5131,0.0038254847262443993,4.50801,11.892694,3597
5132,0.003226722451883655,3.1363184,8.646392,3034
5133,0.0004966642666544716,1.9910996,9.755868,467
5134,0.0020132450894580615,2.2914095,9.821239,1893
5135,0.004304069137367552,3.0144773,9.240758,4047
5136,6.487477573002735e-05,2.6767387,12.440944,61
5137,0.029492498455235872,3.213506,7.7346573,27731
5138,0.015996418061562972,1.0999662,5.348546,15041
5139,0.014340515999076865,1.6576052,7.729557,13484
5140,0.00765416001522962,7.910779,19.033768,7197
5141,0.0042477025289463805,2.1484969,9.656496,3994
5142,0.002097263241633015,2.3725114,10.468778,1972
5143,0.02886502111620774,1.2429599,5.047609,27141
5144,0.00012230490506480565,2.0910702,9.906959,115
5145,0.0017229038800433492,2.5979056,10.479091,1620
5146,0.002445034580382506,3.0820098,9.8271675,2299
5147,0.00025524501926568136,2.3999798,21.834337,240
5148,0.0010496951417301146,1.402844,4.62722,987
5149,0.0021908530820304315,1.1086037,5.943001,2060
5150,0.0027045336833026153,2.8482409,7.6774454,2543
5151,0.0047879711530587395,2.2423174,7.884219,4502
5152,0.00011273321684234259,1.8586146,11.815983,106
5153,0.00025630854017928836,1.0746101,5.037954,241
5154,0.0015931543285832945,3.0340302,8.518369,1498
5155,0.004856036491529588,2.6955926,12.558778,4566
5156,0.002441844017641685,3.382819,9.642927,2296
5157,0.0012794156590692277,3.019569,7.8874545,1203
5158,8.933575674298847e-05,1.7320113,9.715082,84
5159,0.00023716516373436226,2.0868647,13.190027,223
5160,0.001706951066339244,2.1174085,10.9629755,1605
5161,0.0002605626238337164,2.432915,18.643894,245
5162,0.002665183409499156,2.2940273,10.836135,2506
5163,0.0009146279857020249,2.687945,11.271718,860
5164,0.002084500990669731,1.9109324,9.038702,1960
5165,0.0011996515905487023,1.6896614,10.084332,1128
5166,0.0006157786089784563,0.99320126,5.3841414,579
5167,0.002068548176965626,1.9164673,6.7345743,1945
5168,0.002483321333272358,2.7855005,8.051967,2335
5169,0.00021802178728943616,2.2830908,11.182904,205
5170,0.0014463884425055277,3.1220424,8.346398,1360
5171,0.00417325606499389,1.275651,4.844059,3924
5172,0.0031352596533134524,2.6362684,12.292427,2948
5173,2.1270418272140114e-05,1.1487855,3.2744787,20
5174,0.0001318765932872687,1.9353262,8.321115,124
5175,0.007951945871039581,1.3750936,7.2274885,7477
5176,0.0024790672496179302,3.4617105,10.8051815,2331
5177,0.014122494211787427,1.2659053,5.588911,13279
5178,0.002421637120283152,3.6378608,10.496361,2277
5179,7.870054760691842e-05,4.9302893,19.943676,74
5180,0.006760802447799735,1.7794405,10.623283,6357
5181,0.0008837858792074217,1.5213795,8.067908,831
5182,0.0012379383434385546,1.3890358,10.184769,1164
5183,0.003906312315678531,1.9579328,9.140376,3673
5184,0.03400289064984319,1.4355389,3.4286873,31972
5185,0.004987913084816857,1.7230775,8.066732,4690
5186,0.00017867151348597695,1.2239258,7.017998,168
5187,0.004099873121955006,2.4015336,9.97042,3855
5188,0.0022004247702528948,1.6333234,7.208456,2069
5189,0.0022929510897367043,3.0869832,8.559948,2156
5190,0.11698623697585701,5.6340394,34.050907,109999
5191,0.006057815123905504,1.5704345,7.7544026,5696
5192,0.00017760799257236993,1.9167663,8.108865,167
5193,0.006735277945873167,2.4134657,9.012781,6333
5194,0.008134871468179986,1.7844483,7.6737337,7649
5195,0.0033128676458858224,4.519929,12.968586,3115
5196,0.0023780327628252647,2.0833743,8.613012,2236
5197,0.01953049805747905,1.4957498,4.795307,18364
5198,0.0002828965630194635,2.3824573,13.679056,266
5199,0.003793579098836189,3.4137244,11.13107,3567
5200,0.0004913466620864366,1.8841333,11.364637,462
5201,0.0003498983805767048,1.5236443,5.3993692,329
5202,0.001921782290887859,3.7817743,11.613284,1807
5203,0.0019292269372831081,4.356325,13.887211,1814
5204,3.509619014903119e-05,1.1820071,4.1876597,33
5205,0.00011911434232398463,2.2795923,7.67921,112
5206,1.2762250963284067e-05,1.604337,4.0496073,12
5207,0.017785260238249955,1.2079312,7.7249575,16723
5208,0.0035489692887065777,2.011452,7.479615,3337
5209,0.00480924157133088,2.1420953,7.847921,4522
5210,0.000187179680794833,2.3723252,13.836267,176
5211,0.004356181662134295,1.2919904,6.037594,4096
5212,0.0017941597812550184,2.194474,7.7337646,1687
5213,0.0007306388676480128,1.3594658,9.347975,687
5214,0.0013485445184536831,2.3726072,12.627996,1268
5215,0.039269446214025075,1.8792735,8.054562,36924
5216,0.030461366007531854,1.4025558,5.0877647,28642
5217,0.022868890205291443,1.2537855,7.0766873,21503
5218,0.00633645760327054,2.3748202,9.146238,5958
5219,0.004160493814030606,1.2166508,4.7505016,3912
5220,0.0070351908435103425,1.3562012,9.866814,6615
5221,0.002261045462328494,1.9700931,7.145983,2126
5222,0.0007083049284622657,2.215319,11.111487,666
5223,0.0005392051031987518,2.8214107,17.314074,507
5224,0.0005976987534471372,1.6823314,7.4923973,562
5225,0.008618773483871174,1.582117,8.290396,8104
5226,1.5952813704105085e-05,0.9343498,1.6022434,15
5227,0.001475103507172917,3.290036,8.406191,1387
5228,0.018736047935014617,2.220931,9.463937,17617
5229,0.0016282505187323257,3.1161082,9.840805,1531
5230,0.007758385064763106,5.6511416,15.261743,7295
5231,0.00011060617501512859,3.1252654,13.9890585,104
5232,0.010479935082683434,2.1222703,9.76539,9854
5233,0.017637430831258582,2.2803035,10.151951,16584
5234,0.0043051326582811585,3.0145028,8.994117,4048
5235,0.0013102577655638309,1.6786726,6.2203646,1232
5236,0.002090882116151373,2.9729757,12.322162,1966
5237,0.0027321852270563974,2.0795171,13.43207,2569
5238,0.0042274956315878475,1.4898071,7.450106,3975
5239,0.0016718548761902128,2.2034678,7.9251475,1572
5240,0.0003966933007754131,2.173298,11.242411,373
5241,0.0023493176981578753,1.8507799,7.0604014,2209
5242,0.002815139858317744,5.496404,13.966365,2647
5243,0.00667359373288396,1.8526946,8.781903,6275
5244,0.009386635583495432,35.63547,65.48461,8826
5245,0.0009199455902700599,2.5396273,13.170941,865
5246,0.0013028131191685818,4.2895417,10.561308,1225
5247,0.0021323594317820462,5.0947323,11.595932,2005
5248,0.058398996887074284,1.4445112,6.619489,54911
5249,0.0017431107774018822,2.2296727,10.219406,1639
5250,0.0004105190726523042,2.5388029,8.09297,386
5251,0.0036159711062638193,3.4871185,8.355383,3400
5252,0.001718649796388921,2.7664323,13.573962,1616
5253,0.00017867151348597695,1.0645822,5.1104755,168
5254,0.0019824029829634583,3.539465,8.679102,1864
5255,0.00016271869978187186,2.197024,14.926329,153
5256,7.444646395249039e-06,1.2400826,1.8419938,7
5257,0.00046475863924626146,1.8272635,8.834168,437
5258,0.0005370780613715378,1.8933616,7.456401,505
5259,0.0013421633929720411,1.944587,6.3140416,1262
5260,0.0007104319702894797,1.442871,9.664392,668
5261,0.002287633485168669,2.1514735,9.220286,2151
5262,0.004334911243862155,2.783746,10.776485,4076
5263,7.019238029806238e-05,0.872335,2.8030303,66
5264,0.013387601260484987,2.0987606,8.624384,12588
5265,0.0012390018643521615,2.0864527,14.277128,1165
5266,0.0017994773858230535,1.6062498,10.322339,1692
5267,0.03754335177124091,1.5697243,9.564817,35301
5268,0.004751811441996101,2.0946667,13.837572,4468
5269,0.00023291108007993423,1.7954447,12.370843,219
5270,0.002058976488743163,4.7300057,12.593652,1936
5271,0.03431875636118446,1.9465138,8.194515,32269
5272,2.1270418272140113e-06,1.783184,2.2086174,2
5273,0.0020951361998058013,2.8078442,8.050334,1970
5274,7.976406852052543e-05,2.662181,18.10287,75
5275,0.0008359274380951064,1.7801586,11.3805,786
5276,0.0006466207154730595,1.9595703,9.064984,608
5277,0.0005243158104082538,2.0470827,17.23205,493
5278,0.0014527695679871697,2.1917531,9.721826,1366
5279,0.0010869183737063598,1.9806292,7.892326,1022
5280,0.0007178766166847288,1.5254389,6.1311817,675
5281,0.0038371834562940764,3.8061411,10.439587,3608
5282,0.00039137569620737806,2.25705,14.418637,368
5283,0.0019132741235790031,4.2981663,11.072978,1799
5284,0.002835346755676277,2.1837306,7.3050227,2666
5285,0.002289760526995883,4.1789255,12.005074,2153
5286,0.001864352161553081,1.8196503,8.869568,1753
5287,0.0007657350577970441,1.4152516,8.887226,720
5288,0.0017388566937474542,2.5325794,8.440163,1635
5289,1.91433764449261e-05,1.1636451,1.9922639,18
5290,0.0018430817432809408,2.4848013,9.024325,1733
5291,0.001352798602108111,1.8536345,7.7034636,1272
5292,0.00406690397363319,2.0828927,9.2854595,3824
5293,0.0014304356288014225,3.0055199,8.684536,1345
5294,0.0002052595363261521,2.7173526,16.221762,193
5295,0.0016718548761902128,1.4204837,4.8288693,1572
5296,0.020870534408623877,1.5516428,5.2550325,19624
5297,0.0027343122688836116,1.213213,6.195294,2571
5298,0.010702210953627297,1.8046201,5.7572007,10063
5299,0.0016665372716221777,3.1423857,9.372062,1567
5300,0.02056849446915949,2.434104,8.332058,19340
5301,0.00011486025866955661,1.6168838,8.429053,108
5302,0.002054722405088735,1.9247825,8.197616,1932
5303,0.000187179680794833,1.5212965,4.4924016,176
5304,0.0007848784342419701,2.2568185,9.191427,738
5305,0.0029789220790132228,3.056475,9.269774,2801
5306,0.00010741561227430756,2.4387693,8.366092,101
5307,0.0065353360141150495,3.1070077,7.92297,6145
5308,3.084210649460316e-05,0.862098,2.1344848,29
5309,0.01380875554227336,2.0020027,7.549731,12984
5310,0.0002052595363261521,1.8281137,8.265131,193
5311,0.002283379401514241,3.0629258,8.669894,2147
5312,0.001678236001671855,1.891021,12.459109,1578
5313,0.017536396344465917,1.5222586,5.9930243,16489
5314,0.004299815053713124,1.1757362,5.4569125,4043
5315,0.016308029689249826,1.249573,3.9753177,15334
5316,0.002117470138991548,4.938249,11.48757,1991
5317,0.0034415536764322704,1.2944624,3.6165738,3236
5318,0.00011698730049677062,1.5353873,8.253817,110
5319,0.01586879555193013,1.7019633,8.843191,14921
5320,0.004122207061140754,3.7908359,10.7768135,3876
5321,0.018890258467487635,1.1033809,3.6007953,17762
5322,0.0012124138415119865,3.380915,14.626335,1140
5323,0.007929611931853833,2.0866594,6.9368777,7456
5324,0.0004402976582333003,2.6632867,11.621496,414
5325,0.00016165517886826487,2.6708584,13.394051,152
5326,0.000379676966157701,1.6416504,11.639779,357
5327,0.006299234371294295,1.726322,6.568755,5923
5328,1.3825771876891073e-05,0.8539901,1.3916475,13
5329,1.5952813704105085e-05,1.1994218,1.7269955,15
5330,0.002657738763103907,1.6449953,5.884296,2499
5331,0.002868315903998094,2.548627,16.130724,2697
5332,0.0012677169290195506,2.2038312,11.540428,1192
5333,0.002637531865745374,1.8162186,9.90594,2480
5334,0.0005487767914212149,1.8942697,9.606413,516
5335,0.0009071833393067758,1.6559837,10.903273,853
5336,0.00016484574160908588,2.103385,9.11329,155
5337,0.0008114664570821453,1.392194,8.577646,763
5338,0.009769503112393954,1.735994,6.7341857,9186
5339,0.007661604661624868,1.8839842,10.38153,7204
5340,0.012461274544733284,1.5352762,7.481198,11717
5341,0.005736631807996188,1.7676798,9.470478,5394
5342,0.005953590074372017,1.4649725,7.118108,5598
5343,0.001477230549000131,5.2450557,14.42289,1389
5344,0.0017994773858230535,4.238672,11.535348,1692
5345,0.0029331906797281215,2.5021155,10.41181,2758
5346,0.0015335971574213022,2.2305477,7.819952,1442
5347,0.0017845880930325553,2.2075067,8.370081,1678
5348,0.00055409439598925,1.4795709,5.859013,521
5349,0.0022014882911665016,1.6770633,8.023002,2070
5350,0.006443873215544847,1.752915,9.983366,6059
5351,0.009154788024329105,2.642836,7.490953,8608
5352,9.890744496545152e-05,1.5564944,9.97508,93
5353,0.0023716516373436226,2.1879141,7.2549653,2230
5354,0.001352798602108111,1.9647214,9.771884,1272
5355,0.0014176733778381385,1.7322602,10.141066,1333
5356,0.021493757663997585,1.3204378,9.503893,20210
5357,4.892196202592226e-05,0.9631217,2.2327852,46
5358,8.508167308856045e-05,1.933526,17.477798,80
5359,7.763702669331141e-05,2.4276896,18.896519,73
5360,0.0012070962369439514,1.4760126,7.2271085,1135
5361,9.997096587905853e-05,2.8012323,10.019617,94
5362,3.615971106263819e-05,1.2408643,3.0731025,34
5363,7.444646395249039e-06,0.91331345,1.094773,7
5364,9.997096587905853e-05,2.807147,17.90894,94
5365,0.005276127252404355,2.932922,10.60708,4961
5366,3.72232319762452e-05,2.4113667,10.799236,35
5367,0.004832639031430234,1.4283384,4.908086,4544
5368,2.1270418272140113e-06,1.9435921,2.2673388,2
5369,0.005858936713060994,2.0892239,9.080431,5509
5370,0.005519673541620359,2.5787647,7.8201137,5190
5371,0.0017537459865379524,1.729138,5.44437,1649
5372,0.004110508331091077,1.5727657,6.2642965,3865
5373,0.0023503812190714822,3.113385,11.486073,2210
5374,0.0004711397647279035,1.5406638,12.72867,443
5375,0.002841727881157919,3.1919992,9.087585,2672
5376,0.06171930917935536,1.317784,6.526164,58033
5377,0.00019462432719008203,1.2489992,4.4275155,183
5378,0.0003445807760086698,2.42878,17.048069,324
5379,0.0037180691139700917,2.4513192,9.967567,3496
5380,0.0006721452173996276,1.9731394,11.434129,632
5381,0.0025535137135704205,1.4362279,4.899808,2401
5382,0.02571168160736297,1.0278767,6.842645,24176
5383,0.0002903412094147125,2.5872195,13.26388,273
5384,0.010354439614877807,2.6025388,10.331793,9736
5385,0.0007083049284622657,2.1503122,10.091811,666
5386,0.0007338294303888339,1.391135,6.3521647,690
5387,0.004691190749920502,1.4949628,5.8149347,4411
5388,0.002299332215218346,2.3922796,12.882073,2162
5389,0.0029650963071363315,1.3566959,5.5505905,2788
5390,0.027991870446136387,2.3763063,10.48783,26320
5391,0.00023822868464796926,1.8014002,6.6133494,224
5392,0.001921782290887859,1.3811127,6.4562826,1807
5393,0.0016261234769051117,2.1977441,8.317555,1529
5394,0.0011677459631404923,1.3434923,5.5038414,1098
5395,0.0004339165327516583,1.8954595,8.802403,408
5396,0.005108090948054448,2.1093788,14.47777,4803
5397,0.00023610164282075524,2.336927,16.824184,222
5398,0.018310639569571817,1.1723677,4.1158953,17217
5399,0.021633078903680103,2.2932584,10.631317,20341
5400,0.002090882116151373,2.1654863,7.6300077,1966
5401,2.7651543753782147e-05,1.2603734,2.7461345,26
5402,0.002084500990669731,1.3737302,5.6547027,1960
5403,0.0003562795060583469,3.820769,14.174648,335
5404,0.001693125294462353,4.1242313,11.3538685,1592
5405,0.001670791355276606,2.4754426,14.674986,1571
5406,0.0019834665038770656,3.5452335,10.221615,1865
5407,0.004471041920803852,1.4051768,5.3847113,4204
5408,0.0035372705586569006,3.647389,10.376126,3326
5409,0.0015889002449288663,1.6640197,9.464412,1494
5410,0.0023716516373436226,3.768407,10.692323,2230
5411,0.0027640908544646074,1.318388,6.396675,2599
5412,0.0963390419590906,1.3788992,7.3510194,90585
5413,0.0004892196202592226,1.4092817,5.5378304,460
5414,0.002223822230352249,1.8573445,7.2121305,2091
5415,0.00014357532333694577,2.8955212,16.226562,135
5416,0.0017792704884645205,1.7413764,8.295061,1673
5417,0.0018250018877496216,4.5670056,16.199606,1716
5418,0.0009103739020475968,1.6049814,10.734447,856
5419,0.010159815287687725,1.801053,6.770675,9553
5420,0.009854584785482514,1.6499739,7.4768705,9266
5421,0.01076495868753011,1.4608531,7.7665915,10122
5422,8.401815217495345e-05,2.170262,10.722288,79
5423,0.0012496370734882316,2.3084881,6.0603323,1175
5424,0.002484384854185965,2.4183586,7.352066,2336
5425,0.00010209800770627253,1.9263053,6.7881866,96
5426,0.006388570128037283,1.7494203,6.144627,6007
5427,0.0038914230228880337,1.4802425,6.5442066,3659
5428,0.001522961948285232,2.0462356,10.311529,1432
5429,0.002721550017920327,4.03987,11.2971735,2559
5430,0.0019877205875314936,5.0701203,12.171352,1869
5431,0.001730348526438598,3.9536796,10.721039,1627
5432,0.002156820412795007,1.9561446,7.0118413,2028
5433,0.00014676588607776678,1.9590985,8.123719,138
5434,0.0027289946643155763,2.4819565,7.5686946,2566
5435,0.00046688568107347545,2.2815855,9.047962,439
5436,8.827223582938147e-05,1.1306318,4.2234898,83
5437,0.0035276988704344378,3.7590876,10.367237,3317
5438,0.006375807877073998,2.7203798,9.603691,5995
5439,0.003613844064436605,2.739503,8.970727,3398
5440,0.0019792124202226377,4.678406,13.542236,1861
5441,0.0009082468602203828,1.7370158,7.000022,854
5442,0.0015016915300130919,3.8663328,14.3236475,1412
5443,8.295463126134644e-05,2.9458082,15.472504,78
5444,0.001709078108166458,1.942974,8.480657,1607
5445,0.00327458089299597,1.7794205,7.7736435,3079
5446,0.0007806243505875421,1.3880696,5.390201,734
5447,0.0016399492487820027,2.1576986,10.696496,1542
5448,0.015516770129526212,1.4164943,6.1412983,14590
5449,0.0023769692419116574,1.7031894,6.0303516,2235
5450,0.005612199861104169,1.3418031,6.491304,5277
5451,0.00725959375628142,2.437725,9.833,6826
5452,0.0004987913084816857,1.5098383,10.878708,469
5453,0.0023525082608986964,4.310963,10.780489,2212
5454,0.00023929220556157628,1.7354128,7.5346603,225
5455,0.0010156624724946904,1.8652081,13.999025,955
5456,6.806533847084836e-05,0.7622151,2.0564318,64
5457,0.024693892093041063,2.0680606,6.5832195,23219
5458,0.0010699020390886476,1.6995476,7.0120277,1006
5459,0.0009295172784925229,1.7525352,6.9904084,874
5460,0.0007380835140432619,1.8204353,6.0170193,694
5461,0.00014038476059612475,4.24858,19.984844,132
5462,0.0031703558434624836,2.482877,9.240392,2981
5463,0.0039041852738513176,4.789553,13.400416,3671
5464,0.0012028421532895234,3.5367596,9.757842,1131
5465,0.00038712161255295,1.7930839,9.435337,364
5466,0.000187179680794833,1.583136,11.257953,176
5467,0.011730635677085271,2.4535782,10.642192,11030
5468,0.002272744192378171,2.7581532,10.378357,2137
5469,0.0025301162534710664,3.6068656,9.333183,2379
5470,0.0010741561227430756,1.7574016,9.541666,1010
5471,0.0015580581384342632,1.5165305,5.28804,1465
5472,5.104900385313627e-05,4.5491266,20.602308,48
5473,0.00784559377967888,4.7220764,13.080049,7377
5474,0.0005019818712225067,2.5993037,18.461592,472
5475,0.0006264138181145264,1.061426,3.9534514,589
5476,0.021867053504673644,1.8463637,7.4400487,20561
5477,0.0019239093327150733,2.026588,7.3420143,1809
5478,0.002871506466738915,2.8686635,15.537696,2700
5479,0.0027534556453285377,3.6833513,11.764196,2589
5480,0.0007040508448078377,1.388274,5.3332667,662
5481,0.0023227296753177,2.3795154,13.26695,2184
5482,0.003002319539112577,3.7941637,9.613694,2823
5483,2.6588022840175142e-05,1.0565943,2.663243,25
5484,0.0001499564488185878,2.1568542,7.9795933,141
5485,0.002100453804373836,1.2550799,5.081906,1975
5486,0.00542714722213655,1.782293,9.523637,5103
5487,4.7858441112315255e-05,3.8804557,15.178086,45
5488,0.002598181591941915,3.7869132,10.4619055,2443
5489,0.0011092523128921068,3.784252,11.001833,1043
5490,0.02156288652338204,1.2769032,4.857992,20275
5491,0.0028619347785164523,3.6960888,9.5235195,2691
5492,0.0027449474780196813,1.3568943,6.481672,2581
5493,0.002250410253192424,1.9755832,9.366557,2116
5494,0.00021802178728943616,2.1095586,10.602676,205
5495,0.005094265176177557,1.324369,6.512631,4790
5496,0.0014400073170238855,2.5443122,9.3995075,1354
5497,0.004843274240566304,1.3667828,5.5499196,4554
5498,0.0019887841084451005,1.6841091,8.817072,1870
5499,0.0001329401142008757,0.95388,2.8289182,125
5500,0.00010103448679266554,1.3995105,8.814783,95
5501,3.509619014903119e-05,0.99592006,3.305685,33
5502,0.020036734012355985,1.5606977,5.688158,18840
5503,1.4889292790498078e-05,1.1341448,2.1677134,14
5504,0.016663245674394565,4.2271786,10.110564,15668
5505,0.005213379518501542,2.0391948,6.879696,4902
5506,0.0031469583833631295,3.1764376,8.10186,2959
5507,0.00029353177215553356,1.6545948,7.4695807,276
5508,0.00025630854017928836,2.2389903,16.716518,241
5509,0.0001116696959287356,2.438849,8.263986,105
5510,0.010349122010309771,1.6312789,7.677393,9731
5511,0.0032735173720823633,2.6167624,10.984103,3078
5512,0.0006253502972009194,1.4315088,7.2725344,588
5513,0.001921782290887859,2.159272,10.069577,1807
5514,0.0023705881164300157,2.8263361,12.703575,2229
5515,0.0013740690203802512,3.4402533,14.450752,1292
5516,0.0007933866015508262,1.5973611,6.2323976,746
5517,0.0047964793203675955,1.570271,6.355361,4510
5518,0.0004743303274687245,2.113338,15.506475,446
5519,0.0011528566703499941,1.9681873,10.027175,1084
5520,0.00038393104981212904,1.704776,9.354731,361
5521,0.007077731680054622,2.7271934,9.4625635,6655
5522,0.0005349510195443238,1.046297,5.7724247,503
5523,0.0013262105792679361,2.287127,11.00053,1247
5524,0.011278639288802295,1.3219533,5.60525,10605
5525,0.0006381125481642034,2.298145,10.645218,600
5526,6.487477573002735e-05,0.88342047,1.9209845,61
5527,0.0029640327862227246,3.2215111,12.668468,2787
5528,0.0001680363043499069,2.187456,8.862506,158
5529,0.021953198698675812,1.4707571,9.236285,20642
5530,0.001142221461213924,1.8232514,9.512746,1074
5531,0.0029023485732335183,4.8058,11.096199,2729
5532,0.003614907585350212,1.1730206,7.8921704,3399
5533,5.2112524766743275e-05,1.3518815,4.1287313,49
5534,0.0019717677738273886,2.3554642,11.576395,1854
5535,0.0006838439474493046,1.6484493,7.092571,643
5536,0.017394948062956182,1.1131847,4.2579575,16356
5537,4.147731563067322e-05,1.0877818,2.6625128,39
5538,0.00019462432719008203,1.5516306,7.636905,183
5539,8.189111034773943e-05,1.7737759,9.004485,77
5540,0.00030948458585963864,2.2188966,13.198918,291
5541,0.0019685772110865675,1.075993,3.8316338,1851
5542,0.009896062101113188,1.9282382,9.430428,9305
5543,0.0023939855765293698,2.7618082,12.716329,2251
5544,0.0012070962369439514,2.0565772,9.928164,1135
5545,0.0020366425495574156,3.7271323,12.3849325,1915
5546,0.00037542288250327297,1.589397,7.397891,353
5547,0.0003020399394643896,2.5254586,17.492725,284
5548,0.000186116159881226,2.6292686,13.886842,175
5549,0.00037542288250327297,1.6088601,7.500621,353
5550,0.0015793285567064033,2.2932615,13.008631,1485
5551,0.002966159828049939,3.832484,11.248273,2789
5552,0.0012900508682052979,2.0983708,10.167867,1213
5553,0.0013974664804796053,2.1825855,11.390786,1314
5554,0.0018707332870347229,2.7356243,10.761363,1759
5555,0.003069321356669818,3.162505,8.82824,2886
5556,0.017525761135329845,2.6791883,10.871185,16479
5557,0.018219176771001613,1.340622,6.5622034,17131
5558,0.0036957351747843445,4.591376,11.35153,3475
5559,0.0007795608296739351,2.597282,10.546225,733
5560,0.0001510199697321948,1.9888005,13.990812,142
5561,0.0011836987768445973,2.2132502,9.480607,1113
5562,0.00037542288250327297,1.0805471,4.1712375,353
5563,0.009288791659443588,21.9993,34.211205,8734
5564,0.002682199744116868,2.6979837,7.702724,2522
5565,0.0006391760690778104,3.5158799,14.147739,601
5566,0.003571303227892325,2.5154347,10.151373,3358
5567,0.015142410767936546,1.8577818,8.804622,14238
5568,0.00019887841084451004,4.293094,23.521544,187
5569,0.0006944791565853747,1.5749202,7.1945715,653
5570,0.0010379964116804376,2.3290114,9.464501,976
5571,0.003804214307972259,6.051667,15.128953,3577
5572,0.0015846461612744383,2.251176,12.305604,1490
5573,0.002843854922985133,1.3298548,5.6635084,2674
5574,0.0002095136199805801,3.0190182,16.194292,197
5575,0.00019675136901729605,2.4432428,15.799837,185
5576,0.005127234324499374,2.073085,9.392232,4821
5577,0.0005732377724341761,1.811784,7.7597322,539
5578,0.0006402395899914174,1.4608517,15.191087,602
5579,0.00024992741469764633,2.6559658,13.623439,235
5580,0.0007338294303888339,2.3829575,8.869907,690
5581,0.04417334114666698,0.88386995,3.1719635,41535
5582,0.0019600690437777115,2.1507916,12.019762,1843
5583,0.004813495654985307,1.3705592,6.5157604,4526
5584,3.403266923542418e-05,1.1086334,5.4324126,32
5585,0.2673489507834427,2.390555,13.328416,251381
5586,0.027091068232311253,1.9529119,7.7032228,25473
5587,0.003031034603779966,1.5976455,7.075372,2850
5588,0.00012124138415119864,2.265772,9.510451,114
5589,5.5303087507564294e-05,2.3533368,12.311198,52
5590,0.0018792414543435788,3.30334,10.536315,1767
5591,0.0031427042997087015,4.5765853,11.512588,2955
5592,2.6588022840175142e-05,1.5911924,3.4368522,25
5593,0.004279608156354591,1.8897097,7.6837397,4024
5594,0.00208131042792891,1.7099166,5.9993563,1957
5595,0.0019749583365682092,4.357016,11.30435,1857
5596,0.006141833276080457,2.5573113,9.509213,5775
5597,9.039927765659548e-05,2.442106,11.517383,85
5598,0.0032724538511687564,1.3972241,10.92801,3077
5599,0.0016325046023867537,2.816807,16.028204,1535
5600,0.0015495499711254072,3.1998365,11.839049,1457
5601,0.00013506715602808973,2.7464182,11.574328,127
5602,0.002835346755676277,2.4326947,10.133895,2666
5603,0.0025535137135704205,3.0760841,9.824411,2401
5604,0.0023982396601837977,1.5293005,4.84963,2255
5605,0.0016303775605595397,1.8227959,9.79524,1533
5606,0.0021589474546222214,2.313993,9.907774,2030
5607,0.0006753357801404486,1.8736213,9.972286,635
5608,0.0011209510429417838,1.8551354,9.704539,1054
5609,0.0002818330421058565,0.6598945,1.5991023,265
5610,0.0024822578123587513,4.380044,11.139259,2334
5611,0.001313448328304652,1.9433086,11.636358,1235
5612,0.0017633176747604154,1.8982869,9.567747,1658
5613,0.001546359408384586,4.517635,10.191354,1454
5614,0.00048071145295036654,1.935454,11.424675,452
5615,0.0057844902491085036,1.852311,9.3868065,5439
5616,0.006025909496497294,1.2519579,5.500116,5666
5617,0.002232330397661105,4.3175373,16.505442,2099
5618,0.0005285698940626817,1.8429453,15.182178,497
5619,0.00014144828150973175,2.1483858,12.746508,133
5620,0.0022216951885250347,3.14252,11.465889,2089
5621,0.015078599513120126,1.7567949,6.6061516,14178
5622,0.0023461271354170542,1.9715866,9.443223,2206
5623,0.0022291398349202837,2.5252,9.365606,2096
5624,0.0038446281026893255,3.0689993,10.288464,3615
5625,0.0006317314226825613,1.909968,9.156156,594
5626,0.004099873121955006,5.1839547,15.832238,3855
5627,0.0003137386695140667,1.625252,6.7055655,295
5628,2.6588022840175142e-05,1.3800544,2.4182048,25
5629,0.005152758826425942,1.1473954,3.801496,4845
5630,0.002460987394086611,2.768134,8.801685,2314
5631,0.0019494338346416414,1.7636482,7.2165537,1833
5632,0.00033926317144063477,1.416132,7.385451,319
5633,0.0010699020390886476,2.1964471,15.174877,1006
5634,0.0002275934755118992,1.1770915,5.2121067,214
5635,0.0006040798789287792,1.0111814,3.672393,568
5636,4.041379471706622e-05,1.0023608,1.9102616,38
5637,0.0011985880696350954,1.1110822,5.146603,1127
5638,5.3176045680350284e-05,3.311783,13.818851,50
5639,1.1698730049677062e-05,0.8121556,1.4058455,11
5640,7.55099848660974e-05,3.604348,21.7548,71
5641,0.002503528230630891,2.2920856,7.286013,2354
5642,0.0028300291511082418,2.7347424,10.17722,2661
5643,0.0014485154843327417,2.152335,9.338999,1362
5644,0.004377452080406435,1.6468595,7.4268684,4116
5645,1.8079855531319095e-05,0.76204866,1.4438244,17
5646,0.0017133321918208861,1.1514418,5.5533895,1611
5647,0.0019855935457042794,3.2628825,11.381957,1867
5648,0.008204000327564442,10.32322,24.906103,7714
5649,0.0029650963071363315,2.8269255,8.19678,2788
5650,0.0006934156356717677,1.6773196,10.532664,652
5651,0.009307935035888512,1.5276244,6.3633304,8752
5652,0.0023844138883069065,4.0767035,13.284436,2242
5653,0.0006891615520173396,3.310882,10.375453,648
5654,0.0029097932196287674,2.6649742,9.562793,2736
5655,0.0012868603054644768,1.7763326,8.18532,1210
5656,0.0015623122220886913,2.5549824,10.2022705,1469
5657,0.001888813142566042,1.0731102,4.096221,1776
5658,0.0019419891882463923,3.852718,13.748385,1826
5659,0.00619075523810638,1.3625658,5.826777,5821
5660,0.00016059165795465785,2.2030573,8.041072,151
5661,0.00014251180242333874,2.2601678,6.9506884,134
5662,0.001332591704749578,1.8666383,9.148975,1253
5663,0.09362812715030634,1.5475442,7.2062354,88036
5664,0.0017696988002420574,2.0324764,7.5953393,1664
5665,0.002481194291445144,2.8914554,7.746319,2333
5666,0.002864061820343666,1.9086215,10.632004,2693
5667,0.0015538040547798352,2.720633,10.489398,1461
5668,0.0009114374229612038,1.9475923,10.5722885,857
5669,0.0006274773390281333,2.0614834,9.15308,590
5670,0.0042189874642789916,4.2035165,10.7851715,3967
5671,0.000374359361589666,1.9207197,8.908988,352
5672,0.004176446627734711,1.2800341,5.2600646,3927
5673,0.002504591751544498,3.456562,11.938309,2355
5674,0.0013623702903305742,1.7030443,11.557689,1281
5675,0.002033451986816595,2.970717,8.134329,1912
5676,0.00039882034260262713,1.5944109,9.120225,375
5677,0.0017346026100930262,3.3784509,10.487663,1631
5678,0.0027034701623890084,3.059382,10.475907,2542
5679,0.002033451986816595,1.9260889,5.959653,1912
5680,0.00035202542240391887,1.7341675,10.441483,331
5681,0.001698442899030388,3.1776466,9.454361,1597
5682,0.0037457206577238738,3.6042833,9.193132,3522
5683,0.001498500967272271,3.0940714,8.734995,1409
5684,0.0003584065478855609,2.8168707,9.940197,337
5685,0.02823222617261157,2.170782,11.824248,26546
5686,0.002974667995358795,1.5547566,7.7884564,2797
5687,0.0001308130723736617,2.0106955,16.398462,123
5688,0.0012145408833392005,2.1581266,13.814497,1142
5689,0.0027258041015747556,2.3007178,7.656928,2563
5690,0.0027513286035013235,2.554532,10.451243,2587
5691,0.0015452958874709792,4.313856,12.74851,1453
5692,0.003404330444456025,1.494529,6.9918985,3201
5693,0.0061194993368947105,3.220622,10.915578,5754
5694,0.0018069220322183025,3.2861555,10.150525,1699
5695,0.00014570236516415978,0.838845,7.9523745,137
5696,0.00016165517886826487,2.6565602,24.135046,152
5697,0.0025056552724581054,2.5109682,7.054479,2356
5698,6.381125481642033e-06,0.97145295,1.6587543,6
5699,0.000749782244092939,1.8503282,9.431417,705
5700,0.002314221508008844,3.557515,10.839625,2176
5701,0.004681619061698039,3.4213657,11.175224,4402
5702,0.010830896984173746,2.2706633,6.3383007,10184
5703,0.016967412655686166,0.9595959,3.3040516,15954
5704,0.0009316443203197369,2.1795783,8.704768,876
5705,0.030611322456350443,1.4296473,4.892694,28783
5706,0.00015952813704105085,1.590591,11.473879,150
5707,0.0008327368753542854,1.4269615,6.792383,783
5708,0.00021057714089418712,1.8332312,7.9693546,198
5709,0.0001701633461771209,2.7881346,11.837562,160
5710,0.0001669727834362999,2.9142768,21.01863,157
5711,0.000550903833248429,1.7649677,9.795751,518
5712,0.00169418881537596,2.4573662,8.883235,1593
5713,0.0011507296285227801,1.2680606,6.6707153,1082
5714,0.0014304356288014225,1.9492084,16.87239,1345
5715,0.0015623122220886913,2.7059982,7.2622623,1469
5716,0.0004541234301101914,2.1875625,10.382725,427
5717,0.02762495573094197,2.067537,7.7238746,25975
5718,0.004024363137088909,3.3066895,10.231972,3784
5719,0.00029353177215553356,1.8071771,11.11953,276
5720,0.01248786256757346,1.3944652,5.2214117,11742
5721,0.00829652664704825,2.3565166,9.369811,7801
5722,0.002849172527553168,2.6552367,9.582913,2679
5723,0.0005328239777171098,1.8262545,9.275598,501
5724,0.00017867151348597695,2.6261759,12.368208,168
5725,0.0011900799023262393,2.499009,7.1398134,1119
5726,0.0017696988002420574,2.3735344,8.156415,1664
5727,0.03886637178776802,1.6785235,9.112013,36545
5728,0.0034904756384581924,2.079285,10.239751,3282
5729,0.0005764283351749971,2.295517,10.039146,542
5730,0.002840664360244312,2.4016395,11.80094,2671
5731,0.008273129186948896,2.7532969,11.322307,7779
5732,0.0021621380173630425,1.5424434,9.703648,2033
5733,0.012628247328169584,1.1025115,4.234218,11874
5734,0.0,0.0,0.0,0
5735,0.0005136806012721837,1.8154556,9.18067,483
5736,0.0023673975536891946,2.483636,11.410549,2226
5737,0.0019600690437777115,2.5001302,8.1659565,1843
5738,0.0009795027614320521,2.3060408,8.483373,921
5739,0.00019462432719008203,1.8155224,8.497318,183
5740,0.002244029127710782,2.3469284,8.088619,2110
5741,0.001886686100738828,2.220899,12.224249,1774
5742,0.00022546643368468518,1.9649225,7.9894295,212
5743,0.0029959384136309347,2.8139012,8.680124,2817
5744,1.8079855531319095e-05,0.86786795,2.1764421,17
5745,0.00027226135388339344,2.1176653,19.761223,256
5746,0.002075992823360875,2.5876474,12.376545,1952
5747,0.0034543159273955544,3.7481246,8.567715,3248
5748,0.003400076360801597,1.5195725,5.590619,3197
5749,0.0001308130723736617,2.1209621,8.8036585,123
5750,0.019717677738273886,1.6621323,8.605763,18540
5751,0.0024907659796676073,3.002206,9.612882,2342
5752,0.00811572809173506,1.5844017,8.496771,7631
5753,0.001525088990112446,1.2307316,10.693289,1434
5754,0.002058976488743163,2.5868382,8.699723,1936
5755,0.0005147441221857907,1.911871,6.953091,484
5756,0.0002988493767235686,1.74424,9.92718,281
5757,0.0035149366194711534,5.120465,12.092616,3305
5758,0.0012943049518597258,2.2339532,11.085558,1217
5759,0.0005498403123348219,2.6885378,19.542795,517
5760,0.0011836987768445973,2.1024766,11.507692,1113
5761,0.0033713612961342077,1.7716049,7.059122,3170
5762,0.001134776814818675,1.695055,11.003167,1067
5763,0.001886686100738828,4.492606,12.516026,1774
5764,0.020573812073727524,1.4690099,7.2586803,19345
5765,0.000373295840676059,1.9244473,11.43912,351
5766,0.0012740980545011928,3.51939,15.504612,1198
5767,0.0019621960856049253,1.2288388,8.190278,1845
5768,0.003708497425747629,4.8897142,15.972097,3487
5769,0.00509320165526395,2.2872696,7.843069,4789
5770,0.06253290267826472,0.90562475,3.3176708,58798
5771,0.00022972051733911322,2.8556166,14.674513,216
5772,0.002116406618077941,3.5235572,9.8350725,1990
5773,0.0004977277875680787,2.123967,13.099381,468
5774,0.007757321543849499,1.4082743,7.1690216,7294
5775,0.027045336833026155,1.155207,4.318124,25430
5776,0.0002669437493153584,2.035621,8.428426,251
5777,0.0021110890135099063,3.4552038,8.803363,1985
5778,0.0008338003962678924,1.5878199,7.5282903,784
5779,0.002125978306300404,2.4712806,7.1479135,1999
5780,0.0016218693932506835,1.7130116,9.738152,1525
5781,0.00243652641307365,2.457027,8.547218,2291
5782,0.002483321333272358,2.5852442,8.8997965,2335
5783,0.010935122033707232,1.188914,5.1005883,10282
5784,0.005796188979158181,2.2477524,8.732405,5450
5785,0.0016356951651275748,4.244512,12.727357,1538
5786,0.0014782940699137378,2.0221143,8.105816,1390
5787,0.0008242287080454293,2.0591125,9.6300125,775
5788,0.011407325319348743,1.6759553,7.742949,10726
5789,0.003417092695419309,4.0535917,9.756785,3213
5790,0.002223822230352249,3.432024,13.89192,2091
5791,0.0023610164282075524,2.5201313,6.744421,2220
5792,0.0003977568216890201,2.5828378,11.590838,374
5793,0.004154112688548964,4.3094854,13.297703,3906
5794,0.0043285301183805126,1.9098847,7.337661,4070
5795,0.0065470347441647266,1.4757104,7.3221283,6156
5796,0.00038286752889852204,2.6512456,11.926176,360
5797,0.00028608712576028454,1.3489327,5.7304955,269
5798,0.002618388489300448,4.418017,13.855762,2462
5799,0.002698152557820973,2.6358125,7.9460325,2537
5800,0.011947593943461102,4.466069,12.49037,11234
5801,0.0006795898637948766,3.1554346,17.313475,639
5802,0.0016133612259418275,1.5549617,8.714698,1517
5803,0.00011060617501512859,5.0930486,9.335956,104
5804,7.231942212527638e-05,1.0202254,2.0870028,68
5805,0.0027204864970067203,4.071161,11.482506,2558
5806,0.0005232522894946468,1.8208536,10.594034,492
5807,0.002296141652477525,2.2416172,7.047449,2159
5808,0.000757226890488188,1.6345189,9.998763,712
5809,0.001139030898473103,3.748678,10.102581,1071
5810,0.012621866202687944,1.5482817,5.7936964,11868
5811,0.0006030163580151721,1.7248938,7.659195,567
5812,0.003092718816769172,4.2300467,15.139892,2908
5813,0.006450254341026489,2.7266603,11.946432,6065
5814,0.002315285028922451,3.1779108,10.792644,2177
5815,0.0010486316208165075,1.9777389,9.79649,986
5816,0.004618871327795225,1.793033,7.4922075,4343
5817,0.0014612777352960256,2.2769134,8.411904,1374
5818,0.0010582033090389706,2.634918,7.7432747,995
5819,0.0014623412562096328,1.7942724,8.956545,1375
5820,0.002409938390233475,1.9937077,8.556974,2266
5821,0.00014463884425055276,1.7490116,6.618715,136
5822,0.007762639148417534,1.7371408,8.646024,7299
5823,0.0016293140396459326,1.891941,7.667392,1532
5824,0.0017537459865379524,3.7356408,12.836163,1649
5825,0.011563662893648971,1.521246,8.661709,10873
5826,0.0002669437493153584,1.4422303,10.061621,251
5827,0.00040413794717066216,2.80692,12.102081,380
5828,0.01694507871650042,1.6588013,7.429078,15933
5829,0.0024312088085056147,3.7652116,12.263797,2286
5830,0.009412160085422,2.1373665,8.772762,8850
5831,0.00025737206109289535,2.4451816,15.419897,242
5832,0.0004115825935659112,2.032182,9.704797,387
5833,0.00017441742983154891,1.5423225,7.876038,164
5834,6.806533847084836e-05,2.4657614,7.986393,64
5835,0.003400076360801597,2.788255,9.832819,3197
5836,0.0018037314694774815,3.6744547,11.606486,1696
5837,0.0003509619014903119,3.2377844,18.132738,330
5838,0.05816289524425353,4.512766,14.411257,54689
5839,0.00170482402451203,2.2060714,8.025714,1603
5840,0.00015846461612744383,2.1882627,12.364494,149
5841,0.0021312959108684393,3.9503999,10.7427,2004
5842,0.0028693794249117013,4.2512507,11.944385,2698
5843,0.008359274380951064,1.5166,5.6906896,7860
5844,0.0003031034603779966,2.4900799,12.949209,285
5845,0.0016739819180174268,2.6775758,9.817781,1574
5846,0.002819393941972172,2.405751,9.138333,2651
5847,0.0015793285567064033,2.0645761,9.90703,1485
5848,0.001297495514600547,1.9268603,7.637995,1220
5849,0.00014144828150973175,2.2399926,9.136681,133
5850,3.72232319762452e-05,1.0538874,2.9321613,35
5851,0.0024429075385552917,2.2966356,6.9114304,2297
5852,0.0009624864268143401,1.7232682,5.9709516,905
5853,0.0037074339048340215,2.116164,8.791669,3486
5854,0.015122203870578013,0.9057005,6.130366,14219
5855,0.001919655249060645,2.654578,11.835439,1805
5856,8.508167308856045e-05,1.2952772,4.0642004,80
5857,5.849365024838531e-05,3.154364,10.686485,55
5858,0.0019919746711859216,2.2641213,6.9240074,1873
5859,0.0017686352793284503,1.8147207,8.970874,1663
5860,0.004121143540227147,2.071308,6.694793,3875
5861,5.2112524766743275e-05,0.80430406,1.7158241,49
5862,0.017905438101487547,1.0598042,3.4398746,16836
5863,0.001486802237222594,3.3357,9.835431,1398
5864,0.0002233393918574712,1.9661051,7.224139,210
5865,0.002440780496728078,3.0357409,10.804449,2295
5866,0.0013698149367258232,4.073797,11.215081,1288
5867,0.004999611814866534,1.8701715,8.043262,4701
5868,2.7651543753782147e-05,1.3783382,3.5318446,26
5869,0.0002988493767235686,1.8213195,12.333726,281
5870,0.0001340036351144827,1.7307084,11.285738,126
5871,0.001142221461213924,2.901558,12.639077,1074
5872,0.0017824610512053413,3.564977,11.45596,1676
5873,0.0011794446931901693,2.9306695,9.603831,1109
5874,0.0010794737273111107,2.058954,12.861606,1015
5875,0.0032735173720823633,3.478738,8.367684,3078
5876,7.125590121166937e-05,1.7965735,12.554582,67
5877,0.0008657060236761026,2.2054949,11.068599,814
5878,0.0009252631948380949,2.0192213,7.8536057,870
5879,0.0011794446931901693,1.1853864,9.825338,1109
5880,0.0015899637658424734,1.6304027,9.1209345,1495
5881,0.0013644973321577881,3.1916294,10.298095,1283
5882,0.0031033540259052424,4.131893,11.86748,2918
5883,0.002191916602944039,1.1387789,5.698798,2061
5884,0.001103934708324072,2.6909337,19.966303,1038
5885,0.005299524712503709,2.821428,11.716726,4983
5886,0.005051724339633277,3.867623,13.771142,4750
5887,0.002833219713849063,4.0253296,11.696258,2664
5888,0.004096682559214185,1.3897063,5.1315465,3852
5889,0.005928065572445449,3.442628,10.369254,5574
5890,0.0032533104747238303,3.3434854,9.141029,3059
5891,0.00010741561227430756,3.1097553,15.250489,101
5892,0.0008306098335270714,1.5960497,10.010248,781
5893,0.0008306098335270714,1.9698017,7.5577836,781
5894,3.72232319762452e-05,4.264523,15.137886,35
5895,3.403266923542418e-05,1.2082996,2.6041224,32
5896,0.0042051616924021,1.5410361,7.043037,3954
5897,0.0013379093093176132,2.6372454,17.139887,1258
5898,0.0018186207622679796,3.8214166,12.020483,1710
5899,0.024156814031669527,1.8537236,7.472159,22714
5900,0.001141157940300317,1.8063723,13.256517,1073
5901,0.004144541000326501,4.614739,11.627005,3897
5902,0.012827125739014095,2.7254598,8.865333,12061
5903,0.00020206897358533108,1.674149,14.887269,190
5904,2.8715064667389152e-05,0.72120976,1.372488,27
5905,0.0012677169290195506,1.389172,6.9877243,1192
5906,0.0021929801238576457,2.8777914,7.7617173,2062
5907,0.0020058004430628124,3.2202792,14.043771,1886
5908,0.0001308130723736617,1.8732356,11.7737665,123
5909,0.00024141924738879027,1.540567,6.15698,227
5910,0.0010869183737063598,1.9423915,14.427947,1022
5911,0.0011007441455832508,2.1748493,15.083241,1035
5912,0.09339840663296724,1.4696758,8.815036,87820
5913,0.004489121776335171,2.4624574,10.235013,4221
5914,0.026225362208635153,1.789945,8.536529,24659
5915,0.002660929325844728,5.689316,11.32975,2502
5916,0.005699408576019943,2.6755462,12.069798,5359
5917,0.0003041669812916036,2.453802,12.351068,286
5918,0.0018016044276502675,3.278362,9.668748,1694
5919,0.0006359855063369894,2.1619358,13.030628,598
5920,0.0001308130723736617,1.2504199,5.712372,123
5921,0.00018186207622679796,1.7751075,9.382539,171
5922,0.04524643374849645,1.0039848,5.797882,42544
5923,7.976406852052543e-05,1.5564128,3.1831555,75
5924,0.0014357532333694576,2.054992,16.16989,1350
5925,0.00023503812190714824,2.2011244,8.290329,221
5926,0.00014357532333694577,2.154519,7.1638813,135
5927,0.00244716162220972,3.608945,11.615463,2301
5928,0.0017675717584148434,2.7023008,10.52286,1662
5929,0.013345060423940706,1.2971797,4.6179404,12548
5930,0.0005126170803585767,1.7597735,9.216857,482
5931,0.00022227587094386417,2.8599145,12.854184,209
5932,0.011918878878793712,2.0454285,6.6339135,11207
5933,0.0014602142143824188,3.5039668,8.739722,1373
5934,0.0016239964350778975,1.9803157,7.6419888,1527
5935,0.0017760799257236994,3.076743,9.085126,1670
5936,0.0023248567171449143,2.1918714,6.8418646,2186
5937,0.0017643811956740223,5.0360374,11.291926,1659
5938,0.0024950200633220353,2.8857179,9.464183,2346
5939,0.0037425300949830527,3.567593,11.703595,3519
5940,0.002784297751823141,2.5176826,11.104666,2618
5941,0.0023014592570455602,1.7324694,9.064382,2164
5942,0.0020993902834602293,1.5253322,8.983679,1974
5943,0.0009582323431599121,1.6788954,6.421768,901
5944,0.0006242867762873123,2.2818346,9.751794,587
5945,0.0007412740767840829,1.2728732,7.819317,697
5946,0.0025928639873738796,3.0186954,8.775737,2438
5947,0.0017388566937474542,2.7765203,14.478508,1635
5948,0.0013878947922571422,1.6736046,7.330872,1305
5949,0.0036734012355985972,1.6611,8.630087,3454
5950,0.00012655898871923366,1.1505915,4.3305626,119
5951,0.002056849446915949,1.8327304,9.276434,1934
5952,0.001693125294462353,1.46214,4.8528094,1592
5953,2.5524501926568134e-05,2.9587622,10.363014,24
5954,0.0028821416758749853,4.2468586,10.513945,2710
5955,0.00045093286736937036,1.5026323,11.002007,424
5956,0.002244029127710782,1.5024595,8.962516,2110
5957,0.00012655898871923366,2.3823729,14.141146,119
5958,0.013282312690037892,1.5915842,7.747763,12489
5959,0.0003956297798618061,1.3625004,7.0935316,372
5960,0.00465290399703065,1.077656,5.860978,4375
5961,0.001680363043499069,4.0998554,10.354848,1580
5962,0.002215314063043393,4.271091,11.012295,2083
5963,0.004911339579037152,1.3214092,5.210125,4618
5964,0.0019270998954558942,2.3367114,8.987972,1812
5965,0.0009199455902700599,2.773408,13.332311,865
5966,0.0001510199697321948,2.2802017,8.426663,142
5967,0.0039318368176051,3.2701535,13.13524,3697
5968,0.00023291108007993423,1.2949734,4.162775,219
5969,0.002215314063043393,4.1201444,15.922559,2083
5970,0.0009752486777776241,1.5742021,8.966813,917
5971,0.00027013431205617945,1.9972751,9.736692,254
5972,3.1905627408210167e-06,0.6620166,1.0424582,3
5973,0.000378613445244094,1.7110947,7.371968,356
5974,0.0002073865781533661,1.9839413,11.615499,195
5975,0.00033926317144063477,1.87582,11.397087,319
5976,0.0023929220556157624,4.1864886,10.434607,2250
5977,0.00030948458585963864,1.5814743,9.663529,291
5978,0.0005423956659395729,2.058342,18.162975,510
5979,0.0004349800536652653,1.5642543,7.5240273,409
5980,0.0023790962837388716,3.0534725,9.090845,2237
5981,0.0026928349532529382,3.326372,10.655256,2532
5982,0.008696410510564485,0.89125514,4.0069127,8177
5983,0.002235520960401926,3.5846834,10.8464365,2102
5984,7.976406852052543e-05,1.919479,5.4500265,75
5985,0.0033107406040586086,4.946781,12.353957,3113
5986,0.00016378222069547886,1.7355276,11.971075,154
5987,0.0031692923225488767,3.8858669,8.562958,2980
5988,0.005773855039972434,1.6578016,9.110451,5429
5989,0.00494749929009979,1.3318192,5.7423925,4652
5990,0.0007859419551555772,2.8250897,17.320139,739
5991,0.0006678911337451996,1.6171983,7.159382,628
5992,0.002057912967829556,1.595725,7.9876723,1935
5993,0.0025535137135704205,1.5428715,6.456294,2401
5994,0.00023822868464796926,2.1308107,11.792627,224
5995,0.0017133321918208861,3.8956532,13.229885,1611
5996,0.0027545191662421446,2.9734204,12.445073,2590
5997,0.0017271579636977772,3.1286988,8.5868435,1624
5998,0.026999605433741053,1.2277232,4.5369496,25387
5999,0.0032639456838599004,2.816092,10.631417,3069
6000,0.0021823449147215755,3.9145122,10.484983,2052
6001,0.0017420472564882753,3.329334,9.578765,1638
6002,0.00016484574160908588,2.3745966,14.63271,155
6003,0.021126842948803168,1.6229082,7.7094464,19865
6004,0.0006551288827819154,1.9711064,8.924054,616
6005,0.0014070381687020684,2.190971,13.901675,1323
6006,0.00672357921582349,2.2308202,8.962028,6322
6007,0.0029416988470369774,5.801455,11.919978,2766
6008,2.020689735853311e-05,0.75796753,1.2334414,19
6009,0.005924875009704628,1.4151663,6.8815346,5571
6010,0.0038967406274560685,3.623836,10.002466,3664
6011,0.009432366982780533,2.4073124,8.478982,8869
6012,0.0009922650123953363,1.8357191,7.471678,933
6013,5.104900385313627e-05,1.6698412,5.573101,48
6014,0.0010592668299525777,1.5674825,4.9839907,996
6015,0.0018271289295768356,2.4157114,9.474017,1718
6016,0.0004945372248272576,1.7033405,10.6134,465
6017,0.0015814555985336173,2.5003266,8.198839,1487
6018,0.003207579075438729,1.9381869,8.334114,3016
6019,0.005886588256814776,2.7489774,13.834248,5535
6020,0.0032820255393912192,1.4772847,8.159995,3086
6021,0.01807453792675106,1.0184832,3.198638,16995
6022,0.00038393104981212904,2.737554,14.582755,361
6023,0.00039243921712098505,1.7885393,11.900634,369
6024,0.0002478003728704323,3.6464827,20.316616,233
6025,0.028835242530626744,1.1780223,9.247005,27113
6026,0.006452381382853703,5.981039,14.208865,6067
6027,0.001143284982127531,2.17413,8.746297,1075
6028,0.022580676037703945,1.569179,6.2906594,21232
6029,0.0017803340093781274,2.0147154,11.298213,1674
6030,0.018921100573982236,1.2074208,4.799327,17791
6031,0.003251183432896616,4.2888455,12.415596,3057
6032,0.003972250612322166,1.2620827,6.276492,3735
6033,0.0012294301761296986,2.8722713,12.993195,1156
6034,0.005552642689942176,1.9792634,9.199689,5221
6035,2.7651543753782147e-05,1.1678414,2.5549667,26
6036,0.00021802178728943616,1.8316573,7.538057,205
6037,0.0011486025866955661,3.4593852,11.161065,1080
6038,0.00018079855531319097,1.5934883,7.57514,170
6039,0.000577491856088604,1.7239007,5.3138824,543
6040,0.0020515318423479137,3.1660314,11.697069,1929
6041,0.00663105289633968,1.9560841,8.91631,6235
6042,0.0012368748225249475,1.9369556,12.076629,1163
6043,0.004494439380903206,1.9204603,12.515677,4226
6044,0.0014517060470735626,2.0603302,7.364864,1365
6045,0.003823357684417185,1.3415189,10.969807,3595
6046,0.014211829968530416,1.5596669,6.4212503,13363
6047,0.007157495748575148,1.1286103,4.2024994,6730
6048,0.00027332487479700044,2.9813774,16.186287,257
6049,0.0021834084356351824,2.7883918,6.700877,2053
6050,5.7430129334778304e-05,0.7265301,1.9938036,54
6051,0.0009252631948380949,1.5529402,8.174511,870
6052,0.002232330397661105,3.223531,18.448486,2099
6053,0.0019270998954558942,2.185531,7.795685,1812
6054,0.00010209800770627253,2.1634922,10.958321,96
6055,0.00014570236516415978,11.157015,16.727825,137
6056,0.0008827223582938147,1.2892176,5.42288,830
6057,0.015907082304819985,1.0704206,4.7080407,14957
6058,0.0001340036351144827,2.295246,9.199172,126
6059,0.061194993368947105,2.5821393,9.5515995,57540
6060,0.0018313830132312638,1.9968016,9.01663,1722
6061,0.014847815474867406,1.5459782,6.560261,13961
6062,0.0007742432251059,1.1572528,5.5390983,728
6063,0.002238711523142747,2.7768612,11.054423,2105
6064,0.004171129023166676,2.5899198,11.496823,3922
6065,0.001709078108166458,4.146941,14.736982,1607
6066,0.006731023862218738,1.4505568,8.394318,6329
6067,0.002083437469756124,1.7990184,13.096265,1959
6068,0.003408584528110453,2.7825387,14.272797,3205
6069,0.0014580871725552048,3.8360474,10.0322075,1371
6070,0.0004169001981339462,1.4549086,6.094427,392
6071,0.0018101125949591236,1.8648665,5.492639,1702
6072,0.0015378512410757301,1.3872311,6.82232,1446
6073,0.002884268717702199,1.8932679,6.1365967,2712
6074,0.0008167840616501803,2.211912,10.370495,768
6075,0.0035681126651515038,1.1846253,5.3175907,3355
6076,0.001692061773548746,1.7635717,10.42747,1591
6077,0.0021483122454861513,3.5983052,11.962848,2020
6078,0.0003211833159093157,2.1841614,8.71397,302
6079,0.0019845300247906725,2.4008512,7.712731,1866
6080,0.01047780804085622,1.1714023,5.003976,9852
6081,0.0004562504719374054,2.604313,14.846116,429
6082,0.0027736625426870707,1.3785852,7.5535874,2608
6083,0.001703760503598423,2.6432412,9.487448,1602
6084,0.003808468391626687,3.320809,10.547059,3581
6085,0.00033181852504538575,1.4022613,5.143992,312
6086,0.00036691471519441696,2.1760144,10.167108,345
6087,0.0016580291043133218,2.228439,10.103386,1559
6088,0.011835924247532366,1.5062147,7.639155,11129
6089,0.00025524501926568136,4.0960264,16.248627,240
6090,0.00012549546780562666,1.9502547,9.020041,118
6091,0.0025662759645337044,3.2003257,11.863481,2413
6092,0.0006444936736458454,2.7766473,19.194004,606
6093,0.0008954846092570988,1.9839206,10.916696,842
6094,0.002475876686877109,1.8855137,12.441369,2328
6095,0.0014580871725552048,1.7770325,8.888776,1371
6096,0.0015963448913241154,2.2812142,8.33483,1501
6097,0.0017856516139461624,3.6039963,14.984643,1679
6098,0.002069611697879233,1.2618389,8.439849,1946
6099,0.0017463013401427033,1.649805,9.058953,1642
6100,0.0014112922523564966,2.088061,8.856165,1327
6101,0.0014325626706286367,1.9847906,12.59761,1347
6102,9.039927765659548e-05,1.7938918,6.0245934,85
6103,0.0004541234301101914,1.0242862,4.7135653,427
6104,0.0033320110223307485,1.7792888,10.923575,3133
6105,0.002072802260620054,1.5761184,6.2110133,1949
6106,0.0007114954912030868,1.4885621,8.882691,669
6107,0.00023397460099354125,1.7301015,7.7947707,220
6108,0.003563858581497076,2.5721285,8.730789,3351
6109,0.005351637237270453,5.570341,16.944616,5032
6110,0.00024035572647518327,2.0068243,8.622187,226
6111,0.0016580291043133218,1.5732135,11.624975,1559
6112,0.00266731045132637,3.243683,9.548513,2508
6113,0.0024354628921600427,3.4882119,8.530975,2290
6114,0.005705789701501585,2.0028431,7.11475,5365
6115,0.007518029338287923,1.5399843,8.994765,7069
6116,0.014020396204081156,1.6453149,6.566504,13183
6117,0.0002807695211922495,2.439635,12.384011,264
6118,0.0002967223348963546,0.88347554,2.848693,279
6119,0.0010167259934082975,2.0783226,11.325217,956
6120,0.01832233829962149,1.2867208,4.939097,17228
6121,0.0015059456136675199,3.7614653,9.214332,1416
6122,0.005444163556754262,2.1291044,8.216598,5119
6123,0.007675430433501759,1.2290146,5.026006,7217
6124,0.00027970600027864246,2.6165419,12.064906,263
6125,1.0635209136070056e-06,1.8241478,1.8241478,1
6126,4.679492019870825e-05,1.1320275,3.3164182,44
6127,0.001496373925445057,1.1386366,4.364899,1407
6128,0.004912403099950759,1.9265562,7.682994,4619
6129,0.01459363397651533,1.30214,4.473879,13722
6130,0.0005147441221857907,1.391528,8.315059,484
6131,0.0009880109287409083,3.199363,14.912492,929
6132,0.0015357241992485162,1.8245468,9.488469,1444
6133,0.0005338874986307168,2.0350769,11.528551,502
6134,0.0015016915300130919,1.4441953,7.820509,1412
6135,0.0006338584645097753,1.9939042,8.089906,596
6136,0.0001340036351144827,2.1953907,11.329567,126
6137,0.00046369511833265446,1.4585661,5.8450465,436
6138,0.00032862796230456476,1.3749454,4.576474,309
6139,0.0022216951885250347,2.8732808,9.31077,2089
6140,0.002257854899587673,1.126113,4.5380063,2123
6141,0.0013942759177387844,1.4796817,6.0940995,1311
6142,0.001321956495613508,1.7995169,10.173884,1243
6143,0.0010699020390886476,2.4424574,11.75147,1006
6144,0.0012570817198834807,3.4791281,14.864791,1182
6145,0.002078119865188089,2.5225334,12.446497,1954
6146,0.00023610164282075524,0.97784746,3.2763495,222
6147,0.006500239823966018,2.275801,10.719876,6112
6148,0.0015410418038165512,1.2907705,7.6575184,1449
6149,0.0011124428756329279,1.8790098,10.779971,1046
6150,6.700181755724135e-05,0.8250864,2.6516104,63
6151,4.254083654428023e-05,1.1516635,3.4455018,40
6152,0.00039243921712098505,1.1968732,3.639361,369
6153,0.0022929510897367043,1.2711555,5.7517014,2156
6154,0.00048602905751840157,1.5474478,14.802227,457
6155,0.004354054620307081,2.2807643,8.142316,4094
6156,0.0010805372482247178,2.1106725,9.221826,1016
6157,0.0003626606315399889,1.9356211,8.652355,341
6158,0.002454606268604969,2.320173,6.992464,2308
6159,0.0036914810911299165,2.8505988,12.2705555,3471
6160,0.0020036734012355987,3.018359,10.471908,1884
6161,0.002638595386658981,2.3418636,10.927722,2481
6162,0.007414867809668043,1.6012487,7.8888006,6972
6163,0.0019047659562701472,1.6987423,5.89259,1791
6164,0.0034798404293221222,1.7608207,7.2694077,3272
6165,0.0014240545033197805,1.849653,6.437871,1339
6166,0.0018388276596265128,1.7026007,6.4263954,1729
6167,0.0025471325880887783,2.6546807,8.383741,2395
6168,0.0027109148087842575,1.6961854,7.234578,2549
6169,0.00032331035773652974,2.3853853,13.376187,304
6170,0.002428018245764794,3.1002946,10.126953,2283
6171,0.0006179056508056703,2.3642588,11.112855,581
6172,0.0002977858558099616,2.1357813,16.762571,280
6173,0.0007816878715011491,1.8212374,13.726514,735
6174,0.021552251314245967,1.4960579,3.0761116,20265
6175,0.0005849365024838531,2.2091987,9.81837,550
6176,0.008711299803354984,1.8519807,7.8173347,8191
6177,0.0029640327862227246,2.5010152,8.277967,2787
6178,0.0013400363511448272,1.4699033,6.025997,1260
6179,0.0014527695679871697,2.742571,14.731607,1366
6180,0.000190370243535654,1.7796565,8.836458,179
6181,0.0016814265644126759,1.7061354,5.783995,1581
6182,0.0009848203660000872,1.8528283,7.857215,926
6183,3.615971106263819e-05,2.3804243,8.391494,34
6184,0.0029576516607410825,1.757385,10.233591,2781
6185,0.002232330397661105,2.7284017,7.6463604,2099
6186,0.0019909111502723147,3.08856,9.991738,1872
6187,0.0019749583365682092,2.7976701,8.36425,1857
6188,0.0008476261681447834,2.0278945,9.626823,797
6189,0.0029310636379009077,4.2990694,13.203163,2756
6190,0.004261528300823271,1.6739508,7.3174005,4007
6191,0.0013868312713435354,2.2334347,13.877649,1304
6192,0.002467368519568253,3.0107093,8.29357,2320
6193,0.0036244792735726753,2.9795828,15.799558,3408
6194,0.0011805082141037762,2.6349084,10.300724,1110
6195,0.010167259934082974,1.6381978,9.196587,9560
6196,0.0029119202614559816,3.2453609,11.380679,2738
6197,0.0004902831411728296,1.7122599,11.228427,461
6198,0.0005136806012721837,1.9031073,11.676851,483
6199,0.00013506715602808973,1.739391,7.1010513,127
6200,2.233393918574712e-05,2.4261563,11.056078,21
6201,0.0017377931728338471,2.0187426,9.565991,1634
6202,0.009437684587348567,27.856937,49.54348,8874
6203,0.0025577677972248485,3.7728934,10.711885,2405
6204,4.9985482939529265e-05,2.1022465,7.2094164,47
6205,0.005062359548769347,1.8656316,9.69004,4760
6206,0.03290852762974158,2.0319588,8.870416,30943
6207,0.0009826933241728732,1.814152,7.6756506,924
6208,2.6588022840175142e-05,1.0540496,2.7749329,25
6209,0.7137692989163785,5.3674307,21.89125,671138
6210,2.020689735853311e-05,1.3294407,2.6934583,19
6211,0.00021376770363500813,1.9578171,9.4797735,201
6212,0.00024141924738879027,2.9775229,14.61527,227
6213,0.0011773176513629553,2.739791,10.723867,1107
6214,0.0003594700687991679,2.1861737,9.221162,338
6215,0.000953978259505484,2.1968539,9.969269,897
6216,0.005532435792583643,2.0597374,8.332506,5202
6217,0.0018515899105897968,4.0133133,10.957369,1741
6218,6.700181755724135e-05,1.2255872,3.1029887,63
6219,0.015963448913241154,1.329694,4.9906306,15010
6220,0.002630087219350125,2.194159,9.315179,2473
6221,0.0015516770129526212,2.3586328,10.25796,1459
6222,3.82867528898522e-05,2.7673385,10.293375,36
6223,0.001703760503598423,2.9796348,11.049298,1602
6224,0.0016356951651275748,2.600086,7.2172832,1538
6225,0.003443680718259484,2.1606846,9.051838,3238
6226,0.0034862215548037644,6.058422,13.371274,3278
6227,0.011730635677085271,1.640608,6.0042033,11030
6228,0.026048817736976388,1.4720869,3.2878559,24493
6229,0.0008625154609352816,1.4894049,5.704739,811
6230,0.0003594700687991679,1.2987021,7.62844,338
6231,0.00011592377958316362,1.7447453,8.544695,109
6232,0.002807695211922495,3.9400983,12.624005,2640
6233,0.00795939051743483,2.247366,10.3631735,7484
6234,7.44464639524904e-05,0.76875716,1.6672189,70
6235,0.0008454991263175695,2.5899043,8.711994,795
6236,0.00023397460099354125,2.3798354,12.099455,220
6237,0.032070473149819256,1.4780737,5.9046946,30155
6238,0.010810690086815213,1.0382085,3.9323277,10165
6239,0.00010103448679266554,1.9996921,9.298202,95
6240,0.0017930962603414115,1.9723952,10.264087,1686
6241,0.0006838439474493046,2.537565,13.691363,643
6242,0.024188719659077734,1.7368364,8.68283,22744
6243,0.00015633757430022984,2.0489712,8.70349,147
6244,0.006799089200689587,7.580935,17.83793,6393
6245,0.00022972051733911322,1.2554224,4.0229325,216
6246,0.01391191707089324,1.6200135,8.876845,13081
6247,0.0017867151348597695,2.9577014,11.776394,1680
6248,0.0029012850523199114,2.225123,6.662251,2728
6249,0.003554286893274613,3.0687902,8.341435,3342
6250,0.0021674556219310774,1.6289942,10.638308,2038
6251,0.0004839020156911876,1.2890366,5.8774323,455
6252,0.00055409439598925,1.8764418,11.847601,521
6253,0.00340964804902406,2.8759184,8.1509495,3206
6254,0.003424537341814558,2.103752,9.845308,3220
6255,0.0027194229760931134,3.4298265,14.443353,2557
6256,0.003969060049581345,1.3822497,8.289175,3732
6257,0.011488152908782875,2.820478,9.380104,10802
6258,0.0003254373995637437,1.5570527,9.369957,306
6259,0.00015952813704105085,2.100286,9.332145,150
6260,0.00695436325407621,1.637891,6.0515976,6539
6261,0.001510199697321948,3.2233007,13.285555,1420
6262,0.0021961706865984668,2.6035945,12.011207,2065
6263,2.1270418272140114e-05,1.1919779,3.199665,20
6264,0.001304940160995796,1.8831466,7.9941473,1227
6265,0.0027619638126373937,1.8278836,9.472793,2597
6266,0.00010316152861987954,1.7710989,14.6778,97
6267,0.00019994193175811706,1.7171227,6.4077315,188
6268,3.190562740821017e-05,1.3332758,3.4139931,30
6269,0.0034851580338901575,1.6331757,8.9239645,3277
6270,0.012902635723880193,1.2432624,6.1128592,12132
6271,0.0015825191194472244,3.2986782,14.5854845,1488
6272,0.0003020399394643896,1.3635792,7.315424,284
6273,0.002649230595795051,3.4612243,9.014982,2491
6274,0.0012102867996847725,3.846125,10.159016,1138
6275,0.008178475825637873,1.584981,7.9143763,7690
6276,0.0012485735525746245,1.8849626,5.2056913,1174
6277,0.0016463303742636447,1.5516796,6.1887527,1548
6278,1.2762250963284067e-05,1.3239689,2.3456333,12
6279,0.025221398466190138,2.1277633,9.543503,23715
6280,0.003353281440602889,3.716611,12.551555,3153
6281,1.3825771876891073e-05,1.3920629,2.251223,13
6282,0.0004732668065551175,1.6554805,9.502028,445
6283,0.010350185531223379,2.4498312,7.530942,9732
6284,0.000553030875075643,1.3085045,4.1759152,520
6285,0.0025333068162118875,1.4466912,6.4779267,2382
6286,0.0021738367474127196,2.716774,8.771612,2044
6287,0.0003573430269719539,1.0660986,7.2844453,336
6288,0.00035202542240391887,2.4690201,9.791501,331
6289,0.0004328530118380513,1.4583983,7.365162,407
6290,0.005136806012721837,2.719384,11.525798,4830
6291,0.0018569075151578318,3.2746224,11.355175,1746
6292,0.004707143563624607,1.3160747,4.725081,4426
6293,0.0012326207388705195,3.777464,17.170677,1159
6294,0.000946533613110235,1.5134836,8.163322,890
6295,0.021762828455140156,1.9028975,8.740801,20463
6296,0.0008763412328121726,2.1897318,9.465369,824
6297,0.0015474229292981932,3.9876704,12.150498,1455
6298,0.00040626498899787615,1.6066879,9.053588,382
6299,0.0006902250729309467,1.530449,7.2449245,649
6300,9.997096587905853e-05,2.8049364,16.439274,94
6301,0.00038924865438016407,2.4766827,16.40142,366
6302,0.001499564488185878,3.2881875,12.010331,1410
6303,0.0001340036351144827,1.8511326,9.851594,126
6304,0.00023291108007993423,2.1921694,8.694761,219
6305,0.0002244029127710782,2.1205277,11.869935,211
6306,0.00022972051733911322,1.8374702,7.1752295,216
6307,0.0022769982760325993,2.1229377,7.1180205,2141
6308,0.0002084500990669731,2.5939898,12.096369,196
6309,0.0011709365258813131,1.4164863,6.784209,1101
6310,0.0001722903880043349,2.11563,17.976118,162
6311,0.0006444936736458454,1.4767592,4.263507,606
6312,0.0006115245253240282,1.1187481,4.296986,575
6313,0.010309771736506313,1.3774377,4.629917,9694
6314,0.0003031034603779966,1.4814299,7.627124,285
6315,0.0003360726086998138,1.9970703,11.092389,316
6316,0.005306969358898958,2.0517414,6.863803,4990
6317,0.0034809039502357295,1.6762375,7.7250156,3273
6318,0.0015538040547798352,1.2632121,4.4917555,1461
6319,4.9985482939529265e-05,2.8260868,10.15346,47
6320,0.00266731045132637,4.623176,12.180223,2508
6321,0.0019143376444926102,3.4758768,12.061617,1800
6322,0.0034585700110499823,1.2487099,4.7309265,3252
6323,0.00021057714089418712,2.4082673,10.194263,198
6324,0.000187179680794833,1.4848435,5.392216,176
6325,0.002413128952974296,2.398468,7.034818,2269
6326,0.001884559058911614,3.5066156,12.685405,1772
6327,0.0036670201101169555,1.5829021,7.0509014,3448
6328,0.0001680363043499069,0.71663743,1.6083907,158
6329,0.00014144828150973175,2.4146981,18.611572,133
6330,0.0018335100550584777,4.536023,13.750822,1724
6331,0.0016590926252269289,1.9848672,9.296138,1560
6332,0.004612490202313584,5.498109,15.353604,4337
6333,0.001509136176408341,3.152641,10.857465,1419
6334,0.0025375608998663155,3.4125998,9.606791,2386
6335,0.00011592377958316362,1.8636396,9.412739,109
6336,6.062069207559932e-05,1.8407605,7.3522987,57
6337,0.004359372224875116,4.1316457,11.905332,4099
6338,0.00022546643368468518,1.0075433,3.1378334,212
6339,0.006752294280490879,2.0635707,12.204492,6349
6340,0.0003020399394643896,3.9040158,18.297998,284
6341,0.001477230549000131,4.0919557,11.700203,1389
6342,0.0015623122220886913,1.7038609,9.733571,1469
6343,0.0016080436213737925,2.5409527,8.026922,1512
6344,0.00016271869978187186,3.856125,17.29472,153
6345,0.0010156624724946904,1.8344381,5.0118623,955
6346,0.0007742432251059,2.4370668,10.630847,728
6347,8.401815217495345e-05,2.8794405,17.517906,79
6348,0.16541047121421118,2.0893946,11.820989,155531
6349,0.0012347477806977335,1.9883423,8.757287,1161
6350,0.002289760526995883,2.7210882,11.157555,2153
6351,0.0007051143657214447,1.839001,12.575521,663
6352,0.01226026909206156,3.802797,14.637285,11528
6353,0.00010954265410152158,0.8500034,3.1738214,103
6354,0.0019845300247906725,2.0107253,8.901092,1866
6355,0.00030842106494603165,1.9619441,11.088641,290
6356,0.006569368683350473,1.1725172,6.5769053,6177
6357,0.002851299569380382,2.2624373,11.027824,2681
6358,0.002705597204216222,1.4820727,5.7772975,2544
6359,0.0052325228949464675,4.8416605,12.52112,4920
6360,8.295463126134644e-05,2.2309942,12.729594,78
6361,0.04549317060045327,0.9621244,4.792037,42776
6362,0.0019845300247906725,1.4905838,5.6748276,1866
6363,0.0019526243973824622,4.2546124,11.728845,1836
6364,0.0013496080393672902,3.615505,10.56102,1269
6365,0.0003137386695140667,1.8969467,6.3371534,295
6366,0.002647103553967837,1.767731,5.9670663,2489
6367,8.508167308856045e-06,1.3314482,2.4894242,8
6368,0.017987329211835285,2.0037549,8.084412,16913
6369,0.002651357637622265,2.8418941,9.056899,2493
6370,0.019333746688461755,1.8004198,6.1714163,18179
6371,0.00436149926670233,2.6792367,13.915924,4101
6372,7.65735057797044e-05,2.7625623,13.348853,72
6373,0.0015697568684839402,3.312108,8.374027,1476
6374,0.0009093103811339898,2.4566464,9.107673,855
6375,0.0027757895845142845,3.5872471,11.678143,2610
6376,6.593829664363434e-05,1.435805,4.9469285,62
6377,0.00028715064667389153,2.2938387,9.171788,270
6378,0.00023929220556157628,1.4142147,9.367939,225
6379,0.0001488929279049808,1.9361833,8.198322,140
6380,0.00040839203082509014,1.8951529,8.768151,384
6381,0.003637241524535959,2.6245122,9.291817,3420
6382,0.00012868603054644768,1.9365159,9.90621,121
6383,0.002443971059468899,3.1397886,11.4368725,2298
6384,0.001329401142008757,2.7357135,12.766608,1250
6385,0.001134776814818675,1.9612652,8.136089,1067
6386,0.0014612777352960256,3.1489413,11.020559,1374
6387,0.0078030529431346,1.9960791,8.115155,7337
6388,0.004575266970337338,2.8033519,8.104248,4302
6389,0.01012897318119312,1.399387,4.9924397,9524
6390,2.7651543753782147e-05,1.9030313,3.9091055,26
6391,0.0003041669812916036,1.6890184,9.821723,286
6392,0.08472113949884767,8.28665,18.643423,79661
6393,0.008312479460752356,1.6437958,8.775745,7816
6394,0.0006710816964860206,1.9888031,8.478468,631
6395,0.002247219690451603,1.6021643,7.4670634,2113
6396,0.0017292850055249912,3.4208977,13.332566,1626
6397,0.00209194563706498,1.1902436,7.1227875,1967
6398,0.0015197713855444111,2.8444395,15.26625,1429
6399,0.002997001934544542,4.0393705,12.573837,2818
6400,0.004569949365769303,2.909217,10.142935,4297
6401,0.004766700734786599,4.0734015,13.7504835,4482
6402,0.0002669437493153584,2.066932,8.230307,251
6403,0.0019387986255055712,3.0699954,14.583739,1823
6404,0.0006391760690778104,1.7040448,14.25071,601
6405,0.00044561526280133534,3.5245378,15.22789,419
6406,0.0013485445184536831,1.560614,9.091217,1268
6407,0.020198389191224252,1.9926963,7.4863973,18992
6408,0.00027332487479700044,2.2235897,13.436758,257
6409,0.002795996481872818,3.8608909,12.672456,2629
6410,0.00014144828150973175,1.6487114,10.6311455,133
6411,0.0001137967377559496,2.3909678,14.627142,107
6412,0.0021749002683263264,3.907278,14.281978,2045
6413,0.000745528160438511,1.9186424,7.697211,701
6414,0.0009050562974795618,2.2478719,8.577389,851
6415,2.6588022840175142e-05,0.77565557,1.3446006,25
6416,0.0001318765932872687,1.9977306,10.765062,124
6417,0.008732570221627123,1.5141052,9.05023,8211
6418,0.0020398331122982367,3.3154907,10.891019,1918
6419,0.0013623702903305742,3.7230868,12.432821,1281
6420,6.912885938445537e-05,1.2037721,3.0891712,65
6421,0.001321956495613508,1.5671108,7.3361864,1243
6422,0.01383428004419993,2.136228,8.7036295,13008
6423,0.00429768801188591,1.5354807,6.040905,4041
6424,0.0013910853549979633,2.6818419,7.7532077,1308
6425,0.00014144828150973175,3.3458807,12.250071,133
6426,5.9557171161992314e-05,1.0390515,3.3638906,56
6427,0.0004030744262570551,1.9317743,8.108872,379
6428,0.00012124138415119864,1.9485446,10.075943,114
6429,0.0036606389846353133,3.0537443,8.880602,3442
6430,0.0015910272867560803,1.7340394,9.486285,1496
6431,0.006109927648672247,2.935163,8.987182,5745
6432,0.00020100545267172406,1.8731463,16.366413,189
6433,0.009346221788778366,31.153055,51.842037,8788
6434,0.00027970600027864246,2.0269637,9.11513,263
6435,0.04023405968266663,1.7070456,8.863305,37831
6436,0.0005955717116199232,1.7654094,8.247739,560
6437,0.010450156497102438,1.4462593,8.802622,9826
6438,0.00300125601819897,1.2704833,8.589038,2822
6439,0.00013932123968251773,2.603836,17.31695,131
6440,9.35898403974165e-05,2.2488585,17.935802,88
6441,0.001680363043499069,2.8697965,8.165198,1580
6442,0.0012655898871923366,2.8734322,9.8214,1190
6443,0.0008263557498726433,2.0532842,14.223447,777
6444,0.002083437469756124,2.241577,8.757604,1959
6445,0.005301651754330923,5.0506644,13.642413,4985
6446,0.013302519587396427,2.2292626,8.311878,12508
6447,4.679492019870825e-05,0.8150053,2.0423055,44
6448,0.0020111180476308477,4.013358,13.905986,1891
6449,0.0004009473844298411,1.7478727,10.6586895,377
6450,0.0012156044042528073,1.8500347,12.200617,1143
6451,0.002116406618077941,1.8961185,9.88289,1990
6452,0.0001510199697321948,2.4063761,11.527514,142
6453,0.000758290411401795,1.0914309,2.9225948,713
6454,0.00031586571134128066,1.2990922,11.286905,297
6455,0.0033011689158361454,2.7374222,9.167997,3104
6456,0.00038712161255295,1.8453056,9.404746,364
6457,0.002451415705864148,3.2889483,10.012554,2305
6458,0.0004328530118380513,1.405423,11.456166,407
6459,0.0036659565892033486,5.9737206,16.622349,3447
6460,0.020889677785068804,1.813277,7.693796,19642
6461,0.0015942178494969014,2.830395,10.617438,1499
6462,0.005677074636834196,3.198059,12.203691,5338
6463,0.046657726000852946,1.6808312,8.003009,43871
6464,0.0011836987768445973,3.662656,9.618731,1113
6465,0.0010103448679266553,1.5399556,10.579431,950
6466,0.0006381125481642034,4.250469,8.614779,600
6467,0.00034564429692227684,1.9901098,11.140594,325
6468,0.002085564511583338,1.1763506,7.703163,1961
6469,0.0019845300247906725,2.5694168,9.060039,1866
6470,0.0001669727834362999,2.3424287,6.863374,157
6471,0.007441455832508218,2.064984,7.7103286,6997
6472,0.00025418149835207437,1.50646,6.4448977,239
6473,0.009586577515253549,2.7618077,9.74018,9014
6474,0.0017526824656243453,2.0250895,9.150386,1648
6475,0.0008348639171814994,2.1052523,10.072408,785
6476,0.0001712268670907279,1.8715634,11.33584,161
6477,0.0019951652339267427,1.9351386,9.464313,1876
6478,0.0022206316676114278,4.031928,11.444376,2088
6479,0.004953880415581432,1.2882402,5.749533,4658
6480,0.0024312088085056147,3.3103397,9.951529,2286
6481,0.0041434774794128935,4.546059,15.998003,3896
6482,0.0030703848775834254,3.4659767,9.785245,2887
6483,0.0047560655256505295,1.9000032,7.1903234,4472
6484,0.0008752777118985656,2.285753,6.871206,823
6485,0.0006274773390281333,2.3009384,13.021429,590
6486,0.003393695235319955,3.6612396,10.96839,3191
6487,0.04456046275921993,1.6756748,8.886445,41899
6488,0.0042679094263049135,1.5634307,5.0627575,4013
6489,0.0003179927531684947,1.7417225,9.798883,299
6490,0.0024184465575423308,1.8586812,9.227498,2274
6491,0.0027789801472551056,1.4313306,6.85711,2613
6492,0.0005104900385313627,2.0060534,9.009774,480
6493,0.003812722475281115,1.253449,4.8289833,3585
6494,0.004330657160207727,6.623111,12.131219,4072
6495,0.0019621960856049253,2.9252198,8.270142,1845
6496,0.0028459819648123472,3.768815,12.662499,2676
6497,7.65735057797044e-05,2.58463,11.163902,72
6498,7.44464639524904e-05,2.9566553,11.053665,70
6499,0.00267794566046244,2.3614626,7.9652104,2518
6500,0.0007019238029806237,2.3675659,10.396893,660
6501,0.0046454593506354,1.8231431,6.7061114,4368
6502,0.0016069801004601856,2.3034546,12.924389,1511
6503,9.252631948380949e-05,2.587033,11.4653225,87
6504,0.0035149366194711534,6.366949,12.1691675,3305
6505,0.002121724222645976,1.643858,6.650665,1995
6506,0.0022812523596870272,3.4605842,9.456082,2145
6507,0.002283379401514241,2.4255483,7.6505737,2147
6508,0.002484384854185965,1.4352456,7.6546254,2336
6509,0.000942279529455807,2.1187088,15.546445,886
6510,0.0002658802284017514,3.4970102,14.224154,250
6511,0.0020600400096567697,2.054798,11.627928,1937
6512,4.254083654428023e-05,0.8501861,1.9086062,40
6513,0.0010762831645702896,1.2927519,8.856217,1012
6514,0.00011060617501512859,3.2281656,16.426693,104
6515,0.0042157969015381705,1.4685405,6.843585,3964
6516,0.010389535805026839,1.4775375,6.7996206,9769
6517,0.004891132681678619,1.4645056,5.790945,4599
6518,0.0004722032856415105,1.8698103,12.761419,444
6519,0.0002478003728704323,2.1484175,21.36039,233
6520,0.002085564511583338,3.6977668,12.154646,1961
6521,3.190562740821017e-05,3.9352827,13.507298,30
6522,0.00027970600027864246,1.4590677,9.619386,263
6523,4.147731563067322e-05,1.0827689,2.2658308,39
6524,0.001710141629080065,2.154568,12.310499,1608
6525,0.0004541234301101914,1.7114967,10.918203,427
6526,0.0015580581384342632,4.290518,10.804491,1465
6527,9.890744496545152e-05,3.543979,22.600021,93
6528,0.000754036327747367,2.40864,11.045711,709
6529,0.0029916843299765067,4.9448743,10.620855,2813
6530,0.0028980944895790903,2.1620421,7.4775677,2725
6531,0.0036404320872767803,2.3070438,8.10974,3423
6532,0.0016622831879677497,4.433752,13.605145,1563
6533,0.0009093103811339898,1.7090206,6.0743413,855
6534,0.009378127416186575,30.676949,56.032547,8818
6535,0.0010188530352355115,1.8164917,16.609018,958
6536,0.00250033766789007,1.6039823,7.9102616,2351
6537,0.004280671677268198,2.1720119,7.1098585,4025
6538,0.0022004247702528948,2.42983,9.218691,2069
6539,0.0017548095074515593,4.5262675,13.155479,1650
6540,0.00047964793203675955,1.9119897,10.120247,451
6541,0.0006710816964860206,1.6167737,9.158631,631
6542,0.0006147150880648493,1.5508718,11.581099,578
6543,0.0012517641153154456,1.468707,5.2346845,1177
6544,0.0002680072702289654,1.5534908,6.508617,252
6545,0.0021897895611168246,1.9312701,17.312096,2059
6546,0.006084403146745679,3.9831383,18.057465,5721
6547,0.00023397460099354125,2.0937474,7.6007276,220
6548,0.0016005989749785434,1.9298803,10.366892,1505
6549,0.003431981988209807,1.295229,5.119907,3227
6550,0.0007529728068337599,0.9697655,2.8521144,708
6551,0.001706951066339244,1.8277951,10.333671,1605
6552,5.849365024838531e-05,2.9442117,13.751741,55
6553,0.0076158732623397675,1.6118556,5.8432474,7161
6554,0.056086902420892655,0.9803332,7.327069,52737
6555,0.0004179637190475532,1.2313275,3.9642074,393
6556,0.000568983688779748,2.9412591,12.155432,535
6557,0.001330464662922364,2.4616108,12.123499,1251
6558,0.0006189691717192773,1.4841967,10.8954935,582
6559,0.00010528857044709356,0.90041465,4.932368,99
6560,0.003472395782926873,2.464119,9.932667,3265
6561,0.00014676588607776678,0.88486993,2.3490896,138
6562,0.007051143657214447,1.3952973,5.5286307,6630
6563,0.0004339165327516583,1.4867917,6.707525,408
6564,0.002275934755118992,3.2097502,10.132924,2140
6565,0.0005434591868531799,1.70251,12.012349,511
6566,0.002117470138991548,3.294605,9.932632,1991
6567,0.02357294105009928,2.4058015,10.360303,22165
6568,0.00023291108007993423,1.664209,6.3668413,219
6569,0.004017982011607267,3.4374957,10.527818,3778
6570,0.015246635817470032,3.561856,11.4843,14336
6571,0.0009199455902700599,1.6662695,7.1519556,865
6572,0.00015421053247301582,2.2423794,15.641597,145
6573,0.00021908530820304316,0.9517728,4.7118654,206
6574,0.006629989375426073,1.2827486,6.4933224,6234
6575,0.004243448445291952,4.536544,11.036387,3990
6576,0.00010422504953348655,1.8792045,7.988961,98
6577,0.000762544495056223,1.3268305,7.021406,717
6578,0.004342355890257404,2.3422978,7.7745075,4083
6579,0.002868315903998094,1.9829261,8.653462,2697
6580,0.0023259202380585212,4.140981,11.646471,2187
6581,0.005705789701501585,1.9538137,9.172677,5365
6582,0.003992457509680699,2.552908,12.076388,3754
6583,0.003391568193492741,2.9320247,9.766147,3189
6584,0.0026641198885855493,3.2816012,9.795559,2505
6585,0.0023057133406999882,3.637286,10.578,2168
6586,0.001719713317302528,2.6038296,10.621349,1617
6587,0.017480029736044744,1.3935808,5.594278,16436
6588,0.0005881270652246741,2.0326962,9.466573,553
6589,0.011054236376031217,2.586451,8.815946,10394
6590,0.0015676298266567262,2.04306,13.588031,1474
6591,0.0018388276596265128,3.8200884,15.462316,1729
6592,0.004551869510237984,3.790512,12.671507,4280
6593,0.0006817169056220906,1.6221243,8.964651,641
6594,0.0049294194345684715,2.650727,10.4841385,4635
6595,0.0008050853316005032,2.8552947,9.123791,757
6596,0.0016463303742636447,2.2998743,6.6292014,1548
6597,0.0013123848073910449,1.7997922,10.657654,1234
6598,0.014311800934409475,1.9560496,7.0717373,13457
6599,0.0019643231274321395,1.9271992,8.470208,1847
6600,0.0013517350811945042,2.515189,8.782674,1271
6601,0.003203324991784301,1.7976704,9.444708,3012
6602,0.0005168711640130047,1.353889,7.184548,486
6603,0.0006402395899914174,1.7573711,6.6592855,602
6604,0.002116406618077941,3.0574613,11.471313,1990
6605,0.0005551579169028569,1.4450134,7.0373864,522
6606,0.0023354919262809845,1.8168881,5.3349347,2196
6607,0.0012815427008964417,2.419731,11.255147,1205
6608,0.00014463884425055276,1.2609314,5.883728,136
6609,0.012241125715616634,2.4462047,9.59197,11510
6610,0.0016112341841146135,1.5750244,7.505948,1515
6611,0.0020121815685444546,5.523983,14.262653,1892
6612,0.003076766003065067,2.1369507,7.1996546,2893
6613,0.007889198137136767,2.17995,8.150021,7418
6614,0.0011007441455832508,1.7080885,9.3449955,1035
6615,0.0017877786557733764,1.8522266,6.8055573,1681
6616,0.00320013442904348,2.214467,7.6742115,3009
6617,0.004597600909523086,3.043391,11.693397,4323
6618,0.0021227877435595834,3.51457,10.98974,1996
6619,0.00011911434232398463,1.2508862,4.5076413,112
6620,0.007145797018525471,1.8717732,8.198399,6719
6621,0.0018632886406394738,2.17389,9.497702,1752
6622,0.0017229038800433492,4.2699356,14.192519,1620
6623,0.000755099848660974,1.1930524,4.7682834,710
6624,0.002999128976371756,7.120729,13.514842,2820
6625,0.00027970600027864246,2.398981,12.052487,263
6626,0.00013932123968251773,1.4109045,8.427401,131
6627,0.007649905931575191,1.7818793,6.29951,7193
6628,0.0015421053247301581,1.7685192,7.8315525,1450
6629,0.003637241524535959,2.7566643,8.578454,3420
6630,0.0002467368519568253,2.26036,13.35988,232
6631,0.00021695826637582914,1.7659166,9.082895,204
6632,0.00229082404790949,1.5523837,6.769539,2154
6633,0.00021376770363500813,2.091566,7.3842506,201
6634,0.0002594991029201094,1.354282,5.331031,244
6635,0.001718649796388921,2.3271582,9.645834,1616
6636,0.0027449474780196813,1.8649629,15.437749,2581
6637,0.0029406353261233705,3.1793132,8.831705,2765
6638,5.2112524766743275e-05,1.1099875,7.086641,49
6639,0.0005158076430993977,1.9029047,7.910456,485
6640,0.004106254247436649,1.2659761,5.3187795,3861
6641,0.00022121235003025718,1.8785197,7.4037533,208
6642,0.0018111761158727305,3.897465,11.320387,1703
6643,0.0028768240713069504,2.2962732,9.890385,2705
6644,0.00011805082141037762,2.1287856,10.41862,111
6645,0.00012336842597841265,1.9326487,9.073799,116
6646,0.0002275934755118992,1.0944057,6.4502106,214
6647,0.0022068058957345365,2.357299,11.426621,2075
6648,0.0008423085635767485,2.279896,9.016511,792
6649,0.0025918004664602728,4.7639785,10.423859,2437
6650,0.0023259202380585212,2.8469944,11.385992,2187
6651,0.00023929220556157628,2.087946,9.424365,225
6652,0.0014878657581362008,2.7981896,12.15074,1399
6653,0.021102381967790206,1.4169928,7.914346,19842
6654,0.004466787837149423,1.821601,7.6234527,4200
6655,0.0019643231274321395,2.0957384,7.3356037,1847
6656,0.00040520146808426915,1.760492,13.603152,381
6657,0.0015538040547798352,1.4721404,6.946403,1461
6658,0.0005828094606566391,1.4834652,5.5663266,548
6659,0.00020100545267172406,1.8188142,9.726785,189
6660,2.8715064667389152e-05,1.0609564,2.0074935,27
6661,0.008780428662739438,1.6812133,7.839857,8256
6662,0.0002690707911425724,1.5344986,6.8917346,253
6663,4.2540836544280225e-06,2.7573428,3.9802756,4
6664,0.0003020399394643896,2.6364882,19.663097,284
6665,0.002133422952695653,1.9803866,9.784677,2006
6666,0.010286374276406959,1.2218313,5.0288186,9672
6667,0.013672624865331664,0.8940586,3.203553,12856
6668,0.00012336842597841265,2.8669863,13.968313,116
6669,0.004102000163782221,1.4516865,7.643065,3857
6670,0.0011443485030411382,3.9073498,9.494325,1076
6671,0.0032937242694408963,1.6429733,8.063471,3097
6672,0.0016176153095962555,2.8645854,9.425072,1521
6673,0.002651357637622265,2.3939254,7.540775,2493
6674,0.016816392685953974,2.918387,8.32037,15812
6675,0.004312577304676408,1.326593,7.5776486,4055
6676,0.0035213177449527956,5.6920776,12.248146,3311
6677,3.296914832181717e-05,1.971232,10.824897,31
6678,0.0019462432719008203,2.1328554,9.4308605,1830
6679,0.0006210962135464913,1.7462273,9.53611,584
6680,0.0002073865781533661,2.8712845,18.016314,195
6681,0.001136903856645889,1.821715,7.617033,1069
6682,0.00016590926252269287,2.0199776,9.867578,156
6683,0.008435847886730768,1.1613553,14.005626,7932
6684,8.295463126134644e-05,2.9833963,13.724936,78
6685,0.011832733684791544,1.1706805,4.5657196,11126
6686,0.012986653876055146,1.8853656,8.774673,12211
6687,0.0010231071188899394,1.9713138,12.099499,962
6688,1.0635209136070057e-05,1.013855,1.8058714,10
6689,0.00023184755916632723,1.8572905,9.762563,218
6690,0.0023727151582572294,3.33668,11.214234,2231
6691,0.04954624880220957,1.244074,6.5338364,46587
6692,0.0010433140162484724,3.5130188,10.333754,981
6693,0.00012230490506480565,2.5759332,9.790906,115
6694,0.0015686933475703333,2.2127357,6.1530566,1475
6695,0.0033032959576633596,1.8418516,7.364482,3106
6696,0.006038671747460578,2.1354809,8.212832,5678
6697,0.0027587732498965726,2.6601768,9.896077,2594
6698,0.004100936642868614,2.4269676,13.424326,3856
6699,0.0038648350000478585,8.191362,19.57254,3634
6700,0.000955041780419091,2.1230822,12.378121,898
6701,0.004345546452998225,1.5829245,6.6345973,4086
6702,0.00306506727301539,4.774026,12.526591,2882
6703,0.00011698730049677062,2.7322586,18.990763,110
6704,0.0023216661544040933,2.0348494,10.612151,2183
6705,0.004668856810734754,5.239341,15.429664,4390
6706,0.0001499564488185878,1.826998,6.7703204,141
6707,0.0024035572647518326,2.1011698,8.038614,2260
6708,0.026596531007483996,1.5901891,6.0598674,25008
6709,0.0017973503439958395,2.5212781,8.354861,1690
6710,0.0188551622773386,2.4373124,10.066314,17729
6711,0.0010794737273111107,3.1209066,7.7236366,1015
6712,0.00024141924738879027,1.2355429,9.69564,227
6713,0.001915401165406217,1.5831939,7.389208,1801
6714,0.0016346316442139676,3.5233996,12.398302,1537
6715,0.0006338584645097753,2.0201342,8.469786,596
6716,0.038461170319683755,1.3485565,4.995023,36164
6717,0.0002446098101296113,1.894059,8.0777025,230
6718,0.0008167840616501803,2.0815465,8.067221,768
6719,0.00011273321684234259,1.2187995,7.8100443,106
6720,0.014258624888729124,3.2049642,9.158324,13407
6721,0.00012336842597841265,2.3520372,15.540581,116
6722,0.02249665788552899,1.32067,3.004028,21153
6723,0.016447350928932344,1.3488156,5.557923,15465
6724,3.82867528898522e-05,1.648828,4.771825,36
6725,0.006028036538324508,1.7853748,8.50634,5668
6726,0.0008146570198229663,2.0355086,17.657866,766
6727,0.001921782290887859,2.8549685,13.2641,1807
6728,4.679492019870825e-05,0.8163915,2.227477,44
6729,0.0016410127696956096,4.197481,11.286078,1543
6730,0.0012017786323759163,2.295182,9.244022,1130
6731,0.0017558730283651664,2.60604,10.551398,1651
6732,0.0015569946175206563,3.0710692,12.717871,1464
6733,0.000186116159881226,3.336567,19.034554,175
6734,0.0001701633461771209,2.9444108,17.201265,160
6735,0.009996033066992246,1.7884991,8.7086115,9399
6736,0.0018388276596265128,4.0110865,12.255213,1729
6737,0.002291887568823097,4.137869,11.421843,2155
6738,0.0011709365258813131,1.9486159,11.229738,1101
6739,0.0017962868230822326,1.9442421,9.473159,1689
6740,0.0002456733310432183,1.6833783,8.684386,231
6741,0.0004232813236155882,1.926243,11.932538,398
6742,0.0003584065478855609,1.9302924,11.300484,337
6743,0.0016612196670541428,2.0301332,8.521899,1562
6744,0.0008976116510843127,1.3846935,6.09504,844
6745,0.0006391760690778104,1.720925,10.11877,601
6746,0.001514453780976376,1.7287773,12.16288,1424
6747,0.001311321286477438,1.7151673,6.594154,1233
6748,0.002318475591663272,3.7171116,9.83369,2180
6749,0.001546359408384586,2.6523633,12.634484,1454
6750,0.0007870054760691842,1.439573,11.520169,740
6751,0.00010635209136070057,1.9169797,12.306702,100
6752,0.002311030945268023,1.4534552,7.9692807,2173
6753,0.0005594120005572849,1.8575059,10.153132,526
6754,0.00012017786323759164,1.7154595,7.2446065,113
6755,0.003437299592777842,4.715702,12.323147,3232
6756,0.0003052305022052106,1.5165277,7.545294,287
6757,4.892196202592226e-05,1.8299848,6.275095,46
6758,0.0002754519166242145,1.6093488,9.509369,259
6759,0.00668422894202003,1.6832701,5.5242324,6285
6760,0.0031522759879311648,2.488737,9.392909,2964
6761,0.002083437469756124,2.821985,7.720516,1959
6762,0.00844222901221241,3.5983715,15.783244,7938
6763,0.001886686100738828,3.217785,8.957603,1774
6764,0.033757217318799965,1.941586,7.0057173,31741
6765,0.0001701633461771209,2.5335116,10.4157915,160
6766,0.003341582710553212,1.6755375,7.138887,3142
6767,0.002072802260620054,1.7573465,5.7210374,1949
6768,0.001528279552853267,5.1231627,14.795202,1437
6769,0.0027598367708101795,3.6595006,12.986116,2595
6770,0.001526152511026053,3.8997178,9.806966,1435
6771,0.0033203122922810715,4.0513296,10.186232,3122
6772,6.062069207559932e-05,1.1766049,3.2723532,57
6773,0.00025630854017928836,2.2994864,9.275886,241
6774,0.0012549546780562667,1.1802651,5.394735,1180
6775,0.0036585119428080995,1.7664007,6.1153255,3440
6776,5.3176045680350284e-05,1.4752109,7.050898,50
6777,4.466787837149424e-05,2.1467874,6.048616,42
6778,0.019674073380815997,1.1856755,5.544198,18499
6779,0.14768689518895045,3.1289473,14.006761,138866
6780,0.0033064865204041807,3.6311815,11.355288,3109
6781,0.00012762250963284068,1.1787152,5.815684,120
6782,0.0017207768382161352,1.4121648,4.500676,1618
6783,0.014230973344975343,1.5256194,5.4515996,13381
6784,0.0019377351045919643,4.374231,14.864553,1822
6785,0.002203615332993716,3.3644106,9.568409,2072
6786,4.9985482939529265e-05,2.0178375,9.630151,47
6787,0.022384988189600254,1.5360017,5.9455895,21048
6788,0.0007508457650065459,2.8063684,15.937883,706
6789,2.446098101296113e-05,1.2971992,3.5153427,23
6790,0.013435459701597301,1.124809,3.5828116,12633
6791,0.0001329401142008757,1.933299,8.32111,125
6792,0.0015452958874709792,2.7417698,8.423018,1453
6793,0.00908884972768547,1.6736604,8.167962,8546
6794,0.0001680363043499069,1.1402476,2.8575823,158
6795,0.0012507005944018387,2.2477956,8.866404,1176
6796,0.0016261234769051117,3.031889,9.438115,1529
6797,0.002451415705864148,1.5149083,7.301704,2305
6798,0.00010741561227430756,3.2541776,16.003424,101
6799,0.0017771434466373065,2.462029,8.874513,1671
6800,0.0005445227077667869,1.7640797,8.878598,512
6801,0.0005189982058402188,2.000328,7.2219524,488
6802,0.0015431688456437652,3.141742,12.863073,1451
6803,0.003325629896849107,1.2837269,5.1455913,3127
6804,0.004107317768350256,4.174809,11.507595,3862
6805,3.296914832181717e-05,0.8712202,1.927901,31
6806,0.0014176733778381385,1.591177,7.3119926,1333
6807,0.0015889002449288663,3.5722518,9.13826,1494
6808,0.0006891615520173396,1.576239,8.103317,648
6809,0.0009071833393067758,3.1005726,7.6213074,853
6810,0.0012570817198834807,2.1754446,9.845605,1182
6811,0.0003605335897127749,2.5654485,13.037588,339
6812,0.007295753467344059,1.9537451,9.117551,6860
6813,0.003159720634326414,4.586636,13.634393,2971
6814,0.060612183908290464,1.9856917,7.694404,56992
6815,0.003554286893274613,1.7413521,6.5837317,3342
6816,0.0019653866483457464,3.4267423,11.214026,1848
6817,7.65735057797044e-05,3.6359177,19.966127,72
6818,0.0019951652339267427,2.7782767,7.360551,1876
6819,0.00013613067694169672,3.1415539,23.420473,128
6820,3.403266923542418e-05,0.7039031,2.397622,32
6821,0.0024865118960131793,2.3074923,7.3088856,2338
6822,0.007946628266471545,1.4362773,5.69973,7472
6823,0.028715064667389153,1.537988,9.072664,27000
6824,0.0001297495514600547,2.8187897,14.749011,122
6825,2.1270418272140114e-05,2.121657,6.2554274,20
6826,0.0005168711640130047,2.0757468,14.794519,486
6827,0.0006785263428812695,1.4142393,9.72288,638
6828,0.009657833416465218,2.252115,7.5661387,9081
6829,0.005020882233138673,1.2900219,7.0995893,4721
6830,0.0016761089598446408,3.81053,10.908311,1576
6831,0.003958424840445275,2.090662,10.123562,3722
6832,0.0016154882677690415,2.1594734,12.270093,1519
6833,0.0011103158338057139,1.7782271,10.191539,1044
6834,6.912885938445537e-05,2.9198256,10.370839,65
6835,0.0008401815217495345,1.9301955,16.957937,790
6836,6.168421298920632e-05,1.2391067,3.5934782,58
6837,0.0026130708847324127,1.5060775,8.316904,2457
6838,0.002811949295576923,3.8008847,11.81119,2644
6839,0.0006955426774989817,1.8307613,12.856669,654
6840,0.00019249728536286802,2.3467007,10.079573,181
6841,0.0004328530118380513,1.83809,9.755795,407
6842,1.5952813704105085e-05,1.7077086,4.5231056,15
6843,0.0010635209136070057,1.5861927,10.198076,1000
6844,0.0006296043808553473,2.015523,8.125436,592
6845,9.890744496545152e-05,2.3134027,17.002693,93
6846,9.67804031382375e-05,2.8230896,12.485231,91
6847,0.0009731216359504101,1.8706654,6.813867,915
6848,0.003585128999769216,2.1932044,8.986437,3371
6849,0.0016718548761902128,2.5864766,11.861479,1572
6850,0.0012273031343024844,1.818265,6.66116,1154
6851,0.001524025469198839,4.3204093,13.570681,1433
6852,0.0012336842597841266,1.7309873,6.7119694,1160
6853,0.0007136225330303008,2.9706864,8.96243,671
6854,0.007325532052925055,2.3517218,10.585051,6888
6855,0.0003435172550950628,1.8336115,5.602627,323
6856,0.0010018367006177993,3.4634442,13.252224,942
6857,0.000187179680794833,1.9193949,17.654566,176
6858,0.00046369511833265446,1.669109,6.3676906,436
6859,0.00025737206109289535,2.1138108,14.900336,242
6860,0.004317894909244443,5.4082217,12.504003,4060
6861,0.00015527405338662282,1.95019,9.409353,146
6862,0.002647103553967837,3.5277731,9.070291,2489
6863,0.0031288785278318107,3.9398727,12.090907,2942
6864,0.0021908530820304315,3.2119462,16.141365,2060
6865,0.0011656189213132783,2.218186,9.220158,1096
6866,0.002602435675596343,2.465462,11.497716,2447
6867,0.0016973793781167809,3.127788,15.045962,1596
6868,0.004762446651132171,4.054269,13.018145,4478
6869,0.07854846411627261,2.5131893,11.846199,73857
6870,0.00018824320170843998,1.7148154,15.379956,177
6871,0.0002988493767235686,2.380841,16.099167,281
6872,0.00020632305723975909,2.3837702,15.285382,194
6873,0.003226722451883655,3.0698087,11.479574,3034
6874,0.0001531470115594088,1.6783497,5.6568723,144
6875,0.0009103739020475968,1.88613,7.899418,856
6876,0.00017867151348597695,1.7544273,13.461619,168
6877,0.0008167840616501803,2.034435,10.557754,768
6878,0.0015655027848295122,3.3776832,8.89452,1472
6879,0.003393695235319955,2.3347058,9.284509,3191
6880,0.0010305517652851885,1.7680787,10.470361,969
6881,0.0014665953398640607,2.4206214,8.449168,1379
6882,0.0014410708379374926,2.4784,13.417556,1355
6883,0.002212123500302572,1.9376869,9.778769,2080
6884,0.0006763993010540555,2.8548937,9.0970745,636
6885,0.00036159711062638193,0.85749733,3.1235955,340
6886,0.10190125633725525,2.9746037,10.676486,95815
6887,0.002475876686877109,2.24405,11.741086,2328
6888,8.827223582938147e-05,2.9721646,13.633899,83
6889,0.000761480974142616,1.8028282,8.5369625,716
6890,0.00033819965052702777,1.4894164,7.1162763,318
6891,0.0007072414075486587,1.1117134,3.786,665
6892,0.0012198584879072355,1.5156616,5.1313972,1147
6893,0.0012677169290195506,1.5546266,8.057238,1192
6894,0.0023206026334904864,3.0704048,9.696305,2182
6895,0.000949724175851056,2.4161413,7.9736285,893
6896,0.0018037314694774815,1.6298221,5.22862,1696
6897,0.002231266876747498,5.0486174,12.368057,2098
6898,0.002986366725408472,5.524103,13.2124405,2808
6899,0.00014251180242333874,2.0533106,8.547219,134
6900,0.0002648167074881444,2.6915903,10.9151745,249
6901,0.0029533975770866545,2.7308764,8.357861,2777
6902,0.006263074660231656,1.7226982,8.1373205,5889
6903,0.0004381706164060863,3.6673422,12.673179,412
6904,0.0031384502160542735,2.0482016,9.00021,2951
6905,0.0029385082842961563,3.8637052,9.096858,2763
6906,0.003229913014624476,1.5549664,8.828718,3037
6907,0.0012219855297344495,1.5667039,6.4116488,1149
6908,0.002432272329419222,3.4516928,11.4961195,2287
6909,0.0019441162300736063,2.1075284,10.167198,1828
6910,0.0018707332870347229,2.9445844,9.515166,1759
6911,0.012921779100325118,1.9720963,12.859372,12150
6912,0.0037074339048340215,1.3261344,7.6933184,3486
6913,0.0021823449147215755,3.59298,12.146127,2052
6914,0.0034224102999873443,1.5695263,6.1050935,3218
6915,0.00030735754403242465,1.907007,13.83829,289
6916,0.002311030945268023,2.0660005,10.233216,2173
6917,1.5952813704105085e-05,0.90903854,1.7107695,15
6918,0.001900511872615719,1.5931308,6.4855504,1787
6919,0.00056472960512532,1.803745,9.306573,531
6920,0.003027844041039145,7.313021,14.127505,2847
6921,0.0012613358035379087,1.2495075,4.4010973,1186
6922,0.0012219855297344495,2.1118095,9.342292,1149
6923,0.00032862796230456476,2.8675792,16.80862,309
6924,0.02083862878121567,1.6879002,7.357461,19594
6925,0.00967804031382375,0.9176874,3.6239855,9100
6926,0.00032862796230456476,1.9384571,10.606234,309
6927,8.720871491577446e-05,3.4994347,17.344542,82
6928,0.002112152534423513,3.600409,12.100614,1986
6929,0.0015676298266567262,2.5968854,6.2526507,1474
6930,0.00046688568107347545,1.7491288,8.810971,439
6931,0.0013581162066761462,2.7936995,7.564554,1277
6932,0.00041370963539312516,1.4271165,7.5945415,389
6933,0.0019260363745422873,5.2275205,15.411223,1811
6934,0.001702696982684816,3.0141523,8.319084,1601
6935,0.0009741851568640171,1.9812645,9.260438,916
6936,2.9778585580996157e-05,3.1426032,13.468252,28
6937,0.0009880109287409083,2.2037535,7.424396,929
6938,0.0006678911337451996,1.9681085,7.8489094,628
6939,0.001702696982684816,3.234367,9.332026,1601
6940,0.0036351144827087454,3.7261484,11.374921,3418
6941,0.001354925643935325,1.9454226,9.314583,1274
6942,0.0013964029595659984,1.470392,9.569839,1313
6943,0.002838537318417098,3.7432034,11.038535,2669
6944,0.011042537645981539,2.4998827,13.584087,10383
6945,0.0031001634631644213,2.405361,9.406482,2915
6946,0.07154305185834327,2.3099344,10.15485,67270
6947,0.004339165327516583,3.2803762,11.671445,4080
6948,0.0029374447633825494,1.9558592,9.085857,2762
6949,0.0015623122220886913,2.5590036,9.92938,1469
6950,0.0022886970060822763,3.0684562,9.14208,2152
6951,0.0029799855999268297,4.061607,12.423911,2802
6952,0.0015474229292981932,1.9857395,10.861075,1455
6953,6.381125481642034e-05,2.3324544,10.2544365,60
6954,0.002338682489021805,3.8102953,11.843302,2199
6955,0.002114279576250727,3.3461783,13.40458,1988
6956,0.0027704719799462496,2.6685636,6.7581234,2605
6957,0.0011932704650670603,2.0564938,13.092491,1122
6958,0.003184181615339375,2.5573094,16.88994,2994
6959,0.0009795027614320521,2.6746984,13.69726,921
6960,0.014198004196653525,1.3142838,7.377583,13350
6961,0.00024354628921600428,1.8458081,11.2753725,229
6962,0.005816395876516714,1.7248857,7.1645756,5469
6963,0.003364980170652566,2.2605512,8.405575,3164
6964,0.0014857387163089869,1.5145903,5.73133,1397
6965,0.0011698730049677062,1.9942278,13.033638,1100
6966,0.0005232522894946468,1.9010628,17.49835,492
6967,0.002453542747691362,3.9842432,10.736218,2307
6968,0.00022546643368468518,1.6214154,9.513839,212
6969,0.000579618897915818,1.5539246,6.9411316,545
6970,0.0004902831411728296,2.0259762,16.689802,461
6971,0.004176446627734711,3.2599118,10.072826,3927
6972,0.011339259980877894,1.1947457,4.9184303,10662
6973,0.000949724175851056,1.4250602,6.6264777,893
6974,0.00017654447165876293,1.5679113,7.002977,166
6975,0.0006647005710043785,1.6177497,8.53908,625
6976,0.0003509619014903119,7.0047765,12.466371,330
6977,0.00019675136901729605,2.469441,11.726654,185
6978,0.00187179680794833,3.4016416,10.922247,1760
6979,0.00019462432719008203,2.0150158,14.368441,183
6980,0.0004934737039136506,1.8116654,10.366754,464
6981,0.0014899927999634148,3.439433,9.972292,1401
6982,0.0019281634163695013,2.1669235,6.901772,1813
6983,9.35898403974165e-05,1.1319696,3.6219106,88
6984,0.00010103448679266554,1.7225304,10.351881,95
6985,0.03379869463443064,1.3504549,5.4816275,31780
6986,0.005725996598860118,2.8123996,13.645699,5384
6987,0.0014655318189504538,2.709355,8.720263,1378
6988,0.0015708203893975473,5.0022993,14.48735,1477
6989,0.0001308130723736617,4.2379036,13.541856,123
6990,0.0019972922757539565,3.4691293,12.492572,1878
6991,0.0025354338580391013,4.513272,11.897966,2384
6992,0.035259972369726666,2.350322,7.6345673,33154
6993,0.004662475685253113,1.7049663,7.6291504,4384
6994,0.005138933054549051,1.0267944,4.6937833,4832
6995,0.002797060002786425,2.6935527,8.240235,2630
6996,0.01631015673107704,3.4661248,9.99986,15336
6997,0.00011060617501512859,2.1669989,7.829172,104
6998,0.00024035572647518327,2.0332723,12.764543,226
6999,0.0017930962603414115,2.015264,9.601851,1686
7000,0.001530406594680481,2.77944,12.6312685,1439
7001,3.615971106263819e-05,0.98700994,1.7765062,34
7002,0.03303189605571999,1.3312076,7.090934,31059
7003,0.0011922069441534532,1.8373177,8.669689,1121
7004,0.0033394556687259976,6.0006833,12.674716,3140
7005,0.004475296004458279,3.8602684,9.2889805,4208
7006,0.0032011979499570868,5.438226,14.731804,3010
7007,0.0002839600839330705,1.0110065,5.553931,267
7008,0.0027630273335510006,3.984796,9.106959,2598
7009,0.0005976987534471372,2.2390063,14.0864935,562
7010,0.00021695826637582914,1.8141444,6.1509724,204
7011,0.0016059165795465785,2.2768807,10.494702,1510
7012,0.004745430316514459,2.11292,9.521869,4462
7013,0.029072407694361105,2.0315409,8.8969965,27336
7014,0.02168306438661963,1.702909,9.767896,20388
7015,0.0021823449147215755,2.7401378,7.9476037,2052
7016,7.65735057797044e-05,1.6268214,4.79446,72
7017,0.0023663340327755877,2.3959126,11.630816,2225
7018,0.001143284982127531,2.2125146,12.561834,1075
7019,0.0023844138883069065,3.6656682,10.880213,2242
7020,0.0025567042763112416,3.324075,10.925856,2404
7021,0.016055975232724964,2.061569,9.133934,15097
7022,0.002085564511583338,4.3728614,12.2767105,1961
7023,0.0004105190726523042,1.2234305,3.1896753,386
7024,0.002621579052041269,3.7671506,11.344911,2465
7025,0.00013613067694169672,0.8133438,1.9123471,128
7026,7.65735057797044e-05,1.1766481,3.843987,72
7027,0.0015569946175206563,3.3400362,10.86522,1464
7028,0.0027651543753782148,3.48671,9.391397,2600
7029,0.0019590055228641042,4.2365365,11.827275,1842
7030,0.003390504672579134,4.4030886,11.414352,3188
7031,0.002826838588367421,1.7924987,7.7572083,2658
7032,7.44464639524904e-05,2.9404323,13.508276,70
7033,0.0005849365024838531,2.277368,8.933089,550
7034,0.006426856880927135,2.0079973,8.516881,6043
7035,0.0006604464873499505,2.1438525,8.995255,621
7036,0.0006423666318186314,3.1685655,10.550953,604
7037,0.0006827804265356976,1.4325076,7.133363,642
7038,5.9557171161992314e-05,3.0206041,14.3961115,56
7039,0.0023461271354170542,1.1891736,7.7253256,2206
7040,0.0011720000467949202,1.6676506,12.176845,1102
7041,0.0015633757430022982,2.5922744,8.817897,1470
7042,0.003038479250175215,2.7201579,10.774998,2857
7043,0.0029236189915056586,3.248435,15.700309,2749
7044,0.0014857387163089869,1.4887009,6.964882,1397
7045,0.0016250599559915046,1.7846245,12.844647,1528
7046,0.003589383083423644,2.9379296,7.9729505,3375
7047,0.0007870054760691842,1.3071961,6.2354083,740
7048,0.0012145408833392005,1.7740002,7.5681734,1142
7049,0.00228018883877342,3.7425394,12.201431,2144
7050,0.005748330538045865,6.7030945,14.503941,5405
7051,0.021023681420183286,2.2428885,8.295045,19768
7052,0.0032937242694408963,3.6974375,9.237443,3097
7053,0.0010071543051858344,3.0579572,8.626547,947
7054,8.720871491577446e-05,1.4082539,6.719936,82
7055,0.0037425300949830527,3.2815542,9.823335,3519
7056,0.0014091652105292824,2.414256,9.808975,1325
7057,0.0021227877435595834,1.3592554,6.0434384,1996
7058,0.0016569655833997149,3.490723,10.640706,1558
7059,0.0012666534081059438,1.4910674,7.215576,1191
7060,0.0042966244909723025,3.321802,11.899432,4040
7061,0.00010103448679266554,2.340165,14.920729,95
7062,0.002254664336846852,3.9611692,9.897367,2120
7063,0.0025524501926568136,2.265955,11.403557,2400
7064,0.0010837278109655387,2.6113167,9.133676,1019
7065,8.508167308856045e-05,2.8578777,10.615002,80
7066,0.0019270998954558942,4.1560917,11.632994,1812
7067,0.0015335971574213022,3.455825,11.157703,1442
7068,0.00021908530820304316,2.3591619,16.136082,206
7069,0.0016633467088813568,2.0621772,9.738707,1564
7070,0.00027226135388339344,1.9320859,9.689914,256
7071,0.00017335390891794192,3.2877648,16.315668,163
7072,0.0009146279857020249,2.200289,13.110349,860
7073,0.0002233393918574712,2.5403368,17.63538,210
7074,0.0006285408599417403,1.7530013,8.303455,591
7075,0.0017558730283651664,3.4881773,10.920821,1651
7076,0.0057206789942920834,1.9479717,8.909119,5379
7077,0.00028608712576028454,1.1833208,8.305126,269
7078,0.0001297495514600547,2.9076462,13.608175,122
7079,0.001133713293905068,2.0746496,11.36525,1066
7080,0.004945372248272576,1.4888082,6.195882,4650
7081,0.0018462723060217617,3.2524457,12.493165,1736
7082,0.0009646134686415541,1.5120397,5.5660377,907
7083,0.014323499664459153,2.4960637,8.591662,13468
7084,0.0036351144827087454,2.507683,7.7326117,3418
7085,9.35898403974165e-05,2.7987745,13.316656,88
7086,0.00019249728536286802,1.9211552,10.604008,181
7087,0.00024886389378403934,1.9882759,9.75682,234
7088,9.252631948380949e-05,2.2397733,10.607785,87
7089,0.0023354919262809845,1.9047503,9.822732,2196
7090,0.0040020291979031624,8.461198,18.195272,3763
7091,0.06354005698345055,2.7158384,9.95209,59745
7092,0.005058105465114919,1.4695011,6.5846424,4756
7093,0.0040254266580025165,1.7675408,8.5579815,3785
7094,0.004647586392462615,1.7190437,6.127513,4370
7095,0.0015931543285832945,2.4660094,8.685891,1498
7096,0.0012400653852657686,1.8093683,4.9504952,1166
7097,0.001696315857203174,3.8799436,11.306579,1595
7098,0.0017973503439958395,3.791881,11.406904,1690
7099,2.1270418272140113e-06,1.0206008,1.045798,2
7100,0.005043216172324421,1.6371635,6.6963344,4742
7101,0.00850284970428801,19.153034,40.63237,7995
7102,0.0009273902366653089,1.6444517,8.605877,872
7103,0.003341582710553212,3.0942755,9.527107,3142
7104,0.0020408966332118436,4.0735292,13.250249,1919
7105,0.0014761670280865238,2.0391629,13.245317,1388
7106,0.0013921488759115704,2.4252152,12.950738,1309
7107,7.976406852052543e-05,1.180587,3.341826,75
7108,0.0005019818712225067,1.4829234,5.82625,472
7109,0.014561728349107121,2.9359994,9.294269,13692
7110,0.001716522754561707,2.8818357,8.912233,1614
7111,6.912885938445537e-05,0.7917277,4.184126,65
7112,0.00036904175702163095,1.8731074,8.936773,347
7113,0.0005306969358898958,3.1558485,9.3113785,499
7114,0.0031692923225488767,4.3001127,11.512597,2980
7115,0.00208131042792891,2.4420805,9.132712,1957
7116,0.0005211252476674328,1.2147967,8.517708,490
7117,0.002045150716866272,2.267222,9.368687,1923
7118,0.0002456733310432183,2.3789546,15.818327,231
7119,1.91433764449261e-05,0.8490689,1.7458735,18
7120,0.008824033020197325,1.3175358,6.0094123,8297
7121,0.001536787720162123,2.1897776,10.331508,1445
7122,0.003914820482987387,1.3406312,5.3663197,3681
7123,0.006895869603827824,1.4659418,8.419369,6484
7124,0.002859807736689238,1.920732,15.372245,2689
7125,0.000935898403974165,1.3257462,7.1919537,880
7126,3.1905627408210167e-06,0.768782,0.8495864,3
7127,0.0023354919262809845,4.583146,10.579844,2196
7128,2.446098101296113e-05,0.9751785,2.3741143,23
7129,0.016364396297670995,1.7128335,8.82764,15387
7130,0.004702889479970179,1.2244388,4.4766283,4422
7131,0.0004009473844298411,1.2373856,3.5861435,377
7132,0.0010699020390886476,1.9711888,12.633201,1006
7133,0.00010103448679266554,2.470576,13.919051,95
7134,0.002062167051483984,2.1381319,7.750377,1939
7135,0.0012719710126739788,1.8903139,8.457152,1196
7136,0.00015740109521383683,1.630009,10.739757,148
7137,0.0013676878948986092,1.6647791,12.116399,1286
7138,0.0006700181755724136,1.8590647,6.5510197,630
7139,0.00837522719465517,1.0107414,3.8932881,7875
7140,0.012385764559867188,1.3842528,7.204863,11646
7141,0.00036691471519441696,1.8026778,13.169643,345
7142,0.0017346026100930262,3.3023055,8.97989,1631
7143,0.00048071145295036654,1.5631568,8.088014,452
7144,7.019238029806238e-05,2.9350915,16.016037,66
7145,0.008027455855905679,1.3756906,4.906451,7548
7146,0.006499176303052411,2.0695543,7.4175115,6111
7147,0.00020206897358533108,1.372355,8.864834,190
7148,0.003755292345946337,4.7069707,12.480315,3531
7149,0.002098326762546622,1.5227551,6.9795847,1973
7150,0.02018137285660654,1.1503073,2.7252135,18976
7151,0.001163491879486064,2.0695732,10.407177,1094
7152,0.001334718746576792,1.3860537,8.141141,1255
7153,1.4889292790498078e-05,1.5244321,2.804222,14
7154,0.0017590635911059872,2.8503678,9.645236,1654
7155,0.0023567623445531244,2.1658797,8.398306,2216
7156,0.004008410323384805,1.4962629,6.1776886,3769
7157,0.0010252341607171534,1.4261681,7.0206103,964
7158,0.0002626896656609304,1.4453887,9.016425,247
7159,0.001701633461771209,1.7690748,8.068794,1600
7160,0.00028608712576028454,2.447817,13.013743,269
7161,0.0019909111502723147,2.2304044,9.70553,1872
7162,0.00288745928044302,4.490646,11.732643,2715
7163,0.01392680636368374,3.5174258,12.611669,13095
7164,0.002264236025069315,2.7903187,7.620853,2129
7165,0.01673237453377902,1.8905853,8.586029,15733
7166,0.0057844902491085036,1.2902836,6.041577,5439
7167,0.001352798602108111,1.0767256,3.2236388,1272
7168,0.0009773757196048381,1.6455926,7.877047,919
7169,0.00016590926252269287,1.7004642,5.788561,156
7170,0.00012230490506480565,2.4453557,12.007321,115
7171,0.001354925643935325,2.155219,13.624114,1274
7172,0.004277481114527377,2.3811781,9.938512,4022
7173,0.0012336842597841266,2.887964,8.99122,1160
7174,0.0005753648142613901,1.6103238,6.307767,541
7175,0.0016080436213737925,1.7180643,6.7118363,1512
7176,0.0009061198183931688,2.1857197,10.146566,852
7177,0.0029406353261233705,3.0457525,9.827496,2765
7178,0.0015793285567064033,3.006255,11.642529,1485
7179,0.00014676588607776678,2.1225119,9.251536,138
7180,0.0008518802517992115,3.051062,9.4066,801
7181,0.0004349800536652653,1.7015162,6.6336675,409
7182,0.0006072704416696002,1.4949094,8.61226,571
7183,0.0005306969358898958,1.7622515,12.264575,499
7184,0.0013400363511448272,1.9333377,6.363656,1260
7185,2.233393918574712e-05,0.6110756,1.441827,21
7186,0.007236196296182066,2.1910071,9.728033,6804
7187,0.00016909982526351389,3.3201222,18.738102,159
7188,0.00032862796230456476,1.4885095,9.861279,309
7189,6.487477573002735e-05,1.2979436,6.3051844,61
7190,0.004774145381181848,1.2260103,5.113859,4489
7191,0.00014570236516415978,1.8569366,10.488206,137
7192,0.0021546933709677934,1.4036937,6.1592255,2026
7193,0.005023009274965888,2.7543888,9.239305,4723
7194,0.0005094265176177557,1.6283265,4.6013136,479
7195,0.0019313539791103221,1.8785558,8.076749,1816
7196,0.004524217966484202,2.7760026,10.105295,4254
7197,0.0004115825935659112,1.3096907,7.4088073,387
7198,0.0019760218574818166,2.1584597,6.725847,1858
7199,0.0008518802517992115,1.3338902,7.478167,801
7200,0.0015527405338662283,1.6309401,7.3528886,1460
7201,0.0027864247936503547,2.4533417,12.630463,2620
7202,0.0014719129444320958,2.47053,8.164967,1384
7203,0.001486802237222594,1.8044379,10.16416,1398
7204,0.001524025469198839,3.2340317,9.314179,1433
7205,0.0012528276362290527,1.6212887,5.989313,1178
7206,0.0019462432719008203,2.0766616,9.017354,1830
7207,0.0012592087617106947,2.8627644,10.154774,1184
7208,0.0017665082375012363,3.3700895,13.113329,1661
7209,0.00022014882911665015,1.9678984,17.64428,207
7210,0.003425600862728165,7.2017074,12.922723,3221
7211,0.0027162324133522923,2.704523,8.830529,2554
7212,0.004566758803028482,1.5328742,5.5975165,4294
7213,0.0002424827683023973,1.581719,7.466941,228
7214,0.0027577097289829657,1.5329691,6.5979652,2593
7215,0.0004328530118380513,2.23637,10.501674,407
7216,0.12804153687280184,1.4273846,9.231041,120394
7217,0.005682392241402231,2.8493714,8.583195,5343
7218,0.009583386952512728,2.038807,8.446384,9011
7219,0.00045944103467822643,1.6356493,4.620532,432
7220,0.00034777133874949083,2.0832813,13.051565,327
7221,0.003781880368786512,3.4544256,10.007584,3556
7222,0.0009678040313823752,1.7853028,7.6808653,910
7223,0.0023822868464796927,2.242945,7.8386693,2240
7224,0.000381804007984915,1.9834132,16.184662,359
7225,0.00594189134432234,1.4858779,7.3237953,5587
7226,0.010041764466277346,2.4382737,10.093962,9442
7227,0.008748523035331229,2.8351877,8.997293,8226
7228,0.0018154301995271585,2.520364,8.427474,1707
7229,0.009686548481132607,2.2035706,8.604184,9108
7230,0.0026960255159937593,2.9111066,9.610347,2535
7231,0.0019664501692593533,3.70894,11.917272,1849
7232,0.0007529728068337599,1.9594955,8.29838,708
7233,0.008295463126134644,1.1453909,4.9516544,7800
7234,0.00510383686440002,2.4061615,9.831816,4799
7235,0.010003477713387495,1.3584921,6.2205377,9406
7236,0.0003190562740821017,1.6767615,7.387703,300
7237,0.006979887756002778,1.5624367,9.517184,6563
7238,0.0025290527325574595,4.2363424,13.0642,2378
7239,0.00335647200334371,5.4709916,15.131685,3156
7240,0.0024141924738879028,2.2163193,9.622904,2270
7241,0.00377549924330487,4.039432,10.871439,3550
7242,0.001668664313449392,2.435303,6.5302486,1569
7243,0.0026992160787345804,2.8026507,8.805053,2538
7244,0.00027757895845142847,1.924982,12.771225,261
7245,0.00260349919650995,3.6451285,12.076017,2448
7246,0.002458860352259397,3.9620998,14.278749,2312
7247,0.003148021904276737,6.2981787,14.439545,2960
7248,0.0017633176747604154,1.838155,10.315733,1658
7249,2.7651543753782147e-05,5.4109735,15.657159,26
7250,0.0018037314694774815,1.5316014,6.3069534,1696
7251,0.001730348526438598,3.568532,8.960221,1627
7252,0.00040626498899787615,2.3859327,11.975694,382
7253,0.0007210671794255498,2.43577,13.128805,678
7254,0.00014357532333694577,1.8226453,6.431106,135
7255,0.0021695826637582916,2.447899,11.465265,2040
7256,0.0013921488759115704,2.2820039,14.863031,1309
7257,0.00457101288668291,4.2476444,12.911451,4298
7258,0.00022121235003025718,2.166004,11.764906,208
7259,3.1905627408210167e-06,0.98403424,1.3824469,3
7260,0.00019143376444926102,2.665594,11.2663,180
7261,0.0006700181755724136,1.5156097,5.5131764,630
7262,0.002125978306300404,1.6040457,10.335347,1999
7263,0.0019781488993090303,1.8790654,12.868332,1860
7264,0.001896257788961291,2.1723754,7.2023563,1783
7265,0.004294497449145089,1.3331382,10.077888,4038
7266,0.0008508167308856045,1.353721,8.642793,800
7267,0.007198973064205821,2.3613005,10.641404,6769
7268,5.2112524766743275e-05,0.90829545,2.2240052,49
7269,0.002058976488743163,4.0967407,12.599774,1936
7270,0.0021972342075120737,1.7959052,13.834414,2066
7271,0.0022302033558338906,3.3291612,9.474005,2097
7272,0.007750940418367857,1.8886389,7.081502,7288
7273,0.0016973793781167809,3.8694575,9.691704,1596
7274,0.07131439486191776,1.0882428,3.847913,67055
7275,0.001154983712177208,2.0110285,15.064961,1086
7276,0.006358791542456286,2.0648994,11.110782,5979
7277,0.002066421135138412,4.0441375,11.464542,1943
7278,0.0037053068630068077,3.7215805,13.629345,3484
7279,0.0003211833159093157,1.915111,8.510453,302
7280,0.00033288204595899274,1.6968096,8.204474,313
7281,0.00023503812190714824,2.2509665,11.832629,221
7282,0.001122014563855391,1.8274351,7.412659,1055
7283,0.00010422504953348655,0.7815991,1.5942498,98
7284,0.00023929220556157628,1.2860029,6.4510345,225
7285,0.00379676966157701,1.9436342,8.93253,3570
7286,0.011582806270093898,2.0338025,7.563073,10891
7287,0.000553030875075643,2.4345481,18.335327,520
7288,0.0029906208090629,4.686061,11.046251,2812
7289,0.002041960154125451,2.6003675,9.038287,1920
7290,0.004126461144795182,2.1807497,11.990904,3880
7291,0.012666534081059437,2.4759157,9.25561,11910
7292,0.003988203426026271,4.6097136,11.383742,3750
7293,0.1514783472459594,6.3832383,14.47842,142431
7294,6.274773390281333e-05,3.28007,16.342722,59
7295,0.0008082758943413243,1.6942161,9.747639,760
7296,0.0023759057209980505,2.552886,7.327998,2234
7297,0.00013719419785530372,2.1555345,20.216074,129
7298,0.0020440871959526647,2.1147833,9.040482,1922
7299,0.0008497532099719975,1.5835617,5.6767416,799
7300,0.002268490108723743,1.8339031,10.433487,2133
7301,0.0002637531865745374,1.8306543,9.542415,248
7302,0.0019653866483457464,3.1348088,8.576138,1848
7303,0.002637531865745374,4.4748635,11.831474,2480
7304,0.0015538040547798352,3.252718,11.05476,1461
7305,0.0017207768382161352,3.7655501,12.841378,1618
7306,5.4239566593957285e-05,1.0174421,2.5657513,51
7307,0.000579618897915818,1.9257476,9.789984,545
7308,0.0001680363043499069,1.7548239,5.396275,158
7309,0.002318475591663272,3.314104,10.146893,2180
7310,0.0025726570900153466,3.2221217,9.244389,2419
7311,0.0007370199931296549,1.6591372,8.43677,693
7312,0.0005360145404579308,1.3956199,7.370318,504
7313,0.0034692052201860525,4.503465,10.687304,3262
7314,0.0007816878715011491,1.5009385,9.940506,735
7315,0.003586192520682823,3.304298,13.189641,3372
7316,0.0014761670280865238,3.0717256,8.222146,1388
7317,0.024799180663488157,1.817071,7.8172083,23318
7318,0.002768344938119036,4.157553,16.186037,2603
7319,0.001299622556427761,2.8404334,9.681475,1222
7320,0.002891713364097448,4.269552,12.938512,2719
7321,0.0016367586860411816,1.6095979,5.9778614,1539
7322,0.0019281634163695013,1.655015,11.875392,1813
7323,5.5303087507564294e-05,2.484902,9.4126835,52
7324,0.01731092991078123,1.4993316,5.246712,16277
7325,0.0002084500990669731,1.7385517,7.972069,196
7326,0.003771245159650442,2.2944186,11.653321,3546
7327,0.002238711523142747,2.823558,7.439863,2105
7328,0.0024141924738879028,1.1783512,5.7468023,2270
7329,0.002433335850332829,3.1208613,10.27301,2288
7330,0.002073865781533661,4.0323133,12.033306,1950
7331,0.0018122396367863376,2.2944276,7.0283957,1704
7332,0.0004934737039136506,1.7066064,10.249468,464
7333,0.0002073865781533661,1.7818223,6.5865784,195
7334,0.004019045532520874,4.985257,15.039328,3779
7335,0.0008752777118985656,1.9136175,10.787322,823
7336,0.000945470092196628,2.5707858,10.052843,889
7337,0.0016080436213737925,1.8757623,8.6758995,1512
7338,3.509619014903119e-05,4.1542315,21.169094,33
7339,0.0026524211585358722,2.021055,9.1336155,2494
7340,0.00014144828150973175,3.0866857,17.168598,133
7341,0.06142577740719982,1.0794754,5.284657,57757
7342,0.0009241996739244878,3.553053,12.588905,869
7343,8.720871491577446e-05,2.7582226,11.046951,82
7344,0.00014676588607776678,2.3986194,13.728859,138
7345,0.0008263557498726433,2.0056493,11.475448,777
7346,0.002120660701732369,2.297819,10.127225,1994
7347,0.0027789801472551056,2.4289472,8.643238,2613
7348,0.0017441742983154893,3.1813242,8.310673,1640
7349,0.006955426774989817,2.171146,8.6655035,6540
7350,0.0005328239777171098,1.5817081,5.7504497,501
7351,0.00016059165795465785,2.0810056,15.366582,151
7352,0.0017154592336481001,3.423647,10.156927,1613
7353,0.0008720871491577447,1.6004307,9.635682,820
7354,0.003036352208348001,4.969221,15.933776,2855
7355,0.015945369057709834,0.8721248,3.191414,14993
7356,0.0023961126183565835,2.5478015,6.5963607,2253
7357,0.001883495537998007,3.7772257,13.736836,1771
7358,0.0012166679251664145,1.7062443,6.760828,1144
7359,0.0025535137135704205,4.183332,13.413447,2401
7360,0.0002424827683023973,1.8119273,8.705152,228
7361,0.0014081016896156755,2.3249333,13.575212,1324
7362,0.0023174120707496653,3.0596926,9.641761,2179
7363,0.0006083339625832072,1.6239529,6.800332,572
7364,0.0026162614474732337,3.094897,11.410086,2460
7365,0.00023184755916632723,2.70951,10.173441,218
7366,0.0017548095074515593,4.496765,13.339052,1650
7367,0.0008338003962678924,1.6754688,10.9093895,784
7368,0.000567920167866141,1.0389799,2.496504,534
7369,9.35898403974165e-05,2.1193414,15.426086,88
7370,0.0036893540493027027,4.4319496,14.691977,3469
7371,0.000379676966157701,1.4685781,6.60858,357
7372,0.007581840593104343,1.4295518,6.4143534,7129
7373,0.0025056552724581054,2.311893,7.0923367,2356
7374,0.0018271289295768356,3.2924979,9.6018505,1718
7375,0.016494145849131052,1.5718814,3.9683166,15509
7376,0.0006710816964860206,1.2846171,5.498894,631
7377,0.00149531040453145,4.680939,13.461414,1406
7378,0.008207190890305263,1.108261,4.4780664,7717
7379,0.006576813329745723,2.5105798,9.024974,6184
7380,0.00041264611447951817,2.6403294,14.295125,388
7381,0.0014431978797647066,1.8576771,9.385783,1357
7382,0.0014527695679871697,3.4990087,11.463838,1366
7383,0.009129263522402536,22.513184,38.25887,8584
7384,0.0009741851568640171,2.395567,8.244057,916
7385,0.0020323884659029876,2.6823256,14.272284,1911
7386,0.002658802284017514,2.8530684,9.548646,2500
7387,0.015450831832882577,1.4837373,5.7334256,14528
7388,0.0029055391359743394,2.5767417,9.405529,2732
7389,0.001117760480200963,2.0092216,10.065454,1051
7390,0.0016314410814731466,2.322447,7.004638,1534
7391,0.0051719022028708685,2.4076245,9.296532,4863
7392,0.0033288204595899274,2.6086726,9.810065,3130
7393,0.011984817175437347,2.0157804,5.040148,11269
7394,0.00046582216015986845,1.4175302,7.0112243,438
7395,0.0004956007457408646,1.5019053,4.6882477,466
7396,0.001714395712734493,3.5685377,11.155049,1612
7397,0.0011975245487214883,1.1385198,4.17094,1126
7398,0.0004966642666544716,1.7647758,7.48431,467
7399,0.00031161162768685263,1.9059126,12.582758,293
7400,9.997096587905853e-05,1.66287,5.798901,94
7401,4.466787837149424e-05,0.84884804,2.6482582,42
7402,0.006182247070797523,1.5953736,6.3997946,5813
7403,0.004452962065272533,1.5650725,6.158159,4187
7404,0.0003190562740821017,3.2849848,16.69461,300
7405,6.806533847084836e-05,3.2211277,16.443895,64
7406,0.0009709945941231962,1.563318,6.310622,913
7407,0.004282798719095412,1.8436954,7.7445655,4027
7408,0.003983949342371843,3.2596934,9.809647,3746
7409,0.00018079855531319097,1.9901448,7.3014073,170
7410,0.0004020109053434481,1.4929764,8.176757,378
7411,0.0015676298266567262,3.5957584,10.578403,1474
7412,0.0009050562974795618,2.0941863,9.392406,851
7413,0.00383931049812129,3.2670195,10.8662195,3610
7414,0.0025067187933717123,1.8089379,8.457122,2357
7415,0.002267426587810136,2.7309227,8.615418,2132
7416,0.0012868603054644768,1.2849016,6.60471,1210
7417,0.004615680765054404,3.6058266,9.913772,4340
7418,0.0022248857512658557,2.3348339,6.734811,2092
7419,0.0021738367474127196,1.5644622,6.792273,2044
7420,0.0009890744496545152,1.9678346,13.838899,930
7421,0.0018281924504904427,3.600934,11.097966,1719
7422,0.00013825771876891074,2.5687382,9.755654,130
7423,0.0009295172784925229,2.5854769,12.721674,874
7424,0.004321085471985264,1.2953103,6.734402,4063
7425,0.0035298259122616515,1.6142751,7.574131,3319
7426,0.00012655898871923366,3.1104677,10.973901,119
7427,0.007619063825080589,2.6581473,8.823831,7164
7428,0.0012411289061793757,1.5663867,4.82568,1167
7429,0.00374359361589666,5.4438066,12.533428,3520
7430,0.008238032996799866,1.445204,5.9738207,7746
7431,0.0003201197949957087,1.8339467,16.42843,301
7432,0.006247121846527551,2.0695024,10.34986,5874
7433,0.00965357933281079,2.9672532,10.906571,9077
7434,0.0019653866483457464,1.3441737,5.3213706,1848
7435,0.000571110730606962,1.7094054,5.3767543,537
7436,0.0001712268670907279,1.486903,7.887497,161
7437,0.004740112711946424,1.421982,7.48809,4457
7438,0.0001520834906458018,2.0580485,6.5917883,143
7439,0.0008774047537257796,1.5504769,6.426674,825
7440,0.0008348639171814994,1.7312684,9.99627,785
7441,0.005063423069682954,1.227863,6.0322304,4761
7442,0.001153920191263601,1.492835,10.080761,1085
7443,0.008652806153106598,2.2196593,8.694169,8136
7444,0.0003584065478855609,1.5589375,6.575264,337
7445,0.0004307259700108373,1.6383954,8.606346,405
7446,0.003194816824475445,3.3696177,10.515142,3004
7447,0.0071245266002533305,2.8178158,10.183388,6699
7448,0.00014463884425055276,2.4172766,15.695536,136
7449,0.0012794156590692277,2.142552,13.435794,1203
7450,0.0008040218106868962,1.8727862,9.933347,756
7451,0.0019887841084451005,4.2189684,12.587236,1870
7452,1.1698730049677062e-05,1.2946913,2.1326783,11
7453,0.0010316152861987954,2.472354,11.360803,970
7454,0.0013379093093176132,1.5958089,7.4011106,1258
7455,0.016933379986450742,2.3365488,9.483773,15922
7456,0.02635723880192242,1.2672726,4.7163076,24783
7457,0.0009008022138251337,1.4059923,8.959223,847
7458,0.0029608422234819035,2.1810787,10.613012,2784
7459,0.00018079855531319097,1.6639867,13.853304,170
7460,0.00023929220556157628,1.820406,8.276822,225
7461,0.0025535137135704205,4.5784054,14.065549,2401
7462,0.00042540836544280227,1.4307235,8.064053,400
7463,0.000759353932315402,2.107017,10.1222315,714
7464,0.00014357532333694577,1.0126867,3.9086125,135
7465,0.030482636425803997,2.390722,9.31971,28662
7466,0.002078119865188089,2.1130188,9.853013,1954
7467,0.0025684030063609187,3.819148,12.5059,2415
7468,0.00018292559714040495,1.7235298,11.242166,172
7469,0.002894903926838269,4.026821,12.878516,2722
7470,0.0015548675756934423,1.5400239,15.630025,1462
7471,0.0025503231508295994,2.298417,7.1577606,2398
7472,0.010894708238990166,2.0929253,9.8690815,10244
7473,0.003530889433175259,2.6549504,11.376734,3320
7474,0.0014123557732701035,3.0484724,8.97117,1328
7475,0.0002977858558099616,1.795923,14.71392,280
7476,8.933575674298847e-05,1.6703931,7.258577,84
7477,0.0018494628687625828,2.5029898,10.473778,1739
7478,0.001905829477183754,2.1663098,8.374403,1792
7479,3.296914832181717e-05,0.82620525,1.7709254,31
7480,0.000953978259505484,1.7224233,13.784204,897
7481,0.0004307259700108373,1.5915184,8.755423,405
7482,0.00214512168274533,2.154686,16.633883,2017
7483,0.0005009183503088997,3.0528784,17.699364,471
7484,0.003830802330812434,4.584398,13.90363,3602
7485,0.0013761960622074652,2.546602,9.288216,1294
7486,0.03126113373456432,2.287621,9.474814,29394
7487,0.0050400256095836,2.494703,10.271508,4739
7488,0.003179927531684947,2.009261,7.665522,2990
7489,0.0019696407320001744,1.6986337,7.219794,1852
7490,0.000761480974142616,1.6148111,13.994435,716
7491,0.0018281924504904427,1.9016535,9.012078,1719
7492,0.0008805953164666006,1.8197095,7.5816803,828
7493,6.700181755724135e-05,2.8142657,7.8294086,63
7494,0.03249056391069402,0.78467953,2.93112,30550
7495,0.00012336842597841265,0.9053348,3.1193259,116
7496,0.01451918751256284,0.95310515,4.1874905,13652
7497,0.0024141924738879028,3.437552,14.995085,2270
7498,0.004339165327516583,1.2637824,4.863604,4080
7499,0.0004371070954924793,1.703119,7.4403663,411
7500,0.011729572156171665,1.6461358,9.119927,11029
7501,8.508167308856045e-05,1.899814,6.110469,80
7502,0.000373295840676059,2.9255955,16.321657,351
7503,0.0006966061984125887,1.644641,8.143485,655
7504,0.0023503812190714822,1.5426118,6.8454742,2210
7505,0.00011911434232398463,2.8650022,12.651137,112
7506,0.0020355790286438087,2.649304,8.234812,1914
7507,0.0023461271354170542,4.4617295,12.023372,2206
7508,4.2540836544280225e-06,1.2094333,1.4834366,4
7509,0.006057815123905504,1.9131129,8.653433,5696
7510,0.010621383364193165,1.5620207,7.4827538,9987
7511,0.0008912305256026707,2.3554363,13.63377,838
7512,0.0016622831879677497,1.4039038,7.8264494,1563
7513,0.00012762250963284068,0.9149085,2.1579018,120
7514,0.005855746150320173,2.6852167,8.660953,5506
7515,0.001477230549000131,2.1287873,10.482061,1389
7516,0.005014501107657032,2.457625,9.257068,4715
7517,0.002768344938119036,2.357216,9.372967,2603
7518,0.00024141924738879027,3.5157683,14.055678,227
7519,0.0046454593506354,1.622173,6.1775947,4368
7520,0.0003201197949957087,2.2028158,10.795148,301
7521,0.0021036443671146573,4.292757,16.473217,1978
7522,0.0001116696959287356,1.742549,8.436283,105
7523,0.001350671560280897,1.6744177,8.640361,1270
7524,0.0014506425261599557,2.8419008,14.439406,1364
7525,4.573139928510124e-05,1.1527327,4.2926774,43
7526,0.0025099093561125334,2.6576018,8.353097,2360
7527,0.0033298839805035348,3.6614156,11.136101,3131
7528,0.00017441742983154891,1.8125377,7.313358,164
7529,0.0019792124202226377,1.7126943,7.001387,1861
7530,0.00013932123968251773,1.2135711,4.3865724,131
7531,0.00024354628921600428,1.4086534,9.517307,229
7532,0.003171419364376091,1.3031838,6.5650043,2982
7533,0.0017877786557733764,2.2217057,6.6058173,1681
7534,0.0015708203893975473,1.45898,14.329328,1477
7535,0.013470555891746333,2.16597,5.759464,12666
7536,0.018985975349712265,1.492201,7.0987687,17852
7537,0.00012549546780562666,3.4028924,14.537485,118
7538,0.0014144828150973174,3.1852279,10.945133,1330
7539,0.0015782650357927964,2.5497177,7.5462103,1484
7540,0.0008433720844903555,1.5056547,6.257415,793
7541,0.002264236025069315,3.2476828,12.367135,2129
7542,0.0023727151582572294,1.3036054,6.3820434,2231
7543,0.00012762250963284068,3.2303386,13.447032,120
7544,0.001910083560838182,3.1194575,8.176726,1796
7545,0.0006583194455227365,1.958766,6.8103924,619
7546,0.0018335100550584777,2.3254216,9.518154,1724
7547,0.0036446861709312083,1.561789,6.21521,3427
7548,0.0021929801238576457,3.1061556,9.4662895,2062
7549,0.012635691974564834,1.4469707,5.7461286,11881
7550,0.0012507005944018387,5.0186896,16.087383,1176
7551,0.002894903926838269,3.1709645,10.507701,2722
7552,0.0012028421532895234,2.9247565,7.1335692,1131
7553,0.001702696982684816,1.7837605,7.497815,1601
7554,0.007061778866350518,6.3176603,13.444624,6640
7555,0.00038393104981212904,2.2080128,8.906321,361
7556,0.010409742702385372,1.956296,7.6226916,9788
7557,0.003191626261734624,3.3602993,9.287796,3001
7558,0.00047858441112315255,2.6379826,17.993723,450
7559,0.007901960388100052,1.9900266,8.577624,7430
7560,0.00038605809163934303,2.0557773,8.636147,363
7561,0.0029097932196287674,1.2949857,4.170711,2736
7562,0.0009188820693564529,1.8029002,8.058663,864
7563,3.190562740821017e-05,1.0452701,2.3176062,30
7564,0.0004466787837149424,1.7427213,9.2628565,420
7565,0.000748718723179332,2.2693944,6.0071793,704
7566,0.0006774628219676625,1.5435563,10.753452,637
7567,0.00778178252486246,1.7801012,7.9905396,7317
7568,0.0064215392763591,2.237717,8.2431345,6038
7569,0.0020047369221492055,1.6239355,6.756501,1885
7570,0.00969292960661425,1.5109466,5.5350895,9114
7571,0.0010316152861987954,1.5961939,8.252461,970
7572,0.00017867151348597695,1.6079324,8.097672,168
7573,0.0017686352793284503,2.3722913,8.872606,1663
7574,0.0004913466620864366,1.2640584,5.5219016,462
7575,0.00021695826637582914,1.8600538,17.257328,204
7576,0.008737887826195159,1.149785,4.792781,8216
7577,0.0007253212630799778,1.4994799,6.360968,682
7578,0.0010294882443715814,1.7874169,5.796197,968
7579,0.00628647212033101,2.8277373,9.753098,5911
7580,0.013306773671050855,2.3623593,8.304974,12512
7581,0.014796766471014269,1.9187407,7.4250855,13913
7582,0.0012528276362290527,2.3787875,18.162447,1178
7583,0.002894903926838269,3.3636498,11.423087,2722
7584,0.0031427042997087015,3.057264,10.421856,2955
7585,0.001126268647509819,3.9361336,12.785502,1059
7586,2.3397460099354124e-05,0.6867424,1.2486933,22
7587,0.00010954265410152158,1.256466,3.833836,103
7588,0.01215391700070086,1.303658,9.30323,11428
7589,0.0005753648142613901,2.5764925,14.939067,541
7590,0.0025896734246330586,3.3210435,16.374899,2435
7591,0.000380740487071308,0.9935197,4.044314,358
7592,0.00012762250963284068,2.1754506,10.080376,120
7593,1.0635209136070057e-05,1.4599215,2.8505425,10
7594,9.997096587905853e-05,1.5213094,6.828899,94
7595,0.0014548966098143837,1.5109059,8.374478,1368
7596,0.009299426868579657,27.538305,45.90375,8744
7597,0.001897321309874898,1.7102401,9.203132,1784
7598,0.002068548176965626,2.2717571,9.349156,1945
7599,0.0196900261945201,2.05304,8.49032,18514
7600,0.0009167550275292389,2.3775752,13.856075,862
7601,0.0012804791799828348,1.3587717,5.3474207,1204
7602,0.003580874916114788,5.0838556,16.215874,3367
7603,0.0007933866015508262,1.7821535,7.346199,746
7604,0.0002828965630194635,2.6270514,10.686563,266
7605,0.0021238512644731903,3.4508188,10.991953,1997
7606,0.0027757895845142845,2.6610448,10.448118,2610
7607,0.00037648640341687997,1.3102704,5.7177277,354
7608,0.18145900180054092,1.627258,16.542349,170621
7609,0.0012985590355141538,1.9621892,8.04554,1221
7610,0.003978631737803808,7.1560607,14.67399,3741
7611,0.0034458077600866984,1.3371489,5.7641077,3240
7612,0.0008104029361685383,2.8367043,13.674364,762
7613,0.0023323013635401634,3.2941923,10.673849,2193
7614,0.0029129837823695885,1.3993313,7.430734,2739
7615,2.1270418272140113e-06,1.5643977,2.0037975,2
7616,0.003029971082866359,2.6213427,9.013731,2849
7617,0.0001531470115594088,2.0767653,9.4172735,144
7618,0.0019675136901729606,2.2944586,9.038112,1850
7619,0.0023844138883069065,1.5902728,12.933844,2242
7620,0.0004519963882829774,1.8336244,10.204676,425
7621,0.0010060907842722273,1.786446,8.516484,946
7622,0.0012602722826243016,1.7820764,10.22157,1185
7623,0.0027087877669570433,3.3324077,10.913884,2547
7624,0.002445034580382506,3.4957762,9.285156,2299
7625,0.003965869486840524,1.9334277,7.4030066,3729
7626,0.00015952813704105085,2.2012804,7.5186744,150
7627,0.0005604755214708919,1.2246478,5.1846886,527
7628,0.0002765154375378215,1.7063578,5.4431973,260
7629,0.0015559310966070492,2.919303,10.849876,1463
7630,0.0009954555751361574,1.567075,5.7692847,936
7631,0.0021600109755358283,2.07693,11.048325,2031
7632,0.003060813189360962,3.1465838,8.773676,2878
7633,0.001688871210807925,2.4729164,7.83854,1588
7634,0.003403266923542418,2.4122555,8.831155,3200
7635,0.0003137386695140667,2.3660147,12.192114,295
7636,0.0008678330655033166,1.3983165,6.0191402,816
7637,0.002062167051483984,2.3292587,6.7382255,1939
7638,0.002263172504155708,4.096525,14.607873,2128
7639,0.0011847622977582042,1.3988099,9.089695,1114
7640,0.0022536008159332447,2.5941126,7.183712,2119
7641,0.0014921198417906288,1.4898211,10.426993,1403
7642,0.005741949412564224,2.3352184,10.834495,5399
7643,0.04119335554674015,1.1408585,6.192675,38733
7644,0.0006434301527322384,1.65504,11.443183,605
7645,0.0020174991731124895,2.038566,7.7770514,1897
7646,0.011222272680381123,1.8063463,6.3382215,10552
7647,0.006618290645376396,1.2163615,4.798948,6223
7648,0.0014368167542830647,3.3545098,10.714147,1351
7649,1.0635209136070056e-06,0.66592425,0.66592425,1
7650,0.003772308680564049,1.9877921,7.8282185,3547
7651,0.001696315857203174,3.4419692,11.078667,1595
7652,0.005004929419434569,3.0521061,9.903073,4706
7653,0.000187179680794833,2.5956724,10.967648,176
7654,0.0042391943616375246,1.1054114,4.2514997,3986
7655,0.0030703848775834254,3.061378,11.529524,2887
7656,0.11422427316321962,1.7497135,9.592606,107402
7657,0.03975547527154348,1.1701952,5.4632754,37381
7658,0.0014091652105292824,1.6225514,10.395,1325
7659,0.002440780496728078,2.2399218,6.0530195,2295
7660,0.006611909519894754,1.9363843,8.731951,6217
7661,0.0019504973555552483,1.9382114,7.2949843,1834
7662,1.8079855531319095e-05,1.399198,2.401282,17
7663,0.012191140232677105,1.5039626,6.4902596,11463
7664,0.00951532161404188,1.40213,6.6065545,8947
7665,0.004718842293674284,2.8026342,10.013623,4437
7666,0.001532533636507695,4.13651,11.907253,1441
7667,0.0032522469538102234,2.2161107,7.796456,3058
7668,7.870054760691842e-05,2.8501265,13.962716,74
7669,0.001510199697321948,2.37176,10.63911,1420
7670,7.444646395249039e-06,1.9832495,3.0965815,7
7671,0.002090882116151373,1.8795313,11.222016,1966
7672,0.0027981235237000317,1.8571872,7.4759636,2631
7673,0.02057912967829556,1.5802606,7.412969,19350
7674,0.00149531040453145,1.7987617,13.879717,1406
7675,0.0004956007457408646,1.359826,8.122496,466
7676,0.001327274100181543,2.8819327,10.474421,1248
7677,0.0005413321450259659,1.5424879,6.8002696,509
7678,0.0002637531865745374,1.2327589,5.3706546,248
7679,0.0009795027614320521,1.4246463,5.368008,921
7680,0.07636930976429186,1.3516693,7.838053,71808
7681,0.005392051031987519,1.7463042,7.22672,5070
7682,0.018166000725321263,0.8074729,3.8893054,17081
7683,0.003776562764218477,3.0099108,13.224862,3551
7684,0.0013464174766264691,2.996159,8.369897,1266
7685,0.0019707042529137813,2.7571235,11.572835,1853
7686,0.0009412160085422,2.8729458,13.294008,885
7687,0.019660247608939106,1.0007273,4.024294,18486
7688,0.0026566752421903,2.512748,7.4164004,2498
7689,5.5303087507564294e-05,1.2230548,3.7121599,52
7690,0.0002275934755118992,1.9321073,7.5224476,214
7691,0.021526726812319402,1.54773,6.325719,20241
7692,0.002772599021773464,1.3520464,5.507496,2607
7693,0.003053368542965713,5.070051,14.673885,2871
7694,0.0019760218574818166,2.0141635,9.6404705,1858
7695,0.002860871257602845,2.4771283,9.860171,2690
7696,0.004270036468132127,3.1525877,10.157573,4015
7697,0.08468285274595783,2.2074034,12.633919,79625
7698,0.0011826352559309902,2.395608,14.850984,1112
7699,0.0004328530118380513,2.5860212,14.895517,407
7700,0.003029971082866359,6.2401667,14.494182,2849
7701,0.0001116696959287356,1.9845681,6.8354883,105
7702,0.004431691647000392,4.422177,17.992619,4167
7703,0.00012336842597841265,1.9357896,10.0243435,116
7704,0.00170482402451203,1.784732,8.716643,1603
7705,0.0001510199697321948,2.2340627,13.024986,142
7706,0.002295078131563918,2.3569899,9.206063,2158
7707,0.0014878657581362008,2.63285,8.268886,1399
7708,0.0016463303742636447,2.4989004,9.604509,1548
7709,0.00019781488993090305,1.9106585,8.516899,186
7710,0.00021695826637582914,2.1545486,12.311644,204
7711,0.004110508331091077,3.767184,10.399031,3865
7712,0.001297495514600547,1.1271794,3.5528414,1220
7713,0.0004700762438142965,2.2155266,10.233429,442
7714,0.007553125528436954,1.2878095,4.9777603,7102
7715,0.0016325046023867537,1.2772613,4.8422565,1535
7716,0.0018409547014537268,3.6626487,11.345111,1731
7717,0.003014018269162254,2.5340626,7.549492,2834
7718,0.0019270998954558942,4.126065,14.118579,1812
7719,0.001137967377559496,1.319567,8.4682045,1070
7720,0.002100453804373836,4.070008,10.699263,1975
7721,0.0020323884659029876,2.1179826,11.356358,1911
7722,0.0007710526623650791,1.8401531,9.459683,725
7723,0.0002605626238337164,3.2890778,22.551243,245
7724,0.00022014882911665015,1.3439702,6.8168516,207
7725,0.0027332487479700043,2.45038,9.5704975,2570
7726,0.0011092523128921068,1.3537928,8.866025,1043
7727,0.002064294093311198,4.379642,12.342098,1941
7728,0.00337774242161585,3.0104094,12.34043,3176
7729,0.00019781488993090305,2.84512,12.988997,186
7730,0.008013630084028788,1.8641839,6.387258,7535
7731,0.002488638937840393,2.0694788,7.9868174,2340
7732,0.017181180359321174,1.7873253,9.517873,16155
7733,0.0031352596533134524,3.8692951,15.292341,2948
7734,0.001321956495613508,1.5070251,8.764255,1243
7735,0.0003201197949957087,3.4271545,20.576723,301
7736,0.005263365001441071,1.3333018,6.067496,4949
7737,0.0036808458819938463,3.4807167,14.775844,3461
7738,0.022053169664554867,1.9240392,8.450521,20736
7739,0.00018824320170843998,1.250049,4.71661,177
7740,0.0005562214378164639,2.1635807,13.703669,523
7741,0.00017867151348597695,1.8565537,8.854668,168
7742,0.0010677749972614337,1.9269806,8.407322,1004
7743,0.0020472777586934858,3.1140218,10.156545,1925
7744,0.009922650123953363,1.7996151,6.9594307,9330
7745,0.0012921779100325118,4.7730117,15.703474,1215
7746,0.0027268676224883625,3.283395,10.506137,2564
7747,0.00011911434232398463,1.5829434,8.074111,112
7748,0.005146377700944301,3.3786223,8.844659,4839
7749,0.003184181615339375,4.694249,12.434367,2994
7750,0.001678236001671855,2.17159,6.6624446,1578
7751,0.04099128657315482,2.8301647,11.226066,38543
7752,0.0013666243739850021,1.6676854,7.1931524,1285
7753,0.0003998838635162341,1.9904795,8.161547,376
7754,0.002294014610650311,4.199151,13.960508,2157
7755,0.005295270628849281,1.5420783,7.707596,4979
7756,0.0012219855297344495,1.7018443,6.5622964,1149
7757,0.01210074095502051,2.35394,6.4376364,11378
7758,0.06904909531593484,1.6573968,9.353198,64925
7759,0.06337202067910064,2.0239413,11.525871,59587
7760,0.0036840364447346674,1.8068222,8.4176035,3464
7761,0.0006689546546588066,1.4737108,9.196186,629
7762,0.0003339455668725998,2.302559,16.582182,314
7763,0.03962359867825621,1.348901,5.786397,37257
7764,0.00012762250963284068,2.7209842,10.77018,120
7765,0.0002478003728704323,2.32912,16.474857,233
7766,9.252631948380949e-05,1.9517478,13.533762,87
7767,0.0037425300949830527,3.3492918,9.4626875,3519
7768,0.0006221597344600983,5.0455666,22.769823,585
7769,0.00010954265410152158,1.6855017,10.410138,103
7770,0.0016239964350778975,1.8954611,7.1405225,1527
7771,0.000950787696764663,1.4099301,9.814468,894
7772,0.002594991029201094,1.3067619,7.8344646,2440
7773,0.0019792124202226377,3.4966788,12.036966,1861
7774,0.004794352278540382,2.124861,8.622196,4508
7775,0.0007019238029806237,1.8508195,8.166486,660
7776,0.001889876663479649,1.3526387,4.928959,1777
7777,5.849365024838531e-05,1.8092097,7.6204157,55
7778,0.007319150927443413,1.3384486,6.025726,6882
7779,0.005301651754330923,4.524231,11.410464,4985
7780,1.0635209136070057e-05,1.3392917,2.6552556,10
7781,0.00875171359807205,1.3318177,5.818797,8229
7782,0.0012251760924752704,2.105808,8.990108,1152
7783,0.0019951652339267427,1.7744052,13.284172,1876
7784,0.002239775044056354,2.7077281,7.4242353,2106
7785,0.0010305517652851885,1.4625115,8.721572,969
7786,0.0030586861475337484,2.7938755,9.349459,2876
7787,0.0001137967377559496,2.2170992,16.38556,107
7788,1.0635209136070057e-05,0.9609706,2.3580594,10
7789,0.0019696407320001744,1.832373,14.489562,1852
7790,0.0038882324601472126,6.8753843,16.549675,3656
7791,0.0002265299545982922,1.697935,10.77234,213
7792,0.0003626606315399889,2.529649,17.496685,341
7793,0.0010496951417301146,2.1275275,10.354508,987
7794,0.052510281588432295,3.3133326,10.91606,49374
7795,0.001354925643935325,2.5960367,9.985199,1274
7796,0.0002892776885011055,2.5643682,11.738735,272
7797,3.82867528898522e-05,3.1449823,16.307575,36
7798,0.0017175862754753141,1.991117,8.522743,1615
7799,0.0020494048005207,2.9110081,13.837772,1927
7800,0.0029076661778015536,3.0069013,9.640303,2734
7801,0.0005870635443110671,2.6754634,14.659384,552
7802,0.0015601851802614774,2.7702804,8.662943,1467
7803,0.0005987622743607442,1.4594953,5.748285,563
7804,0.0009018657347387407,1.4671905,13.087704,848
7805,0.0038871689392336057,4.6760197,11.910068,3655
7806,0.0001137967377559496,2.7504156,14.168722,107
7807,0.0010954265410152157,1.5907943,8.285503,1030
7808,7.763702669331141e-05,1.8305922,8.490236,73
7809,0.0009252631948380949,2.1131063,8.564359,870
7810,0.00016484574160908588,2.688428,10.406885,155
7811,0.010969154702942656,1.1194029,7.2159615,10314
7812,0.00457101288668291,1.860217,9.372132,4298
7813,3.1905627408210167e-06,0.7240857,0.80362076,3
7814,0.00283428323476267,1.9698641,11.524674,2665
7815,0.001730348526438598,2.0165586,5.5452414,1627
7816,0.001678236001671855,3.1224623,10.293788,1578
7817,0.00020419601541254507,2.7257261,9.876096,192
7818,0.002453542747691362,1.2886217,5.125388,2307
7819,0.011196748178454554,2.6224048,7.996348,10528
7820,0.040324458960323224,1.3415701,7.716898,37916
7821,0.005829158127479998,1.3252649,5.5646133,5481
7822,0.00017654447165876293,2.6615183,16.858255,166
7823,0.03077935876070035,3.0682232,12.047936,28941
7824,0.0059142398005685584,2.0765667,8.031518,5561
7825,0.0165473218948114,1.8947864,8.903053,15559
7826,0.002776853105427892,3.9325724,10.911421,2611
7827,0.0020196262149397037,2.5132046,9.983919,1899
7828,0.0007859419551555772,2.4040024,10.9095955,739
7829,0.003969060049581345,2.8542576,8.162336,3732
7830,0.006689546546588066,1.3138494,5.5742855,6290
7831,0.017692733918766145,1.505846,5.071759,16636
7832,0.001894130747134077,3.2119873,9.041087,1781
7833,2.8715064667389152e-05,0.9014331,1.6153326,27
7834,0.006622544729030824,1.4577911,6.005439,6227
7835,3.935027380345921e-05,1.7173516,7.5946918,37
7836,0.00018824320170843998,1.9911867,7.851011,177
7837,0.0034415536764322704,3.0549335,10.681458,3236
7838,0.001327274100181543,1.6700716,8.888764,1248
7839,0.001705887545425637,2.4354997,6.7312913,1604
7840,0.0005072994757905416,1.4635683,10.922657,477
7841,0.00028821416758749853,2.5517964,9.754893,271
7842,0.0016835536062398898,1.3243576,5.5602694,1583
7843,0.0036787188401666325,4.537178,12.635114,3459
7844,0.002625833135695697,4.255671,12.310394,2469
7845,0.0017899056976005904,2.5540786,9.149756,1683
7846,0.0006487477573002735,1.9763294,11.15151,610
7847,0.002598181591941915,2.2402887,6.723721,2443
7848,0.0002616261447473234,2.2342803,20.275862,246
7849,0.0023610164282075524,4.8680997,14.896041,2220
7850,4.679492019870825e-05,0.8739131,1.6267328,44
7851,0.00633645760327054,2.079519,7.535168,5958
7852,0.0023588893863803386,1.2102218,5.0237145,2218
7853,0.0032011979499570868,3.8497016,10.836031,3010
7854,0.0029629692653091178,5.7793527,17.279522,2786
7855,0.00029459529306914055,1.037981,4.165425,277
7856,0.0025886099037194517,3.014046,11.622181,2434
7857,0.0015569946175206563,2.5738628,7.7605057,1464
7858,0.0031490854251903437,6.8498917,14.54506,2961
7859,0.004000965676989555,6.5881505,13.750043,3762
7860,0.010682004056268764,2.3333528,9.94754,10044
7861,2.1270418272140113e-06,0.7706412,0.8390966,2
7862,0.00016165517886826487,1.7875584,10.993107,152
7863,1.91433764449261e-05,3.6523561,9.302412,18
7864,0.0008252922289590363,1.5969751,9.202438,776
7865,0.001878177933429972,3.1964798,9.863958,1766
7866,0.01664622933977685,2.6713371,10.71729,15652
7867,0.0012219855297344495,1.8728656,8.683717,1149
7868,0.0028821416758749853,1.957235,8.932872,2710
7869,0.002598181591941915,4.8236065,15.232081,2443
7870,0.0008146570198229663,2.688911,14.164064,766
7871,0.002476940207790716,3.871589,11.001878,2329
7872,0.004477423046285494,1.5175443,6.9320235,4210
7873,2.020689735853311e-05,0.8146827,1.7897333,19
7874,0.0028938404059246623,2.8200226,9.117253,2721
7875,0.0013485445184536831,1.8937353,9.665576,1268
7876,0.00021908530820304316,2.0858836,9.160407,206
7877,0.0013644973321577881,1.7655411,6.764528,1283
7878,0.00017867151348597695,2.7400773,13.96363,168
7879,0.00042647188635640927,1.6552855,7.4066367,401
7880,0.00015740109521383683,2.372687,11.244635,148
7881,0.0021589474546222214,4.0786605,13.400833,2030
7882,0.00214512168274533,2.3191137,8.076598,2017
7883,0.00021589474546222215,2.136011,11.278108,203
7884,0.006527891367719801,2.0444183,9.584894,6138
7885,0.00028715064667389153,1.22825,4.93896,270
7886,0.002860871257602845,2.469683,11.476298,2690
7887,0.0033713612961342077,1.4964851,11.302578,3170
7888,0.0061886281962791655,3.7836072,12.034297,5819
7889,0.002054722405088735,2.9267051,10.336876,1932
7890,0.002819393941972172,1.9090312,7.923894,2651
7891,0.004741176232860031,1.3541354,5.68419,4458
7892,0.007243640942577316,2.003817,8.605214,6811
7893,9.35898403974165e-05,2.2743785,7.500842,88
7894,0.00640026885808696,1.4471819,5.973695,6018
7895,0.004948562811013397,1.1693647,4.5935416,4653
7896,0.002852363090293989,2.168333,7.7707553,2682
7897,0.000748718723179332,2.1902134,11.61913,704
7898,0.0027183594551795066,2.4431214,9.527232,2556
7899,0.004222178027019813,1.5020256,7.574424,3970
7900,0.00012443194689201967,2.4046018,12.897692,117
7901,0.002251473774106031,1.645569,10.854686,2117
7902,0.0002446098101296113,2.863184,12.251124,230
7903,0.0035138730985575465,1.5002929,6.438193,3304
7904,6.912885938445537e-05,1.3683996,7.043368,65
7905,0.0003403266923542418,1.585436,7.087947,320
7906,0.0012772886172420137,2.0268855,6.598356,1201
7907,0.0029565881398274756,4.1249423,13.054091,2780
7908,0.0018090490740455165,4.0936565,13.210906,1701
7909,0.0020015463594083844,5.683708,17.622087,1882
7910,0.01721840359129742,3.7469199,11.744714,16190
7911,0.0015857096821880455,3.4737492,10.564392,1491
7912,0.0009848203660000872,1.603084,9.304608,926
7913,0.0007901960388100052,1.4885371,8.853288,743
7914,0.003202261470870694,1.7499012,7.829059,3011
7915,0.03327969642859042,1.4246261,6.8763304,31292
7916,0.032657536694130324,1.9980242,7.366793,30707
7917,0.0011645554003996712,3.4623413,11.241228,1095
7918,0.000747655202265725,1.6764903,7.835304,703
7919,0.008904860609631459,4.6776695,13.573454,8373
7920,0.006510875033102088,2.5703244,9.836726,6122
7921,0.0005083629967041487,1.9889972,11.008482,478
7922,0.00013719419785530372,2.2583592,14.571186,129
7923,0.0002116406618077941,1.628978,8.17276,199
7924,0.00023184755916632723,2.2529876,12.377126,218
7925,7.55099848660974e-05,0.78895885,2.1488736,71
7926,0.00013825771876891074,0.90176666,2.5011256,130
7927,0.004559314156633233,1.724032,8.880089,4287
7928,0.0017441742983154893,3.4614823,9.386163,1640
7929,0.0032692632884279353,4.1096683,10.464843,3074
7930,0.0013538621230217182,2.0470214,7.8857975,1273
7931,0.001876050891602758,3.7246015,12.063559,1764
7932,0.0013995935223068193,2.715435,9.679605,1316
7933,0.0035213177449527956,3.790003,13.52695,3311
7934,0.001703760503598423,2.8517807,8.210707,1602
7935,2.3397460099354124e-05,1.5787263,5.795669,22
7936,3.72232319762452e-05,0.99418706,2.4148915,35
7937,8.295463126134644e-05,2.8313048,8.856968,78
7938,0.0027779166263414987,4.098442,13.795115,2612
7939,0.00116136483765885,2.1557546,9.9036255,1092
7940,0.009081405081290222,27.528214,51.044495,8539
7941,0.00019462432719008203,4.6956744,10.308604,183
7942,0.008688965864169236,1.7313831,7.5964375,8170
7943,0.0031022905049916355,2.3950472,7.390035,2917
7944,0.004427437563345965,1.4060782,6.8514795,4163
7945,0.0008869764419482427,2.1478775,8.547927,834
7946,0.0016112341841146135,1.7948985,7.457001,1515
7947,0.002010054526717241,1.7283164,9.909237,1890
7948,0.005507974811570682,1.2081828,5.496093,5179
7949,0.0014836116744817729,2.482489,7.826624,1395
7950,0.005500530165175433,1.7362195,7.328064,5172
7951,0.0017558730283651664,2.5930786,7.399545,1651
7952,0.012056073076649016,1.1127374,3.571079,11336
7953,0.004486994734507956,1.5208751,7.440427,4219
7954,0.003266072725687114,3.1939058,13.052457,3071
7955,0.006422602797272707,1.4903438,6.671074,6039
7956,0.0017335390891794191,1.3781642,9.39069,1630
7957,0.0070266826762014865,1.7143569,8.583617,6607
7958,0.002819393941972172,3.5927355,10.601127,2651
7959,0.002478003728704323,3.192507,11.051484,2330
7960,0.003290533706700075,2.2803915,9.726238,3094
7961,0.00016271869978187186,1.9911034,17.865845,153
7962,0.0019738948156546024,3.9638696,11.172271,1856
7963,0.0026949619950801524,1.7047707,6.2442126,2534
7964,0.0017782069675509134,4.3851933,11.764469,1672
7965,0.012223045860085316,1.8935701,10.757618,11493
7966,0.0007125590121166938,1.6018482,6.694884,670
7967,0.0019068929980973611,2.5305207,12.8257675,1793
7968,0.012178377981713822,2.3210895,9.370346,11451
7969,0.00025099093561125333,2.3457482,12.559675,236
7970,5.849365024838531e-05,3.354806,20.563618,55
7971,0.04245362782936445,2.458637,11.329379,39918
7972,0.0023376189681081983,1.6516024,8.0500145,2198
7973,0.0010369328907668305,1.712763,7.4887633,975
7974,0.0026726280558944052,4.6039667,15.2068205,2513
7975,0.0025439420253479577,3.9124098,9.676528,2392
7976,0.00018824320170843998,2.8827813,25.540318,177
7977,0.002606689759250771,4.834852,13.188047,2451
7978,0.0015655027848295122,1.9947835,7.1362295,1472
7979,0.001520834906458018,3.3965125,10.705823,1430
7980,0.009492987674856132,2.2943757,11.581509,8926
7981,0.002010054526717241,2.0835729,7.9623485,1890
7982,0.0032767079348231844,2.8102157,11.15744,3081
7983,0.006617227124462789,1.8095015,8.217226,6222
7984,0.00019143376444926102,1.9196831,15.093491,180
7985,0.00012230490506480565,1.4676869,5.9551888,115
7986,0.0004902831411728296,2.6003227,13.898868,461
7987,2.8715064667389152e-05,1.6396297,5.198986,27
7988,0.02186173590010561,1.0246783,3.4893148,20556
7989,0.004610363160486369,1.9076478,12.23843,4335
7990,0.002800250565527246,2.4058135,8.366006,2633
7991,0.0005094265176177557,2.9213593,17.19715,479
7992,0.0008221016662182154,1.8404888,10.131698,773
7993,0.003777626285132084,1.5651461,6.960964,3552
7994,0.0009093103811339898,2.413074,13.582747,855
7995,0.00010209800770627253,0.8739856,2.527433,96
7996,0.0022099964584753576,4.1278443,13.740226,2078
7997,0.009595085682562404,3.9786193,15.963841,9022
7998,0.003203324991784301,2.1542149,7.448376,3012
7999,0.0025918004664602728,2.8945143,9.910525,2437
8000,0.001880304975257186,2.645775,11.766374,1768
8001,0.0006551288827819154,1.87153,10.576676,616
8002,0.002607753280164378,1.611458,9.421409,2452
8003,0.00321076963817955,3.1195357,12.0343685,3019
8004,0.001486802237222594,2.4460812,13.884615,1398
8005,0.0013995935223068193,2.3069181,10.029949,1316
8006,0.007949818829212366,2.2538033,7.9557714,7475
8007,0.0009720581150368031,1.899945,9.505425,914
8008,0.005058105465114919,2.3930213,8.738606,4756
8009,0.002069611697879233,1.8992833,7.765826,1946
8010,0.005186791495661367,1.4703784,9.720687,4877
8011,0.000190370243535654,2.1069717,7.826419,179
8012,0.01798307512818086,1.0890731,4.48407,16909
8013,0.004289179844577054,1.0936631,3.3697922,4033
8014,0.00025099093561125333,1.458988,5.364665,236
8015,0.00028821416758749853,1.5218095,8.391318,271
8016,0.00246843204048186,2.4983258,9.681195,2321
8017,0.0001701633461771209,4.272307,10.385373,160
8018,0.006257757055663621,1.9096162,7.54239,5884
8019,0.0009337713621469509,1.9368783,8.101445,878
8020,0.0006125880462376352,1.9909093,7.540775,576
8021,3.72232319762452e-05,0.8918736,1.8386333,35
8022,0.0004094555517386972,2.4620836,14.016684,385
8023,0.00027757895845142847,2.2680361,17.628311,261
8024,0.0020270708613349528,2.3579938,7.772244,1906
8025,0.006416221671791065,5.033799,12.676979,6033
8026,0.00035202542240391887,1.7775279,10.222751,331
8027,0.0006934156356717677,2.1873202,6.9557266,652
8028,0.0034107115699376672,2.235392,9.531174,3207
8029,0.0033107406040586086,3.0494988,10.641279,3113
8030,3.296914832181717e-05,0.86305916,1.4670377,31
8031,0.0013974664804796053,1.815438,9.810507,1314
8032,0.00023822868464796926,2.2538178,13.086946,224
8033,0.011077633836130571,1.8758488,10.902292,10416
8034,0.00222701279309307,1.6414326,6.5128016,2094
8035,0.00225891842050128,3.6752114,10.408073,2124
8036,0.0044901852972487775,3.9019897,11.34371,4222
8037,0.0014697859026048818,3.7322752,11.083938,1382
8038,0.0012177314460800213,1.2641191,7.5709867,1145
8039,0.0017686352793284503,2.336942,9.39982,1663
8040,0.0012326207388705195,1.8258345,9.3367815,1159
8041,0.0029916843299765067,4.2080297,11.117184,2813
8042,0.0019494338346416414,1.4361944,5.987616,1833
8043,8.508167308856045e-06,0.65222746,1.0511397,8
8044,0.0009986461378769782,1.8071746,8.015896,939
8045,0.0012081597578575585,1.9991913,10.2906685,1136
8046,0.005476069184162472,1.7253438,7.9969764,5149
8047,0.0004105190726523042,1.3602455,7.794957,386
8048,0.015935797369487373,1.4256371,9.342601,14984
8049,0.003959488361358882,2.7077806,9.840527,3723
8050,0.0019292269372831081,3.828229,14.16018,1814
8051,0.0027598367708101795,1.961626,7.5435996,2595
8052,0.027577097289829655,1.4821199,3.0064785,25930
8053,0.0017463013401427033,1.3343546,6.69914,1642
8054,0.00048071145295036654,1.488804,6.5276484,452
8055,0.0027619638126373937,4.082719,9.666213,2597
8056,0.0002531179774384673,2.88426,14.749494,238
8057,0.0021759637892399333,2.2896063,7.292165,2046
8058,0.00021908530820304316,2.2344363,16.950596,206
8059,0.004385960247715291,7.1904073,14.934549,4124
8060,0.002264236025069315,3.975866,12.963666,2129
8061,0.010140671911242799,1.5923012,6.736593,9535
8062,0.0160464035445025,2.0176554,8.366561,15088
8063,0.009301553910406872,31.267221,56.561523,8746
8064,0.00013719419785530372,2.5685575,16.218105,129
8065,0.00014357532333694577,10.040857,14.702158,135
8066,0.002993811371803721,4.510515,15.254393,2815
8067,0.014333071352681614,1.159191,7.66924,13477
8068,0.0006083339625832072,1.7403902,7.2621098,572
8069,0.0004488058255421564,1.5513587,6.6308646,422
8070,0.00263540482391816,2.0060754,7.910123,2478
8071,0.00013719419785530372,2.3680003,11.112965,129
8072,0.0003360726086998138,1.496165,7.877146,316
8073,0.00832524171171564,1.5216728,6.343731,7828
8074,0.003076766003065067,3.1853025,10.175055,2893
8075,0.00028821416758749853,2.5950463,9.955278,271
8076,0.0003647876733672029,1.2802589,6.1749845,343
8077,0.003583001957942002,1.4051516,7.493326,3369
8078,0.0022089329375617507,4.507934,11.160626,2077
8079,0.0009848203660000872,3.458634,12.627819,926
8080,0.0004722032856415105,1.4658691,7.6328135,444
8081,0.0027874883145639615,3.4005084,18.568033,2621
8082,0.0027651543753782148,3.1655605,11.233393,2600
8083,0.0033745518588750288,2.878817,9.857917,3173
8084,0.0018271289295768356,3.0413623,8.967678,1718
8085,0.0005743012933477831,3.5179496,22.880733,540
8086,0.00022014882911665015,0.73174655,2.1728106,207
8087,0.004908149016296331,1.5104849,4.947679,4615
8088,0.0004232813236155882,1.4759704,7.1832147,398
8089,0.007022428592547058,1.5427333,7.6214027,6603
8090,0.0026683739722399773,1.8387597,6.4889326,2509
8091,0.0006753357801404486,1.3457007,6.174723,635
8092,0.0003009764185507826,1.4856284,9.634265,283
8093,1.4889292790498078e-05,1.0170003,1.5288233,14
8094,0.010006668276128316,1.640311,7.989783,9409
8095,0.005602628172881706,2.1954577,10.766104,5268
8096,0.0013953394386523913,2.024736,8.81149,1312
8097,0.0004009473844298411,1.4644027,7.4662137,377
8098,0.00016059165795465785,1.4965075,8.617135,151
8099,0.00017760799257236993,2.233535,8.130963,167
8100,0.005359081883665701,2.7813878,10.275551,5039
8101,0.0010922359782743949,1.6672306,8.214799,1027
8102,0.005786617290935717,5.5722604,12.8839035,5441
8103,0.0017899056976005904,3.3979957,10.815061,1683
8104,0.0012187949669936284,1.8404064,7.374076,1146
8105,0.003380932984356671,2.7358036,12.576896,3179
8106,0.0015389147619893372,2.3188107,9.066917,1447
8107,4.2540836544280225e-06,1.0842861,1.9344103,4
8108,0.00017654447165876293,2.8398523,12.454477,166
8109,0.0007827513924147561,1.0195786,4.022877,736
8110,0.0009912014914817292,1.5105071,5.721624,932
8111,0.001690998252635139,1.9353288,10.831406,1590
8112,7.65735057797044e-05,0.83688027,1.7501483,72
8113,0.029658407717758566,0.9830165,3.3557298,27887
8114,0.00263540482391816,5.6718173,11.786401,2478
8115,0.01265802591375058,1.5155728,7.212504,11902
8116,0.00035308894331752586,2.1847503,11.624035,332
8117,0.0007933866015508262,1.7262435,5.605673,746
8118,0.00016909982526351389,2.2138047,8.869377,159
8119,6.062069207559932e-05,2.6731126,11.2852125,57
8120,0.0007838149133283631,2.1203706,8.4764805,737
8121,0.006838439474493046,2.6410675,9.328788,6430
8122,0.00016059165795465785,1.332644,7.124705,151
8123,0.0069107588966183225,3.9735558,11.719322,6498
8124,0.0006934156356717677,1.9623381,10.220871,652
8125,0.0030512415011384993,2.0768087,11.615862,2869
8126,3.935027380345921e-05,0.8249135,1.4574777,37
8127,0.0002244029127710782,1.2083049,5.201477,211
8128,0.005879143610419527,2.1914344,7.9773927,5528
8129,0.00012655898871923366,1.342733,4.3352942,119
8130,6.912885938445537e-05,2.7847118,18.323748,65
8131,0.009805662823456593,3.272595,10.454291,9220
8132,0.00305443206387932,4.3627224,14.14483,2872
8133,0.002998065455458149,2.6923127,11.540975,2819
8134,0.0028236480256266,1.482495,6.0256014,2655
8135,0.00011060617501512859,1.3184465,5.933625,104
8136,0.004338101806602976,3.7884502,11.223553,4079
8137,0.0016399492487820027,2.8486738,11.0846405,1542
8138,0.0006030163580151721,2.066714,10.640837,567
8139,0.0002084500990669731,2.2409298,7.829019,196
8140,0.0031778004898577327,1.4518598,5.71467,2988
8141,0.0021185336599051554,2.1926277,6.9792976,1992
8142,0.003234167098278904,2.6831286,10.155792,3041
8143,0.0032575645583782582,1.3402257,5.580238,3063
8144,0.0035245083076936167,2.947794,11.0891485,3314
8145,0.0007806243505875421,1.4565881,10.441596,734
8146,0.00012336842597841265,1.907684,12.758246,116
8147,0.002054722405088735,4.8602643,12.913285,1932
8148,0.0005115535594449697,1.2218629,6.018125,481
8149,0.000193560806276475,1.3418053,9.239547,182
8150,0.020114371039049297,1.3937819,5.7674747,18913
8151,0.0015718839103111544,1.607756,8.865195,1478
8152,0.00012230490506480565,1.2956738,5.219726,115
8153,0.007201100106033035,3.1544363,9.937472,6771
8154,0.00014463884425055276,2.1144161,14.934038,136
8155,0.00042540836544280227,1.806192,12.222343,400
8156,0.009648261728242754,1.7638775,6.5450206,9072
8157,0.0006785263428812695,2.1512535,9.195188,638
8158,0.0031427042997087015,3.361134,8.861556,2955
8159,0.002843854922985133,3.1200612,11.444548,2674
8160,0.007521219901028744,2.250721,7.581729,7072
8161,0.0075403632774736695,1.2061282,4.801231,7090
8162,0.0008359274380951064,2.0458844,10.836645,786
8163,0.0033288204595899274,4.8180475,10.65579,3130
8164,0.0015612487011750842,4.050263,16.490234,1468
8165,0.003657448421894492,3.4957986,9.343175,3439
8166,0.00010103448679266554,0.82758796,2.4251566,95
8167,0.0003052305022052106,1.5922195,6.9080515,287
8168,0.0017601271120195943,1.6008549,8.537655,1655
8169,0.0045018840272984546,3.366496,10.169081,4233
8170,0.00010316152861987954,2.2916954,9.098312,97
8171,0.006151404964302921,1.6965863,7.31091,5784
8172,0.0015059456136675199,3.238111,8.730461,1416
8173,0.0016239964350778975,2.2823381,9.197284,1527
8174,0.0034575064901363754,2.8890889,12.889513,3251
8175,0.0004700762438142965,1.9369016,11.786937,442
8176,0.007784973087603281,2.574804,8.067529,7320
8177,8.508167308856045e-05,2.4747727,14.591092,80
8178,0.0022493467322788167,3.5109904,11.786089,2115
8179,0.003563858581497076,3.2989767,13.820602,3351
8180,0.0005455862286803939,2.9699593,20.018215,513
8181,0.0011188240011145698,3.277494,9.843718,1052
8182,0.0003935027380345921,1.259926,4.2355185,370
8183,0.0010145989515810833,2.6144109,18.06862,954
8184,0.0031767369689441258,5.5089874,13.473728,2987
8185,0.0013932123968251773,2.3076375,8.456608,1310
8186,0.00934834883060558,2.476514,15.393154,8790
8187,0.002441844017641685,3.965978,9.4796295,2296
8188,0.0021557568918814003,2.4573085,9.599717,2027
8189,0.0032937242694408963,2.420365,11.919805,3097
8190,0.0016154882677690415,2.1483212,9.229716,1519
8191,0.00014038476059612475,1.923242,15.076468,132
