feature,density,mean_act,max_act,n_active_frames
0,0.005639155894376312,1.6689318,8.832012,1276
1,0.002466025853496851,3.1307466,14.082675,558
2,0.0008927190365705447,8.358645,20.379866,202
3,0.0027577063307921775,3.6251793,9.2639265,624
4,0.012418517290907082,1.9217741,7.520295,2810
5,0.002364379626560601,2.5719056,13.075091,535
6,0.0007733952049497294,5.4131866,16.984154,175
7,0.0012374323279195668,3.7935557,14.977429,280
8,0.006757264390675063,2.701225,8.90047,1529
9,0.0011711413103524472,4.922514,15.02875,265
10,0.0027046735167384818,2.5649695,9.395197,612
11,0.026357308584686774,2.8603642,9.275603,5964
12,0.0009766876588222296,9.17517,24.287104,221
13,0.003257098663131146,3.324917,11.447003,737
14,0.0009722682576510883,3.3634021,12.649574,220
15,0.0031510330350237544,2.0137942,7.1664963,713
16,0.011715832504695614,1.5859154,7.673984,2651
17,0.0026693183073693513,2.7874072,10.650666,604
18,0.009523809523809525,1.4588037,5.4370613,2155
19,0.0010473980775604905,3.6862316,14.427459,237
20,0.0005656833499060877,6.5588074,16.780207,128
21,0.0015291128052148935,2.50878,9.30636,346
22,0.009263064854712186,1.4728295,6.9457803,2096
23,0.0008131698154900011,2.3649676,20.340368,184
24,0.0018473096895370677,2.1673875,8.427978,418
25,0.005555187272124627,1.9296051,5.5370984,1257
26,0.01065959562479284,2.0961208,12.740251,2412
27,0.00347364932051707,2.7103717,9.966555,786
28,0.002320185614849188,3.0650678,11.199432,525
29,0.0004949729311678268,0.9433433,4.006857,112
30,0.002377637830074025,2.39405,6.883946,538
31,0.004728759253121202,3.9206748,11.281412,1070
32,0.03684012816263396,2.5335019,12.074105,8336
33,0.0007733952049497294,3.9048703,13.827894,175
34,0.004825986078886311,1.3891182,5.618588,1092
35,0.001666114241520274,2.709347,16.480024,377
36,0.00040658490774500057,8.295132,18.580214,92
37,0.0020594409457518506,3.741842,10.516073,466
38,0.0036769417743895702,4.3047323,14.188582,832
39,0.00421610871726881,1.6776372,5.9134207,954
40,0.0005038117335101094,7.8027067,20.305428,114
41,0.0009324936471108165,4.01412,11.529736,211
42,0.004879018892940006,1.9707773,8.671673,1104
43,0.031342393105734175,1.3249263,5.285954,7092
44,0.0004949729311678268,4.089802,12.381408,112
45,0.0008617832283725555,3.9501266,13.315053,195
46,0.0007424593967517402,8.363107,23.592243,168
47,0.001723566456745111,2.9468968,8.177027,390
48,0.0009236548447685339,6.9239783,21.294107,209
49,0.008891835156336316,1.7040241,8.094002,2012
50,0.0021743453762015246,3.0970476,10.776961,492
51,0.0009015578389128273,4.3688397,15.735923,204
52,0.0016307590321511436,2.2925704,8.506292,369
53,0.003628328361507016,3.1799138,10.246212,821
54,0.007831178875262402,2.440019,10.236573,1772
55,0.0022715722019666334,2.9070468,10.048622,514
56,0.004631532427356093,1.577531,9.560876,1048
57,0.001268368136117556,1.7566497,7.8693223,287
58,0.016024748646558392,2.145562,8.483661,3626
59,0.0009590100541376643,6.9843636,15.681347,217
60,0.0007468787979228815,6.974877,17.626913,169
61,0.002580930283946525,3.3438303,10.977765,584
62,0.002178764777372666,2.5788062,10.932913,493
63,0.0007512981990940228,7.1163573,21.642645,170
64,0.009930394431554525,0.93894714,4.0089235,2247
65,0.000313777483151033,9.203938,25.32039,71
66,0.0017765992707988068,2.9151125,11.145103,402
67,0.0004905535299966854,6.655275,21.530819,111
68,0.005568445475638051,1.9915643,9.069989,1260
69,0.002943321179980113,2.2587056,9.147093,666
70,0.001153463705667882,5.832412,16.65162,261
71,0.0004772953264832615,3.746496,13.237785,108
72,0.002249475196110927,2.251598,7.141254,509
73,0.0005347475417080985,7.074888,21.923977,121
74,0.001396530770080654,2.7865548,13.511256,316
75,0.0008662026295436968,3.662838,12.18584,196
76,0.0006584907745000552,5.996727,18.593737,149
77,0.0033941000994365264,2.4754634,10.091597,768
78,0.014363053806209258,1.9594696,7.222521,3250
79,0.0027400287261076122,2.0121844,8.109163,620
80,0.001069495083416197,3.3871982,15.5552635,242
81,0.0007645564026074467,3.7132497,11.0727,173
82,0.012661584355319853,1.7756472,8.913431,2865
83,0.0035973925533090267,1.4623857,7.830551,814
84,0.0009103966412551099,6.578896,19.7727,206
85,0.001096011490443045,3.9834905,13.411598,248
86,0.0006010385592752182,3.7352026,15.586684,136
87,0.0006850071815269031,4.129446,12.242004,155
88,0.0006187161639597834,6.469544,20.425146,140
89,0.0007999116119765772,4.089664,14.367109,181
90,0.0006452325709866313,3.0316596,17.369146,146
91,0.0009811070599933709,6.01696,16.558653,222
92,0.0020285051375538614,3.8975906,11.138363,459
93,0.011561153463705669,3.1123285,12.792422,2616
94,0.0008838802342282621,2.8425252,11.279624,200
95,0.0021566677715169594,4.9063644,13.343036,488
96,0.001140205502154458,2.9669063,11.708422,258
97,0.0019577947188156005,3.5885,11.698118,443
98,0.0028328361507015797,3.0537972,14.299444,641
99,0.001966633521157883,3.3538876,11.889625,445
100,0.0011048502927853276,4.2453,12.670176,250
101,0.000724781792067175,7.7653623,16.200315,164
102,0.001595403822782013,3.7224987,13.706941,361
103,0.0004993923323389681,6.8745456,18.178825,113
104,0.0013037233454866865,4.3282075,13.522594,295
105,0.0008131698154900011,3.4717355,16.196814,184
106,0.00128162633963098,3.247915,9.74452,290
107,0.0005038117335101094,0.664321,1.4284009,114
108,0.01666556181637388,2.1134841,7.7739816,3771
109,0.0018340514860236438,4.1528535,14.577413,415
110,0.0012904651419732625,3.5969243,13.765454,292
111,0.003332228483040548,3.4120793,10.729262,754
112,0.0024262512429565793,3.3909564,8.454578,549
113,0.001723566456745111,3.5929298,15.763181,390
114,0.0012993039443155452,2.5491843,9.546373,294
115,0.00886531874930947,2.8232493,9.453724,2006
116,0.011989835377306374,1.7806768,6.999282,2713
117,0.0006319743674732073,7.59037,22.246304,143
118,0.004238205723124517,1.6283088,8.961019,959
119,0.0021168931609766876,2.206378,7.454228,479
120,0.0009766876588222296,5.7662377,16.797134,221
121,0.00040658490774500057,9.455219,21.094854,92
122,0.0024704452546679924,2.309717,9.464391,559
123,0.002435090045298862,3.0962076,14.260745,551
124,0.00616948403491327,34.26947,52.96376,1396
125,0.0018296320848525025,3.5573592,9.5884905,414
126,0.08383162081537951,7.6086836,42.090797,18969
127,0.0009943652635067948,5.0242677,20.030947,225
128,0.006584907745000553,2.219923,10.753802,1490
129,0.0007866534084631533,2.6580825,12.987192,178
130,0.0016749530438625567,4.750706,13.013798,379
131,0.0008706220307148382,7.0254645,17.450993,197
132,0.0017898574743122307,4.173482,15.395835,405
133,0.011384377416860015,1.5348997,6.1661453,2576
134,0.0007645564026074467,6.5606117,23.515722,173
135,0.002956579383493537,3.1372325,14.685294,669
136,0.0015821456192685892,3.7688572,8.452941,358
137,0.0019401171141310352,2.9347408,14.523763,439
138,0.0008706220307148382,5.167124,17.227057,197
139,0.014698928295215997,1.8678336,8.783357,3326
140,0.0006054579604463595,5.3314633,12.963905,137
141,0.0015158546017014695,4.143004,11.785201,343
142,0.026693183073693515,2.5777514,8.454279,6040
143,0.0004993923323389681,3.4756844,19.4094,113
144,0.0018473096895370677,2.5452821,9.578873,418
145,0.004693404043752071,3.4099362,13.271036,1062
146,0.004339851950060767,2.131469,14.151918,982
147,0.0017545022649431002,4.302829,10.960748,397
148,0.004556402607446691,1.7047008,7.2762637,1031
149,0.0025411556734062533,2.5971744,10.729453,575
150,0.009431002099215557,2.2402687,8.501821,2134
151,0.00045077891945641366,4.003986,10.976005,102
152,0.002209700585570655,2.4257505,7.5254445,500
153,0.0006231355651309247,9.423021,23.644186,141
154,0.0011711413103524472,3.8072517,10.960622,265
155,0.0037962656060103856,1.9933844,14.108127,859
156,0.007570434206165064,1.465506,6.6795783,1713
157,0.0013788531653960887,4.196635,14.46399,312
158,0.0006805877803557617,5.739649,15.654623,154
159,0.015901005413766434,2.2983754,8.746829,3598
160,0.0013037233454866865,5.0683346,14.711808,295
161,0.0014584023864766325,3.549243,10.243003,330
162,0.0007424593967517402,5.068973,16.646057,168
163,0.0006496519721577726,3.728624,20.656597,147
164,0.002885868964755276,3.0627086,10.778206,653
165,0.0015512098110706,3.1929123,10.396261,351
166,0.000954590652966523,1.8375728,21.363895,216
167,0.0010871726881007623,2.751061,10.157881,246
168,0.00043752071594298973,10.421349,26.381245,99
169,0.0007380399955805989,2.6574554,18.577772,167
170,0.0056656723014031594,1.960652,7.2960453,1282
171,0.0012904651419732625,3.1828048,10.350288,292
172,0.001339078554855817,5.0754237,13.367929,303
173,0.0005214893381946746,1.1035748,4.3061843,118
174,0.011552314661363385,1.4678706,6.656087,2614
175,0.000954590652966523,5.082625,18.490232,216
176,0.0014760799911611978,3.4190276,13.040021,334
177,0.005290023201856149,1.9266871,8.033413,1197
178,0.0009899458623356535,5.3968167,14.488974,224
179,0.0012727875372886973,2.2415824,17.422796,288
180,0.02333885758479726,1.4695956,6.482701,5281
181,0.005541929068611203,3.1088226,10.534428,1254
182,0.0159938128383604,1.7191434,9.061648,3619
183,0.0027577063307921775,3.1555994,10.410258,624
184,0.0012595293337752734,3.7757843,9.1867,285
185,0.0005038117335101094,7.705283,20.432783,114
186,0.0004993923323389681,11.697064,21.073114,113
187,0.008109601149044304,3.0110106,8.714456,1835
188,0.0036106507568224506,2.3699498,13.551002,817
189,0.0021743453762015246,2.79462,14.217333,492
190,0.0014849187935034804,3.5563555,12.032667,336
191,0.0023422826207048944,2.599136,10.400565,530
192,0.0012639487349464147,4.2062616,9.770719,286
193,0.00630648547121865,1.9322703,6.4081783,1427
194,0.0014760799911611978,4.033827,11.777769,334
195,0.00144956358413435,3.7694829,15.625421,328
196,0.0009722682576510883,5.4202027,11.110004,220
197,0.001935697712959894,3.3303707,12.430295,438
198,0.0036194895591647332,2.5769513,12.433399,819
199,0.001794276875483372,2.8797708,9.472802,406
200,0.002262733399624351,3.1701016,11.435316,512
201,0.01170699370235333,1.8098562,7.3630443,2649
202,0.002452767649983427,2.5799117,12.517522,555
203,0.0015865650204397305,2.5081558,9.3865,359
204,0.005073472544470224,2.3755176,7.6328278,1148
205,0.0006098773616175008,2.7688854,11.735207,138
206,0.0012595293337752734,3.2468655,10.216242,285
207,0.0013346591536846756,2.8109856,8.261792,302
208,0.0005435863440503812,4.4963484,19.244879,123
209,0.0013921113689095127,1.7078398,7.5997705,315
210,0.016603690199977903,2.4736307,9.606471,3757
211,0.0012374323279195668,3.8242402,13.17726,280
212,0.0010297204728759253,4.2090716,15.208924,233
213,0.0015114352005303282,4.9642997,18.322174,342
214,0.0033675836924096786,1.5504959,8.559879,762
215,0.0008220086178322838,3.8830318,11.238744,186
216,0.004635951828527235,1.764138,8.394144,1049
217,0.002479284057010275,1.6620041,6.8414674,561
218,0.00502485913158767,1.4014667,7.2000275,1137
219,0.004348690752403049,2.1203434,8.923657,984
220,0.0010076234670202187,5.344297,17.228516,228
221,0.0005303281405369572,1.581424,15.072635,120
222,0.0017633410672853829,2.4799476,10.141115,399
223,0.0038360402165506574,2.511875,8.087629,868
224,0.0005921997569329356,2.3477883,14.812441,134
225,0.0013169815490001104,6.281158,15.299405,298
226,0.006315324273560932,2.1122434,9.946227,1429
227,0.0009324936471108165,3.1378815,17.265062,211
228,0.002421831841785438,2.4084785,9.5764265,548
229,0.006447906308695172,1.4251068,6.619846,1459
230,0.000768975803778588,5.481591,14.398115,174
231,0.0002607446690973373,2.3242848,12.798617,59
232,0.0025588332780908185,4.5777755,12.769554,579
233,0.0005568445475638051,9.073656,18.256384,126
234,0.007658822229587891,2.4278233,8.547173,1733
235,0.0016572754391779914,3.0648699,9.682472,375
236,0.002063860346922992,2.833379,9.586761,467
237,0.0032703568666445698,5.0028644,12.629562,740
238,0.0015202740028726108,4.0277567,15.378459,344
239,0.0010915920892719036,3.5773766,12.102599,247
240,0.0007601370014363054,4.0595665,14.151676,172
241,0.0013434979560269583,5.1631966,15.817954,304
242,0.0012948845431444039,5.123585,11.371342,293
243,0.001140205502154458,3.4839807,15.72773,258
244,0.0012772069384598386,4.0827336,15.92874,289
245,0.003217324052590874,2.6630094,13.4335985,728
246,0.002249475196110927,2.1560445,8.89389,509
247,0.00870180090597724,1.8256998,7.498977,1969
248,0.0005214893381946746,3.2039802,14.13203,118
249,0.0012993039443155452,5.631499,18.425846,294
250,0.0015777262180974479,3.8469326,10.789316,357
251,0.0017456634626008176,2.4196863,8.500913,395
252,0.0018473096895370677,3.630606,10.161219,418
253,0.0005833609545906529,9.843225,17.417706,132
254,0.006518616727433433,2.1636577,8.125641,1475
255,0.002505800464037123,3.1211848,10.457874,567
256,0.0005170699370235333,4.471545,16.705679,117
257,0.0029919345928626673,2.469828,7.9354343,677
258,0.0016572754391779914,3.7010798,13.961912,375
259,0.0018561484918793504,1.4157168,5.1874633,420
260,0.0034913269252016352,2.2769668,9.561349,790
261,0.0008882996353994034,5.6312537,15.910642,201
262,0.0013744337642249474,3.8776467,15.049084,311
263,0.017553861451773286,1.3320899,5.6829314,3972
264,0.0008794608330571208,4.650228,14.117465,199
265,0.0013788531653960887,2.6090987,10.414196,312
266,0.0005966191581040769,7.456875,27.47846,135
267,0.002943321179980113,2.014428,12.253992,666
268,0.0012197547232350016,3.579839,11.851678,276
269,0.001409788973594078,4.06757,11.328558,319
270,0.02471329134902221,1.7498736,8.079434,5592
271,0.002439509446470003,2.2212965,9.246973,552
272,0.0017147276544028285,2.9796755,18.841036,388
273,0.007946083305712077,1.6888958,7.5757113,1798
274,0.012948845431444039,2.066954,8.086323,2930
275,0.01548116230250801,2.0725477,7.7916393,3503
276,0.0020329245387250027,2.3732753,7.733933,460
277,0.001140205502154458,2.3218021,11.387649,258
278,0.0025897690862888077,3.6600904,12.929781,586
279,0.019418848745994918,1.700055,9.367745,4394
280,0.0007159429897248923,2.0064034,12.169742,162
281,0.012396420285051375,2.3789506,9.0276785,2805
282,0.002956579383493537,3.5275793,10.0280485,669
283,0.0007645564026074467,3.718959,12.966091,173
284,0.0028991271682687,2.526007,10.327133,656
285,0.0022759916031377747,2.8910158,13.018695,515
286,0.0009369130482819578,6.871943,14.471356,212
287,0.00022538945972820683,4.5703893,24.128218,51
288,0.0048525024859131585,1.6940634,7.0188365,1098
289,0.002010827532869296,4.78731,14.867962,455
290,0.006355098884101205,1.5572665,8.860016,1438
291,0.007278753728869738,2.6181784,10.374432,1647
292,0.009903878024527676,2.939298,8.119099,2241
293,0.0016484366368357088,3.2623,12.49609,373
294,0.0010164622693625014,2.950698,10.514248,230
295,0.0012020771185504364,4.737027,10.49037,272
296,0.0032261628549331567,2.9057593,10.313334,730
297,0.008251021986520826,1.5511293,6.641092,1867
298,0.0010473980775604905,5.846966,18.709455,237
299,0.0010164622693625014,3.3941495,14.800849,230
300,0.0012506905314329908,4.497035,13.611562,283
301,0.0020726991492652745,2.5355914,8.036466,469
302,0.0015246934040437522,3.3705096,10.787167,345
303,0.00144956358413435,3.0976486,11.625597,328
304,0.007751629654181858,2.2018068,8.684298,1754
305,0.014398409015578388,1.9865474,12.011246,3258
306,0.0008175892166611424,9.228866,23.80891,185
307,0.0020859573527786984,2.3113055,8.297517,472
308,0.006346260081758922,1.7178626,5.9181013,1436
309,0.0016837918462048393,3.4779267,14.0752125,381
310,0.0007424593967517402,4.6382575,14.082642,168
311,0.002408573638272014,2.9805589,10.601307,545
312,0.00144956358413435,3.5939548,14.238989,328
313,0.0021301513644901115,1.7027452,8.388436,482
314,0.0004596177217986963,9.017759,18.576935,104
315,0.0012418517290907081,2.966154,10.688676,281
316,0.0009987846646779361,5.4526224,17.524729,226
317,0.0018428902883659264,3.8418686,13.452313,417
318,0.0011932383162081537,3.3388264,15.710622,270
319,0.0032084852502485914,1.5749866,6.4314804,726
320,0.006593746547342835,1.4504867,6.152075,1492
321,0.004861341288255441,1.7706438,9.540174,1100
322,0.0006850071815269031,5.1565075,16.505945,155
323,0.0031377748315103305,2.0851123,10.383803,710
324,0.0019577947188156005,3.240209,13.526441,443
325,0.021973262622914595,1.4312923,6.052112,4972
326,0.0011623025080101646,4.366105,17.751286,263
327,0.009439840901557838,2.0189748,7.7230206,2136
328,0.001224174124406143,5.280145,13.07987,277
329,0.001153463705667882,2.5774305,14.823854,261
330,0.0032261628549331567,4.1216397,12.814963,730
331,0.002209700585570655,2.4349597,9.061923,500
332,0.016104297867638936,2.5121903,8.340647,3644
333,0.001723566456745111,2.9371984,12.558125,390
334,0.0010341398740470666,2.0601325,8.168092,234
335,0.0009943652635067948,3.6536021,11.584261,225
336,0.0143674732073804,2.2878008,9.493965,3251
337,0.0010606562810739145,5.6759024,21.35838,240
338,0.0006805877803557617,2.4290702,15.914918,154
339,0.0068456524140978895,1.9671221,9.791838,1549
340,0.0013700143630538061,3.393748,11.719086,310
341,0.0017412440614296763,4.5112906,10.9334345,394
342,0.000839686222516849,6.2955847,17.099321,190
343,0.0019445365153021765,2.2530844,7.8629384,440
344,0.0008662026295436968,5.85297,15.490922,196
345,0.012564357529554745,1.687077,8.1759405,2843
346,0.0006673295768423378,5.4785657,14.126628,151
347,0.0012506905314329908,4.3775887,10.759502,283
348,0.000570102751077229,2.922274,19.454834,129
349,0.0010341398740470666,4.3389025,14.800109,234
350,0.002249475196110927,2.594652,8.596858,509
351,0.0011932383162081537,3.173714,11.619203,270
352,0.005952933377527345,1.7515961,7.3603754,1347
353,0.0011446249033255993,4.7278085,12.082256,259
354,0.0014009501712517953,1.6575463,6.216358,317
355,0.0013700143630538061,6.2370214,18.01213,310
356,0.002678157109711634,3.6802146,9.97338,606
357,0.0017677604684565242,5.1212378,14.836728,400
358,0.001224174124406143,5.2671847,15.578372,277
359,0.0006010385592752182,7.097499,18.077986,136
360,0.0006363937686443487,5.390397,18.579416,144
361,0.0007071041873826096,6.7367435,15.904713,160
362,0.0005966191581040769,6.693498,16.910946,135
363,0.0018959231024196221,2.2626479,9.088161,429
364,0.015843553198541596,1.4314502,5.620194,3585
365,0.0007557176002651641,4.988147,21.021448,171
366,0.0015777262180974479,3.6657567,14.01401,357
367,0.013227267705225941,1.8502946,7.6316185,2993
368,0.0008838802342282621,4.2494063,18.965565,200
369,0.0015688874157551653,3.9471812,10.273269,355
370,0.001781018671969948,2.3395424,8.1316,403
371,0.0024129930394431553,2.6177983,8.861127,546
372,0.0018826648989061982,3.7205079,16.35286,426
373,0.0011092696939564689,2.9960625,7.048323,251
374,0.0007468787979228815,4.325531,15.72656,169
375,0.0006363937686443487,4.7132416,18.737074,144
376,0.0006496519721577726,4.269385,17.21179,147
377,0.01932604132140095,2.0392056,7.808,4373
378,0.001621920229808861,2.4839015,10.586543,367
379,0.0015512098110706,1.6640611,13.850359,351
380,0.009992266047950503,1.8438593,7.04577,2261
381,0.0046668876367252235,5.0313916,15.332658,1056
382,0.030104960777814604,2.4691339,7.6971745,6812
383,0.0015733068169263066,4.175007,13.6909075,356
384,0.0031687106397083197,2.9658384,10.839687,717
385,0.0047596950613191915,3.087067,12.025548,1077
386,0.0013611755607115235,3.8541815,16.750854,308
387,0.001312562147828969,4.8554525,13.744035,297
388,0.004423820572312452,2.0318255,7.5641975,1001
389,0.01170699370235333,1.7781249,5.6803365,2649
390,0.002625124295657938,2.4025347,9.569268,594
391,0.0010208816705336427,4.833593,12.24432,231
392,0.0010429786763893492,5.142853,14.581148,236
393,0.001255109932604132,4.4339747,12.011992,284
394,0.001224174124406143,3.7840462,10.982981,277
395,0.0021699259750303833,1.6520145,8.519134,491
396,0.0012374323279195668,3.8198166,14.7951,280
397,0.012886973815048062,6.7257266,15.72923,2916
398,0.00138327256656723,2.923053,14.070689,313
399,0.003389680698265385,2.1964462,8.447338,767
400,0.007375980554634847,1.7850899,9.179629,1669
401,0.0019003425035907635,2.8293626,10.833057,430
402,0.0004640371229698376,11.305872,27.206623,105
403,0.0009457518506242404,4.2704134,13.430603,214
404,0.005427024638161529,1.8214515,8.219973,1228
405,0.0011490443044967406,0.83089906,2.1174345,260
406,0.0023687990277317422,2.9421113,13.6195345,536
407,0.00043752071594298973,3.7791004,19.394539,99
408,0.01254667992487018,2.0257723,8.303081,2839
409,0.003787426803668103,2.0085592,8.265876,857
410,0.0015556292122417413,3.5832572,10.616673,352
411,0.0024837034581814163,3.7027678,9.683306,562
412,0.002178764777372666,3.9666326,9.524928,493
413,0.009943652635067949,1.5672199,6.766373,2250
414,0.0007601370014363054,2.5596514,7.8514433,172
415,0.001082753286929621,6.304457,21.343817,245
416,0.0009059772400839686,4.323549,14.804341,205
417,0.00806098773616175,1.781946,5.8988237,1824
418,0.0013302397525135343,3.5209794,9.501154,301
419,0.0013346591536846756,3.5348136,17.627579,302
420,0.0016528560380068501,4.742463,12.350941,374
421,0.0009899458623356535,5.7405334,11.646862,224
422,0.0009590100541376643,3.853089,12.964427,217
423,0.006593746547342835,1.8829751,7.7038875,1492
424,0.004123301292674843,2.7291033,7.6921253,933
425,0.0003623908960335875,0.57153034,1.3612539,82
426,0.0011490443044967406,3.253059,10.545094,260
427,0.0020594409457518506,3.1259754,10.123959,466
428,0.0008706220307148382,6.3031116,13.507077,197
429,0.0009943652635067948,3.351069,9.870242,225
430,0.003402938901778809,1.61693,10.329764,770
431,0.000954590652966523,4.787264,13.111641,216
432,0.0015467904098994587,6.029852,22.786528,350
433,0.002077118550436416,4.5986166,13.902324,470
434,0.0012153353220638603,2.9526439,10.8426485,275
435,0.0016572754391779914,4.7359242,14.248879,375
436,0.000313777483151033,15.184654,27.559702,71
437,0.004750856258976909,2.5303206,11.4412155,1075
438,0.0019710529223290244,2.333814,10.476395,446
439,0.005634736493205171,1.5255368,6.782795,1275
440,0.0010783338857584797,4.204181,13.381948,244
441,0.0011181084962987515,3.1143987,12.386688,253
442,0.0015158546017014695,2.7454305,12.170082,343
443,0.004432659374654735,1.7850518,10.910899,1003
444,0.0004949729311678268,10.870967,24.8873,112
445,0.004410562368799028,2.7155485,10.97638,998
446,0.0013655949618826648,2.9152095,9.732051,309
447,0.003544359739255331,2.871615,14.872442,802
448,0.0014893381946746217,2.5896354,9.978786,337
449,0.005559606673295768,1.556484,6.112369,1258
450,0.0014009501712517953,3.8234005,16.712902,317
451,0.0023997348359297314,2.652799,13.120118,543
452,0.0029079659706109824,2.2501628,8.910827,658
453,0.000570102751077229,7.9700146,23.41921,129
454,0.0012020771185504364,3.281272,12.567109,272
455,0.04605016020329245,2.6495836,13.528252,10420
456,0.0008308474201745664,6.005102,18.188404,188
457,0.002077118550436416,2.7071328,12.870641,470
458,0.0014672411888189151,3.2397287,12.88539,332
459,0.0009324936471108165,7.611608,14.606678,211
460,0.0016616948403491327,1.9141806,9.559525,376
461,0.008622251684896696,1.5477942,7.043671,1951
462,0.0009457518506242404,5.039914,12.4475,214
463,0.018795713180863993,1.6568943,5.642003,4253
464,0.0002474864655839134,0.700243,1.5840155,56
465,0.0010032040658490774,2.4627385,12.631673,227
466,0.0006010385592752182,8.719525,22.582369,136
467,0.004030493868080875,1.9051806,8.14391,912
468,0.000967848856479947,3.0922098,14.827687,219
469,0.0023555408242183183,3.9084628,12.072625,533
470,0.009055352999668545,1.4455005,5.0003066,2049
471,0.0018694066953927743,2.0890357,13.708549,423
472,0.009868522815158546,1.5263784,7.373464,2233
473,0.011923544359739255,2.4514363,10.046721,2698
474,0.0005259087393658159,1.9538547,11.370707,119
475,0.0010606562810739145,5.4025936,18.258375,240
476,0.0018826648989061982,2.7667441,9.148465,426
477,0.002620704894486797,3.2033756,13.897749,593
478,0.004105623687990278,2.645151,10.859039,929
479,0.001608662026295437,3.8196962,16.074095,364
480,0.0014981769970169043,3.179366,14.267064,339
481,0.0017279858579162524,2.7559319,12.293577,391
482,0.011318086399292895,1.6318455,9.621114,2561
483,0.0005038117335101094,7.97982,18.27027,114
484,0.0012948845431444039,3.6210039,15.869984,293
485,0.0017279858579162524,3.1412253,11.894629,391
486,0.001493757595845763,2.8143585,13.040834,338
487,0.0009457518506242404,6.644576,20.611507,214
488,0.007177107501933488,2.6520982,8.638424,1624
489,0.0011711413103524472,4.5808597,18.740515,265
490,0.002505800464037123,2.370776,8.25893,567
491,0.0013876919677383714,3.7211504,14.902666,314
492,0.002280411004308916,3.7302017,11.522933,516
493,0.02357308584686775,1.7789043,8.547485,5334
494,0.0005170699370235333,6.8614326,20.10824,117
495,0.0008087504143188598,3.9006612,12.405153,183
496,0.0018428902883659264,2.9583917,11.644651,417
497,0.0017898574743122307,2.916992,12.305766,405
498,0.0008750414318859795,5.364751,22.028008,198
499,0.0004198431112584245,11.421447,26.77773,95
500,0.0007733952049497294,5.427484,11.652605,175
501,0.0009943652635067948,2.6399598,8.092521,225
502,0.012126836813611756,2.64366,8.445934,2744
503,0.0012772069384598386,3.560337,13.569391,289
504,0.0023025080101646226,1.8484046,11.281059,521
505,0.0025013810628659815,2.4714541,10.633815,566
506,0.0012904651419732625,4.6325464,15.427024,292
507,0.0011843995138658711,4.4495325,10.086165,268
508,0.003531101535741907,2.880852,9.333507,799
509,0.0005435863440503812,10.19911,22.152533,123
510,0.0008529444260302729,4.8318033,12.774188,193
511,0.005219312783117888,1.658578,8.109457,1181
512,0.0011092696939564689,3.721522,14.035237,251
513,0.001666114241520274,3.110733,11.947864,377
514,0.004742017456634626,2.1499069,9.859634,1073
515,0.0006894265826980444,6.8908534,17.301655,156
516,0.0019843111258424483,2.8268654,10.372658,449
517,0.011817478731631864,1.4962701,10.681226,2674
518,0.00374323279195669,2.841975,9.334268,847
519,0.009559164733178655,1.404718,6.443453,2163
520,0.0006187161639597834,6.2412987,17.242075,140
521,0.01372224063639377,1.9535577,8.588029,3105
522,0.0016528560380068501,3.5291603,11.174097,374
523,0.0007910728096342946,6.565241,19.938114,179
524,0.001082753286929621,5.3593664,23.17036,245
525,0.001679372445033698,3.7320466,11.173801,380
526,0.0025455750745773946,2.9756742,13.543453,576
527,0.0007733952049497294,5.9913254,14.680018,175
528,0.0010518174787316318,2.896932,14.507403,238
529,0.0009413324494530991,3.97863,11.911072,213
530,0.0030361286045740804,1.8394185,8.625749,687
531,0.0009634294553088057,3.947194,11.904623,218
532,0.0027444481272787535,2.310832,10.656894,621
533,0.0072610761241851726,2.256811,9.4457,1643
534,0.005559606673295768,1.596235,6.367109,1258
535,0.007840017677604685,1.6725957,6.3556557,1774
536,0.00043752071594298973,5.4270506,17.643414,99
537,0.001736824660258535,2.7477126,10.898253,393
538,0.00192243950944647,3.55616,13.975851,435
539,0.005705446911943432,2.028516,8.829157,1291
540,0.0005612639487349464,4.735508,19.195017,127
541,0.0015467904098994587,1.9208708,7.060864,350
542,0.015799359186830186,1.5968088,7.4458284,3575
543,0.022618495193901227,0.8768508,3.2820697,5118
544,0.004671307037896365,1.4536958,5.915027,1057
545,0.0013214009501712517,3.4120286,13.2494755,299
546,0.0053607336205944095,2.1849194,7.707644,1213
547,0.001878245497735057,3.166112,10.933801,425
548,0.0008838802342282621,3.5535188,17.917252,200
549,0.001082753286929621,4.026269,13.068101,245
550,0.003442713512319081,3.0237334,12.601307,779
551,0.0007071041873826096,3.5608454,21.848383,160
552,0.0007557176002651641,4.4537673,15.974315,171
553,0.01271461716937355,3.126372,12.1805,2877
554,0.0010783338857584797,3.3947458,10.682964,244
555,0.0009899458623356535,5.098328,13.804417,224
556,0.003986299856369462,2.9150882,12.197212,902
557,0.00064081316981549,7.402398,20.671743,145
558,0.002138990166832394,3.0185611,9.342592,484
559,0.011119213346591536,1.773403,8.214196,2516
560,0.023148823334438184,1.5030315,7.941563,5238
561,0.0015688874157551653,5.2121277,17.395144,355
562,0.004092365484476853,2.5811253,11.661589,926
563,0.0027974809413324492,2.0955877,9.517797,633
564,0.00144956358413435,3.6910193,11.0233965,328
565,0.0015865650204397305,4.679408,16.373068,359
566,0.0035222627333996244,2.2929153,7.7110143,797
567,0.006377195889956911,2.0109038,7.1426353,1443
568,0.0035222627333996244,2.4082103,8.501214,797
569,0.001966633521157883,2.5509365,9.988123,445
570,0.0014981769970169043,1.8956801,6.771187,339
571,0.005241409788973594,1.5379939,7.685653,1186
572,0.001666114241520274,5.0292025,14.829711,377
573,0.0017014694508894045,4.0294423,12.601528,385
574,0.0015335322063860348,3.8044333,15.068541,347
575,0.02489006739586786,2.4586124,9.954777,5632
576,0.0015909844216108718,3.2947352,14.813517,360
577,0.0022715722019666334,2.682819,6.7016773,514
578,0.0011932383162081537,5.262374,13.733507,270
579,0.0007336205944094576,4.734053,15.931981,166
580,0.0033233896806982655,3.9961665,12.373678,752
581,0.0010208816705336427,7.3064227,24.260443,231
582,0.0030803226162854935,2.0163422,9.06782,697
583,0.006293227267705226,27.132412,40.881542,1424
584,0.004883438294111148,2.6804566,11.12311,1105
585,0.0016395978344934262,2.325504,13.865265,371
586,0.0002651640702684786,5.8380322,23.1766,60
587,0.0008308474201745664,5.247971,11.641254,188
588,0.001140205502154458,3.5523124,11.303258,258
589,0.0062180974477958235,1.3507918,9.788564,1407
590,0.00421610871726881,1.2700657,4.458392,954
591,0.0011667219091813059,3.8265998,12.337298,264
592,0.00725223732184289,2.5876582,10.716637,1641
593,0.0014584023864766325,3.3768687,11.394668,330
594,0.001807535078996796,2.1710532,12.61331,409
595,0.002209700585570655,2.8221936,10.962016,500
596,0.003128936029168048,2.8226805,11.193679,708
597,0.001224174124406143,3.5158606,13.470414,277
598,0.0008175892166611424,7.017512,22.71444,185
599,0.0027311899237653296,1.8018246,8.580744,618
600,0.0006894265826980444,4.5439134,19.557224,156
601,0.004830405480057452,2.5384343,10.842739,1093
602,0.0006673295768423378,4.5420623,13.938243,151
603,0.0043177549442050605,2.3202248,12.411243,977
604,0.001268368136117556,3.3880346,12.746773,287
605,0.0036239089603358745,3.0118,13.509428,820
606,0.0016484366368357088,7.03679,18.009453,373
607,0.0023025080101646226,2.578339,12.595504,521
608,0.0018561484918793504,3.0788863,16.210627,420
609,0.0034692299193459287,2.0624552,9.462733,785
610,0.0007866534084631533,0.82229775,2.0548801,178
611,0.0011667219091813059,3.7679493,11.790533,264
612,0.0016882112473759806,3.7051704,13.681958,382
613,0.0012948845431444039,5.248643,16.920692,293
614,0.0013214009501712517,4.400833,10.895655,299
615,0.002019666335211579,2.7298195,12.67945,457
616,0.0013611755607115235,5.000205,15.79167,308
617,0.0019710529223290244,4.3410306,16.23548,446
618,0.0015733068169263066,3.0840745,10.9692745,356
619,0.0007159429897248923,7.492798,26.88246,162
620,0.01197215777262181,1.6151525,7.705449,2709
621,0.0013081427466578278,4.9955406,16.850517,296
622,0.005011600928074246,2.4376647,6.9824533,1134
623,0.003999558059882886,2.8836954,9.512796,905
624,0.0015865650204397305,2.9851491,9.825767,359
625,0.0014716605899900564,3.1700714,13.586119,333
626,0.0012462711302618495,5.1324463,15.221747,282
627,0.00040216550657385926,9.20151,23.052406,91
628,0.0015998232239531544,3.6508045,15.523798,362
629,0.022207490884985085,2.0551891,7.534473,5025
630,0.002267152800795492,2.8365452,14.224946,513
631,0.0014716605899900564,3.0139089,13.36751,333
632,0.001564468014584024,1.9438936,18.481451,354
633,0.0018163738813390786,2.3105557,9.362069,411
634,0.015193901226383826,1.724487,6.743896,3438
635,0.0018561484918793504,2.98812,14.431739,420
636,0.001851729090708209,2.3977237,12.301879,419
637,0.00048613412882554414,6.920251,16.681898,110
638,0.001909181305933046,2.3053706,10.077791,432
639,0.001979891724671307,3.5095212,10.365399,448
640,0.002324605016020329,3.6916006,10.280267,526
641,0.0016970500497182632,2.5101607,10.425377,384
642,0.0031819688432217436,2.6223109,8.11785,720
643,0.0023113468125069052,1.7317653,8.259722,523
644,0.0018738260965639156,3.5179658,10.300773,424
645,0.001666114241520274,2.8455746,8.826996,377
646,0.002793061540161308,2.145018,7.2152033,632
647,0.0018605678930504917,2.575535,12.073134,421
648,0.002748867528449895,2.9771073,10.811712,622
649,0.0006054579604463595,1.225204,5.520677,137
650,0.0039244282399734836,4.3774843,13.957999,888
651,0.011724671307037896,1.5704567,6.729328,2653
652,0.0016351784333222849,2.6691582,10.387697,370
653,0.001153463705667882,5.355511,14.150966,261
654,0.0018605678930504917,2.919439,14.757808,421
655,0.0016307590321511436,4.838324,17.249924,369
656,0.15175339741465033,1.380227,7.0100756,34338
657,0.004560822008617832,2.0302565,8.270163,1032
658,0.002682576510882775,2.4925857,11.248859,607
659,0.0027886421389901666,2.1198757,9.027096,631
660,0.006089934813832726,3.9542198,12.558153,1378
661,0.001781018671969948,2.7012873,10.074801,403
662,0.0009899458623356535,3.9902098,13.815729,224
663,0.0015998232239531544,4.162182,10.950696,362
664,0.0010076234670202187,2.8805945,14.235674,228
665,0.0006054579604463595,0.7530428,2.5643492,137
666,0.0023157662136780465,2.7313626,11.830513,524
667,0.0020992155562921224,3.30335,10.374464,475
668,0.0015998232239531544,2.5164642,11.208203,362
669,0.0024129930394431553,1.6986899,11.839827,546
670,0.0010650756822450558,4.0422535,14.189989,241
671,0.0011755607115235885,5.458857,12.833047,266
672,0.0065893271461716935,1.2841448,6.605299,1491
673,0.0024174124406142966,2.4226937,9.270535,547
674,0.0013169815490001104,2.4813216,8.71271,298
675,0.0027577063307921775,1.9314861,7.989556,624
676,0.0014981769970169043,2.5846856,10.262247,339
677,0.009077450005524252,1.910142,7.309118,2054
678,0.001979891724671307,3.2132537,12.6863365,448
679,0.0005435863440503812,6.3627906,16.634516,123
680,0.0005303281405369572,9.53334,22.707592,120
681,0.006200419843111258,1.7317348,10.491909,1403
682,0.0019710529223290244,2.4225297,11.727995,446
683,0.001507015799359187,3.666192,10.455992,341
684,0.001851729090708209,2.0339682,9.5307455,419
685,0.00045077891945641366,5.7114058,13.647038,102
686,0.003186388244392885,2.5193388,8.783995,721
687,0.0008175892166611424,6.1904507,16.92134,185
688,0.031660589990056345,1.6724712,7.3737097,7164
689,0.006355098884101205,2.889003,9.553612,1438
690,0.0018119544801679373,3.2530425,11.420047,410
691,0.0008573638272014142,3.3967633,9.09668,194
692,0.0006850071815269031,6.1186595,21.644964,155
693,0.003646005966191581,2.5940135,8.705363,825
694,0.012833941000994366,2.5039687,8.007695,2904
695,0.001736824660258535,5.0931067,17.40623,393
696,0.0008220086178322838,6.2333007,17.742031,186
697,0.003973041652856038,2.855058,8.213603,899
698,0.006637940559054248,2.9352264,11.291205,1502
699,0.0010208816705336427,6.8074985,18.728357,231
700,0.0006363937686443487,6.803592,19.01986,144
701,0.001493757595845763,5.0668993,10.977786,338
702,0.0006098773616175008,8.013794,17.896374,138
703,0.002236216992597503,2.8028088,9.132245,506
704,0.0024571870511545684,0.91978556,2.0005827,556
705,0.004799469671859463,1.5365384,6.513828,1086
706,0.000967848856479947,2.8880904,14.751443,219
707,0.0012020771185504364,4.7716866,21.199942,272
708,0.0012639487349464147,2.9988618,11.256928,286
709,0.0009590100541376643,6.4861546,18.65934,217
710,0.0011092696939564689,4.1593666,16.499868,251
711,0.0009501712517953817,3.9597478,11.114243,215
712,0.002549994475748536,2.1483102,8.44886,577
713,0.003230582256104298,2.4639268,9.383262,731
714,0.0004772953264832615,6.454547,19.468721,108
715,0.006377195889956911,1.942598,9.322725,1443
716,0.00011048502927853276,0.8026023,1.7000952,25
717,0.0018473096895370677,2.9171774,10.7205,418
718,0.0006187161639597834,6.4008517,17.8265,140
719,0.002196442382057231,1.8045996,7.766992,497
720,0.00138327256656723,5.83484,17.693619,313
721,0.00347364932051707,3.5959444,14.3124485,786
722,0.0016175008286377197,2.7640054,11.056507,366
723,0.003628328361507016,3.450046,9.386434,821
724,0.022932272677052258,2.2051308,10.938489,5189
725,0.0007468787979228815,3.0094473,11.158135,169
726,0.001864987294221633,2.7389193,15.089056,422
727,0.0034824881228593526,2.1718254,12.330633,788
728,0.00937354988399072,2.2020237,9.00125,2121
729,8.396862225168489e-05,0.79348254,1.8336644,19
730,0.0055949618826648985,1.636921,7.6365633,1266
731,0.0019489559164733179,3.0346034,10.689725,441
732,0.0007733952049497294,6.615447,19.181631,175
733,0.005581703679151475,1.8166778,5.8582153,1263
734,0.0009899458623356535,3.3995175,13.6699915,224
735,0.0012197547232350016,3.3076515,9.466849,276
736,0.000570102751077229,2.5604794,11.35581,129
737,0.001537951607557176,2.893058,13.080335,348
738,0.0007778146061208707,4.2592125,12.739573,176
739,0.0016705336426914154,3.541087,13.956593,378
740,0.0013700143630538061,3.8134015,10.469112,310
741,0.0038846536294332118,5.28143,13.782052,879
742,0.000954590652966523,3.3999925,12.416302,216
743,0.0037122969837587007,2.6394327,8.314059,840
744,0.001339078554855817,4.7616634,15.853054,303
745,0.0028019003425035906,2.9477186,9.233203,634
746,0.008007954922108054,1.3224907,6.392754,1812
747,0.00138327256656723,4.8143144,16.779158,313
748,0.006333001878245498,1.8460408,7.409552,1433
749,0.0024704452546679924,1.8648305,7.038159,559
750,0.0008838802342282621,7.854945,18.927822,200
751,0.0036504253673627224,2.7359328,10.049757,826
752,0.0032261628549331567,2.7837052,8.043731,730
753,0.003588553750966744,2.3343363,10.337271,812
754,0.0008750414318859795,5.5861874,17.38765,198
755,0.0013700143630538061,4.1146474,15.847738,310
756,0.002567672080433101,5.0873785,16.152662,581
757,0.0012904651419732625,4.5089936,14.013429,292
758,0.0017765992707988068,3.0947266,15.156031,402
759,0.0019445365153021765,4.8662233,13.422085,440
760,0.0006850071815269031,4.0128527,14.417466,155
761,0.004229366920782234,2.896459,10.710601,957
762,0.002523478068721688,1.6586275,6.567693,571
763,0.002037343939896144,3.1830127,9.536301,461
764,0.0020859573527786984,2.803048,13.07608,472
765,0.014862446138548226,2.021269,6.8558145,3363
766,0.011428571428571429,1.2554865,5.3046246,2586
767,0.004277980333664788,2.4510903,10.63197,968
768,0.0004640371229698376,4.991125,21.594759,105
769,0.006094354215003867,2.4253335,8.190732,1379
770,0.0019445365153021765,4.9175053,13.49099,440
771,0.004742017456634626,1.2997882,7.292405,1073
772,4.41940117114131e-06,0.90106606,0.90106606,1
773,0.0011711413103524472,3.6346629,12.622609,265
774,0.0027444481272787535,2.5202174,9.087123,621
775,0.0010297204728759253,5.449507,13.165049,233
776,0.0004110043089161419,10.782176,25.470375,93
777,0.0007866534084631533,7.9277163,23.296778,178
778,0.007729532648326152,1.83774,9.690196,1749
779,0.016435752955474534,1.4364585,7.461534,3719
780,0.010938017898574744,1.4837729,7.3892493,2475
781,0.006668876367252237,2.240482,6.94089,1509
782,0.002351121423047177,2.4087079,11.182315,532
783,0.002077118550436416,2.933713,14.7245035,470
784,0.014058115125400509,1.2986953,7.14696,3181
785,0.001312562147828969,2.7711344,13.312262,297
786,0.0032217434537620154,3.0707853,9.583726,729
787,0.011843995138658713,3.1779993,11.027699,2680
788,0.0013611755607115235,2.9020734,10.011644,308
789,0.0011888189150370124,3.8505056,12.848877,269
790,0.001339078554855817,5.0469294,14.381323,303
791,0.0060015467904099,26.749193,40.740845,1358
792,0.0010429786763893492,5.583254,21.71774,236
793,0.0019975693293558723,3.3342044,12.960843,452
794,0.0015688874157551653,5.163131,14.2159395,355
795,0.0009413324494530991,7.3722897,16.352715,213
796,0.0026472213015136447,2.5461829,9.7649145,599
797,0.0006805877803557617,8.380868,20.36934,154
798,0.0022583139984532095,2.8970788,8.732548,511
799,0.0017014694508894045,2.8140125,7.5057592,385
800,0.0008794608330571208,7.1919804,19.787424,199
801,0.007256656723014032,1.8674135,8.237816,1642
802,0.0009987846646779361,3.4697354,11.839145,226
803,0.00300077339520495,3.9646027,17.071108,679
804,0.0021124737598055463,3.4455512,12.647045,478
805,0.0007115235885537509,6.2782025,22.008629,161
806,0.0033499060877251133,1.5610051,8.333636,758
807,0.0010473980775604905,3.8479724,13.872249,237
808,0.0018694066953927743,3.287177,15.797008,423
809,0.0017103082532316871,3.3418067,13.049707,387
810,0.003685780576731853,1.8373097,8.3257885,834
811,0.0022317975914263617,2.9175692,13.842315,505
812,0.0011667219091813059,2.5730002,12.348626,264
813,0.0038537178212352226,2.5921326,8.513836,872
814,0.0008441056236879903,6.374061,17.146063,191
815,0.001096011490443045,3.3110075,13.429958,248
816,0.0008352668213457077,3.6850731,18.620577,189
817,0.0021036349574632637,2.5732408,13.574154,476
818,0.0013479173571980996,3.352528,10.883079,305
819,0.000768975803778588,5.903192,15.782963,174
820,0.0065407137332891396,1.5561149,5.693617,1480
821,0.0015865650204397305,3.629386,13.2959585,359
822,0.0018119544801679373,3.7176049,14.903315,410
823,0.0016351784333222849,4.420462,12.115486,370
824,0.0015202740028726108,3.2009609,9.790215,344
825,0.001197657717379295,4.5471787,14.30168,271
826,0.0018119544801679373,2.6126184,10.12922,410
827,0.0046889846425809305,1.4869196,5.0113044,1061
828,0.012263838249917136,2.8808458,10.645496,2775
829,0.0006673295768423378,6.1330137,21.160118,151
830,0.0035222627333996244,3.347157,9.522717,797
831,0.004207269914926527,1.9745685,7.55865,952
832,0.002536736272235112,3.2628865,14.191048,574
833,0.0008573638272014142,3.8240829,14.578182,194
834,0.002196442382057231,5.4849434,13.75787,497
835,0.0010518174787316318,3.7840285,14.954829,238
836,0.0014584023864766325,2.9897068,10.597433,330
837,0.0038802342282620705,3.9765396,11.877001,878
838,0.0019843111258424483,3.4507685,9.386941,449
839,0.007194785106618053,1.8221819,9.3287115,1628
840,0.006514197326262292,1.8839315,7.023565,1474
841,0.020819798917246713,1.7022978,7.1547227,4711
842,0.0020417633410672853,3.4563644,13.119834,462
843,0.00040216550657385926,3.9100823,14.935605,91
844,0.0008308474201745664,3.5824218,16.019777,188
845,0.0112650535852392,3.8063602,11.564669,2549
846,0.0015423710087283174,2.9292371,12.890518,349
847,0.0487725113247155,2.5934167,8.925346,11036
848,0.0014142083747652192,2.5308478,12.923426,320
849,0.0006054579604463595,2.1358888,12.661142,137
850,0.0012948845431444039,3.4357953,13.316279,293
851,0.0008308474201745664,3.9906783,15.341608,188
852,0.002050602143409568,5.1137094,13.3003025,464
853,0.017412440614296764,1.8806762,7.533111,3940
854,0.001436305380620926,3.6678085,10.923648,325
855,0.0007159429897248923,5.893568,16.834896,162
856,0.015021544580709313,2.9948223,10.506311,3399
857,0.0004905535299966854,5.3141637,16.622248,111
858,0.010911501491547895,2.7334685,10.1446085,2469
859,0.0012153353220638603,4.5095344,11.77914,275
860,0.0008043310131477185,4.631622,19.264458,182
861,0.0016395978344934262,3.5006874,13.423114,371
862,0.010907082090376753,3.9915032,11.746834,2468
863,0.0009766876588222296,3.6520069,12.927783,221
864,0.0021434095680035355,3.0496848,8.987559,485
865,0.002253894597282068,3.0238383,13.495339,510
866,0.015940780024306708,1.9862111,7.96996,3607
867,0.0033366478842116894,1.9653001,6.5291524,755
868,0.0007601370014363054,8.282396,18.078854,172
869,0.0014142083747652192,2.737568,12.018189,320
870,0.0015688874157551653,3.1772497,11.256286,355
871,0.0009766876588222296,5.715004,18.24544,221
872,0.08705336426914154,2.3578317,14.815056,19698
873,0.0016307590321511436,5.216095,13.041399,369
874,0.0012727875372886973,2.817861,10.558063,288
875,0.00411446249033256,3.5005434,14.121713,931
876,0.00239531543475859,2.5297015,8.697706,542
877,0.004313335543033919,3.2201414,10.9102335,976
878,0.0003093580819798917,2.0627844,10.647083,70
879,0.003942105844658049,2.2240827,10.573536,892
880,0.003716716384929842,2.625868,9.829397,841
881,0.004357529554745332,2.250776,8.625785,986
882,0.001723566456745111,4.5265927,10.7213,390
883,0.0028151585460170145,3.1746888,12.102154,637
884,0.0042956579383493535,1.6480938,8.719871,972
885,0.0040172356645674515,2.3542266,8.875811,909
886,0.0027753839354767427,3.2463875,12.520391,628
887,0.0007778146061208707,4.240385,13.310677,176
888,0.0010208816705336427,5.459696,14.767527,231
889,0.002324605016020329,4.393297,11.328481,526
890,0.004070268478621147,2.6899135,10.87325,921
891,0.001493757595845763,3.5576804,13.556728,338
892,0.0019312783117887526,1.8957976,9.365216,437
893,0.0016882112473759806,4.075296,11.309498,382
894,0.0010341398740470666,3.9971132,12.364094,234
895,0.0004993923323389681,0.8709266,1.9529572,113
896,0.0029654181858358194,1.8628464,6.424371,671
897,0.006235775052480389,2.9610074,10.401081,1411
898,0.002019666335211579,3.3403401,9.531755,457
899,0.004954148712849409,2.232683,8.966665,1121
900,0.007163849298420064,1.5251185,6.6144066,1621
901,0.0013567561595403822,2.3286724,6.759714,307
902,0.00144956358413435,4.495339,13.733518,328
903,0.0014451441829632086,6.5658097,21.583601,327
904,0.0013788531653960887,3.7211094,11.487894,312
905,0.0008087504143188598,6.3038173,22.380375,183
906,0.000724781792067175,5.3270936,15.856881,164
907,0.0010871726881007623,5.166872,15.804947,246
908,0.005661252900232019,1.8967239,7.874564,1281
909,0.002165506573859242,4.710559,12.172574,490
910,0.0018252126836813612,4.198833,14.428066,413
911,0.005135344160866202,2.2415345,9.880617,1162
912,0.0017103082532316871,2.1559222,7.752379,387
913,0.0007645564026074467,2.396543,14.249696,173
914,0.00064081316981549,6.382166,18.573267,145
915,0.0022273781902552203,3.3936632,9.514541,504
916,0.0012330129267484255,3.89221,13.596096,279
917,0.02815158546017015,1.6457977,10.845922,6370
918,0.001480499392332339,3.4868877,17.047943,335
919,0.002037343939896144,3.0772076,10.066868,461
920,0.008030051927963761,2.5255804,9.545387,1817
921,0.004967406916362833,2.9238038,10.400412,1124
922,0.0005303281405369572,5.094267,22.847921,120
923,0.006500939122748867,1.3755317,6.808138,1471
924,0.0009192354435973926,4.4431868,12.105908,208
925,0.001096011490443045,2.6748886,8.784784,248
926,0.001564468014584024,3.2596488,10.289342,354
927,0.0013876919677383714,3.2657197,16.092865,314
928,0.0010518174787316318,4.7090135,15.011489,238
929,0.0015998232239531544,2.845014,9.116454,362
930,0.0011490443044967406,6.0972185,16.040474,260
931,0.0012595293337752734,3.1939728,12.669007,285
932,0.003570876146282179,2.4441094,8.84859,808
933,0.03999558059882886,2.3103101,11.835052,9050
934,0.0013876919677383714,4.5361876,20.035034,314
935,0.012369903878024528,2.060768,8.7400055,2799
936,0.000698265385040327,3.5607648,13.456756,158
937,0.0007380399955805989,5.571315,18.856625,167
938,0.00479063086951718,1.7352854,8.724789,1084
939,0.0008706220307148382,5.58527,18.643196,197
940,0.017938349353662578,1.855869,7.9956393,4059
941,0.0028019003425035906,2.2391522,7.158135,634
942,0.000512650535852392,7.4533267,20.476826,116
943,0.0015335322063860348,3.091488,11.931318,347
944,0.001781018671969948,2.8182893,13.849828,403
945,0.0030803226162854935,3.4405892,10.692846,697
946,0.004582919014473539,1.9673326,7.560205,1037
947,0.003747652193127831,2.9844203,12.299609,848
948,0.0015865650204397305,3.6725197,9.779168,359
949,0.0016970500497182632,3.2370167,10.40334,384
950,0.0012595293337752734,1.7939003,8.898347,285
951,0.0018207932825102199,3.8000665,12.738214,412
952,0.02728538283062645,1.5648458,7.1864667,6174
953,0.006275549663020661,2.12823,7.7056417,1420
954,0.0016484366368357088,2.5682852,9.38359,373
955,0.006929621036349575,1.5688318,8.4214525,1568
956,0.0015335322063860348,3.323504,12.720844,347
957,0.0013037233454866865,4.83079,17.203358,295
958,0.0007159429897248923,3.3680441,13.945584,162
959,0.0009059772400839686,2.5203242,7.903108,205
960,0.007393658159319412,1.6216558,7.2487187,1673
961,0.001621920229808861,5.0206165,14.762779,367
962,0.023515633631642913,3.6639228,8.504092,5321
963,0.003115677825654624,3.9868712,17.241247,705
964,0.002068279748094133,3.5865467,11.897685,468
965,0.0007071041873826096,4.348189,12.785281,160
966,0.001507015799359187,4.3420324,16.98787,341
967,0.0016484366368357088,3.251359,13.518618,373
968,0.002262733399624351,4.860949,15.698498,512
969,0.002819577947188156,1.6696284,7.5420823,638
970,0.0003712296983758701,12.21699,20.960905,84
971,0.0010518174787316318,4.8052707,18.79171,238
972,0.0022185393879129377,2.5403666,9.352027,502
973,0.0012860457408021212,4.881524,11.627827,291
974,0.0017147276544028285,2.1575685,6.996543,388
975,0.00039774610540271795,0.6746165,1.5625511,90
976,0.0006761683791846204,4.7640953,16.216633,153
977,0.00040216550657385926,3.0350018,18.699165,91
978,0.0031687106397083197,2.4017303,9.010621,717
979,0.0010341398740470666,5.59599,18.395435,234
980,0.0013169815490001104,3.6951714,12.940694,298
981,0.007552756601480499,0.9694905,4.8074417,1709
982,0.0018428902883659264,3.9887779,11.96985,417
983,0.0019047619047619048,3.3331816,13.895691,431
984,0.0017147276544028285,2.7687833,11.13136,388
985,0.002633963098000221,2.2248986,9.201904,596
986,0.032190918130593306,2.6547534,10.364638,7284
987,0.025659043199646448,1.2953471,8.257212,5806
988,0.007022428460943542,1.972539,8.586786,1589
989,0.0012639487349464147,5.271831,15.520261,286
990,0.0010208816705336427,3.9144094,14.953775,231
991,0.0021478289691746768,1.828772,8.6989,486
992,0.0031068390233123413,2.7494802,10.926606,703
993,0.0015025963981880456,3.3046448,11.486959,340
994,0.002421831841785438,2.7736764,7.965875,548
995,0.027965970610982212,1.325667,3.689547,6328
996,0.0018738260965639156,3.2620237,13.929165,424
997,0.001564468014584024,3.1258576,12.910695,354
998,0.001621920229808861,3.8831143,13.281448,367
999,0.004211689316097669,1.8964223,6.6958127,953
1000,0.0014672411888189151,4.7913294,15.645999,332
1001,0.007649983427245609,1.7132285,5.1870694,1731
1002,0.0007115235885537509,5.7291822,20.843777,161
1003,0.0010871726881007623,3.8858685,12.797765,246
1004,0.03451552314661364,2.3807366,10.887466,7810
1005,0.004189592310241962,2.8142388,11.092914,948
1006,0.0017633410672853829,4.052633,13.829697,399
1007,0.001537951607557176,5.007024,13.115126,348
1008,0.005466799248701801,2.9751577,13.326884,1237
1009,0.020417633410672854,0.84844774,2.4271462,4620
1010,0.001807535078996796,4.163332,11.710305,409
1011,0.0012064965197215777,4.332854,15.349642,273
1012,0.009218870843000774,2.6099443,8.901325,2086
1013,0.0013346591536846756,5.080601,15.163341,302
1014,0.004242625124295658,2.4623678,8.413905,960
1015,0.0013921113689095127,4.871062,13.404619,315
1016,0.0012948845431444039,3.1399465,9.802133,293
1017,0.0013700143630538061,2.9819481,8.674815,310
1018,0.0011578831068390233,4.2360334,12.295751,262
1019,0.0009059772400839686,5.2958546,16.148766,205
1020,0.004967406916362833,1.6529667,7.5412164,1124
1021,0.001096011490443045,7.7632685,20.584505,248
1022,0.0048569218870843,3.626695,11.929369,1099
1023,0.005784996133023975,2.1113865,9.8272915,1309
1024,0.0023157662136780465,4.187679,10.23127,524
1025,0.013766434648105182,2.7030413,9.6442995,3115
1026,0.0011004308916141862,4.3588815,11.321831,249
1027,0.004635951828527235,1.5739086,5.248682,1049
1028,0.0012020771185504364,4.49159,14.688774,272
1029,0.001851729090708209,4.138131,12.68843,419
1030,0.0028549331565572867,2.1205626,7.9265223,646
1031,0.0011181084962987515,4.0533266,17.64566,253
1032,0.0009148160424262513,3.771606,13.691941,207
1033,0.001153463705667882,2.862467,12.605109,261
1034,0.0013214009501712517,2.583425,10.329877,299
1035,0.0014716605899900564,4.7077384,13.286669,333
1036,0.0008131698154900011,6.947494,19.943094,184
1037,0.010765661252900231,2.1218615,8.803326,2436
1038,0.0014274665782786434,4.796343,14.617619,323
1039,0.0007601370014363054,4.87467,12.789285,172
1040,0.0006805877803557617,7.390953,19.905096,154
1041,0.002890288365926417,2.8241193,12.358748,654
1042,0.012555518727212462,2.5785277,8.566208,2841
1043,0.0006850071815269031,7.5441947,15.666742,155
1044,0.0017589216661142416,4.2119665,14.55384,398
1045,0.0,0.0,0.0,0
1046,0.0029654181858358194,2.4847715,7.4941444,671
1047,0.004932051706993702,1.3949164,5.157737,1116
1048,0.0016749530438625567,3.0160792,7.3985343,379
1049,0.0011843995138658711,4.5304337,16.051952,268
1050,0.0013479173571980996,4.756412,11.133464,305
1051,0.0006054579604463595,3.4592557,18.278147,137
1052,0.0003535520936913048,8.54996,17.287558,80
1053,0.0019136007071041874,4.7046022,12.311769,433
1054,0.00035797149486244617,0.74300504,1.5530428,81
1055,0.0003093580819798917,8.351013,17.187225,70
1056,0.0008087504143188598,6.420888,16.493223,183
1057,0.002943321179980113,2.8193786,10.896404,666
1058,0.005661252900232019,2.9898198,13.232374,1281
1059,0.0014893381946746217,3.8327374,10.829521,337
1060,0.0013479173571980996,3.004826,10.213433,305
1061,0.000839686222516849,4.38403,12.660983,190
1062,0.009656391558943763,1.6424533,6.2849665,2185
1063,0.006196000441940117,28.157078,42.199226,1402
1064,0.0008706220307148382,5.1481323,13.526837,197
1065,0.002209700585570655,1.7627395,7.4136443,500
1066,0.0011490443044967406,3.9381166,13.003109,260
1067,0.003261518064302287,3.206394,14.472317,738
1068,0.0018252126836813612,3.2691393,13.551696,413
1069,0.0021036349574632637,3.5849319,12.5364275,476
1070,0.0017633410672853829,4.150303,17.022879,399
1071,0.0010208816705336427,4.5131073,14.859725,231
1072,0.013293558722793062,3.0896168,11.502133,3008
1073,0.0010341398740470666,3.6624765,12.050464,234
1074,0.001851729090708209,3.1864479,11.676661,419
1075,0.0035531985415976136,2.3234942,7.6261535,804
1076,0.013381946746215888,1.5320417,7.9509015,3028
1077,0.0012462711302618495,1.8745668,9.058759,282
1078,0.0014186277759363605,3.2351758,10.1270275,321
1079,0.0013744337642249474,3.606964,14.812071,311
1080,0.009992266047950503,1.5851616,6.9666357,2261
1081,0.001140205502154458,2.9989955,12.70314,258
1082,0.0010032040658490774,7.5789623,22.367842,227
1083,0.001851729090708209,2.4901772,14.457234,419
1084,0.0010208816705336427,3.8215754,11.316723,231
1085,0.0026428019003425034,3.4535937,14.956824,598
1086,0.002408573638272014,1.5231129,6.995761,545
1087,0.0014893381946746217,3.1153147,9.43301,337
1088,0.0016528560380068501,3.7697484,10.438983,374
1089,0.0011799801126947298,5.45031,14.970961,267
1090,0.002452767649983427,2.1911087,9.03079,555
1091,0.0013523367583692409,5.2498617,16.540495,306
1092,0.0005656833499060877,8.172912,23.532948,128
1093,0.000724781792067175,4.044386,8.705628,164
1094,0.0018826648989061982,2.3019903,8.785643,426
1095,0.0010739144845873384,3.9865782,12.11988,243
1096,0.0018207932825102199,2.880912,8.59336,412
1097,0.009788973594078003,3.0864086,11.607874,2215
1098,0.0011888189150370124,3.936632,13.445102,269
1099,0.0020285051375538614,3.190611,13.829917,459
1100,0.0018959231024196221,2.1053092,10.898311,429
1101,0.0014893381946746217,3.8976753,10.477273,337
1102,0.001409788973594078,4.970786,13.603586,319
1103,0.005457960446359518,1.9620906,8.1920595,1235
1104,0.001069495083416197,3.4301667,12.770341,242
1105,0.005559606673295768,4.91322,12.293589,1258
1106,0.0013655949618826648,4.243218,15.032559,309
1107,0.0014760799911611978,4.7296596,13.131451,334
1108,0.009426582698044415,2.0861948,7.9811473,2133
1109,0.004521047398077561,1.480672,5.3623962,1023
1110,0.0016440172356645675,4.857513,13.8082485,372
1111,0.006085515412661584,1.6123402,7.0532427,1377
1112,0.0023157662136780465,3.236567,11.349886,524
1113,0.0018473096895370677,4.705269,17.457088,418
1114,0.008078665340846315,1.7878244,6.385764,1828
1115,0.004326593746547343,6.4878983,14.770976,979
1116,0.0011711413103524472,2.8648074,13.591152,265
1117,0.017849961330239753,1.3182995,10.61109,4039
1118,0.002523478068721688,3.3584557,10.062708,571
1119,0.0016484366368357088,4.24481,11.935087,373
1120,0.0023864766324163075,2.3978097,9.908744,540
1121,0.0027577063307921775,2.40515,6.833645,624
1122,0.0031024196221412,2.8048434,15.911863,702
1123,0.0006540713733289139,4.922306,15.048744,148
1124,0.002452767649983427,2.3696668,9.075047,555
1125,0.0010429786763893492,2.6713152,12.210332,236
1126,0.0007954922108054359,5.818995,17.238474,180
1127,0.01450005524251464,2.0324733,9.347388,3281
1128,0.001953375317644459,3.2430663,12.482911,442
1129,0.001025301071704784,4.803118,12.248249,232
1130,0.0008882996353994034,2.2631445,12.722214,201
1131,0.0026295436968290795,2.4558988,12.789837,595
1132,0.0022185393879129377,3.1174133,10.721877,502
1133,0.0020726991492652745,3.3216023,10.661364,469
1134,0.001480499392332339,3.53592,11.232982,335
1135,0.0065893271461716935,2.6666346,9.813365,1491
1136,0.0018119544801679373,4.134912,14.693908,410
1137,0.00522815158546017,1.5321214,6.549713,1183
1138,0.002722351121423047,2.4877722,12.545343,616
1139,0.001851729090708209,4.169552,14.409025,419
1140,0.0014142083747652192,5.556545,17.143522,320
1141,0.0007512981990940228,5.372052,13.592148,170
1142,0.0016572754391779914,4.5802965,16.322504,375
1143,0.002077118550436416,3.298866,10.63777,470
1144,0.0126129709424373,2.0072114,8.272232,2854
1145,0.0007645564026074467,4.001144,14.795809,173
1146,0.001268368136117556,4.056194,13.460796,287
1147,0.003332228483040548,2.4810395,10.957407,754
1148,0.0009192354435973926,4.786764,12.727647,208
1149,0.0005966191581040769,5.8675976,18.903162,135
1150,0.0016749530438625567,4.3822594,17.18601,379
1151,0.0015865650204397305,3.0872335,9.966369,359
1152,0.002695834714396199,4.735314,14.356495,610
1153,0.00337200309358082,2.040714,11.085241,763
1154,0.0012285935255772842,4.240245,12.088545,278
1155,0.0027179317202519057,3.537012,10.242173,615
1156,0.009965749640923656,2.135761,9.627375,2255
1157,0.0004772953264832615,13.221081,24.143948,108
1158,0.010310462932272677,1.5054449,5.983688,2333
1159,0.0062048392442824,2.1230366,7.7750163,1404
1160,0.0022185393879129377,3.3748703,9.82048,502
1161,0.014791735719809965,2.4561043,8.933379,3347
1162,0.0015423710087283174,4.1026335,12.769673,349
1163,0.0004728759253121202,5.213607,16.688896,107
1164,0.0042735609324936474,3.0070066,9.884089,967
1165,0.013753176444591758,1.3859247,5.39188,3112
1166,0.008692962103634957,1.868921,6.815002,1967
1167,0.0012639487349464147,4.332843,14.31632,286
1168,0.0010297204728759253,6.3534756,14.749497,233
1169,0.0015556292122417413,3.1421552,9.071771,352
1170,0.0013744337642249474,2.7067246,10.015949,311
1171,0.00822892498066512,2.405213,10.082001,1862
1172,0.0026295436968290795,2.629712,9.180809,595
1173,0.0016175008286377197,2.589666,9.304132,366
1174,0.0003181968843221743,3.5014246,26.02954,72
1175,0.0007292011932383163,8.26276,19.117706,165
1176,0.0005480057452215225,5.896379,16.364267,124
1177,0.010429786763893492,2.8179524,12.518357,2360
1178,0.0011048502927853276,3.3456304,13.422451,250
1179,0.0014716605899900564,3.4174774,11.224509,333
1180,0.00499392332338968,2.5973723,9.533495,1130
1181,0.0005170699370235333,2.7739768,19.49166,117
1182,0.0013434979560269583,3.397302,12.034097,304
1183,0.0004242625124295658,2.87657,14.993355,96
1184,0.003416197105292233,2.0834737,9.031788,773
1185,0.0033057120760137003,2.6014578,9.282786,748
1186,0.007707435642470445,1.4517659,5.6918983,1744
1187,0.0011711413103524472,3.8632643,12.706007,265
1188,0.0018252126836813612,3.1137486,11.813844,413
1189,0.0007336205944094576,2.43922,13.276419,166
1190,0.0031642912385371784,3.2872672,12.033051,716
1191,0.0010739144845873384,7.606606,23.561457,243
1192,0.00044194011711413104,6.045709,16.3788,100
1193,0.0009413324494530991,5.316231,20.013721,213
1194,0.002890288365926417,3.7762902,13.721535,654
1195,0.0019268589106176113,3.4682248,12.618597,436
1196,0.0013611755607115235,2.8529553,13.983577,308
1197,0.0003402938901778809,8.643212,21.031088,77
1198,0.0026869959120539165,2.978727,10.580125,608
1199,0.007786984863550989,2.3440669,8.321995,1762
1200,0.0020992155562921224,3.854146,11.492376,475
1201,0.0005524251463926638,5.41703,14.058454,125
1202,0.001807535078996796,3.1041124,10.229616,409
1203,0.00249696166169484,2.4121451,10.112659,565
1204,0.003173130040879461,2.1330667,6.8267837,718
1205,0.0024439288476411445,1.8391134,8.772499,553
1206,0.0010208816705336427,2.7482488,13.474218,231
1207,0.0016440172356645675,2.724004,8.81556,372
1208,0.0009943652635067948,4.75924,19.169207,225
1209,0.0008087504143188598,4.6933827,13.897382,183
1210,0.008670865097779252,1.5419658,7.805265,1962
1211,0.0015335322063860348,2.6334,11.937111,347
1212,0.0012639487349464147,5.7208323,21.931028,286
1213,0.0035266821345707657,1.9907521,10.6459465,798
1214,0.001750082863771959,4.7682953,14.185979,396
1215,0.00536515302176555,1.9065078,8.332593,1214
1216,0.0017191470555739698,4.408772,13.808136,389
1217,0.0016837918462048393,3.3270965,11.698745,381
1218,0.001325820351342393,4.04647,12.624074,300
1219,0.006235775052480389,1.9619994,8.155348,1411
1220,0.0016440172356645675,4.027373,9.978886,372
1221,0.0013037233454866865,3.8524725,16.5087,295
1222,0.002196442382057231,2.747963,8.807575,497
1223,0.002439509446470003,2.1682374,7.866267,552
1224,0.003327809081869407,2.326334,9.724133,753
1225,0.0005391669428792398,7.184253,14.479322,122
1226,0.011340183405148602,1.9464213,8.361538,2566
1227,0.0011048502927853276,5.6932783,17.923779,250
1228,0.011450668434427136,3.3539262,12.401247,2591
1229,0.0007601370014363054,3.9346945,14.883175,172
1230,0.0012639487349464147,3.399959,13.959386,286
1231,0.004008396862225169,2.1226904,5.97215,907
1232,0.00495856811402055,2.3685927,8.077893,1122
1233,0.03530659595624793,1.5154614,10.514949,7989
1234,0.0009943652635067948,5.0402365,22.207222,225
1235,0.00144956358413435,4.6478505,13.804735,328
1236,0.0014274665782786434,3.5056152,8.840168,323
1237,0.0006629101756711965,6.694923,19.197538,150
1238,0.001312562147828969,3.973418,9.138527,297
1239,0.0027753839354767427,3.3867688,10.708733,628
1240,0.0009324936471108165,3.2743073,16.8069,211
1241,0.009156999226604795,3.3391862,9.459955,2072
1242,0.0013346591536846756,3.1690323,9.886646,302
1243,0.002196442382057231,1.5919926,9.104694,497
1244,0.005373991824107833,2.6951134,9.311614,1216
1245,0.0020859573527786984,3.901238,13.366083,472
1246,0.005692188708430007,13.367736,22.772352,1288
1247,0.0006496519721577726,8.985903,24.180828,147
1248,0.0006938459838691857,2.3711169,21.51842,157
1249,0.0009148160424262513,3.8490865,11.602653,207
1250,0.008317313004087947,2.6695342,8.8454075,1882
1251,0.0002695834714396199,4.010624,23.263939,61
1252,0.002267152800795492,3.3012831,11.880178,513
1253,0.001621920229808861,4.278519,11.080935,367
1254,0.0006761683791846204,5.675436,17.99121,153
1255,0.00138327256656723,4.0022335,14.196075,313
1256,0.0003402938901778809,3.0312982,15.434301,77
1257,0.0021434095680035355,2.2949162,7.614865,485
1258,0.002638382499171362,2.6592755,7.7174053,597
1259,0.0012595293337752734,4.3502364,12.449819,285
1260,0.0032791956689868524,4.8619018,10.950713,742
1261,0.0013479173571980996,3.9689424,12.566902,305
1262,0.005811512540050823,1.5261804,5.414927,1315
1263,0.0014628217876477738,5.3986206,14.872212,331
1264,0.0017456634626008176,2.3283167,13.814232,395
1265,0.010818694066953927,1.5121666,6.702032,2448
1266,0.0005568445475638051,4.348989,18.110292,126
1267,0.0002519058667550547,8.797347,36.83776,57
1268,0.002222958789084079,1.5871543,10.74877,503
1269,0.0017677604684565242,3.0561395,12.279034,400
1270,0.001966633521157883,4.0583715,12.257528,445
1271,0.01588332780908187,4.426442,13.101546,3594
1272,0.024885647994696718,1.4913214,5.251878,5631
1273,0.002916804772953265,2.0092847,8.589275,660
1274,0.0008529444260302729,3.922547,12.358984,193
1275,0.0017986962766545133,2.884372,14.095149,407
1276,0.0020726991492652745,3.3105114,12.693524,469
1277,0.001197657717379295,2.8916123,13.398602,271
1278,0.0023422826207048944,2.903023,11.794981,530
1279,0.0014142083747652192,4.66092,13.673524,320
1280,0.0012064965197215777,4.4521823,12.994179,273
1281,0.0041100430891614186,0.91243726,4.4676523,930
1282,0.0016882112473759806,4.0039144,11.004666,382
1283,0.004118881891503701,3.1850808,13.052397,932
1284,0.009196773837145067,2.4899583,8.006256,2081
1285,0.0035399403380841897,2.4200332,11.901052,801
1286,0.0007512981990940228,4.5169024,18.149416,170
1287,0.004516627996906419,2.5896156,10.565001,1022
1288,0.001339078554855817,6.695797,14.042667,303
1289,0.0010076234670202187,4.7875843,14.613008,228
1290,0.0004684565241409789,7.7109976,19.106937,106
1291,0.004260302728980223,6.1053667,14.123862,964
1292,0.0025544138769196772,1.6075714,6.4855313,578
1293,0.004870180090597724,2.3490365,8.567624,1102
1294,0.00015025963981880454,4.5536485,21.30439,34
1295,0.0011136890951276102,4.8252773,20.594486,252
1296,0.00101204286819136,3.6280627,9.847735,229
1297,0.0014053695724229366,4.8595386,16.287779,318
1298,0.0014230471771075018,2.9724483,10.403912,322
1299,0.0013302397525135343,3.849562,13.527701,301
1300,0.0011799801126947298,5.7012033,12.9909115,267
1301,0.0005966191581040769,3.5508525,14.159287,135
1302,0.004476853386366148,2.789568,9.210459,1013
1303,0.000897138437741686,5.401501,17.589134,203
1304,0.0005391669428792398,7.037958,21.169249,122
1305,0.000384487901889294,7.0403814,17.367828,87
1306,0.0018915037012484808,2.7029169,7.825333,428
1307,0.005643575295547453,2.9917607,10.977695,1277
1308,0.001878245497735057,4.1188736,12.131747,425
1309,0.00593525577284278,2.8831277,9.118613,1343
1310,0.0019577947188156005,3.3695486,8.960922,443
1311,0.0036194895591647332,1.5538336,5.940973,819
1312,0.0012595293337752734,4.647333,13.957942,285
1313,0.0016130814274665783,3.1278157,11.132518,365
1314,0.0024306706441277206,2.737588,13.234593,550
1315,0.002165506573859242,3.8119774,9.608058,490
1316,0.0013434979560269583,3.697571,11.069814,304
1317,0.0025455750745773946,2.1189084,11.213927,576
1318,0.0006231355651309247,6.5255666,18.224165,141
1319,0.0015512098110706,2.9181108,10.052056,351
1320,0.006196000441940117,27.797836,42.322475,1402
1321,0.0017103082532316871,4.024609,10.241605,387
1322,0.0016042426251242957,5.164962,16.731243,363
1323,0.0014893381946746217,3.3239467,18.497736,337
1324,0.001537951607557176,2.9149573,11.395316,348
1325,0.0017014694508894045,2.6994703,9.050563,385
1326,0.0019003425035907635,3.7485626,13.998279,430
1327,0.0012064965197215777,4.2105536,10.014369,273
1328,0.002947740581151254,2.263497,7.9950233,667
1329,0.0024041542371008727,2.557772,9.567337,544
1330,0.002236216992597503,2.2319477,10.397071,506
1331,0.012657164954148713,1.879727,6.5780387,2864
1332,0.025252458291901446,3.558222,11.802764,5714
1333,0.006973815048060988,2.0161154,6.05974,1578
1334,0.007181526903104629,1.9705751,7.0951605,1625
1335,0.0004154237100872832,10.549358,23.093548,94
1336,0.0011888189150370124,3.2007375,13.483461,269
1337,0.0013523367583692409,3.3563552,11.115321,306
1338,0.0014053695724229366,2.8275476,9.751138,318
1339,0.0005259087393658159,3.404712,12.630918,119
1340,0.00219202298088609,3.166955,9.687041,496
1341,0.0007115235885537509,6.0797076,15.129471,161
1342,0.0008220086178322838,5.4495,16.203686,186
1343,0.0018959231024196221,5.5372605,15.926622,429
1344,0.0013081427466578278,4.0185685,12.965278,296
1345,0.00048613412882554414,3.0527084,13.024375,110
1346,0.0009855264611645122,7.2740936,18.695677,223
1347,0.0011313666998121754,3.8169806,10.929027,256
1348,0.000967848856479947,4.819579,18.599045,219
1349,0.014765219312783118,3.0172462,9.831824,3341
1350,0.0013169815490001104,4.89406,18.508629,298
1351,0.0014539829853054912,5.1433554,14.501512,329
1352,0.00045519832062755497,6.304375,17.039293,103
1353,0.0029963539940338086,2.6384068,14.696905,678
1354,0.0015467904098994587,2.914625,12.188352,350
1355,0.003818362611866092,2.9400454,10.69551,864
1356,0.0011932383162081537,7.292936,18.777716,270
1357,0.003075903215114352,1.631272,9.745821,696
1358,0.0027709645343056014,3.4794166,13.114304,627
1359,0.0027267705225941883,3.0251708,11.985875,617
1360,0.0031687106397083197,3.2162373,8.888174,717
1361,0.0015909844216108718,3.0166323,10.766057,360
1362,0.0011490443044967406,3.8350255,16.822367,260
1363,0.01862335653518948,2.6827517,11.40998,4214
1364,0.0012418517290907081,3.793187,14.496995,281
1365,0.001595403822782013,3.8477213,14.633746,361
1366,0.0038492984200640813,2.3193295,9.0281315,871
1367,0.0016263396309800023,3.1139033,11.259279,368
1368,0.0007512981990940228,3.7503502,13.427339,170
1369,0.0018473096895370677,3.1144953,9.233111,418
1370,0.0008838802342282621,8.260565,19.94812,200
1371,0.0010429786763893492,4.2189636,15.040366,236
1372,0.0037520715942989725,2.3291442,9.376057,849
1373,0.0040879460833057124,2.0282934,9.326632,925
1374,0.0065407137332891396,2.4754968,8.04931,1480
1375,0.0011755607115235885,4.0055017,12.986086,266
1376,0.002466025853496851,3.1523893,12.192253,558
1377,0.00192243950944647,3.3224242,10.990118,435
1378,0.0020285051375538614,2.6574852,12.782978,459
1379,0.010473980775604906,1.3155218,6.153521,2370
1380,0.014040437520715944,2.0129645,8.952371,3177
1381,0.0007999116119765772,7.4409018,20.203287,181
1382,0.007371561153463706,3.852167,11.265056,1668
1383,0.0019710529223290244,1.0045378,6.00043,446
1384,0.02782454977350569,1.7389379,8.32786,6296
1385,0.0020903767539498398,2.3591402,7.0910115,473
1386,0.008653187493094686,2.5392294,10.207221,1958
1387,0.0019445365153021765,2.455158,11.316442,440
1388,0.0016749530438625567,2.2825334,11.134493,379
1389,0.003973041652856038,1.6580988,6.3743052,899
1390,0.0005745221522483703,8.080179,20.395754,130
1391,0.0012285935255772842,3.7953703,15.582661,278
1392,0.001493757595845763,5.278646,13.186415,338
1393,0.002678157109711634,1.8117621,7.7105865,606
1394,0.0015335322063860348,4.2838407,13.594276,347
1395,0.003142194232681472,3.3605525,10.56553,711
1396,0.016095459065296653,1.6790054,7.3940434,3642
1397,0.001851729090708209,3.495999,14.417283,419
1398,0.0008750414318859795,3.5587444,12.143191,198
1399,0.0217169373549884,1.778005,12.126249,4914
1400,0.00048613412882554414,9.130491,24.556358,110
1401,0.014084631532427356,1.4545779,6.1093,3187
1402,0.000897138437741686,8.245563,22.008913,203
1403,0.0009766876588222296,6.3956933,19.211264,221
1404,0.0010164622693625014,4.757705,14.153923,230
1405,0.0008927190365705447,2.3520653,18.660711,202
1406,0.009161418627775936,2.0588193,8.513859,2073
1407,0.0007910728096342946,4.0751004,12.904529,179
1408,0.002382057231245166,2.5109136,11.644401,539
1409,0.0021301513644901115,1.4968101,9.41478,482
1410,0.0028460943542150037,3.290983,15.561892,644
1411,0.001909181305933046,3.5954669,10.612055,432
1412,0.0012330129267484255,3.226716,17.88706,279
1413,0.010717047840017677,3.3618827,11.242847,2425
1414,0.0011181084962987515,4.3767986,17.58404,253
1415,0.0015246934040437522,5.584532,18.910185,345
1416,0.0012153353220638603,4.1202607,15.691728,275
1417,0.0006098773616175008,11.485692,23.219172,138
1418,0.0016307590321511436,2.3755443,12.541314,369
1419,0.0023334438183626118,3.2445912,12.668604,528
1420,0.0016882112473759806,2.308598,9.69832,382
1421,0.0011667219091813059,3.313961,12.337238,264
1422,0.007601370014363054,1.3210722,5.548858,1720
1423,0.0006098773616175008,7.1164513,20.37078,138
1424,0.0009059772400839686,0.9927878,4.982627,205
1425,0.0029344823776378303,2.3276575,10.134563,664
1426,0.004649210032040658,1.7935184,8.127349,1052
1427,0.0028991271682687,2.3757775,10.207917,656
1428,0.0019710529223290244,2.7228863,8.9526615,446
1429,0.0014893381946746217,2.9900725,10.672055,337
1430,0.001025301071704784,3.3942475,9.918263,232
1431,0.0019710529223290244,2.1172612,10.766571,446
1432,0.0013611755607115235,5.1456203,13.383852,308
1433,0.0004154237100872832,2.703542,19.942165,94
1434,0.0017147276544028285,3.0894787,13.782233,388
1435,0.0016042426251242957,3.7202454,10.703878,363
1436,0.005307700806540714,2.5162313,7.7801976,1201
1437,0.005899900563473649,2.176319,8.639028,1335
1438,0.0021124737598055463,2.2557592,12.480266,478
1439,0.0019754723235001657,3.210833,12.499799,447
1440,0.026087725113247154,1.3954412,5.979912,5903
1441,0.001140205502154458,3.0499048,10.294583,258
1442,0.0005524251463926638,9.565289,20.654861,125
1443,0.0033675836924096786,2.4059887,10.140497,762
1444,0.004671307037896365,1.6411765,7.9517093,1057
1445,0.0018163738813390786,3.627237,11.430813,411
1446,0.0026295436968290795,2.5177383,9.631895,595
1447,0.000839686222516849,2.9051454,18.928152,190
1448,0.006478842116893161,2.1420243,7.854291,1466
1449,0.0027444481272787535,1.5848298,7.3932014,621
1450,0.0033675836924096786,1.7443414,5.9759016,762
1451,0.000954590652966523,3.5642889,11.137475,216
1452,0.001608662026295437,5.7632465,17.043293,364
1453,0.006553971936802563,2.2835503,9.231614,1483
1454,0.0008043310131477185,3.9956975,19.810112,182
1455,0.0014009501712517953,3.1894507,11.023909,317
1456,0.0017279858579162524,3.1599848,11.675219,391
1457,0.00519279637609104,2.2408268,9.11377,1175
1458,0.0008706220307148382,4.010924,16.33725,197
1459,0.005157441166721909,2.6863675,8.266003,1167
1460,0.009921555629212242,2.3944602,9.076718,2245
1461,0.001224174124406143,3.2643545,12.290716,277
1462,0.0020285051375538614,3.4862828,11.9924345,459
1463,0.0013611755607115235,6.4565897,19.545412,308
1464,0.0021124737598055463,2.0357456,6.961193,478
1465,0.0016616948403491327,4.5117435,16.46203,376
1466,0.003173130040879461,2.4460986,9.786436,718
1467,0.0007380399955805989,5.28286,18.605383,167
1468,0.003531101535741907,2.918588,8.601738,799
1469,0.0018428902883659264,2.1850967,8.141734,417
1470,0.003986299856369462,1.9483478,10.635745,902
1471,0.0010650756822450558,3.5514128,13.802487,241
1472,0.0015246934040437522,4.5498385,13.579697,345
1473,0.0018207932825102199,3.5920453,15.808365,412
1474,0.0013479173571980996,2.059852,15.726,305
1475,0.0013788531653960887,4.7664,12.484494,312
1476,0.0018694066953927743,4.4165163,10.785042,423
1477,0.004627113026184952,2.900131,11.1861105,1047
1478,0.003389680698265385,4.262108,12.826349,767
1479,0.004498950392221854,3.1536436,10.474855,1018
1480,0.0006319743674732073,4.4204636,14.684728,143
1481,0.0008662026295436968,2.475462,7.970493,196
1482,0.0030803226162854935,2.376893,11.250688,697
1483,0.005391669428792398,2.8485456,9.954409,1220
1484,0.001153463705667882,2.7093356,10.794502,261
1485,0.0006319743674732073,3.3745265,16.565422,143
1486,0.0023997348359297314,2.764037,10.57098,543
1487,0.001210915920892719,4.9209805,13.031433,274
1488,0.002753286929621036,4.64672,14.6352215,623
1489,0.002253894597282068,2.0872347,7.3949113,510
1490,0.0032350016572754393,3.1828115,9.960173,732
1491,0.002390896033587449,1.9478251,10.901777,541
1492,0.001878245497735057,3.4403028,16.406847,425
1493,0.0012993039443155452,4.1030517,16.280703,294
1494,0.0013479173571980996,5.4157224,19.995775,305
1495,0.0005214893381946746,2.6665385,16.24305,118
1496,0.0009501712517953817,4.419038,14.664257,215
1497,0.0011004308916141862,3.6550338,10.7579,249
1498,0.0011136890951276102,5.854456,14.878423,252
1499,0.00128162633963098,2.7557688,9.500606,290
1500,0.004538725002762126,2.7207248,9.980295,1027
1501,0.0020726991492652745,4.868252,13.296512,469
1502,0.0016130814274665783,4.4117985,13.476501,365
1503,0.0014230471771075018,5.3001103,16.098125,322
1504,0.014150922549994475,1.4820864,6.405707,3202
1505,0.0013744337642249474,3.5954258,13.327561,311
1506,0.0004110043089161419,10.742896,23.8794,93
1507,0.00880344713291349,1.7336578,6.498194,1992
1508,0.004313335543033919,3.0952482,9.488105,976
1509,0.0008264280190034251,5.690072,19.129074,187
1510,0.00404817147276544,1.8076639,7.65607,916
1511,0.00144956358413435,6.2070117,15.884148,328
1512,0.001325820351342393,6.6126933,23.175568,300
1513,0.0007778146061208707,5.3303676,13.736779,176
1514,0.0015467904098994587,6.4937572,16.040087,350
1515,0.0021478289691746768,4.322539,13.083208,486
1516,0.013032814053695723,2.82236,9.905494,2949
1517,0.0011225278974698928,4.180452,15.84666,254
1518,0.0020019887305270136,5.1903834,12.942702,453
1519,0.005016020329245387,2.3665688,10.922105,1135
1520,0.0033675836924096786,3.713637,13.170617,762
1521,0.0017279858579162524,5.755353,14.50274,391
1522,0.0009855264611645122,5.2637215,23.725344,223
1523,0.004242625124295658,1.9048562,8.397821,960
1524,0.001679372445033698,2.341932,8.353201,380
1525,0.0022583139984532095,2.1430721,9.429263,511
1526,0.0024174124406142966,2.1422641,9.479695,547
1527,0.00866644569660811,1.299143,5.221044,1961
1528,0.013514528781350127,1.7387844,6.1573806,3058
1529,0.0019577947188156005,3.3315284,10.112512,443
1530,0.0006938459838691857,2.569738,12.448542,157
1531,0.0012948845431444039,1.8552248,8.471668,293
1532,0.0027842227378190253,2.8488476,12.449318,630
1533,0.006523036128604574,1.7778493,8.507535,1476
1534,0.005254667992487018,1.8330282,8.605685,1189
1535,0.002178764777372666,5.616988,19.010298,493
1536,0.001224174124406143,2.3640683,9.327946,277
1537,0.001224174124406143,4.529455,15.082952,277
1538,0.0009943652635067948,4.437575,14.611671,225
1539,0.002390896033587449,2.711269,10.128229,541
1540,0.007561595403822782,2.2032082,8.252123,1711
1541,0.007026847862114684,2.4677002,13.498623,1590
1542,0.009788973594078003,1.6829901,6.9613137,2215
1543,0.0016705336426914154,2.7869081,11.195378,378
1544,0.005082311346812507,2.1403496,9.734037,1150
1545,0.0038492984200640813,2.4789293,9.502556,871
1546,0.0003049386808087504,10.472072,22.805342,69
1547,0.0017279858579162524,3.3422668,12.81796,391
1548,0.0017721798696276655,2.7023234,11.095871,401
1549,0.0014009501712517953,4.3083777,15.410819,317
1550,0.0005435863440503812,3.1310198,17.832132,123
1551,0.005895481162302508,2.6666744,10.07961,1334
1552,0.009890619821014253,2.6403491,8.816237,2238
1553,0.0026472213015136447,2.2396417,7.6911755,599
1554,0.006836813611755607,3.2631638,13.186379,1547
1555,0.007384819356977129,1.6033366,7.814869,1671
1556,0.001993149928184731,3.0882385,9.286362,451
1557,0.007694177438957022,1.3758962,9.84441,1741
1558,0.0010076234670202187,5.70623,16.828106,228
1559,0.0017014694508894045,4.063981,14.890154,385
1560,0.0019843111258424483,3.4008577,12.155548,449
1561,0.003703458181416418,2.4677253,7.9908376,838
1562,0.0007424593967517402,1.623864,10.190694,168
1563,0.0006142967627886421,6.692757,19.165699,139
1564,0.00944426030272898,1.3550707,4.8751845,2137
1565,0.0011755607115235885,4.4036245,17.789013,266
1566,0.0017324052590873937,3.7793448,10.779374,392
1567,0.006412551099326041,1.6922808,8.602075,1451
1568,0.003274776267815711,2.373288,9.026834,741
1569,0.0016749530438625567,2.8639913,12.18146,379
1570,0.0012020771185504364,6.3526397,23.145206,272
1571,0.0014584023864766325,2.31531,9.01464,330
1572,0.0013302397525135343,4.954055,15.10178,301
1573,0.004781792067174898,1.7606227,9.492825,1082
1574,0.011609766876588223,1.68826,8.454039,2627
1575,0.02226052369903878,3.1033676,11.147325,5037
1576,0.0016970500497182632,2.9965043,10.749299,384
1577,0.010403270356866645,1.4194021,7.5726843,2354
1578,0.0007954922108054359,3.6834598,13.690643,180
1579,0.0016484366368357088,2.6822195,8.446447,373
1580,0.019953596287703015,1.4691007,9.124429,4515
1581,0.0019136007071041874,3.6562989,18.909794,433
1582,0.0027311899237653296,2.34886,8.596492,618
1583,0.0019975693293558723,2.9069693,13.481545,452
1584,0.001864987294221633,4.8453393,12.339883,422
1585,0.0008175892166611424,2.5661664,11.831334,185
1586,0.0009634294553088057,2.5832288,12.96573,218
1587,0.00812285935255773,1.2828275,5.5666537,1838
1588,0.005320959010054137,6.513638,14.205805,1204
1589,0.0015423710087283174,3.776083,11.066022,349
1590,0.0007645564026074467,5.146513,19.098835,173
1591,0.001794276875483372,3.3316927,11.458831,406
1592,0.0013169815490001104,3.6455731,14.002266,298
1593,0.001564468014584024,2.5368881,11.806821,354
1594,0.0005524251463926638,7.8647037,15.850123,125
1595,0.0008927190365705447,5.5004077,14.873431,202
1596,0.012643906750635288,2.7180798,12.044958,2861
1597,0.0022450557949397856,3.2795238,14.905434,508
1598,0.0026693183073693513,2.9961991,11.936885,604
1599,0.000839686222516849,2.441669,14.35736,190
1600,0.0008175892166611424,3.8034103,13.058519,185
1601,0.0011843995138658711,3.1274414,15.723717,268
1602,0.0012948845431444039,3.8389456,12.041326,293
1603,0.0017721798696276655,3.5208418,10.045082,401
1604,0.0015556292122417413,4.0322514,11.822745,352
1605,0.001750082863771959,3.101447,13.87758,396
1606,0.015291128052148934,1.584239,5.508945,3460
1607,0.00044194011711413104,7.059818,17.0421,100
1608,0.004441498176997017,1.5063316,5.588867,1005
1609,0.0007778146061208707,6.136731,14.392459,176
1610,0.00144956358413435,3.5396047,13.220379,328
1611,0.0004198431112584245,5.4796414,16.574469,95
1612,0.0014186277759363605,2.4694958,12.878401,321
1613,0.0036194895591647332,1.7329429,8.06115,819
1614,0.003230582256104298,4.010759,12.577618,731
1615,0.0011799801126947298,1.598589,9.282962,267
1616,0.0017721798696276655,4.17378,10.657047,401
1617,0.003186388244392885,1.7154586,8.009716,721
1618,0.00256325267926196,2.3496978,8.116529,580
1619,0.009006739586785991,2.5548272,8.11574,2038
1620,0.006386034692299193,1.5573708,5.363261,1445
1621,0.0027046735167384818,1.8568658,8.012394,612
1622,0.021977682024085735,3.136355,11.468078,4973
1623,0.0008352668213457077,6.841216,14.032721,189
1624,0.0010297204728759253,4.2369084,13.640619,233
1625,0.000768975803778588,3.8380494,15.611622,174
1626,0.002037343939896144,4.0221496,12.288055,461
1627,0.0010473980775604905,3.3012443,16.067924,237
1628,0.0023732184289028836,2.990947,12.486574,537
1629,0.011017567119655286,1.4245688,6.6771245,2493
1630,0.0003491326925201635,6.8949294,19.154354,79
1631,0.0015556292122417413,2.133767,7.4364505,352
1632,0.0026604795050270687,3.045767,13.160695,602
1633,0.0019047619047619048,2.8862412,10.167621,431
1634,0.0009943652635067948,3.73311,11.149163,225
1635,0.004892277096453431,2.515635,10.586833,1107
1636,0.000570102751077229,6.8567553,19.767405,129
1637,0.0016175008286377197,3.5783434,14.889368,366
1638,0.0015733068169263066,3.5678782,11.406442,356
1639,0.001878245497735057,2.822229,11.544276,425
1640,0.0007380399955805989,6.7030644,15.452772,167
1641,0.0018826648989061982,2.1493034,9.354783,426
1642,0.0007778146061208707,6.704269,19.704292,176
1643,0.0019003425035907635,1.8639086,9.274346,430
1644,0.00040658490774500057,3.5340014,18.522615,92
1645,0.00048613412882554414,2.6629481,17.737286,110
1646,0.002324605016020329,3.3761353,10.642736,526
1647,0.0004596177217986963,9.1772,21.883238,104
1648,0.0016970500497182632,3.0569406,13.709254,384
1649,0.00239531543475859,4.8643823,12.606391,542
1650,0.000570102751077229,7.459396,17.207075,129
1651,0.0018252126836813612,2.9158044,8.637446,413
1652,0.0018959231024196221,3.9733543,11.053656,429
1653,0.0020859573527786984,2.439653,8.647979,472
1654,0.0010429786763893492,2.749638,10.652116,236
1655,0.05307700806540714,2.58666,14.995198,12010
1656,0.0012285935255772842,5.407881,15.378864,278
1657,0.0004640371229698376,2.876359,13.900711,105
1658,0.002479284057010275,2.7820807,11.163571,561
1659,0.0019268589106176113,2.2926104,8.697782,436
1660,0.0008220086178322838,7.094765,22.5535,186
1661,0.001608662026295437,3.9222782,14.136624,364
1662,0.002748867528449895,2.3713217,7.258367,622
1663,0.0010518174787316318,4.1989665,13.508966,238
1664,0.0009059772400839686,6.8572106,22.11454,205
1665,0.0007424593967517402,5.7409353,18.750008,168
1666,0.0008617832283725555,5.910646,13.633782,195
1667,0.0013700143630538061,3.4370484,12.521601,310
1668,0.00266489890619821,2.0405176,9.361114,603
1669,0.0014053695724229366,4.7146797,12.663834,318
1670,0.0029256435752955477,2.7351868,8.607853,662
1671,0.004675726439067506,4.4915934,11.505203,1058
1672,0.0024306706441277206,3.088584,13.712916,550
1673,0.006142967627886422,3.1147373,9.301761,1390
1674,0.008334990608772512,2.1815841,9.17517,1886
1675,0.001025301071704784,4.5456076,14.828644,232
1676,0.008962545575074577,1.9835356,7.6346464,2028
1677,0.0023290244171914705,2.9437985,12.832682,527
1678,0.0010650756822450558,3.8498194,11.464635,241
1679,0.0010164622693625014,6.030838,16.555782,230
1680,0.0019003425035907635,3.3920617,14.287874,430
1681,0.00475527566014805,1.7752708,7.485534,1076
1682,0.0035929731521378854,2.1280775,7.8481717,813
1683,0.0016130814274665783,2.543335,10.7596855,365
1684,0.00048613412882554414,7.122138,21.370445,110
1685,0.0029830957905203847,2.7172797,9.204289,675
1686,0.01649762457187051,1.7255459,9.9941225,3733
1687,0.0004772953264832615,5.5292697,18.708546,108
1688,0.011004308916141863,1.9034672,9.020493,2490
1689,0.009081869406695392,2.419281,7.8948956,2055
1690,0.0017456634626008176,3.8981562,12.203768,395
1691,0.0017633410672853829,2.789125,9.396212,399
1692,0.001268368136117556,3.4138029,10.005422,287
1693,0.0006142967627886421,11.537492,30.512186,139
1694,0.001507015799359187,3.563475,14.892648,341
1695,0.0011225278974698928,2.8633444,13.817097,254
1696,0.0014584023864766325,2.9723692,8.352681,330
1697,0.0014186277759363605,4.831217,15.422237,321
1698,0.0029123853717821237,2.6046414,10.135938,659
1699,0.001953375317644459,3.086607,8.352989,442
1700,0.001082753286929621,4.445407,15.97577,245
1701,0.001993149928184731,2.5395188,14.849491,451
1702,0.0020417633410672853,3.7123377,10.008253,462
1703,0.0013567561595403822,4.657684,13.674195,307
1704,0.006191581040768976,1.601096,5.436763,1401
1705,0.011645122085957353,1.5058731,5.733569,2635
1706,0.01575958457628991,1.8523605,6.73054,3566
1707,0.0006805877803557617,6.644011,19.183136,154
1708,0.002625124295657938,2.17825,15.106468,594
1709,0.0024616064523257097,3.2839675,9.903887,557
1710,0.0009811070599933709,3.144152,23.563097,222
1711,0.003429455308805657,1.8538928,5.638473,776
1712,0.007464368578057673,2.3256907,8.13621,1689
1713,0.0008573638272014142,4.380688,16.47487,194
1714,0.0010429786763893492,5.46783,17.880602,236
1715,0.0018561484918793504,3.9615932,15.0538645,420
1716,0.018632195337531764,1.6278938,6.391116,4216
1717,0.001564468014584024,3.3077319,11.212328,354
1718,0.0016749530438625567,3.4029639,12.723369,379
1719,0.0012595293337752734,3.8482645,12.461446,285
1720,0.0012772069384598386,4.6955385,18.077684,289
1721,0.0010871726881007623,3.4082913,12.191458,246
1722,0.001692630648547122,3.3466358,15.47321,383
1723,0.0015909844216108718,2.8168175,11.457067,360
1724,0.0021831841785438072,3.3358254,10.72493,494
1725,0.0007601370014363054,2.7362278,16.107948,172
1726,0.0007159429897248923,4.544385,16.964249,162
1727,0.0030626450116009282,5.949512,14.881152,693
1728,0.003889073030604353,3.0693073,9.189707,880
1729,0.006142967627886422,1.6543508,7.3121467,1390
1730,0.0015423710087283174,3.5854023,10.1372795,349
1731,0.0006894265826980444,6.6906724,17.928865,156
1732,0.006505358523920009,1.4715502,6.524701,1472
1733,0.0073538835487791405,2.5728836,8.512477,1664
1734,0.0016572754391779914,3.0415814,11.292273,375
1735,0.011110374544249254,2.6207547,8.6677265,2514
1736,0.0014981769970169043,3.6160746,11.961149,339
1737,0.001736824660258535,3.673445,12.650866,393
1738,0.0014672411888189151,2.5625615,10.218691,332
1739,0.0004154237100872832,4.902291,13.208237,94
1740,0.006089934813832726,2.6945648,10.319508,1378
1741,0.001339078554855817,2.9224417,8.084631,303
1742,0.005577284277980333,2.7030702,11.722523,1262
1743,0.0006187161639597834,7.716253,20.272722,140
1744,0.002837255551872721,3.3311515,9.326951,642
1745,0.0011755607115235885,5.4555106,13.797713,266
1746,0.0012860457408021212,2.8358548,13.634089,291
1747,0.0009987846646779361,3.7226794,13.746763,226
1748,0.0005745221522483703,11.949602,30.36089,130
1749,0.0004198431112584245,11.535794,20.657516,95
1750,0.007950502706883217,2.6526227,8.853192,1799
1751,0.008962545575074577,1.0150477,3.703834,2028
1752,0.0013523367583692409,5.5630856,18.107233,306
1753,0.0010341398740470666,4.7711616,12.740897,234
1754,0.009081869406695392,1.5882409,6.2012343,2055
1755,0.0024439288476411445,2.9142718,12.975832,553
1756,0.0010871726881007623,3.4842198,11.516044,246
1757,0.0012285935255772842,4.0887833,12.206939,278
1758,0.002249475196110927,3.9557436,14.1454115,509
1759,0.0016616948403491327,5.6068482,21.124489,376
1760,0.0013214009501712517,1.9840652,12.569138,299
1761,0.0020417633410672853,1.8289893,7.8705735,462
1762,0.0070754612749972376,1.5079769,5.839264,1601
1763,0.002081537951607557,2.2119272,13.086731,471
1764,0.0024041542371008727,2.939561,14.082132,544
1765,0.0012374323279195668,4.2875566,15.403953,280
1766,0.000698265385040327,4.4022355,17.274742,158
1767,0.0016970500497182632,3.289217,12.461581,384
1768,0.0011004308916141862,5.012948,14.740979,249
1769,0.0006054579604463595,4.2821407,17.076065,137
1770,0.0015998232239531544,2.9916172,12.193545,362
1771,0.004052590873936582,1.6549993,7.0845337,917
1772,0.001312562147828969,3.5705106,12.979091,297
1773,0.000570102751077229,7.9968266,19.675432,129
1774,0.005714285714285714,1.6917046,10.519172,1293
1775,0.0008750414318859795,3.8032682,10.34016,198
1776,0.0010562368799027731,4.1543784,11.596648,239
1777,0.000512650535852392,10.217749,21.709164,116
1778,0.0010429786763893492,3.7266042,9.502475,236
1779,0.03179317202519059,1.4786576,4.4996347,7194
1780,0.012962103634957462,2.0863013,7.191103,2933
1781,0.002625124295657938,3.8845396,13.429569,594
1782,0.0012064965197215777,5.627605,16.33511,273
1783,0.005290023201856149,2.0878181,7.776085,1197
1784,0.001736824660258535,4.078611,14.061998,393
1785,0.00045519832062755497,8.356218,22.7423,103
1786,0.0012374323279195668,5.598472,18.918102,280
1787,0.0018031156778256546,2.7045498,11.249423,408
1788,0.0043177549442050605,2.8323433,9.34622,977
1789,0.0010164622693625014,5.3288236,12.847798,230
1790,0.00138327256656723,5.554935,13.999358,313
1791,0.0008794608330571208,6.052671,19.129347,199
1792,0.0008617832283725555,5.550626,13.2092,195
1793,0.0017147276544028285,5.3606377,19.05889,388
1794,0.0016528560380068501,1.5311297,7.672135,374
1795,0.0008220086178322838,2.4175234,16.255486,186
1796,0.004658048834382941,3.3815129,11.434333,1054
1797,0.045378411225278976,6.546244,13.528231,10268
1798,0.05225941884874599,1.4509641,7.901614,11825
1799,0.0012285935255772842,2.9240243,10.750291,278
1800,0.0025190586675505468,1.6321275,10.053018,570
1801,0.007327367141752293,2.376521,9.006727,1658
1802,0.002081537951607557,3.3232334,10.299271,471
1803,0.0006054579604463595,6.441545,16.4686,137
1804,0.0025588332780908185,3.7678406,17.235056,579
1805,0.0006850071815269031,3.701291,18.581245,155
1806,0.0009766876588222296,4.3329844,12.855531,221
1807,0.005334217213567562,1.7968621,7.901017,1207
1808,0.0028637719588995693,2.4152293,9.116637,648
1809,0.010637498618937135,2.0769913,12.0156145,2407
1810,0.0005966191581040769,6.4227214,15.398905,135
1811,0.0017014694508894045,3.4655352,10.713735,385
1812,0.001692630648547122,3.996347,15.997541,383
1813,0.0005966191581040769,7.7920856,19.33221,135
1814,0.002960998784664678,2.3104477,9.581277,670
1815,0.04409678488564799,2.188423,7.8240585,9978
1816,0.0011225278974698928,4.6804886,13.095242,254
1817,0.001409788973594078,3.7600462,14.563816,319
1818,0.0043177549442050605,2.3597553,11.163094,977
1819,0.0015688874157551653,2.9660194,11.927238,355
1820,0.0027886421389901666,2.1234667,7.7760468,631
1821,0.00229366920782234,3.1944306,13.280064,519
1822,0.0016572754391779914,3.9967299,10.145524,375
1823,0.01861893713401834,1.6301327,5.6993303,4213
1824,0.0062180974477958235,1.8584248,5.525807,1407
1825,0.012462711302618496,2.2098126,8.056339,2820
1826,0.006315324273560932,1.9461205,7.8378863,1429
1827,0.0036946193790741355,3.3037472,8.794202,836
1828,0.0010871726881007623,5.7170196,16.664831,246
1829,0.0015688874157551653,5.4838758,15.577009,355
1830,0.0027886421389901666,2.4239063,10.329583,631
1831,0.003562037343939896,1.651359,9.386849,806
1832,0.0006054579604463595,3.8689485,13.904782,137
1833,0.002819577947188156,2.5048966,11.806899,638
1834,0.0017765992707988068,3.6869545,16.81312,402
1835,0.0020859573527786984,2.5496216,7.621884,472
1836,0.0030051927963760912,2.156403,6.56458,680
1837,0.0060103855927521824,1.3993539,8.533217,1360
1838,0.007977019113910066,2.1588128,8.296989,1805
1839,0.0007999116119765772,5.017923,15.9754925,181
1840,0.0009192354435973926,3.2323925,10.117442,208
1841,0.0015998232239531544,3.09539,7.5217404,362
1842,0.002505800464037123,3.194569,9.984898,567
1843,0.0022715722019666334,3.1356127,10.602815,514
1844,0.0022185393879129377,4.163344,12.047111,502
1845,0.01187051154568556,1.5222589,6.1484647,2686
1846,0.0009722682576510883,3.4713006,12.022823,220
1847,0.0025853496851176664,2.902177,9.855489,585
1848,0.0017191470555739698,3.4921432,10.208461,389
1849,0.0010076234670202187,6.2387147,18.668638,228
1850,0.0006142967627886421,4.4935,19.647186,139
1851,0.000570102751077229,5.318154,15.091625,129
1852,0.0020594409457518506,2.1024065,8.950485,466
1853,0.002324605016020329,3.0671282,11.5006895,526
1854,0.00011490443044967407,5.475587,26.859814,26
1855,0.0015467904098994587,3.5715096,13.9346285,350
1856,0.0011755607115235885,6.292971,18.675385,266
1857,0.0023467020218760357,3.8046587,13.572796,531
1858,0.0005966191581040769,5.788663,15.627044,135
1859,0.0008750414318859795,6.5566425,17.974813,198
1860,0.00192243950944647,3.2170515,12.33864,435
1861,0.0024041542371008727,3.4913418,17.071386,544
1862,0.0011799801126947298,4.0671134,10.764935,267
1863,0.0014981769970169043,5.1478415,16.784088,339
1864,0.0012506905314329908,3.1018922,7.64455,283
1865,0.008516186056789304,3.036161,8.282378,1927
1866,0.001878245497735057,2.8727896,11.405706,425
1867,0.002709092917909623,2.1187553,8.333292,613
1868,0.0020461827422384267,3.5609243,9.736407,463
1869,0.005449121644017236,1.6698514,6.563767,1233
1870,0.0018252126836813612,1.9568573,8.458643,413
1871,0.003014031598718374,5.540225,12.539093,682
1872,0.003460391117003646,2.6755106,12.448671,783
1873,0.0010650756822450558,7.180389,15.719232,241
1874,0.012493647110816485,1.5393959,9.176353,2827
1875,0.0010076234670202187,6.1076226,22.383877,228
1876,0.0027974809413324492,3.7668216,12.568113,633
1877,0.0009280742459396752,4.5713053,11.850021,210
1878,0.033503480278422273,1.5671551,6.6694818,7581
1879,0.026193790741354545,2.554211,9.178856,5927
1880,0.0015335322063860348,3.677074,11.475698,347
1881,0.0024174124406142966,2.9605331,10.041252,547
1882,0.0017279858579162524,3.3204088,12.314859,391
1883,0.0010562368799027731,2.5992348,10.421535,239
1884,0.0014539829853054912,4.2487164,13.674144,329
1885,0.0022450557949397856,1.8954102,7.1322594,508
1886,0.0018561484918793504,5.091068,15.207471,420
1887,0.0012462711302618495,3.9447985,14.3026495,282
1888,0.010407689758037787,1.8938426,8.5244465,2355
1889,0.0010915920892719036,5.605585,19.87558,247
1890,0.005144182963208485,1.9421431,11.114284,1164
1891,0.001750082863771959,3.789003,11.397719,396
1892,0.01221080543586344,2.0902789,9.042507,2763
1893,0.0011357861009833167,5.5369034,17.484545,257
1894,0.0027621257319633188,3.7363417,16.358873,625
1895,0.005948513976356204,1.8721398,9.225577,1346
1896,0.0010341398740470666,4.7966866,17.034779,234
1897,0.0016351784333222849,3.098388,8.493655,370
1898,0.0051751187714064745,2.5788274,10.460851,1171
1899,0.0014672411888189151,2.0188663,20.629278,332
1900,0.0008352668213457077,4.465801,16.880571,189
1901,0.004118881891503701,2.5992332,9.902787,932
1902,0.0011623025080101646,6.2791934,13.122925,263
1903,0.0006717489780134791,3.417595,15.346981,152
1904,0.0007468787979228815,8.438152,18.83714,169
1905,0.0007071041873826096,4.790045,13.684341,160
1906,0.002651640702684786,3.5257118,12.925765,600
1907,0.00886531874930947,1.7194295,6.9931755,2006
1908,0.0009015578389128273,2.9867277,16.722704,204
1909,0.002709092917909623,2.2476218,11.62636,613
1910,0.004985084521047398,1.392902,5.9856663,1128
1911,0.0028460943542150037,3.463866,12.435809,644
1912,0.012144514418296322,1.5173649,7.250425,2748
1913,0.049572422936692076,1.8887796,7.0475407,11217
1914,0.001025301071704784,3.7823682,13.731385,232
1915,0.0004684565241409789,5.375797,19.660967,106
1916,0.004264722130151365,2.6626058,9.595028,965
1917,0.00039774610540271795,7.4286895,22.493479,90
1918,0.01282068279748094,2.486308,9.115015,2901
1919,0.03296431333554303,1.1394906,6.6870637,7459
1920,0.0007468787979228815,4.799897,14.216249,169
1921,0.002448348248812286,2.6054835,10.29774,554
1922,0.016144072478179207,1.721532,6.9374228,3653
1923,0.0018694066953927743,5.0463862,19.742014,423
1924,0.0009722682576510883,4.571275,16.3905,220
1925,0.010001104850292786,2.46992,10.464956,2263
1926,0.0024704452546679924,2.319692,11.757556,559
1927,0.0011313666998121754,2.9012103,9.907425,256
1928,0.0018605678930504917,2.5391543,9.749717,421
1929,0.00815821456192686,1.6126952,6.8363037,1846
1930,0.0015158546017014695,2.588184,11.391818,343
1931,0.001069495083416197,6.955171,18.063875,242
1932,0.0030935808197989174,3.478491,14.286848,700
1933,0.0005435863440503812,5.6165156,16.593609,123
1934,0.003416197105292233,1.5061873,9.761626,773
1935,0.006244613854822671,25.65619,38.916946,1413
1936,0.001666114241520274,2.8705118,10.646498,377
1937,0.0029256435752955477,2.454875,11.399253,662
1938,0.011287150591094907,3.0740683,11.932987,2554
1939,0.0014893381946746217,3.7668056,14.82771,337
1940,0.0016351784333222849,3.623917,12.967739,370
1941,0.008542702463816153,2.0214787,7.7421994,1933
1942,0.0017058888520605458,4.008274,12.169636,386
1943,0.0007336205944094576,7.769395,20.984428,166
1944,0.0013081427466578278,3.3773131,9.245748,296
1945,0.0011623025080101646,2.9231586,20.290598,263
1946,0.007813501270577837,1.6497972,7.023767,1768
1947,0.0012904651419732625,2.860653,14.425018,292
1948,0.0023334438183626118,4.173858,17.353737,528
1949,0.0022848304054800574,4.2138505,11.266849,517
1950,0.0018694066953927743,3.1860545,12.840588,423
1951,0.001851729090708209,4.150805,15.52104,419
1952,0.00421610871726881,1.6023932,6.9864383,954
1953,0.0018826648989061982,3.475033,10.630712,426
1954,0.0010032040658490774,4.0152974,11.495033,227
1955,0.0034692299193459287,1.8962855,8.585387,785
1956,0.0012462711302618495,3.4865952,13.301076,282
1957,0.00748646558391338,2.6289232,9.4242525,1694
1958,0.001595403822782013,3.6810696,11.009425,361
1959,0.0023290244171914705,2.0924745,10.190074,527
1960,0.0035841343497956027,3.3250468,11.072233,811
1961,0.0013479173571980996,3.428481,14.59487,305
1962,0.002678157109711634,2.724811,9.574434,606
1963,0.0011313666998121754,4.584298,14.110259,256
1964,0.0018163738813390786,2.610093,10.195909,411
1965,0.0022980886089934813,2.0807176,8.112271,520
1966,0.0018428902883659264,2.4932373,9.2201805,417
1967,0.0002695834714396199,0.6257295,1.1616817,61
1968,0.0006540713733289139,2.4549315,13.3393755,148
1969,0.04392442823997349,2.2118287,8.172245,9939
1970,0.0013302397525135343,4.32381,13.362205,301
1971,0.0014672411888189151,3.8309565,15.174816,332
1972,0.0008617832283725555,4.952155,15.373713,195
1973,0.0013169815490001104,7.0016255,15.338674,298
1974,0.0010518174787316318,4.506014,16.028841,238
1975,0.0013434979560269583,1.839646,6.1347914,304
1976,0.0003181968843221743,3.1593869,16.53144,72
1977,0.0005745221522483703,2.866299,12.831434,130
1978,0.0009811070599933709,4.309734,15.520754,222
1979,0.0008794608330571208,3.6319015,14.066171,199
1980,0.0011357861009833167,5.708197,16.436888,257
1981,0.0013479173571980996,5.4709187,15.640293,305
1982,0.0042028505137553865,2.4833803,8.460843,951
1983,0.0008441056236879903,2.7873704,13.442256,191
1984,0.0021301513644901115,3.024361,11.1651745,482
1985,0.006200419843111258,2.0843954,7.3074517,1403
1986,0.0006319743674732073,7.6793036,18.8269,143
1987,0.0018252126836813612,2.9526572,12.472049,413
1988,0.0014981769970169043,3.7522109,16.982962,339
1989,0.002625124295657938,2.1228793,8.877134,594
1990,0.005404927632305823,1.7912467,7.693152,1223
1991,0.0011313666998121754,3.1178837,13.23586,256
1992,0.0035841343497956027,1.6965446,5.947345,811
1993,0.0009015578389128273,3.6031199,12.511925,204
1994,0.0008706220307148382,7.944695,19.396746,197
1995,0.0025588332780908185,2.3417768,13.8940735,579
1996,0.0013081427466578278,4.490274,13.440821,296
1997,0.0017589216661142416,1.7621226,12.193732,398
1998,0.0018252126836813612,3.7076638,13.743807,413
1999,0.0014407247817920673,3.6906435,14.631043,326
2000,0.0008573638272014142,5.7617836,12.526297,194
2001,0.000627554966302066,5.0026894,14.493469,142
2002,0.012453872500276212,1.2423719,5.708785,2818
2003,0.0008352668213457077,4.67048,13.067933,189
2004,0.0038537178212352226,1.999191,10.840103,872
2005,0.001197657717379295,4.088411,11.18289,271
2006,0.01069495083416197,1.5957112,7.7718163,2420
2007,0.0007733952049497294,6.981255,14.684464,175
2008,0.0021699259750303833,3.2802076,11.9741125,491
2009,0.0011048502927853276,4.269102,12.550511,250
2010,0.0029212241741244063,2.5098932,7.6966796,661
2011,0.0019622141199867418,2.0817041,8.665371,444
2012,0.0011490443044967406,3.8308752,11.666288,260
2013,0.0029698375870069607,2.4612243,13.884699,672
2014,0.0021831841785438072,3.1937308,13.185963,494
2015,0.0006452325709866313,4.0072103,14.044445,146
2016,0.0021699259750303833,2.8185658,13.903887,491
2017,0.0016970500497182632,2.9920857,8.725918,384
2018,0.0005921997569329356,1.6872507,9.498645,134
2019,0.0007954922108054359,7.071686,24.145218,180
2020,0.0030670644127720696,1.8505876,6.784068,694
2021,0.001197657717379295,4.8304725,12.831898,271
2022,0.003115677825654624,3.1114845,14.184029,705
2023,0.001126947298641034,1.2759229,10.282726,255
2024,0.0013567561595403822,4.197099,13.822728,307
2025,0.001140205502154458,5.928626,16.241383,258
2026,0.0056170588885206055,2.2479544,8.560762,1271
2027,0.005290023201856149,1.8371675,7.0083947,1197
2028,0.002620704894486797,2.8531368,9.66313,593
2029,0.011998674179648658,1.88927,7.7431183,2715
2030,0.001069495083416197,4.9256682,22.28137,242
2031,0.0015202740028726108,2.4203885,10.420116,344
2032,0.0007159429897248923,2.586144,9.15642,162
2033,0.0013921113689095127,5.1111374,17.730341,315
2034,0.001339078554855817,3.8297782,13.248475,303
2035,0.004185172909070821,1.4205453,8.640095,947
2036,0.0042514639266379405,2.884688,12.1174755,962
2037,0.015118771406474423,3.2735252,10.98026,3421
2038,0.0009590100541376643,5.751796,15.469125,217
2039,0.005961772179869628,2.5559013,8.207561,1349
2040,0.014429344823776379,1.986346,7.9502797,3265
2041,0.0004772953264832615,8.492014,19.817944,108
2042,0.0046182742238426696,1.937739,8.736739,1045
2043,0.0017412440614296763,2.7071474,9.912541,394
2044,0.0020461827422384267,2.393731,14.281594,463
2045,0.01760689426582698,1.8180054,7.3856573,3984
2046,0.0016351784333222849,2.7100658,7.524149,370
2047,0.00438404596177218,4.0294676,11.935699,992
2048,0.010412109159208927,1.4069083,6.8156104,2356
2049,0.0006363937686443487,2.8039153,10.57441,144
2050,0.008670865097779252,2.1212063,7.1831427,1962
2051,0.0009015578389128273,4.0092874,12.23778,204
2052,0.001096011490443045,3.4812064,11.577019,248
2053,0.0022317975914263617,2.3515825,8.812602,505
2054,0.0011711413103524472,3.1145873,12.870165,265
2055,0.0020329245387250027,2.8060386,10.509884,460
2056,0.014221632968732736,2.4114761,11.005623,3218
2057,0.0007954922108054359,7.26816,21.613258,180
2058,0.03610208816705336,2.0642467,7.008034,8169
2059,0.0015202740028726108,3.126548,9.502811,344
2060,0.0009324936471108165,3.386107,16.833767,211
2061,0.004786211468346039,2.1764805,10.050123,1083
2062,0.0012639487349464147,3.902302,11.458628,286
2063,0.0008750414318859795,1.7881004,5.896573,198
2064,0.011737929510551321,2.332518,8.451608,2656
2065,0.0007292011932383163,6.798786,18.359505,165
2066,0.0015114352005303282,3.1685257,13.779361,342
2067,0.00401281626339631,2.137081,8.289109,908
2068,0.0035222627333996244,2.3494563,8.710297,797
2069,0.0005612639487349464,5.451689,12.181011,127
2070,0.0008175892166611424,8.260309,17.734957,185
2071,0.002337863219533753,3.3595529,13.01557,529
2072,0.0008750414318859795,4.141416,13.877465,198
2073,0.00144956358413435,3.3116312,11.312557,328
2074,0.022826207048944867,1.4320362,6.232656,5165
2075,0.0021566677715169594,4.5636115,11.8769865,488
2076,0.0016307590321511436,3.4329422,15.096601,369
2077,0.005740802121312562,2.1648858,9.640706,1299
2078,0.0020329245387250027,3.7684715,10.46304,460
2079,0.0011667219091813059,6.136252,15.824802,264
2080,0.0010429786763893492,4.9091864,14.171266,236
2081,0.0024837034581814163,2.9588344,13.254564,562
2082,0.0005877803557617943,3.1929257,19.840551,133
2083,0.0009811070599933709,4.2490673,11.223188,222
2084,0.005727543917799139,2.3235261,10.313995,1296
2085,0.0007336205944094576,6.4633355,19.340546,166
2086,0.0018605678930504917,2.9942229,9.723032,421
2087,0.007800243067064413,1.9458342,9.670493,1765
2088,0.000967848856479947,5.4442325,15.877877,219
2089,0.0009059772400839686,8.238562,18.230633,205
2090,0.002479284057010275,3.1559937,15.804007,561
2091,0.0005745221522483703,4.788159,17.63355,130
2092,0.015702132361065074,1.8370849,9.462086,3553
2093,0.0009943652635067948,2.9282815,13.487657,225
2094,0.0011136890951276102,4.995212,15.984805,252
2095,0.005272345597171583,1.2350129,5.5203066,1193
2096,0.007636725223732184,1.7878603,5.7725697,1728
2097,0.004547563805104409,1.5426998,10.017345,1029
2098,0.010098331676057894,1.4241976,4.018773,2285
2099,0.0032968732736714176,2.3784027,10.813677,746
2100,0.001679372445033698,3.0861022,12.618983,380
2101,0.0027709645343056014,2.0717015,10.052355,627
2102,0.00019003425035907636,0.8014808,1.8574978,43
2103,0.0022892498066511987,2.7713876,9.8175335,518
2104,0.000967848856479947,4.4122643,16.077581,219
2105,0.0010650756822450558,4.42211,13.1387205,241
2106,0.0019710529223290244,4.7356377,16.929598,446
2107,0.0013523367583692409,3.9076478,10.33698,306
2108,0.0011843995138658711,3.908783,11.757524,268
2109,0.001126947298641034,5.0932674,16.628809,255
2110,0.003672522373218429,1.4508146,5.4257154,831
2111,0.006483261518064302,2.917539,9.054612,1467
2112,0.005510993260413214,2.6257443,8.3153,1247
2113,0.004671307037896365,2.3538034,10.330331,1057
2114,0.001210915920892719,4.2360735,12.444184,274
2115,0.0019047619047619048,3.562402,11.169518,431
2116,0.003217324052590874,2.9611747,11.464799,728
2117,0.0013302397525135343,1.9764084,13.505856,301
2118,0.003173130040879461,2.5418222,13.985929,718
2119,0.010752403049386808,2.3723671,10.029023,2433
2120,0.0021876035797149486,2.7203753,8.839983,495
2121,0.0023467020218760357,3.0526683,13.38459,531
2122,0.002930062976466689,2.938767,10.710215,663
2123,0.10812948845431444,2.6129487,10.582034,24467
2124,0.00880344713291349,2.843769,9.773702,1992
2125,0.0012595293337752734,3.439591,10.578344,285
2126,0.0005833609545906529,6.0309505,19.024712,132
2127,0.0020992155562921224,3.4587092,10.117678,475
2128,0.0010739144845873384,4.0517774,14.861964,243
2129,0.0015423710087283174,3.988687,12.715705,349
2130,0.0018473096895370677,1.5335395,7.049157,418
2131,0.002063860346922992,2.7962027,8.505164,467
2132,0.008286377195889956,1.2961708,7.6055546,1875
2133,0.001409788973594078,3.9032695,12.812032,319
2134,0.0010739144845873384,4.4788265,15.335172,243
2135,0.0020903767539498398,4.4334803,11.371721,473
2136,0.001692630648547122,2.6498964,10.724414,383
2137,0.0052944426030272895,2.9188302,8.7667675,1198
2138,0.0002695834714396199,4.6976323,16.98181,61
2139,0.0008441056236879903,6.565291,21.830353,191
2140,0.0003800685007181527,6.0174894,18.12208,86
2141,0.0012904651419732625,2.9674864,12.486201,292
2142,0.01749640923654845,1.5405257,6.9138446,3959
2143,0.0031775494420506023,2.386547,8.598034,719
2144,0.0012153353220638603,5.1218095,14.480544,275
2145,0.0012462711302618495,5.1335773,13.70115,282
2146,0.005983869185725335,1.9958676,8.125706,1354
2147,0.0018870843000773395,2.1976027,8.933455,427
2148,0.0004242625124295658,6.018168,13.785535,96
2149,0.0015600486134128826,4.5087767,16.176762,353
2150,0.007557176002651641,1.7246251,7.293452,1710
2151,0.000897138437741686,6.0024185,13.496742,203
2152,0.0028991271682687,2.2280703,8.690975,656
2153,0.002050602143409568,2.6538475,14.25788,464
2154,0.0010429786763893492,2.8082266,9.202748,236
2155,0.00138327256656723,3.8917956,16.060349,313
2156,0.0015512098110706,5.2116303,13.959192,351
2157,0.0006673295768423378,6.0021844,18.796637,151
2158,0.002236216992597503,3.3081274,10.879745,506
2159,0.0004242625124295658,1.9512821,10.405359,96
2160,0.016815821456192686,2.150881,8.252953,3805
2161,0.0016705336426914154,3.6465328,10.44359,378
2162,0.0032084852502485914,2.4143026,10.497506,726
2163,0.000512650535852392,7.376899,18.303244,116
2164,0.0008352668213457077,4.393103,16.598942,189
2165,0.003416197105292233,2.5395794,13.659189,773
2166,0.0021743453762015246,4.5297327,13.339147,492
2167,0.0003181968843221743,5.285199,23.773834,72
2168,0.0007115235885537509,6.196108,13.075498,161
2169,0.007919566898685228,2.1994472,8.018133,1792
2170,0.0004684565241409789,8.280945,21.040903,106
2171,0.0025411556734062533,2.4290519,11.216871,575
2172,0.0011004308916141862,3.3217292,14.864405,249
2173,0.0022273781902552203,2.6812587,10.445506,504
2174,0.0029212241741244063,2.7452118,7.3270507,661
2175,0.0011446249033255993,5.269541,16.67027,259
2176,0.0004817147276544028,8.587867,19.459518,109
2177,0.0014142083747652192,4.1313825,12.786908,320
2178,0.0003447132913490222,2.6974545,11.596955,78
2179,0.0047596950613191915,1.938426,9.955819,1077
2180,0.0039244282399734836,3.2686524,12.253042,888
2181,0.0022406363937686443,2.5365317,13.089161,507
2182,0.0009413324494530991,3.2141926,11.586477,213
2183,0.024258093028394653,1.2571558,4.997293,5489
2184,0.00458733841564468,2.019805,7.6501455,1038
2185,0.0017633410672853829,4.3255167,16.366001,399
2186,0.0012993039443155452,3.599442,17.576134,294
2187,0.006602585349685118,1.1758164,5.886778,1494
2188,0.003544359739255331,3.1507373,15.222,802
2189,0.003818362611866092,3.0194972,9.322454,864
2190,0.01244945309910507,1.3303571,4.848321,2817
2191,0.0018473096895370677,2.0101397,9.517091,418
2192,0.0005435863440503812,8.940747,19.499004,123
2193,0.0017854380731410894,4.074099,14.48582,404
2194,0.0012197547232350016,3.305589,14.890654,276
2195,0.0009324936471108165,5.770777,16.530216,211
2196,0.010924759695061318,2.924757,10.93335,2472
2197,0.0009590100541376643,2.9711916,11.065229,217
2198,0.0023157662136780465,2.602131,9.093929,524
2199,0.005784996133023975,1.8386418,9.940463,1309
2200,0.0013479173571980996,3.9694383,12.232408,305
2201,0.0010650756822450558,4.4123435,11.600609,241
2202,0.0023025080101646226,2.1589038,9.560285,521
2203,0.0009192354435973926,4.5203767,11.609826,208
2204,0.003031709203402939,2.53549,11.119391,686
2205,0.0019003425035907635,3.5126126,13.567022,430
2206,0.0017986962766545133,2.1167512,7.538619,407
2207,0.0019843111258424483,2.192675,10.015925,449
2208,0.0009324936471108165,5.627982,16.640532,211
2209,0.0011623025080101646,2.5919304,22.266378,263
2210,0.0017765992707988068,2.8977013,10.217702,402
2211,0.0053386366147387026,2.7841628,9.632079,1208
2212,0.0008131698154900011,6.1790233,14.3722725,184
2213,0.002280411004308916,3.1634502,11.7135,516
2214,0.0022317975914263617,3.6058521,13.07602,505
2215,0.000897138437741686,5.4691644,14.641724,203
2216,0.0016440172356645675,2.7055073,8.709983,372
2217,0.0015512098110706,3.5085018,16.917643,351
2218,0.0012462711302618495,4.6827774,14.758533,282
2219,0.0017721798696276655,2.8565369,10.638892,401
2220,0.0013655949618826648,2.604363,7.515717,309
2221,0.0017721798696276655,2.795856,10.431954,401
2222,0.012285935255772843,2.1050093,10.194041,2780
2223,0.00256325267926196,2.033491,6.26027,580
2224,0.001909181305933046,4.148496,11.695763,432
2225,0.0015291128052148935,4.083857,13.057433,346
2226,0.0016616948403491327,3.8513098,13.249515,376
2227,0.001966633521157883,3.4621637,11.926358,445
2228,0.004980665119876257,2.1416316,9.094524,1127
2229,0.003031709203402939,2.3643854,6.442636,686
2230,0.001025301071704784,3.4309576,10.346367,232
2231,0.0015335322063860348,4.2543683,16.401237,347
2232,0.0034648105181747874,2.8351495,13.75119,784
2233,0.0031510330350237544,4.513141,13.735982,713
2234,0.002903546569439841,3.3115413,11.171337,657
2235,0.001480499392332339,2.876745,9.521695,335
2236,0.004556402607446691,1.7933518,8.539711,1031
2237,0.012365484476853386,3.1714413,10.189102,2798
2238,0.0017721798696276655,2.6445675,12.213772,401
2239,0.020276212573196332,2.129864,10.154624,4588
2240,0.005568445475638051,3.24338,11.22542,1260
2241,0.001409788973594078,4.518646,14.662428,319
2242,0.0050602143409568005,1.6802282,7.9398913,1145
2243,0.008511766655618164,2.4522877,8.4497385,1926
2244,0.0006540713733289139,7.8026724,23.626984,148
2245,0.0004242625124295658,3.2804976,22.625128,96
2246,0.001210915920892719,2.675037,10.643657,274
2247,0.0019622141199867418,2.9387643,13.246962,444
2248,0.0008441056236879903,5.707755,20.325169,191
2249,0.011817478731631864,1.8773282,8.66539,2674
2250,0.002267152800795492,3.5271711,13.225589,513
2251,0.00027842227378190254,5.501434,12.19742,63
2252,0.00032703568666445695,3.2716582,20.72495,74
2253,0.0030096121975472325,2.709199,14.156844,681
2254,0.0020329245387250027,2.6189208,13.566242,460
2255,0.001666114241520274,3.2194908,12.041067,377
2256,0.000967848856479947,6.6006784,16.344645,219
2257,0.0012860457408021212,8.34097,16.530077,291
2258,0.0015467904098994587,4.123402,12.96147,350
2259,0.0016440172356645675,2.7200246,11.374639,372
2260,0.004671307037896365,1.7591343,12.144469,1057
2261,0.01183957573748757,2.269112,10.381901,2679
2262,0.001878245497735057,1.9498352,7.4072866,425
2263,0.0007601370014363054,6.2641735,16.171885,172
2264,0.0006010385592752182,8.097759,25.251625,136
2265,0.0017191470555739698,3.7424803,13.736033,389
2266,0.0027842227378190253,1.6200678,10.966164,630
2267,0.0011181084962987515,8.072128,19.959408,253
2268,0.00138327256656723,4.1250205,10.997271,313
2269,0.003146613633852613,2.902823,10.866435,712
2270,0.0007424593967517402,2.456433,12.8056755,168
2271,0.010880565683349906,1.1625838,3.8665245,2462
2272,0.001197657717379295,5.682412,19.483473,271
2273,0.002209700585570655,3.675754,14.583592,500
2274,0.0020859573527786984,3.4847305,9.076698,472
2275,0.018808971384377416,2.3683407,10.986277,4256
2276,0.00219202298088609,3.185828,8.475262,496
2277,0.0035355209369130483,2.215497,7.6444526,800
2278,0.0030538062092586456,4.6776047,14.820439,691
2279,0.0005568445475638051,2.1872916,17.788073,126
2280,0.0014672411888189151,2.8424609,12.2295065,332
2281,0.02374544249254226,2.4031587,8.739481,5373
2282,0.006633521157883107,1.646639,7.6051426,1501
2283,0.0013479173571980996,3.9503279,11.128872,305
2284,0.004940890509335985,2.4773195,10.148793,1118
2285,0.0007601370014363054,4.2513704,12.83534,172
2286,0.002678157109711634,2.4580944,8.670711,606
2287,0.0011623025080101646,4.8158813,20.418915,263
2288,0.001069495083416197,2.316685,8.203679,242
2289,0.0026560601038559273,2.2572784,11.0310545,601
2290,0.0010650756822450558,7.1028056,15.8763485,241
2291,0.0011623025080101646,4.5367904,14.689767,263
2292,0.0014584023864766325,2.6033137,9.710716,330
2293,0.003133355430339189,1.7297941,9.2457695,709
2294,0.0007778146061208707,4.8475657,12.6474,176
2295,0.0029698375870069607,1.5920943,7.2091236,672
2296,0.0018738260965639156,3.3793283,10.006897,424
2297,0.0013744337642249474,3.2470233,9.73179,311
2298,0.0009722682576510883,1.8105224,7.7405486,220
2299,0.010628659816594851,1.7429849,8.759749,2405
2300,0.017319633189702796,2.599543,8.35365,3919
2301,0.0012285935255772842,4.10593,15.747118,278
2302,0.002205281184399514,3.1348982,13.637439,499
2303,0.0012772069384598386,3.8701446,15.934968,289
2304,0.0016395978344934262,3.378318,10.60511,371
2305,0.0017633410672853829,2.9647055,7.491543,399
2306,0.006257872058336096,2.6107938,9.642463,1416
2307,0.0031510330350237544,3.3425584,9.400382,713
2308,0.001436305380620926,2.3467612,12.912236,325
2309,0.0008882996353994034,3.6272302,15.512181,201
2310,0.006142967627886422,1.6516867,6.3873115,1390
2311,0.0012418517290907081,3.5161242,12.800076,281
2312,0.00931167826759474,2.6521788,8.469735,2107
2313,0.0011799801126947298,6.490014,14.156535,267
2314,0.0006938459838691857,5.3020506,21.256363,157
2315,0.004569660810960115,2.7656734,10.620726,1034
2316,0.002249475196110927,3.0629082,12.565785,509
2317,0.0012772069384598386,3.1754797,13.849804,289
2318,0.0025190586675505468,2.5804133,11.324719,570
2319,0.0012860457408021212,4.0171065,16.10711,291
2320,0.0009413324494530991,4.211503,14.075245,213
2321,0.0012727875372886973,3.07545,10.116295,288
2322,0.0026737377085404926,4.0097632,11.693889,605
2323,0.0030228704010606565,3.5764627,11.092899,684
2324,0.0016440172356645675,3.523499,10.978215,372
2325,0.022755496630206606,1.9580306,11.827036,5149
2326,0.0013788531653960887,3.084708,13.522607,312
2327,0.0015114352005303282,2.7549748,10.909624,342
2328,0.0014142083747652192,2.0329504,9.675836,320
2329,0.006757264390675063,1.8319448,8.48072,1529
2330,0.00144956358413435,5.0192075,14.413302,328
2331,0.004406142967627887,1.2546064,4.7115827,997
2332,0.0010915920892719036,5.684551,20.276707,247
2333,0.04711965528670865,2.0739696,8.405816,10662
2334,0.002267152800795492,2.9249358,10.44764,513
2335,0.0015733068169263066,5.2010894,13.996198,356
2336,0.0010783338857584797,6.4452453,15.855733,244
2337,0.0033631642912385373,4.6101265,13.023296,761
2338,0.001197657717379295,4.622789,15.932894,271
2339,0.0018207932825102199,5.8424406,16.23165,412
2340,0.0006363937686443487,4.638665,16.839485,144
2341,0.002262733399624351,2.4481628,9.740743,512
2342,0.006151806430228704,1.0208789,2.4195123,1392
2343,0.006222516848966965,1.4317688,5.289528,1408
2344,0.006279969064191802,1.7870922,6.6205564,1421
2345,0.0024129930394431553,2.4616845,12.452742,546
2346,0.0014009501712517953,2.0104568,11.7193575,317
2347,0.00039332670423157664,1.8189336,11.763887,89
2348,0.004127720693845984,2.193153,7.700728,934
2349,0.007336205944094575,1.7932678,9.063984,1660
2350,0.0011092696939564689,3.7889538,13.378448,251
2351,0.0023997348359297314,2.982389,12.77158,543
2352,0.0055949618826648985,1.2835928,10.697906,1266
2353,0.0015865650204397305,3.154846,11.285636,359
2354,0.001025301071704784,4.1717315,12.639302,232
2355,0.0017677604684565242,3.8909137,16.901947,400
2356,0.0016351784333222849,3.306578,13.367786,370
2357,0.0015865650204397305,2.3899553,11.628873,359
2358,0.0009457518506242404,4.317918,13.1642,214
2359,0.0014053695724229366,4.1124706,11.77294,318
2360,0.0011225278974698928,3.2413044,11.398119,254
2361,0.0014539829853054912,3.2716684,13.556154,329
2362,0.0004949729311678268,7.1583047,24.177156,112
2363,0.0012506905314329908,3.0482848,10.024603,283
2364,0.0011799801126947298,2.240363,9.707225,267
2365,0.0010164622693625014,9.107307,22.62458,230
2366,0.0029830957905203847,2.3235323,9.427917,675
2367,0.002567672080433101,2.948658,13.67314,581
2368,0.00613854822671528,2.1309173,7.608866,1389
2369,0.0009103966412551099,4.8298435,15.678256,206
2370,0.0014053695724229366,4.19283,15.01644,318
2371,0.0023687990277317422,2.9879405,14.452953,536
2372,0.001038559275218208,2.065804,11.507073,235
2373,0.007499723787426803,2.145199,7.7044783,1697
2374,0.0016749530438625567,5.333903,13.999789,379
2375,0.0009811070599933709,5.5177917,15.916584,222
2376,0.0016749530438625567,3.7459342,9.105,379
2377,0.0013876919677383714,3.8964834,11.44121,314
2378,0.0016837918462048393,4.14062,10.0286665,381
2379,0.01507457739476301,1.0789086,6.720911,3411
2380,0.0007336205944094576,4.476392,16.96808,166
2381,0.013196331897027952,2.480752,9.439248,2986
2382,0.0008264280190034251,6.1421556,17.65882,187
2383,0.002390896033587449,5.621126,14.564373,541
2384,0.0006850071815269031,2.8824556,14.812454,155
2385,0.0011490443044967406,3.9647474,14.232867,260
2386,0.0024306706441277206,2.823827,12.911154,550
2387,0.002510219865208264,2.29693,13.363494,568
2388,0.0015025963981880456,4.934649,12.417391,340
2389,0.015140868412330128,1.8758451,7.839252,3426
2390,0.0036681029720472876,2.3633544,7.684031,830
2391,0.0030935808197989174,2.100503,9.707395,700
2392,0.0009899458623356535,7.210256,15.714319,224
2393,0.002793061540161308,1.8495399,7.59171,632
2394,0.0016882112473759806,3.107532,13.930086,382
2395,0.0009059772400839686,3.436038,12.576749,205
2396,0.0014053695724229366,3.5877984,15.675184,318
2397,0.0018870843000773395,1.9838723,10.057359,427
2398,0.001807535078996796,2.9361904,11.833662,409
2399,0.009550325930836372,1.2352703,5.323623,2161
2400,0.002077118550436416,1.8596992,7.331242,470
2401,0.017761573306816925,2.0763862,8.235899,4019
2402,0.004176334106728539,2.3300202,10.395073,945
2403,0.0008573638272014142,5.993839,16.107994,194
2404,0.005776157330681693,1.2256757,6.4940205,1307
2405,0.006262291459507237,1.8393097,7.108273,1417
2406,2.6516407026847863e-05,0.5629195,0.9697233,6
2407,0.006319743674732074,2.6617627,9.406928,1430
2408,0.007495304386255662,2.2801044,9.371909,1696
2409,0.0011092696939564689,7.6244025,17.109108,251
2410,0.0013876919677383714,4.786004,16.277485,314
2411,0.0017147276544028285,1.7760909,11.424126,388
2412,0.0011092696939564689,4.150236,15.363366,251
2413,0.003159871837366037,4.239175,11.065667,715
2414,0.0014230471771075018,4.0458603,15.0242815,322
2415,0.0014539829853054912,2.7108698,11.351003,329
2416,0.006858910617611314,1.7472982,8.5978775,1552
2417,0.001268368136117556,8.713303,25.062542,287
2418,0.007265495525356314,2.6196103,8.4201975,1644
2419,0.007782565462379848,1.7842137,7.4983854,1761
2420,0.0024174124406142966,2.5513067,9.454867,547
2421,0.0004949729311678268,16.227802,32.547565,112
2422,0.002594188487459949,3.0027087,13.107146,587
2423,0.00040216550657385926,10.711578,21.581669,91
2424,0.0014539829853054912,3.6068761,10.456134,329
2425,0.0017986962766545133,3.9000368,11.753517,407
2426,0.0004949729311678268,7.9939914,21.923744,112
2427,0.0013081427466578278,4.255283,15.263399,296
2428,0.0013214009501712517,4.3298416,11.595703,299
2429,0.0019489559164733179,3.240127,13.138689,441
2430,0.0014318859794497847,5.2173996,15.074637,324
2431,0.0007557176002651641,4.8590293,11.462519,171
2432,0.0005082311346812507,6.4522376,21.328272,115
2433,0.0007733952049497294,5.188409,17.194494,175
2434,0.0003491326925201635,4.6402235,17.017864,79
2435,0.002010827532869296,3.906027,11.801667,455
2436,0.0013567561595403822,3.134343,11.282207,307
2437,0.0006894265826980444,9.210976,22.507645,156
2438,0.0035222627333996244,0.56778604,2.7858753,797
2439,0.0008087504143188598,5.001757,20.559372,183
2440,0.0019975693293558723,3.9034212,9.825675,452
2441,0.002081537951607557,2.5827544,13.679893,471
2442,0.0034824881228593526,2.6191127,11.284702,788
2443,0.0018473096895370677,4.864732,12.8035965,418
2444,0.028209037675394982,1.4433308,6.60338,6383
2445,0.0035531985415976136,3.4546623,12.801992,804
2446,0.0027709645343056014,2.03398,8.792921,627
2447,0.005789415534195117,1.885226,8.471937,1310
2448,0.0012904651419732625,4.11004,16.209114,292
2449,0.00616948403491327,1.7264823,6.92115,1396
2450,0.000967848856479947,3.866089,13.623348,219
2451,0.003230582256104298,2.8080049,12.47382,731
2452,0.0022583139984532095,1.3697152,5.812904,511
2453,0.0023422826207048944,2.9534678,14.783102,530
2454,0.007345044746436858,2.3373754,7.6497817,1662
2455,0.001069495083416197,4.3849416,14.593771,242
2456,0.0017191470555739698,3.7672894,10.5527725,389
2457,0.003818362611866092,3.9886813,13.437737,864
2458,0.0012418517290907081,3.5662246,14.556874,281
2459,0.002337863219533753,1.9019834,8.340029,529
2460,0.0007512981990940228,5.409999,24.398256,170
2461,0.001953375317644459,2.4181764,8.824874,442
2462,0.0011004308916141862,3.9782925,13.953142,249
2463,0.0021610871726881007,1.8337699,8.218412,489
2464,0.0017058888520605458,3.2009745,7.930183,386
2465,0.002262733399624351,1.6730998,8.779737,512
2466,0.0010473980775604905,3.4294863,12.71766,237
2467,0.026763893492431776,1.921964,7.7293124,6056
2468,0.0009236548447685339,3.376517,19.291317,209
2469,0.0012993039443155452,3.6304157,12.163946,294
2470,0.009484034913269252,2.8108573,13.620331,2146
2471,0.00637277648878577,3.6128166,12.376563,1442
2472,0.002165506573859242,3.671989,11.545849,490
2473,0.0015556292122417413,4.512112,11.555971,352
2474,0.0009457518506242404,7.811393,19.382025,214
2475,0.0034824881228593526,3.8885155,10.099467,788
2476,0.00138327256656723,4.2321754,19.471874,313
2477,0.00202408573638272,2.6588068,9.324637,458
2478,0.03537288697381505,1.9292728,8.28397,8004
2479,0.016647884211689317,3.7471132,9.692917,3767
2480,0.0014760799911611978,5.162782,12.562435,334
2481,0.0009457518506242404,5.1630354,17.825994,214
2482,0.0004331013147718484,6.473727,16.080599,98
2483,0.0012639487349464147,4.894478,16.632843,286
2484,0.0015114352005303282,3.4029756,11.750893,342
2485,0.000782234007292012,5.5762434,18.716698,177
2486,0.0002651640702684786,9.830621,21.549711,60
2487,0.0008087504143188598,7.4431486,20.851208,183
2488,0.0021566677715169594,3.8112028,13.195298,488
2489,0.0009590100541376643,6.6215844,21.42892,217
2490,0.001268368136117556,4.577128,16.162416,287
2491,0.0017191470555739698,5.630928,13.3316,389
2492,0.006226936250138106,1.8887177,9.203673,1409
2493,0.0023334438183626118,2.780446,10.894202,528
2494,0.0008573638272014142,6.2622247,16.647753,194
2495,0.0018870843000773395,2.3610766,9.354389,427
2496,0.0021257319633189702,3.789895,9.297531,481
2497,0.0024748646558391337,3.8498595,14.760454,560
2498,0.001692630648547122,3.0999026,11.031034,383
2499,0.0010164622693625014,3.459612,10.802262,230
2500,0.004702242846094354,2.5270994,11.2296915,1064
2501,0.002050602143409568,2.932525,10.130189,464
2502,0.0013876919677383714,1.8819196,9.85753,314
2503,0.0008264280190034251,6.088681,13.102355,187
2504,0.007579273008507347,2.0714235,10.45759,1715
2505,0.1315434758590211,8.741938,16.86732,29765
2506,0.00192243950944647,2.1338484,9.4216175,435
2507,0.0008573638272014142,2.6596224,12.915987,194
2508,0.001126947298641034,3.5680554,13.751644,255
2509,0.0025146392663794054,2.56781,10.235466,569
2510,0.001096011490443045,3.3916566,15.760869,248
2511,0.002280411004308916,4.143341,14.053004,516
2512,0.0010473980775604905,4.057242,18.618282,237
2513,0.006898685228151585,1.6950295,6.951686,1561
2514,0.0016042426251242957,3.6136858,12.316273,363
2515,0.0022185393879129377,3.3104277,11.491508,502
2516,0.0012993039443155452,3.3953488,13.012085,294
2517,0.0004905535299966854,8.151632,23.438875,111
2518,0.011251795381725776,1.512536,6.687669,2546
2519,0.012630648547121865,2.2046394,8.357578,2858
2520,0.004286819136007071,2.4901893,8.621059,970
2521,0.0009987846646779361,3.1138124,14.828681,226
2522,0.0015688874157551653,3.38133,12.166017,355
2523,0.0023732184289028836,2.9105449,9.610161,537
2524,0.0016882112473759806,3.2692897,13.531685,382
2525,0.0043177549442050605,1.8698618,7.889095,977
2526,0.00479063086951718,2.245609,7.6202016,1084
2527,0.001082753286929621,7.3014426,19.07096,245
2528,0.006553971936802563,1.8392928,11.60978,1483
2529,0.0004817147276544028,7.7480197,17.911556,109
2530,0.001268368136117556,4.1261187,19.084915,287
2531,0.0018870843000773395,3.1624298,13.300733,427
2532,0.013165396088829964,1.9501026,10.633375,2979
2533,0.004326593746547343,2.1074605,7.4663563,979
2534,0.018031156778256546,1.3296384,9.291234,4080
2535,0.0053386366147387026,1.42459,6.843665,1208
2536,0.0008352668213457077,3.0648785,11.9172535,189
2537,0.0015202740028726108,3.3483012,18.049835,344
2538,0.0005524251463926638,5.193805,14.143316,125
2539,0.00027400287261076123,4.132593,15.474811,62
2540,0.00502485913158767,1.6556317,6.7397633,1137
2541,0.0010164622693625014,2.5760434,18.998966,230
2542,0.0021301513644901115,4.64398,14.3566475,482
2543,0.006536294332117998,1.5952159,7.5689983,1479
2544,0.0028151585460170145,3.6630225,14.290568,637
2545,0.008670865097779252,1.3930049,5.479004,1962
2546,0.006456745111037454,4.6281075,14.170359,1461
2547,0.00202408573638272,2.6542451,9.8628845,458
2548,0.0013302397525135343,4.346955,15.786171,301
2549,0.0008750414318859795,5.5107803,14.69946,198
2550,0.006607004750856259,1.9700193,8.219142,1495
2551,0.0022980886089934813,2.9135225,12.784062,520
2552,0.002249475196110927,1.884603,10.662491,509
2553,0.0009722682576510883,2.6008117,13.9606695,220
2554,0.006399292895812618,2.4042137,9.695975,1448
2555,0.001069495083416197,7.2588286,18.261593,242
2556,0.002620704894486797,2.798247,13.871803,593
2557,0.001953375317644459,3.4289632,12.049131,442
2558,0.009294000662910175,2.2542984,9.010351,2103
2559,0.0016970500497182632,3.8752537,12.798254,384
2560,0.0037122969837587007,1.6936817,6.762744,840
2561,0.003217324052590874,3.1778061,13.238522,728
2562,0.0019268589106176113,1.1055942,6.4454474,436
2563,0.003314550878355983,1.7844865,7.6751,750
2564,0.010098331676057894,1.4785571,5.598133,2285
2565,0.0007115235885537509,5.90145,22.865799,161
2566,0.0019445365153021765,3.20628,12.644758,440
2567,0.0013081427466578278,3.413874,14.181894,296
2568,0.002037343939896144,3.7803898,17.487135,461
2569,0.0008617832283725555,5.625995,14.989125,195
2570,0.0006098773616175008,3.647173,18.032728,138
2571,0.0027267705225941883,2.4040375,12.2506695,617
2572,0.0016528560380068501,6.1218176,14.61909,374
2573,0.0007424593967517402,4.162767,13.464015,168
2574,0.0012595293337752734,5.628558,16.79186,285
2575,0.0037343939896144073,2.802827,12.350129,845
2576,0.0012374323279195668,8.098364,18.33172,280
2577,0.0011225278974698928,4.908637,12.206553,254
2578,0.0006938459838691857,6.5553226,20.093035,157
2579,0.0006761683791846204,5.141689,12.147646,153
2580,0.0019975693293558723,4.97628,14.94106,452
2581,0.0022185393879129377,2.4310267,9.102041,502
2582,0.010005524251463926,2.0755982,9.597346,2264
2583,0.0007115235885537509,4.3986588,13.904544,161
2584,0.0027621257319633188,3.1916146,10.66729,625
2585,0.0019445365153021765,1.7648026,12.934767,440
2586,0.007685338636614739,1.582527,7.849453,1739
2587,0.0026737377085404926,2.3684707,8.394097,605
2588,0.005515412661584355,2.6224709,9.734522,1248
2589,0.002625124295657938,2.942544,8.188448,594
2590,0.007181526903104629,1.5962175,8.309465,1625
2591,0.001807535078996796,3.7276685,12.122285,409
2592,0.0013921113689095127,3.328405,9.854511,315
2593,0.006112031819688432,27.8622,43.91519,1383
2594,0.0013302397525135343,4.7425556,13.631577,301
2595,0.0011843995138658711,3.0852916,18.72905,268
2596,0.0005480057452215225,5.522001,15.341646,124
2597,0.0020152469340404375,3.4039698,10.235947,456
2598,0.001255109932604132,3.7531888,11.640769,284
2599,0.010664015025963982,1.61333,6.246191,2413
2600,0.003562037343939896,2.6206343,9.487137,806
2601,0.0011048502927853276,4.6667323,16.877958,250
2602,0.0016440172356645675,3.5000436,13.641705,372
2603,0.007194785106618053,1.9198242,7.1067605,1628
2604,0.010973373107943874,1.7868837,8.894592,2483
2605,0.0011092696939564689,3.621673,12.083634,251
2606,0.0007999116119765772,4.4658103,16.510414,181
2607,0.0022583139984532095,3.849625,16.410368,511
2608,0.0018473096895370677,4.251717,14.2830715,418
2609,0.001396530770080654,3.2681358,12.7287245,316
2610,0.003190807645564026,2.6000652,11.6356535,722
2611,0.0017058888520605458,3.7416341,12.38776,386
2612,0.0016749530438625567,2.9245172,15.765234,379
2613,0.007314108938238868,2.0693123,6.51787,1655
2614,0.007764887857695283,2.406734,9.405868,1757
2615,0.0005038117335101094,7.2729526,16.85451,114
2616,0.010279527124074688,2.0727942,10.576768,2326
2617,0.000768975803778588,6.6870766,20.897219,174
2618,0.0010606562810739145,4.540784,19.185953,240
2619,0.002165506573859242,2.9985702,11.196284,490
2620,0.002108054358634405,2.3549933,13.164253,477
2621,0.0014893381946746217,3.3643546,9.420415,337
2622,0.0009855264611645122,4.2313414,14.198758,223
2623,0.01612639487349464,1.4535029,8.546847,3649
2624,0.0018694066953927743,3.0454493,10.824858,423
2625,0.0011092696939564689,3.223517,11.853886,251
2626,0.0014716605899900564,4.605366,16.889957,333
2627,0.00852944426030273,2.9019766,11.777026,1930
2628,0.0051530217655507676,1.302503,5.2217307,1166
2629,0.008180311567782565,2.5694275,8.878518,1851
2630,0.001409788973594078,3.3182259,11.052195,319
2631,0.0015821456192685892,4.634841,13.561986,358
2632,0.007649983427245609,2.0163307,7.9802647,1731
2633,0.0008750414318859795,3.369626,12.948242,198
2634,0.0032084852502485914,3.0450523,8.967874,726
2635,0.0012064965197215777,3.9297042,11.882763,273
2636,0.0009369130482819578,3.9574003,12.048691,212
2637,0.0012330129267484255,3.933947,16.192816,279
2638,0.0014142083747652192,5.1852946,14.861234,320
2639,0.0025455750745773946,2.814812,10.798364,576
2640,0.000724781792067175,6.6417966,25.585325,164
2641,0.003557617942768755,1.4121188,6.700332,805
2642,0.0004905535299966854,9.897858,24.524174,111
2643,0.0011755607115235885,5.297524,15.932459,266
2644,0.005312120207711855,3.2231424,8.843026,1202
2645,0.006231355651309248,2.7462158,10.942244,1410
2646,0.0027179317202519057,2.6038206,11.882351,615
2647,0.002523478068721688,3.1848319,13.845418,571
2648,0.001210915920892719,4.273295,15.802421,274
2649,0.0013567561595403822,2.1976647,13.515525,307
2650,0.0014230471771075018,5.66011,14.893252,322
2651,0.001621920229808861,3.418794,10.852521,367
2652,0.001153463705667882,4.68624,10.989689,261
2653,0.000768975803778588,5.053038,11.218652,174
2654,0.001781018671969948,2.6169467,13.371177,403
2655,0.0012462711302618495,3.9871223,12.724939,282
2656,0.004728759253121202,3.6533058,11.892796,1070
2657,0.009921555629212242,2.3421557,9.433477,2245
2658,0.00128162633963098,2.983165,8.420105,290
2659,0.0013169815490001104,3.5167706,9.42743,298
2660,0.008136117556071153,2.031197,7.553773,1841
2661,0.0006319743674732073,4.3993406,17.22983,143
2662,0.0095105513202961,1.6046848,6.31954,2152
2663,0.0031952270467351675,1.9388695,7.402656,723
2664,0.0009722682576510883,4.342868,13.780763,220
2665,0.001339078554855817,2.9820502,14.0038,303
2666,0.0017058888520605458,5.0518107,14.090103,386
2667,0.0019312783117887526,2.8062577,10.562903,437
2668,0.0014407247817920673,3.8902571,13.316456,326
2669,0.0026472213015136447,4.2354174,12.424729,599
2670,0.0011711413103524472,3.5444558,12.099999,265
2671,0.004949729311678267,2.3230543,12.198199,1120
2672,0.0013655949618826648,4.560935,11.592628,309
2673,0.0013434979560269583,4.5134635,14.306692,304
2674,0.0020992155562921224,1.9859484,8.586701,475
2675,0.0005082311346812507,4.8603635,12.812603,115
2676,0.001851729090708209,5.6780376,15.463555,419
2677,0.0009766876588222296,2.985615,16.748053,221
2678,0.0017147276544028285,2.8531632,7.7827916,388
2679,0.02198652082642802,1.6286564,6.8162527,4975
2680,0.0031554524361948957,1.2840989,8.343739,714
2681,0.0010164622693625014,4.1450553,14.063238,230
2682,0.0012197547232350016,4.493427,12.496183,276
2683,0.0003756490995470114,2.561972,13.0941105,85
2684,0.0005966191581040769,11.294289,26.380491,135
2685,0.0031819688432217436,2.3014827,9.150743,720
2686,0.001807535078996796,3.8536828,13.319182,409
2687,0.02174787316318639,1.8844737,6.0517464,4921
2688,0.0036946193790741355,2.7796504,10.543172,836
2689,0.001312562147828969,6.0105634,20.213627,297
2690,0.0006319743674732073,6.0762873,18.035362,143
2691,0.015556292122417412,3.087889,8.355401,3520
2692,0.0008838802342282621,4.845179,16.379555,200
2693,0.0022715722019666334,2.9700775,10.130541,514
2694,0.012803005192796375,2.0151746,10.018567,2897
2695,0.004534305601590984,2.360969,12.310747,1026
2696,0.01896365042536736,2.0420294,6.564537,4291
2697,0.0010076234670202187,2.9685547,11.133643,228
2698,0.001025301071704784,6.4208465,14.562348,232
2699,0.004764114462490332,2.5254054,9.757031,1078
2700,0.011835156336316429,2.0357926,8.2890625,2678
2701,0.0014760799911611978,2.5166366,14.754833,334
2702,0.0005170699370235333,9.873665,23.12924,117
2703,0.001595403822782013,3.6433728,12.072832,361
2704,0.00040658490774500057,2.565747,15.312599,92
2705,0.0016351784333222849,4.0610228,10.944988,370
2706,0.0007512981990940228,4.7326694,12.465955,170
2707,0.0011578831068390233,4.799282,17.590443,262
2708,0.0005303281405369572,4.3913846,18.48519,120
2709,0.006271130261849519,1.7269979,7.0478,1419
2710,0.0008264280190034251,5.580101,12.116881,187
2711,0.0033985195006076678,1.8625762,8.427289,769
2712,0.0018473096895370677,1.8542966,11.236777,418
2713,0.0008175892166611424,4.846324,15.531104,185
2714,0.002885868964755276,2.48646,11.596334,653
2715,0.0018119544801679373,4.1764336,13.6116,410
2716,0.010549110595514308,1.5256323,5.2795334,2387
2717,0.0008087504143188598,3.1883128,10.915794,183
2718,0.0016970500497182632,3.7452888,13.603156,384
2719,0.004848083084742018,2.3240786,10.155649,1097
2720,0.002108054358634405,2.896374,12.707906,477
2721,0.0003181968843221743,4.6711526,22.525026,72
2722,0.0011225278974698928,4.8553724,18.655733,254
2723,0.003261518064302287,2.1283088,6.133245,738
2724,0.01035465694398409,1.0105103,4.1562014,2343
2725,0.01139763562037344,2.1362145,8.938544,2579
2726,0.0014407247817920673,4.3153,12.871557,326
2727,0.002280411004308916,2.3046172,11.830446,516
2728,0.002094796155120981,3.0071084,12.598805,474
2729,0.002165506573859242,4.250386,12.263544,490
2730,0.0018605678930504917,3.0657077,10.121801,421
2731,0.0028416749530438623,2.2496247,12.803265,643
2732,0.000782234007292012,4.380514,18.7956,177
2733,0.0016749530438625567,2.7667933,8.197271,379
2734,0.0075174013921113685,2.066657,6.404573,1701
2735,0.0016970500497182632,2.9355178,10.5592,384
2736,0.01136669981217545,1.6016953,7.6872654,2572
2737,0.0004817147276544028,3.3838334,12.651884,109
2738,0.0023687990277317422,2.7473662,7.473502,536
2739,0.0005921997569329356,8.483393,15.781966,134
2740,0.001493757595845763,6.494972,20.548819,338
2741,0.0023467020218760357,2.45296,12.415348,531
2742,0.00860015467904099,1.9237897,8.648789,1946
2743,0.0004596177217986963,2.3759162,17.053078,104
2744,0.001325820351342393,4.1636333,13.265778,300
2745,0.009753618384708873,1.3586364,4.9109507,2207
2746,0.013015136449011158,1.2739437,7.1087117,2945
2747,0.001909181305933046,2.8872292,18.891218,432
2748,0.0009103966412551099,6.374638,15.803991,206
2749,0.0008662026295436968,4.6590633,20.287287,196
2750,0.002280411004308916,2.9041114,11.373278,516
2751,0.0014009501712517953,3.2267118,9.985639,317
2752,0.0012374323279195668,2.0857232,11.881355,280
2753,0.000839686222516849,4.915852,18.98028,190
2754,0.0019577947188156005,2.923477,10.991114,443
2755,0.0028814495635841346,2.0896285,8.762209,652
2756,0.00691636283283615,2.3385038,8.408979,1565
2757,0.01321842890288366,1.7754626,8.289295,2991
2758,0.0022892498066511987,3.729245,10.767889,518
2759,0.002236216992597503,3.131515,11.864264,506
2760,0.005851287150591095,2.2558358,11.132427,1324
2761,0.0017014694508894045,3.2736325,19.692635,385
2762,0.0014849187935034804,4.6174717,12.781894,336
2763,0.0016616948403491327,2.9746006,11.605769,376
2764,0.003314550878355983,2.319785,8.79631,750
2765,0.000698265385040327,1.9910198,10.233513,158
2766,0.00815821456192686,1.3725718,6.7205534,1846
2767,0.0010032040658490774,4.842274,13.818314,227
2768,0.0005259087393658159,4.431929,13.691677,119
2769,0.00239531543475859,2.0843303,6.6652293,542
2770,0.004101204286819136,2.5321088,8.1920395,928
2771,0.0007203623908960336,6.6909122,20.1685,163
2772,0.0022450557949397856,2.9106803,9.653764,508
2773,0.004918793503480279,1.676077,8.570941,1113
2774,0.005082311346812507,1.9352403,10.5587845,1150
2775,0.005696608109601149,1.8936608,11.370787,1289
2776,0.0008043310131477185,6.954983,19.006353,182
2777,0.0012595293337752734,4.414442,14.160191,285
2778,0.0019445365153021765,2.4260914,13.960698,440
2779,0.0042028505137553865,3.1198082,8.231293,951
2780,0.0026295436968290795,2.2246163,11.417715,595
2781,0.0018031156778256546,4.101267,15.778396,408
2782,0.00138327256656723,5.485334,13.08013,313
2783,0.006964976245718705,1.6775019,8.738746,1576
2784,0.0037520715942989725,2.1363635,9.1811695,849
2785,0.002885868964755276,3.5637248,13.489422,653
2786,0.0009855264611645122,4.9034953,13.272784,223
2787,0.01315213788531654,1.7082659,7.6228266,2976
2788,0.0015512098110706,3.2714038,9.554454,351
2789,0.015260192243950945,2.5852501,9.7052555,3453
2790,0.0010164622693625014,4.1578646,16.877161,230
2791,0.0010429786763893492,5.0884695,16.160248,236
2792,0.00015025963981880454,0.847513,1.8188776,34
2793,0.0028549331565572867,2.442366,8.937929,646
2794,0.0009501712517953817,4.4349527,17.05012,215
2795,0.0017279858579162524,4.5965223,16.726667,391
2796,0.0011136890951276102,4.1548085,13.895553,252
2797,0.0012639487349464147,2.800682,10.40238,286
2798,0.0019843111258424483,4.549987,12.987859,449
2799,0.002567672080433101,3.17731,11.8869,581
2800,0.0007910728096342946,6.9709654,22.90442,179
2801,0.014853607336205945,1.941923,7.4052987,3361
2802,0.0015688874157551653,2.183888,10.312885,355
2803,0.0022759916031377747,2.5341544,8.085167,515
2804,0.004680145840238648,2.4979427,8.860127,1059
2805,0.005586123080322616,1.5985636,7.0129175,1264
2806,0.0013081427466578278,5.243002,15.00845,296
2807,0.0009236548447685339,2.8574822,10.49183,209
2808,0.0010739144845873384,3.3089392,11.045125,243
2809,0.0011446249033255993,5.2335887,14.459366,259
2810,0.004008396862225169,2.686898,11.191476,907
2811,0.0017191470555739698,3.0044134,12.986286,389
2812,0.006549552535631422,1.2838662,6.9112725,1482
2813,0.0007336205944094576,6.976987,20.86132,166
2814,0.0019489559164733179,3.2768486,10.901721,441
2815,0.0008706220307148382,6.0144506,19.130894,197
2816,0.011349022207490884,1.5838509,7.9851346,2568
2817,0.0009766876588222296,5.1083016,12.454974,221
2818,0.0011623025080101646,4.4893327,12.792658,263
2819,0.0027709645343056014,1.6045115,5.351128,627
2820,0.002421831841785438,3.8676035,11.680787,548
2821,0.001807535078996796,3.5229843,11.731963,409
2822,0.001723566456745111,3.34082,12.230862,390
2823,0.006920782234007292,2.2309692,7.7716618,1566
2824,0.0008838802342282621,3.9017184,12.652075,200
2825,0.01166721909181306,1.6273494,6.252755,2640
2826,0.0011313666998121754,3.793771,17.867754,256
2827,0.0008882996353994034,4.466251,15.832229,201
2828,0.001909181305933046,3.349675,10.9298935,432
2829,0.003562037343939896,3.194422,13.082467,806
2830,0.0004198431112584245,10.224439,23.03484,95
2831,0.0007778146061208707,5.628826,17.10053,176
2832,0.0016440172356645675,3.48569,11.186711,372
2833,0.002523478068721688,3.4494064,10.70829,571
2834,0.002306927411335764,2.7030861,12.055876,522
2835,0.0006496519721577726,5.0829926,16.80185,147
2836,0.002377637830074025,1.7250788,8.440295,538
2837,0.005811512540050823,1.793831,8.495788,1315
2838,0.0008573638272014142,5.752666,15.276727,194
2839,0.010871726881007623,1.7416321,7.130898,2460
2840,0.005400508231134681,1.7220528,7.120101,1222
2841,0.0007292011932383163,7.0460176,17.332037,165
2842,0.044967406916362834,1.6421266,6.2267714,10175
2843,0.0036636835708761463,2.138462,9.618538,829
2844,0.0014009501712517953,3.396541,15.432086,317
2845,0.0024881228593525576,1.7021631,7.2371697,563
2846,0.0013744337642249474,3.8058372,13.9732,311
2847,0.0014009501712517953,4.079138,11.1814785,317
2848,0.002037343939896144,3.076791,10.394348,461
2849,0.002678157109711634,2.8469238,9.31328,606
2850,0.0074024969616616944,3.019282,10.387171,1675
2851,0.0023997348359297314,3.390841,11.673826,543
2852,0.0008927190365705447,4.1300554,11.801218,202
2853,0.015666777151695944,2.509136,12.600457,3545
2854,0.009152579825433653,1.624974,8.761328,2071
2855,0.0011667219091813059,6.056423,17.08741,264
2856,0.004052590873936582,2.0286038,9.359157,917
2857,0.001436305380620926,2.9878266,13.673645,325
2858,0.0006452325709866313,5.260528,15.058329,146
2859,0.002068279748094133,3.905898,10.686847,468
2860,0.0016395978344934262,2.6167438,10.274663,371
2861,0.0015467904098994587,3.9409904,13.67345,350
2862,0.001723566456745111,3.4740758,10.185727,390
2863,0.000954590652966523,4.0374656,14.047727,216
2864,0.0023687990277317422,4.651051,13.388556,536
2865,0.004238205723124517,2.8341348,15.846748,959
2866,0.0011048502927853276,3.0850346,11.1886425,250
2867,0.001396530770080654,5.5808644,15.424871,316
2868,0.0011048502927853276,3.837081,11.862278,250
2869,0.0006850071815269031,6.4645696,19.923506,155
2870,0.0015512098110706,2.4668071,12.640205,351
2871,0.015127610208816705,2.1770375,9.434242,3423
2872,0.0017633410672853829,4.597645,13.097827,399
2873,0.006045740802121313,1.7297748,7.1890554,1368
2874,0.0004817147276544028,4.0321026,19.886518,109
2875,0.0013611755607115235,4.832926,15.426222,308
2876,0.0020285051375538614,3.108909,8.77572,459
2877,0.000384487901889294,12.381527,29.58301,87
2878,0.0021434095680035355,3.1030912,9.7720785,485
2879,0.0013169815490001104,4.199124,13.554922,298
2880,0.009152579825433653,2.4006872,11.260367,2071
2881,0.0019312783117887526,2.5130632,16.869747,437
2882,0.001979891724671307,3.6319637,8.532277,448
2883,0.002439509446470003,2.4785206,7.756999,552
2884,0.0015556292122417413,4.6148486,11.466352,352
2885,0.00401281626339631,1.8695872,7.701155,908
2886,0.0013876919677383714,3.3440883,14.850589,314
2887,0.003442713512319081,3.0449529,10.251983,779
2888,0.002138990166832394,3.4905388,14.119354,484
2889,0.0025323168710639707,3.8067074,18.36578,573
2890,0.0007910728096342946,5.2222157,15.797274,179
2891,0.0023290244171914705,2.5194983,8.040245,527
2892,0.0010297204728759253,3.7294602,12.051973,233
2893,0.0021743453762015246,2.4088833,14.879828,492
2894,0.0009103966412551099,3.070104,11.608722,206
2895,0.0021876035797149486,2.8742607,9.154225,495
2896,0.0002474864655839134,3.8975487,20.906252,56
2897,0.001935697712959894,2.9391847,10.93918,438
2898,0.0012595293337752734,4.9796576,15.877781,285
2899,0.0015512098110706,4.447912,15.481109,351
2900,0.0009369130482819578,4.443635,17.410267,212
2901,0.001507015799359187,3.5831375,14.057181,341
2902,0.0014053695724229366,5.082188,17.312279,318
2903,0.00553309026626892,1.7895372,8.451664,1252
2904,0.0014230471771075018,2.748646,14.441009,322
2905,0.00038890730306043533,1.7317066,5.853409,88
2906,0.0014584023864766325,5.1765256,15.987603,330
2907,0.0015246934040437522,2.280641,14.866352,345
2908,0.0009722682576510883,6.0987086,16.969503,220
2909,0.000698265385040327,7.4484754,14.379151,158
2910,0.0011888189150370124,3.186434,11.946104,269
2911,0.0012860457408021212,2.35172,7.474425,291
2912,0.026626892056126394,1.9375539,8.691829,6025
2913,0.0004198431112584245,6.6478133,15.264484,95
2914,0.0029212241741244063,2.4607787,13.164948,661
2915,0.0013346591536846756,4.042367,11.862435,302
2916,0.00219202298088609,2.033524,9.468751,496
2917,0.009788973594078003,4.6435122,12.095238,2215
2918,0.0010341398740470666,2.242624,7.4648533,234
2919,0.0010739144845873384,4.79797,16.692783,243
2920,0.0011888189150370124,4.664954,13.249395,269
2921,0.0009103966412551099,2.4023252,14.493142,206
2922,0.0010739144845873384,3.412708,11.5106125,243
2923,0.001436305380620926,4.2330813,14.397283,325
2924,0.002620704894486797,2.1782284,7.4872947,593
2925,0.0017058888520605458,3.139261,13.18887,386
2926,0.001864987294221633,4.113241,13.673428,422
2927,0.0022583139984532095,3.9842618,13.583509,511
2928,0.004635951828527235,1.2135264,4.998377,1049
2929,0.006196000441940117,27.595957,42.175354,1402
2930,0.004264722130151365,3.787376,11.732212,965
2931,0.0010164622693625014,2.9312546,10.992552,230
2932,0.0005966191581040769,6.859628,14.450942,135
2933,0.0031200972268257653,1.746158,7.927612,706
2934,0.002165506573859242,2.505138,11.08107,490
2935,0.0025455750745773946,2.0515919,10.248003,576
2936,0.003902331234117777,4.4061003,13.097375,883
2937,0.005347475417080985,1.7690359,9.490545,1210
2938,0.0019975693293558723,3.6500304,12.889335,452
2939,0.022185393879129378,1.3677043,5.692168,5020
2940,0.0007645564026074467,7.432464,21.246956,173
2941,0.0009855264611645122,3.7364762,12.409302,223
2942,0.0023113468125069052,2.1026874,8.725765,523
2943,0.0009457518506242404,4.058507,13.940012,214
2944,0.001038559275218208,3.522925,9.665621,235
2945,0.001339078554855817,3.7029965,10.516006,303
2946,0.0005745221522483703,7.493656,22.071066,130
2947,0.000897138437741686,4.6407604,14.92543,203
2948,0.0011623025080101646,2.3070314,8.136894,263
2949,0.005073472544470224,1.6466316,7.130842,1148
2950,0.007079880676168379,1.4715424,5.982692,1602
2951,0.0008131698154900011,3.841862,10.108111,184
2952,0.001409788973594078,2.3729486,15.386915,319
2953,0.0010076234670202187,2.6940792,9.4333725,228
2954,0.0074687879792288145,1.6309277,8.534912,1690
2955,0.007685338636614739,1.4084766,6.1306,1739
2956,0.002505800464037123,2.6064804,13.919987,567
2957,0.01072588664235996,2.6658216,10.240918,2427
2958,0.0014009501712517953,3.9012337,14.6623125,317
2959,0.0015423710087283174,3.0737774,9.455813,349
2960,0.0012506905314329908,4.974144,15.764802,283
2961,0.0011578831068390233,3.7271242,12.841942,262
2962,0.0022715722019666334,6.818034,15.26659,514
2963,0.0005745221522483703,8.959805,18.510672,130
2964,0.004052590873936582,3.0263298,11.30028,917
2965,0.0026737377085404926,2.275736,7.898684,605
2966,0.004887857695282289,1.3887398,9.91482,1106
2967,0.0038625566235775052,2.9920921,9.768509,874
2968,0.0018119544801679373,4.7063317,17.544981,410
2969,0.0008706220307148382,7.4479356,23.920195,197
2970,0.007349464147607999,1.7559799,5.42694,1663
2971,0.014769638713954258,2.004975,8.262382,3342
2972,0.002510219865208264,2.019287,10.16613,568
2973,0.0036946193790741355,3.9386446,11.845455,836
2974,0.00337200309358082,4.9110837,11.274681,763
2975,0.0023555408242183183,2.9428344,11.733063,533
2976,0.0019312783117887526,4.548663,15.646174,437
2977,0.010672853828306265,1.9805844,7.6160326,2415
2978,0.0012285935255772842,3.1558638,9.591241,278
2979,0.0035841343497956027,2.3741817,8.242703,811
2980,0.0021876035797149486,3.3870714,11.2851515,495
2981,0.00040216550657385926,1.7977009,10.7020035,91
2982,0.0009280742459396752,3.9773743,11.214559,210
2983,0.0012727875372886973,3.544003,14.037748,288
2984,0.0069119434316650095,1.49437,5.958991,1564
2985,0.0021168931609766876,3.6279259,11.955697,479
2986,0.001038559275218208,4.4131436,13.084391,235
2987,0.008308474201745663,1.9319035,9.317508,1880
2988,0.0013169815490001104,4.6408877,13.452361,298
2989,0.0003623908960335875,12.712262,24.780943,82
2990,0.0027135123190807644,2.5723083,8.521559,614
2991,0.012126836813611756,2.357884,8.878387,2744
2992,0.008578057673185284,1.9123895,8.454639,1941
2993,0.0011181084962987515,5.3070416,15.731866,253
2994,0.0018473096895370677,3.4564066,10.933381,418
2995,0.0031642912385371784,2.3724926,8.615735,716
2996,0.01537951607557176,3.404624,10.766076,3480
2997,0.0025411556734062533,2.3289444,12.3228035,575
2998,0.0006363937686443487,4.6651964,15.959273,144
2999,0.0014760799911611978,4.0571246,13.447865,334
3000,0.001966633521157883,3.9975073,10.216704,445
3001,0.0014981769970169043,5.096818,14.046376,339
3002,0.0007071041873826096,5.885415,18.594614,160
3003,0.0015423710087283174,2.7978644,9.965842,349
3004,0.0037697491989835377,2.1461575,8.069796,853
3005,0.010098331676057894,2.1051574,11.250936,2285
3006,0.0007954922108054359,7.1131163,23.134058,180
3007,0.0025720914816042425,2.774804,8.3011,582
3008,0.0015335322063860348,3.7601066,12.381162,347
3009,0.0030980002209700587,2.5070934,11.783885,701
3010,0.0003402938901778809,3.1298292,21.920269,77
3011,0.0017986962766545133,3.4276319,15.786616,407
3012,0.0009148160424262513,3.9409697,14.117438,207
3013,0.0032526792619600045,2.325883,6.6362295,736
3014,0.0014274665782786434,3.0591688,10.634907,323
3015,0.0005833609545906529,2.7773945,20.999985,132
3016,0.000897138437741686,3.5640771,13.278659,203
3017,0.0035531985415976136,2.1816032,9.182316,804
3018,0.006735167384819357,2.2603197,7.6324687,1524
3019,0.0028416749530438623,2.1318102,10.280753,643
3020,0.0013081427466578278,4.0785737,15.111455,296
3021,0.007711855043641587,1.7664828,7.357522,1745
3022,0.0010606562810739145,1.9886109,10.910214,240
3023,0.0022715722019666334,3.1556997,11.991037,514
3024,0.0017765992707988068,4.514845,12.144311,402
3025,0.001794276875483372,4.9289474,16.726297,406
3026,0.015931941221964424,1.3001652,5.380505,3605
3027,0.0012904651419732625,3.0862586,7.7421713,292
3028,0.004490111589879571,1.539652,6.6709604,1016
3029,0.0015246934040437522,2.5661476,11.360206,345
3030,0.001794276875483372,3.7743125,15.153617,406
3031,0.001082753286929621,4.441181,16.659794,245
3032,0.0008485250248591316,2.2759721,17.987179,192
3033,0.015366257872058336,1.1918552,4.9319344,3477
3034,0.00045519832062755497,9.411096,23.921955,103
3035,0.0010606562810739145,4.142276,14.652687,240
3036,0.000512650535852392,2.7416408,16.344265,116
3037,0.0012020771185504364,3.5190978,14.460429,272
3038,0.0008175892166611424,3.871649,16.234066,185
3039,0.0015202740028726108,3.555555,12.499038,344
3040,0.0007601370014363054,8.855577,20.406322,172
3041,0.0016440172356645675,3.4886897,10.539257,372
3042,0.02579604463595183,2.197981,10.946062,5837
3043,0.10034250359076345,3.194212,12.640683,22705
3044,0.0007424593967517402,3.4801574,12.317284,168
3045,0.0015423710087283174,1.8107721,6.6266336,349
3046,0.0030670644127720696,2.3669426,11.183216,694
3047,0.003460391117003646,2.7109022,10.837878,783
3048,0.001608662026295437,4.9860754,14.784303,364
3049,0.008326151806430229,1.4887236,6.0222783,1884
3050,0.003716716384929842,2.3604069,9.325411,841
3051,0.013130040879460833,1.6397055,7.721556,2971
3052,0.001396530770080654,3.378547,11.856704,316
3053,0.0004993923323389681,3.5189273,12.830054,113
3054,0.001339078554855817,4.2284355,13.146797,303
3055,0.00064081316981549,6.7737875,21.037294,145
3056,0.001069495083416197,4.711886,12.434494,242
3057,0.006005966191581041,2.2085128,14.162568,1359
3058,0.0035973925533090267,2.0669456,8.663829,814
3059,0.0025853496851176664,1.608739,8.420978,585
3060,0.0008485250248591316,8.185104,26.17464,192
3061,0.002253894597282068,3.2621214,8.88649,510
3062,0.0061252900232018565,1.9487873,10.835665,1386
3063,0.0012285935255772842,4.809836,12.608864,278
3064,0.0009413324494530991,4.079985,14.909343,213
3065,0.011508120649651973,1.656661,5.7998576,2604
3066,0.009996685449121644,1.8240215,6.541268,2262
3067,0.02216771627444481,2.1545465,10.827199,5016
3068,0.0015291128052148935,3.0268364,7.501484,346
3069,0.007901889294000663,2.9368165,11.51457,1788
3070,0.0018694066953927743,4.8658147,16.497303,423
3071,0.0007999116119765772,3.9696646,15.846869,181
3072,0.001096011490443045,2.036268,23.459965,248
3073,0.01018671969948072,1.9743199,8.826088,2305
3074,0.0006629101756711965,3.0128648,13.865489,150
3075,0.0007778146061208707,6.494526,15.202152,176
3076,0.0012595293337752734,4.189772,14.502347,285
3077,0.031037454424925424,1.4631732,5.730286,7023
3078,0.002859352557728428,3.888934,12.759239,647
3079,0.001909181305933046,1.8546438,8.086213,432
3080,0.0007999116119765772,5.759785,16.009829,181
3081,0.0012064965197215777,4.398772,13.619502,273
3082,0.005484476853386366,1.4398631,5.407882,1241
3083,0.002452767649983427,2.3925548,11.085155,555
3084,0.0008352668213457077,7.570009,17.573683,189
3085,0.0018252126836813612,1.8817576,10.010157,413
3086,0.0010915920892719036,4.245267,10.773405,247
3087,0.0033366478842116894,2.6103308,7.30303,755
3088,0.05687327367141752,1.3559119,5.703568,12869
3089,0.0018473096895370677,2.4427,10.711402,418
3090,0.020625345265716494,1.4062043,5.8002496,4667
3091,0.00019003425035907636,1.1364542,2.6262093,43
3092,0.0012197547232350016,3.5301237,12.348818,276
3093,0.002678157109711634,4.0785465,16.75021,606
3094,0.0010341398740470666,2.9908202,12.485182,234
3095,0.009223290244171914,1.4215138,6.6393666,2087
3096,0.002037343939896144,1.8511528,9.671605,461
3097,0.0010076234670202187,2.690378,12.205679,228
3098,0.008927190365705447,2.5304027,13.044871,2020
3099,0.0012772069384598386,3.3111594,11.435608,289
3100,0.0011932383162081537,2.1192026,13.344088,270
3101,0.004304496740691636,2.2513278,9.091474,974
3102,0.003314550878355983,3.040595,7.22362,750
3103,0.003557617942768755,2.3044288,9.646933,805
3104,0.004445917578168158,1.9162079,6.386616,1006
3105,0.0018340514860236438,4.291366,13.63514,415
3106,0.0008131698154900011,5.4328485,20.220285,184
3107,0.006209258645453541,2.0753694,6.454732,1405
3108,0.0057540603248259865,2.1889968,8.41483,1302
3109,0.0047375980554634845,2.1820111,7.4979734,1072
3110,0.001038559275218208,2.9737437,14.08157,235
3111,0.0016528560380068501,4.620121,11.283094,374
3112,0.0012948845431444039,3.968013,14.507901,293
3113,0.009749198983537731,1.4810671,6.2112794,2206
3114,0.0013567561595403822,2.987025,11.001563,307
3115,0.0008617832283725555,4.738746,17.112303,195
3116,0.0032350016572754393,2.7406886,13.103112,732
3117,0.0013744337642249474,3.694253,14.09429,311
3118,0.0008882996353994034,5.1349373,14.897723,201
3119,0.005581703679151475,1.8496196,8.464331,1263
3120,0.008555960667329577,2.2765718,10.182382,1936
3121,0.0013655949618826648,3.7917721,13.573216,309
3122,0.017902994144293447,2.4793625,9.435481,4051
3123,0.001325820351342393,5.1235776,18.688095,300
3124,0.0005038117335101094,7.428106,18.431536,114
3125,0.008502927853275881,2.217029,8.899294,1924
3126,0.0013700143630538061,2.6217048,7.732318,310
3127,0.0007380399955805989,7.9158177,15.857352,167
3128,0.0015998232239531544,3.4347181,13.019867,362
3129,0.0061739034360844105,33.193146,51.64948,1397
3130,0.0014539829853054912,1.122999,5.554151,329
3131,0.002439509446470003,3.0687358,11.173072,552
3132,0.005453541045188377,2.420497,8.041842,1234
3133,0.0032703568666445698,4.967387,15.992245,740
3134,0.0009766876588222296,3.8145924,13.545625,221
3135,0.0017765992707988068,3.071592,11.600655,402
3136,0.01453541045188377,1.4873335,5.6407585,3289
3137,0.0018384708871947851,3.6000307,15.879047,416
3138,0.007870953485802674,1.4311621,7.0031357,1781
3139,0.011295989393437188,1.812727,7.8296566,2556
3140,0.0005170699370235333,2.8793142,16.840628,117
3141,0.0021743453762015246,3.3449142,9.7825165,492
3142,0.006531874930946857,1.5562143,8.6728735,1478
3143,0.0019312783117887526,2.5939,9.09301,437
3144,0.008966964976245719,1.3012247,4.8033485,2029
3145,0.014252568776930727,3.066788,11.092308,3225
3146,0.001409788973594078,4.3768377,13.4938755,319
3147,0.0005524251463926638,4.594218,13.781383,125
3148,0.0004331013147718484,2.0800083,14.804433,98
3149,0.016135233675836923,2.4217405,11.282235,3651
3150,0.001210915920892719,3.5977452,12.157328,274
3151,0.0014009501712517953,2.530688,12.178074,317
3152,0.0031112584244834826,2.471429,8.711738,704
3153,0.0012727875372886973,2.9874434,11.250731,288
3154,0.01173351010938018,2.1188478,8.654724,2655
3155,0.00202408573638272,3.2665555,14.812948,458
3156,0.001993149928184731,4.500957,11.459578,451
3157,0.004936471108164844,4.490971,14.452139,1117
3158,0.0008529444260302729,3.3129995,12.619104,193
3159,0.000627554966302066,1.8662013,14.559448,142
3160,0.003429455308805657,1.5039613,11.98653,776
3161,0.0056656723014031594,3.0322375,12.808454,1282
3162,0.0008882996353994034,5.596821,12.321969,201
3163,0.0007512981990940228,5.3690586,13.336081,170
3164,0.002138990166832394,3.830095,13.255781,484
3165,0.000839686222516849,5.107352,23.407349,190
3166,0.021557838912827313,2.1592426,9.040922,4878
3167,0.0009280742459396752,3.4252968,9.683495,210
3168,0.014305601590984422,1.4682515,5.5385723,3237
3169,0.0038802342282620705,1.8592068,7.2700315,878
3170,0.0014186277759363605,3.1493676,15.055631,321
3171,0.0009413324494530991,6.6817303,17.561,213
3172,1.3258203513423931e-05,0.6947595,0.79023767,3
3173,0.0108584686774942,2.1068416,13.52572,2457
3174,0.002872610761241852,3.0833967,10.803585,650
3175,0.0012993039443155452,3.9751217,17.435461,294
3176,0.00101204286819136,5.0922146,12.477717,229
3177,0.0017589216661142416,3.2388582,12.074035,398
3178,0.011693735498839907,3.6892793,12.69988,2646
3179,0.0028814495635841346,1.5681821,9.958172,652
3180,0.0007733952049497294,3.1760883,12.9863825,175
3181,0.001794276875483372,2.6230247,9.6126375,406
3182,0.003217324052590874,2.5349371,13.050026,728
3183,0.006134128825544139,30.067608,47.486713,1388
3184,0.0005480057452215225,2.8738236,21.690908,124
3185,0.001224174124406143,4.5937214,11.634507,277
3186,0.0004596177217986963,10.106195,21.180597,104
3187,0.0017324052590873937,3.152601,11.955477,392
3188,0.011578831068390234,1.3721377,6.479642,2620
3189,0.0005038117335101094,9.9063425,20.544785,114
3190,0.006213678046624683,1.9988812,12.151929,1406
3191,0.0005568445475638051,5.453485,16.92233,126
3192,0.0022008617832283725,3.1521416,9.762756,498
3193,0.0019312783117887526,2.3379285,9.797845,437
3194,0.000782234007292012,6.6300755,20.22465,177
3195,0.0012064965197215777,3.922411,14.041712,273
3196,0.011556734062534527,1.6599336,7.0012364,2615
3197,0.0015998232239531544,3.6205373,11.717247,362
3198,0.000967848856479947,4.586705,15.610434,219
3199,0.01156999226604795,1.7644638,6.0362635,2618
3200,0.008211247375980555,1.8159446,11.099319,1858
3201,0.0016882112473759806,3.092688,8.696395,382
3202,0.01865871174455861,2.5597217,10.379953,4222
3203,0.0012462711302618495,5.9116316,16.728216,282
3204,0.004901115898795713,2.292645,9.478871,1109
3205,0.002620704894486797,3.7330797,14.086114,593
3206,0.009550325930836372,1.5782351,5.4349613,2161
3207,0.002439509446470003,4.0879993,11.581842,552
3208,0.001082753286929621,7.2567925,14.859757,245
3209,0.0010518174787316318,5.3306046,15.224975,238
3210,0.002262733399624351,3.043541,10.605003,512
3211,0.0017103082532316871,4.306843,13.126807,387
3212,0.0009369130482819578,4.513362,16.535429,212
3213,0.001153463705667882,5.395444,12.864477,261
3214,0.0012772069384598386,4.085353,12.232827,289
3215,0.0066114241520274005,1.510468,5.942798,1496
3216,0.001025301071704784,3.5916975,18.337116,232
3217,0.006991492652745553,1.5648824,9.016305,1582
3218,0.0004728759253121202,7.0987177,17.577002,107
3219,0.0022141199867417964,5.1128874,13.636182,501
3220,0.00032703568666445695,2.9888842,24.610823,74
3221,0.00613854822671528,27.797033,42.09046,1389
3222,0.0016440172356645675,3.759702,13.247601,372
3223,0.0012506905314329908,5.8100095,16.10515,283
3224,0.007000331455087836,1.7014121,7.0086484,1584
3225,0.0014053695724229366,3.8140693,13.747236,318
3226,0.010668434427135123,1.170384,4.3775287,2414
3227,0.012197547232350017,1.231521,6.7284746,2760
3228,0.0006231355651309247,3.252183,16.496164,141
3229,0.001325820351342393,3.4576347,13.712337,300
3230,0.002236216992597503,5.859764,16.070316,506
3231,0.015728648768091925,1.3234795,7.6458097,3559
3232,0.0020329245387250027,2.9698796,11.074395,460
3233,0.0009766876588222296,3.1048555,14.895439,221
3234,0.0012904651419732625,3.7026117,13.635933,292
3235,0.015825875593857033,3.987638,12.3043785,3581
3236,0.000627554966302066,5.310304,15.105765,142
3237,0.0030096121975472325,3.703747,10.741815,681
3238,0.004361948955916474,1.7646782,8.345093,987
3239,0.006381615291128052,2.9873903,11.558949,1444
3240,0.012224063639376864,2.2038696,8.0909815,2766
3241,0.0015335322063860348,4.018265,10.391972,347
3242,0.005391669428792398,1.8466992,5.8961396,1220
3243,0.001794276875483372,3.5105484,10.582241,406
3244,0.0013434979560269583,4.3514085,15.485235,304
3245,0.0012860457408021212,4.6680775,17.567873,291
3246,0.00048613412882554414,4.00334,14.7846,110
3247,0.0023290244171914705,2.6467135,14.806247,527
3248,0.0004242625124295658,11.053225,24.152584,96
3249,0.0017589216661142416,4.0490913,11.809846,398
3250,0.0028681913600707106,3.0878727,13.272518,649
3251,0.000768975803778588,4.9494796,16.143112,174
3252,0.0007512981990940228,4.4361043,15.559821,170
3253,0.0024704452546679924,3.7107556,13.161576,559
3254,0.0033941000994365264,2.5409634,11.481008,768
3255,0.002196442382057231,3.9915025,11.277097,497
3256,0.0009457518506242404,5.538729,16.954666,214
3257,0.0006363937686443487,6.853652,22.07479,144
3258,0.0033410672853828307,1.8688501,11.0848875,756
3259,0.000768975803778588,5.29616,21.029697,174
3260,0.0064965197215777265,1.7758516,7.0041947,1470
3261,0.008679703900121533,1.5120695,5.6519475,1964
3262,0.0011667219091813059,5.592005,20.913881,264
3263,0.0006319743674732073,4.152573,12.21634,143
3264,0.0009324936471108165,7.855834,20.584673,211
3265,0.006094354215003867,1.8568609,7.4574046,1379
3266,0.0009236548447685339,6.532477,16.49857,209
3267,0.0011843995138658711,4.9290185,12.235436,268
3268,0.004198431112584245,2.041903,8.711366,950
3269,0.0017456634626008176,3.3244455,17.369339,395
3270,0.0008087504143188598,2.7679405,10.329256,183
3271,0.0014186277759363605,2.6436558,8.976827,321
3272,0.00428239973483593,3.1244256,8.459011,969
3273,0.00637277648878577,2.55031,8.363358,1442
3274,0.0009369130482819578,8.007284,18.965435,212
3275,0.0012727875372886973,3.7397215,11.251112,288
3276,0.001140205502154458,4.967293,16.17464,258
3277,0.008056568334990608,3.768044,11.082824,1823
3278,0.0010606562810739145,4.5484223,12.958155,240
3279,0.002121312562147829,1.7287987,9.429889,480
3280,0.001781018671969948,4.482121,17.846083,403
3281,0.011605347475417081,1.8525453,7.843662,2626
3282,0.00048613412882554414,9.212499,26.586817,110
3283,0.0048569218870843,2.6784835,12.83449,1099
3284,0.003531101535741907,2.6737072,12.17732,799
3285,0.0033631642912385373,2.0791037,7.1725936,761
3286,0.0008794608330571208,3.8634484,13.946999,199
3287,0.0009899458623356535,3.9583282,20.154377,224
3288,0.0015909844216108718,3.8661458,11.338347,360
3289,0.001126947298641034,4.945501,15.911099,255
3290,0.0015821456192685892,3.1759253,16.442724,358
3291,0.007999116119765773,1.8148745,9.665865,1810
3292,0.006231355651309248,30.248161,46.69046,1410
3293,0.001666114241520274,7.511264,21.994568,377
3294,0.002037343939896144,2.8669822,9.263715,461
3295,0.0018340514860236438,2.5182796,13.329205,415
3296,0.005762899127168269,2.3687892,9.160166,1304
3297,0.000570102751077229,2.6319976,21.959646,129
3298,0.008993481383272566,2.2336705,8.903449,2035
3299,0.003217324052590874,2.8522964,10.473339,728
3300,0.0029919345928626673,2.3199978,9.912711,677
3301,0.006019224395094465,2.085101,6.209178,1362
3302,0.003813943210694951,1.6439342,10.678286,863
3303,0.0005612639487349464,7.8024507,18.843925,127
3304,0.001096011490443045,4.34773,15.752891,248
3305,0.0013346591536846756,3.4356382,15.75783,302
3306,0.0018119544801679373,2.6913052,9.217978,410
3307,0.000627554966302066,2.2063298,18.744926,142
3308,0.0019401171141310352,3.1250772,10.739408,439
3309,0.0016263396309800023,3.5770247,10.711253,368
3310,0.0015998232239531544,3.3104913,10.7865,362
3311,0.00539608882996354,3.3166327,10.19249,1221
3312,0.0005833609545906529,2.338266,14.728898,132
3313,0.0005524251463926638,9.20868,21.969898,125
3314,0.0019047619047619048,4.58704,13.384669,431
3315,0.0026472213015136447,3.2287068,10.644418,599
3316,0.001493757595845763,4.3435173,11.771271,338
3317,0.0013744337642249474,4.9002833,13.855837,311
3318,0.0006673295768423378,2.9359782,11.293563,151
3319,0.0028416749530438623,2.4008472,11.134764,643
3320,0.0017898574743122307,3.899567,12.627216,405
3321,0.003071483813943211,1.7293259,8.804185,695
3322,0.007482046182742238,2.4334178,11.407413,1693
3323,0.00613854822671528,2.6998842,16.546175,1389
3324,0.0032394210584465806,2.9441915,14.496053,733
3325,0.0010606562810739145,2.7043366,12.507615,240
3326,0.006165064633742128,2.0538511,8.946565,1395
3327,0.000897138437741686,4.1127353,12.476333,203
3328,0.0027400287261076122,2.973137,9.8151455,620
3329,0.003018450999889515,4.3247175,13.360273,683
3330,0.004233786321953375,2.0947564,9.120499,958
3331,0.0015821456192685892,4.1663995,9.867031,358
3332,0.0012197547232350016,3.933161,16.018549,276
3333,0.015428129488454314,1.2070452,5.8340755,3491
3334,0.011892608551541266,1.6898074,6.1409802,2691
3335,0.001409788973594078,3.6155457,15.608426,319
3336,0.000724781792067175,5.3995485,16.534328,164
3337,0.00023422826207048945,4.8230977,18.855108,53
3338,0.0008175892166611424,6.638848,16.320507,185
3339,0.0005656833499060877,5.4763217,14.228523,128
3340,0.0014584023864766325,2.946773,9.691256,330
3341,0.0015998232239531544,3.5010188,14.66545,362
3342,0.00428239973483593,1.6171728,7.2216663,969
3343,0.004658048834382941,2.1877973,11.486951,1054
3344,0.0018119544801679373,2.3515365,8.440427,410
3345,0.011843995138658713,1.4809155,7.3177247,2680
3346,0.0014053695724229366,3.1482635,10.671672,318
3347,0.009086288807866534,1.9913313,7.4339094,2056
3348,0.002222958789084079,2.7635853,10.084488,503
3349,0.001325820351342393,3.2717783,9.429475,300
3350,0.012975361838470888,2.1755621,8.308145,2936
3351,0.004896696497624572,2.2272596,7.7091928,1108
3352,0.000897138437741686,4.620343,16.283638,203
3353,0.00045077891945641366,8.128386,24.372793,102
3354,0.0005391669428792398,6.8221574,20.420206,122
3355,0.004609435421500387,2.5956745,11.434236,1043
3356,0.0010473980775604905,3.151445,16.26492,237
3357,0.0017103082532316871,3.9649684,13.917513,387
3358,0.003760910396641255,1.7600044,7.8806763,851
3359,0.0015423710087283174,3.5430946,14.249054,349
3360,0.02583139984532096,1.9623812,5.826058,5845
3361,0.0005745221522483703,7.164023,23.075163,130
3362,0.0012064965197215777,5.052008,19.810797,273
3363,0.004189592310241962,1.3887606,8.160956,948
3364,0.0016572754391779914,3.102096,11.758389,375
3365,0.0005214893381946746,5.571177,15.74541,118
3366,0.00048613412882554414,10.159918,19.588182,110
3367,0.0011048502927853276,3.1839948,15.008345,250
3368,0.012529002320185615,1.5061538,7.705609,2835
3369,0.00357529554745332,1.8539764,9.86921,809
3370,0.0021168931609766876,2.7134216,14.779482,479
3371,0.0012948845431444039,4.7033114,13.393391,293
3372,0.0061252900232018565,2.2907438,7.7907004,1386
3373,0.0007380399955805989,3.3406568,20.717695,167
3374,0.002178764777372666,3.4604917,12.707529,493
3375,0.0020019887305270136,2.5058405,7.8947444,453
3376,0.002439509446470003,2.7179818,8.813331,552
3377,0.010867307479836483,1.3253703,5.422961,2459
3378,0.004560822008617832,2.2678425,10.394756,1032
3379,0.005736382720141421,2.4505022,10.07417,1298
3380,0.0024129930394431553,2.4134042,11.498175,546
3381,0.0011446249033255993,3.775121,15.154535,259
3382,0.001096011490443045,4.4523087,15.246249,248
3383,0.0022008617832283725,4.393697,16.151524,498
3384,0.0031687106397083197,2.191077,15.717988,717
3385,0.001679372445033698,3.9317927,12.935572,380
3386,0.001666114241520274,2.8818846,11.988164,377
3387,0.01686885427024638,2.248648,10.8056135,3817
3388,0.00374323279195669,3.4374795,12.462855,847
3389,0.0027135123190807644,4.0511637,11.373216,614
3390,0.0005966191581040769,4.8793154,17.729603,135
3391,0.0017677604684565242,5.0128527,19.644001,400
3392,0.0017147276544028285,3.4773388,15.126005,388
3393,0.0018605678930504917,3.2801137,13.098329,421
3394,0.006275549663020661,2.208136,7.8992605,1420
3395,0.0021699259750303833,2.8909826,10.629611,491
3396,0.0012330129267484255,4.009198,13.022474,279
3397,0.0021434095680035355,2.185416,11.815275,485
3398,0.0008706220307148382,2.4441493,12.729152,197
3399,0.0035266821345707657,1.9379083,12.797774,798
3400,0.005559606673295768,2.235689,8.480549,1258
3401,0.008038890730306043,2.6904104,8.885509,1819
3402,0.0009987846646779361,4.268321,14.453413,226
3403,0.0011446249033255993,4.7490077,14.135641,259
3404,0.001224174124406143,5.3302207,17.832623,277
3405,0.0011048502927853276,3.217722,10.7918415,250
3406,0.0020726991492652745,3.27855,12.407244,469
3407,0.001595403822782013,3.5723593,14.025871,361
3408,0.003146613633852613,3.6771748,13.319357,712
3409,0.002121312562147829,3.6450305,14.464666,480
3410,0.011141310352447243,1.6829841,7.3205667,2521
3411,0.0014053695724229366,6.195475,13.542711,318
3412,0.0005435863440503812,4.629618,13.113602,123
3413,0.0017324052590873937,2.3605633,10.2956705,392
3414,0.002152248370345818,3.4815075,20.16262,487
3415,0.013987404706662248,1.5936589,8.830494,3165
3416,0.0011578831068390233,6.2063947,19.271833,262
3417,0.010743564247044526,1.6856387,5.671112,2431
3418,0.0009457518506242404,4.3860025,12.966011,214
3419,0.001608662026295437,4.44065,13.404724,364
3420,0.006147387029057563,1.914699,8.385854,1391
3421,0.001436305380620926,3.9090443,12.807806,325
3422,0.0026162854933156556,2.7368846,11.385773,592
3423,0.0005347475417080985,6.3525968,12.748297,121
3424,0.0007159429897248923,7.128223,20.707914,162
3425,0.001312562147828969,3.3613713,16.03247,297
3426,0.011455087835598277,1.4960119,5.362092,2592
3427,0.0008927190365705447,9.145812,17.015705,202
3428,0.0006894265826980444,7.0770082,18.424475,156
3429,0.000782234007292012,3.4571195,18.113617,177
3430,0.002651640702684786,2.2793436,9.852471,600
3431,0.0017191470555739698,3.152675,9.765298,389
3432,0.018539387912937796,1.8553718,7.134506,4195
3433,0.010871726881007623,2.0189285,8.4972515,2460
3434,0.0022583139984532095,2.808101,13.85932,511
3435,0.006297646668876367,32.35865,47.70608,1425
3436,0.0009943652635067948,3.9948604,10.853103,225
3437,0.00815821456192686,2.306089,8.482773,1846
3438,0.001038559275218208,2.5499036,15.595272,235
3439,0.0015909844216108718,3.934154,16.234741,360
3440,0.001255109932604132,3.182113,7.6076674,284
3441,0.0011623025080101646,3.8421056,14.4405985,263
3442,0.0007778146061208707,2.4720774,14.803469,176
3443,0.0003402938901778809,1.0148568,4.4375076,77
3444,0.000897138437741686,2.5571117,19.906128,203
3445,0.0014981769970169043,4.02365,17.842493,339
3446,0.0020726991492652745,3.603014,15.030801,469
3447,0.0009766876588222296,1.4264151,6.571041,221
3448,0.001096011490443045,4.0321107,14.024983,248
3449,0.028341619710529224,1.6428567,7.5112233,6413
3450,0.0012948845431444039,3.887947,15.462998,293
3451,0.001255109932604132,3.1866746,11.582354,284
3452,0.0011136890951276102,5.0482283,14.494089,252
3453,0.0017633410672853829,3.5472984,10.043433,399
3454,0.0007159429897248923,4.675639,14.86207,162
3455,0.003018450999889515,2.1409836,9.707078,683
3456,0.001864987294221633,3.1207335,11.672423,422
3457,0.0010429786763893492,3.9985461,9.597844,236
3458,0.0011843995138658711,3.2756317,12.176925,268
3459,0.0016395978344934262,6.2426,19.898857,371
3460,0.001339078554855817,6.0792885,16.675169,303
3461,0.002390896033587449,2.2897043,7.8551674,541
3462,0.0018119544801679373,2.9669452,8.91576,410
3463,0.0014539829853054912,4.0239196,9.686471,329
3464,0.005780576731852834,1.5497394,6.985882,1308
3465,0.001966633521157883,3.6318152,16.11068,445
3466,0.0017324052590873937,3.1857808,8.70298,392
3467,0.008772511324715501,2.3445525,7.12285,1985
3468,0.0032129046514197328,2.0899851,7.3839645,727
3469,0.001750082863771959,3.559656,17.417133,396
3470,0.0012639487349464147,3.793506,11.953763,286
3471,0.0007999116119765772,1.1415975,6.3211102,181
3472,0.002439509446470003,1.7435163,11.046882,552
3473,0.0007557176002651641,4.746898,12.069632,171
3474,0.001025301071704784,3.5467508,14.026985,232
3475,0.0006496519721577726,5.0080385,13.886651,147
3476,0.002209700585570655,2.1794972,8.27256,500
3477,0.002625124295657938,2.3744762,15.155767,594
3478,0.001096011490443045,4.294061,18.31291,248
3479,0.0011490443044967406,2.8610454,12.386649,260
3480,0.0007336205944094576,7.9398885,22.654705,166
3481,0.0042514639266379405,3.137507,9.754754,962
3482,0.0030670644127720696,1.8966401,8.255626,694
3483,0.0020992155562921224,4.343194,16.29317,475
3484,0.001268368136117556,4.4062734,11.447496,287
3485,0.006580488343829411,2.265044,9.795471,1489
3486,0.0012462711302618495,3.7651303,13.406568,282
3487,0.010080654071373329,2.3277617,10.631389,2281
3488,0.001409788973594078,2.6229925,11.077605,319
3489,0.001396530770080654,3.056731,10.25629,316
3490,0.001507015799359187,5.359154,16.320766,341
3491,0.0015202740028726108,2.3284256,7.4961996,344
3492,0.0032261628549331567,1.9027698,6.8335843,730
3493,0.0006850071815269031,8.369617,24.482138,155
3494,0.0013655949618826648,3.503895,12.048932,309
3495,0.0019401171141310352,3.1647577,11.907024,439
3496,0.0061252900232018565,3.0574703,10.8583975,1386
3497,0.0037122969837587007,2.1363387,8.694013,840
3498,0.0008927190365705447,2.6053042,11.129234,202
3499,0.004286819136007071,3.0099134,10.236072,970
3500,0.0017589216661142416,3.472701,12.011909,398
3501,0.0025190586675505468,3.300921,10.457131,570
3502,0.0007999116119765772,4.1231866,12.749795,181
3503,0.001723566456745111,1.9805273,7.958185,390
3504,0.0011711413103524472,5.5830336,15.756381,265
3505,0.002987515191691526,2.6908002,7.669988,676
3506,0.0008175892166611424,6.047629,15.568171,185
3507,0.0027842227378190253,2.5865676,11.160734,630
3508,0.004914374102309137,1.7054875,7.7994566,1112
3509,0.0014274665782786434,3.9048052,11.276197,323
3510,0.0009634294553088057,5.9485397,16.674093,218
3511,0.0062048392442824,2.2095978,8.917491,1404
3512,0.000724781792067175,6.2669764,18.951664,164
3513,0.0026693183073693513,2.9107301,8.964362,604
3514,0.0014672411888189151,3.9070728,11.480477,332
3515,0.0014009501712517953,2.5751553,11.212621,317
3516,0.0011490443044967406,2.930442,13.443295,260
3517,0.0032129046514197328,3.0355988,11.357234,727
3518,0.014698928295215997,1.6065367,6.427298,3326
3519,0.0027886421389901666,2.8686895,10.438959,631
3520,0.0014407247817920673,2.798388,10.756325,326
3521,0.0007866534084631533,3.8858018,13.923149,178
3522,0.0013744337642249474,3.2846684,12.38146,311
3523,0.0011888189150370124,2.3331282,9.122257,269
3524,0.0005259087393658159,5.469969,17.526821,119
3525,0.001025301071704784,4.97989,11.595729,232
3526,0.0010915920892719036,3.874279,13.744919,247
3527,0.001312562147828969,1.533998,5.718344,297
3528,0.001082753286929621,5.3435774,12.813324,245
3529,0.001966633521157883,4.061477,14.665122,445
3530,0.004927632305822561,1.4377595,6.965087,1115
3531,0.0043884653629433215,1.8059102,7.116105,993
3532,0.0020859573527786984,2.010834,8.725345,472
3533,0.0008352668213457077,3.22208,8.811055,189
3534,0.010261849519390123,1.961749,9.703993,2322
3535,0.00677936139653077,2.1204407,9.310957,1534
3536,0.0025765108827753838,2.754208,11.421388,583
3537,0.0008882996353994034,2.7474282,11.038405,201
3538,0.008175892166611425,1.9560515,7.017212,1850
3539,0.0013302397525135343,4.3015327,15.582079,301
3540,0.007309689537067727,1.5719364,5.6332216,1654
3541,0.0039244282399734836,1.8281666,9.98762,888
3542,0.0026560601038559273,2.2272542,9.387595,601
3543,0.010142525687769308,1.7498531,6.4554167,2295
3544,0.0013479173571980996,2.0535457,10.89967,305
3545,0.0039951386587117445,2.4998758,9.711117,904
3546,0.0014142083747652192,2.9853463,10.799672,320
3547,0.011057341730195559,1.9471155,7.508696,2502
3548,0.008993481383272566,2.004866,8.41736,2035
3549,0.00846757264390675,1.4751729,5.4548965,1916
3550,0.0010783338857584797,3.0727668,10.777222,244
3551,0.0018605678930504917,3.0935113,13.211432,421
3552,0.000698265385040327,3.924175,10.563896,158
3553,0.0019489559164733179,2.9485533,10.006996,441
3554,0.0007115235885537509,5.7946534,21.3856,161
3555,0.0016484366368357088,4.184174,15.2939205,373
3556,0.0010297204728759253,6.3352222,19.30924,233
3557,0.0002607446690973373,6.66495,25.514297,59
3558,0.0007336205944094576,2.912506,7.973462,166
3559,0.0003756490995470114,11.0454235,22.011673,85
3560,0.004662468235554083,1.6322162,10.059853,1055
3561,0.0016749530438625567,4.4520693,14.289652,379
3562,0.0021876035797149486,3.553708,14.562223,495
3563,0.0006938459838691857,2.9880648,13.74608,157
3564,0.002094796155120981,3.3260698,10.04932,474
3565,0.0017986962766545133,2.3441641,7.775241,407
3566,0.0019754723235001657,4.742866,12.95318,447
3567,0.0009943652635067948,2.056837,7.8813033,225
3568,0.0006894265826980444,7.325836,19.15455,156
3569,0.0006319743674732073,5.401625,13.178127,143
3570,0.002249475196110927,2.681163,10.192949,509
3571,0.0014230471771075018,3.8541887,12.350935,322
3572,0.0024704452546679924,3.1154397,8.496534,559
3573,0.009015578389128273,1.9195889,6.427205,2040
3574,0.0021876035797149486,3.042137,10.0158205,495
3575,0.003031709203402939,2.4639757,11.82285,686
3576,0.001255109932604132,2.7223155,13.750259,284
3577,0.000768975803778588,7.836335,23.112663,174
3578,0.0012285935255772842,2.3857589,11.489233,278
3579,0.005029278532758811,2.4835289,9.835635,1138
3580,0.0013876919677383714,2.8654861,11.341265,314
3581,0.0013346591536846756,2.7804654,13.452137,302
3582,0.0010164622693625014,3.9524431,12.647548,230
3583,0.001025301071704784,2.7352095,16.655533,232
3584,0.0014407247817920673,3.15238,11.321346,326
3585,0.01130040879460833,2.3442862,8.328327,2557
3586,0.0014274665782786434,3.2982829,9.280969,323
3587,0.005042536736272235,2.6662345,10.342534,1141
3588,0.0015600486134128826,3.236264,11.383622,353
3589,0.0011092696939564689,3.6637456,12.480596,251
3590,0.0003535520936913048,3.5221918,18.428755,80
3591,0.0006761683791846204,4.435096,12.915426,153
3592,0.0027842227378190253,2.687434,11.476082,630
3593,0.0005612639487349464,6.323648,14.224496,127
3594,0.007733952049497293,1.2672457,6.9137053,1750
3595,0.0008352668213457077,5.271278,16.280796,189
3596,0.0005038117335101094,5.105125,15.935942,114
3597,0.0008308474201745664,3.3350675,10.991451,188
3598,0.000967848856479947,2.666545,12.387125,219
3599,0.029190144735388356,2.7283657,10.47562,6605
3600,0.00039774610540271795,8.132469,20.33209,90
3601,0.0015512098110706,2.9342697,15.859799,351
3602,0.0009855264611645122,7.412879,20.083204,223
3603,0.01052259418848746,1.5462768,5.842016,2381
3604,0.015512098110706,1.8918341,6.7511077,3510
3605,0.011353441608662026,2.2936766,14.751033,2569
3606,0.0008706220307148382,6.930441,22.210733,197
3607,0.0010606562810739145,6.6511674,14.927675,240
3608,0.000967848856479947,6.624563,21.322271,219
3609,0.00856479946967186,1.2440971,5.1237707,1938
3610,0.039186830184509996,2.0334141,7.754125,8867
3611,0.0021610871726881007,2.8042247,11.999368,489
3612,0.0012153353220638603,3.6788137,10.216661,275
3613,0.0017677604684565242,2.7767,10.356591,400
3614,0.0012772069384598386,4.8038397,18.248058,289
3615,0.006249033255993813,1.5966344,7.12102,1414
3616,0.002492542260523699,2.6080847,9.179164,564
3617,0.003230582256104298,2.0226762,8.427498,731
3618,0.006196000441940117,2.9816906,10.716751,1402
3619,0.0011799801126947298,3.3898573,12.144529,267
3620,0.0006761683791846204,3.3439472,13.354089,153
3621,0.0004728759253121202,8.684033,18.613237,107
3622,0.001750082863771959,3.3280718,13.522479,396
3623,0.0005038117335101094,5.019132,18.566452,114
3624,0.0011578831068390233,4.209696,16.295717,262
3625,0.0005391669428792398,4.3254485,15.606225,122
3626,0.0013655949618826648,3.9329143,12.671179,309
3627,0.001781018671969948,5.0350084,14.822256,403
3628,0.0010783338857584797,4.203654,11.361435,244
3629,0.00819356977129599,2.165248,8.357903,1854
3630,0.0017898574743122307,3.167937,10.496377,405
3631,0.0005259087393658159,7.776955,22.48574,119
3632,0.001595403822782013,3.142837,10.495155,361
3633,0.0016263396309800023,3.182593,9.884632,368
3634,0.0012330129267484255,2.494285,10.146782,279
3635,0.0052458291901447355,3.3215828,11.558484,1187
3636,0.00101204286819136,2.601296,12.41163,229
3637,0.001409788973594078,4.0466523,15.329471,319
3638,0.0018119544801679373,3.76405,16.597008,410
3639,0.004074687879792288,2.4555159,15.52715,922
3640,0.00033587448900673956,2.766132,16.248028,76
3641,0.001807535078996796,3.1353943,12.665459,409
3642,0.0032217434537620154,1.9919857,7.3215523,729
3643,0.015286708650977792,2.774505,10.507123,3459
3644,0.0015246934040437522,4.3860135,21.75045,345
3645,0.007508562589769086,2.3095462,9.189053,1699
3646,0.013271461716937355,1.6986734,5.973548,3003
3647,0.015764003977461055,2.2193336,8.256638,3567
3648,0.004198431112584245,1.7779434,10.177531,950
3649,0.001436305380620926,3.79484,13.955511,325
3650,0.000627554966302066,3.7109222,13.769121,142
3651,0.0007468787979228815,5.9853506,14.553424,169
3652,0.0011136890951276102,4.842344,14.847707,252
3653,0.000384487901889294,5.3587165,17.269003,87
3654,0.0020726991492652745,3.274583,8.908875,469
3655,0.001979891724671307,2.952518,14.60601,448
3656,0.0024129930394431553,2.4068341,9.231757,546
3657,0.021562258313998453,1.0393852,7.9043584,4879
3658,0.0003623908960335875,10.967666,23.252195,82
3659,0.0025146392663794054,2.598435,11.773302,569
3660,0.0010518174787316318,3.4443443,9.622146,238
3661,0.001621920229808861,3.679823,12.447709,367
3662,0.0006496519721577726,2.8715317,20.81941,147
3663,0.0014981769970169043,4.260926,11.825764,339
3664,0.0005745221522483703,11.180438,23.161322,130
3665,0.012029609987846647,2.172208,9.793567,2722
3666,0.01537951607557176,1.1222608,5.458615,3480
3667,0.0007026847862114683,6.2118816,17.672369,159
3668,0.0041100430891614186,3.3777864,9.001348,930
3669,0.001537951607557176,2.8283086,11.610129,348
3670,0.0008838802342282621,6.4369235,20.96244,200
3671,0.0019268589106176113,3.5467215,11.172724,436
3672,0.0018252126836813612,4.903026,13.620008,413
3673,0.00010606562810739145,8.851607,27.442745,24
3674,0.014584023864766324,1.730646,7.279118,3300
3675,0.08346922991934592,1.7065945,8.449136,18887
3676,0.007764887857695283,1.9312094,7.416452,1757
3677,0.0017721798696276655,4.233262,11.005361,401
3678,0.0031112584244834826,1.7557677,8.480414,704
3679,0.0007424593967517402,3.9641552,12.458305,168
3680,0.013779692851618605,4.001462,11.269741,3118
3681,0.006085515412661584,37.589302,57.403908,1377
3682,0.0008662026295436968,5.896914,16.266893,196
3683,0.0012993039443155452,3.439487,12.626847,294
3684,0.0036106507568224506,2.5983095,10.268586,817
3685,0.0009324936471108165,5.212949,18.435343,211
3686,0.002262733399624351,7.999031,17.399326,512
3687,0.0011932383162081537,3.8675673,13.531925,270
3688,0.001493757595845763,4.3667173,15.528379,338
3689,0.0025986078886310903,2.99065,14.296678,588
3690,0.006651198762567672,1.4129517,4.3035436,1505
3691,0.0051751187714064745,6.4116945,13.464048,1171
3692,0.00799469671859463,1.3864477,7.9222946,1809
3693,0.0030626450116009282,3.1310616,9.833028,693
3694,0.001692630648547122,4.942451,16.322533,383
3695,0.000839686222516849,5.073452,12.714768,190
3696,0.0020417633410672853,3.7455099,9.949934,462
3697,0.0018031156778256546,3.820915,15.028177,408
3698,0.001621920229808861,4.460581,12.451957,367
3699,0.002439509446470003,2.549917,10.545878,552
3700,0.0002960998784664678,7.688619,17.692871,67
3701,0.0008838802342282621,5.201079,11.687208,200
3702,0.003805104408352668,3.2159054,11.227695,861
3703,0.0029919345928626673,3.0811179,11.577344,677
3704,0.0011048502927853276,3.7330122,11.760813,250
3705,0.0005259087393658159,6.7114587,16.360312,119
3706,0.0005921997569329356,4.0849967,16.007362,134
3707,0.005312120207711855,2.5292435,10.577002,1202
3708,0.0012374323279195668,4.7355537,12.839205,280
3709,0.004808308474201745,2.7894425,8.269958,1088
3710,0.002960998784664678,4.5711427,11.657424,670
3711,0.0012330129267484255,3.9658883,15.309269,279
3712,0.0012595293337752734,4.688163,16.603846,285
3713,0.01028836592641697,1.5662884,6.413409,2328
3714,0.0005833609545906529,5.2446175,16.144152,132
3715,0.02299856369461938,2.4110353,9.932095,5204
3716,0.0019622141199867418,2.3544989,16.818161,444
3717,0.004896696497624572,2.1008954,8.97508,1108
3718,0.0013700143630538061,3.214243,7.690797,310
3719,0.0011136890951276102,3.0516112,12.743802,252
3720,0.0023997348359297314,3.578898,11.782908,543
3721,0.0013302397525135343,3.576666,10.296924,301
3722,0.001507015799359187,3.379188,14.059716,341
3723,0.0019577947188156005,3.4213083,13.72081,443
3724,0.000954590652966523,5.733541,17.281893,216
3725,0.0031377748315103305,3.426724,8.391138,710
3726,0.001339078554855817,3.9066367,11.985709,303
3727,0.0007026847862114683,9.370038,19.01556,159
3728,0.0024306706441277206,2.3016438,11.45733,550
3729,0.001537951607557176,3.3971264,13.329162,348
3730,0.007199204507789194,1.8696111,8.546122,1629
3731,0.001325820351342393,3.2572103,11.513126,300
3732,0.001621920229808861,3.4063432,11.877057,367
3733,0.004525466799248702,2.5101352,9.214463,1024
3734,0.003517843332228483,2.0669847,6.1696663,796
3735,0.00045519832062755497,9.155305,27.231009,103
3736,0.0024129930394431553,3.1448514,9.516711,546
3737,0.0023290244171914705,2.2046475,8.875957,527
3738,0.002320185614849188,3.1304903,11.127376,525
3739,0.0013744337642249474,5.682593,17.47148,311
3740,0.006266710860678378,1.6590246,6.527699,1418
3741,0.0016528560380068501,3.4843516,13.2044325,374
3742,0.003071483813943211,2.4477148,11.539421,695
3743,0.0014893381946746217,4.0431356,10.996246,337
3744,0.001069495083416197,2.6697128,17.12628,242
3745,0.0025765108827753838,2.5836887,8.043009,583
3746,0.0012330129267484255,2.3680863,9.033766,279
3747,0.009594519942547786,1.6451395,9.963141,2171
3748,0.002408573638272014,2.8593805,10.649913,545
3749,0.0025455750745773946,1.8965199,7.632681,576
3750,0.002492542260523699,2.5849233,9.881601,564
3751,0.0013214009501712517,4.4955025,10.840873,299
3752,0.0016970500497182632,3.3903816,12.628574,384
3753,0.0017854380731410894,6.424111,15.404035,404
3754,0.010297204728759253,1.3973778,5.5574584,2330
3755,0.0027267705225941883,3.3774667,11.323982,617
3756,0.0010164622693625014,6.563863,19.291046,230
3757,0.0013037233454866865,3.4195065,11.353539,295
3758,0.0024262512429565793,2.3537176,9.813594,549
3759,0.0008706220307148382,4.353725,13.56408,197
3760,0.001621920229808861,3.2953851,10.34673,367
3761,0.0120782234007292,3.4493737,12.439246,2733
3762,0.0007999116119765772,4.8419566,15.421212,181
3763,0.003760910396641255,3.8276894,10.441119,851
3764,0.004361948955916474,1.9520019,11.831684,987
3765,0.0021168931609766876,2.2430286,7.5325656,479
3766,0.02283504585128715,1.478184,6.302399,5167
3767,0.0029786763893492434,3.1569633,13.215899,674
3768,0.001736824660258535,3.9019275,11.2197695,393
3769,0.0010208816705336427,7.224014,20.347843,231
3770,0.004507789194564136,2.1184044,10.035705,1020
3771,0.002819577947188156,2.0783052,7.9467425,638
3772,0.0034206165064633743,1.9523188,7.34159,774
3773,0.00064081316981549,2.8666215,10.022195,145
3774,0.0013876919677383714,3.7738948,13.488269,314
3775,8.83880234228262e-06,0.7220482,0.92213523,2
3776,0.0014053695724229366,2.886683,10.176246,318
3777,0.004264722130151365,3.960022,12.280608,965
3778,0.001025301071704784,6.327835,22.014004,232
3779,0.001979891724671307,2.7448373,8.713055,448
3780,0.0008043310131477185,3.3477898,11.229,182
3781,0.0010562368799027731,3.8077583,13.293414,239
3782,0.004909954701137996,1.348524,7.7428074,1111
3783,0.0013611755607115235,5.5861726,17.155146,308
3784,0.0008308474201745664,5.933464,17.4099,188
3785,0.0013037233454866865,2.9484928,9.494329,295
3786,0.0010518174787316318,4.802419,11.012799,238
3787,0.0038934924317754944,1.6420804,10.324449,881
3788,0.0017147276544028285,1.9908576,7.3584633,388
3789,0.0007336205944094576,4.8814254,12.447335,166
3790,0.0027621257319633188,2.6821375,9.03397,625
3791,0.0005038117335101094,2.9634404,20.60613,114
3792,0.0025897690862888077,3.9389868,12.79306,586
3793,0.0016175008286377197,3.6081767,14.423088,366
3794,0.0005214893381946746,7.297109,17.739992,118
3795,0.0020461827422384267,3.3527853,11.070429,463
3796,0.005510993260413214,1.2285948,6.860488,1247
3797,0.0071682686995912055,2.6415675,9.951803,1622
3798,0.0020726991492652745,2.2582517,10.567423,469
3799,0.0005480057452215225,3.3101141,24.960327,124
3800,0.0024439288476411445,3.174402,9.594949,553
3801,0.0006319743674732073,6.9744816,13.586639,143
3802,0.002152248370345818,4.909927,13.650672,487
3803,0.000627554966302066,7.921308,22.175335,142
3804,0.0010871726881007623,3.3437338,8.965146,246
3805,0.0008441056236879903,4.9232635,14.117793,191
3806,0.0013700143630538061,3.275117,9.993373,310
3807,0.0015202740028726108,3.1969461,9.245048,344
3808,0.0018428902883659264,2.3228717,8.182003,417
3809,0.0011932383162081537,2.323594,8.15349,270
3810,0.0010208816705336427,2.8971322,11.775865,231
3811,0.0018119544801679373,2.6504178,10.396014,410
3812,0.001396530770080654,4.217391,16.255718,316
3813,0.004671307037896365,3.2625444,9.258971,1057
3814,0.0008175892166611424,7.2805586,21.115677,185
3815,0.01110153574190697,2.6365767,11.139682,2512
3816,0.008745994917688652,1.7173871,7.505607,1979
3817,0.001564468014584024,3.7791696,9.999054,354
3818,0.0005038117335101094,10.422034,24.163567,114
3819,0.0023334438183626118,2.6792567,15.279206,528
3820,0.0021876035797149486,2.5088058,10.125904,495
3821,0.000954590652966523,3.9847174,13.623064,216
3822,0.0007601370014363054,4.768804,16.845407,172
3823,0.001339078554855817,2.573237,7.4933305,303
3824,0.003968622251684897,2.0412664,8.6468115,898
3825,0.0015291128052148935,2.819914,14.479621,346
3826,0.0026604795050270687,2.774479,9.0029955,602
3827,0.0017412440614296763,3.2463136,10.283917,394
3828,0.0014539829853054912,3.0495803,10.0320425,329
3829,0.00045519832062755497,9.955459,22.116846,103
3830,0.010814274665782787,1.5216962,9.970061,2447
3831,0.0008617832283725555,4.5050964,15.481495,195
3832,0.0050602143409568005,2.2781835,9.038035,1145
3833,0.0009457518506242404,8.310938,24.974485,214
3834,0.0013434979560269583,2.8373148,7.9170337,304
3835,0.0006673295768423378,5.8963394,28.955633,151
3836,0.002236216992597503,3.0232072,13.463466,506
3837,0.001564468014584024,3.3591387,11.16673,354
3838,0.0015909844216108718,3.505504,14.148127,360
3839,0.021133576400397747,1.7569242,12.9288435,4782
3840,0.002753286929621036,3.0502896,10.382039,623
3841,0.0029256435752955477,4.9354916,14.939252,662
3842,0.0031510330350237544,2.7459855,10.202252,713
3843,0.0019445365153021765,2.3466067,10.271609,440
3844,0.0031112584244834826,1.0266603,4.9145255,704
3845,0.0011623025080101646,1.9500974,7.0896287,263
3846,0.004534305601590984,2.1972594,7.8840017,1026
3847,0.003813943210694951,1.6950052,7.1226954,863
3848,0.0012285935255772842,2.9132257,15.432687,278
3849,0.0008175892166611424,3.245954,10.281495,185
3850,0.018504032703568665,1.0947864,4.48026,4187
3851,0.0012330129267484255,5.0338473,14.070441,279
3852,0.001312562147828969,3.2947013,13.405989,297
3853,0.0011004308916141862,4.1771173,16.155281,249
3854,0.004940890509335985,2.6523125,10.677479,1118
3855,0.0015512098110706,4.018238,16.238096,351
3856,0.0008441056236879903,3.990213,12.430397,191
3857,0.003358744890067396,3.084023,10.870053,760
3858,0.0025323168710639707,3.6430786,12.268252,573
3859,0.0008043310131477185,5.925423,18.696844,182
3860,0.006717489780134792,1.596492,8.931826,1520
3861,0.0007999116119765772,6.085223,21.54657,181
3862,0.0006142967627886421,1.1170211,5.885698,139
3863,0.0004596177217986963,7.9844255,20.71736,104
3864,0.0014893381946746217,3.1438706,11.136345,337
3865,0.0008087504143188598,3.1018329,13.995914,183
3866,0.0027135123190807644,2.3217926,10.618363,614
3867,0.0009148160424262513,3.8700793,11.853309,207
3868,0.0006540713733289139,4.443347,11.826855,148
3869,0.0016484366368357088,2.3192503,8.130593,373
3870,0.007380399955805988,2.0218039,8.674026,1670
3871,0.0016307590321511436,2.825084,14.5862055,369
3872,0.0009501712517953817,5.1301174,15.34961,215
3873,0.0011136890951276102,3.683763,12.227675,252
3874,0.001608662026295437,4.7863164,13.000096,364
3875,0.0005612639487349464,9.81529,17.213316,127
3876,0.003314550878355983,2.910883,12.137533,750
3877,0.0007512981990940228,3.0904558,12.792387,170
3878,0.0010518174787316318,4.214202,13.8591795,238
3879,0.001621920229808861,2.8556488,11.837431,367
3880,0.002448348248812286,3.3407362,11.096882,554
3881,0.006841233012926749,1.507055,8.10014,1548
3882,0.006151806430228704,28.780287,42.780743,1392
3883,0.001794276875483372,3.7044542,11.606703,406
3884,0.00022980886089934814,3.5326138,13.50656,52
3885,0.00192243950944647,2.284137,10.189472,435
3886,0.0019622141199867418,3.7325292,17.95509,444
3887,0.0018561484918793504,2.909063,11.268626,420
3888,0.0009148160424262513,6.074913,22.534487,207
3889,0.0014628217876477738,3.4244413,9.943194,331
3890,0.0009811070599933709,3.5737367,16.872387,222
3891,0.0051530217655507676,2.4140658,8.079576,1166
3892,0.0014628217876477738,3.6540983,14.746395,331
3893,0.001153463705667882,4.4097614,15.782547,261
3894,0.0015246934040437522,4.214379,27.672667,345
3895,0.001595403822782013,3.5619128,11.612001,361
3896,0.0008087504143188598,3.2888887,9.266102,183
3897,0.008555960667329577,1.7490824,7.766608,1936
3898,0.001807535078996796,3.0208812,11.352067,409
3899,0.0016970500497182632,4.195776,12.267792,384
3900,0.0012285935255772842,3.835265,12.211807,278
3901,0.0012020771185504364,4.3116765,16.390385,272
3902,0.0015423710087283174,2.822846,14.716992,349
3903,0.0017412440614296763,4.5701976,12.949324,394
3904,0.0043884653629433215,2.5377326,10.856995,993
3905,0.001608662026295437,3.5276833,12.758346,364
3906,0.0014186277759363605,5.574686,18.9483,321
3907,0.007132913490222075,1.3631717,7.7862587,1614
3908,0.0017854380731410894,3.506739,8.276934,404
3909,0.002903546569439841,2.6476052,11.769693,657
3910,0.0009634294553088057,2.1475923,9.797435,218
3911,0.0008529444260302729,3.0791008,9.528313,193
3912,0.000570102751077229,3.7757223,12.779042,129
3913,0.006655618163738814,1.5196838,7.1980276,1506
3914,0.003831620815379516,3.1958528,11.099091,867
3915,0.0014186277759363605,3.582916,17.938887,321
3916,0.000897138437741686,3.613739,11.238302,203
3917,0.0015335322063860348,3.3940468,10.488295,347
3918,0.0017589216661142416,4.722796,13.693233,398
3919,0.004083526682134571,2.0444064,10.3919325,924
3920,0.010946856700917025,1.7932938,6.7893796,2477
3921,0.0010473980775604905,4.54674,16.013445,237
3922,0.0017986962766545133,3.2012882,11.882191,407
3923,0.0006319743674732073,6.1182227,17.279985,143
3924,0.0012153353220638603,3.6131911,13.005393,275
3925,0.0014628217876477738,3.60131,13.869357,331
3926,0.0018384708871947851,3.0607924,12.031362,416
3927,0.001140205502154458,4.868483,12.763975,258
3928,0.0017765992707988068,2.7935822,10.561317,402
3929,0.0016705336426914154,2.6646743,8.731805,378
3930,0.0027974809413324492,2.3995311,8.420317,633
3931,0.001325820351342393,5.752929,18.373482,300
3932,0.0008882996353994034,6.137346,14.988927,201
3933,0.003332228483040548,3.3628962,10.502094,754
3934,0.0013081427466578278,4.111271,12.081533,296
3935,0.002536736272235112,2.9393642,13.956941,574
3936,0.004724339851950061,3.08197,9.399327,1069
3937,0.001595403822782013,3.3629751,12.708926,361
3938,0.0013611755607115235,3.179843,11.798473,308
3939,0.000512650535852392,9.833219,26.147972,116
3940,0.006492100320406585,2.111554,7.925621,1469
3941,0.0008882996353994034,7.673362,20.377712,201
3942,0.002695834714396199,3.4702501,11.065637,610
3943,0.0012993039443155452,5.5250745,16.207653,294
3944,0.0006187161639597834,6.569773,20.762285,140
3945,0.0029919345928626673,2.9386904,13.307714,677
3946,0.008083084742017457,3.2644532,11.650723,1829
3947,0.0004728759253121202,6.4922585,21.405731,107
3948,0.0007468787979228815,6.3205647,15.092189,169
3949,0.004578499613302397,2.032832,7.126125,1036
3950,0.0017279858579162524,3.7921996,10.733733,391
3951,0.004865760689426583,1.7779971,8.648232,1101
3952,0.0013081427466578278,2.5155704,12.777227,296
3953,0.0017456634626008176,4.5279145,13.933406,395
3954,0.0025190586675505468,3.0785658,11.8610735,570
3955,0.0034957463263727766,1.9790024,6.902934,791
3956,0.0008352668213457077,4.3390274,12.470379,189
3957,0.016130814274665783,1.69503,10.291927,3650
3958,0.0011711413103524472,4.933577,15.136736,265
3959,0.003115677825654624,2.384054,8.494502,705
3960,0.0023290244171914705,2.0921192,6.3738036,527
3961,0.0014186277759363605,2.5906363,9.63188,321
3962,0.0007954922108054359,4.368378,15.117314,180
3963,0.010999889514970721,1.2478353,5.377521,2489
3964,0.006942879239862998,1.5034535,8.247203,1571
3965,0.0014009501712517953,3.0903506,9.137716,317
3966,0.005997127389238758,3.3479643,13.379217,1357
3967,0.0018870843000773395,2.9807029,15.071209,427
3968,0.0009059772400839686,4.441845,15.9094715,205
3969,0.0033233896806982655,1.9757868,8.920373,752
3970,0.0009501712517953817,4.64457,13.058983,215
3971,0.001396530770080654,2.8259819,10.938899,316
3972,0.0004684565241409789,10.247611,23.688616,106
3973,0.0020285051375538614,2.2070992,9.872962,459
3974,0.005219312783117888,0.88753283,4.1545606,1181
3975,0.0006540713733289139,8.656841,22.867128,148
3976,0.002678157109711634,3.0582187,8.6764,606
3977,0.00048613412882554414,2.6167784,19.936266,110
3978,0.0011181084962987515,5.207083,15.816211,253
3979,0.005519832062755497,1.553911,6.9098015,1249
3980,0.0030626450116009282,2.1072633,8.224984,693
3981,0.001666114241520274,3.1207762,16.181845,377
3982,0.002253894597282068,2.5380418,7.723458,510
3983,0.0006496519721577726,7.15368,16.602228,147
3984,0.0008927190365705447,2.9951339,22.706587,202
3985,0.002236216992597503,0.91828203,4.1261487,506
3986,0.004026074466909734,3.4945729,10.459191,911
3987,0.0008927190365705447,6.2682,18.818018,202
3988,0.012100320406584908,2.289298,9.499742,2738
3989,0.004693404043752071,4.276914,12.056285,1062
3990,0.0010871726881007623,4.1038837,10.801782,246
3991,0.0005612639487349464,3.1123698,13.086651,127
3992,0.01423047177107502,1.4266033,5.0228343,3220
3993,0.0008573638272014142,6.1958175,17.266285,194
3994,0.0012285935255772842,5.2155023,15.191797,278
3995,0.0010429786763893492,4.239813,13.143903,236
3996,0.0008264280190034251,4.2515554,11.924165,187
3997,0.007194785106618053,2.1933877,9.708774,1628
3998,0.0029521599823223955,2.343489,6.306172,668
3999,0.0022848304054800574,4.551098,14.403567,517
4000,0.0010297204728759253,5.32315,13.6251135,233
4001,0.0008485250248591316,5.1093764,10.120096,192
4002,0.0014053695724229366,5.8568816,19.061274,318
4003,0.0032129046514197328,2.6112049,9.588858,727
4004,0.001480499392332339,4.7331915,14.4885645,335
4005,0.0015600486134128826,4.1493826,15.163068,353
4006,0.011790962324605017,3.8870656,12.816047,2668
4007,0.0009590100541376643,5.9400797,14.119659,217
4008,0.001197657717379295,2.5935864,18.102682,271
4009,0.0013921113689095127,2.5220704,14.527602,315
4010,0.000897138437741686,5.886136,16.093521,203
4011,0.0005303281405369572,9.277793,23.404379,120
4012,0.00519279637609104,1.8522276,7.5588603,1175
4013,0.010809855264611645,2.1639745,9.230867,2446
4014,0.00404817147276544,2.5073824,9.55611,916
4015,0.0017986962766545133,2.929962,11.8440695,407
4016,0.0011136890951276102,6.5113487,20.926655,252
4017,0.0015467904098994587,2.2535865,7.813679,350
4018,0.0016970500497182632,3.735287,21.963818,384
4019,0.0008838802342282621,4.974901,12.125302,200
4020,0.0025897690862888077,2.927746,9.25779,586
4021,0.0008750414318859795,4.5621796,14.161207,198
4022,0.0008662026295436968,4.8016086,19.589407,196
4023,0.01278090818694067,2.848554,9.264829,2892
4024,0.01733731079438736,1.9146124,11.409411,3923
4025,0.0012462711302618495,3.4277377,10.37547,282
4026,0.002421831841785438,3.039218,13.06522,548
4027,0.0022450557949397856,2.875959,7.6886826,508
4028,0.002651640702684786,3.2714837,11.591157,600
4029,0.032429565793834936,2.4705207,9.794747,7338
4030,0.0008485250248591316,3.0705833,13.624776,192
4031,0.0004905535299966854,3.0275228,23.616976,111
4032,0.0010164622693625014,3.45877,10.956141,230
4033,0.009201193238316209,0.78694254,3.4327335,2082
4034,0.0008264280190034251,3.2989337,11.54135,187
4035,0.0010606562810739145,4.753743,13.9716425,240
4036,0.001781018671969948,2.960252,11.609897,403
4037,0.0006673295768423378,5.2135005,18.127953,151
4038,0.014990608772511325,1.4917953,5.7504783,3392
4039,0.0015556292122417413,3.197387,10.916962,352
4040,0.0009811070599933709,1.7020353,9.074201,222
4041,0.0065451331344602804,2.438343,10.656301,1481
4042,0.00128162633963098,4.184581,13.00509,290
4043,0.0023997348359297314,2.4248283,13.921171,543
4044,0.010257430118218981,1.6404107,7.7062984,2321
4045,0.0016572754391779914,3.738891,15.541646,375
4046,0.0013434979560269583,3.4754138,11.940766,304
4047,0.012091481604242626,2.0221126,7.5030155,2736
4048,0.0011711413103524472,2.5291438,16.34868,265
4049,0.0007910728096342946,3.5823934,12.032005,179
4050,0.004123301292674843,2.0453954,9.005225,933
4051,0.002178764777372666,3.1237686,14.260281,493
4052,0.0013700143630538061,4.2773223,13.849563,310
4053,0.001096011490443045,3.2627807,10.522694,248
4054,0.0010032040658490774,3.766356,13.143716,227
4055,0.0009811070599933709,4.915441,16.363447,222
4056,0.0006054579604463595,2.2168646,9.294873,137
4057,0.0030803226162854935,2.4607525,12.6322155,697
4058,0.007968180311567782,2.3110335,7.247894,1803
4059,0.002974256988178102,2.7308004,13.348263,673
4060,0.008816705336426913,1.5576183,8.115259,1995
4061,0.001692630648547122,1.0785527,6.286445,383
4062,0.013713401834051486,2.3096006,8.960965,3103
4063,0.0009722682576510883,5.3118644,18.558043,220
4064,0.0025190586675505468,2.802201,10.212735,570
4065,0.0034957463263727766,2.3757222,8.762311,791
4066,0.0031819688432217436,3.0654917,13.393439,720
4067,0.0012462711302618495,4.1538157,12.866882,282
4068,0.003760910396641255,2.339288,7.0496497,851
4069,0.0025455750745773946,3.5093284,11.269571,576
4070,0.0011578831068390233,5.4513617,17.180218,262
4071,0.0012462711302618495,3.670094,11.936917,282
4072,0.0022583139984532095,4.3042016,13.416769,511
4073,0.0009457518506242404,3.3335218,14.700782,214
4074,0.002943321179980113,1.8249909,9.355617,666
4075,0.001666114241520274,2.3303244,8.132491,377
4076,0.00138327256656723,3.2136264,10.586532,313
4077,0.002081537951607557,2.7268226,11.10235,471
4078,0.000897138437741686,2.9623756,16.561377,203
4079,0.0018561484918793504,3.9957259,7.9687037,420
4080,0.004887857695282289,2.0766177,8.886427,1106
4081,0.0016484366368357088,3.1601791,9.189233,373
4082,0.0017545022649431002,2.7744427,11.011827,397
4083,0.003031709203402939,2.4645321,12.161359,686
4084,0.004043752071594299,2.7084806,7.5691113,915
4085,0.0009015578389128273,6.5643096,15.749796,204
4086,0.013470334769638714,2.0161037,8.762232,3048
4087,0.0016970500497182632,3.3921685,16.465902,384
4088,0.003588553750966744,1.8861328,8.817463,812
4089,0.013505689979007845,1.7532886,6.398901,3056
4090,0.0015688874157551653,3.980197,12.200569,355
4091,0.002063860346922992,2.1827648,11.203442,467
4092,0.0015246934040437522,2.148673,12.656987,345
4093,0.005749640923654845,1.9397848,7.2089686,1301
4094,0.0010518174787316318,4.4427233,14.688393,238
4095,0.002253894597282068,4.1466613,15.518369,510
4096,0.001666114241520274,3.3709097,13.037361,377
4097,0.020218760357971495,2.1294658,8.4769,4575
4098,0.0014407247817920673,3.2898319,13.115714,326
4099,0.0011667219091813059,3.7442684,9.573268,264
4100,0.0016395978344934262,3.5244577,10.648724,371
4101,0.0009059772400839686,4.0441427,13.264643,205
4102,0.0013037233454866865,5.2300267,16.255192,295
4103,0.002063860346922992,2.8394558,9.64834,467
4104,0.010801016462269362,1.6643492,6.218327,2444
4105,0.003747652193127831,2.3500977,9.2950535,848
4106,0.0004728759253121202,6.707905,17.392744,107
4107,0.00101204286819136,4.9405694,13.524434,229
4108,0.0011623025080101646,6.2654905,18.961908,263
4109,0.006505358523920009,1.4472071,6.4473896,1472
4110,0.0005612639487349464,4.7940893,15.585799,127
4111,0.0007203623908960336,3.9769979,15.493564,163
4112,0.001507015799359187,3.0283563,9.746348,341
4113,0.0011667219091813059,3.5301945,11.167728,264
4114,0.013311236327477627,2.202403,8.638352,3012
4115,0.0020329245387250027,3.2432618,8.260119,460
4116,0.009687327367141752,1.5885049,7.440432,2192
4117,0.012621809744779583,1.7918122,7.618395,2856
4118,0.0008087504143188598,4.6781716,13.380198,183
4119,0.0019577947188156005,3.5324557,18.749542,443
4120,0.001069495083416197,4.7895293,18.996473,242
4121,0.0005612639487349464,7.5495634,21.584455,127
4122,0.0016440172356645675,3.331756,8.308656,372
4123,0.0015512098110706,3.8626728,17.328184,351
4124,0.0029212241741244063,3.259973,11.336759,661
4125,0.003999558059882886,2.2011404,7.870505,905
4126,0.0015777262180974479,3.2619126,15.206356,357
4127,0.0017545022649431002,2.872377,11.086354,397
4128,0.0013788531653960887,3.5114615,18.64276,312
4129,0.002806319743674732,2.8971634,12.500055,635
4130,0.0036062313556513093,2.7423759,10.709472,816
4131,0.001666114241520274,5.1428094,14.574445,377
4132,0.00064081316981549,7.711938,16.850866,145
4133,0.007384819356977129,2.0732322,10.319298,1671
4134,0.0005391669428792398,2.7555256,18.468079,122
4135,0.002523478068721688,3.2756164,15.921395,571
4136,0.0011843995138658711,3.3009598,10.929696,268
4137,0.006973815048060988,2.41459,7.499752,1578
4138,0.0004640371229698376,5.478497,21.560677,105
4139,0.024611645122085957,2.0519917,8.730858,5569
4140,0.002249475196110927,1.8956133,7.785706,509
4141,0.002505800464037123,2.122167,10.129707,567
4142,0.0005789415534195116,3.7094808,16.802086,131
4143,0.002196442382057231,3.0801764,12.315019,497
4144,0.0018428902883659264,3.5810108,10.185691,417
4145,0.017522925643575295,1.8524711,11.170922,3965
4146,0.0018384708871947851,2.7471344,8.782164,416
4147,0.004026074466909734,2.088008,9.545556,911
4148,0.002505800464037123,4.257383,11.714577,567
4149,0.000839686222516849,2.9634566,22.222898,190
4150,0.0008220086178322838,6.5145674,20.997604,186
4151,0.007879792288144956,2.3603048,10.936086,1783
4152,0.0018428902883659264,3.0120537,9.781688,417
4153,0.0018340514860236438,3.177849,9.263876,415
4154,0.0018207932825102199,6.3718224,16.738901,412
4155,0.0011313666998121754,1.7491678,7.2287507,256
4156,0.0011667219091813059,5.0279803,14.012391,264
4157,0.0025720914816042425,2.4094574,11.335672,582
4158,0.0018694066953927743,5.1282864,15.083227,423
4159,0.004799469671859463,1.9424169,12.342621,1086
4160,0.0015865650204397305,4.4351616,13.475918,359
4161,0.0006496519721577726,3.255599,17.586288,147
4162,0.004026074466909734,1.4625958,6.571769,911
4163,0.0014893381946746217,3.9407988,10.3927145,337
4164,0.0013346591536846756,4.846988,11.978057,302
4165,0.0015025963981880456,2.9670196,11.12019,340
4166,0.0009855264611645122,4.0359,13.896126,223
4167,0.0006761683791846204,3.374682,12.303862,153
4168,0.014999447574853607,2.0191698,5.987844,3394
4169,0.0005082311346812507,3.9234216,14.970913,115
4170,0.0009634294553088057,4.047138,11.734348,218
4171,0.0017191470555739698,2.6041064,9.314559,389
4172,0.0010297204728759253,3.6752634,13.50656,233
4173,0.007265495525356314,3.4460275,11.893707,1644
4174,0.03645122085957353,2.7291286,12.319267,8248
4175,0.004021655065738592,3.1019473,8.074429,910
4176,0.0002474864655839134,3.6707554,17.412977,56
4177,0.0017633410672853829,2.9781256,10.553972,399
4178,0.0004110043089161419,4.6020656,12.704173,93
4179,0.0017898574743122307,3.325173,11.072704,405
4180,0.0005524251463926638,3.9122477,13.169873,125
4181,0.007340625345265716,2.0140948,8.18274,1661
4182,0.0018428902883659264,2.5790696,11.828934,417
4183,0.0008662026295436968,5.552494,14.689232,196
4184,0.0010473980775604905,4.1616936,12.508256,237
4185,0.001038559275218208,4.5289297,12.639649,235
4186,0.004693404043752071,2.3549643,9.639383,1062
4187,0.0006894265826980444,8.009394,18.926626,156
4188,0.004401723566456745,2.023166,11.124996,996
4189,0.00995249143741023,1.2123487,4.654008,2252
4190,0.0013611755607115235,4.8052244,13.851915,308
4191,0.0004198431112584245,4.62319,17.996878,95
4192,0.002165506573859242,4.8510666,18.510653,490
4193,0.001069495083416197,3.7906396,13.244334,242
4194,0.0023864766324163075,2.849113,10.879551,540
4195,0.005727543917799139,1.4635595,6.350349,1296
4196,0.00064081316981549,9.619026,17.393753,145
4197,0.005762899127168269,1.9276121,8.117278,1304
4198,0.002077118550436416,3.9754198,11.7657385,470
4199,0.0017677604684565242,3.4912574,13.177036,400
4200,0.0018252126836813612,3.8299792,12.188701,413
4201,0.00024306706441277207,4.3662076,16.776646,55
4202,0.003756490995470114,2.6303596,9.755183,850
4203,0.001140205502154458,4.4446173,14.593854,258
4204,0.0010032040658490774,3.5147588,12.959117,227
4205,0.0011225278974698928,5.557921,18.60854,254
4206,0.008489669649762457,2.341111,10.009722,1921
4207,0.0011048502927853276,5.9713736,17.905357,250
4208,0.0006584907745000552,5.8363075,15.052936,149
4209,0.010955695503259309,1.8549446,8.010816,2479
4210,0.0005303281405369572,9.363291,18.253872,120
4211,0.008268699591205391,2.2493143,8.292339,1871
4212,0.000512650535852392,7.110979,23.7166,116
4213,0.0013611755607115235,2.941735,9.309781,308
4214,0.0010650756822450558,5.0904574,15.111024,241
4215,0.0008441056236879903,3.8944335,13.20048,191
4216,0.00219202298088609,2.01684,7.8607397,496
4217,0.006505358523920009,3.1516123,9.840422,1472
4218,0.008083084742017457,1.5050719,7.329857,1829
4219,0.0018119544801679373,2.6099975,12.85759,410
4220,0.0012285935255772842,4.9287996,14.16018,278
4221,0.0008750414318859795,5.8337936,15.765747,198
4222,0.000570102751077229,10.867561,22.528744,129
4223,0.001935697712959894,1.8413395,9.511643,438
4224,0.000839686222516849,4.9967337,14.36998,190
4225,0.0007778146061208707,4.1123085,11.736018,176
4226,0.009621036349574633,2.5632083,9.915895,2177
4227,0.0038095238095238095,1.921523,11.621311,862
4228,0.00015467904098994585,4.1394587,17.32633,35
4229,0.0012197547232350016,2.6322813,9.379284,276
4230,0.0018694066953927743,3.1217315,9.402431,423
4231,0.0005347475417080985,8.982116,20.732347,121
4232,0.000698265385040327,5.7951183,17.539608,158
4233,0.0011843995138658711,3.915794,12.411763,268
4234,0.006699812175450227,2.662506,11.239113,1516
4235,0.002178764777372666,3.1965175,13.002624,493
4236,0.0017854380731410894,4.0347114,11.030038,404
4237,0.0013921113689095127,4.4223647,10.775021,315
4238,0.0008662026295436968,6.5821037,14.209945,196
4239,0.009996685449121644,1.3586663,6.898166,2262
4240,0.0012595293337752734,6.2761793,14.255055,285
4241,0.0008617832283725555,4.710098,13.816885,195
4242,0.003933267042315766,1.8167772,7.901615,890
4243,0.0002651640702684786,1.0678343,5.256459,60
4244,0.0019843111258424483,3.8607626,11.288642,449
4245,0.0018031156778256546,2.9972634,13.422303,408
4246,0.0008175892166611424,6.0477643,19.010347,185
4247,0.0215887747210253,2.1158097,9.346809,4885
4248,0.0008838802342282621,4.4076686,13.967256,200
4249,0.0035090045298862005,2.758735,9.847558,794
4250,0.0018163738813390786,4.9471684,18.017908,411
4251,0.0038802342282620705,2.2737446,12.331657,878
4252,0.001909181305933046,2.3720937,11.003115,432
4253,0.0013302397525135343,4.2134113,15.896592,301
4254,0.0012993039443155452,3.5567906,13.012173,294
4255,0.0002651640702684786,4.7149215,22.963293,60
4256,0.0018252126836813612,2.915657,8.995729,413
4257,0.001312562147828969,3.6572375,12.559543,297
4258,0.00040216550657385926,3.2072036,17.218237,91
4259,0.0025765108827753838,2.544754,12.769314,583
4260,0.0010208816705336427,3.7354927,15.895275,231
4261,0.0011004308916141862,4.041512,16.512835,249
4262,0.006257872058336096,1.6536487,8.388016,1416
4263,0.0020019887305270136,1.3386608,6.4160714,453
4264,0.0007778146061208707,3.2142997,16.716702,176
4265,0.0013169815490001104,4.5923233,15.169337,298
4266,0.006964976245718705,1.8040792,7.437278,1576
4267,0.001038559275218208,7.199112,21.337257,235
4268,0.0053607336205944095,2.8034742,7.8304543,1213
4269,0.0017014694508894045,3.9048765,14.928996,385
4270,0.0019136007071041874,3.343536,20.138388,433
4271,0.014398409015578388,2.114159,9.607873,3258
4272,0.008043310131477185,1.9218653,8.47981,1820
4273,0.0021434095680035355,3.6459436,10.392528,485
4274,0.009355872279306154,2.3228087,7.8780217,2117
4275,0.0012727875372886973,3.7805223,10.564251,288
4276,0.0022980886089934813,2.7750273,11.590021,520
4277,0.0012904651419732625,5.714178,12.580292,292
4278,0.0020594409457518506,2.7552943,10.445302,466
4279,0.009028836592641696,2.1054463,6.7839284,2043
4280,0.0014318859794497847,4.482431,11.455314,324
4281,0.0016616948403491327,4.4116316,13.985341,376
4282,0.0020726991492652745,4.5786357,17.314741,469
4283,0.0007468787979228815,3.8839629,15.727011,169
4284,0.0006938459838691857,7.101449,18.026833,157
4285,0.006492100320406585,3.0345023,6.9922366,1469
4286,0.003986299856369462,4.0796146,10.738635,902
4287,0.0025146392663794054,3.4485543,12.071456,569
4288,0.0039951386587117445,1.8231003,8.3392935,904
4289,0.0007380399955805989,5.253567,12.65555,167
4290,0.0023864766324163075,2.2340088,9.558052,540
4291,0.0019312783117887526,4.363404,14.086756,437
4292,0.013938791293779692,2.811286,10.356031,3154
4293,0.029216661142415203,1.8550441,7.8664904,6611
4294,0.020072920119323833,2.2394955,10.641627,4542
4295,0.0008617832283725555,3.6416626,11.997289,195
4296,0.0014584023864766325,2.0746868,8.914925,330
4297,0.001396530770080654,3.90363,14.135108,316
4298,0.0011755607115235885,5.1639266,13.215744,266
4299,0.015918683018451,2.4071429,11.572302,3602
4300,0.0004596177217986963,5.5499926,16.396957,104
4301,0.0014451441829632086,3.4962258,12.633922,327
4302,0.0019887305270135896,2.8664596,12.565198,450
4303,0.0009987846646779361,5.6895523,14.510664,226
4304,0.004441498176997017,2.2305894,9.287428,1005
4305,0.0017324052590873937,4.287474,14.618718,392
4306,0.0013921113689095127,4.066244,13.461811,315
4307,0.006116451220859574,39.013393,59.56262,1384
4308,0.0015998232239531544,5.446625,14.872421,362
4309,0.003570876146282179,2.8983016,9.421755,808
4310,0.005250248591315876,2.1331918,8.96515,1188
4311,0.0005259087393658159,7.4709363,19.63236,119
4312,0.0014849187935034804,4.3892627,14.16691,336
4313,0.0019710529223290244,3.474561,12.041103,446
4314,0.0009015578389128273,4.973654,13.402047,204
4315,0.007773726660037565,1.7705963,7.1498175,1759
4316,0.0009148160424262513,3.176009,11.063484,207
4317,0.009590100541376644,2.2138207,10.029002,2170
4318,0.0006098773616175008,7.2778068,18.38256,138
4319,0.0022583139984532095,2.474666,8.121085,511
4320,0.0014981769970169043,3.643489,14.239938,339
4321,0.0022848304054800574,2.0119796,9.32851,517
4322,0.0133510109380179,1.5643501,8.535845,3021
4323,0.002466025853496851,2.9477863,9.860709,558
4324,0.002625124295657938,3.1290438,10.548174,594
4325,0.000768975803778588,5.843278,12.854751,174
4326,0.004353110153574191,2.8984652,10.641834,985
4327,0.0019843111258424483,3.0434685,11.761259,449
4328,0.0013788531653960887,4.421363,16.039774,312
4329,0.00411446249033256,2.20578,6.900007,931
4330,0.0006098773616175008,5.6136956,16.972118,138
4331,0.032221853938791296,1.7647768,8.063725,7291
4332,0.0012772069384598386,4.467866,12.195387,289
4333,0.0011313666998121754,3.6991205,9.617056,256
4334,0.0028549331565572867,3.730478,10.392819,646
4335,0.0014628217876477738,2.468852,7.674873,331
4336,0.001794276875483372,2.5885062,14.000581,406
4337,0.00044194011711413104,9.201062,20.666063,100
4338,0.0018959231024196221,3.7869394,10.584141,429
4339,0.002249475196110927,3.255886,13.327625,509
4340,0.002306927411335764,2.379761,14.940746,522
4341,0.0009015578389128273,5.0210667,11.244696,204
4342,0.006416970500497183,2.4960408,9.578645,1452
4343,0.0009943652635067948,2.157323,7.7486467,225
4344,0.001268368136117556,4.755604,12.666808,287
4345,0.0009501712517953817,4.454224,19.968468,215
4346,0.0005480057452215225,3.9089167,13.937391,124
4347,0.016365042536736273,2.3249035,9.717904,3703
4348,0.0006805877803557617,4.1243033,13.8140135,154
4349,0.0007292011932383163,3.675135,10.367382,165
4350,0.002536736272235112,2.0794551,8.22464,574
4351,0.0023864766324163075,3.2025692,8.538443,540
4352,0.0010562368799027731,3.122998,8.374059,239
4353,0.005528670865097779,2.0513163,7.890145,1251
4354,0.0007115235885537509,2.4601777,15.287445,161
4355,0.001025301071704784,4.899124,15.475778,232
4356,0.0011225278974698928,4.04598,12.15927,254
4357,0.003831620815379516,2.2436752,6.938139,867
4358,0.0016130814274665783,4.3226995,14.726936,365
4359,0.0024041542371008727,1.8289857,7.4351497,544
4360,0.00961661694840349,3.567365,10.828588,2176
4361,0.005484476853386366,3.7133071,11.165423,1241
4362,0.006841233012926749,2.0575047,7.470479,1548
4363,0.0015202740028726108,3.7891502,10.84764,344
4364,0.022751077229035466,1.6205057,6.928725,5148
4365,0.005356314219423268,2.3935745,9.087948,1212
4366,0.0017545022649431002,1.9585038,10.199562,397
4367,0.009095127610208817,2.9472876,8.87828,2058
4368,0.004308916141862778,2.2303097,8.523502,975
4369,0.0010650756822450558,3.8625262,17.618263,241
4370,0.0010518174787316318,4.225884,10.875739,238
4371,0.0009943652635067948,5.8352537,17.059742,225
4372,0.0015688874157551653,2.9534903,16.182266,355
4373,0.0016440172356645675,3.0803833,9.665299,372
4374,0.0012860457408021212,6.2570105,18.339653,291
4375,0.0007203623908960336,6.5689764,17.014456,163
4376,0.0017633410672853829,5.389283,13.753375,399
4377,0.0018870843000773395,3.611672,11.409856,427
4378,0.0009943652635067948,6.0326624,15.336467,225
4379,0.006934040437520716,2.0911803,7.6414695,1569
4380,0.002324605016020329,3.0827453,11.08798,526
4381,0.0050602143409568005,3.060732,7.9175034,1145
4382,0.0016484366368357088,3.4751835,10.432257,373
4383,0.0013700143630538061,2.16992,9.865475,310
4384,0.000954590652966523,5.8783126,15.640891,216
4385,0.003301292674842559,1.7768695,7.56835,747
4386,0.001595403822782013,3.0633838,12.892607,361
4387,0.0005833609545906529,4.1730485,23.230204,132
4388,0.0018915037012484808,4.4373384,13.4220295,428
4389,0.0019975693293558723,2.3315487,10.552167,452
4390,0.002205281184399514,2.806852,12.690558,499
4391,0.001750082863771959,3.7080395,9.880568,396
4392,0.0014672411888189151,2.0444982,11.01009,332
4393,0.000967848856479947,5.55244,17.945223,219
4394,0.0014230471771075018,4.0755057,11.359872,322
4395,0.020324825986078886,1.8131645,6.6115255,4599
4396,0.001069495083416197,3.2897224,10.084354,242
4397,0.009364711081648436,2.2631936,9.473754,2119
4398,0.0004331013147718484,5.9691668,14.762834,98
4399,0.004799469671859463,1.8170907,7.8363957,1086
4400,0.0015202740028726108,3.0039003,9.740611,344
4401,0.0009501712517953817,6.4842243,22.274475,215
4402,0.005214893381946746,0.8952267,3.9130702,1180
4403,0.002178764777372666,2.9752684,13.516393,493
4404,0.01646668876367252,1.9553177,7.8433795,3726
4405,0.0008441056236879903,3.801896,12.656187,191
4406,0.0018119544801679373,2.0036695,6.675368,410
4407,0.0007026847862114683,6.4535956,21.485645,159
4408,0.0020992155562921224,4.001874,15.719825,475
4409,0.0004993923323389681,7.970193,19.651854,113
4410,0.0015512098110706,4.8783193,15.13258,351
4411,0.0018959231024196221,2.2464716,13.526898,429
4412,0.002510219865208264,2.8199213,8.01216,568
4413,0.010314882333443819,2.5827765,11.162766,2334
4414,0.0006010385592752182,6.3803854,15.282365,136
4415,0.02593304607225721,3.4563866,9.5907955,5868
4416,0.0004949729311678268,8.923587,20.566751,112
4417,0.008149375759584576,1.7143711,7.7113934,1844
4418,0.002006408131698155,4.047851,12.190209,454
4419,0.0006142967627886421,5.861513,14.338146,139
4420,0.002549994475748536,3.8069284,13.318726,577
4421,0.0014981769970169043,2.6721997,10.064965,339
4422,0.0023864766324163075,4.155629,14.7492285,540
4423,0.013620594409457518,2.0566962,7.8865113,3082
4424,0.0012860457408021212,5.294019,15.607232,291
4425,0.0041807535078996795,1.8657684,7.829938,946
4426,0.002549994475748536,2.049568,13.914268,577
4427,0.0017279858579162524,4.12518,16.691917,391
4428,0.0035487791404264723,2.0255008,6.7872343,803
4429,0.005771737929510552,2.0089302,7.0129757,1306
4430,0.0006231355651309247,2.6153965,17.944305,141
4431,0.0027179317202519057,1.8567157,7.6113496,615
4432,0.0009722682576510883,4.8679156,15.21712,220
4433,0.001082753286929621,2.4957292,15.3256855,245
4434,0.0004949729311678268,0.82972634,3.3711643,112
4435,0.0062888078665340845,2.0453856,8.860127,1423
4436,0.0017765992707988068,3.036467,11.265946,402
4437,0.0012772069384598386,3.7722764,10.876093,289
4438,0.0015512098110706,2.1664064,13.477975,351
4439,0.0008175892166611424,5.8046975,15.539377,185
4440,0.0018738260965639156,3.0838377,11.914853,424
4441,0.009422163296873273,1.82552,7.1174684,2132
4442,0.0016440172356645675,4.085463,10.3561,372
4443,0.0008617832283725555,3.8031425,15.635405,195
4444,0.022534526571649543,1.5486896,4.969794,5099
4445,0.0011623025080101646,4.0520062,9.960312,263
4446,0.0013523367583692409,3.9299715,9.51407,306
4447,0.0005877803557617943,2.097843,12.290866,133
4448,0.0017058888520605458,2.664774,12.250145,386
4449,0.0012993039443155452,2.7341108,9.34004,294
4450,0.004631532427356093,2.1013253,9.026073,1048
4451,0.0015025963981880456,2.8001192,12.1178665,340
4452,0.0018738260965639156,2.1415608,11.152279,424
4453,0.014460280631974368,1.7984169,10.196422,3272
4454,0.0022008617832283725,3.6555119,12.947626,498
4455,0.0018163738813390786,4.1264844,17.411846,411
4456,0.0006938459838691857,4.1564703,16.853523,157
4457,0.01628991271682687,1.9573215,10.012311,3686
4458,0.005789415534195117,13.43742,23.81256,1310
4459,0.004101204286819136,2.9101791,10.185846,928
4460,0.004224947519611093,2.485747,9.204262,956
4461,0.0003005192796376091,3.6231446,16.1025,68
4462,0.0009457518506242404,2.2712364,8.454454,214
4463,0.0018473096895370677,2.5972803,9.319958,418
4464,0.013023975251353442,3.209107,10.429609,2947
4465,0.0004949729311678268,3.8408625,19.58045,112
4466,0.0095105513202961,1.5613049,8.20003,2152
4467,0.005502154458070931,2.7317994,10.141969,1245
4468,0.002010827532869296,3.1686304,11.553189,455
4469,0.0009766876588222296,5.260234,14.43053,221
4470,0.01136228041100431,1.4211236,5.836496,2571
4471,0.0014584023864766325,3.6459234,14.646459,330
4472,0.0014053695724229366,2.6122043,9.911132,318
4473,0.0009501712517953817,6.08678,20.902588,215
4474,0.006072257209148161,3.3019128,12.213532,1374
4475,0.002448348248812286,2.1743648,8.639993,554
4476,0.0066821345707656615,1.9769261,8.539035,1512
4477,0.002205281184399514,4.573553,11.891243,499
4478,0.009696166169484035,1.6791035,7.4810405,2194
4479,0.0016042426251242957,2.8665252,8.637826,363
4480,0.0015246934040437522,2.7677777,12.662355,345
4481,0.005259087393658159,2.0153344,7.7631965,1190
4482,0.00786211468346039,1.6953737,5.879463,1779
4483,0.004189592310241962,2.2401633,10.150203,948
4484,0.0013302397525135343,4.2554035,10.085114,301
4485,0.001325820351342393,2.7493136,10.937316,300
4486,0.001268368136117556,2.6613514,10.652599,287
4487,0.00138327256656723,2.6435983,8.892889,313
4488,0.00044635951828527235,2.975766,9.73511,101
4489,0.0006231355651309247,5.8188515,12.837292,141
4490,0.0017412440614296763,2.7419834,8.173831,394
4491,0.0020726991492652745,4.491772,16.149994,469
4492,0.0016440172356645675,3.6899338,11.030477,372
4493,0.0005921997569329356,10.824076,22.629969,134
4494,0.002138990166832394,3.0826147,8.10998,484
4495,0.01794276875483372,1.734702,8.652598,4060
4496,0.001210915920892719,5.214137,13.221531,274
4497,0.013417301955585019,2.5657475,8.869222,3036
4498,0.0024041542371008727,2.7966151,10.148292,544
4499,0.0013302397525135343,4.92068,16.277044,301
4500,0.0011004308916141862,4.4872465,13.757095,249
4501,0.01622804110043089,2.8641582,10.240712,3672
4502,0.00391117003646006,2.277206,8.712745,885
4503,0.0019003425035907635,3.8442066,15.847675,430
4504,0.0024881228593525576,3.3228664,10.827177,563
4505,0.002253894597282068,3.6079667,12.931536,510
4506,0.0021478289691746768,3.4122357,9.374293,486
4507,0.0003623908960335875,5.8871922,24.031342,82
4508,0.0990741354546459,8.942324,50.423874,22418
4509,0.0013523367583692409,3.7467904,12.647279,306
4510,0.0017721798696276655,3.845055,11.275346,401
4511,0.008078665340846315,2.7196767,11.733744,1828
4512,0.01547674290133687,1.6436639,6.0922413,3502
4513,0.0007557176002651641,2.8230925,15.934761,171
4514,0.00144956358413435,4.9142056,12.893334,328
4515,0.005537509667440062,1.5336742,8.751503,1253
4516,0.0014672411888189151,4.5021996,16.55392,332
4517,0.0011932383162081537,5.9351335,19.368069,270
4518,0.0006761683791846204,5.189936,14.208535,153
4519,0.003014031598718374,2.9214652,10.80531,682
4520,0.005488896254557507,3.023385,14.271749,1242
4521,0.0023864766324163075,2.4369597,7.9119306,540
4522,0.0010341398740470666,4.186478,14.797004,234
4523,0.0014407247817920673,4.116254,12.28434,326
4524,0.003517843332228483,3.2910006,10.190271,796
4525,0.0019003425035907635,2.0641036,7.9255877,430
4526,0.0007778146061208707,3.4026046,16.768711,176
4527,0.008878576952822893,1.367215,5.133009,2009
4528,0.0273870290575627,1.4005874,6.026448,6197
4529,0.006235775052480389,2.1591449,8.051229,1411
4530,0.002837255551872721,2.548272,10.072769,642
4531,0.0009766876588222296,4.1295996,13.156028,221
4532,0.0007336205944094576,4.792401,12.432796,166
4533,0.0030272898022317978,1.9511731,7.328101,685
4534,0.0007026847862114683,6.045059,15.981899,159
4535,0.004733178654292344,2.9843614,9.958433,1071
4536,0.0012772069384598386,4.992976,18.537914,289
4537,0.0030272898022317978,1.9123038,8.450165,685
4538,0.002435090045298862,2.848316,7.6213303,551
4539,0.012365484476853386,3.8016667,11.551142,2798
4540,0.0013611755607115235,3.515577,13.063647,308
4541,0.09516738481935698,5.9370966,15.613924,21534
4542,0.006624682355540824,2.1736562,7.549258,1499
4543,0.001396530770080654,4.3959613,18.330498,316
4544,0.0027753839354767427,2.131175,10.938837,628
4545,0.004976245718705115,2.0255854,7.1417556,1126
4546,0.001396530770080654,3.565478,12.611777,316
4547,0.0011799801126947298,4.895022,13.445766,267
4548,0.001723566456745111,2.9566326,13.020678,390
4549,0.0008308474201745664,6.30979,23.70382,188
4550,0.002262733399624351,2.5859964,10.467394,512
4551,0.005042536736272235,2.7795684,10.139235,1141
4552,0.001736824660258535,2.6895359,10.293351,393
4553,0.0018163738813390786,4.0980706,10.327157,411
4554,0.004260302728980223,2.4114084,8.680713,964
4555,6.629101756711965e-05,0.7381741,1.2180779,15
4556,0.0036194895591647332,2.7372794,12.161821,819
4557,0.002249475196110927,1.7550619,6.7756786,509
4558,0.0008617832283725555,5.987692,22.720749,195
4559,0.0012595293337752734,3.1914687,9.2506275,285
4560,0.0016263396309800023,3.6615603,10.378818,368
4561,0.005484476853386366,1.8028924,7.672812,1241
4562,0.0017014694508894045,5.775472,15.267862,385
4563,0.0018605678930504917,2.9230824,8.321355,421
4564,0.005727543917799139,2.1253066,9.412616,1296
4565,0.0008043310131477185,5.0570097,12.865503,182
4566,0.0013700143630538061,3.3773801,12.135827,310
4567,0.0013169815490001104,3.3817728,12.715101,298
4568,0.0010606562810739145,5.2350492,14.424567,240
4569,0.0016749530438625567,3.7885752,9.869197,379
4570,0.0008617832283725555,4.8110075,13.809444,195
4571,0.0025986078886310903,3.6714725,12.162464,588
4572,0.006394873494641476,3.815076,10.012227,1447
4573,0.0007203623908960336,3.0903077,10.702509,163
4574,0.014327698596840127,2.0869496,9.272723,3242
4575,0.0008927190365705447,2.8135858,7.6843586,202
4576,0.005334217213567562,2.1186934,9.590416,1207
4577,0.002753286929621036,2.2477987,8.119568,623
4578,0.000839686222516849,2.9308743,11.214741,190
4579,0.002280411004308916,1.960332,8.08655,516
4580,0.02924317754944205,1.5989056,5.829623,6617
4581,0.0017589216661142416,1.8890826,11.012879,398
4582,0.007013589658601259,2.3644695,10.474255,1587
4583,0.0018252126836813612,3.4988546,11.605629,413
4584,0.0015688874157551653,4.0731797,14.383293,355
4585,0.02104076897580378,0.90611404,3.6378632,4761
4586,0.00674400618716164,2.0818443,7.9607754,1526
4587,0.0007601370014363054,6.314101,14.263573,172
4588,0.0016307590321511436,5.401683,12.941646,369
4589,0.0018428902883659264,2.904548,11.721772,417
4590,0.0018252126836813612,3.6051915,11.928087,413
4591,0.0019622141199867418,3.7107637,10.307371,444
4592,0.00300077339520495,2.0619998,11.037208,679
4593,0.0048038890730306046,1.2792221,5.619534,1087
4594,0.004061429676278865,2.7126942,8.066524,919
4595,0.0004728759253121202,8.586004,18.106075,107
4596,0.0025986078886310903,3.7390766,9.903093,588
4597,0.009422163296873273,1.715881,7.4632087,2132
4598,0.006165064633742128,2.0059588,8.833345,1395
4599,0.0009855264611645122,5.1313224,16.222399,223
4600,0.0012772069384598386,4.4239254,16.27938,289
4601,0.008264280190034251,2.091959,11.0446205,1870
4602,0.002280411004308916,2.3323393,10.8463745,516
4603,0.00144956358413435,5.9681664,21.673944,328
4604,0.0013876919677383714,3.814991,12.007802,314
4605,0.001851729090708209,3.976373,14.692273,419
4606,0.0012197547232350016,2.8771966,13.395741,276
4607,0.0008573638272014142,3.3117507,20.444933,194
4608,0.0008352668213457077,4.7087135,13.504296,189
4609,0.0025013810628659815,1.9596381,9.422319,566
4610,0.0009943652635067948,5.0487475,12.731901,225
4611,0.0006319743674732073,8.195724,21.295479,143
4612,0.0006187161639597834,5.3433475,17.26192,140
4613,0.010924759695061318,1.5438159,6.1600285,2472
4614,0.0003623908960335875,9.1048,22.301857,82
4615,0.007685338636614739,2.120425,9.257409,1739
4616,0.0070975582808529445,1.4716916,5.023038,1606
4617,0.0141641807535079,1.907335,6.568636,3205
4618,0.0008706220307148382,3.7640986,16.418617,197
4619,0.005466799248701801,1.5815145,8.003584,1237
4620,0.001666114241520274,1.9234606,14.338245,377
4621,0.0031112584244834826,2.6247723,8.7663765,704
4622,0.0007159429897248923,1.8694514,11.781202,162
4623,0.0012727875372886973,3.0305238,9.606435,288
4624,0.0010650756822450558,5.1127725,12.027126,241
4625,0.0037211357861009833,2.0104113,7.0121293,842
4626,0.0009501712517953817,4.2590265,10.812912,215
4627,0.0009059772400839686,1.9015661,7.737488,205
4628,0.006995912053916694,1.9411362,7.069094,1583
4629,0.010036460059661917,2.5434334,8.24171,2271
4630,0.00038890730306043533,6.6034985,16.384806,88
4631,0.0009236548447685339,2.9822664,16.241175,209
4632,0.0011225278974698928,3.5483978,10.457228,254
4633,0.0010429786763893492,4.940438,13.06631,236
4634,0.002974256988178102,3.1558087,11.505071,673
4635,0.0012020771185504364,2.8564205,13.789103,272
4636,0.0004331013147718484,6.4907737,16.326225,98
4637,0.0012506905314329908,5.3091264,17.903128,283
4638,0.006748425588332781,2.0985408,8.9859295,1527
4639,0.0021301513644901115,3.7635446,10.595608,482
4640,0.0015865650204397305,2.0477533,9.643401,359
4641,0.0016616948403491327,3.2747128,10.528545,376
4642,0.021743453762015245,2.0796528,8.543961,4920
4643,0.0005480057452215225,8.417733,22.617702,124
4644,0.016780466246823555,2.518557,9.557233,3797
4645,0.0013081427466578278,4.31745,12.165221,296
4646,0.0009369130482819578,5.602449,21.249538,212
4647,0.002536736272235112,2.2070732,11.009925,574
4648,0.0022980886089934813,1.6901963,8.231154,520
4649,0.0008750414318859795,5.075826,13.3988905,198
4650,0.003690199977902994,1.8997341,11.402929,835
4651,0.0027621257319633188,3.2804725,13.981676,625
4652,0.0018915037012484808,3.102407,12.581086,428
4653,0.013779692851618605,1.9891284,8.312249,3118
4654,0.035797149486244614,1.0909123,4.5682335,8100
4655,0.0018296320848525025,3.5887103,13.225617,414
4656,0.04471550104960778,1.7286613,15.611287,10118
4657,0.0013302397525135343,2.84513,8.950793,301
4658,0.0011313666998121754,5.5796733,14.719064,256
4659,0.0034913269252016352,2.2101638,7.6296496,790
4660,0.0007380399955805989,4.4546013,20.1966,167
4661,0.0015423710087283174,3.3138,9.65148,349
4662,0.003942105844658049,1.580894,10.022854,892
4663,0.0032659374654734285,2.2695644,8.679286,739
4664,0.0015600486134128826,2.7568035,11.281785,353
4665,0.0018340514860236438,5.1523848,12.773074,415
4666,0.0009501712517953817,6.188429,19.015018,215
4667,0.0004596177217986963,3.526686,23.699202,104
4668,0.00731852833941001,2.3634174,7.9730263,1656
4669,0.0014716605899900564,4.6146717,13.466356,333
4670,0.004490111589879571,1.5726234,6.670321,1016
4671,0.005427024638161529,1.381704,5.8847165,1228
4672,0.0015865650204397305,4.21084,13.16197,359
4673,0.002351121423047177,4.265364,14.6149845,532
4674,0.011883769749198983,2.7886226,9.205702,2689
4675,0.0009236548447685339,3.4645011,13.889724,209
4676,0.06762567672080433,1.6243128,13.192623,15302
4677,0.001396530770080654,3.4694784,15.525883,316
4678,0.0015335322063860348,3.7284229,13.69392,347
4679,0.0019843111258424483,3.6286306,16.262314,449
4680,0.0019577947188156005,5.3976145,18.220493,443
4681,0.0009192354435973926,4.6449823,13.639994,208
4682,0.0011755607115235885,2.81805,13.774686,266
4683,0.004300077339520495,2.2594821,8.758815,973
4684,0.003513423931057342,1.513659,7.6878633,795
4685,0.002580930283946525,4.2065215,11.956548,584
4686,0.0017103082532316871,3.8404088,13.8747425,387
4687,0.000570102751077229,6.254678,14.922879,129
4688,0.0024837034581814163,2.3648388,10.6298895,562
4689,0.0032924538725002763,2.076389,8.59243,745
4690,0.005506573859242072,2.9290657,8.33841,1246
4691,0.00202408573638272,3.8587124,11.093614,458
4692,0.00044194011711413104,3.8541372,15.09315,100
4693,0.0005435863440503812,5.19503,13.166776,123
4694,0.00024306706441277207,2.2256448,9.424132,55
4695,0.008140536957242294,1.73153,6.1213484,1842
4696,0.005784996133023975,4.4040437,10.372874,1309
4697,0.0016705336426914154,3.7678006,20.911058,378
4698,0.004379626560601039,1.7619277,8.682838,991
4699,0.028978013479173573,1.2747743,4.423513,6557
4700,0.001621920229808861,4.790061,16.405357,367
4701,0.003628328361507016,1.7745318,6.290481,821
4702,0.002452767649983427,3.6176364,10.773002,555
4703,0.020492763230582255,1.3085927,5.848107,4637
4704,0.0008485250248591316,5.4337816,15.089946,192
4705,0.006023643796265606,23.35071,37.14489,1363
4706,0.0013921113689095127,4.3553915,16.879915,315
4707,0.0019622141199867418,2.3821487,11.5514555,444
4708,0.001396530770080654,3.1840155,11.767598,316
4709,0.002037343939896144,2.5798736,9.795964,461
4710,0.0014584023864766325,4.537515,13.608939,330
4711,0.0011092696939564689,4.701961,13.362655,251
4712,0.0012153353220638603,3.9925673,14.928595,275
4713,0.0016882112473759806,3.7730923,11.95508,382
4714,0.006819136007071042,2.586727,8.160819,1543
4715,0.013682466025853497,2.0717196,9.090706,3096
4716,0.0007026847862114683,4.4307446,14.789299,159
4717,0.0007071041873826096,7.649175,19.94679,160
4718,0.001255109932604132,5.7997847,14.465996,284
4719,0.006907524030493868,2.1020646,7.9958177,1563
4720,0.001436305380620926,3.7481272,17.591288,325
4721,0.0004596177217986963,7.1584697,21.042183,104
4722,0.0026118660921445143,1.7048173,7.2955685,591
4723,0.0004993923323389681,4.942384,14.691313,113
4724,0.000768975803778588,6.581134,16.99034,174
4725,0.001210915920892719,3.67745,11.92164,274
4726,0.001621920229808861,3.276242,10.971928,367
4727,0.0014893381946746217,4.2072783,15.314806,337
4728,0.0027577063307921775,2.98171,11.986558,624
4729,0.001493757595845763,4.235227,13.288064,338
4730,0.0015688874157551653,4.1579003,12.055538,355
4731,0.0009722682576510883,4.7277026,14.531816,220
4732,0.027378190255220418,3.0408306,9.167154,6195
4733,0.0010783338857584797,3.247174,8.233162,244
4734,0.001255109932604132,4.298949,14.177005,284
4735,0.0017854380731410894,3.335988,10.934854,404
4736,0.0035531985415976136,2.20786,9.78177,804
4737,0.004269141531322506,2.5634854,11.485647,966
4738,0.0012595293337752734,3.3510942,11.606423,285
4739,0.013099105071262844,1.3737011,7.375177,2964
4740,0.01848193569771296,1.7312653,6.7011347,4182
4741,0.002134570765661253,2.6725428,10.15689,483
4742,0.006271130261849519,2.5500183,9.463494,1419
4743,0.006673295768423379,1.5661167,6.731555,1510
4744,0.002010827532869296,3.071787,12.569427,455
4745,0.004954148712849409,1.5033717,9.064352,1121
4746,0.013907855485581704,2.6281395,10.600223,3147
4747,0.0008529444260302729,3.6771443,13.896856,193
4748,0.0010915920892719036,4.9947176,16.892023,247
4749,0.0007336205944094576,6.86829,16.825434,166
4750,0.001692630648547122,2.4572031,12.295702,383
4751,0.0006584907745000552,3.1940455,18.72282,149
4752,0.0019180201082753287,2.1572142,9.634951,434
4753,0.004163075903215114,2.6990979,8.380514,942
4754,0.011304828195779472,2.3079689,9.829488,2558
4755,0.0014186277759363605,2.883169,10.521868,321
4756,0.0017545022649431002,3.1972494,9.6192,397
4757,0.0461518064302287,1.3400328,7.9827476,10443
4758,0.0007910728096342946,2.8027165,12.074518,179
4759,0.002633963098000221,1.9293201,12.735735,596
4760,0.0028019003425035906,3.4037347,12.19231,634
4761,0.006050160203292454,2.1271923,7.6594605,1369
4762,0.0023157662136780465,3.317572,8.575977,524
4763,0.0018384708871947851,3.1958916,9.676808,416
4764,0.0006673295768423378,9.511985,26.24563,151
4765,0.01557838912827312,1.5915264,5.4947805,3525
4766,0.01035907634515523,2.0952888,7.6549077,2344
4767,0.0012639487349464147,6.6464586,25.760534,286
4768,0.0015512098110706,2.7095475,8.693776,351
4769,0.002479284057010275,2.186798,8.832812,561
4770,0.0008175892166611424,2.7672937,13.830277,185
4771,0.003217324052590874,1.5086714,7.566159,728
4772,0.0016528560380068501,3.9028962,14.939343,374
4773,0.0015291128052148935,3.8400462,13.140317,346
4774,0.002479284057010275,2.3539727,9.66165,561
4775,0.0009369130482819578,5.078526,15.070992,212
4776,0.007124074687879792,2.1001315,8.143984,1612
4777,0.0011181084962987515,2.9834175,13.929802,253
4778,0.003672522373218429,3.6457214,12.557508,831
4779,0.0018252126836813612,2.3421812,9.79652,413
4780,0.0010208816705336427,4.002317,10.319331,231
4781,0.0013169815490001104,4.319223,13.547203,298
4782,0.0006805877803557617,2.759386,12.700327,154
4783,0.0021124737598055463,3.318412,12.001608,478
4784,0.0018561484918793504,2.3891242,8.322196,420
4785,0.0013169815490001104,5.0620036,18.280457,298
4786,0.001153463705667882,4.125756,13.783799,261
4787,0.023630538062092588,1.1544176,5.563241,5347
4788,0.014858026737377085,2.1322641,8.316385,3362
4789,0.0011799801126947298,5.367092,19.132675,267
4790,0.0022980886089934813,2.920677,11.152499,520
4791,0.0017633410672853829,4.5080037,11.897013,399
4792,0.005466799248701801,1.5050162,5.2219048,1237
4793,0.012334548668655397,1.7684753,7.2960105,2791
4794,0.008021213125621478,1.8639632,6.683567,1815
4795,0.004428239973483593,2.5301614,8.428527,1002
4796,0.0011843995138658711,4.1021805,13.675592,268
4797,0.0017589216661142416,2.8102412,10.777374,398
4798,0.0021036349574632637,2.5002348,13.281938,476
4799,0.0016882112473759806,2.847323,8.35367,382
4800,0.005241409788973594,3.682629,9.745944,1186
4801,0.0005214893381946746,8.060665,19.944033,118
4802,0.0014584023864766325,4.3339553,14.940206,330
4803,0.0018870843000773395,5.3977633,16.438871,427
4804,0.0028637719588995693,2.5534277,10.270887,648
4805,0.0010562368799027731,5.5289216,15.265074,239
4806,0.001153463705667882,5.0390925,13.883341,261
4807,0.017191470555739698,2.4317002,11.906835,3890
4808,0.0016307590321511436,2.6591463,9.085118,369
4809,0.0015467904098994587,3.930104,11.375525,350
4810,0.0037388133907855486,1.557216,8.962916,846
4811,0.001224174124406143,4.080716,13.456987,277
4812,0.003190807645564026,4.024295,13.180219,722
4813,0.042284830405480055,1.555023,5.5601506,9568
4814,0.005382830626450116,2.8988676,10.594164,1218
4815,0.01487570434206165,2.3341064,8.151599,3366
4816,0.0014628217876477738,4.289192,13.02493,331
4817,0.03671638492984201,1.4215368,6.47721,8308
4818,0.009665230361286047,2.018429,7.4249563,2187
4819,0.0011092696939564689,4.9576354,21.041857,251
4820,0.0013434979560269583,4.56466,13.724438,304
4821,0.0005435863440503812,5.1871247,15.394831,123
4822,0.001268368136117556,3.020527,10.549424,287
4823,0.0006717489780134791,3.9948158,12.145249,152
4824,0.0026604795050270687,2.6481183,13.180138,602
4825,0.004070268478621147,4.4649963,12.442828,921
4826,0.0009943652635067948,3.103436,13.285199,225
4827,0.0012153353220638603,2.686916,14.40346,275
4828,0.0011490443044967406,3.6303606,12.355242,260
4829,0.0004817147276544028,12.825737,24.108782,109
4830,0.005400508231134681,1.7994851,8.422067,1222
4831,0.0010915920892719036,5.9944906,19.928667,247
4832,0.0012904651419732625,3.7150078,11.575195,292
4833,0.0015998232239531544,4.3648944,12.01725,362
4834,0.001608662026295437,4.365409,13.185053,364
4835,0.0033101314771848416,2.6846433,10.552951,749
4836,0.0005921997569329356,3.972728,11.9227495,134
4837,0.000967848856479947,3.8807034,15.067792,219
4838,0.02063860346922992,1.1114867,9.360748,4670
4839,0.0021831841785438072,3.3758368,11.090309,494
4840,0.0012020771185504364,3.4472146,10.897964,272
4841,0.0038360402165506574,1.9653689,14.300929,868
4842,0.000897138437741686,4.207283,11.827304,203
4843,0.00064081316981549,4.537175,13.44344,145
4844,0.0007115235885537509,3.7109435,8.922021,161
4845,0.0011357861009833167,7.297194,19.526625,257
4846,0.0013744337642249474,3.9888737,11.860991,311
4847,0.002081537951607557,4.559391,13.34397,471
4848,0.0018561484918793504,4.3940635,15.274534,420
4849,0.0018694066953927743,3.3810637,13.844906,423
4850,0.0021036349574632637,3.6321857,14.42083,476
4851,0.0014053695724229366,3.002424,12.137249,318
4852,0.004879018892940006,1.3689321,10.472883,1104
4853,0.0021831841785438072,3.0938733,9.393809,494
4854,0.0008882996353994034,4.37368,13.993067,201
4855,0.0009943652635067948,3.8725631,9.553678,225
4856,0.0017898574743122307,3.8625536,20.004826,405
4857,0.006964976245718705,1.5431004,6.879142,1576
4858,0.0006452325709866313,1.6055063,6.945458,146
4859,0.0026428019003425034,2.9742823,11.047911,598
4860,0.02063860346922992,1.2023644,6.913192,4670
4861,0.0035355209369130483,1.6148694,6.297055,800
4862,0.0007115235885537509,4.651104,16.153002,161
4863,0.0019754723235001657,3.63445,12.735234,447
4864,0.0037918462048392443,2.6336534,8.536391,858
4865,0.0021876035797149486,2.4636252,12.289542,495
4866,0.001692630648547122,3.922727,11.531025,383
4867,0.0007380399955805989,5.429944,21.579351,167
4868,0.0014451441829632086,3.2195916,10.298435,327
4869,0.007221301513644901,1.4484682,5.261975,1634
4870,0.002625124295657938,4.299225,12.79164,594
4871,0.0320936913048282,1.5169739,6.214511,7262
4872,0.000839686222516849,6.1947403,15.899625,190
4873,0.0012374323279195668,3.2313826,10.4903555,280
4874,0.0017721798696276655,3.5963888,12.051954,401
4875,0.0012993039443155452,3.2566454,14.727686,294
4876,0.002178764777372666,3.744712,12.11817,493
4877,0.0007336205944094576,4.277713,12.24095,166
4878,0.002138990166832394,3.5095603,12.013329,484
4879,0.001126947298641034,2.9610503,11.114071,255
4880,0.007649983427245609,1.3365159,4.956333,1731
4881,0.001781018671969948,3.211321,13.3540535,403
4882,0.0015865650204397305,2.3979852,10.3687725,359
4883,0.0005038117335101094,6.7959514,24.290796,114
4884,0.002205281184399514,2.860167,10.73679,499
4885,0.007685338636614739,1.4073681,5.878873,1739
4886,0.0012948845431444039,5.0476713,15.260238,293
4887,0.0012904651419732625,4.351998,11.485767,292
4888,0.0037697491989835377,2.03701,8.824624,853
4889,0.003875814827090929,2.3138576,8.18906,877
4890,0.0018605678930504917,2.5975146,9.999645,421
4891,0.002382057231245166,2.4970906,7.6398582,539
4892,0.011419732626229147,2.149799,7.5169992,2584
4893,0.0012727875372886973,3.7122824,12.4533615,288
4894,0.001268368136117556,2.8703597,14.172155,287
4895,0.006598165948513976,2.5622437,9.638914,1493
4896,0.002735609324936471,2.4914448,12.293455,619
4897,0.0015688874157551653,2.9228504,12.571112,355
4898,0.002903546569439841,3.225584,14.786727,657
4899,0.02090818694066954,1.2496872,4.7629437,4731
4900,0.0030935808197989174,2.470146,10.664959,700
4901,0.0006452325709866313,4.9486656,18.096445,146
4902,0.0012197547232350016,4.488397,11.945476,276
4903,0.005718705115456856,1.6747828,7.6504917,1294
4904,0.007561595403822782,2.7688897,8.466899,1711
4905,0.008679703900121533,2.0647032,8.120724,1964
4906,0.0006496519721577726,5.3643546,18.828432,147
4907,0.002748867528449895,2.9441273,9.708083,622
4908,0.0009103966412551099,2.495731,8.746859,206
4909,0.001126947298641034,3.2288153,12.614454,255
4910,0.0020285051375538614,4.104151,11.709703,459
4911,0.000570102751077229,2.8335004,16.720678,129
4912,0.0008441056236879903,3.0060296,27.547293,191
4913,0.0009369130482819578,1.9145677,12.637492,212
4914,0.027833388575847974,1.1778715,5.0219674,6298
4915,0.0014407247817920673,4.0383887,11.510228,326
4916,0.02319743674732074,1.727789,7.5165443,5249
4917,0.008719478510661806,2.3443909,8.603036,1973
4918,0.0004993923323389681,2.8289862,15.840041,113
4919,0.0009766876588222296,2.955534,9.2097025,221
4920,0.002134570765661253,2.9975195,11.9946165,483
4921,0.0023290244171914705,3.8057833,11.519194,527
4922,0.001436305380620926,3.8011525,12.537888,325
4923,0.002324605016020329,3.0335398,10.749065,526
4924,0.0019312783117887526,2.0983937,8.474242,437
4925,0.0023997348359297314,3.065054,10.563595,543
4926,0.0007645564026074467,3.0283597,23.103607,173
4927,0.0013346591536846756,3.5450447,9.984851,302
4928,0.0015600486134128826,3.9615529,19.378487,353
4929,0.0005568445475638051,2.521375,9.666656,126
4930,0.0003093580819798917,10.735168,21.413492,70
4931,0.0020329245387250027,1.8798248,6.735972,460
4932,0.001224174124406143,5.4931564,15.486321,277
4933,0.002691415313225058,1.9177772,8.105124,609
4934,0.0019577947188156005,4.331351,13.422419,443
4935,0.0015291128052148935,4.002664,13.669666,346
4936,0.003389680698265385,1.8251797,8.314495,767
4937,0.0018119544801679373,4.550813,13.476126,410
4938,0.003813943210694951,2.2095008,9.481272,863
4939,0.001436305380620926,3.2726934,14.509586,325
4940,0.0017147276544028285,3.3645515,12.284119,388
4941,0.0013611755607115235,4.1572137,13.243763,308
4942,0.0009369130482819578,6.752173,17.967186,212
4943,0.008821124737598055,2.5541463,10.11649,1996
4944,0.001507015799359187,3.893927,13.327495,341
4945,0.0009590100541376643,3.6297529,11.8075285,217
4946,0.005298862004198431,2.3054957,8.4561,1199
4947,0.0013700143630538061,6.087286,20.474808,310
4948,0.0014539829853054912,3.1679428,10.067292,329
4949,0.0006187161639597834,5.8186207,14.962036,140
4950,0.0016263396309800023,3.8064036,8.988718,368
4951,0.0011667219091813059,5.3997383,13.682716,264
4952,0.009492873715611534,1.7548903,7.131352,2148
4953,0.016373881339078553,4.0077176,12.984075,3705
4954,0.0007115235885537509,6.219918,13.54095,161
4955,0.0025278974698928294,1.6208831,7.054879,572
4956,0.0010341398740470666,5.5079684,12.3899765,234
4957,0.0009899458623356535,3.9121034,21.347132,224
4958,0.002364379626560601,3.2857432,8.823896,535
4959,0.0018605678930504917,4.15655,14.554952,421
4960,0.0023732184289028836,2.5557535,9.568579,537
4961,0.0017721798696276655,4.0958595,10.761046,401
4962,0.0033366478842116894,1.5860302,6.6854854,755
4963,0.0013214009501712517,4.767449,14.955299,299
4964,0.005099988951497072,1.6611763,7.1011257,1154
4965,0.0033410672853828307,3.7570693,18.058039,756
4966,0.002068279748094133,2.8152688,12.044796,468
4967,0.0017589216661142416,3.802896,11.449001,398
4968,0.0011932383162081537,4.0653367,12.566249,270
4969,0.0007026847862114683,3.8072956,15.047946,159
4970,0.0017898574743122307,2.0733988,12.41662,405
4971,0.0019003425035907635,3.340692,11.997904,430
4972,0.0016572754391779914,3.0015826,13.502195,375
4973,0.001025301071704784,2.98972,16.435032,232
4974,0.005007181526903105,1.8571302,7.302645,1133
4975,0.0014849187935034804,4.534093,12.093978,336
4976,0.0014053695724229366,3.950135,10.153554,318
4977,0.0007336205944094576,7.3043528,18.73409,166
4978,0.009740360181195448,1.4377058,5.6681767,2204
4979,0.007371561153463706,4.2943764,11.457866,1668
4980,0.00202408573638272,3.1403334,9.061157,458
4981,0.00064081316981549,6.582778,17.175583,145
4982,0.001953375317644459,3.0741491,14.460576,442
4983,0.0025853496851176664,2.426319,8.578188,585
4984,0.000724781792067175,6.057557,18.180443,164
4985,0.0010915920892719036,3.1039588,12.2923565,247
4986,0.001325820351342393,3.5781894,10.045661,300
4987,0.0028991271682687,2.1386404,13.171164,656
4988,0.0035266821345707657,2.8279312,11.662839,798
4989,0.001126947298641034,2.6482334,16.230839,255
4990,0.0013169815490001104,2.8702207,10.176834,298
4991,0.01065959562479284,1.6633024,6.422602,2412
4992,0.0015909844216108718,4.110339,20.484415,360
4993,0.000782234007292012,4.629316,13.909104,177
4994,0.0021478289691746768,3.4376025,14.180633,486
4995,0.0011490443044967406,7.144909,20.816076,260
4996,0.0008750414318859795,4.7317915,21.226255,198
4997,0.0062401944536515305,3.0686958,9.888025,1412
4998,0.0012020771185504364,1.1368617,4.7352357,272
4999,0.002421831841785438,3.4865482,10.36101,548
5000,0.012330129267484256,1.9353733,9.463211,2790
5001,0.0008485250248591316,5.8997393,18.117065,192
5002,0.0009015578389128273,2.7920744,12.2820215,204
5003,0.0052237321842890285,1.7242626,6.899825,1182
5004,0.0016882112473759806,3.060664,9.714106,382
5005,0.005422605236990388,1.5035312,6.3097415,1227
5006,0.0010341398740470666,5.229399,12.896282,234
5007,0.003261518064302287,2.2082577,9.563916,738
5008,0.0018561484918793504,2.0988305,8.185173,420
5009,0.00045519832062755497,4.5603085,15.529444,103
5010,0.000967848856479947,5.6755524,14.436748,219
5011,0.0023467020218760357,3.414151,11.641876,531
5012,0.008715059109490664,2.5278766,8.902475,1972
5013,0.0011136890951276102,4.1457767,14.762645,252
5014,0.014782896917467684,1.2471237,4.9377446,3345
5015,0.001126947298641034,3.2953904,13.340581,255
5016,0.00229366920782234,3.0207305,11.197843,519
5017,0.0004905535299966854,7.694612,18.02574,111
5018,0.004057010275107723,2.816151,10.945622,918
5019,0.001038559275218208,2.9752095,14.212642,235
5020,0.0003491326925201635,12.442548,24.741907,79
5021,0.00559938128383604,2.6003,9.008055,1267
5022,0.0005612639487349464,4.4095364,12.117071,127
5023,0.008763672522373218,1.5867858,7.586435,1983
5024,0.0012860457408021212,2.5623631,14.080562,291
5025,0.022552204176334106,2.3359175,9.608137,5103
5026,0.002567672080433101,3.8129776,13.327834,581
5027,0.0013434979560269583,2.875922,11.956303,304
5028,0.006434648105181748,1.4927157,7.5148478,1456
5029,0.007159429897248923,1.3633624,5.555789,1620
5030,0.0009192354435973926,7.628316,26.28151,208
5031,0.0013921113689095127,3.0366876,10.362929,315
5032,0.0004905535299966854,2.907028,13.972779,111
5033,0.0027753839354767427,3.0911193,9.070237,628
5034,0.0009148160424262513,3.9700162,11.487885,207
5035,0.0013434979560269583,4.5034795,14.047121,304
5036,0.00988178101867197,1.849476,8.73211,2236
5037,0.01163628328361507,3.1365433,11.809699,2633
5038,0.001126947298641034,5.991479,15.210701,255
5039,0.0023732184289028836,2.4338691,10.966065,537
5040,0.008281957794718816,2.0089219,10.634211,1874
5041,0.0015777262180974479,3.1083438,12.799238,357
5042,0.0008352668213457077,6.0663204,15.937379,189
5043,0.02712186498729422,2.315786,8.91845,6137
5044,0.010924759695061318,1.304097,4.9587035,2472
5045,0.004697823444923213,1.4351617,7.613643,1063
5046,0.004300077339520495,1.810144,7.0342684,973
5047,0.006461164512208596,1.5652565,6.5741177,1462
5048,0.001224174124406143,2.4650784,9.305972,277
5049,0.0008882996353994034,5.3300366,16.55349,201
5050,0.0012727875372886973,3.6748693,10.724661,288
5051,0.011720251905866756,1.3847636,5.731569,2652
5052,0.0031510330350237544,3.3133824,9.154174,713
5053,0.01271019776820241,2.299172,8.3518095,2876
5054,0.01061982101425257,1.8865285,6.4789786,2403
5055,0.003601811954480168,1.759829,9.416546,815
5056,0.0018870843000773395,3.5460782,12.925842,427
5057,0.0006054579604463595,2.328601,11.540947,137
5058,0.0007380399955805989,1.3469087,20.244558,167
5059,0.002580930283946525,3.9631777,12.092578,584
5060,0.0008617832283725555,3.2245247,14.024478,195
5061,0.0006894265826980444,4.531428,20.269705,156
5062,0.0011446249033255993,4.1443334,13.902524,259
5063,0.005555187272124627,3.13836,11.8086195,1257
5064,0.0010341398740470666,5.15009,15.153222,234
5065,0.032009722682576514,2.6310303,13.092377,7243
5066,0.005471218649872942,2.0352945,9.168528,1238
5067,0.0024439288476411445,3.6419837,11.579851,553
5068,0.023758700696055686,2.0696814,7.3553734,5376
5069,0.0009634294553088057,6.206466,16.82874,218
5070,0.003937686443486908,2.729312,10.001886,891
5071,0.0019975693293558723,6.1282415,15.475698,452
5072,0.0007999116119765772,5.7831783,13.535708,181
5073,0.0014009501712517953,3.1607578,13.148439,317
5074,0.0011136890951276102,2.8984857,8.942198,252
5075,0.0008087504143188598,4.1340523,12.313769,183
5076,0.003376422494751961,1.9888685,8.04347,764
5077,0.001794276875483372,2.3926048,7.4664106,406
5078,0.013222848304054801,2.5492747,10.067401,2992
5079,0.006470003314550879,1.7016822,6.907358,1464
5080,0.002280411004308916,2.1461306,10.599086,516
5081,0.006894265826980444,1.9113144,8.067757,1560
5082,0.0023732184289028836,2.3033917,7.896015,537
5083,0.010681692630648547,2.4400897,11.074801,2417
5084,0.001966633521157883,3.935186,17.704182,445
5085,0.0011136890951276102,4.015584,15.93281,252
5086,0.0004684565241409789,11.430501,27.806393,106
5087,0.008635509888410121,1.8817698,6.882277,1954
5088,0.002651640702684786,2.0577044,9.95508,600
5089,0.0033675836924096786,2.3365304,11.892808,762
5090,0.0016484366368357088,4.5824385,15.355079,373
5091,0.0007115235885537509,4.8525615,15.047359,161
5092,0.0015688874157551653,4.159689,14.627832,355
5093,0.0013611755607115235,5.3935,14.343417,308
5094,0.002152248370345818,4.0140853,13.652074,487
5095,0.002638382499171362,2.0072012,8.771411,597
5096,0.0017721798696276655,4.2764273,10.23167,401
5097,0.0011092696939564689,4.2917824,12.425736,251
5098,0.0005789415534195116,4.2008147,16.35947,131
5099,0.000839686222516849,1.739286,8.586064,190
5100,0.01693956468898464,1.9314717,10.286579,3833
5101,0.0016263396309800023,4.5262637,13.925348,368
5102,0.0037343939896144073,1.3878706,8.019014,845
5103,0.001851729090708209,2.9676836,11.717386,419
5104,0.010416528560380068,2.117108,8.78019,2357
5105,0.0014451441829632086,3.6355064,17.84107,327
5106,0.0018694066953927743,2.266159,13.656451,423
5107,0.006987073251574411,2.0799298,7.942148,1581
5108,0.0028416749530438623,2.1348593,9.942823,643
5109,0.0030670644127720696,2.8474119,13.768224,694
5110,0.0016970500497182632,2.265866,8.989289,384
5111,0.009179096232460502,3.021941,8.699885,2077
5112,0.010191139100651862,0.98136187,6.243232,2306
5113,0.002466025853496851,2.2835243,9.931606,558
5114,0.001069495083416197,5.785084,14.308412,242
5115,0.0011578831068390233,4.2628956,12.625496,262
5116,0.002138990166832394,4.657837,11.6831665,484
5117,0.05407579273008507,4.444557,13.4181185,12236
5118,0.0023290244171914705,3.0497189,11.298118,527
5119,0.002678157109711634,1.7646962,8.723919,606
5120,0.0018163738813390786,2.8069088,14.706729,411
5121,0.001966633521157883,2.948203,16.41266,445
5122,0.0007910728096342946,7.0772185,16.999174,179
5123,0.0014849187935034804,3.6436558,18.127699,336
5124,0.001608662026295437,3.4308183,11.015731,364
5125,0.0035929731521378854,2.3481097,8.899301,813
5126,0.0014274665782786434,5.388588,18.87455,323
5127,0.000897138437741686,3.1158843,13.984959,203
5128,0.0029079659706109824,2.2575006,8.945844,658
5129,0.0021743453762015246,1.7998676,18.237148,492
5130,0.011136890951276101,1.7635771,6.629683,2520
5131,0.000782234007292012,7.0220904,18.378984,177
5132,0.004547563805104409,4.6259418,11.875576,1029
5133,0.0018031156778256546,2.614039,11.808228,408
5134,0.0025853496851176664,2.8953998,7.676415,585
5135,0.0016970500497182632,4.4823923,11.930714,384
5136,0.009201193238316209,1.5246019,6.34371,2082
5137,0.016546237984753066,3.6795664,9.943013,3744
5138,0.0006805877803557617,5.436709,14.12217,154
5139,0.04142746657827864,2.108264,8.499003,9374
5140,0.005749640923654845,2.982152,10.467414,1301
5141,0.0016705336426914154,5.6231723,18.80024,378
5142,0.017014694508894045,2.2896326,11.258682,3850
5143,0.0017721798696276655,3.1662138,15.357022,401
5144,0.001339078554855817,2.3197017,13.906003,303
5145,0.0023422826207048944,2.2501187,10.1587925,530
5146,0.006058999005634736,1.4039413,6.1856604,1371
5147,0.001409788973594078,3.5651097,13.642975,319
5148,0.005356314219423268,1.6085136,6.2325196,1212
5149,0.008317313004087947,1.6088904,8.103283,1882
5150,0.0017279858579162524,4.879202,17.554432,391
5151,0.007636725223732184,1.8375918,6.7950444,1728
5152,0.0015202740028726108,4.1732655,9.972236,344
5153,0.0018340514860236438,4.021867,18.765625,415
5154,0.0043884653629433215,1.8761302,12.568968,993
5155,0.01891945641365595,1.6373557,8.7282715,4281
5156,0.0008220086178322838,6.4257317,22.656345,186
5157,0.00192243950944647,1.4188569,7.7158456,435
5158,0.002209700585570655,2.304523,7.7068005,500
5159,0.001608662026295437,3.0741184,11.83679,364
5160,0.0006098773616175008,9.458185,24.3482,138
5161,0.0010032040658490774,4.4381447,14.212804,227
5162,0.004158656502043973,1.965935,10.138417,941
5163,0.018154900011048504,2.096768,8.483919,4108
5164,0.0007512981990940228,5.3211575,14.070195,170
5165,0.005550767870953485,2.3100548,10.933626,1256
5166,0.00045519832062755497,3.041383,14.053517,103
5167,0.019622141199867417,1.5715259,7.1313868,4440
5168,0.0022892498066511987,4.06397,13.395676,518
5169,0.0015556292122417413,4.184255,15.262055,352
5170,0.0024439288476411445,5.3216696,12.863147,553
5171,0.001595403822782013,2.1793795,12.987882,361
5172,0.007305270135896586,1.6793683,9.107643,1653
5173,0.0005921997569329356,1.1312703,5.156426,134
5174,0.0003535520936913048,5.987202,19.203588,80
5175,0.010823113468125069,3.4203746,11.453628,2449
5176,0.002594188487459949,4.0706778,15.797021,587
5177,0.0015467904098994587,3.4324582,11.149697,350
5178,0.0007557176002651641,5.624892,12.74025,171
5179,0.001507015799359187,2.762495,11.35429,341
5180,0.02169042094796155,1.9959043,10.3765,4908
5181,0.004326593746547343,3.4950979,9.311859,979
5182,0.010138106286598166,2.6135342,10.906631,2294
5183,0.007990277317423489,2.18955,7.690244,1808
5184,0.0029698375870069607,3.5711155,9.456875,672
5185,0.0009148160424262513,3.1008775,27.644415,207
5186,0.0005745221522483703,6.9368844,18.454546,130
5187,0.0033233896806982655,1.5589675,6.479651,752
5188,0.0008485250248591316,2.9005337,14.510298,192
5189,0.007389238758148271,1.7217047,8.308596,1672
5190,0.05732405259087393,2.316444,9.023704,12971
5191,0.005484476853386366,2.3082566,11.247397,1241
5192,0.0010208816705336427,2.9871087,20.833282,231
5193,0.015737487570434205,1.172178,4.690507,3561
5194,0.0005745221522483703,6.940562,23.789606,130
5195,0.002492542260523699,1.940639,8.479809,564
5196,0.0018031156778256546,3.9195979,13.390445,408
5197,0.003142194232681472,5.3596067,18.104233,711
5198,0.0071461716937354985,1.8511056,7.8061514,1617
5199,0.0031024196221412,2.6445386,13.176518,702
5200,0.01709866313114573,1.3250332,6.895242,3869
5201,0.0027002541155673404,3.2340207,9.821253,611
5202,0.006827974809413324,2.9804583,11.555234,1545
5203,0.0028947077670975585,3.2350502,10.134254,655
5204,0.007711855043641587,2.1373544,6.1922283,1745
5205,0.0009722682576510883,6.9436707,23.812548,220
5206,0.004671307037896365,2.925565,10.16761,1057
5207,0.0003712296983758701,5.837312,14.155233,84
5208,0.00886973815048061,2.496259,8.62322,2007
5209,0.008105181747873164,1.3553379,4.8251696,1834
5210,0.0026560601038559273,2.8499577,9.289849,601
5211,0.0027400287261076122,3.6684866,22.345215,620
5212,0.00219202298088609,2.2111452,11.000487,496
5213,0.0005612639487349464,9.756238,21.621298,127
5214,0.0012772069384598386,3.9019651,11.548877,289
5215,0.0008485250248591316,4.3270783,14.324405,192
5216,0.0032394210584465806,1.9504772,5.6732864,733
5217,0.003955364048171473,2.494883,12.357113,895
5218,0.0004640371229698376,7.9351254,17.61657,105
5219,0.005815931941221965,2.9515488,11.214397,1316
5220,0.00276654513313446,4.1119127,16.01901,626
5221,0.008489669649762457,2.188827,9.139704,1921
5222,0.010425367362722352,3.1142826,9.732617,2359
5223,0.003875814827090929,3.1066065,11.5619,877
5224,0.001966633521157883,5.259537,16.422832,445
5225,0.006664456966081096,2.6336544,9.796049,1508
5226,0.001126947298641034,2.6087646,9.043243,255
5227,0.0010606562810739145,6.7444677,16.1196,240
5228,0.0004905535299966854,8.826381,20.628916,111
5229,0.0019003425035907635,3.23826,12.491971,430
5230,0.0015600486134128826,3.7764583,14.716492,353
5231,0.0005966191581040769,2.9284158,16.957531,135
5232,0.001210915920892719,2.8907566,15.389227,274
5233,0.005086730747983648,1.6133178,8.87455,1151
5234,0.001025301071704784,4.021677,20.90375,232
5235,0.002682576510882775,2.2057445,9.810383,607
5236,0.005281184399513866,1.7187093,12.888414,1195
5237,0.0015688874157551653,4.4234424,13.355034,355
5238,0.001851729090708209,4.257329,18.173512,419
5239,0.0015246934040437522,3.2167668,10.795503,345
5240,0.005842448348248813,2.7406106,10.122757,1322
5241,0.0008220086178322838,4.676534,12.657734,186
5242,0.0012462711302618495,4.33626,15.257633,282
5243,0.019219975693293558,1.7403567,8.675214,4349
5244,0.006390454093470335,36.674084,58.006207,1446
5245,0.0011578831068390233,3.5811477,11.718134,262
5246,0.003288034471329135,2.6412337,8.511154,744
5247,0.002196442382057231,2.0790462,10.994918,497
5248,0.0007026847862114683,5.3063955,16.096842,159
5249,0.001692630648547122,5.4134297,12.910348,383
5250,0.001979891724671307,1.5430177,9.149196,448
5251,0.0008794608330571208,2.3677218,13.35053,199
5252,0.0020285051375538614,3.22797,10.739496,459
5253,0.0014539829853054912,3.9324315,17.590982,329
5254,0.0029654181858358194,2.5047011,12.293428,671
5255,0.0009103966412551099,5.2535744,21.704391,206
5256,0.003486907524030494,2.4448993,9.54918,789
5257,0.0025323168710639707,3.422479,11.532884,573
5258,0.0006629101756711965,4.6108127,12.404659,150
5259,0.0011092696939564689,4.942827,14.829857,251
5260,0.0011799801126947298,4.297508,13.878562,267
5261,0.000698265385040327,4.6132574,16.256828,158
5262,0.0016528560380068501,3.375043,10.89383,374
5263,0.0005745221522483703,8.074528,25.526453,130
5264,0.006041321400950171,1.5499889,6.094553,1367
5265,0.0009324936471108165,5.436892,19.870222,211
5266,0.006553971936802563,3.151235,9.881128,1483
5267,0.0012064965197215777,3.9012425,13.596956,273
5268,0.0014628217876477738,4.340557,11.878382,331
5269,0.0010076234670202187,4.499098,16.35813,228
5270,0.0021257319633189702,2.5920568,12.637203,481
5271,0.03229256435752956,1.5045226,6.254641,7307
5272,0.0012197547232350016,5.6572456,16.373356,276
5273,0.0004331013147718484,5.7548413,17.435337,98
5274,0.001621920229808861,2.7279346,11.593833,367
5275,0.007296431333554303,2.557741,7.9298987,1651
5276,0.0017898574743122307,3.1701162,8.901842,405
5277,0.0022273781902552203,3.2479606,16.388767,504
5278,0.0015556292122417413,2.2909088,7.0649137,352
5279,0.001038559275218208,5.1219115,17.97898,235
5280,0.0019975693293558723,2.4673996,9.797937,452
5281,0.001608662026295437,5.3222184,14.396406,364
5282,0.03382609656391559,1.477996,4.7626505,7654
5283,0.0036371671638492985,4.4150534,10.443144,823
5284,0.004189592310241962,1.9858888,7.8976083,948
5285,0.0006805877803557617,4.398861,11.368513,154
5286,0.0004993923323389681,3.574214,24.457027,113
5287,0.007645564026074467,1.9819916,7.7579274,1730
5288,0.00022538945972820683,4.7001204,17.266985,51
5289,0.0064037122969837585,3.1322484,11.644103,1449
5290,0.0036769417743895702,2.4437487,9.254782,832
5291,0.001082753286929621,4.2696776,17.61351,245
5292,0.008953706772732295,3.1017094,10.003577,2026
5293,0.0035929731521378854,2.0679545,7.4370246,813
5294,0.0008308474201745664,9.94933,19.849834,188
5295,0.001537951607557176,3.91998,14.245658,348
5296,0.0005347475417080985,9.371133,20.571362,121
5297,0.006394873494641476,1.7987769,8.489979,1447
5298,0.026370566788200198,1.8958505,7.2881217,5967
5299,0.011375538614517733,2.2378948,11.02922,2574
5300,0.0011623025080101646,4.8045535,15.130402,263
5301,0.002691415313225058,3.2983646,9.822792,609
5302,0.0035399403380841897,1.9478394,10.265691,801
5303,0.00239531543475859,2.120548,7.4362087,542
5304,0.025318749309468567,1.6392851,8.361096,5729
5305,0.0012904651419732625,2.6695187,9.741785,292
5306,0.000954590652966523,4.873106,13.147872,216
5307,0.001564468014584024,5.1978917,26.178534,354
5308,0.0010562368799027731,1.5813009,6.2669353,239
5309,0.013483592973152138,2.0717106,9.118674,3051
5310,0.0006010385592752182,4.5237803,13.220834,136
5311,0.001794276875483372,3.7244098,11.860898,406
5312,0.00479063086951718,2.055509,8.332343,1084
5313,0.0012197547232350016,4.363714,13.044412,276
5314,0.0011357861009833167,4.2669477,17.582605,257
5315,0.003146613633852613,2.4144433,12.219896,712
5316,0.001210915920892719,4.3321447,12.269914,274
5317,0.002859352557728428,2.3569603,9.934766,647
5318,0.0038095238095238095,2.4298751,11.068058,862
5319,0.0009855264611645122,4.036497,13.493314,223
5320,0.010062976466688764,1.8475769,7.926142,2277
5321,0.0022008617832283725,5.2953067,14.667684,498
5322,0.008401281626339631,2.2032523,8.943358,1901
5323,0.004189592310241962,2.2771487,12.884678,948
5324,0.006094354215003867,1.8100984,7.521895,1379
5325,0.00202408573638272,3.29227,11.41053,458
5326,0.009811070599933708,1.4745258,7.055826,2220
5327,0.0018826648989061982,3.643446,10.000926,426
5328,0.003950944647000331,1.840415,7.429376,894
5329,0.0008441056236879903,1.6891769,8.441561,191
5330,0.0015512098110706,3.4457588,9.910214,351
5331,0.0009943652635067948,4.851298,18.731403,225
5332,0.0015025963981880456,3.3378625,12.226603,340
5333,0.002748867528449895,2.194536,9.892215,622
5334,0.0007645564026074467,6.180577,16.03822,173
5335,0.0015335322063860348,3.8992612,11.189387,347
5336,0.0008441056236879903,4.1945124,16.224476,191
5337,0.0004331013147718484,9.141532,21.212175,98
5338,0.0010871726881007623,5.0267415,15.188054,246
5339,0.0012595293337752734,3.1108963,15.019262,285
5340,0.0003668102972047288,3.6547747,18.037632,83
5341,0.021734614959672965,2.3897674,8.569459,4918
5342,0.000954590652966523,5.7066746,14.913037,216
5343,0.0020152469340404375,3.0603974,11.394497,456
5344,0.0048525024859131585,2.198923,8.821387,1098
5345,0.00192243950944647,3.190373,12.408698,435
5346,0.003115677825654624,2.8163104,10.354036,705
5347,0.0024262512429565793,3.0044963,8.596568,549
5348,0.0009501712517953817,4.1805286,19.17153,215
5349,0.005776157330681693,2.1139677,8.558652,1307
5350,0.0025897690862888077,1.9385808,10.090471,586
5351,0.0009457518506242404,4.0879536,19.019672,214
5352,0.008074245939675173,2.3854606,7.3553634,1827
5353,0.0007733952049497294,7.9474792,21.932692,175
5354,0.0009722682576510883,4.480074,15.037254,220
5355,0.002819577947188156,2.601434,12.117336,638
5356,0.0010429786763893492,5.3958054,19.50647,236
5357,0.0015600486134128826,0.8492928,2.5357907,353
5358,0.0013479173571980996,3.4618685,10.399047,305
5359,0.016776046845652415,2.4263237,9.40005,3796
5360,0.0031687106397083197,2.062595,13.158675,717
5361,0.0016042426251242957,3.6648133,14.704248,363
5362,0.0048745994917688655,2.4791105,9.811774,1103
5363,0.00011048502927853276,0.7159481,1.3792415,25
5364,0.0007380399955805989,6.5496616,18.077768,167
5365,0.000570102751077229,8.556809,20.825544,129
5366,0.0015821456192685892,4.032042,14.42972,358
5367,0.01028394652524583,1.4706286,7.191888,2327
5368,0.0013037233454866865,2.4630232,7.2100635,295
5369,0.007473207380399955,2.5820491,9.897568,1691
5370,0.008047729532648326,1.8771024,7.2820344,1821
5371,0.001935697712959894,2.3950264,13.193806,438
5372,0.0018119544801679373,3.1016405,13.027215,410
5373,0.000839686222516849,3.4567037,16.755833,190
5374,0.0013081427466578278,5.64762,16.03185,296
5375,0.002678157109711634,4.017128,12.238681,606
5376,0.040044194011711415,1.7297127,12.936718,9061
5377,0.0033410672853828307,1.8078783,8.419996,756
5378,0.0028328361507015797,3.6858625,10.401527,641
5379,0.0042735609324936474,1.9988475,8.407879,967
5380,0.006938459838691857,1.1212343,6.1816635,1570
5381,0.0037697491989835377,2.8859265,9.597581,853
5382,0.0013479173571980996,4.0404496,11.954109,305
5383,0.0012285935255772842,4.666377,13.547594,278
5384,0.003146613633852613,2.4559138,10.4334345,712
5385,0.0029389017788089716,2.2825916,9.9304085,665
5386,0.001038559275218208,4.506167,12.992919,235
5387,0.0012330129267484255,2.2978258,9.780947,279
5388,0.0007203623908960336,6.355663,18.005554,163
5389,0.0005745221522483703,8.9691,19.824568,130
5390,0.0029079659706109824,2.2330675,13.2641945,658
5391,0.025517622362169926,1.4214457,10.620152,5774
5392,0.0006673295768423378,5.6525664,18.237047,151
5393,0.0022273781902552203,2.7077703,12.123886,504
5394,0.002138990166832394,2.7965064,14.207866,484
5395,0.00860015467904099,4.3612046,11.161706,1946
5396,0.005188376974919898,2.055771,8.860117,1174
5397,0.0004198431112584245,12.4209,25.596102,95
5398,0.0063109048723897915,2.5036893,13.318867,1428
5399,0.008993481383272566,2.2224107,9.66823,2035
5400,0.009059772400839687,3.1730149,9.781614,2050
5401,0.0030493868080875043,1.7204227,6.6989813,690
5402,0.012940006629101757,2.9616568,10.465314,2928
5403,0.003332228483040548,5.6287346,15.716704,754
5404,0.0005745221522483703,4.774599,16.240318,130
5405,0.012661584355319853,2.3991206,11.46799,2865
5406,0.03328692962103635,3.3221185,9.382107,7532
5407,0.002094796155120981,2.8763995,10.963908,474
5408,0.001224174124406143,4.213797,14.674856,277
5409,0.021469450889404485,1.3153554,6.293909,4858
5410,0.002138990166832394,6.1716976,16.600506,484
5411,0.0013169815490001104,3.238495,9.770595,298
5412,0.000768975803778588,4.501852,15.384132,174
5413,0.007756049055353,1.8346716,8.322455,1755
5414,0.001781018671969948,3.118958,10.977108,403
5415,0.006196000441940117,5.008543,15.129806,1402
5416,0.00101204286819136,5.658523,14.561428,229
5417,0.0014230471771075018,4.3449283,11.879378,322
5418,0.0016484366368357088,3.2876587,16.75469,373
5419,0.024103413987404707,3.9154325,11.373284,5454
5420,0.0026693183073693513,3.331422,10.91468,604
5421,0.004808308474201745,3.7652063,15.704828,1088
5422,0.0003402938901778809,1.3443345,7.4369874,77
5423,0.0008617832283725555,5.943906,15.981019,195
5424,0.0004684565241409789,5.4331765,13.271588,106
5425,0.0018870843000773395,5.041987,14.799333,427
5426,0.001807535078996796,3.1339827,10.255245,409
5427,0.001140205502154458,2.4778025,14.341341,258
5428,0.001953375317644459,3.3885293,10.5483465,442
5429,0.0016263396309800023,6.2513337,19.356873,368
5430,0.0005480057452215225,5.788115,13.981672,124
5431,0.0019268589106176113,3.6117074,14.955699,436
5432,0.0011313666998121754,2.825114,11.415085,256
5433,0.001666114241520274,1.5489656,7.6625595,377
5434,0.003902331234117777,2.2256246,10.357033,883
5435,0.0015909844216108718,2.445028,9.399262,360
5436,0.0011225278974698928,4.420452,14.215891,254
5437,0.0038492984200640813,3.5014586,9.643257,871
5438,0.0021478289691746768,3.8861253,10.207106,486
5439,0.013364269141531323,1.3477829,7.1463094,3024
5440,0.002222958789084079,1.8288333,7.3451476,503
5441,0.0018605678930504917,3.428942,10.809474,421
5442,0.002408573638272014,2.2546782,8.868555,545
5443,0.004560822008617832,2.2523222,11.984405,1032
5444,0.0012285935255772842,3.9777606,15.413436,278
5445,0.0005214893381946746,7.691272,19.847795,118
5446,0.001436305380620926,3.6083047,12.684635,325
5447,0.0018384708871947851,4.5034933,22.909155,416
5448,0.001736824660258535,4.2594013,15.983983,393
5449,0.0005038117335101094,9.746283,26.865486,114
5450,0.0008617832283725555,5.1120725,13.835524,195
5451,0.01052259418848746,1.2405686,4.5472903,2381
5452,0.014429344823776379,2.2450478,8.903212,3265
5453,0.001807535078996796,3.1199405,19.295883,409
5454,0.0023334438183626118,2.8887544,12.967849,528
5455,0.0011623025080101646,3.3157728,12.340909,263
5456,0.0008529444260302729,3.474065,13.452841,193
5457,0.005170699370235333,3.4485826,11.919225,1170
5458,0.0012374323279195668,3.910956,11.389976,280
5459,0.0023422826207048944,1.6392384,6.8291087,530
5460,0.0007512981990940228,7.1356044,23.322535,170
5461,0.0017412440614296763,2.98939,9.267502,394
5462,0.001807535078996796,3.7388864,12.713339,409
5463,0.00138327256656723,3.713773,11.1231985,313
5464,0.0009766876588222296,5.9367943,14.931182,221
5465,0.003950944647000331,1.6276054,7.1222906,894
5466,0.0011711413103524472,4.798438,10.555859,265
5467,0.01156999226604795,2.9691868,9.344251,2618
5468,0.010107170478400178,1.9111481,9.171448,2287
5469,0.0019710529223290244,3.0858288,11.863658,446
5470,0.0006187161639597834,7.970902,26.073435,140
5471,0.0008662026295436968,4.5761404,16.148224,196
5472,0.0019445365153021765,3.8222914,11.7888,440
5473,0.005603800685007181,1.9421325,9.848396,1268
5474,0.002121312562147829,3.7671099,12.229044,480
5475,0.0009855264611645122,2.9022608,12.338595,223
5476,0.001255109932604132,2.8140554,12.793006,284
5477,0.000967848856479947,2.4219382,13.89953,219
5478,0.0009987846646779361,4.53028,17.751984,226
5479,0.0011623025080101646,4.0059247,14.770537,263
5480,0.005709866313114573,2.060165,8.939078,1292
5481,0.012705778367031267,2.1117237,8.1469965,2875
5482,0.002956579383493537,2.9197772,12.324702,669
5483,0.000768975803778588,8.227586,20.07113,174
5484,0.0015821456192685892,5.165184,14.822478,358
5485,0.0057540603248259865,2.0880425,8.085554,1302
5486,0.0035929731521378854,4.8484616,11.179734,813
5487,0.0020903767539498398,3.2937179,9.168006,473
5488,0.002682576510882775,2.3798492,10.387128,607
5489,0.0003668102972047288,7.0701036,20.497156,83
5490,0.011044083526682135,1.0976611,5.206264,2499
5491,0.006235775052480389,3.784809,8.58058,1411
5492,0.0011799801126947298,5.153727,12.345574,267
5493,0.0008308474201745664,3.4605737,11.15375,188
5494,0.0024439288476411445,1.953565,6.984719,553
5495,0.0007292011932383163,6.0969043,17.182253,165
5496,0.001339078554855817,4.429343,17.924496,303
5497,0.0013037233454866865,4.1184354,13.024487,295
5498,0.0037122969837587007,3.088717,9.292791,840
5499,0.0013479173571980996,2.2059467,11.030328,305
5500,0.008525024859131588,2.525818,9.707598,1929
5501,0.000954590652966523,3.4808915,8.777123,216
5502,0.0004198431112584245,2.5299542,13.114789,95
5503,0.01686443486907524,2.9294035,8.782976,3816
5504,0.0006629101756711965,4.1084843,14.552269,150
5505,0.0017279858579162524,2.6148667,8.155947,391
5506,0.0007115235885537509,6.4182754,18.645067,161
5507,0.002178764777372666,2.1667554,10.7137,493
5508,0.041237432327919564,1.9491577,9.506566,9331
5509,0.0002121312562147829,5.0746636,21.916391,48
5510,0.003486907524030494,2.8574696,13.168428,789
5511,0.0005745221522483703,3.0377767,21.42493,130
5512,0.0024748646558391337,2.370039,9.765983,560
5513,0.0020594409457518506,6.525006,17.743177,466
5514,0.001069495083416197,5.721875,15.137141,242
5515,0.00045077891945641366,7.0308285,22.221636,102
5516,0.0011048502927853276,3.0647783,13.404467,250
5517,0.0020550215445807093,3.1934798,11.079202,465
5518,0.0004286819136007071,5.0435605,14.926399,97
5519,0.0009766876588222296,3.9342535,14.159231,221
5520,0.0005833609545906529,12.690212,26.82301,132
5521,0.005793834935366258,1.6433158,7.3518095,1311
5522,0.001935697712959894,3.1932867,10.239809,438
5523,0.0011932383162081537,2.1642148,8.880767,270
5524,0.002890288365926417,2.6794596,11.084344,654
5525,0.016842337863219533,2.7943816,10.571001,3811
5526,0.12233344381836261,1.2851381,4.2548785,27681
5527,0.003805104408352668,2.3840158,10.754185,861
5528,0.004269141531322506,2.502672,11.088699,966
5529,0.0008308474201745664,4.697946,17.55233,188
5530,0.005020439730416528,1.3959265,5.7276406,1136
5531,0.001255109932604132,3.9615104,11.454136,284
5532,0.0007115235885537509,8.847433,23.391676,161
5533,0.001794276875483372,3.5402465,12.536785,406
5534,0.0005038117335101094,5.8469267,17.225342,114
5535,0.001140205502154458,4.407866,16.05034,258
5536,0.0020594409457518506,3.1048336,11.359991,466
5537,0.004569660810960115,2.5877297,13.457434,1034
5538,0.0024174124406142966,3.6487088,13.362787,547
5539,0.0028947077670975585,1.7079233,8.755588,655
5540,0.0013346591536846756,1.9957318,9.967186,302
5541,0.005625897690862888,2.5767274,6.4169297,1273
5542,0.010849629875151917,1.5806895,7.059767,2455
5543,0.001038559275218208,5.4588504,17.251228,235
5544,0.0026560601038559273,2.9927044,11.238634,601
5545,0.0005612639487349464,5.4397697,15.139345,127
5546,0.0055242514639266375,2.3848627,11.303757,1250
5547,0.0006717489780134791,6.532174,23.615887,152
5548,0.001436305380620926,3.6636477,10.559991,325
5549,0.0017677604684565242,3.601691,12.596823,400
5550,0.0007601370014363054,7.3028593,15.208072,172
5551,0.001038559275218208,2.3627648,10.344441,235
5552,0.002823997348359297,2.2600381,8.770408,639
5553,0.000627554966302066,11.926224,25.31635,142
5554,0.0012418517290907081,5.7575827,16.100346,281
5555,0.0008175892166611424,4.4381757,17.533827,185
5556,0.0066821345707656615,1.9716972,6.4403176,1512
5557,0.004507789194564136,2.3651395,8.486775,1020
5558,0.002094796155120981,3.7967873,10.386353,474
5559,0.0013788531653960887,3.3113835,9.8050375,312
5560,0.00266489890619821,3.3613658,11.994293,603
5561,0.010297204728759253,1.8147922,8.66808,2330
5562,0.0019312783117887526,2.6528413,8.077723,437
5563,0.0008882996353994034,4.462314,10.090469,201
5564,0.000627554966302066,6.692436,15.887195,142
5565,0.0007733952049497294,3.5315385,12.71253,175
5566,0.011220859573527787,1.7074513,7.1193223,2539
5567,0.0016572754391779914,4.27769,9.903375,375
5568,0.00138327256656723,3.7581058,15.88557,313
5569,0.008741575516517512,2.160661,9.865173,1978
5570,0.001025301071704784,4.515683,19.41469,232
5571,0.0015821456192685892,3.8417594,13.35413,358
5572,0.00202408573638272,3.8162384,13.5131,458
5573,0.0011136890951276102,4.790293,23.408834,252
5574,0.00192243950944647,4.297885,10.237296,435
5575,0.0014893381946746217,3.86656,13.119256,337
5576,0.0033366478842116894,3.1360471,9.966382,755
5577,0.0012374323279195668,3.5133874,14.340154,280
5578,0.0051088277538393545,1.6102262,7.011995,1156
5579,0.0011446249033255993,3.5017362,11.154611,259
5580,0.0007115235885537509,3.126213,14.559205,161
5581,0.00441940117114131,2.417068,8.628572,1000
5582,0.005250248591315876,2.1068122,9.571685,1188
5583,0.0005656833499060877,6.2585297,15.344032,128
5584,0.001325820351342393,3.7186022,9.320404,300
5585,0.0010650756822450558,4.213269,12.009135,241
5586,0.0016528560380068501,3.6779532,12.395576,374
5587,0.0015600486134128826,3.914117,15.223311,353
5588,0.0009457518506242404,5.437021,16.033825,214
5589,0.0018694066953927743,3.837163,15.656487,423
5590,0.002364379626560601,3.5110915,9.458246,535
5591,0.014146503148823335,2.516681,8.381766,3201
5592,0.0014716605899900564,4.241611,14.454592,333
5593,0.03633189702795271,1.6605505,5.3022547,8221
5594,0.0013037233454866865,4.3006015,13.333759,295
5595,0.0020329245387250027,2.7021441,12.327779,460
5596,0.0013037233454866865,3.3356903,11.064094,295
5597,0.0006054579604463595,6.87813,17.877365,137
5598,0.0016749530438625567,3.348464,11.344968,379
5599,0.00044194011711413104,8.132685,20.48565,100
5600,0.0018163738813390786,3.5770862,10.303498,411
5601,0.0018870843000773395,3.4069927,9.530262,427
5602,0.007977019113910066,1.3619616,4.83441,1805
5603,0.0015688874157551653,3.4484732,11.189359,355
5604,0.007698596840128163,2.275111,7.839759,1742
5605,0.012400839686222517,1.408166,7.1262074,2806
5606,0.0009987846646779361,3.67323,12.24866,226
5607,0.003385261297094244,2.7281368,9.927933,766
5608,0.0024616064523257097,3.1535602,11.191291,557
5609,0.0020550215445807093,5.1267447,10.510736,465
5610,0.0003668102972047288,9.631489,21.696356,83
5611,0.0018738260965639156,3.2872899,12.44081,424
5612,0.0009059772400839686,3.3319104,11.066761,205
5613,0.0011799801126947298,5.668135,19.411522,267
5614,0.002138990166832394,2.6128511,11.185503,484
5615,0.0010208816705336427,5.3185053,13.297637,231
5616,0.003504585128715059,2.6925497,11.640906,793
5617,0.0015688874157551653,3.498471,9.878695,355
5618,0.00044635951828527235,6.4655347,17.768446,101
5619,0.0007733952049497294,3.584803,12.727875,175
5620,0.0008175892166611424,3.7918015,8.173948,185
5621,0.001935697712959894,2.9437041,9.028582,438
5622,0.0020152469340404375,3.4679618,10.94419,456
5623,0.0023599602253894596,3.0794566,9.591232,534
5624,0.002205281184399514,2.6296566,15.892002,499
5625,0.0012727875372886973,3.9824834,15.264904,288
5626,0.0008043310131477185,3.475809,16.149813,182
5627,0.0012860457408021212,3.3405235,14.207937,291
5628,0.03788310683902331,2.2876546,7.78146,8572
5629,0.0004993923323389681,2.8942392,14.832119,113
5630,0.0014318859794497847,3.023428,9.113546,324
5631,0.0016263396309800023,2.7284536,12.568475,368
5632,0.0019843111258424483,2.9155977,13.900291,449
5633,0.0008264280190034251,5.347124,14.632041,187
5634,0.012330129267484256,2.2370663,7.6780643,2790
5635,0.002960998784664678,1.9577471,10.429468,670
5636,0.0012418517290907081,4.1292634,12.088938,281
5637,0.015980554634846978,1.8862873,8.431284,3616
5638,0.0014407247817920673,5.456266,12.633349,326
5639,0.022808529444260303,0.9497997,3.3348594,5161
5640,0.0024041542371008727,3.8494356,14.540467,544
5641,0.0007468787979228815,2.8125196,8.778652,169
5642,0.0010076234670202187,5.5700936,14.599961,228
5643,0.002466025853496851,2.7489545,11.815201,558
5644,0.0325754060324826,2.6948688,10.790372,7371
5645,0.0011932383162081537,3.5892246,12.452623,270
5646,0.004291238537178213,1.6288835,5.96853,971
5647,0.0010915920892719036,3.5535285,12.467392,247
5648,0.0014142083747652192,6.6027827,18.835775,320
5649,0.0007468787979228815,5.3016424,17.03551,169
5650,0.0016263396309800023,3.665697,12.981407,368
5651,0.010778919456413657,1.6350569,6.7615604,2439
5652,0.00428239973483593,2.8816152,7.1067204,969
5653,0.011379958015688875,2.1995447,10.063573,2575
5654,0.0012330129267484255,3.012122,7.7529144,279
5655,0.0012330129267484255,3.6448545,12.226497,279
5656,0.0034338747099767982,3.301822,10.281158,777
5657,0.0011799801126947298,4.420543,17.326593,267
5658,0.0046668876367252235,2.0915534,7.3407845,1056
5659,0.0008308474201745664,3.085883,10.312212,188
5660,0.0055242514639266375,9.283945,19.633188,1250
5661,0.0009192354435973926,2.2068577,9.208474,208
5662,0.0014849187935034804,4.386126,12.480254,336
5663,0.0074024969616616944,1.5495726,6.252384,1675
5664,0.0008131698154900011,5.0741963,14.658507,184
5665,0.00860015467904099,2.3011384,9.819369,1946
5666,0.016948403491326924,1.1193174,4.814571,3835
5667,0.001325820351342393,3.7156787,13.203832,300
5668,0.0005745221522483703,7.355026,18.033974,130
5669,0.0019622141199867418,3.468629,17.571253,444
5670,0.008551541266158435,1.7983228,8.416701,1935
5671,0.0009855264611645122,4.346226,14.88619,223
5672,0.0020992155562921224,6.2885137,17.147764,475
5673,0.0005966191581040769,7.2073593,19.59702,135
5674,0.001210915920892719,8.44678,20.08723,274
5675,0.001224174124406143,2.6212523,8.979716,277
5676,0.010469561374433764,2.5720458,10.599728,2369
5677,0.02303391890398851,1.7418438,6.9515343,5212
5678,0.0016882112473759806,4.060849,10.7744465,382
5679,0.0006231355651309247,4.1119046,11.739399,141
5680,0.0009015578389128273,7.1996946,20.260664,204
5681,0.005997127389238758,1.2295669,7.6937804,1357
5682,0.001025301071704784,3.8052154,12.995195,232
5683,0.01747873163186388,1.5180792,6.484841,3955
5684,0.002421831841785438,1.8979803,8.128189,548
5685,0.0059882885868964755,1.7707409,6.424058,1355
5686,0.0006894265826980444,8.79425,23.265343,156
5687,0.005736382720141421,2.2269366,8.226602,1298
5688,0.0011225278974698928,3.1950302,11.341511,254
5689,0.0017147276544028285,3.5467777,10.20615,388
5690,0.00045519832062755497,4.00928,19.729122,103
5691,0.001750082863771959,3.7189775,9.201272,396
5692,0.0018826648989061982,3.8470209,11.163238,426
5693,0.001794276875483372,3.295603,11.121162,406
5694,0.001736824660258535,3.4430263,14.479336,393
5695,0.0008617832283725555,5.2413845,17.171175,195
5696,0.0013744337642249474,3.5147786,11.189873,311
5697,0.000698265385040327,3.2232347,19.87546,158
5698,0.0007557176002651641,0.8244917,1.9322543,171
5699,0.0011888189150370124,3.730831,11.779009,269
5700,0.019856369461937907,1.1776837,4.6428704,4493
5701,0.012056126394873495,2.0797486,8.902475,2728
5702,0.001325820351342393,3.857087,11.285707,300
5703,0.0011623025080101646,4.6132145,22.349243,263
5704,0.0015512098110706,3.754607,17.929804,351
5705,0.018305159650867306,2.0668235,7.606721,4142
5706,0.004357529554745332,2.5995328,10.782177,986
5707,0.001480499392332339,4.522272,24.749002,335
5708,0.0023467020218760357,1.6290191,5.8052306,531
5709,0.0013081427466578278,4.0547338,10.647894,296
5710,0.0012020771185504364,4.1102834,9.887077,272
5711,0.0069826538504032705,1.8031002,7.2221746,1580
5712,0.0009192354435973926,7.356666,23.457968,208
5713,0.0012418517290907081,4.0426693,14.23355,281
5714,0.0013214009501712517,1.9917179,9.592895,299
5715,0.0007601370014363054,8.624632,16.373629,172
5716,0.0005082311346812507,6.831123,15.40436,115
5717,0.0009590100541376643,2.8142464,10.284828,217
5718,0.001210915920892719,2.3911772,8.647177,274
5719,0.003601811954480168,1.9196358,7.3177185,815
5720,0.004229366920782234,1.9442806,11.391224,957
5721,0.013642691415313225,1.9587011,8.89186,3087
5722,0.0005656833499060877,3.7183454,11.965534,128
5723,0.0012595293337752734,5.162334,13.522138,285
5724,0.0007380399955805989,2.745287,17.404692,167
5725,0.010809855264611645,1.614783,6.1772804,2446
5726,0.0028770301624129932,2.3083804,10.284567,651
5727,0.0017147276544028285,2.8157806,15.61679,388
5728,0.0046668876367252235,2.9191628,9.749454,1056
5729,0.0006496519721577726,8.624396,17.535105,147
5730,0.012767649983427245,2.0342715,12.571756,2889
5731,0.00219202298088609,2.9047718,9.454645,496
5732,0.012047287592531212,1.8642324,7.6795397,2726
5733,0.000512650535852392,10.780396,19.095179,116
5734,0.0017147276544028285,2.5166132,15.248121,388
5735,0.0011755607115235885,4.0933704,17.390865,266
5736,0.001666114241520274,3.8381948,11.322371,377
5737,0.0011932383162081537,5.0480247,18.024496,270
5738,0.00138327256656723,4.218051,12.98334,313
5739,0.0018738260965639156,3.4841645,10.527182,424
5740,0.0014053695724229366,3.2964785,13.308711,318
5741,0.0015733068169263066,3.1337745,10.434777,356
5742,0.0009899458623356535,4.057465,17.69803,224
5743,0.0008706220307148382,1.9362856,12.492399,197
5744,0.0005480057452215225,5.280227,18.012644,124
5745,0.0014893381946746217,2.5646975,9.700085,337
5746,0.0018207932825102199,3.8733494,17.399315,412
5747,0.0017721798696276655,2.9894676,11.637376,401
5748,0.0013523367583692409,3.939092,13.500344,306
5749,0.005122085957352779,1.6076171,9.578229,1159
5750,0.004578499613302397,2.2603316,10.751054,1036
5751,0.008065407137332892,1.6338267,7.3272305,1825
5752,0.002324605016020329,1.6931535,6.625566,526
5753,0.0008087504143188598,5.768848,17.120653,183
5754,0.025177328471992045,1.3486613,6.526045,5697
5755,0.009629875151916916,2.3586183,8.10553,2179
5756,0.0005921997569329356,7.2729797,18.159323,134
5757,0.0015335322063860348,3.7376888,11.0664015,347
5758,0.0019268589106176113,3.232013,13.421469,436
5759,0.0022273781902552203,1.562638,6.8214593,504
5760,0.0012993039443155452,3.7136397,14.326655,294
5761,0.0011092696939564689,1.9375119,8.736184,251
5762,0.0012904651419732625,4.239203,17.558167,292
5763,0.0007292011932383163,5.4357314,13.581714,165
5764,0.0023599602253894596,3.0036905,13.433922,534
5765,0.0012197547232350016,3.0735886,11.270014,276
5766,0.0012418517290907081,3.5296805,18.801943,281
5767,0.005647994696718594,1.8603812,7.08145,1278
5768,0.009797812396420285,1.8834976,5.6273828,2217
5769,0.011751187714064745,2.1581519,7.5895224,2659
5770,0.0006319743674732073,6.700341,15.403891,143
5771,0.010849629875151917,2.4211094,8.404151,2455
5772,0.0015158546017014695,3.9370625,15.017256,343
5773,0.001396530770080654,4.1010685,13.928016,316
5774,0.007738371450668435,1.8348612,8.656351,1751
5775,0.00870180090597724,1.7494471,7.26577,1969
5776,0.0007424593967517402,5.4860673,12.735142,168
5777,0.0007512981990940228,6.6932855,18.224894,170
5778,0.0010915920892719036,2.8715787,10.35554,247
5779,0.001436305380620926,2.7117147,13.06582,325
5780,0.0015600486134128826,3.8248146,12.338642,353
5781,0.008286377195889956,1.3888948,5.517685,1875
5782,0.0010208816705336427,4.911357,14.9043455,231
5783,0.0014407247817920673,2.81888,13.92817,326
5784,0.011998674179648658,2.418646,8.897686,2715
5785,0.006819136007071042,2.442224,12.105376,1543
5786,0.005219312783117888,2.0790987,8.102474,1181
5787,0.0019047619047619048,2.5779831,11.574658,431
5788,0.002974256988178102,1.9348762,10.923417,673
5789,0.0011578831068390233,2.292153,11.363594,262
5790,0.0006805877803557617,6.593988,21.50768,154
5791,0.0013302397525135343,3.389043,8.670643,301
5792,0.0004154237100872832,7.4972672,22.262821,94
5793,0.010566788200198874,1.8310871,12.021071,2391
5794,0.015251353441608662,1.278447,4.9784994,3451
5795,0.024297867638934923,2.008848,7.7527304,5498
5796,0.0013611755607115235,3.1681304,12.133198,308
5797,0.007840017677604685,2.3955572,9.392827,1774
5798,0.0010164622693625014,5.4511204,20.473236,230
5799,0.0025278974698928294,2.4617066,9.0023985,572
5800,0.0013346591536846756,3.9538596,14.919206,302
5801,0.0015114352005303282,4.2113223,12.331847,342
5802,0.0020019887305270136,3.0027554,14.977364,453
5803,0.0012153353220638603,2.8105614,17.357626,275
5804,0.012506905314329908,1.8860338,9.888588,2830
5805,0.00441940117114131,2.778065,8.024785,1000
5806,0.0014009501712517953,4.0369573,14.1180725,317
5807,0.0018826648989061982,2.6988432,11.913821,426
5808,0.002956579383493537,1.9051496,12.021349,669
5809,0.0032526792619600045,2.9765418,10.735457,736
5810,0.0016749530438625567,4.3078337,15.690015,379
5811,0.0007733952049497294,5.826795,16.0407,175
5812,0.002607446690973373,1.8616707,8.967477,590
5813,0.0017147276544028285,2.8459678,12.556085,388
5814,0.0025765108827753838,2.784188,10.903448,583
5815,0.0012727875372886973,4.671059,12.200343,288
5816,0.016811402055021546,2.0522947,8.123223,3804
5817,0.001396530770080654,3.4289343,11.229345,316
5818,0.0012153353220638603,3.582796,10.667495,275
5819,0.0010208816705336427,6.149218,19.589508,231
5820,0.0009192354435973926,5.7933974,14.794936,208
5821,0.0012727875372886973,4.7861485,16.03718,288
5822,0.01251132471550105,1.91958,8.7882395,2831
5823,0.003915589437631201,1.5256304,6.234388,886
5824,0.0026693183073693513,3.1193266,12.83434,604
5825,0.019211136890951275,1.0691152,3.829529,4347
5826,0.0015733068169263066,3.3896406,12.431545,356
5827,0.000954590652966523,3.5989459,17.571594,216
5828,0.005674511103745442,1.6082821,7.533885,1284
5829,0.0025455750745773946,3.398549,13.28994,576
5830,0.005422605236990388,1.8074476,8.589272,1227
5831,0.0009369130482819578,5.805603,19.368288,212
5832,0.0007999116119765772,7.560504,16.52562,181
5833,0.000839686222516849,5.4751587,16.340334,190
5834,0.001621920229808861,4.4842815,13.495531,367
5835,0.001781018671969948,3.5458503,11.992044,403
5836,0.003889073030604353,2.8580132,12.082032,880
5837,0.0009766876588222296,6.5288105,17.631725,221
5838,0.012993039443155453,1.6365861,6.40405,2940
5839,0.0032217434537620154,2.1157475,8.80685,729
5840,0.0012285935255772842,4.099709,12.051769,278
5841,0.011892608551541266,4.9090433,12.730082,2691
5842,0.0009855264611645122,4.8180647,11.8487835,223
5843,0.007309689537067727,1.9129359,7.5828094,1654
5844,0.0115965086730748,1.461163,9.058327,2624
5845,0.001126947298641034,4.2031503,14.2271,255
5846,0.0022450557949397856,3.8916135,11.87886,508
5847,0.0025278974698928294,2.8835828,12.647438,572
5848,0.003243840459617722,2.0131488,8.632938,734
5849,0.0014053695724229366,4.9723024,15.281228,318
5850,0.005020439730416528,1.1156873,5.7009187,1136
5851,0.0010562368799027731,4.6284003,12.7903805,239
5852,0.0016351784333222849,4.339251,15.720206,370
5853,0.0016749530438625567,3.0030587,12.975028,379
5854,0.010809855264611645,2.4227362,10.752078,2446
5855,0.0010650756822450558,2.457409,11.166579,241
5856,0.01699701690420948,2.2102149,9.002891,3846
5857,0.0009015578389128273,5.354421,16.75073,204
5858,0.0006717489780134791,4.516929,10.347988,152
5859,0.0016484366368357088,3.089276,11.329236,373
5860,0.003756490995470114,2.0558903,9.043944,850
5861,0.0004286819136007071,1.1133331,3.0806832,97
5862,0.000570102751077229,5.023981,16.746277,129
5863,0.0034338747099767982,2.0205448,8.260534,777
5864,0.0011357861009833167,4.594854,11.349404,257
5865,0.0012595293337752734,3.3706887,12.285868,285
5866,0.0011932383162081537,5.2120495,16.78334,270
5867,0.002382057231245166,2.190016,9.801071,539
5868,0.00044194011711413104,7.798577,17.91096,100
5869,0.002722351121423047,3.0022175,11.887789,616
5870,0.006523036128604574,2.1116674,11.734326,1476
5871,0.0005038117335101094,3.1654932,17.840113,114
5872,0.0025853496851176664,2.950063,9.6583805,585
5873,0.006328582477074357,1.551406,7.2346697,1432
5874,0.0008441056236879903,4.6402926,14.274344,191
5875,0.007707435642470445,1.7128971,8.558643,1744
5876,0.008913932162192023,1.7452754,8.195058,2017
5877,0.002134570765661253,3.7276096,13.666611,483
5878,0.001396530770080654,4.3778877,12.073289,316
5879,0.002439509446470003,1.9741583,12.645898,552
5880,0.0029123853717821237,2.0586085,9.526181,659
5881,0.0010871726881007623,3.3380256,15.046729,246
5882,0.0006584907745000552,4.834359,13.615903,149
5883,0.0008573638272014142,6.3149605,18.982283,194
5884,0.0012418517290907081,3.8078845,16.467777,281
5885,0.000570102751077229,8.016576,19.719213,129
5886,0.0014407247817920673,3.1265147,9.226376,326
5887,0.0016175008286377197,3.8931942,11.284077,366
5888,0.0029963539940338086,2.6296802,7.7007422,678
5889,0.0011181084962987515,4.481066,14.51127,253
5890,0.004264722130151365,1.7942249,8.223484,965
5891,0.0008529444260302729,5.118271,15.206144,193
5892,0.0003712296983758701,3.0741441,17.016712,84
5893,0.014376312009722683,1.7079469,8.310493,3253
5894,0.0024616064523257097,2.5765657,12.328018,557
5895,0.08268699591205392,1.7608297,16.398703,18710
5896,0.003646005966191581,1.7678152,7.0129414,825
5897,0.0022715722019666334,4.692147,13.526587,514
5898,0.002121312562147829,5.8248715,15.6557255,480
5899,0.001864987294221633,4.386475,14.7544155,422
5900,0.0008706220307148382,2.7292821,25.075485,197
5901,0.0007999116119765772,5.302343,19.219849,181
5902,0.0015865650204397305,3.447632,11.319759,359
5903,0.001621920229808861,4.775993,11.321598,367
5904,0.0007468787979228815,1.8109593,7.7134886,169
5905,0.009156999226604795,2.0453303,7.98704,2072
5906,0.0005789415534195116,9.858144,22.95717,131
5907,0.010345818141641807,1.697545,6.0158067,2341
5908,0.0015423710087283174,3.9642563,12.435016,349
5909,0.00045519832062755497,4.6447744,17.382517,103
5910,0.0024704452546679924,2.0538933,8.566909,559
5911,0.0014584023864766325,2.9926376,12.383494,330
5912,0.0006850071815269031,8.2244425,22.471888,155
5913,0.0026162854933156556,2.392744,9.715228,592
5914,0.002138990166832394,2.142941,11.054824,484
5915,0.0019577947188156005,3.7417169,12.487702,443
5916,0.0012772069384598386,5.051038,15.078426,289
5917,0.0018031156778256546,4.488793,11.928498,408
5918,0.0010650756822450558,3.607537,11.582676,241
5919,0.0008264280190034251,5.219387,11.499731,187
5920,0.002448348248812286,1.6625773,7.301121,554
5921,0.001082753286929621,2.6055167,21.93915,245
5922,0.0006231355651309247,7.2408934,18.197636,141
5923,0.0025146392663794054,1.9572304,6.4542303,569
5924,0.0013169815490001104,5.6561112,18.772942,298
5925,0.0006673295768423378,4.4621167,12.506072,151
5926,0.00044635951828527235,6.7524905,14.58607,101
5927,0.004101204286819136,2.123603,7.706049,928
5928,0.0007115235885537509,3.8602657,11.59027,161
5929,0.004264722130151365,1.7130811,7.721899,965
5930,0.0014053695724229366,3.277049,11.261937,318
5931,0.0017589216661142416,2.8623104,9.4244795,398
5932,0.001909181305933046,3.8865132,9.565743,432
5933,0.010102751077229036,1.5409775,7.378219,2286
5934,0.0007557176002651641,3.285529,10.843543,171
5935,0.0031510330350237544,2.0554721,10.392776,713
5936,0.018411225278974697,1.5557609,7.993438,4166
5937,0.0027621257319633188,1.8439313,11.339704,625
5938,0.011790962324605017,2.638621,9.004264,2668
5939,0.003071483813943211,2.164459,6.7885065,695
5940,0.0005391669428792398,12.781912,26.699177,122
5941,0.001953375317644459,4.2218018,15.161467,442
5942,0.0015821456192685892,3.302258,10.9025135,358
5943,0.0011092696939564689,5.103295,17.923847,251
5944,0.001210915920892719,2.957524,8.782294,274
5945,0.00300077339520495,2.394601,12.620448,679
5946,0.002205281184399514,2.0640497,6.3257713,499
5947,0.001935697712959894,2.973701,10.799432,438
5948,0.0008794608330571208,5.3524704,20.167526,199
5949,0.0002695834714396199,9.082067,17.089533,61
5950,0.0017191470555739698,3.9316182,9.798727,389
5951,0.001564468014584024,4.005184,13.896115,354
5952,0.004839244282399735,1.4543394,4.8427973,1095
5953,0.0020594409457518506,2.7892764,11.254499,466
5954,0.0015158546017014695,4.19922,17.693214,343
5955,0.0010650756822450558,4.9141665,15.55276,241
5956,0.0009899458623356535,5.6400905,18.190838,224
5957,0.0013700143630538061,4.500517,12.036114,310
5958,0.0008838802342282621,5.1846547,17.066372,200
5959,0.0012462711302618495,4.0833836,10.348331,282
5960,0.0012197547232350016,3.5369034,13.456963,276
5961,0.0012860457408021212,2.4043047,10.105472,291
5962,0.001781018671969948,4.7439895,13.555888,403
5963,0.0013037233454866865,4.6408615,12.059188,295
5964,0.028279748094133243,1.0981408,3.7038977,6399
5965,0.0021743453762015246,3.4595053,12.486258,492
5966,0.0006938459838691857,6.606873,19.933075,157
5967,0.002452767649983427,3.5821414,12.38488,555
5968,0.0017279858579162524,4.364736,15.772295,391
5969,0.0008573638272014142,4.985151,14.282894,194
5970,0.0006717489780134791,4.0181518,12.801196,152
5971,0.0020152469340404375,2.5050511,11.716079,456
5972,0.00045519832062755497,2.4365962,9.799714,103
5973,0.013921113689095127,2.9960747,10.736571,3150
5974,0.0013611755607115235,4.602457,19.503588,308
5975,0.001692630648547122,3.0225272,11.3244705,383
5976,0.00144956358413435,2.0940888,13.239773,328
5977,0.0009236548447685339,7.1692204,20.52061,209
5978,0.0011490443044967406,3.7267,13.205792,260
5979,0.0014893381946746217,3.262678,9.933037,337
5980,0.0019577947188156005,2.1378608,11.38703,443
5981,0.0018296320848525025,3.9222429,13.359153,414
5982,0.000768975803778588,2.4064116,22.996986,174
5983,0.001736824660258535,2.9562466,14.1883955,393
5984,0.0022317975914263617,3.103055,11.622879,505
5985,0.010588885206054579,1.4292784,6.9234824,2396
5986,0.00101204286819136,4.9702907,14.35723,229
5987,0.0004110043089161419,8.9229,23.637133,93
5988,0.006231355651309248,1.7875602,8.097672,1410
5989,0.0010208816705336427,5.448945,19.789007,231
5990,0.0007910728096342946,4.6925645,17.282549,179
5991,0.0007645564026074467,4.4765487,16.57815,173
5992,0.0016307590321511436,2.605873,11.720898,369
5993,0.0023290244171914705,2.3893418,7.719423,527
5994,0.00048613412882554414,4.7769904,14.831832,110
5995,0.0025278974698928294,3.2036552,9.695615,572
5996,0.0077693072588664236,1.8200175,7.589551,1758
5997,0.006465583913379737,2.8429656,10.70096,1463
5998,0.0011048502927853276,2.99677,17.44761,250
5999,0.001666114241520274,4.4453034,17.129677,377
6000,0.0033543254888962547,2.2527158,6.8931623,759
6001,0.0025544138769196772,2.527279,9.879505,578
6002,0.0012993039443155452,3.9441202,13.123204,294
6003,0.0021434095680035355,3.4007943,10.982318,485
6004,0.0008529444260302729,4.0835743,12.043515,193
6005,0.00027400287261076123,3.3773353,28.18189,62
6006,0.005232570986631311,2.0832913,6.9822273,1184
6007,0.0034338747099767982,2.3766165,8.820736,777
6008,0.0003447132913490222,2.601879,13.542967,78
6009,0.0010871726881007623,3.2879815,11.78093,246
6010,0.009258645453541044,2.1504552,8.931721,2095
6011,0.00475527566014805,1.7871805,8.234495,1076
6012,0.0009413324494530991,4.2018323,16.19965,213
6013,0.01412882554413877,1.2871099,7.5120993,3197
6014,0.0011357861009833167,3.0745902,10.838212,257
6015,0.0016749530438625567,3.7070637,10.344224,379
6016,0.001312562147828969,3.9771702,10.221457,297
6017,0.011441829632084852,2.7216673,9.7468195,2589
6018,0.020161308142746658,1.5331318,8.4730015,4562
6019,0.005016020329245387,1.9174968,8.324389,1135
6020,0.00022097005855706552,10.469513,42.17073,50
6021,0.04109601149044304,2.1828053,8.331289,9299
6022,0.0016484366368357088,3.7053363,9.013351,373
6023,0.003716716384929842,1.3555464,9.402323,841
6024,0.002722351121423047,4.1022506,11.407121,616
6025,0.000724781792067175,5.5368443,14.49579,164
6026,0.001537951607557176,3.1615949,13.164796,348
6027,0.0007601370014363054,4.049386,21.590391,172
6028,0.0067749419953596285,1.8591586,8.6934185,1533
6029,0.0009722682576510883,5.543393,18.359642,220
6030,0.00613854822671528,1.4638705,6.348088,1389
6031,0.006699812175450227,2.5377765,9.484127,1516
6032,0.01649762457187051,2.1027706,10.105281,3733
6033,0.0015865650204397305,4.6516967,15.690084,359
6034,0.005957352778698487,1.4098107,3.870006,1348
6035,0.002165506573859242,3.0926058,10.816196,490
6036,0.0018826648989061982,3.962542,13.31597,426
6037,0.001409788973594078,5.171809,15.065959,319
6038,0.0038360402165506574,2.018455,8.156376,868
6039,0.0017103082532316871,2.6150477,10.736593,387
6040,0.008772511324715501,2.4024138,9.216701,1985
6041,0.0016175008286377197,3.8493354,12.693058,366
6042,0.000954590652966523,3.7968907,11.602407,216
6043,0.0007292011932383163,3.8201966,13.893461,165
6044,0.01598939343718926,2.561616,8.827605,3618
6045,0.004476853386366148,2.6394517,9.460468,1013
6046,0.00337200309358082,3.3967433,13.158475,763
6047,0.0010473980775604905,2.592829,12.108786,237
6048,0.0016395978344934262,3.9568782,12.118053,371
6049,0.001197657717379295,5.813267,18.440039,271
6050,0.0015865650204397305,4.627337,11.73686,359
6051,0.0010783338857584797,3.2227376,13.281574,244
6052,0.003831620815379516,1.9884456,6.645567,867
6053,0.00038890730306043533,8.293687,17.844627,88
6054,0.0019003425035907635,4.457116,13.014487,430
6055,0.001140205502154458,4.49872,12.463256,258
6056,0.006160645232570987,1.8341675,7.6467805,1394
6057,0.014005082311346813,1.5208533,7.6476874,3169
6058,0.0015025963981880456,4.817742,15.424723,340
6059,0.0010739144845873384,6.779209,20.418295,243
6060,0.003318970279527124,2.0392518,9.844723,751
6061,0.02529223290244172,1.7158673,7.2481103,5723
6062,0.0034250359076345156,1.9005524,7.0574474,775
6063,0.0010915920892719036,4.770783,17.160864,247
6064,0.006386034692299193,1.8806657,8.4110775,1445
6065,0.0019577947188156005,2.6400852,11.0337105,443
6066,0.0010297204728759253,5.454492,18.748146,233
6067,0.00043752071594298973,7.966518,20.736689,99
6068,0.0013169815490001104,4.6944146,16.708029,298
6069,0.0018252126836813612,2.481249,11.071496,413
6070,0.02823113468125069,2.8408985,10.04411,6388
6071,0.0010783338857584797,3.948695,10.195566,244
6072,0.0015998232239531544,4.1404457,13.741442,362
6073,0.002620704894486797,2.73862,9.340762,593
6074,0.0016528560380068501,3.1313367,12.679815,374
6075,0.0102485913158767,1.9461586,10.325216,2319
6076,0.01858358192464921,2.1916225,7.888167,4205
6077,0.0016528560380068501,6.1566534,17.76032,374
6078,0.0014716605899900564,3.7329106,13.731721,333
6079,0.004998342724560822,1.8493423,7.2795343,1131
6080,0.0038272014142083748,2.5625198,10.203186,866
6081,0.0005391669428792398,6.680474,19.157608,122
6082,0.0016837918462048393,3.510991,13.666482,381
6083,0.0032659374654734285,1.5075194,7.4189553,739
6084,0.0007512981990940228,6.0068045,15.343096,170
6085,0.0010341398740470666,1.9239478,14.195147,234
6086,0.0016616948403491327,2.2491412,7.7589793,376
6087,0.003787426803668103,3.4144685,8.7149105,857
6088,0.0009501712517953817,3.0957549,10.1906185,215
6089,0.0014230471771075018,4.7251134,14.2182865,322
6090,0.0012727875372886973,4.4546227,13.616053,288
6091,0.0011136890951276102,6.347147,15.521498,252
6092,0.0030670644127720696,2.4535902,9.428666,694
6093,0.003314550878355983,2.1298382,9.035861,750
6094,0.0012860457408021212,3.9986641,13.307843,291
6095,0.0012064965197215777,4.0226393,13.769179,273
6096,0.0017147276544028285,2.006964,12.404282,388
6097,0.0037830074024969617,2.5344155,10.416727,856
6098,0.0011225278974698928,2.4430108,10.15866,254
6099,0.002510219865208264,2.0057719,7.936315,568
6100,0.0016042426251242957,2.4626932,10.303518,363
6101,0.0003756490995470114,11.087242,23.112017,85
6102,0.0006761683791846204,4.4038444,13.06681,153
6103,0.0018207932825102199,2.7925677,12.206166,412
6104,0.0006319743674732073,10.542793,24.064102,143
6105,0.0004684565241409789,3.3423712,15.254892,106
6106,0.001878245497735057,3.811376,10.382934,425
6107,0.002930062976466689,2.6453862,8.646407,663
6108,0.0018826648989061982,1.7004927,5.3357806,426
6109,0.001325820351342393,2.5728958,10.067685,300
6110,0.0008617832283725555,5.9138393,14.367173,195
6111,0.0004331013147718484,10.537179,25.158077,98
6112,0.0006584907745000552,7.4150524,18.089039,149
6113,0.0025323168710639707,2.4122345,11.163232,573
6114,0.002620704894486797,2.1627166,8.351336,593
6115,0.010394431554524361,1.5377935,7.5022407,2352
6116,0.02050160203292454,2.0793211,8.342224,4639
6117,0.003672522373218429,2.5619643,10.024076,831
6118,0.0025411556734062533,1.4342346,6.6690793,575
6119,0.006523036128604574,2.1044455,13.582303,1476
6120,0.002236216992597503,2.2717845,9.41995,506
6121,0.0003535520936913048,10.172408,23.700571,80
6122,0.014036018119544802,1.8451384,8.510058,3176
6123,0.005064633742127941,2.09086,9.329923,1146
6124,0.0013214009501712517,4.427746,12.110106,299
6125,0.0005170699370235333,2.6228917,15.059041,117
6126,0.00015909844216108716,4.7392883,31.395695,36
6127,0.003128936029168048,2.3100567,8.730102,708
6128,0.004233786321953375,1.8604147,12.180296,958
6129,0.002505800464037123,3.3228889,10.524815,567
6130,0.0023732184289028836,1.5249152,7.7699857,537
6131,0.002267152800795492,2.2634122,10.185779,513
6132,0.013638272014142083,1.3958225,7.1236362,3086
6133,0.00101204286819136,3.9513338,10.833889,229
6134,0.001750082863771959,2.7497604,11.603983,396
6135,0.0007292011932383163,3.9193847,14.299803,165
6136,0.0007999116119765772,3.6994696,11.01818,181
6137,0.014747541708098553,1.6653796,9.852493,3337
6138,0.0014981769970169043,3.40923,11.823922,339
6139,0.001966633521157883,2.2526793,9.753035,445
6140,0.08443265937465473,4.464661,14.386174,19105
6141,0.011406474422715722,2.1135266,9.551372,2581
6142,0.0007778146061208707,5.8315616,15.693832,176
6143,0.0013302397525135343,3.8671224,10.375929,301
6144,0.0010208816705336427,5.189831,10.372556,231
6145,0.0004949729311678268,7.928732,17.89201,112
6146,0.012559938128383604,1.6190124,9.3456745,2842
6147,0.0014274665782786434,2.791636,10.467568,323
6148,0.003190807645564026,2.2699234,10.204252,722
6149,0.003504585128715059,2.7531495,13.580733,793
6150,2.209700585570655e-05,0.48928878,0.76978946,5
6151,0.0011490443044967406,2.1172578,9.549035,260
6152,0.01335543033918904,1.9497707,6.9596486,3022
6153,0.000768975803778588,7.3809958,17.3454,174
6154,0.0014628217876477738,3.4850078,13.771654,331
6155,0.011216440172356646,1.7617471,7.4955473,2538
6156,0.001621920229808861,3.4315062,13.396679,367
6157,0.0018605678930504917,4.2042184,15.942555,421
6158,0.0009457518506242404,5.747928,17.160006,214
6159,0.0005303281405369572,3.6270435,10.771387,120
6160,0.0006584907745000552,5.930661,18.567091,149
6161,0.0028637719588995693,1.7356112,8.133997,648
6162,0.0007954922108054359,4.564918,12.458548,180
6163,0.0015512098110706,3.9892426,11.412676,351
6164,0.0016395978344934262,3.8357706,14.653979,371
6165,0.002625124295657938,2.813305,10.323013,594
6166,0.001493757595845763,4.9456663,14.044273,338
6167,0.0066821345707656615,2.1701767,10.63677,1512
6168,0.0007292011932383163,3.3322432,13.754708,165
6169,0.0006629101756711965,7.4887114,19.310629,150
6170,0.0007999116119765772,4.1293325,19.842962,181
6171,0.002209700585570655,2.2178237,8.50377,500
6172,0.0008043310131477185,5.6189966,17.212692,182
6173,0.0017324052590873937,4.6899314,12.085896,392
6174,0.002435090045298862,2.0776544,8.340893,551
6175,0.0019489559164733179,2.7158523,9.860239,441
6176,0.005815931941221965,2.2912931,9.621229,1316
6177,0.0008485250248591316,4.1578546,10.978607,192
6178,0.002890288365926417,0.95197207,4.597929,654
6179,0.0003623908960335875,6.326759,17.874968,82
6180,0.0012020771185504364,2.809695,12.695029,272
6181,0.000897138437741686,4.486554,12.389196,203
6182,0.0032217434537620154,2.4168022,14.351475,729
6183,0.001126947298641034,4.0428004,16.762278,255
6184,0.000839686222516849,5.2698083,15.377691,190
6185,0.0024129930394431553,2.833634,9.912852,546
6186,0.0003402938901778809,8.982939,18.427233,77
6187,0.005590542481493758,4.3090487,11.06984,1265
6188,0.0018826648989061982,4.3246245,12.293163,426
6189,0.0017456634626008176,3.2509599,10.158347,395
6190,0.027638934924317755,1.1930976,4.663589,6254
6191,0.0016970500497182632,3.743605,16.046469,384
6192,0.0008529444260302729,4.601919,20.216665,193
6193,0.004043752071594299,3.035763,7.8755183,915
6194,0.0008485250248591316,4.634963,14.420774,192
6195,0.006500939122748867,1.6717311,6.9062505,1471
6196,0.008189150370124848,1.5713805,6.0826077,1853
6197,0.007548337200309358,3.4740105,9.419098,1708
6198,0.0011932383162081537,3.1847925,9.238235,270
6199,0.0015733068169263066,4.807815,16.423912,356
6200,0.0010429786763893492,5.1634097,16.05327,236
6201,0.0026030272898022316,2.578452,10.424486,589
6202,0.006297646668876367,29.117083,43.741123,1425
6203,0.003014031598718374,2.5423782,9.354091,682
6204,0.0005966191581040769,5.5400615,13.469508,135
6205,0.011136890951276101,2.309311,9.627157,2520
6206,0.0015600486134128826,3.4638963,12.499708,353
6207,0.001993149928184731,4.1312146,14.197566,451
6208,0.0009015578389128273,5.2546706,17.827883,204
6209,0.0020992155562921224,2.2885752,10.703936,475
6210,0.004083526682134571,0.634677,2.0432045,924
6211,0.003318970279527124,3.0530603,10.980722,751
6212,0.000768975803778588,4.3993883,14.743378,174
6213,0.002607446690973373,2.6565595,11.393411,590
6214,0.0014142083747652192,2.6911569,9.370997,320
6215,0.0012772069384598386,2.8886073,12.833015,289
6216,0.006523036128604574,1.938699,8.3956,1476
6217,0.0008617832283725555,3.630739,15.016447,195
6218,0.00539608882996354,1.6585896,7.6922317,1221
6219,0.028991271682686996,3.2630525,10.624826,6560
6220,0.0012595293337752734,2.18285,7.968665,285
6221,0.0018119544801679373,2.416886,8.972458,410
6222,0.0019489559164733179,1.8687828,9.101928,441
6223,0.0005435863440503812,5.607372,17.582495,123
6224,0.010076234670202187,1.6628933,6.0348606,2280
6225,0.0008617832283725555,3.6045904,17.152576,195
6226,0.0006010385592752182,5.1062455,16.62262,136
6227,0.019776820240857362,2.8673818,9.87867,4475
6228,0.0018738260965639156,2.4817562,9.694156,424
6229,0.0008529444260302729,4.431727,17.978376,193
6230,0.012705778367031267,1.5007792,6.104297,2875
6231,0.020802121312562146,1.7234062,5.645608,4707
6232,0.003230582256104298,2.1375365,8.783765,731
6233,0.001608662026295437,4.1631904,11.17293,364
6234,0.016347364932051706,2.1557477,8.40185,3699
6235,0.025314329908297427,4.583514,14.908186,5728
6236,0.0018915037012484808,3.2087715,17.368685,428
6237,0.0010606562810739145,3.548216,11.727678,240
6238,0.00138327256656723,3.6845605,12.26742,313
6239,0.0019754723235001657,3.9762397,11.649174,447
6240,0.0014893381946746217,3.6068127,18.04831,337
6241,0.0015202740028726108,5.4461594,15.723185,344
6242,0.003243840459617722,1.9097798,7.9854317,734
6243,0.0037830074024969617,2.1800985,7.5194592,856
6244,0.0015556292122417413,3.3732235,12.350051,352
6245,0.011388796818031156,1.3285422,5.959886,2577
6246,0.0048569218870843,1.9754679,11.056167,1099
6247,0.005188376974919898,5.5900154,11.972918,1174
6248,0.0012506905314329908,3.2242293,12.290617,283
6249,0.0008706220307148382,5.324337,16.089397,197
6250,0.0007424593967517402,6.045074,17.177319,168
6251,0.001409788973594078,3.966146,13.9131775,319
6252,0.0011843995138658711,3.4579227,10.829325,268
6253,0.0025013810628659815,3.444702,11.01239,566
6254,0.0014407247817920673,3.9268432,22.807352,326
6255,0.0038934924317754944,2.7173584,9.606162,881
6256,0.0013037233454866865,3.4083443,10.194934,295
6257,0.003871395425919788,3.7893999,12.44695,876
6258,0.00448569218870843,1.9420236,13.103697,1015
6259,0.0011048502927853276,5.564999,13.190507,250
6260,0.00991271682686996,2.1157658,11.295881,2243
6261,0.0019445365153021765,2.8539188,13.0517845,440
6262,0.0019622141199867418,2.170062,9.634073,444
6263,0.004905535299966854,1.7374054,7.12545,1110
6264,0.0016351784333222849,4.794005,14.610039,370
6265,0.0005656833499060877,2.1275015,9.177453,128
6266,0.0006363937686443487,6.3618712,20.678034,144
6267,0.0013700143630538061,3.104179,14.114766,310
6268,0.000512650535852392,3.1742146,26.602262,116
6269,0.0023864766324163075,3.4722981,18.93132,540
6270,0.0012506905314329908,2.6607282,19.104717,283
6271,0.0018915037012484808,3.99241,12.193635,428
6272,0.0020329245387250027,2.6648896,12.041257,460
6273,0.009227709645343056,1.6061733,6.1701865,2088
6274,0.0021610871726881007,2.8331778,9.452564,489
6275,0.0018340514860236438,4.875859,18.034416,415
6276,0.0015733068169263066,3.332445,15.72572,356
6277,0.00033145508783559825,2.8139355,14.186776,75
6278,0.00029168047729532647,3.4824831,17.135017,66
6279,0.005135344160866202,1.8643152,7.074447,1162
6280,0.0009369130482819578,4.948448,14.3605795,212
6281,0.00044194011711413104,5.343086,15.158447,100
6282,0.0012595293337752734,4.37092,14.477444,285
6283,0.0007071041873826096,3.8973935,11.705248,160
6284,0.0014230471771075018,3.1794126,15.280614,322
6285,0.0017589216661142416,3.7668993,14.270606,398
6286,0.00144956358413435,5.115173,14.371018,328
6287,0.0008352668213457077,1.6346779,8.250524,189
6288,0.002081537951607557,3.1458454,14.362416,471
6289,0.0014539829853054912,4.652712,14.705025,329
6290,0.0015733068169263066,3.7991393,12.086953,356
6291,0.0033366478842116894,3.331174,11.020243,755
6292,0.005979449784554193,1.9161059,6.2082157,1353
6293,0.0017633410672853829,4.555769,13.324934,399
6294,0.0011843995138658711,3.1815104,13.840368,268
6295,0.0008087504143188598,4.0293,12.447261,183
6296,0.0005745221522483703,5.8514,19.541561,130
6297,0.00688100762346702,1.814254,7.9705415,1557
6298,0.002081537951607557,4.1717772,12.4159975,471
6299,0.0007159429897248923,5.8969536,19.806149,162
6300,0.0029389017788089716,2.2187228,15.08566,665
6301,0.0010650756822450558,4.302959,16.726315,241
6302,0.0011755607115235885,3.5510566,9.768705,266
6303,0.0019710529223290244,2.4411857,14.00785,446
6304,0.0025323168710639707,2.7101376,9.288898,573
6305,0.010390012153353221,2.1669862,7.867171,2351
6306,0.0009369130482819578,4.3020687,15.210235,212
6307,0.001153463705667882,4.5382214,16.306812,261
6308,0.0024748646558391337,3.334311,12.437581,560
6309,0.0017589216661142416,3.0270247,9.877855,398
6310,0.002748867528449895,4.135082,13.607574,622
6311,0.0013302397525135343,5.011778,15.643561,301
6312,0.012732294774058114,1.4135587,7.0303493,2881
6313,0.001993149928184731,2.373643,16.005566,451
6314,0.0017765992707988068,4.3475304,14.406627,402
6315,0.0023290244171914705,3.4645567,11.346441,527
6316,0.012661584355319853,6.604204,14.24072,2865
6317,0.0010341398740470666,3.4503822,13.382826,234
6318,0.008144956358413434,2.2476242,10.24254,1843
6319,0.01160092807424594,2.0729105,8.683513,2625
6320,0.002006408131698155,2.5163836,9.065012,454
6321,0.0018605678930504917,1.9959296,8.081264,421
6322,0.001069495083416197,4.991268,21.086483,242
6323,0.001564468014584024,1.7125272,9.110324,354
6324,0.004229366920782234,2.069977,7.4695387,957
6325,0.0011755607115235885,3.4674191,13.531281,266
6326,0.013788531653960889,1.6726191,5.7580233,3120
6327,0.0020550215445807093,2.548361,9.569049,465
6328,0.001608662026295437,1.5754641,6.3797736,364
6329,0.0022715722019666334,3.481909,11.821382,514
6330,0.0014849187935034804,2.1636367,11.31747,336
6331,0.0008441056236879903,5.440436,15.863359,191
6332,0.0018163738813390786,2.8920026,10.591379,411
6333,0.00782675947409126,2.8367922,10.018113,1771
6334,0.002068279748094133,1.8601915,10.360978,468
6335,0.0014318859794497847,3.6028771,16.860441,324
6336,0.002390896033587449,2.004564,8.070712,541
6337,0.0013346591536846756,4.179602,11.936616,302
6338,0.0004993923323389681,2.2223094,6.125346,113
6339,0.0014053695724229366,3.0530765,13.432255,318
6340,0.0016130814274665783,4.7638106,14.484619,365
6341,0.001993149928184731,2.044361,13.240166,451
6342,0.0010518174787316318,4.370837,12.840521,238
6343,0.0011932383162081537,3.4275541,12.398122,270
6344,0.0013567561595403822,4.2428675,11.759777,307
6345,0.0012197547232350016,3.4966736,12.112216,276
6346,0.0034073583029499504,2.3537025,10.347823,771
6347,0.001312562147828969,3.2936819,11.779754,297
6348,0.039712738923875814,1.7438079,11.464301,8986
6349,0.0029389017788089716,2.111545,8.344362,665
6350,0.011618605678930504,2.6344037,9.853226,2629
6351,0.0006761683791846204,8.711732,18.731632,153
6352,0.010478400176776047,2.136925,7.980487,2371
6353,0.014460280631974368,1.7563264,5.298109,3272
6354,0.001692630648547122,5.9201083,13.948942,383
6355,0.001396530770080654,3.854898,14.466724,316
6356,0.004675726439067506,2.9039757,9.0022,1058
6357,0.004410562368799028,1.7906736,9.113536,998
6358,0.0007601370014363054,6.5551367,16.250084,172
6359,0.0022980886089934813,2.4546192,8.658044,520
6360,0.0062401944536515305,2.7211199,8.951407,1412
6361,0.0010429786763893492,8.272331,24.245897,236
6362,0.008277538393547675,1.7641907,7.4937897,1873
6363,0.0010783338857584797,4.592705,13.422729,244
6364,0.0012285935255772842,4.6088667,17.543505,278
6365,0.0011932383162081537,7.336418,16.376926,270
6366,0.0015777262180974479,4.193242,14.85526,357
6367,0.0022583139984532095,3.063024,11.582945,511
6368,0.001692630648547122,3.1840274,8.825392,383
6369,0.0010076234670202187,6.869587,17.225695,228
6370,0.0019975693293558723,3.4866865,12.057628,452
6371,0.0020992155562921224,4.2946987,11.623406,475
6372,0.003314550878355983,2.348391,9.094421,750
6373,0.0013214009501712517,2.683714,7.29659,299
6374,0.0019445365153021765,3.5618246,12.2642145,440
6375,0.0024306706441277206,1.5108414,7.4418206,550
6376,0.0008882996353994034,8.629547,13.95103,201
6377,0.005259087393658159,2.245452,9.562739,1190
6378,0.0008441056236879903,2.592931,16.58115,191
6379,0.0003668102972047288,1.5682923,8.4304495,83
6380,0.000782234007292012,6.0868773,14.623689,177
6381,0.002262733399624351,2.0565255,10.015186,512
6382,0.0017412440614296763,3.0836713,11.8046665,394
6383,0.0010032040658490774,3.4168682,12.336934,227
6384,0.001953375317644459,2.3954449,7.0941877,442
6385,0.0005921997569329356,10.089446,22.40717,134
6386,0.001436305380620926,4.5837574,12.11988,325
6387,0.008056568334990608,2.0002449,9.379204,1823
6388,0.0013434979560269583,5.3157344,19.144896,304
6389,0.024810518174787317,4.6821723,11.037909,5614
6390,0.004057010275107723,2.5937781,11.27258,918
6391,0.004021655065738592,1.7622496,6.6712637,910
6392,0.03746768312893603,5.2253776,11.748355,8478
6393,0.007185946304275771,1.7393926,6.6444426,1626
6394,0.0014142083747652192,3.8978631,11.720227,320
6395,0.0014539829853054912,3.4552188,9.757777,329
6396,0.005904319964644791,1.9792476,9.729171,1336
6397,0.0016351784333222849,3.8680067,13.127838,370
6398,0.0017324052590873937,3.2896993,9.932821,392
6399,0.009112805214893382,1.9436493,6.3616686,2062
6400,0.0017147276544028285,1.7870159,11.097228,388
6401,0.0008706220307148382,4.6687474,13.474387,197
6402,0.0006805877803557617,4.664815,14.40937,154
6403,0.0009722682576510883,6.5208573,17.6767,220
6404,0.0011843995138658711,3.742951,17.944464,268
6405,0.0012506905314329908,4.5488763,11.184831,283
6406,0.001595403822782013,3.6741493,11.252636,361
6407,0.009956910838581372,1.9352034,9.02226,2253
6408,0.0014451441829632086,4.181954,19.490671,327
6409,0.000782234007292012,6.284874,15.114755,177
6410,0.012542260523699039,1.5323648,6.232677,2838
6411,0.0018870843000773395,4.403287,14.987944,427
6412,0.0008352668213457077,3.770633,14.6029625,189
6413,0.004264722130151365,1.9894552,10.462038,965
6414,0.0006363937686443487,5.5988665,17.205238,144
6415,0.0029256435752955477,3.3456235,9.06233,662
6416,0.0009634294553088057,5.85018,15.604723,218
6417,0.011371119213346591,2.5070815,8.95555,2573
6418,0.00839686222516849,1.6239796,7.370198,1900
6419,0.014681250690531432,2.2047353,8.379407,3322
6420,0.0017058888520605458,2.7712984,17.105421,386
6421,0.0012506905314329908,3.6867192,12.117844,283
6422,0.0012639487349464147,1.8354628,9.585332,286
6423,0.0010032040658490774,5.3192544,12.987959,227
6424,0.009068611203181969,1.6457628,7.4196854,2052
6425,0.0021036349574632637,3.2485697,11.390986,476
6426,0.0032217434537620154,1.6371768,6.238767,729
6427,0.0011446249033255993,3.9486957,13.562755,259
6428,0.0025720914816042425,1.7550818,8.444275,582
6429,0.004052590873936582,2.5483763,12.695744,917
6430,0.0009987846646779361,4.4613104,14.805517,226
6431,0.006319743674732074,3.2528539,8.704611,1430
6432,0.0009811070599933709,6.506393,16.599518,222
6433,0.0063595182852723454,29.693819,44.507366,1439
6434,0.0004949729311678268,12.189145,25.849808,112
6435,0.010469561374433764,1.8984578,7.1602206,2369
6436,0.0014142083747652192,4.372826,16.615095,320
6437,0.006748425588332781,2.2431042,7.876207,1527
6438,0.0004154237100872832,9.482683,21.20131,94
6439,0.000570102751077229,9.743234,17.429949,129
6440,0.0006850071815269031,3.1220753,12.855738,155
6441,0.0011092696939564689,3.664124,13.912447,251
6442,0.005630317092034029,2.6805062,9.150467,1274
6443,0.0006098773616175008,7.825666,23.715467,138
6444,0.0008220086178322838,9.071786,17.019377,186
6445,0.002748867528449895,2.824059,10.380351,622
6446,0.006213678046624683,1.9914373,7.2981744,1406
6447,0.005444702242846094,3.150935,8.671353,1232
6448,0.0031642912385371784,3.455829,13.874024,716
6449,0.004021655065738592,2.2354589,9.968714,910
6450,0.0008529444260302729,2.9853318,10.139069,193
6451,0.001038559275218208,4.311792,12.684859,235
6452,0.000313777483151033,11.548743,22.681273,71
6453,0.002324605016020329,2.0535998,7.457322,526
6454,0.0003491326925201635,9.687096,24.101841,79
6455,0.011857253342172136,1.8164157,8.373264,2683
6456,0.0012197547232350016,3.6805341,15.540122,276
6457,0.008379184620483924,2.0629723,8.649802,1896
6458,0.0022185393879129377,2.6538856,15.013014,502
6459,0.0008882996353994034,4.7557926,15.808131,201
6460,0.0005789415534195116,3.0148854,10.508762,131
6461,0.002960998784664678,3.6494446,11.879882,670
6462,0.0016175008286377197,2.1731305,10.982654,366
6463,0.0031554524361948957,2.7490888,10.890399,714
6464,0.0020285051375538614,2.448076,9.39772,459
6465,0.0008485250248591316,6.470036,18.780622,192
6466,0.0014053695724229366,3.809224,9.537835,318
6467,0.006050160203292454,6.680063,16.293055,1369
6468,0.009050933598497403,2.803392,9.591015,2048
6469,0.0019445365153021765,4.3830647,18.29049,440
6470,0.0009324936471108165,4.018473,17.86697,211
6471,0.0017721798696276655,4.6751156,14.471424,401
6472,0.0011667219091813059,4.456243,14.381426,264
6473,0.0009766876588222296,3.812465,9.6095295,221
6474,0.0011799801126947298,3.3793135,16.091309,267
6475,0.0009943652635067948,4.0290666,19.768013,225
6476,0.0008175892166611424,6.9796557,21.346676,185
6477,0.0014009501712517953,4.4164233,13.907552,317
6478,0.005351894818252127,5.9161463,13.597427,1211
6479,0.0014981769970169043,3.2941082,12.957273,339
6480,0.00839686222516849,1.4193486,7.6867557,1900
6481,0.002165506573859242,2.7915623,10.659943,490
6482,0.007322947740581151,2.078197,8.487236,1657
6483,0.010968953706772732,2.437279,10.143371,2482
6484,0.001537951607557176,3.5520155,14.2070875,348
6485,0.001409788973594078,3.7313828,16.263062,319
6486,0.0009192354435973926,3.671958,14.368183,208
6487,0.013297978123964204,1.3452216,5.7098823,3009
6488,0.0038846536294332118,1.7000666,7.5071616,879
6489,0.22580046403712298,2.9384658,11.851493,51093
6490,0.000384487901889294,7.7380147,22.343216,87
6491,0.0011446249033255993,4.282859,16.431719,259
6492,0.0029079659706109824,2.150444,10.518525,658
6493,0.002819577947188156,2.0166774,9.2478,638
6494,0.0013921113689095127,4.762785,20.989843,315
6495,0.0013700143630538061,3.8080993,12.219318,310
6496,0.0012020771185504364,6.168022,17.345259,272
6497,0.0011181084962987515,5.6452527,14.234736,253
6498,0.001038559275218208,5.426579,15.653599,235
6499,0.002209700585570655,3.767091,14.929524,500
6500,0.006182742238426693,3.5111942,13.099792,1399
6501,0.007119655286708651,2.2152636,10.268369,1611
6502,0.002037343939896144,3.6516428,10.131735,461
6503,0.0018826648989061982,4.1159368,10.882503,426
6504,0.00937354988399072,3.0193222,11.691773,2121
6505,0.0031687106397083197,2.646893,14.639083,717
6506,0.0012418517290907081,4.4258633,11.996472,281
6507,0.0022759916031377747,3.1799042,11.855741,515
6508,0.026604795050270687,1.6909821,9.268706,6020
6509,0.0011225278974698928,3.6394703,17.94539,254
6510,0.0024262512429565793,2.6834745,15.073176,549
6511,0.0032968732736714176,1.3034946,6.641739,746
6512,0.0030935808197989174,3.332396,9.021219,700
6513,0.001312562147828969,3.894152,15.203292,297
6514,0.0004640371229698376,7.8695135,19.698742,105
6515,0.002682576510882775,2.8054883,10.720978,607
6516,0.000570102751077229,4.547322,12.119546,129
6517,0.001564468014584024,3.0982547,8.05774,354
6518,0.0016175008286377197,4.434942,13.757581,366
6519,0.014645895481162302,2.1401641,10.783039,3314
6520,0.0479593415092255,3.0409684,12.78282,10852
6521,0.00045519832062755497,13.627221,28.292034,103
6522,0.0015158546017014695,4.1309485,12.220557,343
6523,0.015746326372776488,1.9125783,8.359187,3563
6524,0.0007424593967517402,6.111289,18.07136,168
6525,0.007800243067064413,2.6675525,9.529353,1765
6526,0.0019180201082753287,6.1220512,16.510769,434
6527,0.0011357861009833167,4.6151543,11.030223,257
6528,0.005312120207711855,1.8371822,8.2492285,1202
6529,0.0021699259750303833,2.4875093,12.081801,491
6530,0.002974256988178102,2.5142016,11.879284,673
6531,0.006951718042205281,1.505837,5.874772,1573
6532,0.0012330129267484255,4.377512,15.562888,279
6533,0.0013479173571980996,3.666735,13.277361,305
6534,0.006209258645453541,33.94752,52.1689,1405
6535,0.011406474422715722,1.6246408,7.521601,2581
6536,0.002448348248812286,3.0315812,11.537512,554
6537,0.000897138437741686,4.9614363,12.431021,203
6538,0.001878245497735057,3.2125401,16.828209,425
6539,0.00039332670423157664,0.91933656,3.1079717,89
6540,0.0015158546017014695,4.6167617,16.441532,343
6541,0.002382057231245166,2.5259573,13.708053,539
6542,0.00027400287261076123,6.3528423,16.89449,62
6543,0.0011357861009833167,3.1327872,14.410143,257
6544,0.0014186277759363605,3.76547,17.515036,321
6545,0.0005745221522483703,7.55445,16.283815,130
6546,0.007088719478510662,2.0546181,9.99223,1604
6547,0.0005745221522483703,5.244777,17.931105,130
6548,0.0014849187935034804,4.314466,15.03161,336
6549,0.0014760799911611978,3.8342981,11.602907,334
6550,0.0008264280190034251,2.3438134,12.96806,187
6551,0.0012993039443155452,3.3166013,15.228488,294
6552,0.0010871726881007623,5.7412353,14.269027,246
6553,0.006850071815269031,2.0525434,9.273133,1550
6554,0.001953375317644459,3.8564146,12.722604,442
6555,0.0016484366368357088,4.4859133,14.5803385,373
6556,0.0010208816705336427,3.2770622,14.592002,231
6557,0.0008175892166611424,2.7534873,16.083035,185
6558,0.0020285051375538614,2.686051,8.302595,459
6559,0.0007203623908960336,7.670411,19.765224,163
6560,0.008675284498950392,3.0163746,11.326004,1963
6561,0.0033543254888962547,1.4175639,6.8092566,759
6562,0.007574853607336206,1.6478248,5.803765,1714
6563,0.0022273781902552203,2.7513607,11.513052,504
6564,0.0019401171141310352,2.6375608,10.77947,439
6565,0.00022097005855706552,4.5282965,20.72485,50
6566,0.004454756380510441,1.5831006,6.171084,1008
6567,0.0004905535299966854,3.0872808,17.766409,111
6568,0.0019047619047619048,0.9893162,7.005498,431
6569,0.006019224395094465,3.1181998,11.193702,1362
6570,0.0029256435752955477,2.1405313,9.636889,662
6571,0.0008087504143188598,5.93467,16.333815,183
6572,0.0009148160424262513,4.8821683,18.258327,207
6573,0.0012506905314329908,2.6469693,10.009563,283
6574,0.00101204286819136,5.300356,14.028126,229
6575,0.0013081427466578278,3.6329424,12.889211,296
6576,0.0014539829853054912,3.5331573,14.194845,329
6577,0.001140205502154458,3.9412851,11.469363,258
6578,0.014849187935034803,1.5504503,6.541152,3360
6579,0.002823997348359297,2.741854,12.096625,639
6580,0.0013081427466578278,5.20388,11.406634,296
6581,0.006925201635178433,2.0046384,7.1068997,1567
6582,0.0009148160424262513,5.516075,18.76253,207
6583,0.002806319743674732,2.0120041,8.263811,635
6584,0.00011048502927853276,5.88798,18.033585,25
6585,0.002466025853496851,3.1068213,15.063363,558
6586,0.0013037233454866865,2.8228009,9.48412,295
6587,0.03829411114793945,4.945758,14.06669,8665
6588,0.001096011490443045,4.858621,18.0073,248
6589,0.015299966854491217,2.150983,10.305261,3462
6590,0.00913932162192023,2.354648,9.272384,2068
6591,0.0009987846646779361,4.8282475,20.781656,226
6592,0.007512981990940228,2.2134562,7.6435857,1700
6593,0.0005214893381946746,8.894024,19.154726,118
6594,0.027939454203955365,0.9920147,5.0379796,6322
6595,0.0014672411888189151,3.7280338,16.474876,332
6596,0.0017014694508894045,2.9787526,9.578666,385
6597,0.002236216992597503,2.4863183,9.57148,506
6598,0.0032261628549331567,2.517321,17.612217,730
6599,0.0019887305270135896,2.3834012,14.514715,450
6600,0.00256325267926196,4.321863,13.4218,580
6601,0.007773726660037565,1.547226,7.045199,1759
6602,0.0029344823776378303,1.7866518,7.0249176,664
6603,0.0007071041873826096,9.322069,25.8418,160
6604,0.0015025963981880456,3.947483,11.851047,340
6605,0.002351121423047177,2.6303282,8.753861,532
6606,0.001794276875483372,5.875828,21.62693,406
6607,0.001312562147828969,3.7086058,11.329092,297
6608,0.0004154237100872832,4.0195875,18.168056,94
6609,0.005343056015909844,2.1446626,7.9655232,1209
6610,0.001140205502154458,3.8191404,16.576027,258
6611,0.0021124737598055463,2.96076,9.095168,478
6612,0.005877803557617943,1.5486922,6.9886756,1330
6613,0.0012285935255772842,4.1105604,14.596226,278
6614,0.0015335322063860348,3.7441568,13.390839,347
6615,0.0009324936471108165,3.5999649,11.307533,211
6616,0.013169815490001105,1.4829233,6.4688835,2980
6617,0.036495414871284944,1.6794151,5.8806434,8258
6618,0.006518616727433433,2.0745416,9.978674,1475
6619,0.0013876919677383714,4.3808594,15.967394,314
6620,0.0008131698154900011,3.639503,11.3837805,184
6621,0.0003668102972047288,9.194521,20.922676,83
6622,0.000724781792067175,4.4746776,15.168171,164
6623,0.000724781792067175,2.1386993,12.207187,164
6624,0.0008043310131477185,5.713677,16.391169,182
6625,0.006752844989503922,2.760825,9.696832,1528
6626,0.0003535520936913048,2.5286968,11.089982,80
6627,0.018159319412219644,2.159658,7.713029,4109
6628,0.0004993923323389681,5.838413,16.703491,113
6629,0.0016572754391779914,2.145506,11.640997,375
6630,0.0018163738813390786,3.1523588,14.485223,411
6631,0.001153463705667882,5.340087,15.608743,261
6632,0.002408573638272014,2.7377543,13.67494,545
6633,0.0022450557949397856,1.2070553,21.920588,508
6634,0.002364379626560601,2.407409,9.210556,535
6635,0.006492100320406585,2.5570376,9.699576,1469
6636,0.0022185393879129377,4.3927507,12.304365,502
6637,0.0005214893381946746,4.6279073,14.465293,118
6638,0.001851729090708209,1.9161531,9.553317,419
6639,0.0013655949618826648,3.8746655,11.19941,309
6640,0.001224174124406143,3.6061928,15.571285,277
6641,0.0026869959120539165,1.6595292,7.733062,608
6642,0.009382388686333001,2.4619615,9.724535,2123
6643,0.0016130814274665783,2.8618822,11.810244,365
6644,0.003800685007181527,2.2838986,8.484919,860
6645,0.0010915920892719036,2.0703495,11.541143,247
6646,0.002068279748094133,3.4565146,16.064789,468
6647,0.0012285935255772842,4.458663,17.547537,278
6648,0.0012153353220638603,3.908768,16.568527,275
6649,0.001255109932604132,2.8322449,10.602386,284
6650,0.0028549331565572867,1.6884224,11.080814,646
6651,0.004927632305822561,2.1385496,7.827135,1115
6652,0.002987515191691526,2.227407,7.658677,676
6653,0.0007115235885537509,6.299726,15.245278,161
6654,0.004967406916362833,1.3871366,5.186828,1124
6655,0.009095127610208817,1.6697586,10.481832,2058
6656,0.0012330129267484255,3.5095732,13.261165,279
6657,0.00038890730306043533,9.098893,21.193682,88
6658,0.0013611755607115235,5.876798,15.285143,308
6659,0.0015777262180974479,3.741429,10.205311,357
6660,0.0006584907745000552,7.21502,18.646772,149
6661,0.020996574964092365,2.4014144,9.166634,4751
6662,0.0032836150701579937,2.375914,11.484994,743
6663,0.0014009501712517953,4.1017303,12.244115,317
6664,0.003389680698265385,2.160319,7.941316,767
6665,0.004976245718705115,2.6281734,11.382704,1126
6666,0.0007380399955805989,5.70495,21.093575,167
6667,0.0017191470555739698,3.1228237,14.2701235,389
6668,0.0009855264611645122,2.5207853,9.669196,223
6669,0.0015202740028726108,6.6273537,18.789633,344
6670,0.0035797149486244614,2.355673,8.111504,810
6671,0.0042470445254668,1.4096402,6.70571,961
6672,0.0017854380731410894,5.520771,14.27774,404
6673,0.0024262512429565793,2.081142,9.632739,549
6674,0.015927521820793284,2.5170686,7.399203,3604
6675,0.0011711413103524472,3.8731933,16.083467,265
6676,0.09972820682797481,2.665119,9.074237,22566
6677,0.010902662689205613,1.3245115,4.97605,2467
6678,0.0004817147276544028,6.009487,14.723482,109
6679,0.0012330129267484255,3.0816355,9.03795,279
6680,0.0017279858579162524,4.443079,13.7659855,391
6681,0.0014760799911611978,5.0242963,15.615556,334
6682,0.0010650756822450558,4.027183,13.453135,241
6683,0.0008131698154900011,6.3523307,24.383196,184
6684,0.0012064965197215777,4.196934,14.111559,273
6685,0.0015688874157551653,2.8047361,14.177902,355
6686,0.02243729974588443,2.5160491,8.494638,5077
6687,0.0018870843000773395,4.375129,11.909788,427
6688,0.00033145508783559825,0.7409976,2.13617,75
6689,0.04658490774500055,1.1919296,5.4592257,10541
6690,0.005241409788973594,1.772635,7.3450327,1186
6691,0.0004286819136007071,6.91593,16.432947,97
6692,0.001878245497735057,2.7658966,8.67091,425
6693,0.0008794608330571208,3.412705,15.444988,199
6694,0.002947740581151254,2.3555355,7.076509,667
6695,0.0028947077670975585,3.5126507,10.231132,655
6696,0.0007336205944094576,8.113419,23.337929,166
6697,0.0009855264611645122,5.4770603,13.5207,223
6698,0.0010739144845873384,5.574815,17.292465,243
6699,0.0019401171141310352,2.5641217,12.882786,439
6700,0.013306816926306485,2.0407302,8.320137,3011
6701,0.009470776709755827,1.5242808,8.341136,2143
6702,0.0033941000994365264,1.744713,6.474762,768
6703,0.001082753286929621,2.9298356,10.696233,245
6704,0.001153463705667882,5.1102104,12.59676,261
6705,0.007362722351121423,1.5569917,6.6141977,1666
6706,0.0004905535299966854,3.6143594,14.617476,111
6707,0.00637277648878577,1.8750511,8.180932,1442
6708,0.002324605016020329,2.320653,9.647974,526
6709,0.002351121423047177,2.1581664,12.747943,532
6710,0.0022317975914263617,2.159338,7.2240725,505
6711,0.0006761683791846204,4.0692496,13.087281,153
6712,0.0004905535299966854,4.6586323,14.6165285,111
6713,0.0015865650204397305,4.2309866,11.802749,359
6714,0.0016882112473759806,4.8426275,17.361116,382
6715,0.004401723566456745,2.1663072,9.525306,996
6716,0.0009192354435973926,4.679463,20.286863,208
6717,0.0014318859794497847,2.9311032,21.522064,324
6718,0.001666114241520274,3.6347842,14.598827,377
6719,0.0023025080101646226,2.3742366,9.605507,521
6720,0.015286708650977792,1.8489459,8.853389,3459
6721,0.01244945309910507,1.2190347,4.2506695,2817
6722,0.003889073030604353,1.812653,5.947601,880
6723,0.01416860015467904,1.3275803,5.379116,3206
6724,0.0016395978344934262,3.2433224,16.526678,371
6725,0.0013744337642249474,3.779892,15.013966,311
6726,0.0004772953264832615,3.1544552,23.270306,108
6727,0.0014981769970169043,3.8515067,11.258454,339
6728,0.008569218870843,1.6986669,7.1107764,1939
6729,0.0008750414318859795,5.843908,16.767078,198
6730,0.016877693072588663,2.0694017,7.808773,3819
6731,0.004949729311678267,1.945749,10.748073,1120
6732,0.0008352668213457077,4.355587,12.293404,189
6733,0.015211578831068391,2.8898818,11.7375765,3442
6734,0.0010429786763893492,4.680889,16.116173,236
6735,0.012422936692078224,3.5010343,11.120828,2811
6736,0.002081537951607557,3.1981564,10.813536,471
6737,0.0014230471771075018,2.829575,12.169376,322
6738,0.0004949729311678268,2.6608002,13.100987,112
6739,0.015198320627554966,1.363227,9.226897,3439
6740,0.0016705336426914154,3.8335042,11.504533,378
6741,0.04682797480941332,1.5257416,7.5374556,10596
6742,0.0027267705225941883,1.5363101,7.8097224,617
6743,0.009285161860567893,1.8776822,7.2499332,2101
6744,0.005656833499060877,1.5784613,5.603937,1280
6745,0.011698154900011049,1.0398397,5.7546887,2647
6746,0.0004993923323389681,10.316252,24.100208,113
6747,0.0014230471771075018,4.263112,15.466709,322
6748,0.002549994475748536,2.3797133,9.004863,577
6749,0.0015246934040437522,2.7983005,11.277949,345
6750,0.0011578831068390233,3.635385,11.27875,262
6751,0.004370787758258756,0.83695084,3.2024758,989
6752,0.0018031156778256546,3.1970015,12.040883,408
6753,0.0006187161639597834,3.9498668,11.485354,140
6754,0.0020019887305270136,2.7677839,15.04522,453
6755,0.007738371450668435,2.4572282,7.9202523,1751
6756,0.009099547011379957,1.6147183,7.3125267,2059
6757,0.0014893381946746217,3.7940044,14.033285,337
6758,0.016029168047729532,2.0555532,6.342568,3627
6759,0.0011711413103524472,2.6843908,8.563637,265
6760,0.0013037233454866865,3.6897252,11.172629,295
6761,0.00276654513313446,3.3231192,8.592866,626
6762,0.0016440172356645675,2.4129605,12.819685,372
6763,0.0035266821345707657,2.5123942,8.934598,798
6764,0.0021168931609766876,2.5171335,9.090391,479
6765,0.0011313666998121754,4.715439,20.772112,256
6766,0.0009855264611645122,3.9488943,11.510187,223
6767,0.0013214009501712517,2.7276895,10.497707,299
6768,0.0001325820351342393,5.4786754,22.734617,30
6769,0.009391227488675285,1.7660824,7.192221,2125
6770,0.0008750414318859795,5.1139817,15.901635,198
6771,0.0015909844216108718,3.2250233,10.572455,360
6772,0.0009413324494530991,2.8411021,9.413632,213
6773,0.0015246934040437522,4.4003873,14.189969,345
6774,0.0010473980775604905,4.5817256,17.299881,237
6775,0.0014760799911611978,5.182096,16.791601,334
6776,0.002567672080433101,2.4810743,10.786828,581
6777,0.0008441056236879903,5.516006,16.066795,191
6778,0.0009015578389128273,5.959525,15.076527,204
6779,0.0011004308916141862,4.3650165,12.601165,249
6780,0.002987515191691526,3.4213116,10.531884,676
6781,0.0016042426251242957,7.4631944,20.900974,363
6782,0.001153463705667882,4.0581713,12.90918,261
6783,0.011574411667219092,2.2894862,9.104235,2619
6784,0.001025301071704784,4.6070623,16.44906,232
6785,0.0020152469340404375,3.566117,10.001634,456
6786,0.0006805877803557617,5.9858212,13.169593,154
6787,0.0033631642912385373,2.7854297,9.232426,761
6788,0.0005833609545906529,7.6528664,18.49903,132
6789,0.0007557176002651641,7.012418,25.139452,171
6790,0.00219202298088609,1.6297151,9.292021,496
6791,0.0008220086178322838,1.867951,23.163124,186
6792,0.0009236548447685339,3.5039682,18.818266,209
6793,0.00559938128383604,2.3764527,9.682076,1267
6794,0.005466799248701801,2.0812325,10.168141,1237
6795,0.0004640371229698376,5.789891,12.556849,105
6796,0.0019312783117887526,1.9396781,9.123193,437
6797,0.0008794608330571208,4.3550644,18.162476,199
6798,0.003075903215114352,2.4421618,10.769887,696
6799,0.01075682245055795,2.1594818,8.074828,2434
6800,0.0006673295768423378,2.5821543,20.626617,151
6801,0.0014142083747652192,3.681732,10.579796,320
6802,0.003173130040879461,2.3069391,8.282057,718
6803,0.03476742901336869,2.0623982,9.876858,7867
6804,0.0019710529223290244,1.7967933,6.553764,446
6805,0.00023864766324163076,1.9896247,6.4316216,54
6806,0.0005966191581040769,2.3615348,16.661165,135
6807,0.0016263396309800023,3.6644726,13.213621,368
6808,0.0008087504143188598,1.9283463,19.505062,183
6809,0.001909181305933046,3.2420676,9.762795,432
6810,0.004861341288255441,3.174836,10.9626875,1100
6811,0.0034648105181747874,2.0914543,9.21375,784
6812,0.0007026847862114683,7.214994,19.384161,159
6813,0.00549773505689979,2.48174,9.918711,1244
6814,0.002196442382057231,3.1061907,10.292351,497
6815,0.003376422494751961,2.1519673,6.4398212,764
6816,0.0065451331344602804,3.7288222,11.57861,1481
6817,0.0031245166279969066,3.65874,13.690626,707
6818,0.0022185393879129377,2.6543086,11.856119,502
6819,0.015490001104850293,1.4176008,7.195793,3505
6820,0.0161219754723235,2.056706,10.259623,3648
6821,0.0006496519721577726,4.730701,14.72301,147
6822,0.005506573859242072,2.1393857,10.98786,1246
6823,0.0019268589106176113,4.086266,10.8677025,436
6824,0.0013921113689095127,5.0647316,15.184608,315
6825,0.0021478289691746768,3.679047,16.207296,486
6826,0.0011667219091813059,6.1156955,12.782235,264
6827,0.0009324936471108165,2.0825455,13.181115,211
6828,0.014022759916031378,2.061291,9.797849,3173
6829,0.0008175892166611424,8.363097,22.248533,185
6830,0.005077891945641366,1.5689386,7.906789,1149
6831,0.0019003425035907635,3.753276,13.789272,430
6832,0.000570102751077229,5.374,17.281963,129
6833,0.001507015799359187,3.4860656,13.992565,341
6834,0.0011932383162081537,4.8854833,14.848026,270
6835,0.0007424593967517402,6.574279,15.692441,168
6836,0.01446470003314551,2.260494,7.6569114,3273
6837,0.0012860457408021212,2.1698704,10.751116,291
6838,0.010739144845873384,1.9086283,7.396962,2430
6839,0.0013479173571980996,2.310685,8.877864,305
6840,0.0043663683570876145,2.6747065,12.946781,988
6841,0.0016749530438625567,6.0680456,13.295913,379
6842,0.004026074466909734,1.953162,9.341245,911
6843,0.018026737377085406,2.0345643,7.650744,4079
6844,0.002337863219533753,2.482623,13.5855055,529
6845,0.0008750414318859795,3.1323657,17.768158,198
6846,0.0006938459838691857,5.525932,14.009349,157
6847,0.005188376974919898,3.191711,7.3796973,1174
6848,0.032199756932935586,2.6925848,11.452245,7286
6849,0.010306043531101535,1.6371723,8.932738,2332
6850,0.001224174124406143,5.2186785,15.875789,277
6851,0.0009501712517953817,4.113332,12.777196,215
6852,0.0016263396309800023,4.254513,11.9892235,368
6853,0.0021478289691746768,3.2597907,10.380992,486
6854,0.009475196110926969,2.033467,8.120874,2144
6855,0.012034029389017788,2.0008264,7.6863713,2723
6856,0.0019312783117887526,3.9537575,16.079563,437
6857,0.004980665119876257,1.5010346,5.409642,1127
6858,0.0005966191581040769,1.3471688,7.0156226,135
6859,0.0017589216661142416,3.1285305,13.668463,398
6860,0.0023555408242183183,3.1279335,9.832754,533
6861,0.004233786321953375,2.4631395,10.134024,958
6862,0.001608662026295437,4.7177835,23.512766,364
6863,0.12060103855927522,3.5138865,11.3255625,27289
6864,0.0011711413103524472,4.2066135,14.841536,265
6865,0.001197657717379295,2.6943507,16.494213,271
6866,0.001396530770080654,2.8536632,9.410048,316
6867,0.011273892387581483,1.556459,5.939175,2551
6868,0.0017854380731410894,2.207852,8.871853,404
6869,0.002050602143409568,2.8023622,8.9591,464
6870,0.0020550215445807093,5.0193324,15.079882,465
6871,0.010023201856148491,1.9857283,8.9449415,2268
6872,0.01112805214893382,2.6533675,10.406201,2518
6873,0.0011711413103524472,4.1781855,11.823156,265
6874,0.008056568334990608,1.6255585,6.821155,1823
6875,0.0006938459838691857,6.017896,18.162392,157
6876,0.005687769307258866,2.169885,8.794353,1287
6877,0.002037343939896144,4.1582932,12.74832,461
6878,0.008003535520936913,1.8728173,10.304122,1811
6879,0.004848083084742018,1.9610071,6.645438,1097
6880,0.0011932383162081537,5.3016453,14.817783,270
6881,0.0011092696939564689,2.869582,10.149741,251
6882,0.002320185614849188,2.2058308,10.03422,525
6883,0.0016263396309800023,2.569438,12.37093,368
6884,0.0012285935255772842,3.5727825,11.359062,278
6885,0.000698265385040327,7.1554213,23.549103,158
6886,0.0008617832283725555,5.6293807,20.110886,195
6887,0.00202408573638272,2.512393,9.702335,458
6888,0.001255109932604132,2.667328,11.179458,284
6889,0.002351121423047177,2.8160727,10.2769375,532
6890,0.003774168600154679,2.5033069,8.532014,854
6891,0.0029344823776378303,3.026072,12.442122,664
6892,0.013081427466578279,2.4050004,10.168043,2960
6893,0.0018119544801679373,1.9841522,10.915423,410
6894,0.005749640923654845,2.0104618,8.235279,1301
6895,0.0004596177217986963,10.862638,24.798725,104
6896,0.0016749530438625567,3.231577,15.573323,379
6897,0.0011623025080101646,5.0782957,13.069808,263
6898,0.0011313666998121754,5.3380046,18.567966,256
6899,0.0009766876588222296,3.872611,14.539392,221
6900,0.001126947298641034,4.179194,11.898172,255
6901,0.0019710529223290244,2.3035076,7.863422,446
6902,0.003544359739255331,2.3378093,9.699535,802
6903,0.0006363937686443487,4.454797,13.644786,144
6904,0.005537509667440062,2.023734,13.251855,1253
6905,0.0024881228593525576,2.0613601,7.7398252,563
6906,0.0005170699370235333,3.7051759,13.9907,117
6907,0.0009766876588222296,4.209776,13.55318,221
6908,0.01045630317092034,1.8888252,7.9261603,2366
6909,0.0008927190365705447,5.1915603,16.007824,202
6910,0.0018031156778256546,2.8661146,11.548775,408
6911,0.0015291128052148935,3.6653655,17.505936,346
6912,0.002510219865208264,2.5875115,10.13147,568
6913,0.001878245497735057,2.8520784,12.06924,425
6914,0.000570102751077229,5.9020753,19.011679,129
6915,0.0013788531653960887,4.591846,14.6552305,312
6916,0.001679372445033698,3.7206457,10.609154,380
6917,0.002452767649983427,4.068804,12.831104,555
6918,0.0009855264611645122,5.376108,15.142914,223
6919,0.0025146392663794054,2.2374568,8.1366625,569
6920,0.0032261628549331567,4.126632,13.429322,730
6921,0.001493757595845763,3.8044329,15.2283125,338
6922,0.00556402607446691,1.4959716,7.1411176,1259
6923,0.0012904651419732625,6.608693,19.143377,292
6924,0.0032968732736714176,2.2947223,11.650272,746
6925,0.030538062092586454,1.6058154,7.8266263,6910
6926,0.006094354215003867,2.0207994,9.301149,1379
6927,0.0009369130482819578,5.120558,15.798603,212
6928,0.0016970500497182632,3.2788222,20.630238,384
6929,0.006129709424372997,26.44467,40.414146,1387
6930,0.007185946304275771,2.0777435,8.96449,1626
6931,0.004596177217986963,2.8235695,10.076207,1040
6932,0.015733068169263065,1.2390202,4.976329,3560
6933,0.0008043310131477185,5.175202,13.902123,182
6934,0.0020285051375538614,2.7915406,9.458494,459
6935,0.0020594409457518506,2.7935185,9.741516,466
6936,0.0007424593967517402,5.07998,13.431679,168
6937,0.0025013810628659815,2.2063298,9.446277,566
6938,0.0022141199867417964,3.2419074,10.1825,501
6939,0.0016263396309800023,2.5852187,10.33449,368
6940,0.003787426803668103,4.6629834,11.057028,857
6941,0.0036194895591647332,3.599549,10.371654,819
6942,0.001197657717379295,5.267826,13.273619,271
6943,0.005634736493205171,1.9539807,7.630206,1275
6944,0.015101093801789858,1.1621352,5.484486,3417
6945,0.02634846978234449,2.4380016,10.067935,5962
6946,0.0013611755607115235,4.693019,17.925592,308
6947,0.01153463705667882,1.7788075,8.837906,2610
6948,0.0013788531653960887,2.7701983,9.977722,312
6949,0.00812727875372887,2.825656,10.838097,1839
6950,0.0028151585460170145,2.7088923,9.013778,637
6951,0.008083084742017457,2.618806,8.53765,1829
6952,0.003557617942768755,1.5625554,8.811497,805
6953,0.00032703568666445695,3.7366009,17.90979,74
6954,0.006553971936802563,3.723795,11.859155,1483
6955,0.005254667992487018,1.8328463,7.0068164,1189
6956,0.006642359960225389,1.7862504,6.789073,1503
6957,0.0016263396309800023,4.2903833,10.793811,368
6958,0.0019312783117887526,3.1093462,10.7082405,437
6959,0.0017103082532316871,4.931022,16.843397,387
6960,0.011052922329024417,1.76309,7.260018,2501
6961,0.0017545022649431002,3.5503886,12.464567,397
6962,0.0015777262180974479,3.9118757,14.372382,357
6963,0.0009280742459396752,7.64865,20.599237,210
6964,0.0015335322063860348,5.147596,15.303616,347
6965,0.0011313666998121754,2.6149912,10.396333,256
6966,0.01592310241962214,1.6546729,6.1879253,3603
6967,0.0013169815490001104,3.7768414,10.3107,298
6968,0.002890288365926417,2.2223547,7.7154555,654
6969,0.0005170699370235333,4.7718596,19.182676,117
6970,0.0011446249033255993,5.038886,14.626406,259
6971,0.0013169815490001104,4.1423507,11.891856,298
6972,0.0009059772400839686,3.3864725,10.183955,205
6973,0.0021566677715169594,2.580006,13.9352865,488
6974,0.018680808750414318,2.395203,9.40157,4227
6975,0.0011490443044967406,3.1715791,12.189774,260
6976,0.0032968732736714176,1.6919769,8.4725,746
6977,0.0037520715942989725,3.6931775,10.174128,849
6978,0.0013611755607115235,4.476112,16.648813,308
6979,0.0003535520936913048,10.75887,21.103565,80
6980,0.0007910728096342946,4.549118,13.847542,179
6981,0.003460391117003646,3.0994837,11.767884,783
6982,0.0025897690862888077,2.5321882,13.070967,586
6983,0.022543365373991823,2.382446,8.158487,5101
6984,0.000954590652966523,5.0345984,14.977268,216
6985,0.0006894265826980444,5.827723,18.575323,156
6986,0.0055242514639266375,2.7435439,10.196316,1250
6987,0.006620262954369683,2.7250497,9.898457,1498
6988,0.0018959231024196221,2.4456773,10.542369,429
6989,0.0010783338857584797,5.2179933,16.399508,244
6990,0.0010871726881007623,3.0083647,11.380928,246
6991,0.00020329245387250028,4.1152673,18.215372,46
6992,0.038647663241630756,1.7800214,7.8319283,8745
6993,0.003787426803668103,2.2955666,9.099169,857
6994,0.0008308474201745664,3.1999168,11.126741,188
6995,0.002094796155120981,2.959828,12.481373,474
6996,3.977461054027179e-05,0.8178363,1.7062912,9
6997,0.0012993039443155452,2.8025942,9.057228,294
6998,0.0007159429897248923,7.541443,16.218906,162
6999,0.0015291128052148935,4.434912,12.011149,346
7000,0.0017058888520605458,3.785062,9.594415,386
7001,0.0016042426251242957,4.019877,9.520163,363
7002,0.0023113468125069052,2.721561,12.262378,523
7003,0.000839686222516849,3.6802917,11.145943,190
7004,0.002108054358634405,2.1149266,8.84972,477
7005,0.002452767649983427,2.3530447,11.357299,555
7006,0.0007468787979228815,4.268927,22.129873,169
7007,0.0008662026295436968,3.891214,12.310256,196
7008,0.004003977461054027,2.542894,7.99984,906
7009,0.0005391669428792398,10.012823,25.539583,122
7010,0.0004596177217986963,3.3409138,15.301549,104
7011,0.0020285051375538614,2.5491788,10.056131,459
7012,0.0047375980554634845,1.6679338,8.559566,1072
7013,0.0046536294332118,2.0107198,11.746688,1053
7014,0.013770854049276323,2.0074248,8.841159,3116
7015,0.010447464368578057,2.048932,6.042122,2364
7016,0.007685338636614739,1.976014,5.2505,1739
7017,0.0030626450116009282,2.5393963,12.081574,693
7018,0.0033233896806982655,2.7285495,11.571142,752
7019,0.002121312562147829,3.2246716,9.756108,480
7020,0.0012153353220638603,3.1586206,13.556378,275
7021,0.017690862888078664,2.172246,9.013064,4003
7022,0.0007645564026074467,6.551102,22.576567,173
7023,0.00039774610540271795,2.2803316,20.955805,90
7024,0.0058468677494199536,1.6595173,6.9543877,1323
7025,0.0030980002209700587,1.8396188,10.787871,701
7026,0.0028019003425035906,1.8308719,9.216572,634
7027,0.0008220086178322838,7.059669,15.535305,186
7028,0.0005877803557617943,5.8260903,14.550975,133
7029,0.007177107501933488,1.490093,7.2958684,1624
7030,0.002536736272235112,2.114049,12.285625,574
7031,0.0008087504143188598,5.9654713,19.492002,183
7032,0.0006319743674732073,6.6203356,19.627333,143
7033,0.0010650756822450558,4.180968,13.897451,241
7034,0.003243840459617722,1.5531338,7.746165,734
7035,0.00064081316981549,7.6747255,16.468868,145
7036,0.0011888189150370124,5.7895727,14.892318,269
7037,0.0020903767539498398,2.320116,8.69946,473
7038,0.0008308474201745664,5.1429024,18.780615,188
7039,0.0012506905314329908,2.920335,13.181394,283
7040,0.00039332670423157664,6.7101,18.853252,89
7041,0.0068898464258093026,2.101829,8.513604,1559
7042,0.0006363937686443487,2.4262025,12.315368,144
7043,0.0011004308916141862,5.6532745,12.894133,249
7044,0.00320406584907745,2.230255,10.033758,725
7045,0.0033233896806982655,2.408779,11.997173,752
7046,0.0013523367583692409,2.7808144,10.255467,306
7047,0.0005966191581040769,3.5692225,12.445004,135
7048,0.009267484255883328,2.0914752,7.8644347,2097
7049,0.0014451441829632086,3.740262,10.474313,327
7050,0.0012506905314329908,4.816491,15.672089,283
7051,0.0010429786763893492,5.537098,10.8574095,236
7052,0.011892608551541266,1.7529842,8.55994,2691
7053,0.004026074466909734,3.1126366,13.517438,911
7054,0.0006319743674732073,4.6870103,12.327116,143
7055,0.0018207932825102199,3.2060719,14.738799,412
7056,0.0012727875372886973,2.726986,9.755825,288
7057,0.009806651198762568,3.445502,11.437393,2219
7058,0.001736824660258535,3.7433825,11.3449,393
7059,0.011503701248480831,1.9468715,11.269471,2603
7060,0.002823997348359297,2.9589493,12.516987,639
7061,0.0005612639487349464,7.808622,19.401733,127
7062,0.002222958789084079,2.966585,11.378147,503
7063,0.0004110043089161419,7.263839,22.447956,93
7064,0.0008662026295436968,5.8060875,16.021254,196
7065,0.00657606894265827,1.3035599,9.45641,1488
7066,0.0023157662136780465,3.2019374,19.134096,524
7067,0.0007203623908960336,5.765494,19.208954,163
7068,0.0027002541155673404,3.331103,14.363086,611
7069,0.0007203623908960336,5.5306244,15.811514,163
7070,0.0011004308916141862,7.770445,15.074146,249
7071,0.0007424593967517402,4.290986,11.722869,168
7072,0.001396530770080654,4.973961,13.366783,316
7073,0.001312562147828969,4.288566,12.578285,297
7074,0.012060545796044635,2.5456364,9.772482,2729
7075,0.0006098773616175008,4.3504467,16.528122,138
7076,0.006593746547342835,2.166636,9.747651,1492
7077,0.00502485913158767,1.7496142,9.197429,1137
7078,0.0007071041873826096,4.1134825,20.088295,160
7079,0.0010473980775604905,4.369794,15.213677,237
7080,0.00044635951828527235,8.210241,21.610752,101
7081,0.0006805877803557617,3.267345,15.738824,154
7082,0.008202408573638272,2.547196,7.4438663,1856
7083,0.021328030051927963,2.638904,10.8932085,4826
7084,0.015375096674400618,1.9610776,9.945416,3479
7085,0.0013081427466578278,3.6399639,10.054781,296
7086,0.0009148160424262513,4.013952,10.67911,207
7087,0.004733178654292344,1.8156236,7.773114,1071
7088,0.001312562147828969,3.100358,12.423115,297
7089,0.0007026847862114683,5.2266417,24.169098,159
7090,0.0017058888520605458,2.9841354,16.29456,386
7091,0.001564468014584024,3.9644642,11.229752,354
7092,0.0018561484918793504,3.6584616,14.326524,420
7093,0.0013214009501712517,3.6921747,13.04484,299
7094,0.0004772953264832615,4.0354686,14.015124,108
7095,0.0007954922108054359,5.7615623,14.398201,180
7096,0.001339078554855817,4.0432687,10.974623,303
7097,0.0008927190365705447,3.555257,12.666355,202
7098,0.00411446249033256,3.804284,10.870735,931
7099,0.00931167826759474,1.7525749,7.977949,2107
7100,0.0031024196221412,1.9561188,14.742719,702
7101,0.006089934813832726,36.0756,56.967117,1378
7102,0.0011490443044967406,2.949205,11.48962,260
7103,0.0016882112473759806,4.236428,13.360922,382
7104,0.0035531985415976136,2.4887373,10.152547,804
7105,0.0007645564026074467,4.844885,21.380682,173
7106,0.0010915920892719036,5.2913113,20.752092,247
7107,0.008688542702463817,1.2998312,5.2218857,1966
7108,0.0010208816705336427,5.3021536,15.637765,231
7109,0.006067837807977019,2.8636544,8.191466,1373
7110,0.0022185393879129377,1.8275771,6.7685146,502
7111,0.005855706551762236,3.2593684,10.367579,1325
7112,0.001140205502154458,2.0495584,8.171128,258
7113,0.0011578831068390233,4.4403176,11.580005,262
7114,0.007013589658601259,2.7997324,7.6033072,1587
7115,0.003084742017456635,2.6310046,11.970919,698
7116,0.00910838581372224,2.6172867,9.616858,2061
7117,0.00357529554745332,1.6875601,7.08418,809
7118,0.0005303281405369572,2.5422351,21.074718,120
7119,0.0018340514860236438,3.483328,11.506626,415
7120,0.0015246934040437522,3.2452576,12.388065,345
7121,0.0017147276544028285,4.4825916,14.026123,388
7122,0.011079438736051266,2.133813,9.348353,2507
7123,0.008361507015799359,1.9648354,7.7416434,1892
7124,0.0009015578389128273,6.871835,20.238968,204
7125,0.00022980886089934814,3.2258782,17.72077,52
7126,0.000768975803778588,2.8913887,12.941082,174
7127,0.0012993039443155452,4.0982,10.335967,294
7128,0.011760026516407026,1.5988926,7.252805,2661
7129,0.027170478400176775,1.7541187,6.1726856,6148
7130,0.022008617832283726,1.6735619,7.098592,4980
7131,0.00044194011711413104,9.621911,18.7869,100
7132,0.002196442382057231,2.805273,9.818199,497
7133,0.002390896033587449,4.93069,16.478653,541
7134,0.002209700585570655,4.1236587,13.731775,500
7135,0.0010076234670202187,3.1039197,10.923179,228
7136,0.001224174124406143,4.18736,10.094571,277
7137,0.0013302397525135343,5.3687468,13.77325,301
7138,0.0034073583029499504,3.0106795,10.86465,771
7139,0.0005391669428792398,3.53381,11.474987,122
7140,0.0006054579604463595,6.4189787,18.110077,137
7141,0.001564468014584024,2.945403,7.9848475,354
7142,0.0020550215445807093,4.571253,12.759894,465
7143,0.00035797149486244617,7.1385703,16.711142,81
7144,0.00219202298088609,3.9397392,12.647009,496
7145,0.005678930504916584,1.5409504,5.5613217,1285
7146,0.00391117003646006,2.2802286,8.667049,885
7147,0.001255109932604132,5.3743973,15.513599,284
7148,0.0017103082532316871,2.3550735,9.488552,387
7149,0.019507236769417746,1.686887,5.3454657,4414
7150,0.0049895039222185395,2.540781,7.927118,1129
7151,0.0021699259750303833,2.6937113,10.516705,491
7152,0.0005391669428792398,5.3202453,19.086061,122
7153,0.0008750414318859795,3.6680448,14.746287,198
7154,0.00752182079328251,1.7905916,8.795433,1702
7155,0.001197657717379295,4.00609,11.761831,271
7156,0.0012285935255772842,4.3340015,14.552285,278
7157,0.002823997348359297,3.1906207,12.447305,639
7158,0.001864987294221633,3.628369,11.059935,422
7159,0.001621920229808861,3.8507876,19.83098,367
7160,0.000967848856479947,3.8565044,14.560785,219
7161,0.0009192354435973926,3.353835,18.643682,208
7162,0.0023025080101646226,2.6554792,12.187665,521
7163,0.002947740581151254,2.7177875,9.456379,667
7164,0.0011490443044967406,3.6857843,12.397749,260
7165,0.004171914705557397,2.4058113,7.9900136,944
7166,0.0009413324494530991,4.7572823,15.140866,213
7167,0.007561595403822782,1.7464021,7.301323,1711
7168,0.0020992155562921224,4.0150433,14.046728,475
7169,0.000512650535852392,7.8656244,18.85734,116
7170,0.0021478289691746768,3.3625836,12.93372,486
7171,0.0007159429897248923,7.0633874,19.554968,162
7172,0.009143741023091371,1.6525412,9.614106,2069
7173,0.0010032040658490774,6.8193054,20.032536,227
7174,0.0010871726881007623,4.031415,11.71478,246
7175,0.012144514418296322,1.3676174,6.657348,2748
7176,0.022030714838139433,1.9357977,8.174729,4985
7177,0.0006231355651309247,4.5905437,10.564467,141
7178,0.0014053695724229366,5.775091,17.005524,318
7179,0.0013037233454866865,5.2387557,14.781806,295
7180,0.00357529554745332,1.6809267,8.514411,809
7181,0.0005038117335101094,9.717407,25.17722,114
7182,0.009382388686333001,4.271873,13.266338,2123
7183,0.004896696497624572,1.638121,8.748056,1108
7184,0.002510219865208264,2.9745057,11.995368,568
7185,0.0058026737377085405,2.2317266,7.415934,1313
7186,0.0029963539940338086,2.5778594,8.129377,678
7187,0.0007999116119765772,4.6074367,15.40576,181
7188,0.0009855264611645122,1.8899095,14.741447,223
7189,0.0013346591536846756,1.3909419,7.4535494,302
7190,0.0012993039443155452,4.6149073,15.2809725,294
7191,0.001210915920892719,2.9513772,9.066097,274
7192,0.0022980886089934813,2.1300976,7.8310075,520
7193,0.011212020771185504,1.5748248,7.7174373,2537
7194,0.0003800685007181527,11.092231,27.026352,86
7195,0.0014186277759363605,2.5956252,13.319325,321
7196,0.01227709645343056,2.3358688,10.457816,2778
7197,0.004105623687990278,2.4325972,10.715382,929
7198,0.0015821456192685892,2.75829,9.397831,358
7199,0.0039951386587117445,2.9100678,9.589623,904
7200,0.0027400287261076122,6.372365,16.11833,620
7201,0.003968622251684897,2.5104053,12.296285,898
7202,0.0017058888520605458,3.751088,15.421346,386
7203,0.0020152469340404375,2.102078,7.4853187,456
7204,0.0014584023864766325,3.516596,9.197911,330
7205,0.0008794608330571208,2.4619913,12.846125,199
7206,0.0025013810628659815,2.8985448,8.113409,566
7207,0.0016351784333222849,3.145128,11.7747965,370
7208,0.007999116119765773,2.2986784,9.421264,1810
7209,0.0011225278974698928,2.7447882,10.818545,254
7210,0.0014672411888189151,2.9019287,9.505356,332
7211,0.0019975693293558723,2.6050582,11.165975,452
7212,0.0024174124406142966,3.6721575,14.734736,547
7213,0.0010297204728759253,5.711657,15.492456,233
7214,0.005051375538614518,2.546257,8.849801,1143
7215,0.0019180201082753287,3.6645017,11.836585,434
7216,0.00320406584907745,1.8317438,8.93751,725
7217,0.0015909844216108718,5.7405367,15.257395,360
7218,0.0004110043089161419,6.255306,18.413351,93
7219,0.0009987846646779361,4.338282,15.120232,226
7220,0.0003800685007181527,10.073569,24.558605,86
7221,0.002594188487459949,2.9743938,12.250547,587
7222,0.0008573638272014142,5.942373,19.953218,194
7223,0.002466025853496851,2.3136308,11.071742,558
7224,0.0038625566235775052,2.369182,10.192113,874
7225,0.00044635951828527235,11.010047,25.445536,101
7226,0.00144956358413435,3.236429,9.9359455,328
7227,0.011508120649651973,3.0027525,10.023082,2604
7228,0.005674511103745442,5.107042,13.765526,1284
7229,0.0012330129267484255,1.9688932,9.626458,279
7230,0.002178764777372666,2.1063466,7.764355,493
7231,0.0013921113689095127,2.4320245,8.67094,315
7232,0.0009855264611645122,4.44363,14.389605,223
7233,0.0014893381946746217,3.1391392,15.840241,337
7234,0.0019843111258424483,4.0717382,15.083043,449
7235,0.02367915147497514,1.9256486,7.7637553,5358
7236,0.0008043310131477185,7.5540495,22.637598,182
7237,0.0012418517290907081,4.253038,14.705695,281
7238,0.0010297204728759253,5.0177627,14.042938,233
7239,0.0005745221522483703,8.675938,21.873655,130
7240,0.0014009501712517953,4.246166,11.866425,317
7241,0.0028637719588995693,3.432072,10.465228,648
7242,0.0013434979560269583,3.9319143,15.987521,304
7243,0.0027753839354767427,2.454158,10.541416,628
7244,0.0028770301624129932,2.6895165,10.532754,651
7245,0.0012153353220638603,2.4731808,10.10196,275
7246,0.002735609324936471,2.8985543,7.858405,619
7247,0.001666114241520274,2.4013374,7.9832544,377
7248,0.0040658490774500055,2.3498385,10.626444,920
7249,0.0005568445475638051,5.5916576,14.384345,126
7250,0.006142967627886422,3.8093636,14.245621,1390
7251,0.002019666335211579,3.523015,19.53919,457
7252,0.002364379626560601,3.6214037,9.9636965,535
7253,0.0024616064523257097,3.7466187,12.943636,557
7254,0.001140205502154458,4.710831,14.591023,258
7255,0.0010871726881007623,3.211635,9.573219,246
7256,0.0025986078886310903,4.0228724,11.963491,588
7257,0.001210915920892719,4.845126,17.936089,274
7258,0.0011667219091813059,6.2778997,18.395494,264
7259,0.0009280742459396752,5.7153687,17.687004,210
7260,0.0016395978344934262,4.335661,13.148144,371
7261,0.0027444481272787535,1.3658056,8.669104,621
7262,0.0016307590321511436,4.9115252,15.36365,369
7263,0.0021434095680035355,3.485618,13.6944065,485
7264,0.00677936139653077,1.9015305,10.683714,1534
7265,0.0009413324494530991,3.43722,12.685284,213
7266,0.0021301513644901115,3.398399,13.308356,482
7267,0.0017191470555739698,3.6196976,16.706478,389
7268,0.008410120428681913,1.4651059,9.027953,1903
7269,0.004512208595735278,1.8447322,8.8588705,1021
7270,0.0027135123190807644,5.912586,17.175085,614
7271,0.009121644017235664,3.1893997,9.932036,2064
7272,0.0019577947188156005,3.2609236,10.411261,443
7273,0.0010915920892719036,3.5451117,9.791946,247
7274,0.00045519832062755497,5.6456184,19.33191,103
7275,0.0014230471771075018,2.1255517,10.858018,322
7276,0.002695834714396199,1.6366976,5.6901183,610
7277,0.0014760799911611978,3.1198962,10.440737,334
7278,0.0020903767539498398,2.8510196,12.282525,473
7279,0.0010341398740470666,3.908925,15.387533,234
7280,0.002567672080433101,2.97091,8.887105,581
7281,0.0011843995138658711,2.326178,16.092175,268
7282,0.0020992155562921224,2.498108,9.165971,475
7283,0.0010208816705336427,1.8608595,5.7956057,231
7284,0.0143674732073804,2.781847,8.301931,3251
7285,0.020550215445807093,4.15202,11.900153,4650
7286,0.05576842337863219,2.6543603,11.768867,12619
7287,0.0003181968843221743,10.88931,24.506279,72
7288,0.00266489890619821,4.133451,11.878909,603
7289,0.0006629101756711965,4.8485036,17.58003,150
7290,0.0012904651419732625,5.4819436,16.970272,292
7291,0.0034250359076345156,1.5381819,9.494125,775
7292,0.000954590652966523,3.1911213,13.375589,216
7293,0.0420108275328693,2.001467,6.4717274,9506
7294,0.005166279969064192,2.0103092,7.5132046,1169
7295,0.0015114352005303282,2.9662087,10.321187,342
7296,0.0013081427466578278,3.853573,13.42872,296
7297,0.0012330129267484255,4.6859026,11.465049,279
7298,0.0028637719588995693,1.6042628,8.823621,648
7299,0.0026737377085404926,3.5318696,8.623962,605
7300,0.0010606562810739145,3.7541804,13.1585,240
7301,0.0021699259750303833,2.441072,10.68976,491
7302,0.0009501712517953817,7.0779533,20.331568,215
7303,0.0014672411888189151,3.4490473,12.913032,332
7304,0.0015733068169263066,3.380655,12.411902,356
7305,0.0036946193790741355,3.5810325,10.314068,836
7306,0.006598165948513976,3.388768,8.551635,1493
7307,0.0009811070599933709,3.9872282,12.338867,222
7308,0.0011578831068390233,1.6367027,5.508385,262
7309,0.00035797149486244617,5.048454,17.621984,81
7310,0.000512650535852392,9.497176,22.896524,116
7311,0.0012595293337752734,4.1069,14.491161,285
7312,0.002890288365926417,1.9407673,6.6877494,654
7313,0.016298751519169152,2.154931,8.340325,3688
7314,0.002885868964755276,2.1130016,14.239093,653
7315,0.0032526792619600045,2.2258756,8.61944,736
7316,0.005493315655728649,3.3651729,10.528171,1243
7317,0.006531874930946857,1.9498805,7.895946,1478
7318,0.0014539829853054912,2.9146476,12.111973,329
7319,0.00539608882996354,3.5589144,12.530797,1221
7320,0.0009369130482819578,3.8876288,13.322623,212
7321,0.01915368467572644,1.5283179,6.7861114,4334
7322,0.001025301071704784,4.7005444,15.117315,232
7323,0.001210915920892719,5.9804144,14.891292,274
7324,0.003146613633852613,2.4841774,10.936786,712
7325,0.002037343939896144,3.9085054,15.1152,461
7326,0.0011048502927853276,3.935874,11.712152,250
7327,0.002479284057010275,2.3903217,11.302311,561
7328,0.0027135123190807644,2.724457,11.63183,614
7329,0.003199646447906309,4.912711,16.942175,724
7330,0.0016263396309800023,4.138031,12.655678,368
7331,0.005992707988067617,2.8456733,10.004831,1356
7332,0.001864987294221633,5.2506933,16.188568,422
7333,0.001966633521157883,4.1620073,11.123478,445
7334,0.002505800464037123,3.3996859,11.943622,567
7335,0.0005656833499060877,6.7691402,17.711155,128
7336,0.0013567561595403822,3.6204855,14.421267,307
7337,0.0018826648989061982,2.2284944,10.816809,426
7338,0.0005789415534195116,10.084048,24.959969,131
7339,0.0013479173571980996,4.7093453,13.398876,305
7340,0.0010562368799027731,3.9164724,12.133322,239
7341,0.01389459728206828,1.4717871,6.914225,3144
7342,0.0012462711302618495,2.6403565,10.539667,282
7343,0.001878245497735057,2.8758197,9.450566,425
7344,0.002253894597282068,3.295907,10.134519,510
7345,0.022264943100209923,2.0224526,8.491057,5038
7346,0.0010341398740470666,5.5394535,16.167044,234
7347,0.002205281184399514,2.6515694,10.001323,499
7348,0.0020285051375538614,3.6121454,10.493146,459
7349,0.03309247596950613,2.4867158,7.7396293,7488
7350,0.006531874930946857,1.5315512,7.8764997,1478
7351,0.0015777262180974479,3.6072025,13.70696,357
7352,0.0005347475417080985,5.747842,18.201479,121
7353,0.0021610871726881007,2.6846364,11.514503,489
7354,0.0009192354435973926,8.28303,16.569813,208
7355,0.0010739144845873384,3.6376488,12.091466,243
7356,0.0015688874157551653,4.1351027,11.804982,355
7357,0.0022759916031377747,3.284573,12.928497,515
7358,0.001692630648547122,2.946099,8.733351,383
7359,0.000954590652966523,4.566524,13.161892,216
7360,0.007292011932383162,1.6624881,10.189795,1650
7361,0.0010429786763893492,2.6942124,10.84241,236
7362,0.0014053695724229366,3.751743,10.109281,318
7363,0.002974256988178102,1.8846897,8.649701,673
7364,0.0016616948403491327,3.3703313,12.461831,376
7365,0.0012506905314329908,4.1875505,14.904278,283
7366,0.012736714175229256,1.7252396,6.0573273,2882
7367,0.0009457518506242404,4.573211,18.873388,214
7368,0.0019003425035907635,3.2014463,9.629935,430
7369,0.014654734283504585,1.6824911,10.1674385,3316
7370,0.0036548447685338637,2.131652,10.889577,827
7371,0.0034913269252016352,2.8324757,11.926715,790
7372,0.000967848856479947,4.7385178,14.739653,219
7373,0.005957352778698487,2.0398998,7.569997,1348
7374,0.0015688874157551653,2.4647827,9.649074,355
7375,0.000954590652966523,6.34467,17.47703,216
7376,0.00039774610540271795,2.753149,15.190991,90
7377,0.0024748646558391337,2.706527,6.4630027,560
7378,0.0011711413103524472,3.7900758,11.083893,265
7379,0.003756490995470114,1.3844333,8.663628,850
7380,0.001595403822782013,4.351292,16.382189,361
7381,0.002678157109711634,2.7685125,10.620086,606
7382,0.0010783338857584797,4.8048315,12.111293,244
7383,0.00010606562810739145,0.83294487,2.0140548,24
7384,0.001325820351342393,4.0980663,13.595577,300
7385,0.001025301071704784,6.7641435,19.533794,232
7386,0.0018605678930504917,3.5209367,8.341343,421
7387,0.0038227820130372334,2.1899052,7.2908535,865
7388,0.0014451441829632086,2.0192595,5.689396,327
7389,0.0022406363937686443,2.923454,11.24101,507
7390,0.012197547232350017,1.7305914,6.762532,2760
7391,0.0023334438183626118,1.9744056,8.996748,528
7392,0.0013788531653960887,3.0666142,14.309498,312
7393,0.0011578831068390233,5.9482408,20.805136,262
7394,0.0012374323279195668,4.96498,16.895891,280
7395,0.007778146061208706,1.3441148,6.554089,1760
7396,0.021341288255441387,1.2497177,4.8005767,4829
7397,0.004834824881228593,2.136692,11.457156,1094
7398,0.0005568445475638051,6.11488,23.145704,126
7399,0.005608220086178323,1.6641115,13.682269,1269
7400,0.0011843995138658711,4.9388847,17.863148,268
7401,0.002253894597282068,1.4234372,7.955274,510
7402,0.0011932383162081537,3.1261334,9.394049,270
7403,0.004962987515191692,2.1546934,11.011743,1123
7404,0.002068279748094133,3.7597249,14.964016,468
7405,0.0017589216661142416,3.8106976,16.988413,398
7406,0.00013700143630538062,4.918054,19.46823,31
7407,0.0023864766324163075,2.7734401,12.478622,540
7408,0.00266489890619821,5.6751833,17.304577,603
7409,0.003159871837366037,2.1154623,8.04062,715
7410,0.002452767649983427,1.9492201,8.285041,555
7411,0.0018870843000773395,3.6637437,11.618945,427
7412,0.0110617611313667,2.7017102,10.8547325,2503
7413,0.01946746215887747,1.3376421,5.6309795,4405
7414,0.0014893381946746217,3.2545161,15.265516,337
7415,0.0036371671638492985,2.5416412,10.890364,823
7416,0.0011578831068390233,4.0408063,11.063146,262
7417,0.0007910728096342946,5.919593,15.8625,179
7418,0.0017279858579162524,3.1422257,9.918131,391
7419,0.000768975803778588,6.943948,16.93648,174
7420,0.0014981769970169043,3.354969,8.757243,339
7421,0.0012948845431444039,3.882017,10.197214,293
7422,0.019675174013921114,1.7065518,7.9952593,4452
7423,0.000570102751077229,7.443873,17.139782,129
7424,0.019569108385813723,2.119169,9.01076,4428
7425,0.021221964423820572,1.6268635,8.144907,4802
7426,0.0007071041873826096,7.1089478,21.432768,160
7427,0.0016837918462048393,2.3377576,8.80514,381
7428,0.003071483813943211,2.9928362,12.30959,695
7429,0.00038890730306043533,14.500975,28.027025,88
7430,0.0037255551872721246,1.9954921,9.327355,843
7431,0.0014407247817920673,5.832397,14.551029,326
7432,0.00539608882996354,1.4944752,5.697125,1221
7433,0.011790962324605017,1.6839424,6.31226,2668
7434,0.0033057120760137003,3.4060206,9.661937,748
7435,0.0005966191581040769,3.9501498,17.85576,135
7436,0.0009457518506242404,6.319727,16.748388,214
7437,0.0021610871726881007,1.8155984,8.577365,489
7438,0.0016882112473759806,3.2514572,12.599909,382
7439,0.0011799801126947298,3.0233188,7.6574454,267
7440,0.0009766876588222296,6.8257384,22.108843,221
7441,0.011927963760910397,2.260181,11.288221,2699
7442,0.0031510330350237544,2.7408936,11.11055,713
7443,0.0015688874157551653,3.3034937,11.17965,355
7444,0.0008175892166611424,4.7290626,16.200624,185
7445,0.0007468787979228815,3.3671267,19.716255,169
7446,0.003999558059882886,2.7711112,11.55095,905
7447,0.0016572754391779914,2.7033424,7.9441795,375
7448,0.0018119544801679373,2.0705779,12.970872,410
7449,0.0017324052590873937,3.0886075,9.965082,392
7450,0.0010208816705336427,6.0669737,18.17004,231
7451,0.0010032040658490774,3.971261,11.597174,227
7452,0.005285603800685007,1.4985398,6.597225,1196
7453,0.0016616948403491327,2.972587,10.211767,376
7454,0.022711302618495195,1.5333887,6.650438,5139
7455,0.00229366920782234,3.449884,10.087795,519
7456,0.01072588664235996,1.9700533,5.9276595,2427
7457,0.0038272014142083748,1.8424044,9.278104,866
7458,0.010429786763893492,1.3053832,9.448356,2360
7459,0.00020329245387250028,2.9266806,11.838804,46
7460,0.004578499613302397,3.859001,12.282374,1036
7461,0.0006319743674732073,4.526332,15.57344,143
7462,0.0030538062092586456,2.616304,9.179379,691
7463,0.0009855264611645122,4.003141,14.38372,223
7464,0.0023422826207048944,2.5649774,9.3892565,530
7465,0.001268368136117556,3.2305992,14.521246,287
7466,0.0013567561595403822,3.6004388,12.171397,307
7467,0.0014230471771075018,4.05794,11.446228,322
7468,0.0009015578389128273,5.928258,19.488771,204
7469,0.001038559275218208,4.446538,11.5059,235
7470,0.003981880455198321,3.5333507,11.689634,901
7471,0.0022892498066511987,2.6955388,9.741379,518
7472,0.0023334438183626118,4.537776,16.39306,528
7473,0.00239531543475859,1.6750017,8.523097,542
7474,0.0016749530438625567,2.9198587,11.061569,379
7475,0.0021257319633189702,1.855584,5.8015246,481
7476,0.0016882112473759806,2.443083,13.903901,382
7477,0.012599712738923876,2.450005,9.409342,2851
7478,0.006624682355540824,2.1440423,8.093979,1499
7479,0.001325820351342393,2.7575133,8.421631,300
7480,0.0006452325709866313,4.4358826,13.3641,146
7481,0.002682576510882775,2.3243308,9.563967,607
7482,0.003800685007181527,3.904716,13.4200325,860
7483,0.0009987846646779361,5.05352,14.236227,226
7484,0.0024262512429565793,2.8191812,9.0734005,549
7485,0.0019401171141310352,3.0308006,10.45487,439
7486,0.07786542923433874,3.6762648,13.552729,17619
7487,0.0043884653629433215,1.8364584,7.4303865,993
7488,0.0023467020218760357,3.211727,15.645774,531
7489,0.0007159429897248923,7.818245,17.729494,162
7490,0.0027311899237653296,1.9969268,7.9445305,618
7491,0.00044194011711413104,3.2419734,16.374802,100
7492,0.002253894597282068,3.1500876,10.93404,510
7493,0.0015600486134128826,4.1355863,12.80394,353
7494,0.029097337310794388,2.2951329,7.696207,6584
7495,0.0004331013147718484,3.021017,13.017398,98
7496,0.0008175892166611424,6.395337,20.031746,185
7497,0.001781018671969948,4.068653,12.0437565,403
7498,0.0013655949618826648,2.3958328,12.600296,309
7499,0.0014849187935034804,5.2623763,18.224716,336
7500,0.018477516296541818,1.5274394,7.055372,4181
7501,0.0010915920892719036,4.4664087,20.142841,247
7502,0.0011136890951276102,3.6519504,10.421493,252
7503,0.007371561153463706,1.7677019,8.632671,1668
7504,0.0015556292122417413,3.4663568,16.410503,352
7505,0.000782234007292012,2.515806,18.67703,177
7506,0.0015556292122417413,2.7644944,9.319646,352
7507,0.0008352668213457077,4.797872,14.765943,189
7508,0.006107612418517291,22.370047,33.48269,1382
7509,0.000698265385040327,9.414929,26.666342,158
7510,0.0008662026295436968,3.0194483,11.82778,196
7511,0.0004596177217986963,2.8845866,22.754683,104
7512,0.0029256435752955477,3.2005866,14.83288,662
7513,0.0035222627333996244,1.1916829,5.546712,797
7514,0.0012506905314329908,5.363469,12.074885,283
7515,0.002324605016020329,2.2166483,7.1350055,526
7516,0.0453916694287924,2.9556403,11.352594,10271
7517,0.0016440172356645675,5.3066254,17.620161,372
7518,0.002108054358634405,2.4738002,13.518678,477
7519,0.01723566456745111,2.512395,9.508835,3900
7520,0.001069495083416197,5.9247756,20.996876,242
7521,0.0016484366368357088,3.8172483,10.565973,373
7522,0.004817147276544028,2.9184532,11.710563,1090
7523,0.0005921997569329356,8.757695,21.86399,134
7524,0.0010739144845873384,6.7478495,15.899518,243
7525,0.0017589216661142416,3.8254929,11.1645,398
7526,0.0005170699370235333,2.796711,24.447456,117
7527,0.002236216992597503,4.435818,12.2322235,506
7528,0.0008308474201745664,6.0653915,17.288935,188
7529,0.0013921113689095127,2.8522828,13.113297,315
7530,0.0012153353220638603,3.2183084,12.265754,275
7531,0.0011313666998121754,3.7640138,12.117361,256
7532,0.002890288365926417,1.7626729,8.701246,654
7533,0.001507015799359187,4.076919,13.0331545,341
7534,0.0010915920892719036,2.9919844,9.934575,247
7535,0.0004684565241409789,7.0220313,22.072584,106
7536,0.0014760799911611978,4.153168,14.160503,334
7537,0.0011932383162081537,4.043576,17.721426,270
7538,0.0007336205944094576,3.7422924,13.544023,166
7539,0.0017898574743122307,2.2909818,10.118713,405
7540,0.002779803336647884,2.0616562,12.347676,629
7541,0.0029963539940338086,4.3373375,11.014042,678
7542,0.00039774610540271795,5.555217,23.202858,90
7543,0.0016882112473759806,4.991122,13.055672,382
7544,0.002382057231245166,5.935533,13.538595,539
7545,0.0017191470555739698,1.9930608,7.9449153,389
7546,0.002390896033587449,2.74036,12.71988,541
7547,0.0005745221522483703,0.8401565,3.344909,130
7548,0.0008352668213457077,6.5495486,16.76331,189
7549,0.0007557176002651641,5.4533043,19.870996,171
7550,0.0019489559164733179,3.5233507,11.659206,441
7551,0.0009413324494530991,5.5824547,15.2453575,213
7552,0.000627554966302066,9.696724,24.106878,142
7553,0.002960998784664678,2.8622673,9.111464,670
7554,0.006050160203292454,2.0855863,8.116112,1369
7555,0.011154568555960667,1.6122792,5.383288,2524
7556,0.005462379847530659,5.8865733,13.828107,1236
7557,0.0009457518506242404,3.2897155,12.377686,214
7558,0.0011004308916141862,2.2110133,8.839486,249
7559,0.004936471108164844,1.6877697,7.6070147,1117
7560,0.0024129930394431553,3.516828,11.793481,546
7561,0.013823886863330019,1.3757733,4.805151,3128
7562,0.0024837034581814163,4.1870766,16.460592,562
7563,0.0009590100541376643,8.731238,22.707346,217
7564,0.0014407247817920673,3.8832865,12.888489,326
7565,0.005930836371671639,2.6010544,10.527498,1342
7566,0.003690199977902994,1.8882443,6.691028,835
7567,0.015874489006739587,1.835655,8.576455,3592
7568,0.012144514418296322,2.2865682,9.048239,2748
7569,0.001268368136117556,3.889386,14.829557,287
7570,0.007473207380399955,1.7207142,8.971947,1691
7571,0.0007336205944094576,5.477941,16.547094,166
7572,0.012157772621809745,2.5032392,9.0058565,2751
7573,0.0008352668213457077,5.5816894,14.53076,189
7574,0.03619931499281848,1.6415868,10.088488,8191
7575,0.003531101535741907,2.292914,9.998636,799
7576,0.0010297204728759253,5.258046,24.539465,233
7577,0.002930062976466689,2.7101111,11.478434,663
7578,0.002006408131698155,3.5844543,12.278324,454
7579,0.011136890951276101,2.3261888,8.104366,2520
7580,0.016241299303944315,2.0890267,8.902326,3675
7581,0.015591647331786543,2.5362458,11.915293,3528
7582,0.001564468014584024,4.5086837,13.586628,354
7583,0.002956579383493537,2.0132375,10.607067,669
7584,0.0008087504143188598,5.0794287,12.974748,183
7585,0.006819136007071042,1.9040256,8.118158,1543
7586,0.013015136449011158,1.1835364,3.957407,2945
7587,0.0014672411888189151,4.563596,15.0372715,332
7588,0.0007071041873826096,4.774578,22.968422,160
7589,0.0027621257319633188,2.6267917,8.694127,625
7590,0.0037122969837587007,2.7533033,8.077572,840
7591,0.0010341398740470666,3.7788851,17.020899,234
7592,0.004401723566456745,1.7179756,6.8404384,996
7593,0.014495635841343498,2.398246,9.177461,3280
7594,0.0040658490774500055,1.1809088,5.372506,920
7595,0.007535078996795934,2.9132915,11.765753,1705
7596,0.006518616727433433,28.468304,45.494728,1475
7597,0.009218870843000774,2.028571,7.532394,2086
7598,0.006646779361396531,3.0595608,12.202056,1504
7599,0.00144956358413435,4.9548717,14.536893,328
7600,0.0070754612749972376,1.8145056,6.9023123,1601
7601,0.004795050270688322,3.1144357,13.074789,1085
7602,0.0025897690862888077,4.3822513,12.356896,586
7603,0.0008264280190034251,5.141407,20.365635,187
7604,0.0005038117335101094,10.019947,28.250387,114
7605,0.0013081427466578278,3.3919263,8.552922,296
7606,0.004808308474201745,1.9825203,9.28509,1088
7607,0.0014893381946746217,4.2711043,13.812914,337
7608,0.0331852833941001,1.6205561,7.527262,7509
7609,0.008016793724450338,2.0907485,8.26243,1814
7610,0.0058247707435642474,2.1069057,10.944661,1318
7611,0.001224174124406143,1.9787978,7.4090586,277
7612,0.0017986962766545133,3.294626,10.203152,407
7613,0.002019666335211579,3.5019624,11.267418,457
7614,0.0009634294553088057,4.973173,14.963792,218
7615,0.0014186277759363605,3.885963,11.854678,321
7616,0.0013434979560269583,2.815391,10.719639,304
7617,0.0013302397525135343,3.8953073,10.919053,301
7618,0.0014760799911611978,2.348521,12.592523,334
7619,0.0006761683791846204,6.784309,14.111689,153
7620,0.0016528560380068501,3.5133195,10.401556,374
7621,0.0011092696939564689,1.9094508,17.434828,251
7622,0.007088719478510662,1.626415,6.7074304,1604
7623,0.007040106065628107,2.072927,8.801381,1593
7624,0.006518616727433433,2.321252,9.482217,1475
7625,0.005639155894376312,1.8332117,6.4345818,1276
7626,0.0004154237100872832,9.8215685,22.725376,94
7627,0.019149265274555297,1.3826227,9.655276,4333
7628,0.0004817147276544028,8.464139,23.731321,109
7629,0.001082753286929621,5.229773,21.240486,245
7630,0.0013081427466578278,3.531657,13.733078,296
7631,0.0011313666998121754,4.5915685,13.681683,256
7632,0.0011623025080101646,3.064342,10.14051,263
7633,0.0004728759253121202,2.3586843,20.170555,107
7634,0.0009324936471108165,4.63752,14.991543,211
7635,0.0005612639487349464,8.185692,21.945444,127
7636,0.0015291128052148935,4.7646537,11.98922,346
7637,0.0017103082532316871,3.7914891,10.873142,387
7638,0.0003756490995470114,3.20563,22.969215,85
7639,0.011503701248480831,2.3244162,10.07268,2603
7640,0.0026030272898022316,2.6242023,12.086219,589
7641,0.004008396862225169,2.400097,10.654484,907
7642,0.0018915037012484808,3.823365,10.529313,428
7643,0.007619047619047619,1.3362631,5.0126824,1724
7644,0.0026472213015136447,2.3933792,11.905095,599
7645,0.0009280742459396752,4.644473,12.48203,210
7646,0.0058689647552756605,2.9365578,9.965158,1328
7647,0.004507789194564136,2.0793986,10.1664,1020
7648,0.0012948845431444039,2.977912,12.445266,293
7649,0.0008927190365705447,2.3124862,9.815413,202
7650,0.016656723014031597,2.6430259,8.992308,3769
7651,0.001493757595845763,3.2438617,13.66794,338
7652,0.001864987294221633,5.98603,18.681986,422
7653,0.004768533863661474,2.368057,8.161383,1079
7654,0.001096011490443045,1.9955851,13.458241,248
7655,0.0009811070599933709,6.6772933,14.6310425,222
7656,0.00043752071594298973,10.636019,22.9951,99
7657,0.0068456524140978895,1.7685468,8.029685,1549
7658,0.0006717489780134791,3.1176136,20.238173,152
7659,0.007437852171030825,2.2870789,7.2208204,1683
7660,0.002691415313225058,2.881194,11.336145,609
7661,0.0011888189150370124,3.6121128,12.013965,269
7662,0.0016307590321511436,2.5667725,12.479116,369
7663,0.0006540713733289139,3.0170584,14.359783,148
7664,0.0014584023864766325,3.4643202,10.792663,330
7665,0.0029212241741244063,3.3642492,10.531586,661
7666,0.0018207932825102199,3.1225333,8.950532,412
7667,0.01366036901999779,2.4897707,10.385034,3091
7668,0.0008264280190034251,6.605864,22.436293,187
7669,0.0015821456192685892,2.365364,11.131279,358
7670,0.0008750414318859795,2.212672,6.547074,198
7671,0.0007601370014363054,6.734223,19.36565,172
7672,0.003115677825654624,2.6861506,12.800586,705
7673,0.0006673295768423378,4.876954,17.058928,151
7674,0.001480499392332339,3.820983,11.354797,335
7675,0.0025013810628659815,3.4938781,13.411091,566
7676,0.0022980886089934813,2.8658655,13.450948,520
7677,0.0016572754391779914,6.004227,14.693192,375
7678,0.0025278974698928294,2.0588303,8.169146,572
7679,0.0012727875372886973,5.391767,25.70403,288
7680,0.0007159429897248923,3.6726844,18.450268,162
7681,0.006629101756711966,1.7433411,10.065186,1500
7682,0.0020550215445807093,2.4742234,7.5723715,465
7683,0.002638382499171362,2.6089187,12.006666,597
7684,0.0003005192796376091,3.6999903,32.072796,68
7685,0.0014981769970169043,1.4600118,6.332564,339
7686,0.0022008617832283725,3.300585,11.943097,498
7687,0.0021610871726881007,2.0926948,13.471878,489
7688,0.0017103082532316871,3.083417,8.728343,387
7689,0.0039465252458291905,2.5149233,10.281838,893
7690,0.001595403822782013,1.6133903,8.454433,361
7691,0.0020992155562921224,2.4749684,12.663593,475
7692,0.0009236548447685339,5.8078823,16.314201,209
7693,0.002448348248812286,2.7557223,14.111753,554
7694,0.0015335322063860348,5.251165,13.419255,347
7695,0.0021168931609766876,4.29726,12.8494005,479
7696,0.016961661694840348,1.4825581,5.9552636,3838
7697,0.003257098663131146,2.17775,9.228129,737
7698,0.0015821456192685892,2.7967432,9.689152,358
7699,0.0008308474201745664,5.6989403,15.523691,188
7700,0.0020992155562921224,5.1788034,12.499973,475
7701,0.002077118550436416,3.3033788,11.033565,470
7702,0.00029168047729532647,4.5128355,16.185587,66
7703,0.003615070157993592,2.3252084,8.618196,818
7704,0.0005435863440503812,7.928022,21.715254,123
7705,0.00192243950944647,2.833774,13.271649,435
7706,0.00032703568666445695,2.8884044,17.69473,74
7707,0.0020859573527786984,2.5375724,8.888883,472
7708,0.0024262512429565793,3.0339005,9.489515,549
7709,0.00320406584907745,3.13995,10.658749,725
7710,0.0015777262180974479,2.170251,9.322404,357
7711,0.007800243067064413,3.3226774,10.083476,1765
7712,0.0016440172356645675,3.7439122,13.049164,372
7713,0.0017986962766545133,1.6414145,6.562874,407
7714,0.0016440172356645675,3.4739375,11.636527,372
7715,0.002081537951607557,3.429076,10.625991,471
7716,0.001679372445033698,2.7753835,9.149165,380
7717,0.0017147276544028285,3.5072985,13.93215,388
7718,0.0012285935255772842,4.128891,13.294299,278
7719,0.008772511324715501,2.3215773,8.545311,1985
7720,0.001224174124406143,3.9412122,9.80789,277
7721,0.012299193459286267,1.4385619,6.197869,2783
7722,0.003672522373218429,2.884741,11.028995,831
7723,0.0010783338857584797,4.2409515,17.495861,244
7724,0.0016351784333222849,5.531753,12.671558,370
7725,0.0072168821124737595,2.4208143,5.927391,1633
7726,0.014482377637830075,1.8351663,7.8679113,3277
7727,0.0019136007071041874,3.7406743,15.188016,433
7728,0.001507015799359187,2.654409,13.045251,341
7729,0.009970169042094796,2.4819465,7.745703,2256
7730,0.045506573859242075,1.3208477,6.676897,10297
7731,0.006279969064191802,1.9222852,7.408167,1421
7732,0.0022450557949397856,2.2542584,9.132734,508
7733,0.0013346591536846756,3.91171,11.924085,302
7734,0.00045519832062755497,8.988621,21.76458,103
7735,0.0010429786763893492,6.334841,21.952616,236
7736,0.000839686222516849,5.5177503,15.834867,190
7737,0.000897138437741686,7.4846783,20.193468,203
7738,0.001794276875483372,3.8671436,12.606407,406
7739,0.0022583139984532095,1.9928215,6.161265,511
7740,0.0014009501712517953,3.6388307,12.688756,317
7741,0.0022759916031377747,3.08578,13.698844,515
7742,0.003274776267815711,3.0280957,9.408269,741
7743,0.0008131698154900011,5.3971353,16.43724,184
7744,0.0009634294553088057,3.9072902,11.393541,218
7745,0.0013434979560269583,4.4274664,11.319568,304
7746,0.0012860457408021212,2.6598186,11.531795,291
7747,0.0011623025080101646,3.5404859,17.364193,263
7748,0.0024306706441277206,3.4581695,17.37601,550
7749,0.0010518174787316318,4.1362057,12.199412,238
7750,0.0017014694508894045,3.60724,8.749071,385
7751,0.017182631753397414,1.7670671,6.637697,3888
7752,0.0010915920892719036,4.412762,12.887747,247
7753,0.01136228041100431,1.7219288,7.791321,2571
7754,0.0017765992707988068,2.7927778,11.372003,402
7755,0.00441940117114131,2.347525,8.002033,1000
7756,0.0012330129267484255,3.4331105,12.607883,279
7757,0.0008882996353994034,7.624791,22.520924,201
7758,0.0028814495635841346,3.5391934,10.935649,652
7759,0.027745000552425146,2.6612704,10.365848,6278
7760,0.0011225278974698928,3.780753,10.229098,254
7761,0.001750082863771959,2.8911972,11.389592,396
7762,0.002709092917909623,3.0020735,11.343876,613
7763,0.050637498618937134,1.6397928,7.6345906,11458
7764,0.013059330460722572,2.205008,6.992312,2955
7765,0.003044967406916363,1.8273839,7.887831,689
7766,0.0051309247596950614,2.2879117,11.216634,1161
7767,0.0017014694508894045,2.3604846,11.235982,385
7768,0.0009855264611645122,4.79748,18.801369,223
7769,0.0023732184289028836,4.14188,10.395221,537
7770,0.01706772732294774,1.4425586,5.3722415,3862
7771,0.0009192354435973926,4.2769647,14.194033,208
7772,0.0012374323279195668,5.3308964,14.847979,280
7773,0.005312120207711855,3.0782776,10.460027,1202
7774,0.0008882996353994034,5.814897,20.238228,201
7775,0.001082753286929621,3.5328407,12.052501,245
7776,0.0018207932825102199,5.5990376,12.468168,412
7777,0.0011490443044967406,4.3296566,13.171442,260
7778,0.001126947298641034,7.2249527,17.433723,255
7779,0.0023422826207048944,2.7538638,10.707022,530
7780,0.003858137222406364,2.44971,10.202694,873
7781,0.004768533863661474,2.2508614,11.819526,1079
7782,0.0008794608330571208,4.201699,16.86866,199
7783,0.0005612639487349464,3.1921604,19.614534,127
7784,0.0038272014142083748,1.8214183,11.000884,866
7785,0.00044194011711413104,11.360964,26.347939,100
7786,0.0008617832283725555,4.0404124,15.996659,195
7787,0.021884874599491767,0.8170984,3.7303886,4952
7788,0.001325820351342393,4.167296,13.431782,300
7789,0.001692630648547122,3.8283052,15.866961,383
7790,0.0009280742459396752,4.42818,12.563229,210
7791,0.012555518727212462,1.6042254,5.124651,2841
7792,0.0019003425035907635,4.098267,14.581121,430
7793,0.0017103082532316871,3.9162107,12.528423,387
7794,0.0008750414318859795,1.9492236,15.03168,198
7795,0.011698154900011049,1.676385,6.5124125,2647
7796,0.0005391669428792398,3.3145857,10.031386,122
7797,0.0017854380731410894,2.9787426,12.805198,404
7798,0.0007601370014363054,3.6670432,12.733194,172
7799,0.003075903215114352,3.0116172,9.307718,696
7800,0.0012153353220638603,4.326477,14.629829,275
7801,0.0011623025080101646,4.549622,11.922927,263
7802,0.01923323389680698,0.84298736,4.2383347,4352
7803,0.0059882885868964755,1.437699,7.8713746,1355
7804,0.0022185393879129377,2.1570616,9.6917095,502
7805,0.001197657717379295,5.122565,14.548814,271
7806,0.0008441056236879903,4.863453,14.890558,191
7807,0.0007159429897248923,4.159928,13.590095,162
7808,0.0011313666998121754,1.8460357,6.576882,256
7809,0.0012462711302618495,2.5050328,10.519982,282
7810,0.001692630648547122,4.81971,14.683838,383
7811,0.0009015578389128273,4.2186236,13.463737,204
7812,0.010831952270467352,1.6641512,6.689575,2451
7813,0.00045519832062755497,0.79424804,2.3695178,103
7814,0.003588553750966744,3.6602454,10.520644,812
7815,0.003570876146282179,1.9647938,9.529772,808
7816,0.01649320517069937,1.5561919,7.075052,3732
7817,0.0012153353220638603,4.4958625,20.882627,275
7818,0.0009015578389128273,2.751044,8.858584,204
7819,0.0012727875372886973,4.977731,15.3314295,288
7820,0.002580930283946525,3.7708557,14.25643,584
7821,0.002267152800795492,2.3408852,7.3393745,513
7822,0.0013479173571980996,3.5306962,11.810733,305
7823,0.010155783891282731,2.0789855,8.758042,2298
7824,0.0048569218870843,2.0038788,10.129897,1099
7825,0.01079217765992708,2.2543254,9.964165,2442
7826,0.0024571870511545684,3.4607637,8.692894,556
7827,0.0021168931609766876,2.8540277,10.494968,479
7828,0.0011446249033255993,4.266441,16.304451,259
7829,0.008781350127057783,2.557207,7.8302217,1987
7830,0.0016749530438625567,3.8624072,9.978267,379
7831,0.0014584023864766325,3.2733326,10.009883,330
7832,0.0015865650204397305,3.245172,14.055701,359
7833,0.0033941000994365264,3.4781601,10.64509,768
7834,0.002377637830074025,3.1189423,11.269728,538
7835,0.014667992487018009,1.9984059,9.263728,3319
7836,0.0015556292122417413,3.5922394,10.5587435,352
7837,0.007804662468235554,2.2115154,8.405722,1766
7838,0.004680145840238648,3.2681172,13.122547,1059
7839,0.0011004308916141862,3.9407384,16.073761,249
7840,0.0004728759253121202,8.33093,22.718712,107
7841,0.0013876919677383714,4.0987916,15.850634,314
7842,0.006903104629322727,2.7258048,11.492987,1562
7843,0.013050491658380289,1.5634645,8.466311,2953
7844,0.0011843995138658711,4.1650624,11.814146,268
7845,0.0014628217876477738,3.7623835,18.804676,331
7846,0.0025720914816042425,6.6294203,14.657682,582
7847,0.010107170478400178,1.3617651,6.218131,2287
7848,0.0004772953264832615,10.573731,21.617144,108
7849,0.0033057120760137003,1.8507583,8.124299,748
7850,0.0007159429897248923,4.0134172,15.442246,162
7851,0.016329687327367143,3.0733845,9.550142,3695
7852,0.0013434979560269583,4.09528,13.209007,304
7853,0.0011313666998121754,4.104737,13.053521,256
7854,0.007685338636614739,2.3508494,10.067456,1739
7855,0.0011888189150370124,4.4299583,11.281536,269
7856,0.002594188487459949,2.6736388,9.171196,587
7857,0.001953375317644459,3.6459079,10.805741,442
7858,0.001082753286929621,4.256446,14.192546,245
7859,0.0011357861009833167,4.9245687,17.298737,257
7860,0.005272345597171583,2.718572,10.18449,1193
7861,0.003402938901778809,2.096734,8.590929,770
7862,0.0009192354435973926,5.5533586,15.427108,208
7863,0.0011888189150370124,5.370424,13.608259,269
7864,0.001480499392332339,4.8545566,10.774983,335
7865,0.0011888189150370124,4.4171095,12.827083,269
7866,0.010235333112363274,1.474836,7.0571556,2316
7867,0.002063860346922992,2.9706018,9.296573,467
7868,0.0018252126836813612,2.4458213,8.986585,413
7869,0.0019312783117887526,2.62166,10.265261,437
7870,0.00039774610540271795,3.0937228,16.091286,90
7871,0.0023290244171914705,3.7973552,12.681725,527
7872,0.002068279748094133,2.7722719,10.147527,468
7873,0.0010915920892719036,1.4960258,5.861901,247
7874,0.0021699259750303833,3.2287,11.036704,491
7875,0.0007645564026074467,5.1883,14.156968,173
7876,0.005241409788973594,1.6956954,7.24846,1186
7877,0.00634184068058778,1.8970854,7.4242034,1435
7878,0.0005214893381946746,2.5534909,20.328497,118
7879,0.012630648547121865,2.5287135,7.1086626,2858
7880,0.0011092696939564689,4.1682696,13.872733,251
7881,0.0009943652635067948,4.075373,10.626203,225
7882,0.001436305380620926,2.1969855,10.777539,325
7883,0.0012020771185504364,5.167862,16.66282,272
7884,0.0047596950613191915,2.68033,9.0894165,1077
7885,0.003133355430339189,2.1995432,10.68427,709
7886,0.018446580488343828,2.0030456,14.666463,4174
7887,0.0023732184289028836,2.6023614,8.656822,537
7888,0.0012020771185504364,3.928042,14.041519,272
7889,0.00019445365153021767,2.0205884,19.7906,44
7890,0.001096011490443045,5.55676,11.611783,248
7891,0.008304054800574522,1.5738622,8.37439,1879
7892,0.009868522815158546,2.027747,7.8859715,2233
7893,0.0011578831068390233,4.723533,10.945198,262
7894,0.0017677604684565242,2.0684948,7.052728,400
7895,0.0014628217876477738,2.9280434,11.63714,331
7896,0.0009590100541376643,4.4261146,13.66076,217
7897,0.0015733068169263066,1.181269,6.5784044,356
7898,0.003813943210694951,1.9000689,10.897403,863
7899,0.0019445365153021765,3.437627,12.834314,440
7900,0.014442603027289802,1.3215057,4.940027,3268
7901,0.00039332670423157664,6.3193927,16.839268,89
7902,0.0011048502927853276,4.650743,13.517242,250
7903,0.012016351784333223,1.6691359,13.063597,2719
7904,0.0006142967627886421,1.9539857,10.251558,139
7905,0.002196442382057231,2.1302438,8.257617,497
7906,0.012095901005413766,1.4201989,6.052138,2737
7907,0.0010032040658490774,5.5462165,20.912212,227
7908,0.0007557176002651641,6.5755033,17.814863,171
7909,0.0008529444260302729,2.7977717,9.960675,193
7910,0.013837145066843443,1.9747639,9.303446,3131
7911,0.002324605016020329,2.7268403,8.239693,526
7912,0.0011048502927853276,5.9825664,13.610329,250
7913,0.002006408131698155,3.9237206,12.956819,454
7914,0.0009280742459396752,3.9126828,11.880909,210
7915,0.00138327256656723,2.139682,12.860895,313
7916,0.008343829411114794,1.5681916,7.297299,1888
7917,0.000627554966302066,6.645185,15.758417,142
7918,0.0025455750745773946,3.6282847,15.615519,576
7919,0.0024837034581814163,2.5013044,12.750865,562
7920,0.01962656060103856,1.7092433,7.393568,4441
7921,0.001537951607557176,4.2386317,10.928969,348
7922,0.0008927190365705447,4.7587214,12.9005995,202
7923,0.0009987846646779361,5.5196695,12.415427,226
7924,0.0013788531653960887,2.0202093,9.1869335,312
7925,0.0010739144845873384,1.8384336,9.1622,243
7926,0.00016793724450336978,3.318248,13.130256,38
7927,0.0034913269252016352,1.6585294,8.36828,790
7928,0.00048613412882554414,5.778653,14.882641,110
7929,0.0016263396309800023,2.7981339,14.361882,368
7930,0.0006717489780134791,5.3890567,18.423204,152
7931,0.0005170699370235333,8.893563,20.224253,117
7932,0.0031687106397083197,2.4293787,9.6868105,717
7933,0.001909181305933046,3.132149,13.275144,432
7934,0.002987515191691526,5.3883915,18.232426,676
7935,0.0015865650204397305,3.9224534,12.5031595,359
7936,0.0035531985415976136,3.0968835,9.919274,804
7937,0.001268368136117556,4.0788283,11.144122,287
7938,0.014641476079991162,1.4459882,8.113198,3313
7939,0.0008882996353994034,3.2421346,12.998341,201
7940,0.0062180974477958235,32.590816,51.69883,1407
7941,0.012789746989282952,1.5987296,9.187575,2894
7942,0.0017147276544028285,4.3078556,11.064304,388
7943,0.012383162081537951,2.5792942,9.697935,2802
7944,0.0008794608330571208,4.6298056,11.41205,199
7945,0.0011490443044967406,2.79109,12.519961,260
7946,0.0016970500497182632,2.2885444,9.306372,384
7947,0.0011667219091813059,6.9477687,18.410635,264
7948,0.0019710529223290244,4.481721,15.001788,446
7949,0.002651640702684786,3.0569181,10.580057,600
7950,0.0016749530438625567,4.963577,11.996197,379
7951,0.0011755607115235885,4.301609,16.721828,266
7952,0.002320185614849188,2.6399791,10.84759,525
7953,0.016484366368357088,1.5681895,6.9238086,3730
7954,0.001312562147828969,5.471664,13.400016,297
7955,0.006257872058336096,1.8572116,8.089686,1416
7956,0.0007115235885537509,8.7321205,19.719013,161
7957,0.0011092696939564689,4.177888,13.173253,251
7958,0.0012285935255772842,4.4482765,12.04561,278
7959,0.0008485250248591316,5.8517165,13.902102,192
7960,0.003447132913490222,2.514421,9.776126,780
7961,0.00032261628549331564,3.721911,25.53793,73
7962,0.0018296320848525025,3.2569113,11.962787,414
7963,0.00475527566014805,1.6582937,11.0609255,1076
7964,0.0009324936471108165,4.141632,11.44766,211
7965,0.0015821456192685892,1.4842902,12.482154,358
7966,0.002006408131698155,2.9592578,14.317361,454
7967,0.00040658490774500057,13.9644575,26.468525,92
7968,0.01004971826317534,1.5269877,9.494509,2274
7969,0.001038559275218208,5.2798743,17.44343,235
7970,0.002178764777372666,2.7442102,15.375238,493
7971,0.007663241630759032,1.5376035,8.179932,1734
7972,0.0020152469340404375,3.7124434,9.369743,456
7973,0.0012153353220638603,4.507694,14.465211,275
7974,0.0008131698154900011,7.8699403,20.667439,184
7975,0.002267152800795492,2.8569949,11.850432,513
7976,0.0010164622693625014,3.2896457,12.004508,230
7977,0.001878245497735057,2.7477057,13.687186,425
7978,0.0019312783117887526,3.4416258,13.403295,437
7979,0.0019268589106176113,3.9568796,13.225263,436
7980,0.0017279858579162524,2.4124181,11.805846,391
7981,0.0020594409457518506,3.0621092,7.403283,466
7982,0.0010429786763893492,3.528071,12.861832,236
7983,0.005290023201856149,2.1755757,9.507484,1197
7984,0.0006850071815269031,4.9524307,14.26475,155
7985,0.002320185614849188,3.3241594,9.58046,525
7986,0.0007910728096342946,6.2214036,14.0873995,179
7987,0.001537951607557176,2.194997,10.781197,348
7988,0.0012639487349464147,4.8966594,14.732849,286
7989,0.0017191470555739698,3.769206,15.318557,389
7990,0.026728538283062646,1.6841435,4.889736,6048
7991,0.005051375538614518,2.4519508,8.748301,1143
7992,0.009183515633631643,1.4664067,6.4514537,2078
7993,0.012321290465141974,1.347491,5.8476257,2788
7994,0.017814606120870623,1.3290707,5.124177,4031
7995,0.001864987294221633,4.4829535,15.099512,422
7996,0.0009811070599933709,4.1131053,14.606955,222
7997,0.00101204286819136,4.9805636,16.126944,229
7998,0.006929621036349575,2.1074235,7.1386237,1568
7999,0.0007999116119765772,2.8725135,8.857249,181
8000,0.007875372886973816,1.6010526,6.4589553,1782
8001,0.0008662026295436968,3.1054487,13.824341,196
8002,0.0014539829853054912,3.458821,16.571432,329
8003,0.01048723897911833,2.659085,8.646204,2373
8004,0.0072389791183294664,1.9606861,11.405106,1638
8005,0.0013479173571980996,4.03287,13.845067,305
8006,0.006333001878245498,1.7714968,6.6974993,1433
8007,0.0006496519721577726,4.884791,19.165653,147
8008,0.00873715611534637,1.9650129,7.9559255,1977
8009,0.0007468787979228815,4.0339556,11.155025,169
8010,0.001480499392332339,2.5305965,11.460973,335
8011,0.0009413324494530991,2.3014965,15.016226,213
8012,0.0010783338857584797,5.241026,15.312047,244
8013,0.0030228704010606565,2.2773235,9.897903,684
8014,0.0012948845431444039,4.8678317,15.412462,293
8015,0.0074024969616616944,2.6631687,9.495156,1675
8016,0.00028726107612418516,4.1577244,21.976416,65
8017,0.002253894597282068,2.7420208,11.435137,510
8018,0.0036504253673627224,2.6004548,8.590023,826
8019,0.007000331455087836,1.9025869,5.9596143,1584
8020,0.002810739144845873,3.6567783,11.3786335,636
8021,0.003327809081869407,0.9589763,4.6565595,753
8022,0.0009236548447685339,5.4745593,13.2963505,209
8023,0.027426803668102972,1.2977374,4.750219,6206
8024,0.0014451441829632086,2.710307,11.75341,327
8025,0.0019401171141310352,2.6458127,15.430299,439
8026,0.001025301071704784,4.793995,16.086111,232
8027,0.0016749530438625567,4.4343057,13.779832,379
8028,0.0014981769970169043,2.3701375,10.53895,339
8029,0.001255109932604132,2.5537837,9.941079,284
8030,0.011052922329024417,1.795679,7.055696,2501
8031,0.0009192354435973926,6.6863413,25.514372,208
8032,0.01615733068169263,1.9463056,8.132702,3656
8033,0.00019003425035907636,3.767309,16.32088,43
8034,0.0013434979560269583,3.949923,14.813136,304
8035,0.004671307037896365,3.233905,10.908227,1057
8036,0.0008175892166611424,8.778672,25.541748,185
8037,0.0037830074024969617,3.414123,12.544252,856
8038,0.0015114352005303282,3.1725297,12.173353,342
8039,0.004039332670423158,1.9435785,8.456375,914
8040,0.0015114352005303282,5.213018,14.560815,342
8041,0.0014009501712517953,4.144295,12.908133,317
8042,0.0013169815490001104,5.660982,19.11959,298
8043,0.0008043310131477185,0.8022024,2.4523013,182
8044,0.023086951718042207,2.1701498,9.694511,5224
8045,0.0018384708871947851,3.2864902,10.815494,416
8046,0.0034382941111479395,2.9784074,11.108475,778
8047,0.0006850071815269031,5.525603,13.953075,155
8048,0.0004286819136007071,5.309669,16.214085,97
8049,0.0031775494420506023,3.616375,9.514123,719
8050,0.006819136007071042,2.1222026,12.285237,1543
8051,0.002253894597282068,2.7413735,10.811866,510
8052,0.00239531543475859,3.4678125,10.3989725,542
8053,0.022066070047508563,1.2680544,6.70623,4993
8054,0.026565020439730417,2.959771,9.14156,6011
8055,0.0018252126836813612,3.0110238,12.911588,413
8056,0.0008750414318859795,7.8837767,20.444265,198
8057,0.0024129930394431553,3.3505495,16.688282,546
8058,0.0010429786763893492,9.336545,21.740864,236
8059,0.0014318859794497847,2.8142934,9.456283,324
8060,0.0015246934040437522,3.1436174,11.001028,345
8061,0.0014274665782786434,3.571663,11.156591,323
8062,0.00219202298088609,2.1184158,9.277948,496
8063,0.006081096011490443,32.201553,48.18101,1376
8064,0.0011711413103524472,4.2987285,12.66646,265
8065,0.0012285935255772842,3.3933616,10.541553,278
8066,0.0015467904098994587,3.6742759,10.772782,350
8067,0.0006805877803557617,6.0927005,17.836237,154
8068,0.0011932383162081537,3.5507295,12.703813,270
8069,0.0011092696939564689,6.628256,18.378086,251
8070,0.004596177217986963,3.7660532,10.17243,1040
8071,0.0026030272898022316,3.0464551,10.642537,589
8072,0.0017677604684565242,2.2007432,7.276245,400
8073,0.023290244171914706,1.6408889,5.617819,5270
8074,0.005572864876809192,1.5095769,6.0518556,1261
8075,0.0007336205944094576,5.9775667,15.227366,166
8076,0.007411335764003977,2.7933645,11.411452,1677
8077,0.0008131698154900011,6.6145954,19.753647,184
8078,0.001993149928184731,2.5235817,10.664829,451
8079,0.006903104629322727,2.0616443,8.403025,1562
8080,0.0018959231024196221,2.0323987,8.366852,429
8081,0.0021566677715169594,4.0058947,10.100293,488
8082,0.0014318859794497847,4.0964193,12.551152,324
8083,0.002306927411335764,2.6094384,12.365757,522
8084,0.0013346591536846756,3.5488327,12.734318,302
8085,0.0011932383162081537,3.1693575,17.585583,270
8086,0.0021610871726881007,2.989552,10.659133,489
8087,0.0003049386808087504,3.8566816,23.837906,69
8088,0.00384487901889294,1.3678926,5.414576,870
8089,0.0011711413103524472,4.936943,17.477913,265
8090,0.008175892166611425,1.9762111,7.788499,1850
8091,0.0007512981990940228,2.2220702,9.239685,170
8092,0.0020903767539498398,3.4266713,11.853374,473
8093,0.0011357861009833167,4.263444,13.490855,257
8094,0.0017633410672853829,2.5725615,9.593947,399
8095,0.009148160424262513,2.1951566,9.785141,2070
8096,0.005201635178433322,1.4355351,5.0257187,1177
8097,0.005449121644017236,2.110787,8.40465,1233
8098,0.005975030383383052,2.3375077,9.676142,1352
8099,0.0006894265826980444,4.860528,18.907778,156
8100,0.0013523367583692409,3.312067,10.390306,306
8101,0.015892166611424154,1.7344022,5.1874757,3596
8102,0.010067395867859905,4.76287,12.456256,2278
8103,0.009563584134349795,1.6029891,7.3244023,2164
8104,0.025857916252347807,1.6765482,6.453309,5851
8105,0.001807535078996796,3.5416884,12.803464,409
8106,0.001723566456745111,3.177569,11.904442,390
8107,0.0002077118550436416,4.1236916,14.655322,47
8108,0.0018207932825102199,3.111861,7.7208643,412
8109,0.00458733841564468,1.7109112,7.837599,1038
8110,0.006156225831399845,1.9639051,9.597089,1393
8111,0.004476853386366148,2.449494,11.697892,1013
8112,0.003058225610429787,2.2330306,8.312658,692
8113,0.0009590100541376643,4.2589707,11.66496,217
8114,0.0007778146061208707,3.006254,13.610365,176
8115,0.002620704894486797,2.1908674,7.678975,593
8116,0.0008131698154900011,8.241036,19.56083,184
8117,0.01055794939785659,1.9201727,8.0196705,2389
8118,0.0007557176002651641,4.6768203,14.862727,171
8119,0.0042514639266379405,1.400666,7.3409605,962
8120,0.0015202740028726108,4.6066947,14.545292,344
8121,0.01001436305380621,1.2883354,6.6901975,2266
8122,0.0054093470334769635,1.1330044,7.448873,1224
8123,0.007203623908960336,2.550262,9.476614,1630
8124,0.010615401613081428,2.277143,9.295283,2402
8125,0.009806651198762568,1.6969805,8.391814,2219
8126,0.00032703568666445695,5.933996,29.467758,74
8127,0.007305270135896586,2.2037575,6.527024,1653
8128,0.008975803778588,2.2616806,9.235636,2031
8129,0.0009766876588222296,3.5179715,10.685867,221
8130,0.0018694066953927743,3.521521,10.02264,423
8131,0.0008927190365705447,4.469471,13.569251,202
8132,0.0002519058667550547,4.73154,23.93025,57
8133,0.004605016020329245,2.955512,12.124749,1042
8134,0.0028770301624129932,2.538888,11.880272,651
8135,0.001197657717379295,3.4026992,12.234193,271
8136,0.001537951607557176,3.6418834,13.39716,348
8137,0.0006850071815269031,6.785031,18.05604,155
8138,0.009559164733178655,2.9061196,13.190293,2163
8139,0.0020285051375538614,3.2518513,14.086204,459
8140,0.001339078554855817,3.6807492,9.477188,303
8141,0.0013876919677383714,3.6598115,10.779775,314
8142,0.0023113468125069052,2.781735,9.445284,523
8143,0.007778146061208706,1.8336961,5.989527,1760
8144,0.00064081316981549,4.400154,17.362274,145
8145,0.005899900563473649,2.5541167,14.297285,1335
8146,0.0018296320848525025,3.873838,12.200905,414
8147,0.000954590652966523,4.9472604,11.156807,216
8148,0.0037343939896144073,3.406712,9.954557,845
8149,0.0005214893381946746,6.8863463,17.09702,118
8150,0.0024748646558391337,3.3430731,14.916577,560
8151,0.0008706220307148382,5.0358195,13.928796,197
8152,0.010955695503259309,1.9153064,8.754248,2479
8153,0.017894155341951167,1.5232435,7.63069,4049
8154,0.003513423931057342,1.7092637,7.386733,795
8155,0.00039774610540271795,11.437512,31.697817,90
8156,0.015238095238095238,1.536438,6.176346,3448
8157,0.0011623025080101646,4.859637,14.200994,263
8158,0.0013302397525135343,5.6728554,14.573088,301
8159,0.006363937686443487,1.8447708,7.026554,1440
8160,0.00613854822671528,1.5232447,8.249812,1389
8161,0.0010164622693625014,3.9245284,10.327006,230
8162,0.0019754723235001657,1.6665391,9.745106,447
8163,0.0026560601038559273,2.7289846,7.6251984,601
8164,0.003402938901778809,2.685245,10.753428,770
8165,0.005002762125731963,3.3892632,10.797432,1132
8166,0.0033233896806982655,1.8260654,7.5941854,752
8167,0.002793061540161308,2.5621276,10.420858,632
8168,0.001493757595845763,3.3726847,14.134221,338
8169,0.02688321732405259,1.2596487,5.6962695,6083
8170,0.00650977792509115,1.7190384,7.303392,1473
8171,0.0002960998784664678,5.7658143,20.798983,67
8172,0.0014451441829632086,3.832974,13.638544,327
8173,0.0047596950613191915,2.0153232,8.415651,1077
8174,0.004936471108164844,2.4753773,10.492895,1117
8175,0.0012595293337752734,4.730182,11.613383,285
8176,0.002037343939896144,4.068616,11.273961,461
8177,0.0005966191581040769,6.949527,27.292305,135
8178,0.0097138437741686,1.7721543,8.005967,2198
8179,0.0009413324494530991,3.9538686,13.4628105,213
8180,0.0013611755607115235,5.451678,14.608842,308
8181,0.013638272014142083,1.2503867,4.0902276,3086
8182,0.0005656833499060877,0.87088376,3.8429198,128
8183,0.000627554966302066,6.9599757,21.895607,142
8184,0.002651640702684786,3.2779543,10.411108,600
8185,0.0015556292122417413,3.8514009,10.846866,352
8186,0.00044635951828527235,4.3274508,11.2155285,101
8187,0.007817920671748978,2.320088,8.085503,1769
8188,0.002196442382057231,2.3427374,9.657972,497
8189,0.0017765992707988068,3.6319523,10.326213,402
8190,0.026587117445586124,1.3230066,6.122022,6016
8191,0.0008662026295436968,4.935449,14.601296,196
