feature,density,mean_act,max_act,n_active_frames
0,0.00048177497386397354,2.201306,9.837234,453
1,0.0016144247468554346,1.5980469,4.6494584,1518
2,0.0007253212630799778,2.6030047,11.119547,682
3,0.00018079855531319097,1.4370594,5.372207,170
4,0.016435652198882666,3.023647,12.833167,15454
5,0.0010720290809158616,1.787936,5.967559,1008
6,0.004632697099672117,2.3316033,15.473137,4356
7,0.0023291108007993423,5.5343337,15.887161,2190
8,0.0067374049877003805,2.0533051,7.7269397,6335
9,0.008576232647326893,1.4190959,4.7636147,8064
10,0.0010656479554342197,1.4920995,6.4429307,1002
11,0.041230578778716394,2.4541972,7.8137217,38768
12,0.0009933285333089432,2.3030093,7.1147738,934
13,0.001130522731164247,1.6299785,5.969682,1063
14,0.0006615100082635575,1.8742862,10.980988,622
15,0.004569949365769303,2.278558,7.6999407,4297
16,0.002100453804373836,1.8295363,5.873175,1975
17,0.0013634338112441813,1.400398,4.6195474,1282
18,0.00732021444835702,1.3704463,4.8109255,6883
19,0.0010486316208165075,1.7030218,8.439381,986
20,0.0004169001981339462,2.1079204,11.195696,392
21,0.0012772886172420137,1.74693,6.4944406,1201
22,0.00316822880163527,1.3798856,3.3847895,2979
23,0.0006051433998423862,2.3606465,8.300365,569
24,0.005771727998145219,2.6173644,10.871881,5427
25,0.0014644682980368467,0.8071935,1.6270893,1377
26,0.0019824029829634583,2.8953495,12.625599,1864
27,0.0011166969592873559,1.5687965,4.941173,1050
28,0.004003092718816769,2.9464822,12.028791,3764
29,0.0706518213327406,6.9831004,24.503225,66432
30,0.0004722032856415105,1.7854227,9.527574,444
31,0.000568983688779748,2.3609722,12.730578,535
32,0.004952816894667826,2.1848292,9.507509,4657
33,0.0030831471285467094,4.4096823,13.902297,2899
34,0.0006466207154730595,1.7117231,4.4758863,608
35,0.000935898403974165,1.8668691,8.472552,880
36,0.004908149016296331,2.167729,9.220519,4615
37,0.0006700181755724136,1.7494516,6.8307447,630
38,0.003021462915557503,3.2177758,11.153321,2841
39,0.008167840616501804,2.0585885,7.1493287,7680
40,0.00558348479643678,3.308242,12.659266,5250
41,8.827223582938147e-05,1.3816249,5.220531,83
42,0.00270985128787065,2.2285335,9.142115,2548
43,0.0005253793313218608,1.7940063,5.1278477,494
44,0.0005902541070518881,1.927253,8.346621,555
45,0.004917720704518794,2.201633,12.171841,4624
46,0.00010316152861987954,3.8257985,14.213433,97
47,0.001149666107609173,1.3905988,4.657604,1081
48,0.0019047659562701472,1.4741936,3.937419,1791
49,0.0008008312479460752,2.2792573,10.909221,753
50,0.0002084500990669731,2.0367634,14.078357,196
51,0.006828867786270583,2.9575548,10.67874,6421
52,0.0002594991029201094,1.8271592,6.5098233,244
53,0.002458860352259397,2.4828756,15.443303,2312
54,0.004831575510516627,2.7199914,10.109918,4543
55,0.018922164094895843,1.7617385,7.3604126,17792
56,0.0003041669812916036,1.3966843,3.958723,286
57,0.002441844017641685,2.9600632,10.537322,2296
58,0.0015846461612744383,1.608198,5.3974295,1490
59,0.00960359384987126,1.7074517,7.2048163,9030
60,0.00048177497386397354,2.0344834,10.035439,453
61,0.0031086716304732772,2.6059875,10.480815,2923
62,0.00039031217529377106,1.2289852,2.6198804,367
63,0.0015335971574213022,1.7888699,10.898464,1442
64,0.0002084500990669731,2.6517756,11.947174,196
65,0.001500628009099485,1.6521382,9.4645815,1411
66,0.002811949295576923,2.7472365,10.896286,2644
67,0.0013708784576394303,1.7939569,5.898606,1289
68,0.001860098077898653,2.346282,8.883107,1749
69,0.0014942468836178428,1.4890329,6.206801,1405
70,0.0010018367006177993,1.9726849,7.793584,942
71,0.0035085554939895116,2.2466345,8.092291,3299
72,0.002441844017641685,1.5846013,4.856413,2296
73,0.000381804007984915,2.2058487,8.399885,359
74,0.002140867599090902,2.1562355,9.23834,2013
75,0.006022718933756473,2.5533602,9.123151,5663
76,0.0038850418974063915,3.848601,10.275792,3653
77,0.000755099848660974,2.2284353,8.910178,710
78,0.006768247094194984,2.8260376,8.982845,6364
79,0.0034830309920629433,1.290445,3.6130962,3275
80,0.0008082758943413243,2.2711883,8.544403,760
81,0.0008625154609352816,2.1310785,7.7584805,811
82,0.014212893489444023,1.5219868,9.044206,13364
83,0.00034670781783588384,1.7663903,7.323268,326
84,0.0009869474078273012,2.1093745,8.017542,928
85,0.0009624864268143401,1.5834936,6.5219126,905
86,0.0008699601073305306,1.9689026,10.714595,818
87,0.00042221780270198123,2.226915,8.266274,397
88,0.009714200024886389,2.5606704,9.5540285,9134
89,0.00028821416758749853,3.832515,13.888625,271
90,0.0059663523253353015,3.35978,11.326804,5610
91,0.0038775972510111424,2.2858372,8.711569,3646
92,0.0006306679017689543,1.5549691,6.4978604,593
93,0.012503815381277565,2.3632307,9.156622,11757
94,0.00012230490506480565,2.0702662,11.499711,115
95,0.0053771617391970205,3.3207734,12.153632,5056
96,0.0006593829664363435,1.5733103,4.6434126,620
97,0.004344482932084618,2.9558947,21.277393,4085
98,0.0007306388676480128,1.7616225,5.9738507,687
99,0.0009220726320972738,1.6420088,7.1989527,867
100,0.001103934708324072,1.8813361,5.472612,1038
101,1.3825771876891073e-05,2.1368558,3.3691916,13
102,0.0014548966098143837,1.7370304,8.014517,1368
103,0.006151404964302921,2.2046874,7.81209,5784
104,0.006583194455227365,1.3290555,4.032887,6190
105,0.0004977277875680787,1.6991934,8.863791,468
106,0.0010975535828424297,1.7303799,5.530676,1032
107,0.007009666341583774,1.9341403,6.7685246,6591
108,0.00025524501926568136,9.942809,15.129371,240
109,0.0063045519758623296,1.96347,6.8316956,5928
110,0.00013825771876891074,1.4589883,3.6673346,130
111,0.0014229909824061736,2.2655473,11.140215,1338
112,0.004024363137088909,2.413738,11.316632,3784
113,0.00037010527793523794,1.9313773,5.983806,348
114,0.006628925854512466,3.0774186,10.723742,6233
115,0.002594991029201094,1.8400623,7.663067,2440
116,0.0011188240011145698,2.4224327,8.837481,1052
117,0.0033139311667994297,2.0427182,7.250512,3116
118,0.0020174991731124895,2.0656521,8.217151,1897
119,0.0009901379705681223,1.5730476,4.8177752,931
120,0.00885806568943275,2.8841627,8.9825535,8329
121,0.00010741561227430756,2.0496056,8.007124,101
122,0.008084885985240457,3.298967,11.215661,7602
123,0.0011603013167452432,1.9914002,7.535722,1091
124,0.0010294882443715814,2.6586637,10.497891,968
125,0.004196653525093244,1.4398682,4.335143,3946
126,0.013895964257189135,2.622654,8.119942,13066
127,0.00014144828150973175,2.085902,6.6470823,133
128,0.005312286963466993,4.006704,12.9123,4995
129,0.002242965606797175,1.8844031,6.5178795,2109
130,0.00015421053247301582,1.8744141,5.1873593,145
131,0.0036967986956979513,2.7110813,11.224318,3476
132,0.0030076371436806118,1.9147052,7.939986,2828
133,0.001680363043499069,2.6750076,12.82477,1580
134,0.0022493467322788167,4.5847545,13.492989,2115
135,0.0008508167308856045,2.5074918,8.926501,800
136,0.00046688568107347545,1.198091,3.3811936,439
137,0.000761480974142616,1.6752133,5.7715044,716
138,0.0004913466620864366,1.6731429,4.152785,462
139,0.0036436226500176014,4.803398,13.222817,3426
140,2.6588022840175142e-05,1.0412346,1.789014,25
141,0.0006072704416696002,2.0101318,7.7658863,571
142,0.0025184175234213894,1.978255,9.121939,2368
143,0.002212123500302572,2.3518977,11.963397,2080
144,0.004465724316235817,2.6749954,8.948536,4199
145,0.0016037895377193645,2.4828398,13.038605,1508
146,0.004723096377328712,1.981355,6.95725,4441
147,0.0017292850055249912,1.8042164,5.6731353,1626
148,0.00046369511833265446,1.7858478,7.6350894,436
149,0.0010231071188899394,1.4678797,4.9920473,962
150,0.0012698439708467646,3.1464393,10.75728,1194
151,0.0023716516373436226,2.0426917,6.5216327,2230
152,0.00039882034260262713,1.7860068,8.20871,375
153,0.00043604357457887233,1.9337577,7.3211555,410
154,0.0015984719331513294,4.242456,14.4814415,1503
155,0.0005147441221857907,1.5939269,9.64642,484
156,0.0018250018877496216,1.854438,7.6865153,1716
157,0.00039031217529377106,2.0204146,8.319048,367
158,0.0004147731563067322,1.7665431,5.445265,390
159,7.125590121166937e-05,1.1680079,2.804532,67
160,0.0031416407787950946,2.08374,8.894854,2954
161,0.003025716999211931,4.077541,14.663168,2845
162,0.0013910853549979633,2.3939598,8.556074,1308
163,0.0010794737273111107,1.5509754,5.4100547,1015
164,0.005500530165175433,2.4389722,11.05617,5172
165,0.0045742034494237315,1.7038137,6.171813,4301
166,0.0021865989983760035,3.7084749,11.191442,2056
167,0.0008082758943413243,1.7874804,8.89032,760
168,0.0003998838635162341,1.5672835,6.616793,376
169,0.0061482144015620995,1.9171324,5.9399533,5781
170,0.0008997386929115267,2.0576582,10.738359,846
171,0.0023939855765293698,1.8709551,7.3691397,2251
172,0.00040413794717066216,2.406963,11.486808,380
173,0.003052305022052106,2.909549,9.477672,2870
174,0.007255339672626993,3.0908916,11.604234,6822
175,0.0027672814172054285,3.7373433,14.91079,2602
176,0.0038765337300975355,1.9919672,8.392559,3645
177,0.004090301433732544,1.9225113,6.4190283,3846
178,0.002854490132121203,3.9470732,15.306931,2684
179,0.003561731539669862,1.6799461,6.2534404,3349
180,0.0009316443203197369,1.4438356,4.1455812,876
181,0.0032596916002054725,2.750174,11.6379385,3065
182,2.020689735853311e-05,1.0465002,1.9330703,19
183,0.002860871257602845,2.3444886,9.289565,2690
184,0.000571110730606962,1.370185,6.38509,537
185,0.0005987622743607442,1.5514541,4.9234185,563
186,0.0001510199697321948,2.5221539,11.999344,142
187,0.0011624283585724572,1.8039705,8.380391,1093
188,0.0009167550275292389,1.5187562,5.6946735,862
189,0.00044986934645576337,2.006209,8.975871,423
190,0.0008603884191080676,2.1025805,10.887749,809
191,0.0014697859026048818,1.8009244,10.281045,1382
192,0.007757321543849499,1.6501355,6.5984764,7294
193,0.006048243435683041,2.3199902,9.147145,5687
194,0.004781590027577097,2.0877948,7.9501057,4496
195,0.000760417453229009,1.7997367,5.4394617,715
196,0.005487767914212149,2.0193264,7.8666945,5160
197,0.0002807695211922495,1.9331989,7.6266785,264
198,0.0010709655600022547,1.9253842,6.6411824,1007
199,0.0002095136199805801,1.6417034,7.147018,197
200,0.000981629803259266,1.6695795,5.2850647,923
201,0.007581840593104343,2.8579912,13.069496,7129
202,0.00013825771876891074,2.0975442,8.173016,130
203,0.001154983712177208,2.0142648,9.814114,1086
204,0.014459630341400848,1.9482507,7.6760654,13596
205,3.615971106263819e-05,1.214163,1.7883326,34
206,0.0016059165795465785,2.462357,9.871789,1510
207,0.0029555246189138687,1.311111,3.8509574,2779
208,0.005503720727916254,2.690527,12.455673,5175
209,0.000940152487628593,1.77771,6.9409437,884
210,0.00240462078566544,1.8833485,8.925461,2261
211,0.003836119935380469,1.9432523,7.142743,3607
212,0.004099873121955006,2.0536869,6.866335,3855
213,0.00048602905751840157,1.9034046,8.537691,457
214,0.0013836407086027143,1.5715505,4.866167,1301
215,0.009121818876007288,3.824278,13.558772,8577
216,0.021138541678852842,2.1974764,7.9192033,19876
217,0.039819286526359896,1.6991712,8.612631,37441
218,0.00045944103467822643,1.8354745,8.806821,432
219,0.00011486025866955661,1.8107772,5.4541945,108
220,0.003914820482987387,3.3214421,12.722223,3681
221,9.57168822246305e-06,1.3907614,2.5900204,9
222,0.002101517325287443,5.1580153,15.93598,1976
223,0.003590446604337251,3.1466942,9.787884,3376
224,0.0006827804265356976,1.8029358,5.748959,642
225,0.00383931049812129,2.5516882,11.312266,3610
226,0.001910083560838182,1.5323172,5.4472666,1796
227,0.00025524501926568136,2.3339114,5.761292,240
228,0.001151793149436387,1.7439167,6.162311,1083
229,0.004741176232860031,2.5486348,11.313577,4458
230,0.029524404082644083,1.8700492,5.2285542,27761
231,0.00045944103467822643,1.805188,6.4687696,432
232,0.0006976697193261957,2.0273263,7.829353,656
233,0.0002828965630194635,1.7159481,5.670807,266
234,0.00044242470006051435,1.7798052,6.0668035,416
235,0.001330464662922364,1.5971507,5.1535034,1251
236,0.0016133612259418275,1.5053715,6.8995466,1517
237,0.004312577304676408,1.3998598,4.95376,4055
238,0.0011645554003996712,1.5174168,4.996958,1095
239,0.0025524501926568136,3.4801106,14.197069,2400
240,0.0014804211117409518,2.0276425,8.352615,1392
241,0.0068214231398753345,2.3145688,7.611261,6414
242,0.0005764283351749971,1.7879328,8.543592,542
243,0.0005094265176177557,1.5704315,4.325882,479
244,0.0004839020156911876,2.439143,10.87891,455
245,0.002997001934544542,4.5023828,15.288556,2818
246,0.0010114083888402624,1.7487092,5.600489,951
247,0.0012156044042528073,1.9933654,5.701637,1143
248,0.0063300764777888974,2.8385823,9.442179,5952
249,0.0018047949903910886,1.8577294,6.8798647,1697
250,0.0018058585113046954,1.7760608,6.2541075,1698
251,0.004225368589760634,3.1379733,12.12367,3973
252,0.003603208855300535,2.9010653,11.838391,3388
253,0.004599727951350299,1.7537811,6.6490245,4325
254,0.002446098101296113,1.5283562,5.084248,2300
255,0.0023376189681081983,2.0473003,7.3830104,2198
256,0.0008816588373802077,1.604919,6.7142925,829
257,0.005603691693795313,1.499387,5.1068897,5269
258,0.002432272329419222,1.9302422,6.9350724,2287
259,0.006043989352028613,1.5864087,5.8343267,5683
260,0.0009720581150368031,1.8161634,6.1060457,914
261,0.0006423666318186314,1.4215906,9.025708,604
262,0.0007019238029806237,1.6851268,5.071864,660
263,0.00027119783296978645,2.23599,15.397665,255
264,0.0008146570198229663,2.533238,9.299349,766
265,0.0008008312479460752,1.6863682,4.9691787,753
266,0.0008454991263175695,1.878839,6.1495075,795
267,0.006538526576855871,2.0018427,8.237139,6148
268,0.002795996481872818,2.0259078,10.178319,2629
269,0.0003201197949957087,2.3288012,8.904801,301
270,0.0002052595363261521,2.4939582,12.150849,193
271,0.009461082047447921,4.5113525,12.824539,8896
272,0.012184759107195464,1.929098,7.2630687,11457
273,0.0016410127696956096,1.956072,7.6243706,1543
274,0.003024653478298324,3.535526,17.359497,2844
275,0.0015740109521383684,1.7387828,7.803888,1480
276,0.0006615100082635575,1.6131474,6.9935784,622
277,0.0010177895143219044,1.6423542,5.3034363,957
278,0.0038371834562940764,2.506944,8.505974,3608
279,0.005734504766168974,1.9296674,7.3265686,5392
280,0.0004913466620864366,1.7641313,5.382924,462
281,0.003932900338518707,2.4978118,11.366639,3698
282,0.004938991122790934,2.2280602,7.515291,4644
283,0.0013921488759115704,2.4491878,7.636146,1309
284,0.0006072704416696002,1.6745005,4.127425,571
285,0.0036563849009808853,2.5280867,11.069739,3438
286,0.0030905917749419584,2.073125,7.261909,2906
287,0.0013932123968251773,2.3866074,8.974334,1310
288,0.00037010527793523794,1.8682917,8.031874,348
289,0.007256403193540599,2.6343687,11.273052,6823
290,0.000551967354162036,2.3471704,14.045106,519
291,0.003427727904555379,5.007262,14.349708,3223
292,0.00031480219042767367,2.5735788,13.019579,296
293,0.001139030898473103,2.7721028,9.932296,1071
294,0.0030937823376827795,1.7250068,6.4301305,2909
295,0.0020876915534105522,2.7942123,10.330865,1963
296,0.001147539065781959,3.5219495,13.469745,1079
297,1.8079855531319095e-05,1.1863675,1.9396268,17
298,0.0010337423280260094,1.7367898,6.7088575,972
299,0.026718835912548804,1.0919248,2.9510567,25123
300,0.0011560472330908152,2.2008066,8.314649,1087
301,0.0005423956659395729,2.0667112,13.308671,510
302,0.004773081860268241,3.6005845,13.897398,4488
303,0.0006997967611534096,1.4585273,5.0798283,658
304,0.0014229909824061736,2.2467191,9.391044,1338
305,0.002807695211922495,2.6705215,10.024452,2640
306,0.0011985880696350954,2.4932904,7.894198,1127
307,0.0031044175468188493,1.6480044,5.4212966,2919
308,0.0007827513924147561,1.7090496,6.5443172,736
309,0.0012241125715616635,1.9083412,7.7626667,1151
310,0.08724700166866431,2.3027842,10.380578,82036
311,0.0027609002917237868,2.0934212,8.036804,2596
312,0.004869862263406479,1.7581023,7.100237,4579
313,0.0005264428522354678,2.7077317,10.831806,495
314,2.446098101296113e-05,1.8891823,6.496933,23
315,0.00012017786323759164,2.8731122,11.369774,113
316,0.0019281634163695013,1.636084,6.2206044,1813
317,0.011274385205147867,2.484048,10.722286,10601
318,0.0012772886172420137,2.6762276,10.274916,1201
319,0.0009305807994061299,1.9835204,10.047812,875
320,0.04638121056331512,2.8779583,16.625107,43611
321,0.003779753326959298,3.1652296,12.26715,3554
322,0.0072691654445038835,1.8528428,7.6357713,6835
323,0.0006849074683629116,1.5898407,6.5206757,644
324,0.004192399441438816,4.772705,12.558008,3942
325,0.0037010527793523798,3.5652566,15.969311,3480
326,0.05337811465393561,1.834805,10.082623,50190
327,0.006916076501186357,2.613865,10.209363,6503
328,0.002654548200363086,2.0518613,6.7418637,2496
329,0.0016792995225854619,1.9836388,7.030545,1579
330,0.00023397460099354125,2.0030553,7.115874,220
331,0.0003573430269719539,2.1992545,10.119427,336
332,0.0003137386695140667,1.5586014,5.619622,295
333,0.0012623993244515158,2.0150802,7.4809694,1187
334,0.0004402976582333003,2.030724,6.920002,414
335,0.0016410127696956096,2.5735126,8.094525,1543
336,0.0011975245487214883,1.7434648,6.2533236,1126
337,0.0007923230806372192,2.0138042,7.942893,745
338,3.296914832181717e-05,1.2639463,2.645635,31
339,0.006253502972009193,1.8930212,7.7210546,5880
340,1.4889292790498078e-05,1.1807429,1.6700715,14
341,0.0003009764185507826,2.0074577,7.678926,283
342,0.001141157940300317,2.3615394,10.276905,1073
343,0.0702434293019155,1.3724854,4.6277084,66048
344,0.0002616261447473234,1.7934812,7.2304745,246
345,0.02784616808097223,1.8989443,8.376254,26183
346,0.00010635209136070057,1.161568,2.8018425,100
347,0.005230395853119254,3.415066,13.141651,4918
348,0.00012762250963284068,1.8310447,5.0417557,120
349,0.0016229329141642906,1.6350006,5.7692723,1526
350,0.0025567042763112416,2.0688548,8.728655,2404
351,0.0009178185484428459,2.2162106,8.619407,863
352,0.01583050879904028,2.7422094,10.5014715,14885
353,0.004310450262849194,3.5951498,15.144791,4053
354,0.003167165280721663,2.918898,13.193403,2978
355,0.0004711397647279035,2.7129085,13.485908,443
356,0.00015846461612744383,2.5080838,8.9129095,149
357,0.008714490366095805,2.8412533,11.92198,8194
358,0.003373488337961422,2.3133714,11.314472,3172
359,0.0005583484796436779,1.7978328,7.378559,525
360,0.002492893021494821,2.2018163,8.4380245,2344
361,0.0037393395322422316,1.5957105,5.743755,3516
362,0.0016048530586329716,1.4338787,3.820346,1509
363,0.001876050891602758,2.0477254,8.011517,1764
364,0.0043721344758384005,2.691106,9.782507,4111
365,0.0007285118258207988,2.851583,11.476903,685
366,0.0003222468368229227,2.0576196,12.82717,303
367,0.0019281634163695013,1.7995092,5.7782683,1813
368,0.0016101706632010064,2.504891,8.893452,1514
369,0.005546261564460534,2.7759714,11.247238,5215
370,0.0001308130723736617,1.7241284,5.168269,123
371,0.00240462078566544,3.4276264,11.073801,2261
372,0.0009741851568640171,2.6909318,9.564608,916
373,0.002831092672021849,1.7956415,5.639943,2662
374,0.0012762250963284068,1.7063127,5.000999,1200
375,0.0006795898637948766,1.9703337,7.3544316,639
376,0.0005221887685810398,2.6493418,8.726781,491
377,0.0010518221835573286,1.5576777,5.7255435,989
378,0.006626798812685252,1.9107319,6.8352985,6231
379,0.000744464639524904,1.6699927,7.2533884,700
380,0.0001488929279049808,1.82198,7.150876,140
381,0.00916010562889714,1.3402206,4.064197,8613
382,0.0005562214378164639,1.110109,2.9242268,523
383,0.0018047949903910886,1.7670789,7.100876,1697
384,0.0004020109053434481,1.990436,7.311396,378
385,0.00014144828150973175,1.8488171,5.4568934,133
386,0.0006104610044104212,1.4675522,4.319876,574
387,0.0002850236048466775,2.3378582,7.456087,268
388,0.001901575393529326,2.1401794,9.110265,1788
389,0.0008816588373802077,1.9957271,7.6648703,829
390,0.002973604474445188,2.7532296,10.982253,2796
391,3.190562740821017e-05,1.2365386,2.2634668,30
392,0.0029767950371860086,2.6189427,9.277564,2799
393,0.002440780496728078,1.5339841,5.248758,2295
394,0.0008369909590087134,1.8929173,8.004367,787
395,0.00011060617501512859,2.1428761,7.6824474,104
396,0.002590736945546666,2.0505779,8.39156,2436
397,0.0036329874408815312,2.833972,8.853411,3416
398,0.002868315903998094,2.251913,7.6284294,2697
399,0.00038393104981212904,1.5475986,7.3153634,361
400,0.0025301162534710664,1.6033794,5.6381097,2379
401,0.004314704346503622,1.8633876,7.0035253,4057
402,0.0010688385181750408,2.1317747,10.8757925,1005
403,0.0007051143657214447,2.130085,8.696331,663
404,0.0049783413965943935,1.980683,6.906336,4681
405,0.002114279576250727,1.822081,5.678205,1988
406,0.000744464639524904,1.6952959,7.8381686,700
407,0.0008497532099719975,1.8020045,6.5309916,799
408,0.0014123557732701035,1.8420545,9.612999,1328
409,0.004061586369065154,4.1069875,12.485436,3819
410,0.0010316152861987954,2.061531,6.076656,970
411,0.0022046788539073227,2.0882554,9.795889,2073
412,0.0016005989749785434,2.1350267,7.6599083,1505
413,0.00266731045132637,2.828705,9.689612,2508
414,0.0021195971808187623,2.0417516,7.3626704,1993
415,0.0016314410814731466,1.9676826,6.526441,1534
416,0.005606882256536134,2.02429,9.327355,5272
417,0.0008093394152549313,1.7606387,5.5900354,761
418,0.0015857096821880455,2.3476493,10.089356,1491
419,0.0004711397647279035,1.8032322,5.889481,443
420,0.0011975245487214883,1.9619787,11.983177,1126
421,0.002693898474166545,2.9218898,9.78366,2533
422,0.0005902541070518881,3.5546348,11.7635145,555
423,0.0043253395556396915,1.5511835,6.126498,4067
424,0.009912014914817292,3.7841349,12.43459,9320
425,0.005321858651689456,1.7171527,5.826915,5004
426,0.0013708784576394303,1.8045037,5.70407,1289
427,0.0026949619950801524,1.647347,4.9451203,2534
428,0.0020111180476308477,1.3335878,3.0307279,1891
429,0.006028036538324508,2.1707494,10.972183,5668
430,0.0002903412094147125,1.3079677,5.046726,273
431,0.0004009473844298411,3.098711,12.080104,377
432,0.07106872153087454,2.0346851,8.451193,66824
433,0.0007370199931296549,2.102507,10.68792,693
434,0.00011592377958316362,1.0820599,1.7994188,109
435,0.016718548761902128,3.4044273,11.637172,15720
436,0.0010518221835573286,1.5196891,5.2683926,989
437,0.004558250635719626,2.3615572,11.12782,4286
438,0.0013028131191685818,4.6980453,14.779611,1225
439,0.005384606385592269,2.4124224,10.029714,5063
440,0.007825386882320347,2.2483175,9.302349,7358
441,0.0010252341607171534,1.7312465,6.137427,964
442,0.001493183362704236,1.6418536,5.94031,1404
443,0.002721550017920327,1.9835135,9.952622,2559
444,0.004041379471706621,3.2886295,13.356293,3800
445,5.4239566593957285e-05,1.4182776,3.0330102,51
446,0.0030884647331147442,1.5218589,4.361216,2904
447,5.317604568035028e-06,1.2651906,1.5531203,5
448,0.0009167550275292389,2.707012,11.870019,862
449,0.0008369909590087134,1.8675756,7.837644,787
450,3.084210649460316e-05,1.2287971,1.9866962,29
451,0.0006849074683629116,1.9876915,6.354024,644
452,0.0002988493767235686,1.5360279,4.4405107,281
453,7.338294303888339e-05,1.2090657,2.7709267,69
454,0.002259981941414887,1.635198,5.8433423,2125
455,0.0021344864736092604,1.5224627,4.2133875,2007
456,0.0003020399394643896,1.6327134,7.217464,284
457,0.0010582033090389706,2.4789557,12.027205,995
458,0.0008104029361685383,2.5056157,12.054384,762
459,0.014517060470735628,2.1648247,10.033804,13650
460,0.0001116696959287356,1.3468373,3.4190285,105
461,0.0029406353261233705,2.9227605,13.085273,2765
462,0.0008348639171814994,1.9310178,11.824726,785
463,0.0034575064901363754,1.4813595,4.207199,3251
464,5.849365024838531e-05,1.4213268,3.0032291,55
465,0.005364399488233736,2.466501,9.664216,5044
466,0.0020079274848900266,1.6029946,6.079472,1888
467,0.0010954265410152157,2.2899904,11.795926,1030
468,0.0007019238029806237,1.6760077,5.8545,660
469,0.0055866753591776,1.9216664,7.7804956,5253
470,0.0005158076430993977,1.8574584,8.3575535,485
471,0.001699506419943995,2.1988814,8.525589,1598
472,0.04413505439377713,1.360543,6.8784466,41499
473,0.0008210381453046084,1.6939491,5.5383334,772
474,7.44464639524904e-05,0.9988201,2.110654,70
475,0.0025099093561125334,2.9707835,10.148148,2360
476,0.002459923873173004,1.7824842,5.8448863,2313
477,0.005978051055384979,2.7564948,10.537153,5621
478,0.000187179680794833,1.9950552,9.620902,176
479,0.0024269547248511867,2.9565074,14.680717,2282
480,0.0005328239777171098,1.3908503,4.677635,501
481,0.007807307026789028,1.8433928,6.947916,7341
482,0.005021945754052281,2.5504973,9.875294,4722
483,3.72232319762452e-05,0.9474228,1.4275656,35
484,0.0012528276362290527,1.7630291,6.1764755,1178
485,0.00130706720282301,2.0160942,9.703236,1229
486,0.002453542747691362,2.0782263,7.201223,2307
487,0.0019366715836783572,1.7824713,7.52899,1821
488,0.007242577421663708,3.127983,11.537781,6810
489,0.004047760597188263,2.001336,7.7910514,3806
490,0.0025099093561125334,3.8950393,14.658308,2360
491,0.0009412160085422,1.8184174,5.870063,885
492,0.001336845788404006,2.2315953,9.656795,1257
493,0.0041317787493632165,1.9721032,6.6159897,3885
494,0.000942279529455807,2.4482076,7.4042625,886
495,0.0009220726320972738,1.4511403,6.3725576,867
496,0.007516965817374315,1.7744975,7.113644,7068
497,0.010757514041134862,2.0208387,9.2538395,10115
498,3.509619014903119e-05,1.1204842,1.947905,33
499,0.0007870054760691842,1.5422199,5.433115,740
500,0.0012889873472916908,1.7311566,5.6214404,1212
501,0.001514453780976376,3.5451894,15.909535,1424
502,0.007645651847920764,1.9474767,11.585167,7189
503,0.0009922650123953363,2.4050102,9.21727,933
504,0.0039499166731364185,2.2868476,10.901763,3714
505,0.004854972970615981,2.0742671,8.601161,4565
506,0.0028853322386158064,3.8218126,14.940771,2713
507,0.0010613938717797917,2.2864447,13.349018,998
508,0.005881270652246741,2.7843313,11.70455,5530
509,0.0001531470115594088,3.0779715,19.15955,144
510,0.0005221887685810398,2.591145,10.853027,491
511,0.0004530599091965844,1.7264625,5.605206,426
512,0.0001297495514600547,1.8067421,8.094974,122
513,0.0011666824422268852,1.7932103,7.7243795,1097
514,0.0031267514860045965,3.4226196,10.433308,2940
515,0.0004339165327516583,1.5109779,7.8434124,408
516,0.0003041669812916036,1.9993564,8.7901,286
517,1.3825771876891073e-05,1.2633039,1.7208471,13
518,0.04720331222953334,3.0859396,9.686365,44384
519,0.0012857967845508699,1.7091392,10.309372,1209
520,0.0005349510195443238,1.9440917,6.875236,503
521,0.0071649403949703965,2.3005505,11.743662,6737
522,0.0014527695679871697,4.5966153,15.197453,1366
523,0.004890069160765012,2.7246408,10.363699,4598
524,0.0004945372248272576,2.2281997,8.600343,465
525,0.004180700711389139,3.606772,12.830446,3931
526,0.004049887639015477,4.8127117,12.00927,3808
527,0.0014346897124558507,3.9152415,15.973195,1349
528,0.006271582827540512,1.9205779,7.250646,5897
529,0.002050468321434307,2.6824718,11.680978,1928
530,0.0011645554003996712,1.8635384,7.686366,1095
531,0.00011486025866955661,1.1446326,2.9281552,108
532,0.018168127767148476,1.5859324,5.273678,17083
533,0.004777335943922669,2.3624046,10.118192,4492
534,0.003218214284574799,1.8726362,10.4691515,3026
535,0.07218329144833469,1.6257044,6.7371626,67872
536,0.004115825935659112,2.434017,10.292139,3870
537,0.0018154301995271585,4.42764,11.979724,1707
538,0.0012432559480065896,1.5488371,4.357842,1169
539,0.0008433720844903555,1.8258225,8.566959,793
540,0.001898384830788505,1.8515501,7.3594127,1785
541,0.00046369511833265446,1.3409866,4.723928,436
542,0.0005764283351749971,1.8715588,6.450142,542
543,0.0034458077600866984,3.26718,12.699863,3240
544,0.0025726570900153466,3.079934,12.175593,2419
545,0.0026683739722399773,2.626252,14.227993,2509
546,0.0006732087383132346,2.5112875,10.771392,633
547,0.008511357871596867,2.403823,9.120703,8003
548,0.0027258041015747556,2.56999,9.331955,2563
549,0.0029587151816546898,3.2374077,14.02672,2782
550,0.024173830366287237,2.0655968,4.5597878,22730
551,0.0017739528838964854,1.6224751,6.733612,1668
552,0.0030629402311881763,2.4475467,9.918554,2880
553,0.007120272516598903,2.051257,9.388776,6695
554,0.00042753540727001626,2.2295609,7.5361176,402
555,0.000571110730606962,2.0006335,7.554028,537
556,0.002686453827771296,2.6492448,16.29785,2526
557,0.004960261541063074,1.7280029,7.7109137,4664
558,0.006476842363866664,1.7139164,5.622046,6090
559,0.005259110917786643,2.0092514,7.44615,4945
560,0.00279174239821839,3.5329955,12.830891,2625
561,0.0009997096587905853,1.5683078,6.0841193,940
562,0.0003945662589481991,2.1111965,7.617,371
563,0.0014580871725552048,2.1380503,7.373194,1371
564,0.0003275644413909577,1.8315144,7.296255,308
565,7.65735057797044e-05,2.2090855,8.575427,72
566,0.007557379612091382,2.0219789,7.7634377,7106
567,0.011722127509776416,3.2734132,12.963696,11022
568,0.0011762541304493482,2.1082616,10.412575,1106
569,0.00010847913318791457,2.1086051,8.643063,102
570,0.0025971180710283076,1.596718,6.0035815,2442
571,0.005415448492086873,2.1993668,15.222745,5092
572,0.002246156169537996,1.8612181,6.993852,2112
573,0.0008869764419482427,1.6699028,5.284238,834
574,0.0032171507636611922,1.7541509,5.951803,3025
575,0.07638845314073679,1.4982731,5.6742616,71826
576,0.0017473648610563102,1.6826372,7.4932036,1643
577,0.004055205243583513,2.720322,10.49134,3813
578,0.002291887568823097,2.3401287,9.398439,2155
579,0.0013751325412938583,3.4011042,12.231146,1293
580,0.0019590055228641042,3.4878163,11.303215,1842
581,0.0008401815217495345,1.5797373,5.650311,790
582,0.0023780327628252647,3.9051392,13.63218,2236
583,0.0011486025866955661,1.5033993,4.6183186,1080
584,0.005632406758462702,2.015071,7.679702,5296
585,0.009986461378769783,1.5133604,4.981368,9390
586,0.0011092523128921068,1.4862719,5.0339837,1043
587,0.00044986934645576337,2.4851162,11.705672,423
588,0.0009826933241728732,2.0536914,7.7129593,924
589,0.0016856806480671038,2.258061,9.256766,1585
590,0.004139223395758466,2.0402725,7.4354734,3892
591,0.0018154301995271585,1.8807223,6.940988,1707
592,0.0009114374229612038,2.0304768,8.145345,857
593,0.0003658511942808099,1.3897758,4.6764407,344
594,0.0004339165327516583,2.6821463,11.5234,408
595,0.0003179927531684947,2.3623114,12.292211,299
596,0.001689934731721532,1.7803534,6.8624063,1589
597,0.0016590926252269289,2.4689963,10.560581,1560
598,0.0005455862286803939,1.51989,4.238443,513
599,0.0006944791565853747,1.5450917,3.9304297,653
600,0.0009231361530108808,1.8572509,9.653968,868
601,0.0033160582086266435,4.6335616,15.989982,3118
602,1.0635209136070057e-05,1.2968029,1.9421198,10
603,0.002860871257602845,3.777197,13.497418,2690
604,0.0009316443203197369,1.3771083,4.0228148,876
605,0.00303316164560718,2.8017938,11.174124,2852
606,0.0008050853316005032,1.8939501,6.9963512,757
607,0.004612490202313584,2.1244438,10.744571,4337
608,0.00095185121767827,1.8084934,6.710947,895
609,0.0038627079582206443,1.782694,6.0699115,3632
610,0.0017675717584148434,1.932053,7.7181683,1662
611,0.0034862215548037644,2.9402838,11.63117,3278
612,0.00033075500413177875,2.8983927,12.410674,311
613,0.00030842106494603165,2.1428926,7.9481525,290
614,0.001693125294462353,1.4039658,6.5045843,1592
615,0.0014517060470735626,4.323518,15.125745,1365
616,0.0012411289061793757,2.338534,9.862158,1167
617,0.01736197891463437,2.8589983,15.858061,16325
618,0.0005466497495940009,1.6628954,6.241743,514
619,0.0003413902132678488,2.0078504,10.08013,321
620,0.00011060617501512859,1.7996949,6.0935216,104
621,0.0039499166731364185,2.7915246,10.611616,3714
622,0.005571786066387103,1.8148443,6.3521786,5239
623,0.003791452057008975,1.8093941,9.795555,3565
624,0.0002626896656609304,1.9088455,6.831228,247
625,0.004379579122233649,2.8770478,12.141318,4118
626,0.00044136117914690736,1.8229499,8.077658,415
627,0.0016792995225854619,2.3981242,13.7860565,1579
628,0.000749782244092939,2.1892214,9.141268,705
629,0.007987042061188613,2.9835615,11.117889,7510
630,0.0007412740767840829,2.1190524,6.9230084,697
631,0.0027236770597475414,3.356821,14.263598,2561
632,0.002822584504712993,3.1967936,12.25482,2654
633,0.0024067478274926537,1.9335606,7.3185973,2263
634,0.0004541234301101914,2.0922177,12.100349,427
635,0.0038765337300975355,2.6865592,10.335684,3645
636,0.0010188530352355115,1.7393267,9.257687,958
637,0.000754036327747367,2.1820161,10.20757,709
638,0.005922747967877414,2.3204758,9.20862,5569
639,0.0013932123968251773,1.830307,8.526987,1310
640,0.0053133504843806,2.8924103,11.509583,4996
641,0.0005753648142613901,1.410222,5.5170894,541
642,0.021646904675556994,8.7485695,21.421852,20354
643,0.0018186207622679796,2.005122,9.931785,1710
644,0.0032405482237605463,1.5447712,3.6564727,3047
645,0.002294014610650311,3.471748,12.696478,2157
646,0.00018398911805401198,2.0632684,6.414937,173
647,0.0006008893161879582,2.3270206,10.477664,565
648,0.00169418881537596,3.140049,9.604909,1593
649,0.005251666271391394,3.3918974,13.0531845,4938
650,0.0016367586860411816,3.110593,11.932519,1539
651,0.007183020250501716,1.9207971,7.0678635,6754
652,0.00035308894331752586,1.9722382,8.323175,332
653,0.0009571688222463051,1.62432,5.893577,900
654,0.0009273902366653089,2.163601,8.873199,872
655,0.0018696697661211158,1.9224734,9.079104,1758
656,0.0002680072702289654,2.1090903,8.267845,252
657,0.005399495678382767,1.6208105,11.710711,5077
658,0.002284442922427848,1.7941508,7.2354603,2148
659,0.0015867732031016523,1.5346198,6.268447,1492
660,0.00095185121767827,3.0373156,10.230817,895
661,0.004030744262570551,2.4802036,11.370037,3790
662,0.0010369328907668305,1.5704206,4.815091,975
663,0.0033522179196892815,2.8859916,12.7420845,3152
664,0.003006573622767005,3.6178038,10.288154,2827
665,0.0003350090877862068,1.3184685,3.4411411,315
666,0.0020111180476308477,1.6705357,4.767371,1891
667,0.0025567042763112416,1.412224,6.4054103,2404
668,0.0014123557732701035,3.207351,11.306136,1328
669,0.0009412160085422,2.5300477,15.460653,885
670,0.0021632015382766494,3.3349497,12.705485,2034
671,0.0029310636379009077,4.728206,17.946302,2756
672,0.0012102867996847725,2.5331821,10.80852,1138
673,0.0013496080393672902,1.8952936,9.971898,1269
674,0.0036042723762141422,3.7249277,12.608955,3389
675,0.015885811886547842,2.9699473,10.724892,14937
676,0.0007231942212527639,1.9463704,7.3799644,680
677,0.005229332332205646,3.5124643,12.323146,4917
678,0.00021589474546222215,2.284543,26.325766,203
679,0.0026013721546827356,1.5806353,7.3156457,2446
680,0.0007327659094752269,2.940743,12.189322,689
681,0.0003626606315399889,2.165321,9.06133,341
682,0.003174609927116912,1.4753284,5.2581935,2985
683,0.007102192661067584,2.4304814,10.928197,6678
684,0.000949724175851056,1.6190457,5.5303054,893
685,0.00345218888556834,3.2981596,15.372811,3246
686,0.0012421924270929825,1.5262188,5.5327497,1168
687,0.024909786838503287,2.4080222,9.320822,23422
688,0.006826740744443369,2.20184,9.277484,6419
689,0.0045656952821148756,2.0347939,6.750418,4293
690,0.0005976987534471372,1.6511074,5.597738,562
691,0.0009646134686415541,2.0156198,11.794869,907
692,0.00022014882911665015,2.308927,13.038639,207
693,0.0003584065478855609,1.5848581,4.5587745,337
694,0.0006072704416696002,2.0779104,12.027775,571
695,0.009606784412612082,2.0984106,8.426287,9033
696,0.001103934708324072,1.8814526,8.984981,1038
697,0.0006179056508056703,1.963053,8.035325,581
698,0.003032098124693573,2.508064,10.286944,2851
699,0.0030863376912875305,3.0896792,11.133031,2902
700,0.014474519634191347,1.459925,4.388349,13610
701,1.8079855531319095e-05,1.2695159,1.9222579,17
702,9.35898403974165e-05,1.2594817,2.8902402,88
703,0.002291887568823097,2.4656181,8.46435,2155
704,0.012581452407970876,2.3151724,9.158281,11830
705,0.005964225283508088,1.9341571,7.0542345,5608
706,0.010620319843279559,2.143591,9.370131,9986
707,0.006170548340747846,2.3413436,9.046452,5802
708,0.004364689829443151,1.9603691,7.7734623,4104
709,0.021350182340660637,2.566219,10.838067,20075
710,0.0025099093561125334,1.899475,5.9228435,2360
711,0.011325434209001003,2.967757,14.385431,10649
712,0.003641495608190387,2.2857838,8.199202,3424
713,0.030874012122011373,1.7527581,7.841425,29030
714,0.0006423666318186314,1.7241522,6.4798226,604
715,0.0038861054183199984,1.3703078,4.372896,3654
716,0.0033543449615164958,3.0865698,11.411335,3154
717,0.000568983688779748,1.8978493,9.129481,535
718,0.0023397460099354125,2.9745603,10.41453,2200
719,0.05233267359585993,1.2548438,3.816198,49207
720,0.0013379093093176132,1.3919157,4.6548486,1258
721,0.0008997386929115267,2.049588,6.708005,846
722,0.0006625735291771645,2.3810992,14.01893,623
723,0.002497147105149249,2.0112455,10.516861,2348
724,0.019959096985662676,2.796908,11.526266,18767
725,0.00246843204048186,2.8725588,11.08017,2321
726,0.00707879520096823,1.9174378,7.699025,6656
727,9.890744496545152e-05,1.8129904,6.7174425,93
728,0.004768827776613813,2.08431,8.261812,4484
729,0.0012740980545011928,1.8098061,7.715285,1198
730,0.00506129602785574,2.6517427,11.247421,4759
731,0.001320892974699901,1.7346483,5.271429,1242
732,0.0024950200633220353,3.8155556,13.513057,2346
733,0.00399564807242152,2.7430494,8.691489,3757
734,0.001491056320877022,2.3011246,8.255802,1402
735,0.006854392288197151,2.5089774,10.387445,6445
736,0.0008986751719979197,1.7746536,7.5867987,845
737,0.004919847746346008,2.9045851,12.544199,4626
738,0.0018239383668360147,1.5883662,5.891313,1715
739,0.0010156624724946904,1.5928549,4.7547774,955
740,0.00012336842597841265,2.6781065,11.030301,116
741,0.002083437469756124,3.9309635,12.946829,1959
742,0.0029374447633825494,4.2978106,14.272254,2762
743,0.002287633485168669,2.8650122,11.821325,2151
744,0.0012985590355141538,1.8753554,6.262597,1221
745,0.0021663921010174705,1.3441881,4.062965,2037
746,0.0006902250729309467,2.098933,6.553253,649
747,0.0026162614474732337,3.9515457,13.087694,2460
748,0.0027747260636006776,3.9304323,13.694429,2609
749,0.008599630107426247,1.7920954,7.6132755,8086
750,0.006607655436240326,3.0273101,14.357262,6213
751,0.0014006570432204264,4.9154463,15.630121,1317
752,0.0003435172550950628,2.070722,8.519434,323
753,0.00916010562889714,2.9600284,10.445376,8613
754,0.0025588313181384554,1.9177278,6.4289327,2406
755,0.0010688385181750408,1.2927173,3.928703,1005
756,0.0012602722826243016,1.7636349,7.9801445,1185
757,4.041379471706622e-05,1.4144434,3.9573698,38
758,0.0017356661310066331,2.8754964,11.307024,1632
759,1.1698730049677062e-05,1.1724776,1.7682964,11
760,0.0019515608764688554,1.5084591,5.576508,1835
761,0.0006955426774989817,1.4663991,5.111672,654
762,0.008344385088160567,2.407786,7.9869995,7846
763,0.0013868312713435354,2.0164142,8.241338,1304
764,0.00012655898871923366,1.3284627,4.1221128,119
765,0.04839232861094597,1.3066742,4.276393,45502
766,0.0011486025866955661,1.4120446,3.7118556,1080
767,0.0023323013635401634,1.9178853,5.88101,2193
768,0.000568983688779748,2.463128,13.539774,535
769,0.024626890275483822,2.6344922,12.9749565,23156
770,0.0024227006411967587,1.6070182,5.0148945,2278
771,2.3397460099354124e-05,1.4972957,2.6335797,22
772,0.00024992741469764633,1.9857109,9.805073,235
773,0.001712268670907279,2.030917,9.589912,1610
774,0.1196099430697255,2.3610075,11.928005,112466
775,0.00032437387865013673,1.8289708,7.653527,305
776,0.0006530018409547014,2.345607,8.694123,614
777,0.0014017205641340335,1.7321271,7.506179,1318
778,0.0064215392763591,2.7423053,10.872411,6038
779,0.0001499564488185878,1.61262,6.7268996,141
780,0.0035681126651515038,3.7776918,12.513253,3355
781,0.001311321286477438,2.1451278,8.222551,1233
782,0.0016165517886826486,2.3467867,8.425086,1520
783,0.0009316443203197369,2.3511956,12.214027,876
784,0.000746591681352118,2.305641,9.187535,702
785,0.0027343122688836116,2.1325874,8.525262,2571
786,0.005942954865235947,2.477723,11.152817,5588
787,0.0016027260168057574,1.4250059,4.5627637,1507
788,0.0018037314694774815,1.9764177,6.6049604,1696
789,0.006388570128037283,2.8300815,12.075859,6007
790,0.0011730635677085271,2.8001385,13.913712,1103
791,0.0017952233021686255,1.5197047,4.7970557,1688
792,0.003642559129103994,3.3093343,12.652957,3425
793,0.001868606245207509,2.1558223,11.439351,1757
794,0.004641205266980973,2.3034523,8.816095,4364
795,0.011348831669100357,1.8207054,10.2695055,10671
796,0.0005328239777171098,2.2251952,17.200785,501
797,0.00939833431354511,1.4462943,4.5099597,8837
798,0.0011688094840540991,1.6452695,6.0030828,1099
799,0.00019568784810368903,1.8333006,9.168217,184
800,0.0014548966098143837,2.20256,7.2017293,1368
801,0.007827513924147562,2.1795619,7.252012,7360
802,0.008883590191359318,1.9711473,7.2248464,8353
803,0.007610555657771733,2.202569,8.690152,7156
804,0.0021068349298554783,3.053362,11.395016,1981
805,0.002428018245764794,2.9703693,13.356384,2283
806,0.00039137569620737806,1.7693338,5.3332105,368
807,1.91433764449261e-05,1.4369186,2.4700942,18
808,0.020470650545107643,2.6708448,9.594646,19248
809,0.0033139311667994297,1.4175351,5.277149,3116
810,0.0011868893395854184,1.7776716,10.3618555,1116
811,0.00449656642273042,3.5203307,10.312886,4228
812,0.019415637798809494,3.0646431,12.115444,18256
813,0.004960261541063074,3.2415645,12.76878,4664
814,0.006538526576855871,3.9818885,12.967711,6148
815,0.012373002308903903,1.6735995,4.993582,11634
816,0.0009688675522959822,2.0850694,8.522273,911
817,0.0038254847262443993,2.240469,9.792103,3597
818,0.0021493757663997586,2.043516,8.412324,2021
819,0.001710141629080065,1.9475085,7.816464,1608
820,0.0009731216359504101,1.1049552,3.735155,915
821,0.004047760597188263,1.7367078,5.591009,3806
822,0.0030948458585963864,3.8406286,14.218486,2910
823,0.00224828321136521,1.7995971,6.264982,2114
824,0.0005976987534471372,1.7254716,5.3520317,562
825,0.010037510382622919,1.2050067,3.2220738,9438
826,0.009836504929951195,2.6023667,11.166939,9249
827,0.002385477409220514,1.8258542,6.745761,2243
828,0.003009764185507826,2.602206,13.088175,2830
829,0.002433335850332829,2.9709938,10.341358,2288
830,0.0027609002917237868,2.8116462,10.6410675,2596
831,0.002283379401514241,1.8993372,7.837329,2147
832,4.573139928510124e-05,1.3678366,2.9308777,43
833,0.002096199720719408,1.555262,5.6661024,1971
834,0.0021493757663997586,2.8808236,11.573631,2021
835,0.0002456733310432183,1.4725307,4.6825733,231
836,0.0005136806012721837,1.6397673,5.376519,483
837,0.0011188240011145698,1.4143914,4.436835,1052
838,0.0067086899230329915,3.0105286,11.741069,6308
839,0.002864061820343666,1.350244,3.7309768,2693
840,0.0033947587562335618,2.5796473,13.315774,3192
841,0.0006498112782138805,1.8692442,6.7446647,611
842,0.0012730345335875857,2.9940786,13.470927,1197
843,0.008127426821784738,3.157421,8.853367,7642
844,5.849365024838531e-05,1.205081,2.6664307,55
845,0.0011805082141037762,1.6683897,9.07882,1110
846,0.0036819094029074536,1.5598834,4.685547,3462
847,0.0017643811956740223,1.6447204,8.237749,1659
848,0.0015920908076696874,1.8686099,8.7555065,1497
849,0.00045837751376461944,2.3740468,10.138475,431
850,0.0004530599091965844,2.2627878,9.447457,426
851,0.0003350090877862068,1.5030482,5.82051,315
852,0.0016335681233003605,4.058311,12.667092,1536
853,0.001706951066339244,1.3908688,4.729243,1605
854,0.0005721742515205691,1.7157102,6.6172996,538
855,0.0036648930682897413,2.5923622,13.477663,3446
856,0.0037233867185381265,2.1323771,7.84358,3501
857,0.0011932704650670603,2.4612038,8.916872,1122
858,0.006724642736737097,2.5241027,12.074337,6323
859,0.0025684030063609187,1.6198983,7.132295,2415
860,0.0008072123734277173,1.6582328,5.5495825,759
861,0.0021036443671146573,1.8354238,7.6739492,1978
862,0.000377549924330487,2.0385225,6.332322,355
863,0.0004732668065551175,4.3695383,11.49157,445
864,0.00023397460099354125,1.2682464,4.070893,220
865,0.0038722796464431075,3.8553874,11.279044,3641
866,0.0013857677504299283,1.8406913,6.42461,1303
867,0.0014006570432204264,2.9867973,13.377041,1317
868,0.002451415705864148,1.551521,5.3874087,2305
869,0.02194681757319417,2.6500494,12.76077,20636
870,0.009084595644031043,3.5076091,13.163047,8542
871,0.00366170250554892,3.3000686,14.668597,3443
872,0.015569946175206562,2.7397394,6.5679107,14640
873,7.231942212527638e-05,1.3849376,4.992579,68
874,0.0013517350811945042,4.1443415,15.789643,1271
875,0.00023822868464796926,2.033906,6.4205995,224
876,0.00040732850991148314,1.864892,7.99343,383
877,0.0028821416758749853,2.21824,7.301088,2710
878,0.0002967223348963546,1.0812563,4.1581016,279
879,0.0019270998954558942,2.9034364,10.385009,1812
880,0.0007965771642916473,2.0430684,8.0528965,749
881,0.0004753938483823315,1.3412021,3.231628,447
882,0.0046348241414993305,1.49006,6.1552777,4358
883,0.000945470092196628,2.3601246,8.581247,889
884,0.0035649221024106827,3.229715,12.450838,3352
885,0.002278061796946206,2.2351806,7.014905,2142
886,0.0032894701857864683,1.5066842,4.697298,3093
887,0.0008742141909849586,1.2189171,4.0766964,822
888,0.002469495561395467,2.863475,11.47691,2322
889,0.004837956635998269,4.3301783,15.348247,4549
890,0.00011592377958316362,1.8958809,7.6898017,109
891,0.0019430527091599992,1.3559456,4.703831,1827
892,0.0038595173954798236,1.8290607,9.733752,3629
893,0.0015495499711254072,2.6524463,8.99377,1457
894,0.0010231071188899394,1.9512641,8.18849,962
895,0.0009167550275292389,2.2363553,7.597084,862
896,0.0009603593849871261,2.199072,7.0934315,903
897,0.000950787696764663,1.9866285,8.409334,894
898,0.006843757079061081,3.5155091,10.241468,6435
899,0.0002765154375378215,1.649585,5.1574535,260
900,0.0029565881398274756,2.3522358,9.544586,2780
901,0.000562602563298106,1.8825549,10.780045,529
902,0.00018398911805401198,1.8816315,8.3215475,173
903,0.0033309475014171416,1.9439205,10.834733,3132
904,0.0018047949903910886,1.8038306,6.300842,1697
905,0.0009178185484428459,1.8798529,8.679099,863
906,0.0025194810443349962,1.687687,6.2648053,2369
907,0.0014729764653457027,1.7765603,6.908719,1385
908,0.0005072994757905416,2.0608015,9.05346,477
909,0.006058878644819111,1.7985549,10.50873,5697
910,0.0027289946643155763,3.520011,13.108517,2566
911,0.0009039927765659548,1.854383,8.146913,850
912,0.005484577351471328,2.0156648,11.28129,5157
913,0.0074914413154477475,3.1912353,13.668212,7044
914,0.00300125601819897,1.5258613,7.4667406,2822
915,0.06006234359595564,1.3001424,4.4065914,56475
916,0.0012049691951167374,2.13631,8.015542,1133
917,0.0006338584645097753,1.8167905,10.740295,596
918,0.0025301162534710664,1.7087835,4.717268,2379
919,0.008067869650622745,1.8787462,6.691784,7586
920,0.003250119911983009,4.833098,13.702056,3056
921,0.00031054810677324564,1.8633758,7.4317727,292
922,0.007841339696024453,2.0063353,13.613575,7373
923,5.7430129334778304e-05,1.3031378,2.6280065,54
924,0.004358308703961509,2.9657032,12.824704,4098
925,0.002285506443341455,3.4268653,12.250427,2149
926,0.004669920331648362,1.8163475,6.613399,4391
927,0.011142508611860598,1.7702532,6.4772162,10477
928,0.007243640942577316,2.9654717,12.82716,6811
929,0.0017516189447107382,1.8387103,6.489956,1647
930,0.0007848784342419701,1.8323586,7.281344,738
931,0.0005147441221857907,2.2812705,14.681161,484
932,0.00040732850991148314,1.7031758,5.0499535,383
933,0.0006083339625832072,2.071622,9.022766,572
934,0.0038914230228880337,1.7855003,6.7149673,3659
935,0.001699506419943995,2.2742126,8.641533,1598
936,0.00458909274221423,2.8168497,11.445422,4315
937,0.0006242867762873123,2.1346843,11.451795,587
938,0.0032607551211190793,4.303806,12.896196,3066
939,0.0013538621230217182,1.5695262,5.067979,1273
940,0.00010528857044709356,1.4850129,7.5149264,99
941,0.0086379168603161,2.4959042,8.177953,8122
942,0.0019143376444926102,1.9991343,7.388007,1800
943,0.00207067521879284,2.0540068,9.689639,1947
944,0.00044348822097412135,1.8700297,6.924392,417
945,1.5952813704105085e-05,1.810926,4.4475656,15
946,0.0006987332402398027,1.839154,8.252143,657
947,0.00042009076087476724,1.5631545,4.661303,395
948,0.0008593248981944605,1.6110884,4.333823,808
949,0.003637241524535959,2.9040265,10.800249,3420
950,0.0006040798789287792,2.371785,9.0308,568
951,0.005101709822572806,1.8123555,7.097064,4797
952,0.005863190796715422,1.7418629,8.091857,5513
953,0.009131390564229751,2.4063692,9.55424,8586
954,0.0008082758943413243,2.1714592,11.470192,760
955,0.013236581290752792,1.805249,6.8787208,12446
956,0.000378613445244094,3.344716,11.725864,356
957,0.000942279529455807,2.3687506,7.6910315,886
958,0.0012507005944018387,2.4174736,7.779117,1176
959,0.0025428785044343503,1.5926903,4.84032,2391
960,0.013842788211508784,2.2841744,9.568133,13016
961,0.003437299592777842,3.9639616,13.575913,3232
962,8.508167308856045e-06,1.2325175,1.6978358,8
963,0.0010018367006177993,2.2234006,6.806885,942
964,0.000565793126038927,1.6803111,8.224111,532
965,0.0032596916002054725,3.4824736,14.825306,3065
966,0.0007827513924147561,1.7518964,5.57993,736
967,0.0010752196436566827,1.7648792,4.8727217,1011
968,0.0030437968547432502,1.6704947,5.181545,2862
969,0.0006285408599417403,2.2917166,8.3856535,591
970,0.0008667695445897096,2.0212126,12.805242,815
971,0.002093009157978587,1.5082699,5.0949893,1968
972,0.002299332215218346,4.1886225,14.377715,2162
973,0.0014474519634191346,2.2558084,8.4007635,1361
974,0.0009603593849871261,3.7016063,16.286654,903
975,0.00010103448679266554,1.9888473,5.1594734,95
976,0.0007019238029806237,2.1457427,9.93679,660
977,0.001319829453786294,2.5645387,12.8432,1241
978,0.007649905931575191,1.2539417,4.1385098,7193
979,0.0008646425027624956,2.9522204,13.112467,813
980,0.00021589474546222215,1.4241194,3.8645775,203
981,0.03168547857909352,7.80382,17.895178,29793
982,0.0004732668065551175,1.707427,5.950854,445
983,0.005457989328631153,1.4579556,4.675211,5132
984,0.0002828965630194635,2.7539666,14.460286,266
985,0.0002456733310432183,2.3160706,8.665543,231
986,0.006502366865793232,2.5274575,9.719003,6114
987,0.00012230490506480565,1.9791049,7.0456696,115
988,0.00214512168274533,1.8163135,6.1289716,2017
989,0.004999611814866534,1.6172822,6.710358,4701
990,0.004281735198181804,3.821731,13.479176,4026
991,0.0032937242694408963,4.019045,14.016515,3097
992,0.004489121776335171,2.2531986,9.994339,4221
993,0.0008816588373802077,2.5211434,9.749241,829
994,0.0008561343354536395,2.1031518,10.998307,805
995,0.06900442743756334,1.5902901,5.911953,64883
996,0.002108961971682692,2.2498188,8.245934,1983
997,0.00011911434232398463,1.4354739,4.158786,112
998,0.001149666107609173,1.7969741,6.9585724,1081
999,0.0008401815217495345,1.5382406,4.5563745,790
1000,0.001139030898473103,2.118139,8.614914,1071
1001,0.0012900508682052979,1.3410193,3.7287428,1213
1002,0.0015686933475703333,2.6375535,11.881893,1475
1003,0.0016144247468554346,2.5434597,11.144098,1518
1004,0.054502256259618215,7.346695,22.780571,51247
1005,0.0016208058723370766,3.9600546,16.617165,1524
1006,0.0033394556687259976,2.1115181,7.982752,3140
1007,0.008644297985797742,2.9178057,14.085861,8128
1008,0.0012634628453651227,3.1748743,12.274401,1188
1009,0.002841727881157919,1.9651675,6.190839,2672
1010,0.00023184755916632723,1.3046471,3.8651958,218
1011,0.004448707981618104,3.0746386,10.339503,4183
1012,0.0001137967377559496,1.4703124,4.2496934,107
1013,0.001510199697321948,1.5722084,4.696161,1420
1014,0.00043604357457887233,2.897164,11.366063,410
1015,0.007086239847363478,1.7083358,6.929443,6663
1016,0.0005913176279654951,1.9401735,7.5528746,556
1017,0.011060617501512859,3.1976302,12.583836,10400
1018,0.00116136483765885,2.4660408,11.813663,1092
1019,0.0013825771876891074,2.4049048,8.288561,1300
1020,0.0035043014103350837,3.0267434,13.159481,3295
1021,0.0011762541304493482,2.198409,8.696868,1106
1022,0.0006083339625832072,1.7378937,5.469739,572
1023,0.001898384830788505,1.7489763,5.6985707,1785
1024,0.0001510199697321948,1.9522651,6.573662,142
1025,0.0007072414075486587,2.1487112,9.087808,665
1026,0.0006487477573002735,1.6794198,5.0042624,610
1027,0.008769793453603368,1.553472,5.0910544,8246
1028,0.0029842396835812576,2.8624947,12.047394,2806
1029,0.0023950490974429767,2.0501952,7.86186,2252
1030,0.0013081307237366169,1.8133544,10.410412,1230
1031,0.0009071833393067758,1.7685307,4.7574196,853
1032,0.0017920327394278044,2.8255641,9.145844,1685
1033,0.0013964029595659984,3.0992641,7.9943776,1313
1034,0.00207067521879284,1.7639815,8.183379,1947
1035,0.007630762555130266,2.958217,11.795817,7175
1036,0.0034755863456676942,1.7349368,5.9026504,3268
1037,0.002610943842905199,2.883547,11.584668,2455
1038,0.00040520146808426915,1.9994975,8.519791,381
1039,0.004584838658559801,2.6772478,12.94859,4311
1040,0.0031054810677324566,1.784421,4.9543414,2920
1041,0.011765731867234303,2.097868,6.229418,11063
1042,0.004842210719652696,2.4379263,9.604629,4553
1043,0.0022769982760325993,1.4017518,5.709434,2141
1044,0.006409840546309423,2.2418914,8.556384,6027
1045,0.0031341961323998455,2.807656,10.974412,2947
1046,0.008363528464605492,1.4726876,5.3099756,7864
1047,0.003965869486840524,2.1106937,8.356304,3729
1048,0.0026885808695985103,2.166096,11.082237,2528
1049,0.0006944791565853747,1.9297112,9.050609,653
1050,0.001341099872058434,2.5262916,9.334621,1261
1051,0.003759546429600765,2.4443316,9.567922,3535
1052,0.008418831552113057,1.9301915,6.72927,7916
1053,5.6366608421171295e-05,1.9031094,4.3262863,53
1054,0.0003403266923542418,2.5011477,12.625095,320
1055,0.005366526530060951,2.6794314,9.027391,5046
1056,0.0007125590121166938,1.5284141,6.5661907,670
1057,0.0009156915066156319,1.5752327,6.528939,861
1058,0.0029757315162724017,4.8579664,15.523274,2798
1059,0.0048081780504172725,1.5925835,5.68451,4521
1060,0.002655611721276693,2.0451741,8.874559,2497
1061,0.000571110730606962,2.3200316,9.4782095,537
1062,0.0019951652339267427,1.9619113,8.446584,1876
1063,0.00034777133874949083,2.4734128,7.791282,327
1064,0.007790290692171316,2.7684462,11.237305,7325
1065,0.0022131870212161787,1.817671,7.609524,2081
1066,0.00045837751376461944,2.00989,8.104985,431
1067,0.0002850236048466775,1.7410879,7.9761124,268
1068,6.274773390281333e-05,11.262366,17.293112,59
1069,0.0010582033090389706,1.8807312,9.120021,995
1070,0.00023397460099354125,2.0014431,6.8780684,220
1071,0.0006870345101901256,2.7025156,9.863078,646
1072,0.00025524501926568136,1.5699797,7.2497363,240
1073,0.004508265152780097,2.6543133,9.0145645,4239
1074,0.0014357532333694576,2.208543,7.2651033,1350
1075,0.0027545191662421446,2.1348846,7.5039597,2590
1076,0.044480698690699406,2.0639005,9.04523,41824
1077,0.001716522754561707,3.5863166,13.401771,1614
1078,0.0004913466620864366,1.4437412,3.634126,462
1079,0.00023929220556157628,2.1187413,10.073788,225
1080,0.0005594120005572849,1.8103571,6.1684175,526
1081,0.0010986171037560368,1.9902872,7.9881673,1033
1082,0.00023397460099354125,1.2634227,4.050485,220
1083,0.0029555246189138687,2.2457795,12.868656,2779
1084,0.00023610164282075524,1.8391193,4.716796,222
1085,0.0005976987534471372,2.05222,7.8195815,562
1086,0.0014325626706286367,2.4107745,8.926815,1347
1087,0.00038286752889852204,1.6653564,4.6170764,360
1088,0.001502755050926699,1.9187223,8.273717,1413
1089,0.0052442216249961445,2.15759,7.541873,4931
1090,0.0021312959108684393,3.310999,12.0952215,2004
1091,0.0021525663291405792,1.6925802,5.655287,2024
1092,0.001332591704749578,1.85963,7.1892157,1253
1093,0.008743205430763193,2.8666358,10.397039,8221
1094,0.004930482955482078,2.3897924,8.484381,4636
1095,0.00010209800770627253,1.7033143,4.884032,96
1096,0.0015399782829029441,2.05909,6.4484253,1448
1097,0.008992069324547233,3.6042693,13.547277,8455
1098,0.002598181591941915,2.5369833,8.134005,2443
1099,0.006285408599417403,2.4480147,10.481311,5910
1100,0.002291887568823097,4.5595593,14.734529,2155
1101,0.0007093684493758727,1.7514029,7.9165063,667
1102,0.002768344938119036,3.4006715,12.7715435,2603
1103,0.0019334810209375361,1.8789952,6.947882,1818
1104,0.00554413452263332,1.5967398,6.1389666,5213
1105,0.10217351769113864,6.3793983,18.539223,96071
1106,0.0004307259700108373,2.231018,9.8194895,405
1107,0.0002605626238337164,1.7460626,5.7255826,245
1108,0.0033192487713674646,3.628498,15.837558,3121
1109,0.0005860000233974601,1.5751022,4.0137076,551
1110,0.0004392341373196933,1.7331793,6.7910166,413
1111,0.0009263267157517019,1.6262958,6.848298,871
1112,0.0018367006177992986,4.3146143,13.27543,1727
1113,0.01203692970020409,1.7618629,6.151873,11318
1114,0.0035978912507325,1.9456266,8.275298,3383
1115,0.004015854969780053,2.6928134,9.239578,3776
1116,0.0020281343822485596,2.8872988,12.083769,1907
1117,0.0022419020858835677,1.7915943,6.9568005,2108
1118,0.0014697859026048818,2.7932017,10.315978,1382
1119,0.00546968805868083,1.4343833,4.966974,5143
1120,0.0005902541070518881,2.072621,9.163027,555
1121,0.0023333648844537703,3.0672274,10.831535,2194
1122,0.012112439685070187,1.806437,7.122477,11389
1123,0.00024035572647518327,1.5365648,5.193771,226
1124,0.0038052778288858663,4.1609855,14.529633,3578
1125,0.0033713612961342077,3.6750226,13.5933695,3170
1126,0.001153920191263601,1.3209786,6.101383,1085
1127,0.0016388857278683956,1.9199251,7.8419824,1541
1128,0.002487575416926786,4.752774,13.49162,2339
1129,0.003325629896849107,2.4029198,8.9620075,3127
1130,0.047429842184131626,2.7377923,7.343304,44597
1131,0.005015564628570638,2.6527796,9.681361,4716
1132,0.014232036865888949,1.3681273,4.7117085,13382
1133,0.002481194291445144,2.6217299,8.92357,2333
1134,0.00037542288250327297,2.5375414,12.590676,353
1135,0.0011890163814126324,1.6856567,6.4397087,1118
1136,0.0014761670280865238,1.896625,6.8010345,1388
1137,0.002489702458754,2.9567077,9.876963,2341
1138,0.00042009076087476724,2.051222,12.118821,395
1139,7.44464639524904e-05,1.5799236,3.604909,70
1140,0.0009624864268143401,2.400264,10.69358,905
1141,0.0023833503673932996,3.1397448,11.320361,2241
1142,0.000565793126038927,1.6845793,5.2080574,532
1143,0.001885622579825221,2.0866969,8.423687,1773
1144,0.0025216080861622104,2.9928794,10.798955,2371
1145,0.0014474519634191346,2.0013518,10.643711,1361
1146,0.0014378802751966715,1.6058317,6.7117343,1352
1147,0.0014102287314428895,1.7864983,7.4887714,1326
1148,0.001295368472773333,2.6078458,12.2453,1218
1149,0.006786326949726303,2.1312265,7.158043,6381
1150,0.00048709257843200857,1.8579777,8.287839,458
1151,3.615971106263819e-05,1.2485977,2.7704914,34
1152,0.0018696697661211158,1.5761923,4.94516,1758
1153,0.005138933054549051,2.303887,8.276573,4832
1154,0.00242589120393758,3.0415897,11.742932,2281
1155,0.0003626606315399889,2.133493,11.210644,341
1156,0.002676882139548833,1.8668439,7.6997895,2517
1157,0.005364399488233736,2.111834,7.6073546,5044
1158,0.006502366865793232,2.2663696,7.62057,6114
1159,0.0030512415011384993,2.9294136,11.591877,2869
1160,0.03203644048058383,1.5918043,6.5612087,30123
1161,0.00014782940699137377,2.183516,11.991581,139
1162,0.0019207187699742522,1.3122061,4.5156813,1806
1163,0.0004945372248272576,1.9418749,7.6364055,465
1164,0.04946542121277544,2.0744283,7.761246,46511
1165,0.004966642666544716,2.5448153,9.384024,4670
1166,0.00016271869978187186,2.228653,13.280783,153
1167,0.0009912014914817292,2.0728185,8.029696,932
1168,0.003981822300544629,2.3828063,7.6299677,3744
1169,0.002083437469756124,3.5706184,12.903518,1959
1170,0.0009752486777776241,2.448879,9.505241,917
1171,0.001309194244650224,2.4247208,10.386844,1231
1172,0.002420573599369545,3.205318,11.639765,2276
1173,0.0018526534315034039,2.0388372,7.5023437,1742
1174,0.0025694665272745255,1.447492,5.887843,2416
1175,0.004465724316235817,2.967835,12.629646,4199
1176,0.00039137569620737806,1.780412,7.8844447,368
1177,0.0004892196202592226,1.7846481,5.9095173,460
1178,0.005360145404579309,3.0233307,13.231104,5040
1179,0.000551967354162036,1.5195767,4.8417945,519
1180,0.00014782940699137377,2.493393,10.924654,139
1181,0.01954857791301037,1.665148,6.750886,18381
1182,0.0024141924738879028,3.7074094,12.8317,2270
1183,0.003747847699551088,1.3604088,4.747096,3524
1184,0.0025216080861622104,3.8299127,14.331207,2371
1185,0.0043806426431472565,3.6451635,12.718724,4119
1186,0.000551967354162036,3.7659762,13.713146,519
1187,0.005306969358898958,2.8059247,11.151629,4990
1188,0.00015421053247301582,1.6408234,7.4083896,145
1189,0.0017346026100930262,3.3190598,11.0447,1631
1190,0.004489121776335171,2.9885817,12.55867,4221
1191,0.0003956297798618061,1.8569939,8.115988,372
1192,0.0004562504719374054,2.038075,9.593377,429
1193,0.0067001817557241355,2.9175456,10.872759,6300
1194,0.001295368472773333,1.6187781,5.0872707,1218
1195,0.007661604661624868,1.6516799,6.890285,7204
1196,0.0012294301761296986,1.8477117,8.623107,1156
1197,0.0003137386695140667,1.6402411,5.8736835,295
1198,0.0043721344758384005,2.8134303,9.6276655,4111
1199,0.004142413958499287,1.5213784,5.3844757,3895
1200,0.004014791448866446,1.6175618,5.5118732,3775
1201,0.0007529728068337599,1.886884,6.778376,708
1202,0.0009592958640735191,2.3895857,8.820981,902
1203,0.001101807666496858,2.0794752,8.396359,1036
1204,0.0023397460099354125,4.7088084,14.632748,2200
1205,0.0005328239777171098,2.5303657,12.614034,501
1206,0.0058142688346895,2.4947202,9.113846,5467
1207,0.0017696988002420574,2.4408972,8.630155,1664
1208,0.0015846461612744383,2.1243176,7.859411,1490
1209,0.0022419020858835677,3.6332438,14.22451,2108
1210,0.0005179346849266117,2.27423,10.546567,487
1211,0.0054143849711732655,1.9471112,7.727389,5091
1212,0.0006827804265356976,1.5599641,6.230052,642
1213,0.0004243448445291952,1.3088847,3.764904,399
1214,0.0011645554003996712,1.9185126,9.756134,1095
1215,0.0021865989983760035,1.6081192,5.3778152,2056
1216,0.0020355790286438087,1.9881327,9.297274,1914
1217,0.0029108567405423742,1.8381532,6.393786,2737
1218,0.003919074566641816,2.9666278,10.954109,3685
1219,0.0009869474078273012,2.264461,11.315804,928
1220,0.005760029268095542,3.089701,10.903845,5416
1221,0.0023546353027259106,1.4245379,5.304105,2214
1222,0.008916559339681135,2.725357,13.658309,8384
1223,0.0023259202380585212,1.4864439,5.1438036,2187
1224,0.0006902250729309467,1.7923952,7.001992,649
1225,0.004279608156354591,3.451762,12.3029175,4024
1226,0.0009922650123953363,3.9579763,11.396529,933
1227,0.0008263557498726433,3.3031027,12.471432,777
1228,0.004650776955203436,3.3140137,11.695905,4373
1229,0.0005009183503088997,1.7087396,6.3929214,471
1230,0.02375373960541247,1.5698456,5.9511933,22335
1231,0.000955041780419091,1.6779228,13.962403,898
1232,0.001504882092753913,2.5769496,12.037796,1415
1233,0.000744464639524904,1.6468363,6.6173654,700
1234,0.0025407514626071366,2.5790272,11.275645,2389
1235,0.00027119783296978645,2.2201838,15.224199,255
1236,0.006533208972287836,2.1446147,9.390424,6143
1237,0.0010794737273111107,2.3937244,10.37204,1015
1238,0.0007178766166847288,1.9183614,8.321401,675
1239,0.0021663921010174705,2.2815938,8.421937,2037
1240,0.00095185121767827,1.7586033,4.8465767,895
1241,0.0006583194455227365,1.6840252,6.316159,619
1242,0.004071158057287617,4.1665044,11.990536,3828
1243,0.0010582033090389706,1.3216691,3.3834624,995
1244,0.0013995935223068193,1.532158,4.42672,1316
1245,0.0021663921010174705,2.5034504,10.427873,2037
1246,0.002507782314285319,3.54223,11.203472,2358
1247,0.0015484864502118,1.7035782,5.925254,1456
1248,0.0010422504953348656,1.8858138,6.4904356,980
1249,0.0004902831411728296,1.7271829,6.2800827,461
1250,0.0019132741235790031,3.3356123,11.283337,1799
1251,0.0018483993478489757,2.051656,7.25638,1738
1252,0.0022216951885250347,2.9175084,12.243552,2089
1253,0.001486802237222594,2.1160371,6.6299124,1398
1254,0.000947597134023842,1.9443921,7.886178,891
1255,0.0033054229994905733,2.6377869,12.025889,3108
1256,0.00018824320170843998,1.9588714,10.635292,177
1257,0.0007976406852052543,5.8577924,18.353817,750
1258,0.0008221016662182154,1.538377,4.885861,773
1259,0.00044455174188772834,1.4497697,5.710502,418
1260,0.002650294116708658,1.7022692,7.1957955,2492
1261,0.002231266876747498,1.7948847,6.846001,2098
1262,0.0009614229059007331,2.3960543,10.69103,904
1263,0.0010996806246696437,2.0667977,8.237012,1034
1264,0.0010252341607171534,1.9361823,6.9310846,964
1265,0.0006997967611534096,1.7734357,5.641737,658
1266,0.000570047209693355,1.5719572,5.088625,536
1267,0.0019419891882463923,2.3211956,11.706165,1826
1268,0.015596534198046737,1.9132824,5.8550625,14665
1269,0.0019813394620498514,3.1171556,10.258835,1863
1270,0.0021110890135099063,2.2961388,10.51616,1985
1271,0.0005923811488791021,1.9899907,7.2709603,557
1272,0.007971089247484507,2.1150136,9.741129,7495
1273,0.0030554955847929273,2.577018,9.555939,2873
1274,0.0010794737273111107,2.2555916,7.9677706,1015
1275,0.0011103158338057139,1.6492803,4.5192685,1044
1276,0.00744783695798986,2.7610326,9.671766,7003
1277,0.001496373925445057,1.484211,3.9220014,1407
1278,0.00012017786323759164,1.8270406,8.333801,113
1279,0.0006742722592268416,1.9381064,7.400552,634
1280,0.003226722451883655,2.2125406,7.494257,3034
1281,0.0011720000467949202,1.598925,4.8804393,1102
1282,0.0015644392639159053,1.8925254,6.951355,1471
1283,0.0023801598046524785,2.246724,10.952295,2238
1284,0.005680265199575017,2.4591782,9.461877,5341
1285,0.0008433720844903555,2.1985385,10.032387,793
1286,0.0003935027380345921,1.6820629,4.5097933,370
1287,0.00263540482391816,2.8831675,13.695915,2478
1288,0.0008146570198229663,2.6197388,8.511631,766
1289,0.0027609002917237868,1.730856,6.8198495,2596
1290,0.0023812233255660854,4.6359,15.906867,2239
1291,0.0012496370734882316,2.1268494,10.189422,1175
1292,0.0028980944895790903,1.7735244,6.7876434,2725
1293,0.006885234394691755,2.3835766,8.284427,6474
1294,0.0082433506013679,1.4154204,5.0396113,7751
1295,0.004017982011607267,2.4070628,8.759525,3778
1296,0.000953978259505484,1.4417715,4.6769443,897
1297,0.0014453249215919206,1.743209,8.332328,1359
1298,0.005088947571609522,2.6807272,11.575323,4785
1299,0.000563666084211713,1.6925914,6.933292,530
1300,0.0031086716304732772,3.2074704,14.315394,2923
1301,0.0022450926486243888,4.2066526,12.363453,2111
1302,0.006629989375426073,2.4491165,10.279993,6234
1303,0.0013974664804796053,2.5351055,11.101849,1314
1304,0.05409918183336116,1.8537941,8.165168,50868
1305,0.00027438839571060743,1.6363649,6.6668277,258
1306,0.00044986934645576337,2.2497747,8.532928,423
1307,0.07158665621580115,3.7406116,13.793896,67311
1308,0.001892003705306863,5.2074656,17.83458,1779
1309,0.001886686100738828,1.5679287,4.9832807,1774
1310,0.0013910853549979633,2.5031135,8.994147,1308
1311,0.0007646715368834371,1.4281235,4.731709,719
1312,0.0002073865781533661,2.3707173,10.007218,195
1313,0.00031586571134128066,1.5299047,6.0421352,297
1314,0.0005891905861382811,2.5054967,11.727233,554
1315,1.3825771876891073e-05,1.5380062,3.1721134,13
1316,0.0004371070954924793,1.5776389,6.480574,411
1317,0.002096199720719408,2.095102,8.284601,1971
1318,0.00010635209136070057,2.4381862,12.189418,100
1319,0.003034225166520787,2.942366,13.534773,2853
1320,0.0048081780504172725,2.3223686,9.785423,4521
1321,0.014081016896156755,2.8445837,11.404267,13240
1322,0.0012049691951167374,4.5976815,13.551349,1133
1323,0.0005253793313218608,1.4969462,4.8593316,494
1324,0.003053368542965713,3.0037005,8.929168,2871
1325,0.0010752196436566827,1.9319848,11.371103,1011
1326,0.0042849257609226254,1.995728,6.9158998,4029
1327,0.0022004247702528948,1.6118473,4.4691234,2069
1328,0.002661992846758335,1.7277974,4.903359,2503
1329,0.001898384830788505,2.0696812,10.399221,1785
1330,0.0001701633461771209,2.6272233,11.242816,160
1331,0.0018047949903910886,1.9802741,7.5166836,1697
1332,0.0016473938951772518,1.5514673,4.5475388,1549
1333,0.002489702458754,1.903875,8.85786,2341
1334,0.002421637120283152,2.8455844,11.698557,2277
1335,0.008048726274177818,3.025899,10.969321,7568
1336,0.0048656081797520505,1.8277676,7.5443215,4575
1337,0.0014389437961102786,2.446279,9.329718,1353
1338,0.010660733637996625,1.3992041,4.5679927,10024
1339,0.002507782314285319,1.6048598,5.077981,2358
1340,0.0014325626706286367,1.6150442,5.6902885,1347
1341,0.0008295463126134644,1.8170702,7.8962874,780
1342,0.0034862215548037644,1.8566272,6.839227,3278
1343,0.0019919746711859216,1.9137465,7.636181,1873
1344,0.0015442323665573721,2.389125,9.60744,1452
1345,0.0006923521147581607,2.0389514,8.244678,651
1346,0.0010294882443715814,3.0017512,13.338775,968
1347,0.004251956612600808,1.5223612,3.7910647,3998
1348,0.0027981235237000317,1.7475662,8.088546,2631
1349,0.00896760834353427,2.7102277,19.800419,8432
1350,0.0012230490506480564,1.7491312,5.5500565,1150
1351,0.0027779166263414987,1.477004,4.891651,2612
1352,0.0028619347785164523,3.0162027,11.667842,2691
1353,0.006650196272784606,1.8936588,6.552069,6253
1354,0.001723967400956956,1.6336976,5.9273396,1621
1355,0.0041115718520046834,2.3923194,9.355807,3866
1356,0.000754036327747367,2.0755484,7.15082,709
1357,0.001536787720162123,1.3914181,3.9041378,1445
1358,0.010977662870251512,1.7393384,6.667385,10322
1359,0.001536787720162123,2.1568944,7.932133,1445
1360,0.0023684610746028015,2.3538778,8.646151,2227
1361,0.009853521264568907,1.5069518,8.078935,9265
1362,0.0005338874986307168,2.010472,6.9534917,502
1363,0.008632599255748065,2.8303227,10.196817,8117
1364,0.00027119783296978645,1.7672079,4.8859134,255
1365,0.015960258350500335,1.7072709,6.531185,15007
1366,0.006715071048514634,1.9005518,6.1383615,6314
1367,0.0031224974023501685,1.9832064,7.891028,2936
1368,0.0003052305022052106,1.716741,6.9472966,287
1369,0.0035000473266806557,1.8240961,6.126288,3291
1370,0.006906504812963895,2.4638484,10.842997,6494
1371,0.00250033766789007,1.8826534,7.224898,2351
1372,0.02123319504016387,1.5061805,5.8023257,19965
1373,3.82867528898522e-05,1.5021691,3.6141107,36
1374,0.0009125009438748108,2.0466735,11.508484,858
1375,0.006311996622257578,1.9886806,7.188582,5935
1376,0.0004849655366047946,1.5502504,5.0121217,456
1377,0.0007944501224644332,2.7666416,10.800188,747
1378,0.0052038078302790785,4.1941648,16.015303,4893
1379,0.0006966061984125887,1.4954611,4.545638,655
1380,0.0009114374229612038,2.0319061,7.533585,857
1381,0.001111379354719321,1.6867436,7.4744415,1045
1382,0.002279125317859813,1.3835924,4.070282,2143
1383,0.0024120654320606886,4.186316,15.049831,2268
1384,0.022900795832699654,2.2757978,8.354351,21533
1385,0.0003137386695140667,1.9372516,6.1079354,295
1386,0.002801314086440853,3.9911497,13.450295,2634
1387,0.0010677749972614337,1.982501,7.0645685,1004
1388,0.002989557288149293,3.4514809,18.054272,2811
1389,0.007475488501743643,2.3161852,9.250025,7029
1390,0.07916105216251025,1.5008445,5.7429695,74433
1391,0.005708980264242406,1.8852464,9.79021,5368
1392,0.0005572849587300709,1.8639083,6.6426444,524
1393,0.0019653866483457464,2.3429413,8.824022,1848
1394,0.00017548095074515594,1.542439,5.453405,165
1395,0.025182048192386678,1.9563899,7.920688,23678
1396,0.0008401815217495345,1.7952945,7.426734,790
1397,0.00019887841084451004,1.9317123,8.801207,187
1398,0.011391372505644638,1.8616567,8.890232,10711
1399,0.0019877205875314936,1.943246,7.0368834,1869
1400,0.0013953394386523913,1.9928893,10.472227,1312
1401,0.006173738903488667,1.941694,7.4167857,5805
1402,0.002236584481315533,3.9493923,12.404021,2103
1403,0.0007827513924147561,1.7309041,8.091251,736
1404,0.000773179704192293,1.7432804,7.110809,727
1405,0.016007053270699043,2.2189562,7.4831514,15051
1406,0.00958976807799437,2.5060806,10.062867,9017
1407,6.700181755724135e-05,2.112104,5.7069006,63
1408,0.0004764573692959385,1.4741,3.6049578,448
1409,0.0015740109521383684,1.7621889,5.7208447,1480
1410,0.0002116406618077941,1.5779428,6.0845556,199
1411,0.04658115249507324,1.2363428,3.95128,43799
1412,0.0021302323899548324,1.4596711,4.911528,2003
1413,0.002847045485725954,2.0178032,8.344926,2677
1414,0.0006572559246091295,2.7772233,11.149469,618
1415,0.003226722451883655,4.4012933,15.415304,3034
1416,0.0012134773624255934,2.209498,9.480847,1141
1417,0.00030842106494603165,1.443558,4.7028155,290
1418,0.0018771144125163649,1.8663816,7.462784,1765
1419,0.00189306722622047,2.4331043,12.111879,1780
1420,0.0027821707099959267,2.0022233,9.183815,2616
1421,0.0011166969592873559,2.3816624,7.9421144,1050
1422,0.0038807878137519635,2.4469047,8.302404,3649
1423,0.0032873431439592545,2.790072,9.466978,3091
1424,0.0002637531865745374,2.1346285,8.077459,248
1425,0.0033947587562335618,1.7405479,6.0466833,3192
1426,0.0003041669812916036,1.4652423,4.0402727,286
1427,0.0033224393341082857,4.825904,14.392354,3124
1428,0.0016346316442139676,1.3614529,6.4608536,1537
1429,0.0012432559480065896,2.7545235,13.161516,1169
1430,0.003539397600484115,2.2409823,8.254422,3328
1431,0.01862969584365392,3.225793,13.935348,17517
1432,0.00027332487479700044,1.6808602,5.7152486,257
1433,0.000563666084211713,1.4270831,5.669154,530
1434,0.002437589933987257,1.546436,4.701494,2292
1435,0.0012209220088208424,1.9687049,8.153018,1148
1436,0.028522567382026284,2.4395406,13.201114,26819
1437,0.0005392051031987518,2.8775218,10.108434,507
1438,0.002441844017641685,1.6636213,5.383672,2296
1439,0.00016378222069547886,2.5804558,12.546324,154
1440,0.0002988493767235686,2.0457318,8.5657,281
1441,0.0004402976582333003,1.8668389,6.17688,414
1442,0.0006880980311037326,2.4532351,11.251371,647
1443,0.0004402976582333003,1.9002059,10.562582,414
1444,0.005319731609862242,2.7393336,11.625867,5002
1445,0.0005275063731490748,1.843256,6.700663,496
1446,0.006046116393855827,1.3642461,4.285708,5685
1447,0.0029789220790132228,1.8088499,8.700754,2801
1448,0.0019845300247906725,1.6094326,5.2172565,1866
1449,0.00022227587094386417,2.415343,10.652038,209
1450,0.004625252453276867,3.0736217,12.056174,4349
1451,0.00027970600027864246,1.4823941,6.371419,263
1452,9.35898403974165e-05,1.3423097,2.9294412,88
1453,0.0009412160085422,1.7477835,6.419791,885
1454,0.0009305807994061299,1.8234917,8.359231,875
1455,4.9985482939529265e-05,1.8553904,5.6193886,47
1456,0.0012751615754147997,1.7156819,6.195113,1199
1457,0.0053048423170717444,3.016184,11.491206,4988
1458,0.0046837461035252525,4.363212,12.90951,4404
1459,0.0007019238029806237,1.8047547,9.519837,660
1460,0.004314704346503622,2.2867959,10.962001,4057
1461,0.0012857967845508699,1.8204075,6.271424,1209
1462,0.00037542288250327297,1.6682775,6.0280786,353
1463,0.0005477132705076079,1.4762398,6.4531126,515
1464,0.0077254159164412885,1.9736015,7.9060106,7264
1465,0.0006051433998423862,1.6450592,12.123964,569
1466,0.0008391180008359275,1.5599346,6.058062,789
1467,0.0003945662589481991,1.8380084,9.050214,371
1468,0.005760029268095542,1.8549728,6.5059,5416
1469,0.005906795154173309,1.6160887,5.233,5554
1470,0.0007795608296739351,1.7112758,7.633282,733
1471,0.00042221780270198123,1.7943426,5.744006,397
1472,0.003737212490415018,4.0722847,11.882547,3514
1473,0.001880304975257186,1.6686381,5.558724,1768
1474,0.0017856516139461624,2.0091412,14.367471,1679
1475,0.002244029127710782,1.6143787,5.3018184,2110
1476,0.0011943339859806672,2.304983,6.871406,1123
1477,0.00010209800770627253,1.2572733,4.0886383,96
1478,0.004076475661855652,1.2465013,3.9075243,3833
1479,0.0014729764653457027,1.8734121,9.172063,1385
1480,0.0011890163814126324,2.0817163,12.853834,1118
1481,0.001126268647509819,1.876225,6.9139524,1059
1482,0.0018441452641945477,2.9754286,11.232159,1734
1483,0.0012209220088208424,2.7880619,8.934477,1148
1484,0.0070756046382274085,2.5946941,12.484989,6653
1485,0.0006179056508056703,1.9316645,10.424091,581
1486,0.001343226913885648,2.1893172,9.767665,1263
1487,0.0005306969358898958,1.5530813,6.999924,499
1488,0.0010050272633586204,1.7346604,9.032652,945
1489,0.0010571397881253635,1.735509,8.629894,994
1490,0.004383833205888078,2.4735007,10.884875,4122
1491,0.0015484864502118,1.7471069,5.328145,1456
1492,0.0015676298266567262,1.6934812,4.472819,1474
1493,0.002068548176965626,1.5316232,5.5257535,1945
1494,0.004960261541063074,1.6678619,5.1819,4664
1495,0.0015995354540649365,1.7522385,6.6730714,1504
1496,0.0003201197949957087,1.7942295,4.9116035,301
1497,0.0028661888621708802,2.7814732,10.401598,2695
1498,0.0008348639171814994,2.1382847,9.260648,785
1499,0.0015335971574213022,1.4845022,3.5354369,1442
1500,0.0035011108475942626,1.6811049,4.9317174,3292
1501,0.0031161162768685263,3.205997,12.938893,2930
1502,0.0006572559246091295,1.6003801,4.8003106,618
1503,0.0008688965864169236,1.7896274,9.341128,817
1504,0.004433818688827606,2.4910557,10.70763,4169
1505,0.0011879528604990253,3.0021951,12.192892,1117
1506,0.003381996505270278,3.2960835,12.2210245,3180
1507,4.573139928510124e-05,1.3274393,2.789533,43
1508,0.0008210381453046084,2.2267635,8.903777,772
1509,0.001154983712177208,1.9691869,7.4031997,1086
1510,0.005635597321203523,3.5273948,14.229758,5299
1511,0.0019526243973824622,1.469691,5.2404346,1836
1512,0.0002095136199805801,2.4067528,9.467874,197
1513,0.00012017786323759164,1.6550031,7.2632627,113
1514,0.0005743012933477831,2.311682,9.92445,540
1515,0.004047760597188263,1.6147451,5.6259804,3806
1516,0.0002233393918574712,3.0626087,10.213634,210
1517,0.0016282505187323257,1.7159101,9.294519,1531
1518,0.0008199746243910014,1.9465826,6.5882955,771
1519,0.0032288494937108693,4.045361,10.884033,3036
1520,0.005478196225989686,2.3277829,8.805123,5151
1521,0.002463114435913825,2.0842464,8.18945,2316
1522,0.0004243448445291952,2.0288196,10.1331835,399
1523,0.0003945662589481991,1.5571665,4.365142,371
1524,0.004774145381181848,3.4117734,13.591032,4489
1525,0.0006870345101901256,1.5433389,6.8436875,646
1526,0.008864446814914393,2.4898794,9.583845,8335
1527,0.005189982058402188,2.2659874,7.9156446,4880
1528,0.00228018883877342,1.5077534,4.6137786,2144
1529,0.008633662776661671,2.2008114,6.2846746,8118
1530,0.0012432559480065896,1.8831732,6.547079,1169
1531,0.0014506425261599557,2.3340952,10.39904,1364
1532,0.0015059456136675199,3.4171968,11.772958,1416
1533,0.004322148992898871,3.2223382,10.959857,4064
1534,0.003229913014624476,1.9213301,6.5525055,3037
1535,0.00023716516373436226,2.3303738,9.103902,223
1536,0.00035415246423113286,1.7339252,6.0004926,333
1537,0.0058015065837262155,1.9383384,6.2690086,5455
1538,0.0043923413731969336,1.7231903,6.5526347,4130
1539,0.003076766003065067,3.3007517,11.866696,2893
1540,0.00039243921712098505,1.9800658,7.932685,369
1541,0.0018537169524170108,1.8811121,7.967022,1743
1542,0.0009284537575789159,1.3681307,5.013054,873
1543,0.00045093286736937036,2.0474272,6.304912,424
1544,0.0007923230806372192,1.7989264,7.286277,745
1545,0.0008348639171814994,2.511038,10.730815,785
1546,0.001498500967272271,1.78659,9.8693495,1409
1547,0.00037116879884884494,1.6764992,6.8194003,349
1548,0.0030395427710888222,1.404062,4.7360377,2858
1549,0.003209706117265943,3.3211434,11.324472,3018
1550,0.01391191707089324,2.6503875,10.910826,13081
1551,0.013680069511726914,1.9340252,7.488016,12863
1552,0.00962911835179783,1.832905,7.1749578,9054
1553,0.0013644973321577881,1.9005142,7.054554,1283
1554,0.0012177314460800213,1.9795784,7.7589445,1145
1555,0.0004934737039136506,1.6853074,6.836172,464
1556,0.0012241125715616635,2.8905454,9.873977,1151
1557,0.0027385663525380396,2.3037086,10.797875,2575
1558,0.0006019528371015651,1.8460763,5.431429,566
1559,0.0012443194689201965,1.993897,6.86381,1170
1560,0.07552168359614708,1.6492856,6.7718167,71011
1561,0.0021706461846718985,1.9264679,7.8540406,2041
1562,0.0011581742749180292,1.7047095,7.9674354,1089
1563,0.0004902831411728296,1.8023374,5.8125105,461
1564,0.001693125294462353,1.4351416,6.1971893,1592
1565,0.0010209800770627254,1.6012731,4.6545496,960
1566,0.0034883485966309786,1.6809577,5.117672,3280
1567,0.002136613515436474,2.9666853,10.076686,2009
1568,0.003440490155518663,4.674199,13.887103,3235
1569,4.7858441112315255e-05,1.1508348,1.8917285,45
1570,0.0026992160787345804,3.9878933,12.711667,2538
1571,8.082758943413243e-05,1.7395718,6.8494663,76
1572,0.0011826352559309902,1.6345993,5.856816,1112
1573,0.000746591681352118,1.3824979,6.1589456,702
1574,0.007184083771415323,2.9737387,9.638726,6755
1575,0.004347673494825439,2.1015482,7.20824,4088
1576,0.0029289365960736935,3.267103,11.131348,2754
1577,0.0004987913084816857,1.8584373,8.630735,469
1578,0.0015633757430022982,2.544557,12.606044,1470
1579,0.0010869183737063598,2.1838155,9.051507,1022
1580,0.0010369328907668305,2.4063768,12.62417,975
1581,0.0013081307237366169,2.9368231,9.909624,1230
1582,0.002077056344274482,2.6575587,9.050889,1953
1583,0.00042221780270198123,2.100571,12.092084,397
1584,0.0004094555517386972,2.1170118,11.660023,385
1585,0.0032852161021320403,1.4684275,4.7965603,3089
1586,2.8715064667389152e-05,1.2126666,2.4484088,27
1587,0.002408874869319868,2.9470446,10.615724,2265
1588,0.0005062359548769346,1.4953836,4.444863,476
1589,0.0037042433420932004,2.068743,7.254938,3483
1590,0.007556316091177775,3.5342393,12.877427,7105
1591,0.0036850999656482743,2.1963727,9.643386,3465
1592,0.0006051433998423862,1.6458956,5.5362024,569
1593,0.0010390599325940445,1.6050001,4.955738,977
1594,0.0017813975302917345,1.8777795,6.2345324,1675
1595,0.0017867151348597695,2.2867544,8.007434,1680
1596,0.0006753357801404486,1.8878187,9.816812,635
1597,8.508167308856045e-05,2.1380374,9.949644,80
1598,0.003174609927116912,1.3180232,3.834007,2985
1599,0.00028608712576028454,1.4848685,4.29548,269
1600,0.0001318765932872687,2.1429465,6.8677416,124
1601,0.0007529728068337599,2.063404,10.778711,708
1602,0.0017420472564882753,2.1055765,6.3461256,1638
1603,0.012807982362569168,3.7063534,12.123588,12043
1604,0.003598954771646107,2.1614325,6.5652785,3384
1605,0.0012581452407970876,2.8083534,10.626142,1183
1606,0.008372036631914348,2.0186977,8.821962,7872
1607,0.015527405338662282,1.1138743,3.2900836,14600
1608,0.013519477853772256,2.7034876,10.774292,12712
1609,0.0061280075042035665,2.2357652,10.452889,5762
1610,0.002491829500581214,2.0593016,7.7444057,2343
1611,0.09333353185723721,1.7948507,11.890535,87759
1612,5.104900385313627e-05,1.7304738,4.2338543,48
1613,0.007992359665756647,3.4826608,10.918113,7515
1614,0.0010975535828424297,4.0387173,14.473291,1032
1615,0.0006083339625832072,2.249224,11.900716,572
1616,0.01998568500850285,1.3624891,7.340004,18792
1617,0.006101419481363391,2.9054413,12.819796,5737
1618,0.00047858441112315255,2.2447815,8.524786,450
1619,0.007324468532011448,2.3263547,8.876039,6887
1620,0.00923774265559045,1.751104,5.774875,8686
1621,0.00033819965052702777,1.43429,5.632752,318
1622,0.009140962252452213,2.6335332,10.625914,8595
1623,0.00031692923225488766,1.8970996,6.551192,298
1624,0.0003031034603779966,2.1565118,12.091274,285
1625,0.002446098101296113,4.1630235,14.598722,2300
1626,0.0009826933241728732,1.6521757,7.443419,924
1627,0.0012145408833392005,1.9217393,6.67955,1142
1628,0.002094072678892194,3.3292172,11.5956955,1969
1629,0.0006774628219676625,3.295352,11.800563,637
1630,0.0003594700687991679,2.0498087,9.739478,338
1631,0.0011326497729914609,1.8205777,6.1569066,1065
1632,0.0035053649312486905,3.505883,14.893769,3296
1633,0.0013591797275897533,2.121292,14.022744,1278
1634,0.004440199814309248,2.0810814,8.321794,4175
1635,0.0029831761626676508,1.8399638,8.852837,2805
1636,0.003907375836592139,1.5175306,6.4630747,3674
1637,0.0015335971574213022,1.666612,6.5190525,1442
1638,0.001901575393529326,4.016545,16.85901,1788
1639,0.0036755282774258114,1.7056407,6.263329,3456
1640,0.0017580000701923804,3.130294,12.165359,1653
1641,0.0014314991497150296,1.8877492,6.607465,1346
1642,0.001493183362704236,4.555452,17.842083,1404
1643,0.00027757895845142847,1.8023185,7.6605577,261
1644,0.001319829453786294,2.006541,7.598297,1241
1645,0.000948660654937449,1.4215837,3.9776106,892
1646,0.0006615100082635575,1.5563486,5.5832973,622
1647,3.296914832181717e-05,1.2971833,2.3604484,31
1648,0.0017962868230822326,3.3810096,11.149961,1689
1649,0.0006817169056220906,2.3992782,10.484658,641
1650,0.0018047949903910886,1.620158,5.2249737,1697
1651,0.00025418149835207437,1.4319804,4.6670327,239
1652,0.002417383036628724,1.9606888,6.538788,2273
1653,0.0014006570432204264,1.9564309,8.728316,1317
1654,0.00016590926252269287,1.6694363,6.5917907,156
1655,0.008876145544964069,1.724163,8.223517,8346
1656,0.0006721452173996276,2.2787588,7.5565486,632
1657,0.006269455785713298,1.9148465,6.3365517,5895
1658,0.0055505156481149625,1.3574065,4.4957604,5219
1659,0.002231266876747498,1.4401621,4.820761,2098
1660,0.004007346802471197,3.3706918,13.932898,3768
1661,0.0018058585113046954,2.1758437,8.4657345,1698
1662,0.001111379354719321,1.6405643,5.4647293,1045
1663,0.008298653688875465,1.7963121,8.163738,7803
1664,0.00244716162220972,2.226195,9.207756,2301
1665,0.0006530018409547014,1.7223872,6.5254445,614
1666,0.0001499564488185878,1.2407573,2.2489326,141
1667,0.008276319749689717,3.476807,12.040426,7782
1668,0.0015952813704105085,1.5044278,5.5261793,1500
1669,0.013683260074467735,3.6700034,12.5981245,12866
1670,0.00028715064667389153,1.4088252,2.9402757,270
1671,0.0020111180476308477,3.308215,11.158151,1891
1672,0.000749782244092939,1.6078635,4.3965034,705
1673,0.00044242470006051435,2.498193,7.6762605,416
1674,0.0001701633461771209,1.9789975,10.606485,160
1675,0.0018569075151578318,2.7432106,11.125204,1746
1676,0.000761480974142616,2.177384,9.562985,716
1677,0.007505267087324638,2.1403522,8.215123,7057
1678,0.1292060922732015,6.374222,14.82835,121489
1679,0.005955717116199232,1.7335651,10.015277,5600
1680,0.0094578914847071,1.6385032,7.959818,8893
1681,0.0016878076898943178,1.8188189,6.668912,1587
1682,0.0010624573926933986,1.9078354,6.718844,999
1683,0.0028619347785164523,2.9366941,9.821501,2691
1684,0.0015910272867560803,3.9426377,13.489444,1496
1685,0.005208061913933507,2.8080003,11.969611,4897
1686,0.0009965190960497642,2.0922408,11.873042,937
1687,0.0014091652105292824,3.2026682,12.069795,1325
1688,0.009103739020475968,2.429002,10.986078,8560
1689,0.017466203964167853,7.05281,21.663307,16423
1690,0.001515517301889983,2.0505536,8.775528,1425
1691,0.002010054526717241,1.4354267,3.9949913,1890
1692,0.0012538911571426596,1.7088863,6.785676,1179
1693,0.0005392051031987518,1.5649115,6.6455455,507
1694,0.004599727951350299,2.2032866,9.150814,4325
1695,0.002685390306857689,2.0844092,8.959544,2525
1696,0.0001520834906458018,1.5594997,3.6356354,143
1697,0.004541234301101914,2.9613094,11.32753,4270
1698,0.00012868603054644768,1.4523011,5.2187896,121
1699,0.0018558439942442247,1.4274174,4.702874,1745
1700,0.0023748422000844436,1.618167,4.9276614,2233
1701,0.002417383036628724,1.457688,4.995498,2273
1702,0.002085564511583338,1.9516393,7.572453,1961
1703,0.0030959093795099933,2.2973633,8.223698,2911
1704,0.003605335897127749,2.831527,10.810945,3390
1705,0.0005434591868531799,2.4100387,7.6147428,511
1706,0.0026524211585358722,3.55744,13.109482,2494
1707,0.040714771135616994,1.6190115,9.623183,38283
1708,0.0023089039034408093,3.535907,13.920663,2171
1709,0.03570452411161439,2.6558008,9.667474,33572
1710,0.000187179680794833,1.5874146,5.107476,176
1711,0.0006136515671512422,1.5392287,6.677311,577
1712,0.0033585990451709237,2.7889218,11.6071615,3158
1713,3.72232319762452e-05,1.3408768,2.969767,35
1714,0.0016165517886826486,2.6254935,11.825541,1520
1715,0.003234167098278904,1.8146818,8.004469,3041
1716,0.0022248857512658557,3.8789394,13.697421,2092
1717,0.004658221601598685,2.982389,10.292894,4380
1718,0.0018515899105897968,2.0271165,7.127319,1741
1719,0.0007529728068337599,1.6667663,5.9647818,708
1720,0.0019717677738273886,2.1705222,8.237133,1854
1721,0.0006689546546588066,1.9375116,10.679938,629
1722,0.0032926607485272894,1.557509,5.581996,3096
1723,0.002441844017641685,3.5443277,11.293051,2296
1724,0.07270335317508851,1.6672583,6.335729,68361
1725,0.0008125299779957523,1.6797547,6.1621056,764
1726,0.0014431978797647066,2.0648775,8.238734,1357
1727,0.0023354919262809845,1.8113433,6.847627,2196
1728,0.003207579075438729,3.103999,11.409698,3016
1729,0.0008699601073305306,1.3132554,4.815553,818
1730,0.0004605045555918334,2.2666745,8.869082,433
1731,0.002074929302447268,1.6002891,4.4720974,1951
1732,0.0032607551211190793,2.8432693,11.67144,3066
1733,0.0029044756150607325,3.49143,10.394528,2731
1734,0.002041960154125451,1.6710136,5.870152,1920
1735,0.000372232319762452,2.0288053,11.556721,350
1736,0.00024354628921600428,2.0744908,13.160278,229
1737,0.0040541417226699055,3.9721372,10.521286,3812
1738,0.0057929984164173595,2.7612176,9.9381075,5447
1739,0.0026641198885855493,2.1562958,10.0934105,2505
1740,0.002311030945268023,2.1988919,8.439931,2173
1741,0.00960359384987126,2.3595998,9.2721615,9030
1742,5.317604568035028e-06,1.3773477,1.6310284,5
1743,0.0008465626472311765,2.1400192,8.022107,796
1744,0.0008327368753542854,2.055815,7.8060126,783
1745,0.005930192614272663,1.9430951,7.157183,5576
1746,0.001912210602665396,1.5947901,4.723668,1798
1747,7.125590121166937e-05,1.5189039,4.2227774,67
1748,0.09025676585417214,1.6870592,6.227575,84866
1749,0.0013421633929720411,3.452812,10.958295,1262
1750,0.003018272352816682,1.7611955,8.070201,2838
1751,0.004378515601320042,2.6237648,10.603367,4117
1752,0.005467561016853616,2.9101064,13.901856,5141
1753,0.0027289946643155763,1.6658376,7.052797,2566
1754,0.0031427042997087015,2.1715007,8.783554,2955
1755,0.0021865989983760035,2.021218,7.2952213,2056
1756,0.001534660678334909,2.0549362,8.183544,1443
1757,0.0002839600839330705,1.9931159,6.5981283,267
1758,0.0018473358269353688,1.9453678,7.0070004,1737
1759,0.00327458089299597,1.9026666,7.498651,3079
1760,0.004158366772203392,2.0145783,10.253121,3910
1761,3.509619014903119e-05,1.0051007,1.4726199,33
1762,0.0011751906095357411,1.6538574,5.4639897,1105
1763,0.003947789631309205,1.3339361,4.483025,3712
1764,0.004447644460704498,3.0686092,12.699404,4182
1765,2.6588022840175142e-05,1.8656098,4.1731,25
1766,0.002989557288149293,2.692449,12.196243,2811
1767,0.00036159711062638193,1.7018508,6.6195617,340
1768,0.0004839020156911876,1.8941298,5.3819065,455
1769,0.0005753648142613901,1.8619603,9.072034,541
1770,0.0027534556453285377,2.9085662,9.857639,2589
1771,0.0020196262149397037,1.4797537,3.9915972,1899
1772,0.0019664501692593533,1.4043344,4.1545577,1849
1773,0.002653484679449479,2.7870872,11.792047,2495
1774,0.0010550127462981495,3.0389066,13.206572,992
1775,0.0006530018409547014,1.4603143,4.2017527,614
1776,0.0002637531865745374,1.3264318,3.2459562,248
1777,0.0009582323431599121,1.7038729,8.26546,901
1778,0.005540943959892499,2.148505,8.541322,5210
1779,0.001297495514600547,1.3369951,4.4653273,1220
1780,0.00015421053247301582,2.1134903,9.064355,145
1781,0.009882236329236297,3.0363219,11.208479,9292
1782,0.0009337713621469509,1.8448672,7.2339892,878
1783,0.0016442033324364307,2.3738241,7.394486,1546
1784,0.004699698917229358,3.297416,10.610904,4419
1785,0.0008880399628618497,1.885358,10.145555,835
1786,0.000949724175851056,1.9950441,8.528054,893
1787,0.002215314063043393,2.1713278,8.18148,2083
1788,0.0005934446697927092,3.0896118,11.130207,558
1789,0.00522826881129204,3.9337265,10.963269,4916
1790,0.0029757315162724017,2.9423034,10.153399,2798
1791,0.000561539042384499,1.7508401,5.901332,528
1792,0.0031107986723004914,3.1198845,13.100528,2925
1793,0.000757226890488188,2.0479116,13.24753,712
1794,0.0009901379705681223,2.1236458,8.413531,931
1795,0.003927582733950672,1.7106546,5.145532,3693
1796,0.0020281343822485596,1.5749272,4.216683,1907
1797,0.016744073263828697,1.643035,4.66716,15744
1798,0.004493375859989599,1.8491896,9.018483,4225
1799,0.0009412160085422,2.0870364,8.833922,885
1800,0.004583775137646194,1.9395388,9.194335,4310
1801,0.000553030875075643,1.7696409,7.5475707,520
1802,0.002950207014345834,2.9961877,10.197438,2774
1803,0.00045731399285101244,2.8397148,11.125144,430
1804,0.005411194408432444,1.7473949,6.736712,5088
1805,0.0053654630091473435,3.194343,11.863918,5045
1806,0.00023610164282075524,1.4210371,4.4061723,222
1807,0.0008869764419482427,1.4442861,5.330378,834
1808,0.0034543159273955544,3.1341197,13.968785,3248
1809,0.00210258084620105,2.328001,8.677292,1977
1810,0.0007189401375983358,2.2914238,11.247885,676
1811,0.02802058551080378,1.5136149,4.455804,26347
1812,0.0013932123968251773,1.9588642,11.130205,1310
1813,0.0001680363043499069,2.319709,7.7923427,158
1814,0.0002892776885011055,2.03284,12.604691,272
1815,0.004797542841281202,2.066207,6.8729544,4511
1816,0.0005902541070518881,1.4332763,4.359056,555
1817,0.0004775208902095455,2.3906138,9.790375,449
1818,0.00034670781783588384,1.9535036,7.6682158,326
1819,0.0017537459865379524,1.9847262,6.501563,1649
1820,0.0029374447633825494,4.050817,14.330975,2762
1821,0.0006785263428812695,1.9380434,11.566312,638
1822,0.0007710526623650791,2.5296144,11.138097,725
1823,0.0010007731797041922,2.7134004,12.9227085,941
1824,0.0016473938951772518,3.0294816,11.919177,1549
1825,0.0004020109053434481,2.5290601,9.824654,378
1826,0.0019345445418511432,2.0923932,7.0350943,1819
1827,0.005297397670676495,4.6371098,14.690431,4981
1828,0.002409938390233475,3.0309935,12.521945,2266
1829,0.0027619638126373937,1.5878884,5.288901,2597
1830,0.0031001634631644213,2.8525496,11.204319,2915
1831,0.0008486896890583904,1.9312011,7.3889647,798
1832,0.000562602563298106,1.6295469,6.318501,529
1833,0.0005849365024838531,1.81231,6.109863,550
1834,0.0024035572647518326,2.2832916,10.564854,2260
1835,0.00024992741469764633,2.3516564,13.004031,235
1836,0.011405198277521528,4.79161,15.295548,10724
1837,0.0037276408021925545,2.753595,10.924476,3505
1838,0.0006976697193261957,1.6577967,3.9619386,656
1839,0.0021802178728943617,4.914886,14.14688,2050
1840,7.65735057797044e-05,2.0491896,8.469479,72
1841,0.000944406571283021,1.8101602,7.175053,888
1842,0.0013804501458618934,1.4931662,4.7025666,1298
1843,0.00732021444835702,3.0502434,13.345946,6883
1844,0.00337774242161585,2.946131,12.859945,3176
1845,0.001119887522028177,2.1249473,7.1147738,1053
1846,0.0003658511942808099,1.8147367,6.453566,344
1847,0.0006689546546588066,1.8862994,8.809557,629
1848,0.002894903926838269,3.16381,13.12609,2722
1849,0.0007114954912030868,2.0607755,8.989705,669
1850,0.12558693060419687,2.8114777,14.622083,118086
1851,0.0020717387397064468,1.9377717,6.03178,1948
1852,0.00044986934645576337,2.663559,10.939565,423
1853,0.0007529728068337599,2.006322,10.205645,708
1854,0.0018792414543435788,3.142121,8.858758,1767
1855,0.007016047467065416,2.595653,9.652084,6597
1856,0.000956105301332698,1.6414393,7.0665784,899
1857,0.0009922650123953363,1.5185758,3.8364186,933
1858,0.002069611697879233,4.549785,16.671638,1946
1859,0.0007327659094752269,2.0879467,8.580265,689
1860,0.000580682418829425,2.096079,14.390258,546
1861,0.0014857387163089869,1.7052742,5.2314644,1397
1862,0.0034575064901363754,1.988445,8.289755,3251
1863,0.0018473358269353688,2.703954,10.105336,1737
1864,0.0007710526623650791,2.2463782,13.662658,725
1865,0.0059833686599530134,3.070358,12.0053215,5626
1866,0.002825775067453814,2.2955449,9.152019,2657
1867,0.0018303194923176567,1.6356252,4.1301866,1721
1868,0.0032947877903545036,1.5773042,5.2519827,3098
1869,0.0031182433186957405,2.8970902,10.95409,2932
1870,0.001126268647509819,1.8651175,9.787345,1059
1871,0.0021461852036589375,2.6777258,8.558456,2018
1872,0.0010348058489396165,1.5935698,5.9630833,973
1873,0.000950787696764663,2.266061,8.995234,894
1874,0.0009582323431599121,2.4577405,9.589124,901
1875,0.0007859419551555772,1.8878866,6.887441,739
1876,0.00020206897358533108,2.372587,8.214207,190
1877,0.030166770714462714,1.1234885,3.251183,28365
1878,0.0030586861475337484,1.7995262,6.676545,2876
1879,0.0023482541772442684,3.7163503,12.04646,2208
1880,0.0030831471285467094,3.687878,13.003582,2899
1881,0.0006136515671512422,1.5208316,5.9826784,577
1882,0.0005338874986307168,2.0847735,8.387309,502
1883,0.02269872685911432,1.806615,7.2138643,21343
1884,0.00041370963539312516,2.0044599,11.205973,389
1885,0.004231749715242275,2.8306923,11.075847,3979
1886,0.0004690127229006895,2.2429585,10.32606,441
1887,0.0011996515905487023,1.6677982,8.358207,1128
1888,0.0051633940355620125,2.2594662,8.403837,4855
1889,0.0021695826637582916,1.6076518,5.3090525,2040
1890,0.002041960154125451,1.5145781,4.2984347,1920
1891,0.0020079274848900266,1.5844544,4.625152,1888
1892,0.0042051616924021,2.8392067,9.95781,3954
1893,0.004426374042432357,2.1190135,7.6848683,4162
1894,0.010098131074698518,1.8222224,6.535998,9495
1895,0.0002828965630194635,1.4073298,6.146562,266
1896,0.0007827513924147561,1.7670281,6.42226,736
1897,0.0006062069207559932,1.4413494,5.0639486,570
1898,0.0035489692887065777,3.1916852,10.168211,3337
1899,0.005083629967041487,1.9250567,7.1236706,4780
1900,0.0013815136667755003,2.5589995,9.547908,1299
1901,0.00017548095074515594,2.05288,7.3278584,165
1902,0.0011932704650670603,1.5041779,4.183318,1122
1903,0.003053368542965713,1.5470197,5.3401103,2871
1904,0.002488638937840393,3.5121813,13.43549,2340
1905,0.00039137569620737806,1.4089518,3.993808,368
1906,0.0003062940231188176,1.894972,13.059988,288
1907,0.001154983712177208,1.850065,7.2646384,1086
1908,0.003155466550671986,1.6403418,7.0588827,2967
1909,0.0034628240947044103,1.487912,6.273607,3256
1910,0.0039499166731364185,3.4360511,12.607769,3714
1911,0.00014251180242333874,1.2675595,6.0600295,134
1912,0.0033181852504538577,2.577627,9.380365,3120
1913,0.0003126751486004597,1.6204593,6.5949793,294
1914,0.00017973503439958394,1.9688531,9.693278,169
1915,0.00151658082280359,1.982595,8.788801,1426
1916,0.0072574667144542065,2.6890912,10.357295,6824
1917,0.0008423085635767485,1.3873469,5.0638156,792
1918,0.0010124719097538693,1.88577,6.868191,952
1919,0.00015633757430022984,2.5897684,9.207374,147
1920,0.007342548387542767,2.201981,10.120689,6904
1921,0.0022248857512658557,1.8517193,6.352768,2092
1922,0.002784297751823141,1.4516782,4.927655,2618
1923,0.00644280969463124,2.2801297,10.115145,6058
1924,0.0029757315162724017,2.6993165,10.706423,2798
1925,0.000936961924887772,1.5883951,7.4706645,881
1926,0.0004987913084816857,1.7981046,7.527683,469
1927,0.005280381336058783,3.2882838,12.530011,4965
1928,0.020885423701414378,1.8959326,7.378111,19638
1929,0.0007848784342419701,1.417356,5.7873,738
1930,0.003956297798618061,3.3576543,12.096371,3720
1931,0.0012868603054644768,2.3687563,9.322168,1210
1932,0.002094072678892194,2.1382902,8.211886,1969
1933,0.008453927742262089,2.440783,11.243019,7949
1934,0.00031161162768685263,2.098103,10.2592745,293
1935,0.00172609444278417,1.2707101,5.043168,1623
1936,0.0038169765589355434,3.252915,9.941452,3589
1937,0.0008688965864169236,1.7677746,7.778213,817
1938,0.0027438839571060744,4.066829,13.181923,2580
1939,0.001921782290887859,2.7792814,10.097775,1807
1940,0.004853909449702373,2.0511634,6.9060774,4564
1941,0.00589935050777806,2.3787606,8.573414,5547
1942,0.0008189111034773944,1.5691607,5.4462967,770
1943,0.0014687223816912747,1.9302086,5.84859,1381
1944,0.0011624283585724572,2.221277,9.099833,1093
1945,0.0005487767914212149,2.194674,8.143397,516
1946,0.00014144828150973175,1.471075,4.3734117,133
1947,0.00016590926252269287,1.0378212,2.2507646,156
1948,4.254083654428023e-05,1.5158019,3.8223627,40
1949,0.003811658954367508,1.6293643,5.1164703,3584
1950,9.784392405184451e-05,1.0706682,2.410051,92
1951,0.0051836009329205455,2.7222896,12.385259,4874
1952,0.0015580581384342632,2.2042491,10.047541,1465
1953,0.0026885808695985103,3.0254958,11.38901,2528
1954,0.0011624283585724572,1.5230434,4.465332,1093
1955,0.0018441452641945477,1.8261845,7.7464213,1734
1956,0.0005413321450259659,1.5572624,6.224638,509
1957,0.007380835140432619,1.7639627,6.9861155,6940
1958,0.0008369909590087134,1.7492085,8.281085,787
1959,0.003926519213037064,4.462687,11.86989,3692
1960,4.2540836544280225e-06,1.1427063,1.379075,4
1961,0.008084885985240457,2.7312388,14.034934,7602
1962,0.0013921488759115704,1.678189,6.0598383,1309
1963,0.0007157495748575148,2.2078927,9.350385,673
1964,0.010327851592037631,2.7862482,12.144841,9711
1965,0.005200617267538257,2.340679,10.222137,4890
1966,0.0005445227077667869,1.5823936,5.0628543,512
1967,0.005366526530060951,2.113709,8.230282,5046
1968,7.976406852052543e-05,1.2652953,2.8040218,75
1969,0.0001701633461771209,1.3793056,3.7875245,160
1970,7.338294303888339e-05,1.5206164,5.101176,69
1971,0.001895194268047684,1.783131,8.35791,1782
1972,0.004358308703961509,3.051337,14.169356,4098
1973,0.0020270708613349528,2.708909,10.731352,1906
1974,0.004983659001162428,2.5249104,9.5229645,4686
1975,0.0039180110457282084,3.08309,12.997328,3684
1976,0.0022652995459829218,2.77838,8.969067,2130
1977,0.001159237795831636,2.1654341,8.897548,1090
1978,0.0005445227077667869,1.5455632,8.19285,512
1979,0.002030261424075774,1.7790415,6.5621943,1909
1980,0.0011209510429417838,2.0567198,9.93795,1054
1981,0.0012028421532895234,2.6230054,8.574294,1131
1982,0.00324267526558776,2.0093317,7.706854,3049
1983,0.00010847913318791457,1.9145855,6.8622475,102
1984,0.00015421053247301582,2.0716944,7.715043,145
1985,0.006032290621978936,1.8158814,6.467625,5672
1986,0.003235230619192511,1.6212889,6.645693,3042
1987,0.0005126170803585767,1.775064,9.136286,482
1988,0.001113506396546535,1.8956474,7.586516,1047
1989,0.013115339906601593,1.7683212,6.0173187,12332
1990,0.041556016178280135,3.5697162,12.315476,39074
1991,0.003923328650296244,1.509566,5.3558884,3689
1992,0.004387023768628898,2.2708802,10.262942,4125
1993,0.002621579052041269,1.7264222,7.3497567,2465
1994,0.0012390018643521615,1.6626163,7.569791,1165
1995,0.019792124202226376,1.7472606,6.429323,18610
1996,0.0007423375976976899,1.5894473,5.779824,698
1997,0.004811368613158094,1.9527423,8.33749,4524
1998,0.0005338874986307168,1.6252435,8.889949,502
1999,0.003247992870155795,1.6288649,5.806935,3054
2000,0.0006370490272505964,2.0142057,5.4447746,599
2001,0.035033442415128374,1.4681138,3.987824,32941
2002,0.0010720290809158616,1.9288522,8.539434,1008
2003,0.0022046788539073227,1.7444985,6.5732307,2073
2004,0.00033075500413177875,1.8092929,11.44236,311
2005,0.0010635209136070057,1.8462424,9.073749,1000
2006,0.0017463013401427033,1.6494511,5.654335,1642
2007,0.002507782314285319,2.73023,9.754386,2358
2008,0.004843274240566304,2.4950213,10.703691,4554
2009,0.005912112758741345,2.7699983,10.530204,5559
2010,0.0023259202380585212,3.2102768,9.5014515,2187
2011,0.001299622556427761,3.4978397,11.571576,1222
2012,0.0006987332402398027,1.9457191,7.169174,657
2013,0.0033628531288253517,3.9634728,17.396912,3162
2014,0.0007348929513024409,1.7371733,5.6732926,691
2015,0.0005466497495940009,1.5562227,5.852611,514
2016,0.000193560806276475,1.491183,5.8458614,182
2017,0.0003009764185507826,1.6264216,5.934155,283
2018,0.004222178027019813,2.0027885,5.8008404,3970
2019,0.0019324175000239292,3.9593081,12.679291,1817
2020,0.0017473648610563102,1.794069,9.508196,1643
2021,1.701633461771209e-05,1.4503167,2.7745316,16
2022,0.0022185046257842136,1.8857273,7.9280925,2086
2023,0.001499564488185878,4.341552,18.830004,1410
2024,0.04256317048346597,1.249593,6.424678,40021
2025,0.00021802178728943616,2.211344,9.439245,205
2026,0.003406457486283239,3.6684825,13.382956,3203
2027,0.0032565010374646514,2.7242007,12.85506,3062
2028,0.0008731506700713516,1.887193,6.3561645,821
2029,0.0027353757897972185,3.2231538,12.3753195,2572
2030,0.00025843558200650235,2.5195904,6.4246535,243
2031,0.00399564807242152,4.5706086,12.854672,3757
2032,0.00017760799257236993,1.9220452,7.293675,167
2033,0.0007168130957711218,1.7042996,4.692591,674
2034,0.0015665663057431193,1.4737571,4.278094,1473
2035,0.0030640037521017832,3.9259317,12.13611,2881
2036,0.0010454410580756864,2.286487,8.925261,983
2037,0.001350671560280897,2.320176,11.156248,1270
2038,0.0002616261447473234,1.799618,6.6107965,246
2039,0.048404027340995644,1.8847787,8.972941,45513
2040,0.01916145630045742,1.665842,7.7689133,18017
2041,0.000956105301332698,1.6260179,7.814277,899
2042,0.0017367296519202402,1.802669,6.6437306,1633
2043,0.0019132741235790031,1.7045039,6.2364454,1799
2044,0.0031661017598080556,2.3804498,9.3053055,2977
2045,0.0011528566703499941,1.8240672,6.007402,1084
2046,0.00023503812190714824,1.9506128,5.8804965,221
2047,0.001119887522028177,1.9375457,9.811027,1053
2048,3.615971106263819e-05,1.0629988,1.7365214,34
2049,0.003191626261734624,3.6995637,13.180842,3001
2050,0.0011145699174601419,2.2148921,12.027596,1048
2051,0.0003062940231188176,2.3923979,13.761588,288
2052,0.0027747260636006776,2.2430587,8.774528,2609
2053,0.001157110754004422,2.888172,10.036492,1088
2054,0.0023929220556157624,1.8455336,7.5116725,2250
2055,0.0036808458819938463,2.343062,8.64538,3461
2056,1.4889292790498078e-05,1.9942683,4.749777,14
2057,0.0056483595721668065,2.5406392,12.97923,5311
2058,0.028469391336345934,2.6505659,10.17178,26769
2059,0.002417383036628724,1.7434266,5.3910556,2273
2060,0.0013995935223068193,1.3993328,3.723824,1316
2061,0.004797542841281202,2.2933958,9.804681,4511
2062,0.004163684376771427,1.7384334,6.9317827,3915
2063,0.0006795898637948766,1.6918612,6.5662937,639
2064,0.012881365305608052,2.2167425,11.631945,12112
2065,0.0022099964584753576,1.7216539,5.6113286,2078
2066,0.0005328239777171098,1.9541439,8.093572,501
2067,0.00010528857044709356,1.9068635,6.1828,99
2068,0.000377549924330487,1.7798779,7.06494,355
2069,0.00025630854017928836,2.380362,9.88123,241
2070,0.002284442922427848,3.4038954,12.775376,2148
2071,1.8079855531319095e-05,2.4969041,5.5573535,17
2072,0.0014942468836178428,1.5523939,6.208399,1405
2073,0.008835731750247003,1.9324888,6.9861135,8308
2074,0.0220276451626283,1.9744484,8.236799,20712
2075,0.0019643231274321395,3.5722046,11.560459,1847
2076,0.005605818735622527,4.3385587,15.493481,5271
2077,0.002586482861892238,2.3702862,9.273455,2432
2078,0.001532533636507695,3.10509,12.004525,1441
2079,0.0034224102999873443,1.3511719,4.6952505,3218
2080,0.004408294186901038,1.9990057,7.3103466,4145
2081,0.0020249438195077385,1.4769001,4.023845,1904
2082,0.004169001981339462,2.094807,9.72172,3920
2083,0.0031586571134128065,3.975175,10.543656,2970
2084,0.008597503065599034,1.8021321,5.955202,8084
2085,0.005646232530339593,1.4720432,4.7543607,5309
2086,0.004344482932084618,3.1864264,12.43408,4085
2087,0.0028055681700952808,1.5945134,5.777089,2638
2088,0.0005072994757905416,2.1719983,9.041119,477
2089,0.0019696407320001744,2.2869449,8.208071,1852
2090,0.0011698730049677062,2.0149343,7.4693527,1100
2091,7.338294303888339e-05,2.0925097,4.69287,69
2092,0.008537945894437042,1.8997215,8.29838,8028
2093,0.0012804791799828348,2.9877367,12.461951,1204
2094,0.0030980364213372075,3.639982,17.139893,2913
2095,3.190562740821017e-05,1.039897,1.8825918,30
2096,0.0006104610044104212,2.1535892,10.668564,574
2097,0.018119205805122555,2.0302172,7.9853473,17037
2098,0.0003403266923542418,1.902564,7.083883,320
2099,0.0035489692887065777,3.0985546,12.983897,3337
2100,0.0009412160085422,2.6412916,9.457014,885
2101,0.0012219855297344495,2.736425,11.382549,1149
2102,0.0021068349298554783,1.4216588,4.506881,1981
2103,0.0014634047771232396,1.4952824,4.956616,1376
2104,0.0006540653618683084,1.6841757,5.3200574,615
2105,0.0007295753467344058,1.9290749,7.439053,686
2106,0.0012666534081059438,2.711092,8.919439,1191
2107,0.0021323594317820462,3.2993155,12.000974,2005
2108,0.0023237931962313075,2.3397229,9.8671875,2185
2109,0.002848109006639561,2.1248605,9.504779,2678
2110,0.00112945921025064,1.5258634,5.0216365,1062
2111,0.005338874986307168,2.524366,10.335522,5020
2112,0.0913128421213839,1.9292203,9.355786,85859
2113,0.0424610724757597,1.410373,4.4954715,39925
2114,0.0017526824656243453,3.2153664,11.353772,1648
2115,0.004056268764497119,2.0174549,7.570892,3814
2116,0.0015793285567064033,1.869363,11.6161,1485
2117,0.0002988493767235686,2.1555898,9.766255,281
2118,0.00015952813704105085,1.8973598,9.338199,150
2119,0.0017324755682658123,1.6961496,9.380937,1629
2120,0.0011858258186718113,1.6011481,5.672785,1115
2121,0.0046114266813999764,3.5594404,16.130459,4336
2122,0.0001318765932872687,2.4029963,8.467476,124
2123,0.030976110129717647,2.846013,10.924801,29126
2124,0.00028715064667389153,2.0660715,7.906119,270
2125,0.0006785263428812695,1.5783234,5.1630297,638
2126,0.002140867599090902,3.779328,13.069202,2013
2127,0.0239249664725032,2.0021334,6.464082,22496
2128,0.0029884937672356856,3.317925,16.17974,2810
2129,0.00435086405756626,3.803746,14.92328,4091
2130,0.0033043594785769665,1.9538121,6.3311,3107
2131,0.0009199455902700599,2.2970612,11.199566,865
2132,0.0004998548293952927,2.867276,12.603036,470
2133,0.0006934156356717677,2.2081597,7.3325953,652
2134,0.0015591216593478703,1.7636676,8.804345,1466
2135,0.0015708203893975473,3.847566,12.846148,1477
2136,0.00528144485697239,1.8342893,6.379234,4966
2137,0.0002478003728704323,2.5261824,7.987932,233
2138,0.0020079274848900266,1.8958868,7.98758,1888
2139,0.0005147441221857907,2.1239564,9.346559,484
2140,0.007119208995685296,1.3992586,5.0688605,6694
2141,0.05000888039962862,5.9131413,16.323668,47022
2142,0.0008412450426631415,2.2798986,7.3375273,791
2143,0.00042647188635640927,2.196745,11.016478,401
2144,0.0031490854251903437,2.8301198,11.590398,2961
2145,0.0025152269606805683,2.5140824,10.597281,2365
2146,0.0009667405104687681,1.6531274,5.28646,909
2147,0.000568983688779748,1.5902627,4.955767,535
2148,0.0008029582897732892,2.0206604,7.8420873,755
2149,0.0008093394152549313,2.314038,11.661184,761
2150,0.004467851358063031,2.598982,12.704229,4201
2151,0.0015484864502118,1.7672257,5.4921,1456
2152,5.104900385313627e-05,1.6215509,3.9442222,48
2153,0.017240737530483167,2.3633811,9.355391,16211
2154,0.0037031798211795935,2.660821,10.878302,3482
2155,0.0006795898637948766,2.6548944,8.996876,639
2156,0.0012283666552160915,2.7116356,11.010533,1155
2157,0.0005732377724341761,1.9692105,9.670303,539
2158,0.001512326739149162,1.7637689,6.48852,1422
2159,0.0008657060236761026,1.8820524,9.3264,814
2160,0.0020876915534105522,2.8016634,11.660218,1963
2161,0.0026247696147820897,2.1880078,8.874087,2468
2162,0.008602820670167068,3.14101,13.119485,8089
2163,0.00014357532333694577,1.3816808,3.1715465,135
2164,0.00024035572647518327,1.357361,3.7494693,226
2165,0.001534660678334909,1.7489212,5.938061,1443
2166,0.003577684353373967,3.2088225,12.074136,3364
2167,0.0006700181755724136,1.9423013,7.6894636,630
2168,0.004381706164060863,2.513182,11.463305,4120
2169,0.0021780908310671475,3.4216704,12.257665,2048
2170,0.0025513866717432063,1.9153994,6.516806,2399
2171,0.0015910272867560803,2.7145052,9.103683,1496
2172,0.0022206316676114278,1.8252625,9.011727,2088
2173,0.004540170780188307,2.14247,8.7481,4269
2174,0.002117470138991548,3.732209,11.90926,1991
2175,0.0029002215314063045,1.3575457,5.124146,2727
2176,0.005265492043268285,3.0886319,12.249075,4951
2177,0.00210258084620105,2.1696851,8.844344,1977
2178,6.487477573002735e-05,1.4325572,2.48117,61
2179,0.0012390018643521615,1.564004,5.0204983,1165
2180,0.0037648640341688,3.2844617,11.822067,3540
2181,0.006287535641244618,2.6698537,12.007528,5912
2182,0.005160203472821191,3.0463188,10.233035,4852
2183,0.0002690707911425724,1.7791322,6.056233,253
2184,0.0062843450785037966,3.8784873,15.89389,5909
2185,0.000943343050369414,2.1140487,6.775198,887
2186,0.0010688385181750408,1.3120552,4.5631423,1005
2187,0.0013634338112441813,1.6898482,5.095316,1282
2188,0.0005923811488791021,1.9372448,6.509443,557
2189,0.0035723667488059318,2.1145139,8.315099,3359
2190,0.00244716162220972,2.1375856,9.516381,2301
2191,0.0005062359548769346,1.6342751,5.91597,476
2192,0.0003498983805767048,2.0085266,11.337185,329
2193,0.0027130418506114713,1.4633996,7.2108684,2551
2194,0.0006413031109050244,1.8911297,8.414754,603
2195,0.004690127229006895,2.1719944,7.1520853,4410
2196,0.000757226890488188,1.9972479,9.13339,712
2197,0.0018579710360714387,1.3763616,3.95011,1747
2198,0.00844222901221241,1.5132825,5.485962,7938
2199,0.0003424537341814558,2.3311772,9.686467,322
2200,0.0009720581150368031,1.6850903,5.3322926,914
2201,0.00012124138415119864,2.214273,9.510267,114
2202,0.0035106825358167254,2.3914418,9.424441,3301
2203,0.0010454410580756864,1.4393169,4.7682896,983
2204,0.0073180874065298055,2.155523,8.942947,6881
2205,0.0031629111970672345,3.5238125,11.119533,2974
2206,4.041379471706622e-05,1.2051561,1.9219561,38
2207,0.0018569075151578318,5.017699,14.910288,1746
2208,0.004272163509959342,2.6575594,8.672233,4017
2209,0.000566856646952534,5.9107533,20.110826,533
2210,0.006534272493201442,1.4601065,6.845454,6144
2211,0.0006147150880648493,2.686326,11.647383,578
2212,0.00027332487479700044,2.5184875,10.054121,257
2213,0.0016527114997452867,1.6982341,4.642535,1554
2214,6.168421298920632e-05,1.511197,3.56425,58
2215,0.002212123500302572,2.6857362,9.808125,2080
2216,0.0006710816964860206,1.8435011,5.6481314,631
2217,0.004132842270276824,1.3664004,4.1935067,3886
2218,0.0005902541070518881,2.634204,9.748676,555
2219,0.0006200326926328843,2.259241,8.042226,583
2220,0.0008720871491577447,2.581623,12.1446905,820
2221,0.0024312088085056147,4.9209447,13.72992,2286
2222,0.0007263847839935848,1.3477157,4.481475,683
2223,0.0012421924270929825,3.8682132,13.7095175,1168
2224,0.0014261815451469945,1.8250101,8.201121,1341
2225,0.0005189982058402188,1.9839861,6.8314166,488
2226,0.0015389147619893372,2.5084999,12.491089,1447
2227,0.0011730635677085271,2.0938494,9.30963,1103
2228,0.0009284537575789159,2.395958,8.062523,873
2229,0.00391056639933296,4.9711056,14.334567,3677
2230,0.001136903856645889,2.2309663,7.856393,1069
2231,0.000760417453229009,1.9215873,6.0422754,715
2232,0.00263540482391816,3.5242903,10.680624,2478
2233,0.001917528207233431,2.407677,9.061322,1803
2234,0.0008944210883434918,1.6449744,5.8632436,841
2235,0.013722610348271193,1.5172417,5.5628066,12903
2236,0.024957645279615602,2.1132512,8.009648,23467
2237,0.012169869814404965,2.2100346,7.353235,11443
2238,0.0008412450426631415,1.9918909,16.082632,791
2239,0.00076360801596983,3.4246416,10.375852,718
2240,0.002330174321712949,1.6925914,6.568511,2191
2241,0.0007285118258207988,3.0665605,11.910505,685
2242,0.008500722662460797,2.4709806,9.8510685,7993
2243,0.00036904175702163095,1.6356024,5.0234323,347
2244,0.007181956729588109,2.2464192,9.19191,6753
2245,0.0006604464873499505,2.0213277,9.985024,621
2246,0.002315285028922451,4.6935534,15.298466,2177
2247,0.0005328239777171098,1.2968811,3.8742115,501
2248,0.0009922650123953363,1.9897655,8.080054,933
2249,0.011189303532059306,2.6463,10.177433,10521
2250,0.001153920191263601,2.138453,11.760092,1085
2251,0.00011060617501512859,0.7671267,2.1106453,104
2252,0.0015899637658424734,1.7373722,9.228637,1495
2253,0.002828965630194635,2.2356517,9.758837,2660
2254,0.0011656189213132783,1.5500189,4.6384444,1096
2255,0.003379869463443064,6.0139074,17.787167,3178
2256,0.0012124138415119865,4.4205747,15.686447,1140
2257,0.0017675717584148434,1.7817432,7.9716816,1662
2258,0.005465433975026402,1.72522,6.9454446,5139
2259,0.0007965771642916473,1.6618625,5.7327857,749
2260,0.004665666247993933,3.3533819,13.192837,4387
2261,0.003530889433175259,3.3000133,13.320718,3320
2262,0.005014501107657032,2.3506646,8.993599,4715
2263,0.00040626498899787615,1.6738342,5.891059,382
2264,0.0015920908076696874,1.775547,5.154613,1497
2265,0.0019972922757539565,1.9478434,6.414902,1878
2266,0.0017356661310066331,2.7308066,11.835408,1632
2267,0.01595813130867312,1.6232431,8.374685,15005
2268,0.0029097932196287674,1.4900302,4.30697,2736
2269,0.001890940184393256,3.5915759,12.001069,1778
2270,0.015328526927817773,2.1329842,7.7324195,14413
2271,0.0012719710126739788,1.443666,7.2158527,1196
2272,0.0021078984507690852,3.9566495,12.018368,1982
2273,0.0018313830132312638,2.775459,9.2790575,1722
2274,0.0023588893863803386,2.612031,7.3205447,2218
2275,0.002836410276589884,1.8665298,7.848669,2667
2276,0.0010784102063975036,2.362808,8.784602,1014
2277,0.0018335100550584777,4.896004,15.463648,1724
2278,0.005164457556475619,1.3583455,4.668948,4856
2279,0.00016909982526351389,1.4446265,5.713405,159
2280,0.0005094265176177557,2.1474617,11.454118,479
2281,8.827223582938147e-05,1.6412842,5.6063285,83
2282,0.00034883485966309783,1.7483135,5.8413353,328
2283,0.004310450262849194,3.1238818,13.728636,4053
2284,0.0001308130723736617,1.4367118,3.4637785,123
2285,0.001900511872615719,1.6872562,5.4418616,1787
2286,0.001919655249060645,1.3138257,3.5875273,1805
2287,0.0020079274848900266,2.2439795,8.398633,1888
2288,0.008994196366374446,1.31322,3.7969794,8457
2289,0.0007136225330303008,2.4985816,9.322884,671
2290,0.0027258041015747556,2.2539203,8.79033,2563
2291,0.0011751906095357411,1.4902444,5.0641255,1105
2292,0.0020068639639764197,1.5385307,5.259232,1887
2293,0.0019483703137280343,1.8075136,7.230675,1832
2294,0.0005221887685810398,2.129711,9.588938,491
2295,0.004176446627734711,1.2616607,5.5545287,3927
2296,0.000566856646952534,1.4369818,3.6080556,533
2297,0.0040137279279528395,3.2454906,10.613178,3774
2298,0.000578555377002211,2.485835,9.900306,544
2299,0.0005562214378164639,2.297754,6.946525,523
2300,0.005872762484937885,2.7735722,12.794771,5522
2301,0.0009837568450864803,1.9282757,6.4529095,925
2302,0.003413902132678488,1.5516323,6.6326246,3210
2303,0.0010273612025443674,2.88892,12.2285795,966
2304,0.0008901670046890637,1.4891012,4.769275,837
2305,0.000747655202265725,1.506849,6.5967975,703
2306,0.000773179704192293,2.0506582,9.134445,727
2307,0.001303876640082189,2.1156583,7.0753384,1226
2308,0.0013613067694169673,1.9098021,5.194891,1280
2309,0.00027970600027864246,2.0043683,7.159881,263
2310,0.0029672233489635457,1.990055,5.913559,2790
2311,0.0007029873238942307,1.9167345,10.059961,661
2312,0.011973118445387669,2.066093,11.592768,11258
2313,0.0021929801238576457,2.1210659,8.387152,2062
2314,0.001324083537440722,1.8411603,6.371741,1245
2315,0.003405393965369632,2.0399384,8.440833,3202
2316,0.003203324991784301,1.8159758,7.478508,3012
2317,0.0012475100316610176,2.1294742,9.089261,1173
2318,0.005633470279376309,2.1834822,8.154786,5297
2319,0.047129929286494454,1.8310009,6.6311274,44315
2320,0.009016530305560193,1.5963194,5.4606223,8478
2321,0.005209125434847113,2.4615285,7.8962264,4898
2322,0.00030842106494603165,1.4377016,4.391551,290
2323,0.0011730635677085271,1.8052351,5.2804646,1103
2324,0.004590156263127836,2.510564,13.941509,4316
2325,0.011248860703221298,2.0191069,12.283367,10577
2326,4.2540836544280225e-06,1.2245063,1.5683522,4
2327,0.0010975535828424297,1.710193,8.348684,1032
2328,0.0018505263896761899,1.6156012,6.918416,1740
2329,0.0018303194923176567,2.15905,7.11777,1721
2330,0.0032947877903545036,1.834424,7.783854,3098
2331,0.0041349693121040376,1.3552533,3.5051243,3888
2332,0.00428705280274984,1.4344466,10.515621,4031
2333,0.0016239964350778975,2.0169365,10.497309,1527
2334,0.004119016498399933,3.2044404,13.959826,3873
2335,0.00439340489411054,2.8736758,11.122722,4131
2336,0.0006774628219676625,2.750409,9.241123,637
2337,0.002439716975814471,2.5608556,9.620294,2294
2338,0.021964897428725486,9.410871,36.232044,20653
2339,0.006735277945873167,2.1469357,7.163976,6333
2340,0.0006115245253240282,1.9729012,8.474273,575
2341,0.0010241706398035463,1.6484666,6.741699,963
2342,0.0017548095074515593,1.8719926,5.798693,1650
2343,0.00029459529306914055,1.4657141,4.3333025,277
2344,0.008816588373802076,2.6036282,8.286162,8290
2345,0.0047964793203675955,2.203481,7.3770013,4510
2346,0.0016676007925357848,1.6834544,6.220584,1568
2347,0.00024354628921600428,2.6373131,13.413614,229
2348,0.009528083865005163,2.6344047,10.619131,8959
2349,0.001304940160995796,2.1495996,8.262117,1227
2350,0.0004998548293952927,2.1243334,11.471448,470
2351,0.012189013190849892,2.1548696,9.333648,11461
2352,0.0002850236048466775,2.4729311,13.939639,268
2353,0.002428018245764794,2.542127,10.173319,2283
2354,0.0027694084590326427,4.3904505,15.311074,2604
2355,0.0035479057677929708,5.1984067,15.251044,3336
2356,0.008950592008916559,2.4309433,9.345489,8416
2357,0.0021642650591902563,1.4264445,4.7976003,2035
2358,0.0024227006411967587,1.5584947,7.1424985,2278
2359,0.0019504973555552483,1.5492711,5.7042885,1834
2360,0.0014687223816912747,1.7465527,6.2845345,1381
2361,0.001314511849218259,2.4606283,10.053097,1236
2362,0.0003254373995637437,1.9050238,14.053355,306
2363,0.0009922650123953363,2.4454215,10.014321,933
2364,0.004398722498678575,3.4797804,13.084998,4136
2365,0.004248766049859988,1.8741972,8.306286,3995
2366,0.0003445807760086698,1.7410321,4.8366165,324
2367,0.011815717350173833,2.1009588,8.323089,11110
2368,0.0005913176279654951,1.9340256,6.605693,556
2369,0.0017441742983154893,1.4715996,4.5901866,1640
2370,0.0008582613772808535,2.123402,10.331176,807
2371,0.001670791355276606,3.7145743,17.66784,1571
2372,0.0011996515905487023,1.947613,7.157863,1128
2373,0.002630087219350125,4.303816,13.593423,2473
2374,0.0006955426774989817,1.5203884,4.154813,654
2375,0.0021759637892399333,1.6901957,5.2597284,2046
2376,0.0014091652105292824,3.0218701,10.762335,1325
2377,0.004921974788173222,2.5469415,9.6910715,4628
2378,0.006219470302773769,3.2878218,13.194365,5848
2379,0.03989692355305321,1.4180894,6.398293,37514
2380,0.0027375028316244327,3.310064,12.0339,2574
2381,0.007910468555408908,2.8984373,9.340028,7438
2382,0.0027449474780196813,1.6683975,5.4246993,2581
2383,0.00010528857044709356,1.2228274,2.9754584,99
2384,0.002286569964255062,4.317098,14.073894,2150
2385,0.0026960255159937593,1.7974042,6.9684854,2535
2386,0.0025918004664602728,3.107547,14.282021,2437
2387,0.002266363066896529,1.2198464,3.9162638,2131
2388,0.000581745939743032,2.8937826,9.789591,547
2389,0.0035064284521622974,4.1629763,18.02243,3297
2390,0.004707143563624607,2.2570868,8.306829,4426
2391,1.91433764449261e-05,1.8009518,3.7846644,18
2392,0.00017973503439958394,1.3559488,4.5335693,169
2393,0.0031235609232637754,1.3960747,4.3642426,2937
2394,0.0029002215314063045,1.9263066,6.994223,2727
2395,0.024593921127162004,3.2493222,12.595693,23125
2396,0.0009688675522959822,2.4930062,10.982492,911
2397,0.002452479226777755,2.420135,13.087701,2306
2398,0.0009837568450864803,2.019328,6.5637393,925
2399,0.0005987622743607442,1.4628626,4.9609733,563
2400,0.006359855063369894,1.6584612,9.015197,5980
2401,0.0060790855421776445,2.8665755,11.534944,5716
2402,0.0009199455902700599,1.5003453,5.616659,865
2403,0.0003350090877862068,1.6814678,7.7527127,315
2404,0.0007816878715011491,1.682778,6.041403,735
2405,0.0002244029127710782,1.3644408,3.3014565,211
2406,4.7858441112315255e-05,2.0864925,5.176008,45
2407,0.0008593248981944605,1.8239154,7.4169974,808
2408,0.0008423085635767485,1.6541916,7.698207,792
2409,0.002053658884175128,2.246078,10.868249,1931
2410,0.004790098194885953,1.5294772,5.3461375,4504
2411,0.00013719419785530372,1.41258,4.7181916,129
2412,0.0017941597812550184,2.1716454,9.474691,1687
2413,0.0056919639296246945,1.4767607,4.710831,5352
2414,0.00149531040453145,1.6527946,5.6808724,1406
2415,0.0011049982292376788,2.0798092,8.589985,1039
2416,0.0012889873472916908,2.2848308,11.595262,1212
2417,0.0005966352325335302,2.0132842,8.012894,561
2418,0.0009316443203197369,5.6052365,16.45494,876
2419,0.000947597134023842,2.027449,8.422158,891
2420,0.005665375906784519,2.0531974,8.038718,5327
2421,0.0006200326926328843,1.6913785,7.960003,583
2422,0.031028222654484388,3.359711,15.080384,29175
2423,0.007703081977255542,2.5941179,10.011614,7243
2424,0.00027757895845142847,2.7597408,13.51298,261
2425,0.00038818513346655707,2.7244577,10.40842,365
2426,0.00015527405338662282,2.1873293,8.407612,146
2427,0.0009805662823456592,1.616048,5.8025956,922
2428,0.005799379541899002,1.9390486,18.297703,5453
2429,0.0003211833159093157,2.8582313,13.562834,302
2430,0.0003222468368229227,1.7871245,5.7302804,303
2431,0.0009848203660000872,1.3242404,4.8096743,926
2432,0.001896257788961291,2.113196,8.765556,1783
2433,0.007242577421663708,2.137763,8.130583,6810
2434,0.00337774242161585,3.067212,11.048546,3176
2435,0.002247219690451603,2.4127107,8.254469,2113
2436,0.0012347477806977335,2.9141493,10.172937,1161
2437,0.0040945555173869715,2.2113683,10.265081,3850
2438,0.00016909982526351389,1.3133364,3.3221345,159
2439,0.0011209510429417838,1.6246742,8.12667,1054
2440,0.0011326497729914609,1.8576249,8.81523,1065
2441,0.0010550127462981495,1.5964862,4.6182594,992
2442,0.0012623993244515158,1.9535619,7.095007,1187
2443,0.0004158366772203392,1.9628357,6.443014,391
2444,0.03232784521091215,1.9362115,5.491476,30397
2445,0.0006338584645097753,1.7387898,6.1705537,596
2446,0.005380352301937842,1.6552837,5.64916,5059
2447,0.0020674846560520188,3.9576898,15.369507,1944
2448,0.011048918771463181,1.5526131,6.501979,10389
2449,0.048992154406220324,1.4362403,6.695248,46066
2450,0.0034894121175445855,1.7270105,6.315274,3281
2451,0.0023610164282075524,4.0230784,14.180237,2220
2452,0.003405393965369632,3.5840166,15.324938,3202
2453,0.002666246930412763,2.7630486,12.05333,2507
2454,0.0006179056508056703,2.1683233,8.683488,581
2455,0.0012368748225249475,1.8549454,7.622255,1163
2456,0.0016176153095962555,2.9961736,11.104615,1521
2457,0.0025535137135704205,1.3803927,4.273647,2401
2458,0.00014144828150973175,1.4815439,5.129062,133
2459,0.0008540072936264255,2.4281254,11.66357,803
2460,0.009832250846296768,2.237154,8.180452,9245
2461,0.00022546643368468518,1.5848589,8.963863,212
2462,0.017853325576720803,2.2511384,9.13723,16787
2463,0.004931546476395685,2.0824077,8.281662,4637
2464,0.0020557859260023417,3.1898642,11.895921,1933
2465,0.003773372201477656,1.8691757,6.4746766,3548
2466,0.0020174991731124895,2.8603764,10.494886,1897
2467,0.0011464755448683521,1.5592265,5.486008,1078
2468,0.00021589474546222215,1.8272356,10.365494,203
2469,0.004676301457130004,3.1606092,11.328415,4397
2470,0.0025811652573242026,5.334206,14.207229,2427
2471,0.0021717097055855054,4.8843846,13.2660475,2042
2472,0.005255920355045822,2.853942,8.915983,4942
2473,0.00279174239821839,1.9884094,10.449585,2625
2474,0.001135840335732282,2.9746687,9.927331,1068
2475,0.0009912014914817292,1.3858407,4.225953,932
2476,0.011644490483083105,2.0815125,8.667831,10949
2477,0.0001701633461771209,1.6085603,5.662823,160
2478,0.004099873121955006,2.8468766,11.888807,3855
2479,0.001888813142566042,1.5743138,6.3873105,1776
2480,0.003159720634326414,2.4096367,10.067421,2971
2481,0.00014144828150973175,2.2502677,12.339258,133
2482,0.0009348348830605579,1.6167233,5.6262155,879
2483,0.0017909692185141975,1.3999269,4.8273654,1684
2484,0.0029512705352594407,2.374346,9.078162,2775
2485,0.0002307840382527202,1.7838855,8.55427,217
2486,0.0038563268327390025,1.6832815,4.7485824,3626
2487,0.009720581150368031,1.45638,4.8346148,9140
2488,0.002232330397661105,3.0280921,14.606819,2099
2489,0.005219760643983184,2.1993845,7.4861574,4908
2490,0.0004105190726523042,1.9202883,5.7577047,386
2491,0.0027258041015747556,2.2633185,12.032752,2563
2492,0.0005349510195443238,1.7425704,5.9244537,503
2493,0.005653677176734842,1.5775458,5.0772285,5316
2494,0.0012230490506480564,1.7326854,6.0416355,1150
2495,0.0009901379705681223,2.6906202,10.424125,931
2496,0.00112945921025064,1.4274362,6.9210663,1062
2497,0.002836410276589884,3.2362816,9.256115,2667
2498,0.0026173249683868406,2.4043467,8.234688,2461
2499,0.0004179637190475532,2.023106,12.219099,393
2500,0.0002892776885011055,2.150746,6.427612,272
2501,0.00033075500413177875,1.8431294,8.856524,311
2502,0.0005572849587300709,2.580894,8.343285,524
2503,0.0008497532099719975,2.0101368,9.876345,799
2504,0.0009039927765659548,2.2951043,10.131614,850
2505,0.0001308130723736617,1.3049778,3.0899138,123
2506,0.0012273031343024844,1.7413813,6.912632,1154
2507,0.0019090200399245751,2.9955726,11.375945,1795
2508,0.0005498403123348219,1.8073659,6.60576,517
2509,1.4889292790498078e-05,1.7033664,3.8647907,14
2510,0.0014017205641340335,1.8355544,9.763167,1318
2511,0.0031235609232637754,1.6592848,4.6543913,2937
2512,0.0025747841318425604,2.5247092,11.279869,2421
2513,0.0019324175000239292,2.2687397,7.4121394,1817
2514,0.0005913176279654951,1.8583426,10.742081,556
2515,0.00210258084620105,2.2504082,9.536381,1977
2516,0.0010986171037560368,1.2948557,3.2052834,1033
2517,0.0005306969358898958,2.8527608,10.392359,499
2518,0.001496373925445057,1.5383333,4.9810877,1407
2519,0.008866573856741606,3.2448742,12.376889,8337
2520,0.0014719129444320958,2.9327865,12.5023575,1384
2521,0.0014357532333694576,2.9148743,10.643015,1350
2522,0.00032969148321817176,1.3892657,5.415385,310
2523,0.0021312959108684393,1.996862,8.652689,2004
2524,0.005733441245255367,3.5861423,12.96264,5391
2525,0.0007019238029806237,1.5637513,8.756519,660
2526,0.002212123500302572,2.7845762,10.492842,2080
2527,0.001153920191263601,2.057117,9.406943,1085
2528,0.000565793126038927,2.2097468,9.745453,532
2529,0.00019781488993090305,1.998864,6.533251,186
2530,0.0004605045555918334,1.8876282,7.7234654,433
2531,0.0046454593506354,3.2719052,12.140849,4368
2532,0.002472686124136288,2.2497532,8.309409,2325
2533,0.0015655027848295122,1.7085778,6.7584243,1472
2534,0.01126587703783901,2.1317248,9.009731,10593
2535,0.0014134192941837106,2.886856,12.325989,1329
2536,0.006298170850380687,2.9871192,10.408799,5922
2537,0.0031618476761536276,3.0407503,11.191169,2973
2538,0.0014942468836178428,1.8066033,6.3311176,1405
2539,0.000940152487628593,2.097894,9.229822,884
2540,0.0011560472330908152,1.4826412,4.5535927,1087
2541,0.00836033790186467,3.377965,16.183994,7861
2542,0.005475005663248865,2.4452233,8.494564,5148
2543,0.0004030744262570551,1.7797272,9.48904,379
2544,0.0028459819648123472,2.0920453,7.258773,2676
2545,0.00022121235003025718,1.4901661,5.365928,208
2546,0.008308225377097928,2.5020823,9.228732,7812
2547,0.0004158366772203392,1.7673571,10.772652,391
2548,0.004555060072978805,2.4476829,8.739171,4283
2549,7.125590121166937e-05,1.6541271,5.5531983,67
2550,0.0002690707911425724,1.9702797,8.992869,253
2551,0.01101063201857333,1.369297,3.9259737,10353
2552,0.0023705881164300157,1.830525,7.251231,2229
2553,0.003957361319531668,2.8084888,11.359462,3721
2554,0.014607459748392223,1.1397543,3.4331484,13735
2555,0.009320697286851797,2.1435206,9.881981,8764
2556,0.008872954982223248,2.5759954,12.399552,8343
2557,0.0013719419785530372,1.6075385,7.3068123,1290
2558,0.0006434301527322384,1.9140915,7.391456,605
2559,0.0001308130723736617,1.3603247,4.075085,123
2560,0.0004477423046285494,1.6018609,5.108841,421
2561,0.002421637120283152,3.0426934,11.709416,2277
2562,0.020501492651602247,1.6567817,4.646774,19277
2563,0.0010656479554342197,1.8890328,7.7269807,1002
2564,0.00834651212998778,3.7854173,14.155281,7848
2565,0.0015889002449288663,1.5037756,3.9524295,1494
2566,0.0009763121986912311,1.4557459,4.7458963,918
2567,0.0018526534315034039,2.6250045,12.413425,1742
2568,0.001354925643935325,2.2140803,13.562232,1274
2569,0.00034564429692227684,2.635895,12.61575,325
2570,0.0010879818946199667,1.7674218,7.1712255,1023
2571,0.0002095136199805801,1.391842,3.8812225,197
2572,0.0004956007457408646,2.0221024,8.897937,466
2573,0.002263172504155708,2.875912,10.234177,2128
2574,0.0017813975302917345,1.5012405,5.8179965,1675
2575,0.0006604464873499505,1.535878,6.576395,621
2576,0.003172482885289698,2.4493785,10.550567,2983
2577,0.0004349800536652653,2.1060607,6.32241,409
2578,0.0020121815685444546,2.3099816,9.787036,1892
2579,0.0006349219854233823,1.6802988,5.8331594,597
2580,0.002212123500302572,2.2972963,7.687393,2080
2581,0.002238711523142747,3.2738864,12.058416,2105
2582,0.00010422504953348655,2.0283968,7.231839,98
2583,0.004820940301380557,2.1910987,8.172378,4533
2584,0.0010316152861987954,1.6969222,6.2590666,970
2585,0.0003041669812916036,2.0801623,12.578321,286
2586,0.0005200617267538258,2.3289354,10.683619,489
2587,0.001499564488185878,2.4883924,12.439212,1410
2588,0.0002690707911425724,1.3268517,3.1176865,253
2589,0.0016814265644126759,3.3593361,16.426365,1581
2590,0.002311030945268023,1.6577005,6.0780344,2173
2591,0.001141157940300317,1.6857107,5.8008113,1073
2592,0.0006795898637948766,2.201247,10.032378,639
2593,0.00010103448679266554,1.2629024,3.7965152,95
2594,0.001690998252635139,3.3317742,12.643938,1590
2595,0.00016909982526351389,2.3428943,8.290068,159
2596,0.0014708494235184887,1.3078296,5.6585817,1383
2597,0.00048071145295036654,2.1306162,7.882062,452
2598,0.002599245112855522,3.7179575,12.778815,2444
2599,0.00042966244909723025,1.7985946,8.241091,404
2600,0.0007391470349568689,1.6509618,6.9775605,695
2601,0.0015803920776200104,1.8837086,6.771617,1486
2602,0.003020399394643896,1.6235123,5.098368,2840
2603,0.0010401234535076516,1.8154781,7.1284246,978
2604,0.002961905744395511,1.6906235,6.2532096,2785
2605,0.0015995354540649365,1.7488427,7.99676,1504
2606,0.0009784392405184452,1.8777792,10.49918,920
2607,0.001688871210807925,2.8619947,10.542213,1588
2608,0.0033596625660845306,1.9374667,7.8873806,3159
2609,0.007607365095030912,3.0395586,12.3176365,7153
2610,0.0075297280683376,2.7639146,11.93846,7080
2611,6.700181755724135e-05,1.832329,5.648172,63
2612,0.0024992741469764632,2.9326136,15.269306,2350
2613,0.010967027661115443,1.6415054,6.0296173,10312
2614,0.0005966352325335302,2.494379,8.953262,561
2615,0.002607753280164378,2.9718235,12.997065,2452
2616,0.0005370780613715378,1.6002648,5.8896937,505
2617,0.003404330444456025,1.4881153,5.660472,3201
2618,0.0035340799959160795,1.904139,7.208195,3323
2619,0.005979114576298586,1.2592014,4.561331,5622
2620,0.003038479250175215,2.9483864,11.361272,2857
2621,0.024319532731451397,2.5470114,9.413151,22867
2622,0.0004775208902095455,5.3130565,9.157845,449
2623,0.0036936081329571307,2.251967,11.46178,3473
2624,0.0012592087617106947,2.2675762,8.112089,1184
2625,0.0007338294303888339,1.8948425,7.113825,690
2626,0.001710141629080065,2.793354,11.092133,1608
2627,0.0025386244207799224,1.6246502,6.130337,2387
2628,0.0019824029829634583,2.2125258,8.033483,1864
2629,0.0011751906095357411,1.6086354,5.0243044,1105
2630,0.0012889873472916908,1.4310478,4.244251,1212
2631,0.0017548095074515593,2.0507832,8.280119,1650
2632,0.001111379354719321,1.5926384,5.6687818,1045
2633,0.002287633485168669,2.3585496,10.103088,2151
2634,0.005004929419434569,2.8749175,11.410529,4706
2635,0.002985303204494865,3.9045706,11.145816,2807
2636,0.0012315572179569126,2.1809614,8.041797,1158
2637,0.0027109148087842575,3.8683555,12.610194,2549
2638,0.001901575393529326,1.8599963,5.482663,1788
2639,0.007794544775825744,1.4111824,4.7272453,7329
2640,0.0007040508448078377,2.112508,11.31379,662
2641,0.00010103448679266554,1.1684673,2.816512,95
2642,0.0002680072702289654,1.6712582,5.1157603,252
2643,0.0009327078412333439,2.0506804,8.668458,877
2644,4.360435745788723e-05,1.150176,2.205067,41
2645,0.004283862240009019,3.6898603,14.49844,4028
2646,0.002247219690451603,1.8230078,6.4355903,2113
2647,0.0017643811956740223,3.957675,12.597664,1659
2648,0.003429854946382593,3.0150769,11.583681,3225
2649,0.00012655898871923366,1.699582,7.25347,119
2650,0.0021865989983760035,1.2830892,3.2849321,2056
2651,0.0006636370500907715,2.0007303,5.6644344,624
2652,0.0001722903880043349,1.2610496,4.31014,162
2653,0.0012762250963284068,1.8420702,9.684109,1200
2654,0.005243158104082538,2.8253365,11.445372,4930
2655,0.001701633461771209,1.8300631,7.701075,1600
2656,0.002063230572397591,4.902692,15.481612,1940
2657,0.001334718746576792,2.1106098,7.355547,1255
2658,0.0015293430737668742,1.688054,7.7473526,1438
2659,0.0014559601307279908,2.170557,10.84431,1369
2660,0.001126268647509819,1.7325258,6.9363427,1059
2661,0.0011092523128921068,1.6532588,8.344117,1043
2662,0.003073575440324246,2.799722,10.56885,2890
2663,0.0011879528604990253,1.982228,7.0262394,1117
2664,0.0002531179774384673,1.716925,5.8095036,238
2665,0.0005200617267538258,1.7548465,7.26903,489
2666,0.000945470092196628,1.7259321,5.9414935,889
2667,0.0006838439474493046,1.7059932,8.528886,643
2668,0.003076766003065067,2.1664116,7.433436,2893
2669,0.0033469003151212467,1.9264648,7.259108,3147
2670,0.0007285118258207988,1.1714336,3.0365179,685
2671,0.0025726570900153466,2.89296,7.8769307,2419
2672,0.007446773437076253,1.9131463,6.6209126,7002
2673,0.002307840382527202,3.1170118,9.919476,2170
2674,0.0012219855297344495,2.0403671,7.2940507,1149
2675,0.0023876044510477276,1.5315772,5.347483,2245
2676,0.0018515899105897968,1.7860094,6.3086414,1741
2677,0.007388279786827868,2.4207113,10.817916,6947
2678,0.004979404917508,2.312463,10.5417795,4682
2679,0.00016590926252269287,1.2747065,3.3108072,156
2680,0.004511455715520918,1.7216706,5.891529,4242
2681,0.0003052305022052106,1.5439385,5.7846246,287
2682,0.0037382760113286247,1.5777686,4.4081745,3515
2683,0.002847045485725954,2.0813138,7.399762,2677
2684,0.0012124138415119865,2.4504433,10.02318,1140
2685,0.0018696697661211158,3.2506022,10.691654,1758
2686,0.003206515554525122,3.7207863,13.398184,3015
2687,0.0010730926018294687,2.6855304,11.104427,1009
2688,0.002041960154125451,1.5064311,4.617094,1920
2689,0.0008625154609352816,2.2345052,8.441953,811
2690,0.0004158366772203392,2.7786481,11.379368,391
2691,3.615971106263819e-05,1.1362387,1.7948751,34
2692,0.0038339928935532553,2.0948405,8.105335,3605
2693,0.005254856834132215,2.1824343,9.132869,4941
2694,0.002104707888028264,2.2030995,9.849932,1979
2695,0.0011985880696350954,1.6136438,5.6358232,1127
2696,0.0019866570666178863,4.3740654,13.737292,1868
2697,0.009146279857020248,3.358083,10.929542,8600
2698,0.003757419387773551,5.3937616,15.740554,3533
2699,0.0006242867762873123,2.1004968,12.67095,587
2700,0.0010082178260994413,1.7865499,5.6934304,948
2701,0.00017441742983154891,2.61355,15.965109,164
2702,0.0006040798789287792,1.5969925,7.7207766,568
2703,0.0019515608764688554,2.9725075,12.645124,1835
2704,0.00034564429692227684,2.3032613,10.510178,325
2705,0.0020196262149397037,4.2452207,11.681472,1899
2706,0.0003966933007754131,1.7206501,6.0780625,373
2707,0.000956105301332698,1.6432966,4.9125633,899
2708,0.0027279311434019694,1.6058238,5.8788757,2565
2709,0.031122876015795414,1.8825119,6.7631254,29264
2710,0.003439426634605056,1.6178042,5.7513423,3234
2711,0.0017112051499936721,2.3357847,8.721555,1609
2712,0.0008986751719979197,2.0148323,6.1350775,845
2713,0.017859706702202445,1.7832606,7.0203347,16793
2714,0.002261045462328494,3.7702036,13.431859,2126
2715,0.001528279552853267,1.7830017,6.1598425,1437
2716,0.002278061796946206,4.5996113,14.833986,2142
2717,0.0033543449615164958,2.5515375,18.540356,3154
2718,0.0012570817198834807,1.8949738,6.634752,1182
2719,0.003025716999211931,2.042867,8.629531,2845
2720,0.0010209800770627254,2.0143473,7.8475885,960
2721,0.0006689546546588066,1.4785401,4.849756,629
2722,0.0037350854485878036,3.1048017,11.378794,3512
2723,0.08728103433789974,2.643278,8.656474,82068
2724,8.614519400216745e-05,1.1786852,2.9506886,81
2725,0.003266072725687114,1.5020797,5.597867,3071
2726,0.0008986751719979197,1.4446812,4.4045906,845
2727,0.006405586462654995,1.5171233,5.7285185,6023
2728,0.002385477409220514,3.3859503,12.42771,2243
2729,0.0012985590355141538,2.222061,7.946564,1221
2730,0.000981629803259266,1.851851,5.9891973,923
2731,0.0012655898871923366,2.221294,8.921496,1190
2732,0.018427626870068586,2.747712,12.479846,17327
2733,0.004208352255142921,2.9961083,9.717241,3957
2734,0.00485178240787516,3.8714495,12.381435,4562
2735,0.002690707911425724,1.4146724,6.1628356,2530
2736,0.004803923966762844,2.0773869,6.551237,4517
2737,8.508167308856045e-05,2.5495548,9.029129,80
2738,0.01151155036888223,2.5124636,11.186935,10824
2739,0.0029480799725186196,1.8632911,11.081734,2772
2740,0.002469495561395467,1.2154024,4.011832,2322
2741,0.0002669437493153584,1.6556004,5.281169,251
2742,0.0006104610044104212,1.616339,5.8292594,574
2743,0.0016197423514234695,1.8586894,5.5822005,1523
2744,0.08355126649387996,1.4369082,5.2503233,78561
2745,0.0016037895377193645,2.2113454,8.980432,1508
2746,0.00016165517886826487,1.7942344,6.4075656,152
2747,0.0005370780613715378,1.4473614,5.2805376,505
2748,0.004822003822294163,2.2713263,8.743555,4534
2749,0.00037542288250327297,1.809966,6.564549,353
2750,0.00028715064667389153,1.6607851,4.7061796,270
2751,0.010543746337499854,2.0613027,9.460121,9914
2752,4.147731563067322e-05,1.0489098,1.6389612,39
2753,2.5524501926568134e-05,1.1496032,2.165124,24
2754,0.0015378512410757301,1.5559434,6.4543376,1446
2755,0.0028906498431838412,1.444126,4.070932,2718
2756,0.0010018367006177993,1.8053931,7.6045837,942
2757,0.0003403266923542418,1.8785625,7.878451,320
2758,0.00034564429692227684,2.0027359,9.083452,325
2759,0.0030714483984970323,3.990774,12.348871,2888
2760,0.00042859892818362326,2.1165435,8.627417,403
2761,0.0006104610044104212,2.7877944,13.104744,574
2762,0.002432272329419222,1.7956301,6.1096907,2287
2763,0.0006285408599417403,2.437517,9.013799,591
2764,0.0004392341373196933,1.5580608,3.768693,413
2765,0.0038286752889852204,2.8476813,11.476225,3600
2766,0.00887933610770489,1.5425385,4.763005,8349
2767,0.0008827223582938147,2.302024,10.001733,830
2768,0.0008816588373802077,1.7404811,5.6313376,829
2769,0.0014187368987517454,2.9871624,10.981641,1334
2770,0.00545905284954476,2.7499325,9.164593,5133
2771,0.00021589474546222215,1.5895574,4.627961,203
2772,0.00015527405338662282,2.6644769,10.826621,146
2773,0.002848109006639561,2.6445298,9.818508,2678
2774,0.0017580000701923804,2.271616,8.433279,1653
2775,0.0006327949435961683,3.308142,16.947308,595
2776,0.003413902132678488,1.6199121,5.803943,3210
2777,0.0027470745198468955,2.657544,8.223965,2583
2778,0.00046263159741904747,2.3412206,10.585259,435
2779,0.0032947877903545036,2.613742,12.182052,3098
2780,0.0014527695679871697,2.1818306,10.997489,1366
2781,0.0031267514860045965,3.3538413,14.16062,2940
2782,0.001334718746576792,1.9155369,9.027203,1255
2783,0.0029523340561730476,1.5336143,5.5320764,2776
2784,0.013016432461636142,1.831319,8.074073,12239
2785,0.00011592377958316362,1.8024261,6.0684247,109
2786,0.0023003957361319534,3.712348,13.814114,2163
2787,0.005195299662970223,2.3080435,8.662991,4885
2788,0.0003275644413909577,1.5306197,6.366906,308
2789,0.0007125590121166938,1.754112,5.7019076,670
2790,0.0009709945941231962,1.9834801,8.392737,913
2791,0.005404813282950802,1.4520478,3.53585,5082
2792,0.006706562881205778,3.5218575,11.54093,6306
2793,0.0008582613772808535,2.1641526,9.864174,807
2794,0.0007348929513024409,1.8661381,8.674715,691
2795,0.0007029873238942307,1.579604,6.645009,661
2796,0.010856421486100313,1.5266435,5.1895165,10208
2797,0.00021376770363500813,1.6638228,7.0991197,201
2798,0.004117952977486326,3.0550518,13.9265,3872
2799,0.00018186207622679796,1.4899515,4.383333,171
2800,0.003167165280721663,1.5460705,6.5248003,2978
2801,0.0016059165795465785,1.51506,6.2648044,1510
2802,0.0004020109053434481,1.783216,6.209476,378
2803,0.01770975025338386,1.6283649,6.3994594,16652
2804,0.0016176153095962555,3.6062431,13.117714,1521
2805,0.0017377931728338471,1.8586155,7.895748,1634
2806,0.00044242470006051435,2.3198617,8.710014,416
2807,0.00020100545267172406,1.636238,6.5899177,189
2808,0.0006210962135464913,2.150105,8.200318,584
2809,0.0014102287314428895,1.9707147,8.527262,1326
2810,0.002784297751823141,3.8328447,12.9043455,2618
2811,0.0028619347785164523,2.928613,10.281855,2691
2812,0.014211829968530416,1.3903983,4.313812,13363
2813,0.00711070082837644,2.6923873,11.408785,6686
2814,0.0009571688222463051,1.9319746,13.766643,900
2815,0.0004722032856415105,2.0251186,8.46097,444
2816,0.0016154882677690415,3.5366826,12.745653,1519
2817,0.0011528566703499941,1.4640329,5.18067,1084
2818,0.001910083560838182,1.7829823,6.013235,1796
2819,0.0005860000233974601,1.8870748,6.218081,551
2820,0.009050562974795617,1.9857718,7.823361,8510
2821,0.0008571978563672465,1.4612252,4.890915,806
2822,0.0007678620996242581,1.7777499,7.333887,722
2823,0.0001340036351144827,1.2891856,2.9715745,126
2824,0.0013060036819094029,2.2154229,7.4208493,1228
2825,0.0010816007691383247,2.4920707,9.46504,1017
2826,0.004391277852283326,1.8827863,6.8401914,4129
2827,0.008175285262897052,1.512227,7.7983623,7687
2828,0.005360145404579309,1.4632056,4.8810797,5040
2829,0.0011124428756329279,1.9181063,7.308412,1046
2830,0.0023801598046524785,1.4700912,4.5624876,2238
2831,0.0005189982058402188,1.4292374,4.154421,488
2832,0.0003935027380345921,2.3795354,10.831735,370
2833,0.0001722903880043349,2.117676,6.8695374,162
2834,0.0019558149601232836,3.6749504,14.334891,1839
2835,0.00042647188635640927,1.566428,5.135839,401
2836,0.0006296043808553473,2.068992,8.430287,592
2837,0.0008242287080454293,2.6201694,8.845211,775
2838,0.0004317894909244443,2.6092577,12.436557,406
2839,0.0016080436213737925,2.089385,7.742482,1512
2840,0.00030735754403242465,1.8861717,5.480278,289
2841,2.5524501926568134e-05,1.1374892,2.7003098,24
2842,0.00132833762109515,1.6179886,7.4917245,1249
2843,0.00245779683134579,3.898746,12.526701,2311
2844,0.0019334810209375361,1.8886728,8.33233,1818
2845,0.0010826642900519318,1.8154373,7.394386,1018
2846,0.004536980217447486,3.120188,11.646044,4266
2847,8.827223582938147e-05,1.456367,3.5219781,83
2848,2.9778585580996157e-05,1.4356998,2.5085332,28
2849,0.001352798602108111,2.1154304,8.716187,1272
2850,0.0018388276596265128,1.6236429,8.554234,1729
2851,0.0014538330889007768,1.8186607,11.796003,1367
2852,0.0002892776885011055,2.0334072,7.2749386,272
2853,0.000562602563298106,2.221684,10.896814,529
2854,0.002453542747691362,4.019285,12.971004,2307
2855,0.0023365554471945914,1.5263668,4.42868,2197
2856,0.006242867762873123,2.8599243,10.664114,5870
2857,0.0021653285801038636,1.2733219,3.2356246,2036
2858,0.002124914785386797,4.0102854,11.390128,1998
2859,0.006452381382853703,2.4253213,10.782369,6067
2860,0.0005860000233974601,1.6733148,11.090981,551
2861,0.010620319843279559,2.0325456,8.017405,9986
2862,0.0031490854251903437,3.143011,10.757967,2961
2863,0.0007944501224644332,1.6013267,6.00659,747
2864,0.013923615800942918,1.7826252,6.2545524,13092
2865,0.0008221016662182154,1.9439176,6.95763,773
2866,0.008328432274456461,2.3978915,10.5251045,7831
2867,0.001514453780976376,2.1824214,7.554075,1424
2868,0.0027715355008598565,2.2508636,8.955425,2606
2869,0.0017292850055249912,1.9038112,8.862474,1626
2870,3.296914832181717e-05,1.351217,3.3573694,31
2871,0.0016420762906092167,2.1673105,7.6676044,1544
2872,0.0018207478040951936,2.133016,10.096395,1712
2873,0.003603208855300535,2.8743975,9.5031,3388
2874,0.0011528566703499941,1.9896772,8.518236,1084
2875,0.00032437387865013673,1.9124309,8.321757,305
2876,0.0017952233021686255,1.7635797,7.350387,1688
2877,0.11451567789354794,1.940423,7.5096555,107676
2878,0.002852363090293989,2.7522721,9.981148,2682
2879,0.006325822394134469,2.7556543,11.857514,5948
2880,0.0008157205407365733,2.1870048,8.19847,767
2881,0.002026007340421346,1.6987628,5.768705,1905
2882,1.1698730049677062e-05,1.1611094,1.6059363,11
2883,0.0032969148321817174,1.2572634,4.0382757,3100
2884,0.00044986934645576337,1.6877346,5.735973,423
2885,0.0014655318189504538,1.8882667,7.479413,1378
2886,0.004871989305233693,2.67789,9.934043,4581
2887,0.0019941017130131354,2.3721988,12.091578,1875
2888,0.00012443194689201967,1.2309921,2.9381485,117
2889,0.0010667114763478266,2.134285,7.786814,1003
2890,0.006640624584562143,2.912819,11.579271,6244
2891,0.006845884120888295,2.101879,8.209816,6437
2892,0.0004924101830000436,1.7507039,7.127755,463
2893,0.006667212607402318,2.8238907,12.378783,6269
2894,0.0036531943382400642,2.6216218,9.732211,3435
2895,0.00406690397363319,2.87248,10.8201475,3824
2896,0.015889002449288665,1.8986311,9.839722,14940
2897,0.00037542288250327297,1.9020464,8.833643,353
2898,0.0031363231742270598,3.2510214,11.599619,2949
2899,0.0016325046023867537,1.646947,10.991333,1535
2900,0.0021951071656848595,1.9828959,8.357597,2064
2901,0.0010018367006177993,1.7991588,9.053376,942
2902,0.001670791355276606,1.6334434,5.423618,1571
2903,0.00029353177215553356,2.1075795,5.9899287,276
2904,0.0005104900385313627,1.7124041,4.741619,480
2905,0.0003179927531684947,1.8002987,7.41747,299
2906,0.0006678911337451996,2.1291254,6.443921,628
2907,0.0023014592570455602,1.6831952,6.1112695,2164
2908,0.001901575393529326,2.6265194,9.05462,1788
2909,0.001898384830788505,2.5731733,8.834313,1785
2910,0.016747263826569516,2.0639417,8.422037,15747
2911,0.0011943339859806672,1.7269679,7.127676,1123
2912,0.0002467368519568253,2.7616513,10.973059,232
2913,0.001117760480200963,2.2638662,9.127824,1051
2914,0.0006306679017689543,1.9944427,13.331363,593
2915,0.0007104319702894797,1.5322933,6.3095036,668
2916,0.0024865118960131793,1.4854974,6.540442,2338
2917,0.00042115428178837424,1.5108062,4.9748797,396
2918,0.0023280472798857354,1.229226,5.8394547,2189
2919,0.004052014680842692,2.9199884,12.663842,3810
2920,0.0022025518120801085,2.7836735,10.184048,2071
2921,0.0016048530586329716,2.6132889,8.541513,1509
2922,0.0012943049518597258,1.9690571,8.248009,1217
2923,0.00857410560549968,2.0317729,12.588342,8062
2924,0.0005498403123348219,2.1268075,9.652213,517
2925,0.0035489692887065777,4.149607,12.841248,3337
2926,0.0007019238029806237,1.5063738,4.5435023,660
2927,0.0004307259700108373,1.6117005,4.3164845,405
2928,0.005880207131333134,1.7558177,8.677422,5529
2929,0.001113506396546535,1.7086674,6.208358,1047
2930,0.00038499457072573603,1.7793847,5.866325,362
2931,0.001142221461213924,1.9211397,6.534495,1074
2932,0.0005604755214708919,3.1163833,10.55337,527
2933,0.03086763099652973,1.9931767,7.4868617,29024
2934,0.003403266923542418,3.418851,12.598934,3200
2935,0.00018292559714040495,1.2871349,4.0725393,172
2936,0.00448593121359435,1.7020991,6.8034005,4218
2937,0.00038924865438016407,1.4077164,4.05174,366
2938,0.0004743303274687245,1.8867818,8.333107,446
2939,0.0036850999656482743,1.8504703,6.7873654,3465
2940,0.008507103787942437,3.5883198,13.356508,7999
2941,0.005311223442553386,1.050781,3.858493,4994
2942,0.001522961948285232,2.23537,9.315708,1432
2943,0.0012304936970433055,2.393563,8.742613,1157
2944,0.0016739819180174268,2.920734,10.288605,1574
2945,0.002088755074324159,2.345208,10.752567,1964
2946,0.0019324175000239292,1.6248832,5.2026253,1817
2947,0.0020323884659029876,2.5258048,10.663205,1911
2948,0.00010635209136070057,1.5680976,3.5361824,100
2949,0.00017335390891794192,1.6379714,4.18134,163
2950,0.0030512415011384993,1.4482901,5.2007537,2869
2951,0.0023790962837388716,2.1657753,8.665411,2237
2952,0.0014793575908273449,1.7623936,5.4750996,1391
2953,1.3825771876891073e-05,1.4362903,2.4520168,13
2954,0.0004711397647279035,1.2785293,7.003497,443
2955,0.004048824118101871,2.8398132,13.828952,3807
2956,0.0014166098569245314,1.7123432,6.1301646,1332
2957,0.0016654737507085708,1.9432465,8.651358,1566
2958,0.0015601851802614774,2.1419299,9.157956,1467
2959,0.0014091652105292824,1.3729147,4.5461836,1325
2960,0.016468621347204483,2.1348572,9.375014,15485
2961,0.0018196842831815867,1.7515742,7.3817816,1711
2962,0.002252537295019638,2.9460392,12.114097,2118
2963,0.0009135644647884178,3.0992787,12.056833,859
2964,0.0031448313415359157,1.8604741,7.0572104,2957
2965,0.005219760643983184,2.8267283,13.867119,4908
2966,0.0002307840382527202,1.9479934,7.6392837,217
2967,0.029917906820678675,1.7762098,4.18261,28131
2968,0.002602435675596343,2.8481476,10.621741,2447
2969,0.000561539042384499,2.4311886,13.602962,528
2970,0.0010209800770627254,1.9009444,7.298613,960
2971,0.0012315572179569126,2.7508395,10.468912,1158
2972,0.0010486316208165075,2.4469903,12.064926,986
2973,0.10440903865154057,1.7958453,15.363336,98173
2974,0.0015814555985336173,1.476212,4.1958394,1487
2975,0.002052595363261521,2.2621675,9.606388,1930
2976,0.002871506466738915,2.9623587,12.838349,2700
2977,0.002627960177522911,4.494559,16.251192,2471
2978,0.0003190562740821017,1.7656115,5.316637,300
2979,0.005042152651410814,2.4513083,14.023153,4741
2980,0.00023610164282075524,1.6564394,6.56223,222
2981,0.002326983758972128,3.0581572,9.796291,2188
2982,0.00016271869978187186,1.4622899,5.001108,153
2983,0.0003062940231188176,1.5005696,4.072235,288
2984,0.053721631909030676,2.3427837,7.7306294,50513
2985,3.509619014903119e-05,1.1608126,2.4705403,33
2986,0.00025099093561125333,1.9921478,6.404492,236
2987,0.02490765979667607,1.9536748,7.031066,23420
2988,0.0007029873238942307,2.5433743,7.483046,661
2989,0.004251956612600808,1.8766403,7.732564,3998
2990,0.0010156624724946904,2.2281916,8.189634,955
2991,0.03797407774125174,1.4968464,5.5962796,35706
2992,0.0029916843299765067,2.012806,11.859538,2813
2993,0.001488929279049808,2.0446615,9.207636,1400
2994,0.0002999128976371756,2.3239777,7.934958,282
2995,0.007736051125577359,2.9521701,13.910003,7274
2996,0.001890940184393256,3.4203434,10.435575,1778
2997,0.0008104029361685383,1.9596474,8.140655,762
2998,0.003574493790633146,2.9935198,13.07655,3361
2999,0.001311321286477438,1.6106853,6.0552397,1233
3000,0.0027949329609592106,1.6091379,4.090549,2628
3001,0.006028036538324508,1.4738982,4.865447,5668
3002,0.00030842106494603165,1.5171586,5.4824333,290
3003,0.0025758476527561677,3.2608685,11.284159,2422
3004,0.005449481161322297,1.768474,5.6783276,5124
3005,0.004347673494825439,4.050629,14.38933,4088
3006,0.00023184755916632723,2.2100863,12.63728,218
3007,0.0025258621698166384,1.783275,5.9087367,2375
3008,0.006004639078225154,2.3215196,10.004102,5646
3009,0.002673691576808012,3.7674253,12.121576,2514
3010,0.0022769982760325993,1.9177188,8.663253,2141
3011,0.0021897895611168246,1.559345,5.619967,2059
3012,0.001900511872615719,1.3414803,4.9909854,1787
3013,0.0659000098907445,1.6370995,8.204269,61964
3014,0.0001318765932872687,2.133181,8.750138,124
3015,0.00018398911805401198,1.3573177,4.427264,173
3016,0.00045093286736937036,2.6945217,9.881236,424
3017,0.001115633438373749,2.6554883,8.854655,1049
3018,0.00019675136901729605,1.6546155,5.270687,185
3019,0.0008529437727128185,1.2224987,4.713152,802
3020,0.00023716516373436226,1.6230068,9.293555,223
3021,0.005519673541620359,3.4389462,13.59998,5190
3022,0.0005158076430993977,1.8928783,10.629958,485
3023,0.0002616261447473234,1.1738132,2.8531964,246
3024,0.00040839203082509014,1.6363198,7.126141,384
3025,0.0014453249215919206,1.9179094,10.498405,1359
3026,0.001886686100738828,2.4152615,8.191382,1774
3027,0.0017569365492787732,2.1881824,7.993025,1652
3028,0.0014740399862593098,4.0770745,14.332337,1386
3029,0.0033181852504538577,3.530571,13.204681,3120
3030,0.01228898415672895,1.6468477,6.5220666,11555
3031,0.0011709365258813131,1.9571528,5.9622264,1101
3032,0.002254664336846852,2.1254427,9.347586,2120
3033,0.0007423375976976899,1.5401073,5.004391,698
3034,0.008138062030920807,1.5215586,5.856205,7652
3035,0.0012836697427236559,2.5536172,9.826689,1207
3036,0.0006391760690778104,1.4595389,3.830042,601
3037,0.0001137967377559496,1.7126875,8.629868,107
3038,0.0002818330421058565,1.709522,5.991986,265
3039,0.001892003705306863,2.3356688,9.319825,1779
3040,0.000981629803259266,2.4863994,11.482088,923
3041,0.0010114083888402624,1.9349877,7.499693,951
3042,0.013895964257189135,1.8734521,7.294593,13066
3043,0.0010624573926933986,2.0459926,9.7929325,999
3044,0.0013496080393672902,1.5113349,5.1238666,1269
3045,0.0005083629967041487,1.5272368,4.5189424,478
3046,0.005930192614272663,3.1817846,9.912497,5576
3047,0.0034957932430262277,3.011252,18.779089,3287
3048,0.002078119865188089,3.1008036,12.3676815,1954
3049,0.0031373866951406666,2.724357,14.298637,2950
3050,0.00013506715602808973,2.7392232,9.056311,127
3051,0.0004764573692959385,1.796189,5.8908176,448
3052,0.005243158104082538,3.5176725,12.313667,4930
3053,0.0016176153095962555,1.5392054,4.8523145,1521
3054,0.021329975443302104,2.4944956,10.752101,20056
3055,0.00383931049812129,1.921802,7.0038195,3610
3056,0.0003211833159093157,7.7816052,13.921416,302
3057,0.0019547514392096762,1.9791195,7.3206167,1838
3058,0.00046688568107347545,2.4903774,9.544314,439
3059,0.002862998299430059,5.901453,17.153324,2692
3060,0.0009316443203197369,1.8578779,8.560076,876
3061,0.0012889873472916908,3.3248415,13.594226,1212
3062,0.002629023698436518,2.3899183,8.386935,2472
3063,0.0027757895845142845,1.6887766,6.096958,2610
3064,0.0047677642557002065,1.5511882,4.566278,4483
3065,0.0003966933007754131,1.5899022,5.6764402,373
3066,0.0020089910058036335,1.5119636,5.776401,1889
3067,0.0008348639171814994,1.8006717,6.4787707,785
3068,0.005330366818998312,1.58017,4.2472124,5012
3069,0.0011188240011145698,1.4812632,4.6033163,1052
3070,0.0005360145404579308,2.2569957,8.00083,504
3071,0.0010635209136070057,1.5252333,4.6126294,1000
3072,0.0006689546546588066,2.4493003,9.101571,629
3073,0.0005551579169028569,1.7404182,7.557324,522
3074,9.890744496545152e-05,2.1587002,8.7327,93
3075,0.0006051433998423862,1.8260005,7.6506243,569
3076,0.0012985590355141538,1.6826768,6.943731,1221
3077,0.05039706553309518,1.1769139,3.513894,47387
3078,0.0005498403123348219,2.230615,10.113686,517
3079,0.004807114529503665,2.3486085,8.446791,4520
3080,0.0033001053949225385,1.7278509,11.301196,3103
3081,0.002010054526717241,1.7210277,5.950572,1890
3082,0.0027151688924386855,2.0855436,10.817055,2553
3083,0.0025928639873738796,1.5492269,4.401499,2438
3084,0.0012411289061793757,1.6255447,5.400073,1167
3085,1.3825771876891073e-05,1.2250829,2.0736113,13
3086,0.0029810491208404366,4.288221,12.830209,2803
3087,0.0002605626238337164,2.3839064,10.243831,245
3088,0.004172192544080283,3.757314,13.652456,3923
3089,0.00044348822097412135,2.9259925,11.119862,417
3090,0.000186116159881226,2.4786592,14.973076,175
3091,0.0004381706164060863,1.7778362,5.402814,412
3092,0.0024141924738879028,1.7837505,5.4897566,2270
3093,0.004843274240566304,2.0535982,8.821623,4554
3094,0.0012581452407970876,1.5242789,3.938403,1183
3095,0.0013698149367258232,1.4955759,5.018557,1288
3096,0.000940152487628593,1.5045455,6.4163694,884
3097,0.001688871210807925,3.1980267,13.065285,1588
3098,0.0004169001981339462,2.475374,17.953789,392
3099,0.001130522731164247,2.3491108,10.363139,1063
3100,0.0007093684493758727,2.7737372,11.589808,667
3101,0.0025694665272745255,4.6151314,14.588484,2416
3102,0.000193560806276475,2.0450823,12.525367,182
3103,0.0012804791799828348,2.4961112,9.70558,1204
3104,0.0021685191428446843,2.843607,8.197907,2039
3105,8.082758943413243e-05,2.6329668,15.0264225,76
3106,0.004028617220743338,2.1709185,9.984039,3788
3107,0.0031161162768685263,1.726537,6.010964,2930
3108,0.0018632886406394738,2.1120257,9.65795,1752
3109,4.2540836544280225e-06,1.3354878,1.5902123,4
3110,0.0015399782829029441,1.9507775,5.9020505,1448
3111,0.0015665663057431193,1.7976675,7.1559815,1473
3112,0.0007859419551555772,2.05588,9.34924,739
3113,0.0012166679251664145,1.5299143,5.0460157,1144
3114,0.016401619529647242,3.9395392,11.332049,15422
3115,0.1551017629986185,3.5243673,13.607405,145838
3116,0.00036904175702163095,2.9513876,9.449166,347
3117,0.0012294301761296986,1.7272978,4.6176023,1156
3118,7.44464639524904e-05,2.6765294,10.307485,70
3119,0.0037021163002659866,3.5112703,11.920891,3481
3120,0.00020632305723975909,1.4994296,3.6197722,194
3121,0.00024035572647518327,2.0145135,9.517674,226
3122,0.007762639148417534,2.703549,11.356878,7299
3123,0.001530406594680481,2.1806438,7.9616723,1439
3124,0.0010465045789892935,1.9837664,6.2172475,984
3125,0.0015729474312247613,1.9181244,9.360464,1479
3126,0.004670983852561969,2.544772,10.400913,4392
3127,0.0009412160085422,2.5753121,8.702835,885
3128,0.0007753067460195071,2.1656468,11.592969,729
3129,0.00036691471519441696,1.466063,3.8286302,345
3130,0.00566856646952534,1.4608704,4.7272186,5330
3131,0.0003126751486004597,1.8767055,10.9992485,294
3132,0.0009103739020475968,1.9906992,9.917611,856
3133,0.000981629803259266,2.5279415,8.739476,923
3134,0.005421829617568515,1.4975677,4.8277845,5098
3135,0.0016048530586329716,2.2911708,11.782767,1509
3136,0.0012251760924752704,1.854258,6.585629,1152
3137,0.0005030453921361137,2.6104825,11.947039,473
3138,0.0163803491113751,2.620285,10.870094,15402
3139,0.0002637531865745374,2.4667997,9.717265,248
3140,0.00011060617501512859,1.053333,2.4117072,104
3141,0.0019664501692593533,1.8876823,6.5407796,1849
3142,0.0029565881398274756,1.9457076,9.020656,2780
3143,0.001719713317302528,3.214085,10.665458,1617
3144,0.00010635209136070057,1.5013832,3.5618637,100
3145,0.0027587732498965726,3.4332948,12.254787,2594
3146,0.0004977277875680787,2.413594,13.493077,468
3147,7.976406852052543e-05,1.6000849,3.9718902,75
3148,0.014806338159236732,2.2309654,10.588476,13922
3149,0.0008338003962678924,1.4804084,4.943694,784
3150,2.446098101296113e-05,1.8583233,3.1275523,23
3151,0.0012485735525746245,2.527404,9.771634,1174
3152,0.002416319515715117,3.0913184,10.031145,2272
3153,0.02142781936735395,1.1029652,3.4857895,20148
3154,0.00040413794717066216,1.9265853,11.277299,380
3155,0.0008731506700713516,1.4682614,4.7916512,821
3156,0.0013602432485033602,1.3932335,4.5879254,1279
3157,0.0005913176279654951,1.4669399,5.200382,556
3158,0.0016580291043133218,1.5080078,7.0012436,1559
3159,0.0002084500990669731,1.654836,4.759425,196
3160,0.0008688965864169236,2.372771,8.537231,817
3161,0.00048283849477758053,1.5378592,6.597875,454
3162,0.002867252383084487,2.19368,8.480847,2696
3163,0.0005275063731490748,1.7164054,6.8919435,496
3164,0.0007317023885616198,1.8025829,9.222258,688
3165,0.0016973793781167809,1.87241,6.634047,1596
3166,0.004341292369343797,2.4615216,8.610282,4082
3167,0.00015527405338662282,1.942096,7.890175,146
3168,0.004988976605730463,2.0383673,11.440771,4691
3169,0.0025184175234213894,1.7376735,6.1214337,2368
3170,0.0014017205641340335,3.1478202,13.1584635,1318
3171,0.0016739819180174268,2.7522507,11.35401,1574
3172,0.001888813142566042,1.6047659,4.9578767,1776
3173,0.000947597134023842,1.9450814,8.103522,891
3174,0.0018335100550584777,1.9345677,9.832842,1724
3175,0.0005902541070518881,2.0418105,10.257805,555
3176,0.002053658884175128,1.917249,6.7920747,1931
3177,0.0020068639639764197,2.2661564,9.537719,1887
3178,0.0006306679017689543,1.6010439,6.7618814,593
3179,0.08866680208832967,1.8643173,8.048796,83371
3180,0.0013559891648489322,2.0066793,8.646002,1275
3181,0.0027609002917237868,1.9982834,7.0777984,2596
3182,0.00031586571134128066,1.641638,5.6108556,297
3183,0.000193560806276475,1.6973276,6.7665496,182
3184,0.0025375608998663155,2.1528156,12.851025,2386
3185,0.006387506607123675,1.6764526,5.950095,6006
3186,0.001901575393529326,2.2820323,9.140435,1788
3187,0.003038479250175215,1.2901801,3.8580263,2857
3188,0.0007093684493758727,1.988256,11.559705,667
3189,0.001493183362704236,2.444725,11.350292,1404
3190,0.00025737206109289535,2.1095026,9.398776,242
3191,0.0023227296753177,3.8461583,11.9945135,2184
3192,0.0002116406618077941,1.2241492,2.88257,199
3193,0.0053133504843806,3.3997953,12.588028,4996
3194,0.03210875990270911,1.107672,3.4836051,30191
3195,0.00041370963539312516,1.4167,4.8771605,389
3196,0.005254856834132215,2.1000357,10.443655,4941
3197,0.008677267134119558,1.5542186,10.769362,8159
3198,0.0014612777352960256,2.1269362,10.01965,1374
3199,0.0011049982292376788,1.5627202,4.364895,1039
3200,0.002602435675596343,1.7124287,6.786927,2447
3201,0.0009614229059007331,1.7780645,7.7871814,904
3202,0.024018556312900615,1.9456935,7.453265,22584
3203,0.01039591693050848,1.950722,7.330494,9775
3204,0.02053552532083767,1.7397012,6.3914285,19309
3205,0.010723481371899438,1.947506,8.720365,10083
3206,0.0011581742749180292,3.2457032,15.301437,1089
3207,0.004137096353931252,2.2633386,9.426615,3890
3208,0.00044136117914690736,1.6838205,7.0751348,415
3209,0.0006051433998423862,1.5035717,6.272531,569
3210,0.0002233393918574712,1.690282,9.127216,210
3211,0.0011581742749180292,2.373238,9.610525,1089
3212,0.0012613358035379087,1.5329801,6.7492714,1186
3213,0.0008327368753542854,2.1444683,12.158508,783
3214,0.005982305139039407,2.5221882,9.59402,5625
3215,0.014820163931113623,2.3417,9.172195,13935
3216,0.01732262864083091,1.4596746,7.1342115,16288
3217,0.00042753540727001626,1.7956997,8.196683,402
3218,0.00014782940699137377,1.8622458,9.33707,139
3219,0.0002456733310432183,1.9328617,8.607747,231
3220,0.0020717387397064468,1.6769583,5.056534,1948
3221,0.0008912305256026707,1.8103999,10.982229,838
3222,0.00870172811513252,6.204573,9.629969,8182
3223,0.0004179637190475532,1.6686138,6.5500984,393
3224,0.0025503231508295994,3.188495,12.747249,2398
3225,0.0014548966098143837,2.506359,11.722169,1368
3226,4.466787837149424e-05,1.1003934,2.2401628,42
3227,0.0014187368987517454,1.459101,4.847044,1334
3228,0.0017580000701923804,1.6477337,7.102659,1653
3229,0.003444744239173091,2.8402243,13.164024,3239
3230,0.002682199744116868,1.8699722,8.171508,2522
3231,0.0025620218808792765,1.8849399,8.209854,2409
3232,0.002654548200363086,1.4931417,4.6329923,2496
3233,0.1127640589488372,1.8991268,7.6546707,106029
3234,0.001143284982127531,2.6668584,13.715045,1075
3235,0.00398501286328545,2.331935,9.86129,3747
3236,0.0005115535594449697,2.3122342,7.773269,481
3237,0.0037223231976245197,1.4781852,4.587504,3500
3238,9.35898403974165e-05,1.7414526,6.1245236,88
3239,0.0019366715836783572,1.8958712,7.5522127,1821
3240,0.0008221016662182154,1.4178188,5.9015455,773
3241,0.0006997967611534096,2.1504405,12.687283,658
3242,0.0018494628687625828,3.3544693,12.372717,1739
3243,0.006919267063927178,2.05945,7.6127324,6506
3244,0.0055675319827326744,1.895394,8.0042925,5235
3245,0.0007699891414514721,2.433555,9.29743,724
3246,0.005412257929346052,2.688894,12.738579,5089
3247,0.003799960224317831,3.938513,14.0320835,3573
3248,0.009281347013048337,2.5088787,9.61371,8727
3249,0.00024354628921600428,1.3680834,5.799554,229
3250,0.003771245159650442,1.5632353,5.02568,3546
3251,0.005612199861104169,1.5424293,4.2935185,5277
3252,0.001504882092753913,2.0583174,8.346606,1415
3253,0.002649230595795051,1.9940627,8.596599,2491
3254,0.00023503812190714824,1.7216432,5.6560383,221
3255,0.0019398621464191783,1.4545426,4.4351892,1824
3256,0.01306322738183485,2.419821,6.3524523,12283
3257,0.002884268717702199,2.4732647,9.765999,2712
3258,0.0012964319936869398,1.7817011,6.1429973,1219
3259,0.0008646425027624956,1.4215595,5.119886,813
3260,0.0015059456136675199,1.499097,5.6555724,1416
3261,0.0023610164282075524,2.779019,12.563173,2220
3262,7.338294303888339e-05,1.2620481,3.0872514,69
3263,0.0006678911337451996,1.7112563,5.4891644,628
3264,0.00283428323476267,2.9095917,10.458833,2665
3265,0.0007189401375983358,1.4734832,5.333149,676
3266,0.003199070908129873,1.3162098,4.979197,3008
3267,0.00718514729232893,3.8650956,11.293703,6756
3268,0.0012836697427236559,2.0443149,8.11123,1207
3269,0.0012709074917603717,2.107164,8.413634,1195
3270,0.009532337948659592,2.191226,9.743665,8963
3271,0.012675042248368294,1.5087686,6.2856436,11918
3272,0.006582130934313758,1.5729121,5.738265,6189
3273,0.0031288785278318107,1.6691741,6.888714,2942
3274,0.0023950490974429767,3.204489,10.520951,2252
3275,0.002609880321991592,3.7631814,11.907277,2454
3276,0.0004562504719374054,2.0028758,8.98122,429
3277,0.001868606245207509,2.0267584,8.782444,1757
3278,0.00039031217529377106,1.6640048,10.715798,367
3279,6.381125481642033e-06,1.3200815,1.9462861,6
3280,0.0014942468836178428,2.0643697,8.549541,1405
3281,0.0016633467088813568,2.092159,7.6203594,1564
3282,0.0054984031233482195,4.087028,14.094275,5170
3283,0.002618388489300448,1.9708835,6.7269993,2462
3284,0.0006402395899914174,1.3849638,5.731955,602
3285,0.0015059456136675199,2.9315557,10.730885,1416
3286,0.002455669789518576,1.3518807,4.0022993,2309
3287,0.014875467018621188,1.8907977,8.088524,13987
3288,0.00095185121767827,1.5149341,5.2465463,895
3289,0.00038499457072573603,2.0100422,10.965434,362
3290,0.0024992741469764632,1.6113513,7.0977345,2350
3291,0.0010571397881253635,1.747844,5.091352,994
3292,0.0008667695445897096,1.8143812,7.3947067,815
3293,0.0010475680999029006,2.624313,13.538033,985
3294,9.890744496545152e-05,2.43407,14.058777,93
3295,0.0018505263896761899,3.086346,10.28017,1740
3296,4.360435745788723e-05,1.5918709,3.8466072,41
3297,0.0009784392405184452,1.9685631,6.3468704,920
3298,0.0019132741235790031,5.423194,16.13992,1799
3299,0.02120341645458287,1.9082454,6.531112,19937
3300,0.01636971390223903,1.5958605,6.8740144,15392
3301,0.0027832342309095336,2.6826816,9.66382,2617
3302,0.0008072123734277173,1.5900735,5.874089,759
3303,0.005811078271948679,2.4170947,10.055664,5464
3304,0.001496373925445057,1.6089792,8.603419,1407
3305,0.0015825191194472244,1.8425943,6.3519087,1488
3306,0.0018398911805401197,3.421348,11.160958,1730
3307,0.0003009764185507826,2.1429517,14.264721,283
3308,0.0010401234535076516,2.2042842,12.87058,978
3309,0.004029680741656944,2.5768976,9.498857,3789
3310,0.009912014914817292,2.834249,11.037545,9320
3311,0.0016080436213737925,2.260873,9.444123,1512
3312,0.0007657350577970441,2.4050124,9.303006,720
3313,9.039927765659548e-05,1.4262913,6.5044327,85
3314,0.007041571968991984,2.227975,7.3672976,6621
3315,1.8079855531319095e-05,1.3657212,3.0281105,17
3316,0.0004402976582333003,2.1584945,8.184476,414
3317,0.002420573599369545,2.2915118,9.621754,2276
3318,0.0008433720844903555,1.6422869,5.6851563,793
3319,0.005849365024838531,1.5468794,7.223521,5500
3320,0.004789034673972346,2.4107983,8.313069,4503
3321,0.006468334196557808,2.9652236,10.432933,6082
3322,0.0020440871959526647,1.9062711,7.2198725,1922
3323,0.010077924177339985,1.4891777,8.315156,9476
3324,0.0002988493767235686,1.8371699,9.4423,281
3325,0.0005445227077667869,2.323103,7.8131433,512
3326,0.0009273902366653089,2.5791507,10.24691,872
3327,0.0010231071188899394,2.2858152,8.552627,962
3328,0.0007827513924147561,1.8435237,6.461549,736
3329,0.0019026389144429332,1.5698438,4.730114,1789
3330,0.0015612487011750842,2.1983225,8.970164,1468
3331,0.0012134773624255934,1.8288559,6.6785316,1141
3332,0.00046263159741904747,1.493356,5.5048947,435
3333,0.021151303929816127,3.8758333,16.196878,19888
3334,0.006158849610698169,2.4927948,11.165983,5791
3335,0.004395531935937755,1.476796,6.1854353,4133
3336,0.000953978259505484,1.9674693,6.70456,897
3337,0.0008593248981944605,1.6298803,8.234738,808
3338,0.00011592377958316362,1.4880332,4.7574425,109
3339,0.003972250612322166,2.067582,7.8138494,3735
3340,0.008617709962957567,2.5942395,9.525255,8103
3341,0.00620139044724245,2.5164847,9.740497,5831
3342,8.189111034773943e-05,2.071305,6.3238277,77
3343,0.002982112641754044,2.9649103,10.197544,2804
3344,0.003212896680006764,2.8488715,12.979673,3021
3345,0.00036691471519441696,1.880204,8.311531,345
3346,0.0005913176279654951,2.3860612,9.272263,556
3347,0.003622352231745461,2.5083907,9.12095,3406
3348,0.0006434301527322384,2.374289,7.8417273,605
3349,0.003029971082866359,2.9724205,11.074845,2849
3350,0.009328141933247045,3.0459752,12.221525,8771
3351,0.00047964793203675955,1.7611326,6.4750233,451
3352,0.003530889433175259,4.0962086,11.251676,3320
3353,0.0033309475014171416,2.5192966,11.10015,3132
3354,0.002315285028922451,2.7502615,10.45479,2177
3355,0.015802857255286497,1.7839416,8.136513,14859
3356,0.003390504672579134,1.7988172,7.8938675,3188
3357,0.0007157495748575148,2.1019988,10.39572,673
3358,0.0008529437727128185,3.794902,12.110128,802
3359,0.0010667114763478266,1.8054639,8.389793,1003
3360,0.0033128676458858224,2.020469,11.011816,3115
3361,0.00045731399285101244,1.9445418,7.1567698,430
3362,0.004190272399611603,1.610639,5.0301647,3940
3363,0.0015442323665573721,1.4252927,4.1633973,1452
3364,0.0005328239777171098,1.6351714,5.033825,501
3365,0.0035074919730759047,2.9241278,15.69171,3298
3366,0.0005381415822851448,1.8518625,7.2022057,506
3367,0.00020419601541254507,1.3884312,5.117553,192
3368,0.000945470092196628,2.2903357,9.11956,889
3369,0.0016239964350778975,1.9966027,6.812493,1527
3370,0.0005594120005572849,2.444811,8.831288,526
3371,0.00839968817566813,1.8159899,6.501024,7898
3372,0.004617807806881619,3.0268786,11.7434225,4342
3373,0.003439426634605056,1.6824296,6.3268094,3234
3374,7.55099848660974e-05,1.3319762,2.7379446,71
3375,0.0021387405572636884,1.8434813,5.7817445,2011
3376,0.0005594120005572849,1.5790427,7.314274,526
3377,0.0021972342075120737,1.3817593,5.144632,2066
3378,0.0006104610044104212,2.455084,10.25429,574
3379,0.0019845300247906725,1.7011209,6.8560133,1866
3380,0.006028036538324508,2.6771011,8.228254,5668
3381,0.0015963448913241154,2.5938745,11.001579,1501
3382,0.0008837858792074217,2.1350975,9.064111,831
3383,0.0014155463360109245,1.8664309,6.3332753,1331
3384,0.0038818513346655704,2.966385,13.740488,3650
3385,0.00095185121767827,2.0764205,7.8678417,895
3386,0.001154983712177208,2.843191,10.648083,1086
3387,0.0014378802751966715,2.22363,9.294713,1352
3388,0.002476940207790716,4.2242465,12.86558,2329
3389,0.0021472487245725444,3.0692625,10.850296,2019
3390,0.001313448328304652,2.2189913,9.500396,1235
3391,0.0020058004430628124,2.321247,8.861148,1886
3392,0.0033479638360348536,1.3783181,4.0127573,3148
3393,0.003737212490415018,2.6364906,10.665146,3514
3394,0.0020068639639764197,1.5416435,4.863474,1887
3395,0.001864352161553081,3.4476469,11.476008,1753
3396,0.001154983712177208,1.4965752,4.5869336,1086
3397,0.0026832632650304754,3.3670776,14.341933,2523
3398,0.001153920191263601,2.216844,7.831485,1085
3399,0.0018292559714040498,1.8887676,6.981354,1720
3400,0.0003584065478855609,2.177788,9.427601,337
3401,3.296914832181717e-05,1.7443321,4.2541866,31
3402,0.0008040218106868962,2.2828689,11.582639,756
3403,0.013390791823225808,2.3292534,9.957121,12591
3404,0.0010411869744212585,2.4404628,8.209987,979
3405,0.0012262396133888775,1.9161016,6.2681828,1153
3406,0.000566856646952534,2.546603,8.2065325,533
3407,0.0019494338346416414,2.0215802,10.205472,1833
3408,0.0018154301995271585,3.1900082,11.877245,1707
3409,4.7858441112315255e-05,1.0070289,2.044898,45
3410,1.4889292790498078e-05,1.003286,1.7351247,14
3411,0.0008891034837754567,2.0552566,7.34577,836
3412,0.013654545009800345,1.8308451,6.237352,12839
3413,0.0002637531865745374,1.7193785,4.2663717,248
3414,0.002821520983799386,4.8589,15.784483,2653
3415,0.0021642650591902563,4.5493317,14.666255,2035
3416,0.0018515899105897968,1.8670985,10.400254,1741
3417,0.0007200036585119428,1.9402698,7.2118683,677
3418,0.007474424980830036,2.2504542,7.3317676,7028
3419,0.000743401118611297,1.8632873,5.285805,699
3420,0.0023631434700347666,1.8450931,5.6537404,2222
3421,0.00619075523810638,2.4763544,10.463515,5821
3422,0.004189208878697995,2.498602,10.847769,3939
3423,0.0005551579169028569,2.0486238,11.409832,522
3424,0.0019270998954558942,1.9893178,6.7375402,1812
3425,0.00042221780270198123,1.9753559,6.678827,397
3426,0.001136903856645889,2.3837314,8.936242,1069
3427,0.0005870635443110671,2.3668056,9.314343,552
3428,0.0006987332402398027,2.1290975,7.2672486,657
3429,0.0016590926252269289,2.4005764,9.43256,1560
3430,0.002326983758972128,1.5719118,4.2555575,2188
3431,0.00046475863924626146,1.8253268,8.978713,437
3432,0.0065236372840653725,2.2150187,9.855351,6134
3433,0.00035308894331752586,1.886653,10.459543,332
3434,0.006134388629685209,2.2321544,8.567733,5768
3435,0.0013719419785530372,2.3291256,9.395629,1290
3436,0.0008306098335270714,2.0148172,9.017667,781
3437,0.0048124321340717,2.576279,12.407015,4525
3438,0.0034936662011990135,2.062426,9.178404,3285
3439,0.0038605809163934305,2.8760457,9.284475,3630
3440,0.0019090200399245751,3.9437985,14.298011,1795
3441,0.00037010527793523794,2.010691,9.109161,348
3442,0.004197717046006851,3.6546612,12.750016,3947
3443,0.0006721452173996276,2.0065486,9.313659,632
3444,0.007987042061188613,1.6256968,6.25302,7510
3445,0.00019675136901729605,2.068914,8.444109,185
3446,0.00467417441530279,1.3653581,5.5787845,4395
3447,0.001912210602665396,2.6470635,12.392167,1798
3448,0.003017208831903075,2.9678307,12.43073,2837
3449,0.001127332168423426,2.8233538,10.85301,1060
3450,0.00040732850991148314,2.0363631,5.40891,383
3451,0.006889488478346182,3.5617156,14.080904,6478
3452,0.0022089329375617507,1.3597536,6.7464724,2077
3453,9.039927765659548e-05,1.4489257,3.2321599,85
3454,0.0023907950137885487,3.6921597,10.915899,2248
3455,0.0005881270652246741,2.551132,14.228542,553
3456,0.0009741851568640171,1.7057512,5.598914,916
3457,0.005128297845412981,2.9200532,11.338941,4822
3458,0.0025875463828058448,1.8668056,7.8653035,2433
3459,0.000374359361589666,2.1224709,7.6108794,352
3460,0.0025939275082874865,2.3621907,7.3349767,2439
3461,0.003425600862728165,4.329349,14.110347,3221
3462,0.00021908530820304316,2.7054117,14.575294,206
3463,0.02769302106941282,1.5618864,3.9894772,26039
3464,0.0010954265410152157,1.4979355,7.006661,1030
3465,0.0013644973321577881,2.0528646,7.805094,1283
3466,0.00029459529306914055,1.7519604,9.0067625,277
3467,0.005881270652246741,1.3089793,4.3630443,5530
3468,1.3825771876891073e-05,2.7588298,5.1517262,13
3469,0.00023291108007993423,1.9971552,7.246356,219
3470,0.00011698730049677062,2.624763,11.019401,110
3471,0.00023184755916632723,1.4152327,4.4756227,218
3472,0.0014017205641340335,2.0179455,6.857627,1318
3473,0.00044348822097412135,1.9493433,8.03242,417
3474,0.003626606315399889,1.4535038,4.758502,3410
3475,0.002037706070471023,1.811391,6.1245933,1916
3476,0.004622061890536046,2.5492105,8.597953,4346
3477,0.0021727732264991127,2.5893106,9.681165,2043
3478,0.0003956297798618061,1.9372866,7.0441446,372
3479,0.0026960255159937593,3.8400898,14.30983,2535
3480,0.00034883485966309783,1.2693093,3.2843056,328
3481,0.002314221508008844,1.4089335,3.9326096,2176
3482,9.252631948380949e-05,1.3635066,2.523608,87
3483,0.0004700762438142965,1.7021521,5.1629524,442
3484,0.004669920331648362,1.6453905,5.5806146,4391
3485,0.0018218113250088007,1.5309759,4.46139,1713
3486,0.0032979783530953243,1.9479488,7.9420257,3101
3487,0.00030735754403242465,1.641509,5.427215,289
3488,0.0018079855531319097,1.3616315,3.934096,1700
3489,0.007428693581544935,1.3768568,4.9468207,6985
3490,0.0012432559480065896,1.700731,5.027923,1169
3491,0.002826838588367421,2.701302,12.5584755,2658
3492,0.004231749715242275,1.3777994,4.4176207,3979
3493,0.0004764573692959385,1.6222003,5.3041196,448
3494,0.003029971082866359,3.5520382,15.7564535,2849
3495,0.0025343703371254944,1.5805297,5.5039945,2383
3496,0.0021387405572636884,1.6700314,6.2613883,2011
3497,0.00017654447165876293,1.5299295,4.21776,166
3498,0.00018079855531319097,1.4845505,4.9377017,170
3499,0.013704530492739874,1.7800152,6.453572,12886
3500,0.001698442899030388,2.4428272,11.859545,1597
3501,0.0018569075151578318,3.1087887,12.518361,1746
3502,0.0020366425495574156,1.721021,4.950609,1915
3503,0.0009327078412333439,1.932266,8.186361,877
3504,0.0022206316676114278,1.7503883,6.6599703,2088
3505,0.002610943842905199,3.0541184,12.253159,2455
3506,0.000553030875075643,1.735166,4.858542,520
3507,0.0017441742983154893,1.5261039,5.607939,1640
3508,0.006790581033380731,2.2562726,8.713512,6385
3509,0.0017112051499936721,1.7825309,5.4471908,1609
3510,0.0002446098101296113,2.1916192,13.016463,230
3511,0.0007178766166847288,2.09322,8.184567,675
3512,0.0030831471285467094,1.7426898,6.230439,2899
3513,0.00035521598514473985,1.2992228,3.2395005,334
3514,0.002274871234205385,3.410962,12.021356,2139
3515,8.508167308856045e-05,3.6945782,15.137167,80
3516,0.004483804171767135,1.3542161,4.0139256,4216
3517,0.0012698439708467646,2.9920905,10.492662,1194
3518,0.0005349510195443238,1.7337661,7.7530575,503
3519,0.0007519092859201529,1.5615858,6.3473988,707
3520,0.0010496951417301146,1.4251645,5.2679305,987
3521,0.001141157940300317,2.3114052,10.718542,1073
3522,0.0036978622166115587,2.926573,12.3884115,3477
3523,0.0021185336599051554,1.9753985,6.7581196,1992
3524,0.005482450309644114,2.0522962,9.117366,5155
3525,0.001889876663479649,4.1774154,12.331539,1777
3526,0.0008869764419482427,1.6289326,6.5201797,834
3527,0.0006721452173996276,2.1814346,5.925876,632
3528,0.0006849074683629116,2.044125,8.434407,644
3529,0.0010528857044709355,2.517568,11.080707,990
3530,0.003945662589481991,4.4466844,12.942905,3710
3531,0.002471622603222681,1.8679081,6.666075,2324
3532,0.0032171507636611922,2.8579912,8.905224,3025
3533,0.011742334407134949,2.624072,9.357713,11041
3534,8.189111034773943e-05,0.9556099,2.2097533,77
3535,0.00042009076087476724,2.146062,6.764934,395
3536,0.0010496951417301146,1.364431,4.190214,987
3537,0.0011783811722765622,2.0099788,8.42133,1108
3538,0.0016356951651275748,1.7501653,5.958424,1538
3539,0.0010752196436566827,2.012039,8.874162,1011
3540,0.002682199744116868,4.59908,14.499136,2522
3541,0.00665232331461182,2.5481246,9.382666,6255
3542,0.001318765932872687,2.5127532,11.625671,1240
3543,0.00042221780270198123,1.7680837,10.131994,397
3544,0.001696315857203174,3.2041917,11.34452,1595
3545,0.0011007441455832508,1.6328402,7.4300265,1035
3546,0.002648167074881444,1.9481666,6.6204653,2490
3547,0.002998065455458149,3.5187843,11.272373,2819
3548,0.0012740980545011928,1.8664869,6.7558055,1198
3549,0.0032490563910694023,1.8589562,8.208373,3055
3550,0.0008242287080454293,1.6628962,5.9328165,775
3551,0.004871989305233693,1.4418409,4.0352936,4581
3552,0.0020068639639764197,1.5238248,6.3454013,1887
3553,0.003032098124693573,1.7702521,6.5685983,2851
3554,0.0004158366772203392,1.8646725,8.793751,391
3555,0.0014485154843327417,2.2001755,9.97394,1362
3556,0.004575266970337338,1.5293992,5.4865,4302
3557,0.0010379964116804376,2.9472885,12.889922,976
3558,0.0028023776073544597,2.8569558,12.825882,2635
3559,0.0006327949435961683,1.8815385,7.9295354,595
3560,0.030255042950292094,3.0169384,12.372138,28448
3561,0.00019249728536286802,1.5212092,5.295376,181
3562,0.0010348058489396165,3.9878352,15.703332,973
3563,0.00030735754403242465,1.5595125,5.1186647,289
3564,0.00970675537849114,1.3492401,4.6252584,9127
3565,4.679492019870825e-05,1.6334338,4.0851264,44
3566,0.0012177314460800213,1.5462638,4.5505357,1145
3567,0.05176794399073461,1.2631896,4.7992277,48676
3568,3.403266923542418e-05,1.269143,2.5747204,32
3569,0.009281347013048337,2.305382,11.013996,8727
3570,0.0013783231040346792,1.6775795,5.574542,1296
3571,0.0005594120005572849,1.7230774,6.0764747,526
3572,0.0007210671794255498,1.6150149,6.2850876,678
3573,0.009205837028182241,2.320121,20.03399,8656
3574,0.00019249728536286802,2.0535383,11.052937,181
3575,0.003357535524257317,2.9620383,12.8177,3157
3576,0.0012336842597841266,2.4589612,13.786999,1160
3577,0.0016261234769051117,1.8783166,7.491386,1529
3578,0.002630087219350125,2.2132633,7.323128,2473
3579,0.0010624573926933986,2.4540956,8.302146,999
3580,0.002124914785386797,3.8895376,10.840819,1998
3581,0.00025418149835207437,1.613965,4.9187236,239
3582,0.00038924865438016407,1.5223639,5.4325495,366
3583,0.00015421053247301582,1.6267353,5.853537,145
3584,0.010585223653130527,2.4629526,10.237559,9953
3585,0.00011486025866955661,2.059048,6.339135,108
3586,0.0012645263662787298,2.4779763,10.608398,1189
3587,0.0009709945941231962,1.6703053,6.3365645,913
3588,0.00014144828150973175,2.8003755,13.458902,133
3589,0.00010103448679266554,1.4104922,2.9041245,95
3590,0.0002839600839330705,1.8095784,5.901341,267
3591,0.0008199746243910014,1.6780044,7.8722324,771
3592,0.0030948458585963864,4.3355937,15.414646,2910
3593,0.00023822868464796926,2.0814905,6.5936933,224
3594,0.00021057714089418712,1.5585567,5.2435946,198
3595,0.0019270998954558942,1.4555386,4.633978,1812
3596,0.002140867599090902,2.152775,8.2135515,2013
3597,0.01489567391597972,2.6796105,10.221366,14006
3598,0.0008369909590087134,2.0162542,6.3676224,787
3599,0.006413031109050244,3.013508,10.871927,6030
3600,0.00225891842050128,3.2737582,12.649187,2124
3601,0.0016229329141642906,2.1863253,6.8257866,1526
3602,0.0003265009204773507,1.8516216,11.14775,307
3603,0.0036244792735726753,1.6293118,5.84016,3408
3604,0.01402890437139001,1.536151,5.3349576,13191
3605,0.0010220435979763323,1.5349921,5.6019135,961
3606,0.0102470240026035,3.7228541,14.95537,9635
3607,0.001316638891045473,1.8950006,7.7462726,1238
3608,0.0006636370500907715,2.3807378,10.173957,624
3609,0.0010741561227430756,2.0729532,8.150217,1010
3610,0.0016835536062398898,1.8167493,5.5008483,1583
3611,0.003618098148091033,4.081683,14.932937,3402
3612,0.0003222468368229227,2.782345,7.9768944,303
3613,0.0009039927765659548,1.355927,4.057796,850
3614,0.0008869764419482427,5.073041,17.415157,834
3615,0.0029884937672356856,4.131617,12.621208,2810
3616,0.002261045462328494,2.422752,7.158758,2126
3617,0.00015527405338662282,2.000511,7.54523,146
3618,0.0027428204361924675,2.4007425,9.080832,2579
3619,0.008454991263175695,2.7191665,10.66876,7950
3620,2.5524501926568134e-05,1.2620646,2.1883326,24
3621,2.3397460099354124e-05,1.2576935,2.2479372,22
3622,0.001728221484611384,2.1242042,7.164813,1625
3623,0.0007412740767840829,2.1111355,6.9799137,697
3624,0.001716522754561707,2.5271354,10.704142,1614
3625,0.00036797823610802395,1.1763088,3.1670446,346
3626,0.0029629692653091178,2.6717484,11.035952,2786
3627,0.00025099093561125333,2.434699,8.736238,236
3628,0.005239967541341717,2.536795,9.720584,4927
3629,0.00016590926252269287,1.5205789,6.3845325,156
3630,0.006314123664084792,2.931677,10.007832,5937
3631,0.0016080436213737925,2.9745338,10.743701,1512
3632,0.0006987332402398027,2.0070555,9.789623,657
3633,0.005332493860825526,3.6642942,13.822787,5014
3634,0.001714395712734493,2.5262423,9.444601,1612
3635,0.0005828094606566391,1.858727,6.352619,548
3636,0.005098519259831985,2.0421195,7.710094,4794
3637,0.00131770241195908,1.8290905,5.3977237,1239
3638,0.002666246930412763,1.547213,9.390258,2507
3639,0.0004700762438142965,1.7760724,9.108717,442
3640,1.2762250963284067e-05,1.1107358,1.9492762,12
3641,0.00013932123968251773,2.1485572,8.139132,131
3642,0.0014400073170238855,2.0590987,6.885627,1354
3643,0.005002802377607355,2.5278654,12.742682,4704
3644,0.0035096190149031185,5.5818577,13.957137,3300
3645,0.00899313284546084,1.9609376,7.988415,8456
3646,0.01332272648475496,2.1384428,8.292526,12527
3647,0.013536494188389968,2.8933067,11.790445,12728
3648,0.0004328530118380513,1.8773665,11.621286,407
3649,0.0022014882911665016,1.8266246,7.161923,2070
3650,0.0018611615988122598,1.6398683,6.3990273,1750
3651,0.0020058004430628124,1.5240663,5.3027015,1886
3652,0.003061876710274569,2.578048,10.26681,2879
3653,0.0019026389144429332,3.4970965,11.106174,1789
3654,0.0015761379939655824,1.9857901,8.020714,1482
3655,0.00027970600027864246,1.4745828,5.55805,263
3656,0.004725223419155926,2.6103868,9.909575,4443
3657,0.0007412740767840829,2.3791037,10.087832,697
3658,0.0018388276596265128,2.1051235,7.8585706,1729
3659,0.00055409439598925,1.9013907,10.974583,521
3660,0.0018218113250088007,1.7912495,5.832905,1713
3661,0.0009997096587905853,1.9146216,10.238539,940
3662,0.0018228748459224076,2.2137656,8.6812105,1714
3663,0.002670501014067191,1.8245239,7.693447,2511
3664,0.0007870054760691842,1.3357852,7.2577815,740
3665,0.0011709365258813131,1.9631929,8.379813,1101
3666,0.003774435722391263,2.3911319,9.6524105,3549
3667,0.00132833762109515,1.4667498,4.461747,1249
3668,0.0013634338112441813,3.3738587,9.666049,1282
3669,0.0017441742983154893,1.8031858,6.828285,1640
3670,0.001122014563855391,1.3887194,9.110324,1055
3671,0.00229082404790949,5.8800898,16.034988,2154
3672,0.0012485735525746245,1.8376193,6.545163,1174
3673,0.03511214296273529,1.3568465,4.9266014,33015
3674,0.03299892690739817,1.9836406,7.9422765,31028
3675,0.003010827706421433,3.0539243,10.647547,2831
3676,0.0060992924395361775,2.3022726,8.841913,5735
3677,0.0012049691951167374,1.9977013,7.3506713,1133
3678,5.2112524766743275e-05,2.1019752,8.230278,49
3679,0.005046406735065242,1.3348051,3.9141395,4745
3680,0.00037116879884884494,1.600773,4.551524,349
3681,0.009724835234022459,2.3914754,11.33579,9144
3682,0.005234649936773681,4.2609653,14.643653,4922
3683,0.003366043691566173,2.3136573,9.895349,3165
3684,0.00515701291008037,1.8070518,7.407045,4849
3685,0.0006381125481642034,2.4141505,8.65905,600
3686,0.0009029292556523477,2.2513843,6.6330547,849
3687,0.000567920167866141,1.7939816,7.446322,534
3688,0.0006072704416696002,2.4053233,9.082852,571
3689,0.001293241430946119,1.9665402,6.1094284,1216
3690,0.0007827513924147561,2.3664348,10.7578125,736
3691,0.0012464465107474105,2.2565112,12.691048,1172
3692,0.00279174239821839,1.9742088,7.826045,2625
3693,0.009211154632750275,2.1998541,7.2503557,8661
3694,0.004555060072978805,2.8354878,14.079304,4283
3695,0.0025737206109289535,1.240778,4.679395,2420
3696,0.000949724175851056,1.644459,8.396852,893
3697,0.000939088966714986,2.3572528,9.697294,883
3698,0.0003371361296134208,2.1930456,9.362483,317
3699,0.0013708784576394303,1.6920116,5.8525786,1289
3700,0.0036638295473761344,1.4343041,4.09218,3445
3701,0.000187179680794833,1.4119257,3.153593,176
3702,0.0027566462080693584,3.531793,10.659432,2592
3703,0.0026992160787345804,2.2769196,9.401035,2538
3704,0.0030895282540283515,1.7631452,8.074022,2905
3705,0.000378613445244094,3.1361074,10.383061,356
3706,0.0005849365024838531,1.8169256,9.582203,550
3707,0.0031054810677324566,1.8630878,7.1873612,2920
3708,0.001311321286477438,1.7491105,7.6548886,1233
3709,0.003218214284574799,2.3560503,7.7492647,3026
3710,0.00028715064667389153,2.0913303,7.5048337,270
3711,0.0009050562974795618,2.6060092,10.733333,851
3712,2.5524501926568134e-05,1.110701,1.9165754,24
3713,0.008017884167683216,2.7117891,9.223129,7539
3714,0.0009412160085422,1.8383197,6.7953296,885
3715,0.0025407514626071366,2.6277966,9.565485,2389
3716,0.0002275934755118992,1.8704135,7.756904,214
3717,0.0005051724339633276,1.5518537,3.6801305,475
3718,0.006753357801404486,3.250365,13.455513,6350
3719,0.009577005827031086,1.9148573,7.9262624,9005
3720,0.008570915042758859,1.4464029,4.1626415,8059
3721,0.0008795317955529936,2.2035048,7.358227,827
3722,0.0008561343354536395,1.7785437,7.873866,805
3723,0.00042966244909723025,1.7001389,7.712847,404
3724,0.0021982977284256805,1.4686115,4.1722765,2067
3725,0.00044242470006051435,1.3860326,4.807753,416
3726,0.00027013431205617945,1.6724294,5.2386374,254
3727,0.003902058232024104,4.084827,13.57279,3669
3728,0.0023939855765293698,3.9065602,16.324434,2251
3729,0.001864352161553081,3.1440697,12.060044,1753
3730,0.013842788211508784,1.9314351,7.155038,13016
3731,0.00015527405338662282,8.322315,12.13481,146
3732,0.002838537318417098,3.8168108,11.66768,2669
3733,0.001323020016527115,1.59898,5.6879396,1244
3734,0.0039052487947649245,1.4564766,5.237922,3672
3735,0.002125978306300404,1.5169206,6.557936,1999
3736,0.0008795317955529936,1.9902892,7.0916114,827
3737,0.0034628240947044103,1.2398014,3.0444276,3256
3738,0.006701245276637743,2.2713203,8.500012,6301
3739,0.00046369511833265446,2.505881,10.640574,436
3740,0.0008401815217495345,2.144726,9.217839,790
3741,0.0031778004898577327,2.2950237,8.853003,2988
3742,0.0009826933241728732,2.4687145,8.736442,924
3743,0.0015729474312247613,1.9341408,9.067491,1479
3744,0.005266555564181892,2.5426354,9.145085,4952
3745,0.0023567623445531244,1.481854,5.306749,2216
3746,0.0007285118258207988,1.415824,6.599473,685
3747,0.0004243448445291952,1.9304316,9.002045,399
3748,0.002306776861613595,4.5684752,14.465021,2169
3749,0.0063300764777888974,2.750861,11.2238865,5952
3750,0.0028236480256266,2.1995394,11.07372,2655
3751,0.002326983758972128,3.7183824,14.2760105,2188
3752,0.0010539492253845426,1.6467749,10.542084,991
3753,0.00809445767346292,3.163864,11.911308,7611
3754,0.00741593133058165,1.8583257,6.139881,6973
3755,0.0007221307003391569,2.2567253,13.576817,679
3756,0.0006668276128315925,1.87465,6.8551846,627
3757,0.0011964610278078812,2.9139962,14.434602,1125
3758,0.009346221788778366,2.280073,9.530734,8788
3759,0.0009061198183931688,2.1933706,9.102272,852
3760,0.002462050915000218,1.2528158,3.415967,2315
3761,0.0014081016896156755,1.7837852,5.914523,1324
3762,0.0004732668065551175,2.0020516,7.0707507,445
3763,5.849365024838531e-05,2.2844698,8.73554,55
3764,0.0029002215314063045,1.5039973,6.798035,2727
3765,0.0007795608296739351,1.8256209,6.4165306,733
3766,0.001700569940857602,1.7105184,6.679827,1599
3767,0.0032820255393912192,2.9109867,9.745656,3086
3768,0.0031618476761536276,1.4683022,5.349203,2973
3769,0.0008922940465162777,1.8237188,9.939366,839
3770,0.0003211833159093157,2.2033086,11.498261,302
3771,0.0005764283351749971,2.9613705,9.213993,542
3772,0.0016537750206588938,1.6577052,4.8272033,1555
3773,0.0012570817198834807,1.74731,5.399761,1182
3774,0.0005764283351749971,2.5739126,13.317436,542
3775,0.0018824320170844,2.2099977,7.970124,1770
3776,0.004431691647000392,2.367247,7.843087,4167
3777,0.000759353932315402,2.381955,9.011712,714
3778,0.0020068639639764197,2.2588274,10.537688,1887
3779,0.0005158076430993977,2.3763902,9.6955805,485
3780,0.0008199746243910014,1.7479687,7.915006,771
3781,0.00048602905751840157,1.9168156,7.848125,457
3782,0.0003605335897127749,2.1453953,12.78899,339
3783,0.0032979783530953243,2.1538746,9.127536,3101
3784,0.0006508747991274875,2.474687,13.620338,612
3785,0.0025886099037194517,1.5812578,5.3439126,2434
3786,0.00898249763632477,2.123195,14.4742985,8446
3787,0.004690127229006895,1.3349973,4.220588,4410
3788,0.0007657350577970441,1.5326362,6.4491706,720
3789,0.0029023485732335183,2.0528002,8.3705,2729
3790,0.0008114664570821453,2.4651353,11.829964,763
3791,0.002817266900144958,1.5031766,4.9391465,2649
3792,0.0012847332636372628,2.119268,8.4037075,1208
3793,0.0029916843299765067,2.6386921,10.417046,2813
3794,0.0017229038800433492,1.9446555,7.370168,1620
3795,0.003143767820622309,1.5025495,5.077808,2956
3796,0.000953978259505484,3.1168065,15.441766,897
3797,0.00038924865438016407,1.763224,7.0620933,366
3798,0.003776562764218477,2.4817874,9.660572,3551
3799,7.870054760691842e-05,1.806531,6.8630686,74
3800,0.02273382304926335,3.2416823,12.445053,21376
3801,0.0003977568216890201,1.7070875,8.648163,374
3802,0.0009741851568640171,2.180098,9.559183,916
3803,0.0034383631136914493,2.782129,11.419955,3233
3804,0.0037393395322422316,1.9664279,7.109968,3516
3805,0.00674484963409563,3.0808396,12.47123,6342
3806,0.0013857677504299283,2.0547812,8.925887,1303
3807,0.00242589120393758,3.4416988,11.59912,2281
3808,0.0034745228247540874,1.5917941,4.373163,3267
3809,0.0014814846326545589,1.9987705,7.5723467,1393
3810,0.002899158010492697,2.0475655,8.155274,2726
3811,0.000956105301332698,2.531857,12.908532,899
3812,0.0009699310732095892,1.4512128,4.6082635,912
3813,0.010714973204590581,2.5323522,9.992391,10075
3814,0.0016122977050282204,1.5285401,3.985044,1516
3815,0.008372036631914348,2.6478407,13.78406,7872
3816,0.001512326739149162,1.7242233,5.5969625,1422
3817,0.0002680072702289654,2.0096948,8.06655,252
3818,0.00039243921712098505,1.5090718,4.6970415,369
3819,0.0011507296285227801,2.4932868,12.831202,1082
3820,0.0017484283819699173,2.2562923,9.397929,1644
3821,0.001670791355276606,1.5295087,4.8396816,1571
3822,0.0008837858792074217,2.5744646,12.081553,831
3823,0.0021238512644731903,3.548337,13.585108,1997
3824,0.0051346789708946235,3.3204043,10.901884,4828
3825,0.00010954265410152158,1.7722771,6.507162,103
3826,0.003366043691566173,4.1997466,13.532882,3165
3827,0.0001531470115594088,2.0975502,10.195944,144
3828,0.002867252383084487,2.9591284,12.298884,2696
3829,0.00020419601541254507,2.8922453,15.232989,192
3830,9.997096587905853e-05,1.8429034,4.44907,94
3831,0.0005275063731490748,1.744834,7.984848,496
3832,0.0005232522894946468,1.7479209,6.214274,492
3833,0.0006966061984125887,1.5692886,7.1603823,655
3834,0.001708014587252851,1.4759957,4.831102,1606
3835,0.0011858258186718113,1.4578785,3.977264,1115
3836,0.00939408022989068,2.124643,10.382841,8833
3837,0.00253224329529828,1.8906946,7.0410614,2381
3838,0.0011762541304493482,3.0916243,9.347335,1106
3839,0.0010241706398035463,2.1313176,11.989233,963
3840,0.0034957932430262277,1.5582222,4.8775897,3287
3841,0.001101807666496858,1.9423772,6.625827,1036
3842,0.006742722592268415,2.917956,10.536374,6340
3843,0.009279219971221124,2.6823707,10.4084015,8725
3844,0.002622642572954876,2.0893219,9.048893,2466
3845,0.00042115428178837424,2.3411992,13.120279,396
3846,0.005318668088948635,2.5770335,10.061094,5001
3847,0.0031341961323998455,3.469973,11.500415,2947
3848,0.0003211833159093157,1.9890357,11.348236,302
3849,0.0023120944661816304,3.250398,10.64234,2174
3850,0.007172385041365646,2.2005537,8.487584,6744
3851,0.0019898476293587074,2.0671608,8.067829,1871
3852,0.001686744168980711,2.1113436,9.051928,1586
3853,0.0014623412562096328,2.2544837,8.342508,1375
3854,0.00044348822097412135,1.439932,4.4439454,417
3855,0.0010348058489396165,2.2666306,8.061653,973
3856,0.0010518221835573286,2.5144138,17.258444,989
3857,0.002489702458754,1.5511216,4.5008497,2341
3858,0.0014878657581362008,1.9543736,10.514143,1399
3859,0.002443971059468899,2.2533913,10.740693,2298
3860,0.0017962868230822326,1.654207,5.4058876,1689
3861,0.0037116879884884495,2.2027016,10.030237,3490
3862,0.0034458077600866984,3.8608422,11.213289,3240
3863,0.00047858441112315255,2.0727317,8.6413145,450
3864,0.003915884003900995,1.902045,7.169553,3682
3865,0.00045837751376461944,1.6213516,7.427003,431
3866,0.0007061778866350517,1.9354748,6.461991,664
3867,0.0008529437727128185,2.259195,9.582906,802
3868,0.0022068058957345365,1.6281251,5.9189844,2075
3869,0.003183118094425768,4.4537654,13.597647,2993
3870,0.0002828965630194635,1.7886606,8.649306,266
3871,0.00029565881398274755,1.4177266,4.2019625,278
3872,0.000570047209693355,2.2062712,8.022291,536
3873,0.0005413321450259659,2.0206811,12.341715,509
3874,0.002287633485168669,3.1443386,12.818999,2151
3875,0.0006891615520173396,2.0594218,11.245643,648
3876,0.005527118188015608,2.3284173,8.624133,5197
3877,0.040108564214861,4.3791003,18.608795,37713
3878,0.002307840382527202,3.6600885,12.1013565,2170
3879,0.0018079855531319097,1.8972508,6.5913024,1700
3880,0.005486704393298542,2.0571327,7.8923693,5159
3881,0.001341099872058434,2.1351974,7.940197,1261
3882,0.00018292559714040495,1.8214585,8.114261,172
3883,0.0158943200538567,2.1037116,9.420096,14945
3884,5.7430129334778304e-05,1.8399224,5.7754936,54
3885,0.09170528133850488,2.3699698,10.730915,86228
3886,0.005751521100786686,2.671959,12.053213,5408
3887,0.00023610164282075524,1.7103873,5.5666156,222
3888,0.003997775114248734,2.8892503,11.660813,3759
3889,0.0018228748459224076,1.7300195,6.525965,1714
3890,0.0004892196202592226,1.878662,5.6951947,460
3891,0.002098326762546622,2.0050275,7.2708545,1973
3892,0.0007816878715011491,1.6664859,5.806205,735
3893,0.0011900799023262393,1.5989022,7.2277474,1119
3894,0.010227880626158573,1.9434887,10.274269,9617
3895,0.00030842106494603165,1.7143887,7.474824,290
3896,0.0008710236282441377,1.8120028,4.8922715,819
3897,0.0002626896656609304,2.3696475,11.732069,247
3898,0.00020206897358533108,1.7041137,7.673797,190
3899,0.0035606680187562547,4.480535,13.409968,3348
3900,0.0021078984507690852,2.0049927,6.561153,1982
3901,0.001886686100738828,1.5309699,5.9220443,1774
3902,0.0013836407086027143,2.6203167,11.219676,1301
3903,0.0018228748459224076,1.5161486,7.569194,1714
3904,0.0774987689745425,2.6952074,8.314485,72870
3905,0.002456733310432183,2.2500474,8.637298,2310
3906,0.0026013721546827356,2.8643014,11.05252,2446
3907,0.007964708122002865,2.4925299,11.61645,7489
3908,0.004686936666266074,3.0360522,12.256679,4407
3909,0.003976504695976594,3.5538812,13.212338,3739
3910,0.003932900338518707,1.9346777,6.9721894,3698
3911,0.001708014587252851,1.8147,7.6418757,1606
3912,0.040086230275675254,1.5757862,5.6071873,37692
3913,0.00022227587094386417,1.6507385,7.6998434,209
3914,0.0005902541070518881,1.7319862,8.257764,555
3915,0.0009731216359504101,1.9035031,7.0513053,915
3916,0.0012464465107474105,1.8818408,8.1499605,1172
3917,0.0012039056742031303,1.7889677,7.7405086,1132
3918,0.03456017560857325,1.1395179,3.3638272,32496
3919,0.0028098222537497088,1.5737236,5.7267585,2642
3920,0.012151789958873647,3.5903635,12.393075,11426
3921,0.0014229909824061736,3.0098386,10.458312,1338
3922,0.0020004828384947776,1.489989,5.259461,1881
3923,0.00130706720282301,1.7841666,9.657774,1229
3924,0.0014251180242333876,1.8318741,5.3496823,1340
3925,6.381125481642034e-05,1.0105643,1.677701,60
3926,0.00112945921025064,1.4814427,4.5644627,1062
3927,0.0015059456136675199,1.5978241,6.504764,1416
3928,0.00038924865438016407,2.0941133,9.395457,366
3929,0.0005434591868531799,1.4813042,4.210684,511
3930,0.00021908530820304316,1.5016491,4.8833733,206
3931,0.0011464755448683521,2.2448752,10.019024,1078
3932,0.0013974664804796053,1.63972,5.799438,1314
3933,0.0034660146574452314,1.7399483,7.462497,3259
3934,0.00044455174188772834,2.5129223,12.4384165,418
3935,0.0010869183737063598,2.558449,9.004705,1022
3936,0.002117470138991548,2.2748349,9.303222,1991
3937,0.0015580581384342632,2.0619304,8.487215,1465
3938,0.00493686408096372,3.579463,13.353026,4642
3939,0.0019239093327150733,1.6975814,6.2410045,1809
3940,0.0018632886406394738,2.7991028,10.252559,1752
3941,0.0010518221835573286,2.3548717,9.506806,989
3942,0.0019419891882463923,1.8920063,8.494767,1826
3943,0.0023089039034408093,2.0577538,9.294914,2171
3944,0.002216377583957,3.7485137,11.579815,2084
3945,0.0004339165327516583,1.7216606,9.129393,408
3946,0.004149858604894536,1.41802,3.988468,3902
3947,0.00044561526280133534,2.0003185,10.632887,419
3948,0.001700569940857602,1.8722912,8.17895,1599
3949,0.007287245300035203,2.8945053,10.719866,6852
3950,0.001883495537998007,1.782022,6.670702,1771
3951,0.0008008312479460752,1.7601515,5.7899623,753
3952,0.001507009134581127,1.524994,4.40932,1417
3953,0.0012060327160303443,2.1706264,11.375443,1134
3954,0.0063502833751474305,2.0609102,9.014667,5971
3955,0.00044561526280133534,1.8445544,7.5152216,419
3956,0.002484384854185965,3.2485461,11.00528,2336
3957,0.0008731506700713516,2.3729503,12.277153,821
3958,0.00017867151348597695,1.808454,7.976625,168
3959,0.012883492347435266,2.7995446,12.554228,12114
3960,0.0013496080393672902,1.7509465,4.8404603,1269
3961,0.0004775208902095455,2.6123083,10.585282,449
3962,0.00016590926252269287,1.8269604,11.528422,156
3963,0.0005275063731490748,1.3934871,5.1330953,496
3964,0.0029650963071363315,1.4309654,4.086096,2788
3965,5.317604568035028e-06,1.7957779,2.2642508,5
3966,0.0006732087383132346,1.8264635,8.856751,633
3967,0.003057622626620141,2.0045848,8.220411,2875
3968,0.002772599021773464,2.5267186,7.626715,2607
3969,0.0005923811488791021,1.567766,6.054031,557
3970,0.0006051433998423862,1.7954571,8.383103,569
3971,0.0004466787837149424,1.8577362,7.048449,420
3972,0.004529535571052237,2.040113,13.09255,4259
3973,0.0036680836310305624,2.4481585,8.519617,3449
3974,0.0005062359548769346,1.296722,4.123734,476
3975,0.005504784248829861,2.1671891,10.079501,5176
3976,0.0007051143657214447,2.1861231,8.856661,663
3977,0.0005062359548769346,1.976467,10.424041,476
3978,0.0009614229059007331,1.528719,4.4995623,904
3979,0.008123172738130308,1.912629,6.8154006,7638
3980,0.016712167636420486,2.366124,9.486194,15714
3981,0.002046214237779879,3.8696036,13.13862,1924
3982,0.00035415246423113286,2.1254056,10.6557665,333
3983,0.0009646134686415541,2.4485602,8.190315,907
3984,0.0018026679485638746,3.2074797,11.899311,1695
3985,0.0014336261915422436,1.7007482,6.9892144,1348
3986,0.0029246825124192655,1.7510835,6.512475,2750
3987,0.0006838439474493046,2.3310912,8.273162,643
3988,0.0017580000701923804,3.7868447,13.803725,1653
3989,0.0029874302463220787,1.9774848,7.669364,2809
3990,0.0003966933007754131,2.097308,10.399543,373
3991,0.0010656479554342197,1.6850088,9.210412,1002
3992,0.0006232232553737053,1.7891114,6.920821,586
3993,0.0019356080627647503,3.7038772,13.2856865,1820
3994,0.0005094265176177557,1.8519822,7.3612933,479
3995,0.0015920908076696874,1.9567462,7.5339303,1497
3996,0.0006583194455227365,1.6439645,5.4536676,619
3997,0.006928838752149642,3.4855013,13.306704,6515
3998,0.004928355913654864,1.5258896,4.096084,4634
3999,0.003811658954367508,2.1532094,8.67934,3584
4000,0.0013591797275897533,1.7541734,6.7632117,1278
4001,0.001157110754004422,2.0590746,7.981381,1088
4002,0.001314511849218259,2.0574894,8.92373,1236
4003,0.0004328530118380513,1.9720154,8.064539,407
4004,0.0005147441221857907,1.6705967,5.017526,484
4005,0.0010369328907668305,1.9920541,7.6314354,975
4006,0.00033819965052702777,1.884505,8.533105,318
4007,0.001122014563855391,1.6902986,6.115912,1055
4008,0.008738951347108765,2.7722802,10.799778,8217
4009,0.0010582033090389706,2.3474977,13.242587,995
4010,0.0004190272399611602,1.7932235,7.135374,394
4011,0.0011943339859806672,1.7511598,5.398612,1123
4012,0.002583292299151417,1.8968118,8.253188,2429
4013,0.0002967223348963546,2.1482885,9.392214,279
4014,0.0009784392405184452,1.9213152,8.979372,920
4015,0.0008816588373802077,2.1857455,7.9652452,829
4016,0.0020313249449893807,1.4633434,4.6749587,1910
4017,0.00914202577336582,2.9317398,10.87882,8596
4018,5.849365024838531e-05,3.3149705,14.470789,55
4019,0.00021270418272140114,1.8772063,12.421255,200
4020,0.0647460896994809,1.6969279,8.1434,60879
4021,0.00035521598514473985,2.066907,7.834731,334
4022,0.0012836697427236559,1.6566716,5.334749,1207
4023,0.0001669727834362999,1.7157295,4.4758716,157
4024,0.0015665663057431193,2.0560584,6.4636016,1473
4025,0.0037053068630068077,1.4870888,5.1505194,3484
4026,0.0034840945129765506,3.1121056,10.211088,3276
4027,0.0006912885938445537,1.6864299,5.569444,650
4028,0.0023737786791708368,1.588586,5.9090934,2232
4029,0.06996691386437769,2.862827,11.838938,65788
4030,0.02119384476636041,1.6481987,7.470809,19928
4031,0.002599245112855522,1.6097271,5.3388157,2444
4032,0.02785361272736748,1.0591687,2.6874456,26190
4033,0.0002467368519568253,1.2456595,3.5655031,232
4034,0.00020419601541254507,1.6191357,6.5656605,192
4035,0.0025099093561125334,1.4956192,6.2192607,2360
4036,0.0027757895845142845,2.2035809,7.079757,2610
4037,0.00023397460099354125,2.236299,7.386721,220
4038,0.0018079855531319097,3.098129,10.613632,1700
4039,0.0023440000935898405,1.6368101,4.556283,2204
4040,0.0006285408599417403,1.7762921,6.308581,591
4041,0.0032490563910694023,3.2936664,13.330763,3055
4042,0.010415060306953406,2.8413994,6.8823705,9793
4043,0.0007827513924147561,1.7845697,10.045614,736
4044,0.013882138485312244,2.717496,10.773431,13053
4045,7.125590121166937e-05,1.2471111,2.713724,67
4046,0.0008295463126134644,1.500225,4.693502,780
4047,0.0029512705352594407,1.4299232,5.6230526,2775
4048,0.0010709655600022547,2.3347764,9.004204,1007
4049,0.00018824320170843998,1.668563,5.6836524,177
4050,0.001706951066339244,4.023589,12.666514,1605
4051,0.002432272329419222,3.6608558,11.21177,2287
4052,0.000580682418829425,2.2039318,10.562059,546
4053,0.0003275644413909577,2.317585,8.169854,308
4054,0.0016048530586329716,1.9582667,6.9448276,1509
4055,0.006933092835804069,2.895463,12.177171,6519
4056,0.00690437777113668,1.8775588,7.699434,6492
4057,0.0017569365492787732,2.2361493,10.221311,1652
4058,0.009116501271439252,2.1982112,7.0106125,8572
4059,0.00024035572647518327,2.3000863,12.501664,226
4060,0.005205934872106292,2.7547696,11.025538,4895
4061,0.00694372804494014,2.6596484,10.900854,6529
4062,0.001530406594680481,2.282324,10.239535,1439
4063,0.00043604357457887233,2.5365808,13.109086,410
4064,0.0028055681700952808,2.7065773,10.054327,2638
4065,0.0018122396367863376,2.5470128,11.298344,1704
4066,0.0008901670046890637,1.7307243,4.6312423,837
4067,0.00012124138415119864,2.25641,7.107083,114
4068,0.002647103553967837,1.6738983,5.7846656,2489
4069,0.00648535053117552,2.2855675,9.083696,6098
4070,0.0014825481535681658,1.8741711,5.601671,1394
4071,0.0017484283819699173,1.4548435,4.5865326,1644
4072,0.002010054526717241,2.768484,11.417874,1890
4073,0.0013474809975400762,2.4593117,9.156063,1267
4074,0.0010996806246696437,3.4923902,13.914072,1034
4075,0.002440780496728078,1.5259346,4.4100547,2295
4076,8.401815217495345e-05,1.4198923,2.9421418,79
4077,0.0017388566937474542,1.4030678,4.44887,1635
4078,0.008583677293722142,1.8020233,5.670436,8071
4079,0.000566856646952534,1.8829461,6.836748,533
4080,0.002453542747691362,3.0274508,10.601053,2307
4081,0.005431401305790977,2.9925685,10.243032,5107
4082,0.009502559363078596,2.0363746,7.9803114,8935
4083,0.0007253212630799778,2.034438,7.72603,682
4084,0.0005594120005572849,1.5861136,4.7203336,526
4085,0.0017314120473522052,2.015995,7.119897,1628
4086,0.0007402105558704759,1.6562195,6.2021985,696
4087,0.0023652705118619804,4.6943426,14.690292,2224
4088,0.0006934156356717677,1.5021361,4.1247416,652
4089,0.0025737206109289535,1.8952401,7.341947,2420
4090,0.004107317768350256,2.8083718,9.537858,3862
4091,0.041474125067932396,2.906103,11.416213,38997
4092,0.002768344938119036,1.8451083,9.637305,2603
4093,0.0012560181989698736,2.1457493,8.25875,1181
4094,0.0008603884191080676,1.8476263,6.723612,809
4095,0.0012124138415119865,2.478625,10.361629,1140
4096,0.002238711523142747,2.6574686,8.396819,2105
4097,0.0007519092859201529,1.4470218,5.4972615,707
4098,0.0014293721078878156,2.802156,9.125119,1344
4099,0.005578167191868744,1.4114164,4.360747,5245
4100,0.006944791565853746,3.3856382,10.848163,6530
4101,0.006701245276637743,3.482621,11.759171,6301
4102,0.0020951361998058013,1.38307,4.5025616,1970
4103,0.00048071145295036654,1.8619847,5.502289,452
4104,0.0009656769895551611,1.4939232,4.2949986,908
4105,0.0011868893395854184,2.0516655,8.841495,1116
4106,0.0001308130723736617,1.9388429,6.6167417,123
4107,0.0031341961323998455,3.2601526,11.631981,2947
4108,0.0007933866015508262,1.8397706,8.479814,746
4109,0.004250893091687202,3.286723,10.783565,3997
4110,0.002487575416926786,2.272034,7.5075784,2339
4111,0.0013868312713435354,1.7282468,6.5868883,1304
4112,0.005569659024559888,3.1314619,11.208554,5237
4113,0.0054803232678169,1.7522247,6.5564957,5153
4114,0.0040456335553610496,2.3263848,9.859482,3804
4115,0.0045391072592747,1.3810462,4.813694,4268
4116,0.003641495608190387,3.331846,12.03197,3424
4117,0.01004070094536374,3.3783104,12.99097,9441
4118,0.00031586571134128066,2.0396569,8.799708,297
4119,0.002872569987652522,3.2818234,10.849135,2701
4120,0.0012900508682052979,2.4065409,8.1355505,1213
4121,0.0006508747991274875,1.6422985,5.407391,612
4122,0.001705887545425637,2.23774,7.412829,1604
4123,0.0002828965630194635,1.4951351,4.6783123,266
4124,9.67804031382375e-05,1.2969813,3.11942,91
4125,3.296914832181717e-05,1.1955073,2.0960724,31
4126,0.0008306098335270714,1.6581429,5.7477956,781
4127,0.0018154301995271585,1.6163999,5.00973,1707
4128,0.002852363090293989,4.001832,11.520277,2682
4129,0.0041551762094625706,2.7715487,11.244085,3907
4130,0.0011645554003996712,2.2800388,7.825638,1095
4131,0.0015410418038165512,1.5564709,4.9159713,1449
4132,0.0006742722592268416,2.166918,12.245458,634
4133,0.0021472487245725444,2.1808538,8.43139,2019
4134,0.0004009473844298411,1.9394971,7.3376503,377
4135,0.0012507005944018387,1.8745942,5.6802826,1176
4136,0.00027332487479700044,2.3070607,12.278766,257
4137,2.1270418272140114e-05,1.2063096,2.7011147,20
4138,0.0005976987534471372,1.9715825,9.100263,562
4139,0.014431978797647066,2.277176,7.672184,13570
4140,0.0018547804733306179,2.2626486,9.184316,1744
4141,0.0015421053247301581,2.9374406,9.183953,1450
4142,0.0006604464873499505,2.068636,6.8941264,621
4143,0.00023929220556157628,1.8086703,7.015252,225
4144,0.002721550017920327,2.1877127,11.02564,2559
4145,0.0009050562974795618,2.2118683,9.505681,851
4146,0.03310740604058608,3.9081218,14.570702,31130
4147,0.00947597134023842,3.2019124,10.436924,8910
4148,0.00014144828150973175,1.4913212,4.9566674,133
4149,0.0008348639171814994,1.8551632,6.6700416,785
4150,0.00042115428178837424,1.5660168,4.8115416,396
4151,0.00629710732946708,1.282227,3.4410996,5921
4152,0.0003562795060583469,1.791412,7.747302,335
4153,0.0010858548527927527,2.8857822,10.826819,1021
4154,0.003444744239173091,2.1213543,9.092974,3239
4155,0.0009220726320972738,1.9530712,8.513768,867
4156,0.0065066209494476605,2.6364324,13.126615,6118
4157,0.0009954555751361574,1.7286885,10.006704,936
4158,0.0014059746477884615,1.5532262,3.9196825,1322
4159,0.00048602905751840157,1.4117997,5.9121,457
4160,0.015522087734094248,2.863648,12.109391,14595
4161,0.0011826352559309902,1.841365,5.8467607,1112
4162,0.00027864247936503547,2.3414493,12.869188,262
4163,0.0008646425027624956,3.3290617,12.130401,813
4164,0.00024886389378403934,1.3254684,3.593873,234
4165,0.00017867151348597695,1.9320929,9.660544,168
4166,0.000377549924330487,1.8908418,11.882661,355
4167,0.0003562795060583469,1.6820723,4.5144134,335
4168,0.0016473938951772518,1.8021516,7.9209194,1549
4169,0.0011007441455832508,1.6410011,6.0365653,1035
4170,0.0018792414543435788,1.697191,5.0654535,1767
4171,0.0038339928935532553,1.9928774,7.751001,3605
4172,0.0007317023885616198,1.3569717,4.1590185,688
4173,0.006605528394413112,3.3037515,12.274109,6211
4174,0.008289082000653002,2.0347993,8.394917,7794
4175,0.0008635789818488886,2.3709264,8.001098,812
4176,0.0022291398349202837,3.2832267,8.720301,2096
4177,0.005484577351471328,2.1118517,7.7635646,5157
4178,0.0007689256205378651,2.1270974,9.453866,723
4179,0.0012432559480065896,1.8772566,6.4168043,1169
4180,0.006674657253797568,1.8800825,6.567211,6276
4181,0.001907956519010968,2.3613422,8.359698,1794
4182,0.0014293721078878156,3.7977567,10.874194,1344
4183,0.0007125590121166938,2.1212945,8.533223,670
4184,0.002140867599090902,2.8323886,11.495158,2013
4185,0.0005849365024838531,1.6186339,7.5786185,550
4186,0.004891132681678619,2.1236901,10.184807,4599
4187,0.0007848784342419701,1.4102948,6.5980573,738
4188,2.020689735853311e-05,1.1636957,1.9261509,19
4189,0.03254693051911519,1.2212815,4.024531,30603
4190,0.0004392341373196933,2.0326877,8.207092,413
4191,0.0009646134686415541,2.0449073,8.243927,907
4192,0.0012528276362290527,1.9669279,6.0118136,1178
4193,0.002598181591941915,1.5071864,6.455875,2443
4194,1.4889292790498078e-05,0.8608563,1.3136004,14
4195,0.0014485154843327417,1.6252706,8.088412,1362
4196,0.012849459678199842,3.3336203,13.576432,12082
4197,0.002307840382527202,2.3000038,10.359011,2170
4198,0.0009571688222463051,2.677788,9.315481,900
4199,0.00018079855531319097,1.7511271,6.1424255,170
4200,0.0014878657581362008,1.7727237,6.6523085,1399
4201,0.001111379354719321,1.7003422,6.258046,1045
4202,0.0005104900385313627,2.4333193,9.217876,480
4203,0.0044295646051731785,2.2574434,8.324139,4165
4204,0.0011464755448683521,1.5363407,5.313592,1078
4205,0.000377549924330487,2.517818,12.274283,355
4206,0.0007646715368834371,1.741674,6.6189904,719
4207,0.006865027497333222,2.1886768,13.862558,6455
4208,0.0016016624958921505,1.4661046,4.5533605,1506
4209,0.007475488501743643,3.25988,12.001833,7029
4210,0.0008869764419482427,2.7293925,13.687697,834
4211,0.0021078984507690852,2.4531605,9.026074,1982
4212,0.00587808008950592,2.1789165,7.75236,5527
4213,0.0004913466620864366,1.6009065,5.5982714,462
4214,0.003935027380345921,3.7041042,10.480613,3700
4215,0.0030884647331147442,2.325542,9.089919,2904
4216,0.00015952813704105085,1.9279293,10.808072,150
4217,0.0026322142611773388,3.1153374,9.522029,2475
4218,0.0019515608764688554,3.0597806,11.956337,1835
4219,0.009673786230169323,2.8770561,10.707279,9096
4220,0.0033522179196892815,1.5181558,7.056638,3152
4221,0.0012060327160303443,2.4990845,15.124914,1134
4222,0.00016059165795465785,2.0178854,5.722983,151
4223,0.0006976697193261957,1.5658698,6.0297093,656
4224,0.000760417453229009,2.2062595,9.527714,715
4225,0.000943343050369414,1.8518168,9.443674,887
4226,0.0021110890135099063,1.7243645,5.398679,1985
4227,0.001320892974699901,1.5221502,5.0215616,1242
4228,0.0010964900619288228,1.5737965,5.178619,1031
4229,0.0022046788539073227,1.8305897,9.176375,2073
4230,0.0009603593849871261,1.5017865,4.3760276,903
4231,0.0004722032856415105,2.095025,10.896411,444
4232,0.0004753938483823315,1.9795899,9.779027,447
4233,0.0013921488759115704,2.5754151,9.453414,1309
4234,0.003959488361358882,2.215473,11.771283,3723
4235,0.0006647005710043785,1.9518368,7.7560253,625
4236,0.0002828965630194635,1.769749,5.238474,266
4237,0.0014591506934688117,1.6619554,9.376624,1372
4238,0.001486802237222594,1.696048,5.2969637,1398
4239,0.004887942118937798,2.6843703,10.611907,4596
4240,0.0020515318423479137,3.6067743,12.11174,1929
4241,0.0004371070954924793,1.8093133,4.7017293,411
4242,0.0015548675756934423,2.802367,12.54967,1462
4243,0.00284491844389874,1.7132754,5.5159426,2675
4244,0.0008327368753542854,2.2796192,6.5664415,783
4245,0.0010496951417301146,1.8107867,7.2301397,987
4246,0.00020419601541254507,1.9566154,7.4231753,192
4247,0.004327466597466906,2.3115268,9.208457,4069
4248,0.0030937823376827795,2.921742,10.784217,2909
4249,0.002641785949399802,3.87007,14.037391,2484
4250,0.0003637241524535959,1.9567133,8.578673,342
4251,0.00672357921582349,2.2040832,7.7490435,6322
4252,0.0055792307127823515,1.7006708,6.926852,5246
4253,0.0008454991263175695,2.3990483,15.375656,795
4254,0.0035064284521622974,1.5601121,5.158911,3297
4255,0.0006615100082635575,1.8705068,6.273143,622
4256,0.006513002074929303,1.4365113,5.03006,6124
4257,0.0007944501224644332,2.3287492,11.514793,747
4258,0.0006530018409547014,1.6896191,4.9294353,614
4259,0.0002637531865745374,2.6158738,12.097949,248
4260,0.00076360801596983,1.960015,6.9977527,718
4261,0.0009826933241728732,1.7609762,6.228439,924
4262,0.0024822578123587513,2.0589128,11.391617,2334
4263,0.004971960271112751,2.155633,8.585557,4675
4264,0.0001488929279049808,1.7173597,6.116327,140
4265,0.03515574732019318,2.1208644,9.7172165,33056
4266,0.0009720581150368031,1.5800067,4.782756,914
4267,0.0010656479554342197,1.7608467,6.6096735,1002
4268,0.001890940184393256,1.4418623,5.10398,1778
4269,0.005017691670397852,2.249389,8.75327,4718
4270,0.037746484265739844,1.0974578,3.003483,35492
4271,0.04476997637920051,1.6744454,5.516708,42096
4272,0.0013602432485033602,1.931899,6.7353067,1279
4273,0.0010305517652851885,1.8503561,8.743154,969
4274,0.0007880689969827912,1.929408,11.071069,741
4275,0.0017867151348597695,3.3885238,11.684064,1680
4276,0.00017441742983154891,2.6021936,13.889489,164
4277,0.002284442922427848,1.9636866,6.684383,2148
4278,0.004682682582611646,3.1347091,10.39084,4403
4279,0.0002967223348963546,1.3562393,4.1266212,279
4280,0.021332102485129317,1.086087,2.8438659,20058
4281,0.0046752379362163966,2.370035,8.684974,4396
4282,0.0037584829086871577,1.2223835,3.5808053,3534
4283,0.00429024336549066,1.499329,5.166405,4034
4284,8.082758943413243e-05,1.5340692,4.9580235,76
4285,0.0013421633929720411,1.9475427,8.826599,1262
4286,0.0007965771642916473,1.4916406,7.525361,749
4287,0.001712268670907279,2.3261077,9.444815,1610
4288,0.008831477666592575,1.3716828,5.0139127,8304
4289,0.14182370439223502,3.026471,11.815617,133353
4290,0.0027034701623890084,3.976236,14.502896,2542
4291,0.0006710816964860206,2.8714633,9.892199,631
4292,0.0003637241524535959,1.5003204,5.6974125,342
4293,0.0001712268670907279,2.2645495,8.349237,161
4294,0.0006487477573002735,1.6088456,4.677453,610
4295,0.0007380835140432619,2.8988435,10.655367,694
4296,0.0041349693121040376,2.5652032,12.346225,3888
4297,0.000749782244092939,1.7149167,6.4994698,705
4298,0.003344773273294033,4.247644,15.420665,3145
4299,0.0013942759177387844,1.5562146,4.6253514,1311
4300,0.015148791893418188,1.5918182,6.037092,14244
4301,0.0016814265644126759,1.4835836,4.09352,1581
4302,9.890744496545152e-05,1.4754655,3.9463203,93
4303,0.0016133612259418275,2.6492991,15.29758,1517
4304,0.0002850236048466775,1.6655612,6.921686,268
4305,0.002429081766678401,1.4467096,7.9208746,2284
4306,0.004791161715799561,2.8111362,13.088799,4505
4307,0.0011486025866955661,1.5536915,8.564304,1080
4308,0.000945470092196628,1.7256804,6.4368863,889
4309,0.0004105190726523042,1.9360176,8.549135,386
4310,0.001682490085326283,1.9476061,6.7881904,1582
4311,0.0004892196202592226,2.0087621,9.773252,460
4312,0.005695154492365515,2.586481,9.629332,5355
4313,0.002780043668168713,3.4526408,13.59403,2614
4314,0.00020100545267172406,2.1114001,9.013679,189
4315,0.002476940207790716,1.852665,7.9321632,2329
4316,0.004831575510516627,3.1262722,10.317091,4543
4317,0.004313640825590014,3.0091228,9.831831,4056
4318,1.8079855531319095e-05,1.271309,2.0406094,17
4319,0.004405103624160217,1.992904,7.742139,4142
4320,0.001343226913885648,1.69052,6.875983,1263
4321,0.0008465626472311765,1.7257017,6.7869782,796
4322,0.003412838611764881,2.570342,9.446657,3209
4323,0.0005243158104082538,1.2938229,4.348207,493
4324,0.0007678620996242581,1.5946125,4.893947,722
4325,0.0006689546546588066,1.6238314,5.5782013,629
4326,0.0003413902132678488,1.6413016,4.578038,321
4327,0.004499756985471241,1.7256825,6.435088,4231
4328,0.0012124138415119865,2.5407906,11.340126,1140
4329,0.008227397787663796,2.5377629,11.572838,7736
4330,0.0031203703605229547,1.2865554,5.2319336,2934
4331,0.0020398331122982367,2.0335908,6.9175277,1918
4332,0.002298268694304739,3.2070043,15.382633,2161
4333,0.004241321403464738,2.4050307,9.281485,3988
4334,0.0015974084122377225,1.6059806,4.89678,1502
4335,0.0015782650357927964,1.791921,10.3480215,1484
4336,0.03073681792415607,1.0725956,3.0571551,28901
4337,0.0013634338112441813,1.7212682,6.043993,1282
4338,0.006651259793698214,1.7817962,7.9634814,6254
4339,0.0005306969358898958,1.8039283,5.359957,499
4340,0.002848109006639561,2.1850579,10.656094,2678
4341,0.00037648640341687997,2.2148237,9.561787,354
4342,0.0005860000233974601,2.1170983,8.226351,551
4343,0.001698442899030388,3.405584,11.944964,1597
4344,9.35898403974165e-05,2.8142104,9.913479,88
4345,0.0019356080627647503,2.5530756,11.821396,1820
4346,0.008409259863890593,2.1350887,9.576705,7907
4347,0.00017973503439958394,2.5341272,13.546238,169
4348,0.08048726274177818,1.7775605,9.922439,75680
4349,0.0028098222537497088,1.966021,8.979937,2642
4350,0.00172609444278417,1.8688726,6.211183,1623
4351,9.997096587905853e-05,2.9857457,12.533481,94
4352,0.0012326207388705195,2.0602443,10.202903,1159
4353,0.0031937533035618377,1.8181132,6.4511156,3003
4354,0.0012039056742031303,2.3963113,8.769148,1132
4355,0.00044455174188772834,2.8156629,8.166763,418
4356,0.003251183432896616,2.617891,12.692732,3057
4357,0.00019462432719008203,1.3819193,3.002508,183
4358,0.0005498403123348219,1.581715,5.6741586,517
4359,0.0013262105792679361,2.2009442,6.776353,1247
4360,0.0008529437727128185,1.7748334,6.2212076,802
4361,5.2112524766743275e-05,1.371523,2.2899556,49
4362,0.00055409439598925,1.7442421,4.375547,521
4363,0.0004605045555918334,1.6450611,7.0684214,433
4364,0.010727735455553866,2.3986363,9.329846,10087
4365,0.0007870054760691842,1.8350911,6.431089,740
4366,0.0016154882677690415,1.7137804,5.0366,1519
4367,0.001101807666496858,1.9519873,6.878436,1036
4368,0.0014102287314428895,4.139965,16.486042,1326
4369,0.0027534556453285377,3.1022327,10.133182,2589
4370,0.006308806059516757,2.32711,8.928154,5932
4371,0.0014038476059612475,1.7680992,7.015493,1320
4372,0.0012007151114623094,1.9334048,9.173651,1129
4373,0.0010475680999029006,1.5048347,4.9901648,985
4374,0.0009922650123953363,1.5344095,11.123763,933
4375,0.002817266900144958,2.4556918,11.593743,2649
4376,0.0025577677972248485,1.573442,9.10796,2405
4377,0.002283379401514241,2.1691308,9.61393,2147
4378,0.0019302904581967152,1.7572432,6.58063,1815
4379,0.0025418149835207435,1.7176331,6.922018,2390
4380,0.006548098265078334,2.0867782,8.319185,6157
4381,0.0025428785044343503,1.3268766,5.059442,2391
4382,0.000378613445244094,2.1304047,8.2565975,356
4383,0.0007412740767840829,1.500857,4.77265,697
4384,0.0003935027380345921,1.8506777,10.632405,370
4385,0.0018090490740455165,2.363209,10.296703,1701
4386,0.0043923413731969336,1.2612243,3.2698927,4130
4387,0.0009135644647884178,1.57837,6.0524197,859
4388,0.000377549924330487,2.224838,8.03168,355
4389,0.0013102577655638309,2.0442126,10.968462,1232
4390,0.0012251760924752704,1.9513996,6.983555,1152
4391,0.0001340036351144827,3.0339096,18.385592,126
4392,0.0031586571134128065,3.9209456,10.721985,2970
4393,0.0018335100550584777,1.6333939,5.8593745,1724
4394,0.0008752777118985656,2.0032897,7.2446632,823
4395,0.006643815147302964,2.948676,11.003807,6247
4396,0.007219179961564354,1.8944525,7.896329,6788
4397,0.0012177314460800213,1.533443,6.304893,1145
4398,0.003443680718259484,1.522923,4.4570556,3238
4399,0.04688319243453763,4.3920293,14.285608,44083
4400,0.008387989445618454,1.5033981,7.2303486,7887
4401,0.00027332487479700044,2.7040207,9.390005,257
4402,0.001314511849218259,2.2582378,7.219595,1236
4403,0.0048485918451343386,2.7229395,13.837134,4559
4404,0.0021302323899548324,1.6363893,5.374983,2003
4405,0.0019462432719008203,2.2988002,8.465761,1830
4406,9.46533613110235e-05,1.7880927,10.033916,89
4407,0.0019558149601232836,1.3720409,4.3146787,1839
4408,0.002598181591941915,3.8606503,12.881964,2443
4409,0.000186116159881226,1.6756104,4.5062485,175
4410,0.0014697859026048818,1.6287917,6.080452,1382
4411,0.0011996515905487023,1.6948782,9.650508,1128
4412,0.0019111470817517891,1.489634,5.41215,1797
4413,0.003960551882272489,2.0781906,9.049743,3724
4414,0.0002807695211922495,1.3239596,4.728682,264
4415,0.012140091228823969,2.343003,9.954458,11415
4416,0.0007327659094752269,2.0777323,8.710029,689
4417,0.0008667695445897096,2.054404,8.762833,815
4418,0.0014814846326545589,1.6908259,7.0461125,1393
4419,0.005178283328352511,1.6502167,5.539537,4869
4420,0.0015516770129526212,1.8015823,8.867766,1459
4421,0.0022046788539073227,1.7348474,5.936177,2073
4422,0.004513582757348132,1.9408848,7.8787866,4244
4423,0.0007168130957711218,2.1964433,9.249733,674
4424,0.0004966642666544716,2.5727105,7.509376,467
4425,0.0002658802284017514,2.187645,10.520817,250
4426,0.004349800536652653,1.7748938,8.485403,4090
4427,0.003243738786501367,2.2663796,9.052804,3050
4428,0.0008529437727128185,3.0142002,14.09422,802
4429,0.004726286940069533,3.187758,12.0103445,4444
4430,0.0007806243505875421,1.7689474,6.8223734,734
4431,0.016528178518366476,1.6922072,6.7182117,15541
4432,0.03741147517795364,1.3474721,5.4110684,35177
4433,0.00033075500413177875,1.8014253,7.817626,311
4434,0.0022216951885250347,1.4448789,4.682169,2089
4435,0.0003137386695140667,1.7502207,7.4993725,295
4436,0.0029427623679505847,3.529354,13.208582,2767
4437,0.0006944791565853747,2.698788,9.863184,653
4438,0.0002892776885011055,1.558665,3.919019,272
4439,0.0071362253303030075,2.4032507,9.622073,6710
4440,0.001324083537440722,2.334067,8.422538,1245
4441,0.0020047369221492055,1.6559287,4.3017993,1885
4442,0.0018058585113046954,2.0489957,7.9338784,1698
4443,0.0027417569152788607,2.132798,8.180506,2578
4444,8.827223582938147e-05,1.5783459,4.245779,83
4445,0.004243448445291952,2.8376002,12.553252,3990
4446,0.0007189401375983358,1.710263,9.464003,676
4447,0.0024312088085056147,1.4682226,4.699172,2286
4448,0.0015442323665573721,3.185768,9.9040785,1452
4449,0.0021398040781772953,4.5235705,13.944316,2012
4450,0.000193560806276475,1.8774363,8.038298,182
4451,0.00048709257843200857,1.78352,7.3019037,458
4452,0.006498112782138805,1.2738132,4.2427645,6110
4453,0.001921782290887859,3.5029213,13.743018,1807
4454,0.001295368472773333,2.4449599,11.854783,1218
4455,0.000374359361589666,2.6808112,14.078586,352
4456,0.008583677293722142,2.2081027,10.185807,8071
4457,0.0006030163580151721,2.0568311,8.089444,567
4458,0.026117946596360846,1.7042668,5.3005395,24558
4459,0.00169418881537596,1.719314,5.0625076,1593
4460,0.002246156169537996,1.9790603,7.5662346,2112
4461,0.0011815717350173833,3.3504558,11.990012,1111
4462,0.001528279552853267,1.7760513,7.0422435,1437
4463,0.002261045462328494,3.6799479,14.279594,2126
4464,0.008020011209510429,2.4600813,9.934658,7541
4465,0.0006444936736458454,2.542678,8.876568,606
4466,0.001111379354719321,1.8530983,6.790893,1045
4467,0.002077056344274482,1.6999346,5.6350117,1953
4468,0.0017250309218705632,3.0150971,12.422719,1622
4469,0.0025333068162118875,2.2506561,7.608377,2382
4470,3.82867528898522e-05,1.6160728,3.2175653,36
4471,3.615971106263819e-05,1.4435952,3.9003098,34
4472,0.002043023675039058,4.028719,13.568461,1921
4473,0.0007295753467344058,2.184278,10.268275,686
4474,0.0035053649312486905,2.9908357,11.9069195,3296
4475,0.0017175862754753141,3.459364,18.904627,1615
4476,0.003922265129382637,1.8125551,7.1643186,3688
4477,0.0013825771876891074,1.7241585,9.729098,1300
4478,0.0014665953398640607,1.9144429,5.8495884,1379
4479,0.000550903833248429,2.1177852,13.743695,518
4480,0.005671757032266161,3.6103482,12.736635,5333
4481,0.0006019528371015651,2.4500477,9.9642515,566
4482,0.00039031217529377106,2.4528503,10.388361,367
4483,0.0021749002683263264,2.9310248,11.933506,2045
4484,0.006250312409268372,5.233706,13.719344,5877
4485,0.0008082758943413243,1.3584346,6.7561483,760
4486,0.002272744192378171,1.6907843,6.2415614,2137
4487,0.0030469874174840713,1.8073117,7.0121026,2865
4488,0.006177992987143096,3.3006318,15.898677,5809
4489,1.2762250963284067e-05,1.0833203,2.1239142,12
4490,0.003535143516829687,1.930578,7.158486,3324
4491,0.0016463303742636447,1.9867121,7.570284,1548
4492,0.0032639456838599004,2.3078985,7.934018,3069
4493,0.002082373948842517,1.4661919,4.005324,1958
4494,0.014051238310575758,2.4614766,9.691373,13212
4495,0.00040839203082509014,1.7487851,7.531791,384
4496,0.0018452087851081548,1.6453203,7.4451632,1735
4497,0.0027130418506114713,2.3217688,9.724474,2551
4498,0.10355928544156856,6.11609,17.22706,97374
4499,0.0009071833393067758,1.6324456,9.590027,853
4500,0.0015452958874709792,2.8365135,11.317341,1453
4501,0.004093491996473365,2.843894,9.87222,3849
4502,0.0003424537341814558,1.6985277,6.387121,322
4503,0.0015676298266567262,2.3935726,8.497869,1474
4504,0.002842791402071526,2.4192948,10.257521,2673
4505,0.00056472960512532,1.8493378,6.6740522,531
4506,0.0023652705118619804,1.7399856,5.5688567,2224
4507,0.0005158076430993977,2.4384122,9.8037615,485
4508,0.010411869744212585,2.707516,9.553319,9790
4509,0.0023131579870952373,3.0065913,11.08667,2175
4510,0.0010550127462981495,2.5603569,8.682445,992
4511,0.001910083560838182,2.7312083,8.384381,1796
4512,0.014137383504577926,1.3891416,4.3868275,13293
4513,0.0018037314694774815,3.312351,10.85749,1696
4514,0.004576330491250945,1.4437065,7.8438277,4303
4515,0.03250970728713895,2.766858,9.134773,30568
4516,0.0003435172550950628,1.5451692,5.265384,323
4517,0.00021589474546222215,2.3309965,11.26406,203
4518,0.002291887568823097,2.0308518,9.970619,2155
4519,0.0007242577421663709,1.3885566,5.9886336,681
4520,0.0021865989983760035,1.6651286,6.3821797,2056
4521,0.011454120239547451,1.3927429,14.02775,10770
4522,0.00023929220556157628,2.3751364,6.8346853,225
4523,0.0001297495514600547,4.2976656,14.559614,122
4524,0.002108961971682692,4.1617017,14.422492,1983
4525,0.0009837568450864803,1.6725659,5.172383,925
4526,0.0028066316910088877,3.2888215,11.804764,2639
4527,0.011012759060400543,1.8232216,8.901761,10355
4528,0.0055186100207067525,3.2763212,10.995644,5189
4529,0.0037095609466612357,4.348216,15.797594,3488
4530,0.002129168869041225,4.6923594,15.519303,2002
4531,0.00572174251520569,3.6326873,16.284689,5380
4532,0.0013517350811945042,1.3800052,4.5242987,1271
4533,0.004749684400168887,1.5730857,5.18621,4466
4534,0.0008912305256026707,1.6121315,5.118731,838
4535,0.008398624654754524,1.9824774,11.179952,7897
4536,0.0012538911571426596,1.9303193,6.8028774,1179
4537,0.0018037314694774815,1.7383262,6.0222635,1696
4538,2.020689735853311e-05,1.7051874,5.185418,19
4539,0.0007178766166847288,2.207659,7.707343,675
4540,0.005612199861104169,2.0609472,7.3329997,5277
4541,0.013841724690595178,1.776044,6.6205726,13015
4542,0.00042966244909723025,1.9886283,8.50515,404
4543,0.0015889002449288663,2.978826,10.565931,1494
4544,0.00031161162768685263,2.5485587,13.907383,293
4545,0.0002084500990669731,2.4114516,12.889843,196
4546,0.00133897283023122,1.7176167,9.059764,1259
4547,0.002244029127710782,1.8321522,6.2383475,2110
4548,0.0007178766166847288,2.0242426,13.728759,675
4549,0.0016601561461405357,1.7034377,4.820361,1561
4550,0.00031480219042767367,2.039918,6.9763756,296
4551,0.0023833503673932996,2.535455,10.824004,2241
4552,0.0009284537575789159,2.396513,13.01259,873
4553,0.006392824211691711,2.579336,9.158819,6011
4554,0.0033585990451709237,2.8464913,12.602026,3158
4555,0.002093009157978587,1.9187051,11.437549,1968
4556,0.01852228023137961,2.1617756,8.736033,17416
4557,0.0028183304210585647,2.251212,8.67744,2650
4558,0.0010305517652851885,2.039687,7.2849402,969
4559,0.0051431871382034795,2.056882,9.329201,4836
4560,0.0005221887685810398,2.5273688,11.811605,491
4561,0.003542588163224936,2.0961354,8.545837,3331
4562,0.0004987913084816857,2.593338,9.644966,469
4563,0.0034628240947044103,1.6327788,5.7014666,3256
4564,0.0019919746711859216,2.6851332,10.591361,1873
4565,8.720871491577446e-05,3.6753645,15.827326,82
4566,0.001714395712734493,2.6665823,9.879439,1612
4567,0.0015506134920390143,1.9562167,6.893016,1458
4568,0.000756163369574581,1.5422008,4.2239766,711
4569,0.002222758709438642,2.767507,10.905234,2090
4570,0.023361300388291487,1.6205351,5.669467,21966
4571,0.0072574667144542065,2.9104447,10.840326,6824
4572,0.006774628219676625,3.1256273,10.847686,6370
4573,0.0012219855297344495,1.6110111,7.23275,1149
4574,0.007365945847642121,3.2527711,11.48052,6926
4575,0.0007710526623650791,2.7243614,9.789193,725
4576,0.00687991679012372,2.2224815,11.823236,6469
4577,0.0008465626472311765,1.7155685,5.359655,796
4578,0.0019356080627647503,1.655034,8.335683,1820
4579,0.0011890163814126324,1.5035816,4.350748,1118
4580,0.004278544635440983,1.9825138,6.156073,4023
4581,0.0012475100316610176,1.5780735,5.24329,1173
4582,0.0023982396601837977,4.0271473,12.557243,2255
4583,0.0027438839571060744,4.2395577,15.985929,2580
4584,0.002043023675039058,1.5972518,6.0057325,1921
4585,0.0021727732264991127,2.5739129,10.549544,2043
4586,0.00017441742983154891,1.2373033,3.5096834,164
4587,0.0014559601307279908,3.0982225,12.625963,1369
4588,0.004405103624160217,2.754965,8.252812,4142
4589,0.0008167840616501803,2.156927,9.4165745,768
4590,0.0018228748459224076,4.360458,16.126682,1714
4591,0.0008763412328121726,1.3842354,3.5211363,824
4592,0.0025439420253479577,4.141066,13.736992,2392
4593,0.0025513866717432063,3.248465,11.733494,2399
4594,0.00014782940699137377,1.6495023,5.197392,139
4595,0.0026173249683868406,3.2469819,13.497419,2461
4596,0.0005572849587300709,1.5419257,5.0806513,524
4597,0.0012134773624255934,1.8926271,7.7500215,1141
4598,0.002848109006639561,3.6492221,11.785952,2678
4599,0.004689063708093287,2.5134623,8.754357,4409
4600,0.002285506443341455,2.0039027,7.658361,2149
4601,0.0009912014914817292,2.1019423,9.274928,932
4602,0.003755292345946337,2.4510956,8.479358,3531
4603,0.0008529437727128185,2.3910828,8.275136,802
4604,0.00035415246423113286,1.6205845,5.3596787,333
4605,0.00044136117914690736,1.8634603,13.22162,415
4606,0.0009093103811339898,2.3528042,9.303666,855
4607,0.0010635209136070057,2.050193,9.555733,1000
4608,0.0009933285333089432,2.3085148,8.115935,934
4609,0.0005743012933477831,1.5255594,4.9150834,540
4610,0.0007391470349568689,2.085215,9.985949,695
4611,0.0006413031109050244,2.128645,9.384883,603
4612,0.00095185121767827,2.3710558,8.471572,895
4613,0.0026045627174235567,3.668069,18.375725,2449
4614,0.0005168711640130047,2.2474544,10.030138,486
4615,7.870054760691842e-05,1.0803633,1.7567058,74
4616,0.007947691787385153,3.1640706,11.041098,7473
4617,0.0007412740767840829,1.818797,6.9791594,697
4618,0.00302252643647111,4.9969215,17.141682,2842
4619,0.05420021632015383,1.4862221,7.731148,50963
4620,0.00169418881537596,1.5452526,3.9164937,1593
4621,0.0031969438663026588,1.5347229,5.1352463,3006
4622,0.004177510148648318,3.1225545,11.690483,3928
4623,0.012465528628387713,1.9960502,7.304875,11721
4624,7.444646395249039e-06,1.3685917,1.960215,7
4625,0.024941692465911495,3.5307736,13.2602415,23452
4626,0.12695993610366352,2.0774517,8.0735235,119377
4627,0.0002244029127710782,1.9192168,6.357852,211
4628,0.004132842270276824,1.6683319,6.0880117,3886
4629,0.002520544565248603,2.340725,9.053422,2370
4630,0.0014857387163089869,2.0000875,11.719897,1397
4631,0.004890069160765012,2.6241434,10.255329,4598
4632,0.0015410418038165512,3.6049035,12.755783,1449
4633,0.0025556407553976347,1.7298115,6.945287,2403
4634,0.002274871234205385,1.7891933,7.983994,2139
4635,0.002207869416648144,2.8787656,8.876559,2076
4636,0.004079666224596473,3.1583562,11.913384,3836
4637,0.0004094555517386972,2.138176,9.69031,385
4638,0.0007327659094752269,1.6454954,5.74574,689
4639,0.0023003957361319534,1.4559709,5.7561173,2163
4640,0.007141542934871042,1.9311458,7.485801,6715
4641,0.00014676588607776678,1.779241,5.5923796,138
4642,0.00019781488993090305,2.0740726,10.3211355,186
4643,0.0006210962135464913,1.9427234,7.2673683,584
4644,0.012998352606104822,2.3159616,10.1114435,12222
4645,0.0029480799725186196,1.6776205,7.8171773,2772
4646,0.0005104900385313627,1.3532648,3.8894842,480
4647,0.0016442033324364307,3.5013402,12.5096,1546
4648,0.00513574249180823,2.8712454,13.679066,4829
4649,0.0004690127229006895,2.8244057,12.625966,441
4650,0.0019132741235790031,3.4091246,14.600732,1799
4651,0.0004392341373196933,1.8093662,6.0136003,413
4652,0.0003637241524535959,2.1125307,7.9451227,342
4653,0.0004966642666544716,1.8777722,6.3988433,467
4654,7.444646395249039e-06,1.3429245,2.5262158,7
4655,0.002252537295019638,1.8989253,7.2175336,2118
4656,0.0021270418272140114,1.6489414,5.5679264,2000
4657,0.000374359361589666,2.0617146,9.996897,352
4658,0.003558540976929041,2.304206,10.101093,3346
4659,0.0013485445184536831,2.4186463,12.895271,1268
4660,0.0019792124202226377,2.122133,8.329034,1861
4661,0.0007253212630799778,1.7360467,7.994503,682
4662,0.006817169056220906,2.330573,10.295926,6410
4663,0.0019526243973824622,1.637011,5.326582,1836
4664,0.003230976535538083,2.110174,9.672641,3038
4665,0.002993811371803721,2.1446261,8.284702,2815
4666,0.0018090490740455165,3.1082115,11.616274,1701
4667,0.0005115535594449697,1.9375979,10.569685,481
4668,0.0015591216593478703,1.947411,6.1636186,1466
4669,0.007256403193540599,2.17875,9.229332,6823
4670,0.0024184465575423308,1.3670647,4.1151195,2274
4671,0.0006955426774989817,1.5826962,5.960226,654
4672,0.0016069801004601856,2.004515,6.6540513,1511
4673,0.0011964610278078812,1.8424555,10.478589,1125
4674,2.233393918574712e-05,1.3624984,2.3790238,21
4675,0.00048283849477758053,1.959057,10.188974,454
4676,0.00015846461612744383,1.8431641,6.217532,149
4677,0.000759353932315402,2.3736386,9.871871,714
4678,0.0030437968547432502,4.283209,12.759778,2862
4679,0.0026885808695985103,3.0089064,12.45311,2528
4680,0.002681136223203261,5.659192,17.599388,2521
4681,0.0002084500990669731,2.0236666,6.083196,196
4682,0.002063230572397591,1.6872278,5.9070387,1940
4683,0.00167291839710382,3.5037024,14.597755,1573
4684,0.00031480219042767367,2.3397038,10.424695,296
4685,0.0011815717350173833,2.728943,10.091096,1111
4686,0.00263540482391816,3.8536062,13.498488,2478
4687,0.0004934737039136506,1.2448121,2.739679,464
4688,0.011473263615992376,2.8655496,10.977453,10788
4689,0.011877401563163038,1.9401286,6.5314345,11168
4690,0.007469107376262001,3.44474,14.671494,7023
4691,0.013613067694169673,2.7277226,9.792166,12800
4692,0.026579514672866286,1.9997243,7.263898,24992
4693,0.01202948505380884,1.4253336,4.337747,11311
4694,0.0006625735291771645,1.3771349,3.8923264,623
4695,0.0005604755214708919,2.561699,13.305727,527
4696,0.001688871210807925,1.4081395,4.0580482,1588
4697,0.005969542888076123,2.038329,9.42252,5613
4698,0.004495502901816812,2.4299629,11.199453,4227
4699,0.008139125551834414,2.7966387,14.207912,7653
4700,0.0038924865438016406,1.742424,5.5617747,3660
4701,0.0007242577421663709,2.173246,8.139581,681
4702,0.009837568450864802,2.3740702,9.177101,9250
4703,0.005367590050974557,2.7786033,11.796856,5047
4704,0.0038265482471580062,1.8576369,7.694769,3598
4705,0.004295560970058696,3.1162221,10.725201,4039
4706,0.004596537388609478,1.8174489,7.2501836,4322
4707,0.006154595527043742,3.034929,11.880323,5787
4708,0.0005381415822851448,2.0505457,9.359193,506
4709,0.0012868603054644768,1.6781204,5.2053437,1210
4710,0.0018409547014537268,1.8954998,6.962621,1731
4711,0.0024024937438382257,4.957229,13.855333,2259
4712,0.0043721344758384005,3.3305533,11.848102,4111
4713,0.000754036327747367,2.2168503,12.559433,709
4714,0.007590348760413199,2.394894,9.454045,7137
4715,0.0014368167542830647,1.8890395,6.570521,1351
4716,0.00039243921712098505,2.1188874,7.3973403,369
4717,0.0016601561461405357,3.6395204,12.772069,1561
4718,0.0005838729815702461,1.9516085,10.358142,549
4719,0.0027258041015747556,2.5145507,8.897923,2563
4720,9.67804031382375e-05,1.4178438,3.7123306,91
4721,0.0017505554237971313,3.462238,16.552109,1646
4722,0.0011964610278078812,1.6926113,7.102217,1125
4723,0.0013400363511448272,1.6709806,4.2116675,1260
4724,0.001532533636507695,1.5735207,5.076895,1441
4725,0.000566856646952534,1.8740324,8.488876,533
4726,0.0001318765932872687,1.713337,4.4676247,124
4727,0.004630570057844902,3.8150349,13.145637,4354
4728,0.00303316164560718,1.3122851,4.2986803,2852
4729,0.00024886389378403934,1.8443007,5.63398,234
4730,0.000553030875075643,2.3090832,9.613503,520
4731,0.00018505263896761897,2.321405,13.575942,174
4732,0.005282508377885997,2.2244186,8.28163,4967
4733,0.006377934918901213,2.5265834,10.284675,5997
4734,0.002318475591663272,1.448328,4.661531,2180
4735,0.003448998322827519,2.0634527,8.08535,3243
4736,0.0009965190960497642,1.3552177,3.7265668,937
4737,0.00048815609934561556,1.8724533,6.262821,459
4738,0.005811078271948679,2.0522618,7.6642637,5464
4739,0.0008008312479460752,2.1127186,8.244712,753
4740,0.00815826892827934,1.9391445,7.5308757,7671
4741,0.005765346872663578,1.5560585,5.8016286,5421
4742,0.001153920191263601,1.3057586,3.9481442,1085
4743,0.0006785263428812695,2.8663208,13.643375,638
4744,0.0007678620996242581,1.3442005,4.5516577,722
4745,0.0006019528371015651,1.5319043,4.38591,566
4746,0.0038520727490845745,2.5411441,10.961576,3622
4747,0.0007029873238942307,1.7591393,5.7420783,661
4748,0.0010060907842722273,2.1875474,7.7974124,946
4749,0.0004615680765054404,1.3891543,5.858999,434
4750,0.0010613938717797917,4.829565,15.259893,998
4751,0.0027534556453285377,1.433773,5.675538,2589
4752,0.00924199673924488,2.031878,9.140312,8690
4753,0.0021312959108684393,2.6181662,9.079047,2004
4754,0.003843564581775718,3.1478755,11.332336,3614
4755,0.002630087219350125,4.409896,12.503133,2473
4756,0.001502755050926699,1.750879,4.6803246,1413
4757,0.04486250269868432,5.0701685,16.089478,42183
4758,0.004794352278540382,2.7613733,16.984493,4508
4759,0.003407521007196846,2.8743308,11.382069,3204
4760,0.0008816588373802077,1.8874702,8.4131155,829
4761,0.0016271869978187186,1.6138358,4.6690574,1530
4762,0.0018037314694774815,3.0391917,11.551917,1696
4763,0.002437589933987257,2.4220045,12.601204,2292
4764,0.0013538621230217182,1.7410823,7.622018,1273
4765,0.023703754122472942,2.886579,11.965851,22288
4766,0.0021068349298554783,4.7685695,14.568713,1981
4767,0.003208642596352336,1.7815039,6.3157516,3017
4768,0.0006019528371015651,1.76066,10.237368,566
4769,0.0009656769895551611,1.7070427,4.5706882,908
4770,0.0005019818712225067,1.7489456,5.7452493,472
4771,0.01959430931229547,2.4709263,9.947506,18424
4772,0.0008859129210346357,2.0852404,12.521075,833
4773,0.009528083865005163,1.8656813,6.631786,8959
4774,0.0019781488993090303,1.8773428,8.646153,1860
4775,0.001111379354719321,1.6087085,5.6813855,1045
4776,6.487477573002735e-05,1.4648324,3.6271634,61
4777,0.0019047659562701472,1.9667,6.705528,1791
4778,0.0021546933709677934,4.572459,13.546914,2026
4779,0.002298268694304739,1.8488915,7.166963,2161
4780,0.0032522469538102234,3.3715243,12.479299,3058
4781,0.002309967424354416,3.515298,11.085623,2172
4782,0.0014527695679871697,2.5994973,14.909678,1366
4783,0.0008965481301707058,3.2367275,9.896815,843
4784,0.002689644390512117,2.4194603,9.918991,2529
4785,0.0030235899573847168,1.7735102,6.899589,2843
4786,0.01145092967680663,2.6552887,10.145637,10767
4787,0.0010220435979763323,1.7188926,4.866241,961
4788,5.2112524766743275e-05,1.5547563,3.1288793,49
4789,0.001712268670907279,2.733498,11.164564,1610
4790,0.0012028421532895234,2.312245,7.2150135,1131
4791,0.00253224329529828,3.0880451,11.29023,2381
4792,0.00571110730606962,1.3094122,4.336137,5370
4793,0.0019653866483457464,3.177508,9.759273,1848
4794,0.003428791425468986,2.3025696,9.794003,3224
4795,0.005617517465672204,2.398666,9.30081,5282
4796,0.00038393104981212904,1.4917327,6.178141,361
4797,0.030209311551006996,1.7661206,7.806495,28405
4798,0.004405103624160217,2.6318488,10.68037,4142
4799,0.0003998838635162341,2.0602047,8.5969515,376
4800,0.00032969148321817176,1.7455192,4.3842936,310
4801,0.0002669437493153584,1.902412,7.821068,251
4802,0.0012198584879072355,1.9679484,6.327388,1147
4803,0.0010379964116804376,1.7397994,10.898061,976
4804,0.0019941017130131354,1.6585705,6.700708,1875
4805,0.005616453944758596,2.3178463,13.632005,5281
4806,0.0009061198183931688,1.989668,9.920232,852
4807,0.0014187368987517454,1.8929193,6.998431,1334
4808,0.0009943920542225503,1.8854,8.62015,935
4809,0.021100254925962993,2.7074623,10.348427,19840
4810,0.0006338584645097753,1.7102345,5.7439623,596
4811,0.0016537750206588938,1.7504963,5.935326,1555
4812,0.002397176139270191,2.4663045,8.706023,2254
4813,0.0004987913084816857,2.0846388,11.258846,469
4814,8.295463126134644e-05,2.407607,11.931466,78
4815,0.000748718723179332,1.6161997,4.735406,704
4816,1.1698730049677062e-05,1.1485875,1.6370579,11
4817,0.00012549546780562666,1.2333628,3.3206952,118
4818,0.0033171217295402504,3.4929235,12.336226,3119
4819,0.0006540653618683084,2.2886274,8.789577,615
4820,0.0015548675756934423,1.384062,4.547603,1462
4821,0.003472395782926873,2.6793373,10.546701,3265
4822,0.00024992741469764633,1.7705654,6.098763,235
4823,0.0001318765932872687,1.742049,5.922624,124
4824,0.002638595386658981,4.5768023,15.976381,2481
4825,0.001106061750151286,1.6518261,6.515478,1040
4826,0.0017760799257236994,1.4744015,4.5419974,1670
4827,0.0025598948390520627,2.4799042,11.370168,2407
4828,0.003066130793928997,3.4812896,12.008575,2883
4829,0.0004892196202592226,1.9272447,7.052504,460
4830,0.004508265152780097,1.7319949,6.87458,4239
4831,0.00022227587094386417,1.4774518,4.5175304,209
4832,0.0011879528604990253,1.7509109,7.0018673,1117
4833,0.0007104319702894797,1.493117,4.869704,668
4834,0.01724818217687842,1.9764239,7.31258,16218
4835,0.0014634047771232396,2.2516973,9.45971,1376
4836,0.0027172959342658992,2.8795915,11.139479,2555
4837,0.0013559891648489322,3.6663086,14.741324,1275
4838,0.00010741561227430756,1.4441398,4.8452806,101
4839,0.003072511919410639,2.4541047,10.621223,2889
4840,0.0017973503439958395,3.415255,14.212162,1690
4841,0.002247219690451603,2.1328297,7.5871325,2113
4842,0.001508072655494734,2.434287,9.096143,1418
4843,0.0060790855421776445,1.6423057,10.437379,5716
4844,0.0010805372482247178,1.6562512,8.11652,1016
4845,0.002449288664036934,2.2716615,8.895438,2303
4846,0.0010996806246696437,1.7586353,6.2253947,1034
4847,0.0035723667488059318,2.7388535,10.375456,3359
4848,0.001864352161553081,1.7623667,8.048937,1753
4849,0.0033639166497389586,2.0256608,9.772228,3163
4850,0.005021945754052281,4.137805,15.800746,4722
4851,0.000570047209693355,1.6808834,7.5480337,536
4852,0.0016420762906092167,3.4707787,12.465358,1544
4853,0.00010103448679266554,1.9028966,6.962798,95
4854,0.0007870054760691842,1.8971715,11.00554,740
4855,0.0019281634163695013,2.6426404,9.544685,1813
4856,0.0007391470349568689,2.196089,15.602655,695
4857,0.003776562764218477,1.3872341,4.7345853,3551
4858,0.00417325606499389,2.5292299,12.013093,3924
4859,0.001115633438373749,1.9118733,7.324883,1049
4860,0.0007348929513024409,2.0098395,9.754083,691
4861,0.0018388276596265128,3.5637136,13.038676,1729
4862,0.0018271289295768356,1.9351002,7.8031063,1718
4863,0.00029140473032831957,1.4234532,3.7441776,274
4864,0.0006561924036955224,1.9833951,14.982566,617
4865,0.00022121235003025718,1.7002624,5.6220484,208
4866,0.0012060327160303443,1.6117592,6.296611,1134
4867,0.002443971059468899,1.5708587,8.603217,2298
4868,0.0021621380173630425,2.0961025,9.014302,2033
4869,0.11215678850716759,2.379055,14.62712,105458
4870,0.001332591704749578,1.519717,6.2458396,1253
4871,0.001901575393529326,1.8958507,5.99167,1788
4872,0.0017399202146610611,2.1472275,6.9887133,1636
4873,0.000566856646952534,1.9049947,8.508849,533
4874,0.0008922940465162777,1.950438,11.33441,839
4875,0.0016239964350778975,1.5920739,5.903486,1527
4876,0.017405583272092254,1.7285748,5.955885,16366
4877,0.0014304356288014225,2.2280931,11.643618,1345
4878,0.00046475863924626146,1.8788162,6.9614196,437
4879,0.0007348929513024409,1.7539316,7.132664,691
4880,0.000761480974142616,1.7805443,5.2763376,716
4881,0.0021685191428446843,3.5924957,12.041256,2039
4882,0.0014687223816912747,1.6263841,7.3187656,1381
4883,0.0010922359782743949,1.833046,6.1742125,1027
4884,0.0001318765932872687,2.8345811,14.255916,124
4885,0.0012007151114623094,2.0021706,6.208955,1129
4886,0.00019887841084451004,2.3768532,7.041767,187
4887,0.0016303775605595397,1.4660274,6.255823,1533
4888,0.0013613067694169673,1.6684902,7.6387057,1280
4889,0.005524991146188395,2.0391383,8.419425,5195
4890,0.0008454991263175695,2.150439,8.093878,795
4891,0.0008018947688596822,2.2088544,7.475296,754
4892,4.147731563067322e-05,1.225028,3.1998622,39
4893,0.0016856806480671038,1.7111713,5.5420823,1585
4894,0.0008189111034773944,2.9666991,12.668288,770
4895,0.002114279576250727,2.4456387,10.746196,1988
4896,0.002066421135138412,1.3799897,3.6532428,1943
4897,0.0005487767914212149,1.6838193,6.1999927,516
4898,0.00022972051733911322,1.3925381,3.4947617,216
4899,0.0006157786089784563,2.3125749,10.273898,579
4900,0.008348639171814994,2.3179076,11.735238,7850
4901,0.0012666534081059438,1.8842782,8.087431,1191
4902,0.0008699601073305306,1.8119111,10.000522,818
4903,0.003563858581497076,1.6567786,6.6450167,3351
4904,0.006876726227382899,3.0249624,12.257349,6466
4905,0.004887942118937798,2.0238101,8.640422,4596
4906,0.0002467368519568253,2.5141187,12.462432,232
4907,0.008018947688596822,2.5540411,10.563627,7540
4908,0.0007189401375983358,1.7153745,6.9851203,676
4909,0.0027991870446136386,3.5581489,16.296244,2632
4910,0.001718649796388921,1.9701114,7.984283,1616
4911,0.0064545084246809175,2.39557,7.2805214,6069
4912,0.0012134773624255934,2.2318757,10.110323,1141
4913,0.0001669727834362999,1.3107584,4.8625116,157
4914,0.002338682489021805,3.193156,12.98101,2199
4915,0.005699408576019943,1.7113191,5.8139014,5359
4916,0.0008072123734277173,2.0556757,9.0530615,759
4917,0.0037021163002659866,1.3624537,6.873966,3481
4918,0.0017271579636977772,1.969456,7.915779,1624
4919,0.00040413794717066216,1.4786142,4.8867917,380
4920,0.0033086135622313944,3.257069,15.342818,3111
4921,0.0008093394152549313,1.889989,9.67819,761
4922,0.0029884937672356856,3.5541296,11.998042,2810
4923,0.0023046498197863813,1.3542058,4.3480716,2167
4924,0.0005317604568035028,1.8371143,7.0246034,500
4925,0.00013825771876891074,1.4387119,3.9440877,130
4926,3.403266923542418e-05,1.3877027,3.6896071,32
4927,0.0010730926018294687,1.9072177,9.614468,1009
4928,0.003008700664594219,1.8816074,7.0146813,2829
4929,0.004149858604894536,3.5383813,18.247547,3902
4930,0.0009582323431599121,1.9407351,7.1682744,901
4931,0.004177510148648318,3.1945899,10.932009,3928
4932,0.0005392051031987518,2.0901484,7.5144176,507
4933,0.000550903833248429,1.7311265,6.1549616,518
4934,0.0005838729815702461,1.5688318,4.153967,549
4935,0.0012198584879072355,2.0530963,8.2436,1147
4936,0.0005721742515205691,1.532133,4.309056,538
4937,0.003575557311546753,2.672707,9.891292,3362
4938,0.00014463884425055276,1.3740219,3.9238212,136
4939,0.016484574160908587,2.0242784,7.9048905,15500
4940,0.0025567042763112416,3.643705,13.948248,2404
4941,0.0012134773624255934,1.8356786,6.1237,1141
4942,0.007180893208674502,2.5706892,9.357937,6752
4943,0.0007816878715011491,1.90565,11.584981,735
4944,0.0007944501224644332,1.5661737,5.1464424,747
4945,0.0024790672496179302,2.008965,7.2722163,2331
4946,0.006116308774153889,2.635713,10.529423,5751
4947,0.009205837028182241,2.2718797,9.93413,8656
4948,0.0015846461612744383,2.6815279,10.705047,1490
4949,0.001333655225663185,2.2146726,9.5290785,1254
4950,0.0003594700687991679,1.7869514,7.904781,338
4951,0.01754171394903395,1.9634926,8.301676,16494
4952,0.0030884647331147442,1.4242402,5.41321,2904
4953,0.001115633438373749,1.8753893,7.908956,1049
4954,0.0010199165561491183,1.4343061,3.562074,959
4955,0.00021483122454861513,2.0666373,10.680759,202
4956,0.0008614519400216746,2.9062839,10.841595,810
4957,0.004980468438421607,2.854491,11.057682,4683
4958,0.0008976116510843127,2.1480825,9.294249,844
4959,0.0007880689969827912,2.2072415,9.4390135,741
4960,0.0034798404293221222,1.7476118,5.0301175,3272
4961,0.000746591681352118,2.086731,11.073172,702
4962,0.005436718910359013,3.0338488,11.648929,5112
4963,0.0016814265644126759,2.938138,10.69949,1581
4964,0.000945470092196628,2.1225324,10.307763,889
4965,0.0009646134686415541,2.632957,11.811994,907
4966,0.00021270418272140114,2.2928333,7.6724863,200
4967,0.004139223395758466,2.7228663,11.451391,3892
4968,0.0026364683448317668,1.5966426,6.217932,2479
4969,0.0019621960856049253,1.6939274,9.675053,1845
4970,0.004039252429879407,2.5192819,13.880802,3798
4971,0.011278639288802295,1.3169566,4.380964,10605
4972,0.0015538040547798352,2.0206778,7.879644,1461
4973,0.013395045906880235,2.0482101,8.391279,12595
4974,0.005262301480527464,3.283426,12.44153,4948
4975,0.0023790962837388716,3.981963,16.203259,2237
4976,0.0019473067928144274,1.9080131,7.95615,1831
4977,0.002311030945268023,1.5951517,5.902837,2173
4978,0.0005009183503088997,1.5685258,3.5248222,471
4979,0.00442531052151875,1.9982873,9.068412,4161
4980,0.005112345031708876,3.6052654,11.11572,4807
4981,0.0003637241524535959,2.5160813,7.3052063,342
4982,0.0010060907842722273,1.7137971,5.01049,946
4983,0.0019611325646913184,3.4845648,11.46319,1844
4984,0.002625833135695697,3.0691314,12.061632,2469
4985,0.00038818513346655707,1.5697169,5.090098,365
4986,0.0007997677270324682,1.9119267,8.671015,752
4987,0.005476069184162472,3.9594405,11.885234,5149
4988,0.002080246907015303,1.698231,5.3551154,1956
4989,0.00027757895845142847,2.2117312,13.19286,261
4990,0.0012060327160303443,2.125648,8.613189,1134
4991,0.0003031034603779966,1.5700519,6.033898,285
4992,0.00515701291008037,2.0642135,7.541907,4849
4993,0.0018186207622679796,2.6960423,11.014387,1710
4994,0.001122014563855391,1.9878101,9.744288,1055
4995,0.007726479437354896,1.9371693,8.721185,7265
4996,0.00040732850991148314,2.5310483,9.141481,383
4997,0.0018494628687625828,2.6130555,10.467972,1739
4998,0.00044455174188772834,1.4777784,6.502526,418
4999,0.0007901960388100052,2.3316011,8.269837,743
5000,0.0010007731797041922,1.5666411,4.6944995,941
5001,0.004338101806602976,2.398512,9.696964,4079
5002,0.008525183643473757,2.019347,8.35134,8016
5003,0.00035521598514473985,2.5118983,12.125107,334
5004,0.0005104900385313627,1.989696,6.5052996,480
5005,0.0011868893395854184,2.4912794,9.836631,1116
5006,0.0019270998954558942,4.2547174,16.818539,1812
5007,0.0030629402311881763,2.0644152,8.301175,2880
5008,0.000760417453229009,2.1691992,11.942644,715
5009,0.002673691576808012,1.4721618,5.4795146,2514
5010,0.0007061778866350517,2.2815075,10.370941,664
5011,0.008636853339402492,2.1690173,9.660016,8121
5012,0.0019068929980973611,2.2882605,9.505964,1793
5013,0.0007178766166847288,1.5633112,6.3885484,675
5014,0.0004339165327516583,1.8314527,10.606495,408
5015,0.000938025445801379,1.5374864,4.443874,882
5016,0.0002818330421058565,1.9680281,10.382802,265
5017,0.004951753373754218,1.51499,6.8348193,4656
5018,0.004190272399611603,2.9316325,12.366174,3940
5019,0.0020238802985941317,1.8514365,9.196106,1903
5020,0.0011028711874104648,1.8542359,7.3167744,1037
5021,0.00013613067694169672,3.0675657,10.49369,128
5022,0.002088755074324159,1.6340123,6.751018,1964
5023,0.0018175572413543727,3.5424228,13.594076,1709
5024,0.0004892196202592226,2.3144884,8.838332,460
5025,0.00038818513346655707,1.8186564,9.153801,365
5026,0.001352798602108111,2.4890704,12.769041,1272
5027,0.0002052595363261521,2.246339,8.073553,193
5028,0.003799960224317831,2.381054,8.884079,3573
5029,0.002836410276589884,1.2290608,3.621621,2667
5030,0.010871310778890812,2.0298903,9.002538,10222
5031,4.466787837149424e-05,1.3293966,2.599803,42
5032,0.0035138730985575465,4.730913,14.723902,3304
5033,0.001900511872615719,1.8083797,6.0181036,1787
5034,0.0005221887685810398,1.7929353,7.7394743,491
5035,0.015548675756934423,1.578433,5.9419336,14620
5036,0.0006912885938445537,1.6445847,7.4920855,650
5037,0.004772018339354634,1.9750236,6.63454,4487
5038,0.0008199746243910014,1.9453089,8.136071,771
5039,0.0009965190960497642,2.5754552,9.257447,937
5040,0.0009858838869136943,2.8105257,13.429179,927
5041,0.00012868603054644768,3.0951607,13.568628,121
5042,0.0014506425261599557,1.7712779,6.685044,1364
5043,0.006955426774989817,1.387561,4.3536577,6540
5044,0.0029246825124192655,2.9439025,8.171532,2750
5045,0.0007072414075486587,1.702474,5.9966464,665
5046,0.016528178518366476,2.6511204,12.07131,15541
5047,0.00014463884425055276,1.4430903,4.258681,136
5048,0.01602513312623036,4.5560794,12.218901,15068
5049,0.004206225213315707,2.1011786,9.716417,3955
5050,0.0042477025289463805,2.0490055,6.8381143,3994
5051,0.00019249728536286802,1.6414245,5.456555,181
5052,0.0002648167074881444,1.8085219,9.782196,249
5053,0.00211321605533712,3.5839572,10.562841,1987
5054,0.0013761960622074652,1.8648969,10.578812,1294
5055,0.0005870635443110671,1.6329961,5.2119684,552
5056,0.0007657350577970441,1.6453093,5.942949,720
5057,0.0027747260636006776,2.4839985,10.436164,2609
5058,0.002852363090293989,2.1498444,8.426307,2682
5059,0.0012943049518597258,2.8444016,8.60954,1217
5060,0.0007242577421663709,1.6836399,9.407129,681
5061,0.002810885774663316,1.5714426,4.5182676,2643
5062,0.0006870345101901256,2.3552547,8.3369665,646
5063,0.000743401118611297,1.7192734,11.16208,699
5064,0.004306196179194766,4.6613503,15.782598,4049
5065,5.7430129334778304e-05,1.2179619,2.5259686,54
5066,0.004847528324220731,1.8586055,7.7538767,4558
5067,0.00039137569620737806,1.6241785,6.8490415,368
5068,0.0025226716070758173,3.2293065,12.929703,2372
5069,0.0010603303508661846,2.2069228,8.390896,997
5070,0.0038403740190348975,3.0141013,11.023937,3611
5071,0.0036351144827087454,3.798374,11.935281,3418
5072,0.0012145408833392005,1.3976811,4.9531817,1142
5073,0.0004711397647279035,2.1723921,8.795947,443
5074,0.0022493467322788167,3.646626,11.3114805,2115
5075,0.00013506715602808973,1.9346615,8.546034,127
5076,0.001159237795831636,1.5275056,4.640234,1090
5077,0.01906573941823279,2.387224,9.171283,17927
5078,0.005681328720488624,2.3298612,10.022049,5342
5079,0.002215314063043393,1.8147136,6.7575927,2083
5080,0.002650294116708658,3.5655265,12.448822,2492
5081,0.00016378222069547886,2.5040333,9.008337,154
5082,0.0023471906563306616,3.2035794,14.374317,2207
5083,0.0007306388676480128,1.600613,4.35234,687
5084,0.00011273321684234259,1.2551996,3.2663162,106
5085,0.00565793126038927,1.531307,5.142876,5320
5086,2.233393918574712e-05,1.3404003,2.0197313,21
5087,0.0014495790052463486,2.0146337,7.3349967,1363
5088,0.0029512705352594407,1.539201,5.4654045,2775
5089,0.005267619085095499,3.421976,11.672436,4953
5090,0.003543651684138543,2.0339417,9.40076,3332
5091,0.0027672814172054285,1.7459543,6.802309,2602
5092,0.03871535181803583,1.9724408,6.147997,36403
5093,0.0012804791799828348,1.656846,5.841322,1204
5094,0.0023206026334904864,3.0171893,13.029682,2182
5095,0.0007753067460195071,2.0027704,7.966104,729
5096,0.0030629402311881763,2.280518,10.172555,2880
5097,0.0029874302463220787,3.7114158,10.985681,2809
5098,0.00014676588607776678,2.372779,10.0367985,138
5099,0.013081307237366169,3.1296625,11.183522,12300
5100,0.005755775184441115,1.7639707,7.360289,5412
5101,0.08546347709654536,2.560093,9.994703,80359
5102,0.0005168711640130047,0.9211475,2.0876784,486
5103,0.0008252922289590363,1.764948,6.2695775,776
5104,0.002705597204216222,2.2331364,8.250675,2544
5105,0.0036659565892033486,2.4254363,10.913974,3447
5106,0.0004115825935659112,1.9815135,12.409722,387
5107,0.000551967354162036,1.6059047,4.6454306,519
5108,0.003855263311825395,1.9153304,7.392912,3625
5109,0.001693125294462353,3.6578674,14.196575,1592
5110,0.0020313249449893807,1.8343419,7.9579463,1910
5111,0.003603208855300535,3.3277147,12.942446,3388
5112,0.012448512293770001,1.9473269,9.852895,11705
5113,0.0004711397647279035,1.1477901,2.9937997,443
5114,0.0018579710360714387,1.5161302,4.58444,1747
5115,0.0013793866249482863,1.5721608,5.9180284,1297
5116,0.0008784682746393866,1.8471866,5.36176,826
5117,0.011381800817422174,2.3787866,8.386351,10702
5118,0.001295368472773333,2.0992146,6.921387,1218
5119,0.0005243158104082538,1.5454297,4.795856,493
5120,0.0012273031343024844,1.8149816,6.9624476,1154
5121,0.00116136483765885,2.4974608,9.222308,1092
5122,0.0018196842831815867,3.893035,14.485962,1711
5123,0.019781488993090304,1.7348357,6.1607137,18600
5124,0.0033277569386763206,1.736286,9.01177,3129
5125,0.0029916843299765067,3.5247386,14.275124,2813
5126,0.004749684400168887,1.8454411,5.8145056,4466
5127,0.0005551579169028569,1.8408002,10.278793,522
5128,0.0006115245253240282,2.0378764,9.061592,575
5129,0.0010167259934082975,1.6429137,4.5303416,956
5130,0.005298461191590102,1.640622,5.746689,4982
5131,0.0023918585347021556,2.9453757,14.561298,2249
5132,0.0015580581384342632,1.6095423,7.54412,1465
5133,9.784392405184451e-05,2.0668092,12.869232,92
5134,0.0016527114997452867,4.017766,15.4601755,1554
5135,0.0006753357801404486,1.5481527,5.2853727,635
5136,0.002439716975814471,1.6552323,6.0146804,2294
5137,0.006837375953579439,1.6731708,4.0506797,6429
5138,0.0019047659562701472,1.615447,5.767175,1791
5139,0.007348929513024409,2.3254395,9.337492,6910
5140,0.001684617127153497,3.2005246,13.861069,1584
5141,0.0025269256907302453,1.5025135,6.374115,2376
5142,0.006572559246091294,2.5132987,8.3511,6180
5143,0.0002892776885011055,1.7304276,7.0592504,272
5144,0.0006285408599417403,2.2260082,7.574336,591
5145,0.002437589933987257,1.8071136,6.1889977,2292
5146,0.0006923521147581607,1.9862512,8.755823,651
5147,0.00056472960512532,1.6582364,5.0815563,531
5148,0.002831092672021849,2.3911085,8.436493,2662
5149,0.000568983688779748,1.8477092,6.69226,535
5150,0.000749782244092939,2.389161,13.233635,705
5151,0.0010411869744212585,1.9827485,6.1734943,979
5152,0.0032979783530953243,3.476005,13.608938,3101
5153,0.0004775208902095455,2.2014453,11.854748,449
5154,0.0015623122220886913,1.6396834,5.043166,1469
5155,0.008514548434337688,2.2964196,9.197684,8006
5156,0.00036691471519441696,1.9389452,6.3886538,345
5157,0.0007263847839935848,1.399571,4.3798685,683
5158,0.0012379383434385546,2.4072747,9.392999,1164
5159,0.001509136176408341,1.8555492,7.797899,1419
5160,0.0026088168010779847,1.9163442,8.346221,2453
5161,0.003448998322827519,2.5177023,10.830322,3243
5162,0.00016271869978187186,2.5942445,10.495734,153
5163,0.0012209220088208424,3.2890475,13.028284,1148
5164,0.0017569365492787732,1.7458625,5.863397,1652
5165,0.0031575935924991996,3.6032581,9.890477,2969
5166,0.00028715064667389153,1.9417676,9.75297,270
5167,0.00112945921025064,1.4154346,4.3505344,1062
5168,0.001304940160995796,2.1536865,11.909664,1227
5169,0.00791684968089055,2.606065,9.039972,7444
5170,0.0019504973555552483,3.087439,13.514029,1834
5171,0.00031054810677324564,1.8752948,8.773273,292
5172,0.0007051143657214447,1.7959664,5.6074576,663
5173,0.003061876710274569,4.3925185,12.272301,2879
5174,0.0006763993010540555,2.9481537,12.512827,636
5175,0.00827206566603529,1.4214758,3.842913,7778
5176,0.003538334079570508,1.4525023,4.150881,3327
5177,0.003376678900702243,3.7271302,12.600548,3175
5178,0.002228076314006677,1.483408,4.769981,2095
5179,0.0007189401375983358,1.6768146,7.2136908,676
5180,0.0014144828150973174,2.7102432,10.209088,1330
5181,0.0010688385181750408,1.643869,5.868633,1005
5182,0.003431981988209807,1.5285245,5.329498,3227
5183,0.0036648930682897413,1.7307261,4.938521,3446
5184,0.0005381415822851448,1.6974291,8.025743,506
5185,0.002985303204494865,3.982404,15.393661,2807
5186,0.002309967424354416,1.9544747,7.669987,2172
5187,9.039927765659548e-05,1.8379096,5.8325796,85
5188,0.000373295840676059,1.7263004,7.7750463,351
5189,0.07257785770728288,1.5196052,6.2441645,68243
5190,0.0006572559246091295,1.8814746,7.8262897,618
5191,0.003589383083423644,2.4693773,11.707449,3375
5192,0.001330464662922364,3.2389328,12.574422,1251
5193,0.0005551579169028569,1.570946,5.0210114,522
5194,0.0061194993368947105,2.748356,10.10612,5754
5195,0.0010018367006177993,1.8853817,9.137038,942
5196,0.0005753648142613901,1.620299,6.013323,541
5197,2.7651543753782147e-05,1.259372,2.0360315,26
5198,0.0063417752078385745,1.6590195,6.4341383,5963
5199,0.0005934446697927092,1.8644067,6.694679,558
5200,0.0009220726320972738,2.1265717,9.667362,867
5201,0.007832831528715596,2.1073813,10.201856,7365
5202,0.0002669437493153584,1.9678383,15.012235,251
5203,0.0004190272399611602,1.9132073,5.3965364,394
5204,0.0005189982058402188,1.7828441,6.3803906,488
5205,0.003736148969501411,3.702425,14.527775,3513
5206,0.0026247696147820897,1.8857174,6.8028064,2468
5207,0.00014570236516415978,1.5342486,6.4266367,137
5208,0.008575169126413287,1.9437046,7.8368297,8063
5209,0.003019335873730289,3.0004013,10.395907,2839
5210,0.00022546643368468518,1.6382298,5.7616687,212
5211,0.0002531179774384673,1.4833113,5.3615613,238
5212,0.002259981941414887,1.61018,6.2970695,2125
5213,0.004468914878976638,2.1621761,9.823036,4202
5214,0.001352798602108111,2.034587,8.227967,1272
5215,0.007308515718307342,2.8427458,11.132675,6872
5216,0.021550124272418755,3.2615893,15.378884,20263
5217,0.005423956659395729,1.6401607,4.8315587,5100
5218,0.0008284827916998574,2.6256077,8.229932,779
5219,0.00011911434232398463,2.851957,13.830064,112
5220,0.01006941601003113,1.1875262,4.548656,9468
5221,0.0005381415822851448,1.8687673,7.581056,506
5222,0.0011656189213132783,1.9226745,6.4831815,1096
5223,0.0018335100550584777,2.3178449,8.674266,1724
5224,0.0018175572413543727,2.3870187,9.829572,1709
5225,0.000956105301332698,2.1511724,7.680272,899
5226,0.002069611697879233,1.3890767,6.3046846,1946
5227,0.009405778959940358,1.3335416,5.1763864,8844
5228,0.0006179056508056703,2.505629,9.619155,581
5229,0.005353764279097666,2.5994444,10.197562,5034
5230,0.007652032973402405,2.5279598,8.771901,7195
5231,0.00169418881537596,2.9534707,13.080119,1593
5232,0.003819103600762757,3.2087426,11.610004,3591
5233,0.01023638879346743,2.8368008,11.232056,9625
5234,0.004294497449145089,4.6023884,16.599232,4038
5235,0.0014644682980368467,1.5399437,3.912496,1377
5236,0.0018335100550584777,1.5724485,6.4366035,1724
5237,0.00018824320170843998,1.3186412,3.1759403,177
5238,0.011366911524631675,2.3523898,11.795232,10688
5239,0.003753165304119123,3.5865455,14.5586195,3529
5240,0.00045093286736937036,1.7674161,7.935983,424
5241,0.0026247696147820897,4.933962,13.928205,2468
5242,0.0016197423514234695,3.183334,11.865657,1523
5243,0.0012772886172420137,1.4599388,3.7318556,1201
5244,0.0012230490506480564,1.3194594,3.5187888,1150
5245,0.0008912305256026707,1.7087994,4.625178,838
5246,0.002278061796946206,3.5641956,11.932702,2142
5247,0.00322140484731562,3.0565512,11.8336525,3029
5248,0.004569949365769303,1.8490293,6.825291,4297
5249,0.002078119865188089,2.1531844,9.022597,1954
5250,0.0006189691717192773,2.4745395,9.577915,582
5251,0.0023578258654667313,4.8749495,14.837962,2217
5252,0.0020398331122982367,1.9788997,13.302478,1918
5253,8.401815217495345e-05,1.7040925,5.603114,79
5254,0.0038690890837022865,2.8936112,14.065592,3638
5255,0.0003637241524535959,1.5899444,4.6412544,342
5256,0.0018122396367863376,3.8859067,15.556846,1704
5257,0.0011677459631404923,1.6273317,5.279984,1098
5258,0.0004987913084816857,2.784421,11.66679,469
5259,0.0008454991263175695,1.9070802,8.082621,795
5260,0.0018281924504904427,2.0132334,8.66227,1719
5261,0.0009210091111836669,2.1827035,7.991036,866
5262,0.0012432559480065896,1.908449,7.6943774,1169
5263,0.0014272450660606016,1.535038,4.9895306,1342
5264,0.0026970890369073662,1.4352493,4.362249,2536
5265,0.00478052650666349,3.2795665,13.268399,4495
5266,0.0006668276128315925,1.7015918,5.689057,627
5267,0.0008710236282441377,1.4820802,5.074621,819
5268,0.0004743303274687245,1.5073068,7.4024663,446
5269,0.01508817120134259,1.8161457,6.786517,14187
5270,0.0012570817198834807,2.0356102,10.160704,1182
5271,0.029069217131620285,3.0165293,11.489967,27333
5272,0.008117855133562274,1.3686959,4.9912033,7633
5273,4.892196202592226e-05,0.99198157,2.002729,46
5274,0.0023376189681081983,1.46852,5.6852202,2198
5275,0.002385477409220514,3.7892263,12.766088,2243
5276,0.0015974084122377225,1.936437,6.5400915,1502
5277,0.0018101125949591236,1.7771653,5.872413,1702
5278,0.000946533613110235,1.8403772,8.745971,890
5279,0.0010390599325940445,1.5039629,4.274038,977
5280,2.7651543753782147e-05,2.002438,4.171792,26
5281,0.0004381706164060863,2.1829324,13.591927,412
5282,0.0006795898637948766,1.7008308,5.3329473,639
5283,0.0008146570198229663,1.3906717,6.8891063,766
5284,0.001678236001671855,2.0079553,7.829693,1578
5285,0.00042540836544280227,1.6269034,5.049666,400
5286,0.0003265009204773507,2.203242,11.417779,307
5287,0.00240462078566544,2.594613,9.127264,2261
5288,0.002114279576250727,1.3898112,3.500954,1988
5289,0.002642849470313409,3.8451931,12.0066805,2485
5290,0.0006508747991274875,1.4807669,5.6244745,612
5291,0.00818698399294673,1.6961157,7.176827,7698
5292,7.231942212527638e-05,1.6186699,7.5935135,68
5293,0.00324267526558776,3.6125953,11.699993,3049
5294,0.004810305092244486,4.1142693,10.767676,4523
5295,0.0024269547248511867,2.429056,10.983682,2282
5296,0.000938025445801379,2.4922535,7.863664,882
5297,0.0007742432251059,1.810112,10.056018,728
5298,0.00038499457072573603,1.5314989,3.3246586,362
5299,0.0027981235237000317,2.801483,10.128062,2631
5300,3.403266923542418e-05,1.3984134,2.824032,32
5301,0.0010124719097538693,1.8044866,7.176312,952
5302,0.0042647188635640924,2.2364743,10.639669,4010
5303,0.0005498403123348219,1.844743,6.5881653,517
5304,0.0019239093327150733,3.087279,11.335957,1809
5305,0.0030895282540283515,4.048661,15.159409,2905
5306,0.0030001924972853627,1.6829253,6.3315387,2821
5307,0.0027321852270563974,2.678326,8.738375,2569
5308,0.01434902416638572,2.2095203,7.3827453,13492
5309,0.00011592377958316362,1.925475,6.683901,109
5310,0.00024992741469764633,2.3736422,14.183427,235
5311,0.0008423085635767485,2.9510422,11.456301,792
5312,0.004366816871270365,2.8979094,10.53665,4106
5313,0.0007848784342419701,1.6625586,7.389485,738
5314,0.0014559601307279908,1.5688869,6.461978,1369
5315,0.0008657060236761026,1.7025894,6.8728085,814
5316,0.0010029002215314062,1.9733284,7.8714504,943
5317,0.0002233393918574712,1.4714967,2.7914956,210
5318,0.0019653866483457464,1.726201,7.869667,1848
5319,0.004171129023166676,2.4844239,10.255054,3922
5320,0.0051516953055123355,3.137962,11.699976,4844
5321,0.0007210671794255498,2.4018607,9.468678,678
5322,0.003922265129382637,2.510234,9.903281,3688
5323,0.0031458948624495226,1.7666265,5.81569,2958
5324,0.004867735221579265,2.9775417,10.63384,4577
5325,0.001700569940857602,1.7586553,9.232836,1599
5326,1.5952813704105085e-05,1.6894375,2.4772482,15
5327,0.005294207107935674,1.3064286,3.7622423,4978
5328,0.0013474809975400762,2.5637116,9.849968,1267
5329,0.004053078201756298,2.6608765,10.831927,3811
5330,0.0008795317955529936,2.498594,8.950837,827
5331,0.0021557568918814003,1.4699639,5.4794455,2027
5332,0.0008306098335270714,1.8241596,7.7965455,781
5333,0.00402755369982973,1.7364012,7.7708364,3787
5334,0.0004764573692959385,1.7052786,5.880504,448
5335,0.003052305022052106,1.9066552,8.379367,2870
5336,0.001125205126596212,2.5415447,10.109622,1058
5337,0.0003009764185507826,2.8736062,11.971778,283
5338,0.003427727904555379,2.1051924,8.675191,3223
5339,0.000952914738591877,3.061089,12.726246,896
5340,0.00284491844389874,3.3298461,14.547828,2675
5341,0.0008093394152549313,2.2310922,8.258628,761
5342,0.0012687804499331577,1.9509867,9.054833,1193
5343,0.0072978805091712725,2.4910328,10.1460285,6862
5344,0.03501536255959705,1.1246278,3.1941288,32924
5345,0.0016484574160908587,3.6561728,13.390967,1550
5346,0.0006285408599417403,2.905191,13.735472,591
5347,0.004164747897685034,1.9929335,7.0648794,3916
5348,0.0006306679017689543,1.7977381,6.1009455,593
5349,0.002698152557820973,1.7261468,6.487649,2537
5350,0.0004371070954924793,2.1467252,8.833594,411
5351,0.0053569548418384875,3.2518718,11.947401,5037
5352,0.00019462432719008203,2.0722747,8.748775,183
5353,0.0020196262149397037,1.6427078,6.7289715,1899
5354,0.0010156624724946904,2.76169,11.730685,955
5355,0.00246843204048186,3.214193,12.153232,2321
5356,0.0004764573692959385,1.7180203,6.6721745,448
5357,0.056457007698827895,1.2031643,3.599112,53085
5358,0.0007689256205378651,1.6715462,5.9590364,723
5359,0.005506911290657075,2.4255576,9.687526,5178
5360,0.004995357731212105,1.3654579,3.9144907,4697
5361,0.003595764208905286,1.6627573,10.049838,3381
5362,0.007418058372408864,2.5858035,10.496388,6975
5363,0.002242965606797175,2.3998377,11.953586,2109
5364,0.001343226913885648,3.2212493,11.501296,1263
5365,0.0005392051031987518,1.9697345,7.367014,507
5366,0.0006402395899914174,2.0348608,8.378833,602
5367,0.006364109147024321,3.1987019,14.686649,5984
5368,0.28968182644827617,6.753016,20.888292,272380
5369,0.009374936853445755,2.5572033,10.028486,8815
5370,0.006762929489626948,2.1189861,7.4947476,6359
5371,0.0007263847839935848,1.8197528,6.324942,683
5372,0.0015559310966070492,2.6031911,8.003522,1463
5373,0.0012049691951167374,2.465317,6.842655,1133
5374,0.0007816878715011491,1.6729859,4.3853765,735
5375,0.0038446281026893255,2.8730931,11.914924,3615
5376,0.00046369511833265446,1.3902649,4.53604,436
5377,0.00038605809163934303,1.5081328,5.211909,363
5378,0.0006104610044104212,1.7417195,6.7807894,574
5379,0.006196072842674415,1.287662,4.003489,5826
5380,0.00035415246423113286,1.4431328,5.319208,333
5381,0.002100453804373836,1.806495,6.3023267,1975
5382,0.0012049691951167374,1.6443223,9.888124,1133
5383,0.0019536879182960694,2.049495,12.257072,1837
5384,0.0012187949669936284,2.2918675,9.472049,1146
5385,0.006977760714175564,2.760064,11.781708,6561
5386,0.0017760799257236994,2.0787148,8.047109,1670
5387,0.0005030453921361137,2.4648542,8.56958,473
5388,0.025626599934274408,1.9086486,6.58562,24096
5389,0.001998355796667564,1.4048969,5.345072,1879
5390,0.002121724222645976,1.5303164,4.4309683,1995
5391,0.0009709945941231962,2.1392539,10.204341,913
5392,0.011813590308346618,2.4231992,7.638512,11108
5393,0.00339901283988799,1.7553653,8.234518,3196
5394,0.0010720290809158616,1.7568138,5.113998,1008
5395,0.005354827800011274,1.7291949,6.7198358,5035
5396,0.002279125317859813,2.833015,12.03661,2143
5397,0.0005881270652246741,1.7108626,7.3795304,553
5398,0.001498500967272271,1.5767984,4.8814025,1409
5399,0.00048815609934561556,2.3960443,15.007568,459
5400,0.00279174239821839,4.660081,13.065406,2625
5401,1.8079855531319095e-05,1.2431673,1.6286459,17
5402,0.00038605809163934303,1.7518162,8.432678,363
5403,0.0028534266112075963,1.8894193,8.092861,2683
5404,0.002875760550393343,4.4312778,14.040469,2704
5405,0.001499564488185878,2.148412,8.091877,1410
5406,0.0035170636612983676,4.920493,14.811123,3307
5407,0.002068548176965626,3.1648958,10.230133,1945
5408,0.004965579145631109,3.086916,10.187238,4669
5409,0.0015655027848295122,2.016859,8.110331,1472
5410,0.002257854899587673,2.0531003,7.1533437,2123
5411,0.003015081790075861,4.94946,15.800249,2835
5412,0.0005976987534471372,2.0343192,11.034834,562
5413,0.02596692662662865,2.0079472,8.638958,24416
5414,0.002037706070471023,1.5883853,4.5527406,1916
5415,0.00028821416758749853,2.2378316,11.914069,271
5416,0.0017271579636977772,2.239048,8.389933,1624
5417,0.0003254373995637437,2.0749738,8.557391,306
5418,0.02277742740672124,2.934679,11.854248,21417
5419,0.001299622556427761,1.7404819,5.746341,1222
5420,0.0008231651871318224,3.1285043,13.733835,774
5421,0.009058007621190868,2.2262833,10.176255,8517
5422,0.0005360145404579308,1.4464675,4.4451118,504
5423,0.0020281343822485596,2.4176426,11.878698,1907
5424,0.007637143680611907,1.867723,6.446332,7181
5425,0.0025099093561125334,1.5712211,4.9657497,2360
5426,0.002263172504155708,1.990765,7.4979625,2128
5427,0.0021887260402032177,1.8143983,6.573466,2058
5428,0.00040413794717066216,1.8948888,12.000113,380
5429,0.0021972342075120737,1.6248609,5.588735,2066
5430,0.001113506396546535,2.3257887,11.240162,1047
5431,0.001520834906458018,1.8231618,7.915205,1430
5432,8.614519400216745e-05,1.4304241,3.226289,81
5433,0.00028608712576028454,1.5707163,3.3416352,269
5434,0.0005966352325335302,1.5443203,5.1486845,561
5435,0.0008529437727128185,2.6101604,12.880128,802
5436,0.0018707332870347229,1.8049289,7.4856777,1759
5437,0.0007061778866350517,1.8029889,7.7084723,664
5438,0.001332591704749578,1.6025702,5.0331087,1253
5439,0.001530406594680481,1.6011777,5.309263,1439
5440,0.0005221887685810398,2.2157905,10.708952,491
5441,0.00021376770363500813,1.9823843,9.38951,201
5442,0.001154983712177208,1.5311292,6.1388726,1086
5443,0.0009582323431599121,1.8383157,7.889253,901
5444,0.0013900218340843565,2.342412,9.451528,1307
5445,0.008859129210346357,2.8487332,11.760912,8330
5446,0.006906504812963895,2.4364736,11.523475,6494
5447,0.0002095136199805801,2.3173091,10.560799,197
5448,0.0015782650357927964,1.4534189,4.4761767,1484
5449,0.003612780543522998,1.4613932,5.3989625,3397
5450,0.0012411289061793757,2.1816666,8.102654,1167
5451,0.0019558149601232836,1.5258354,4.908174,1839
5452,0.0004328530118380513,2.0050108,10.036402,407
5453,0.0016325046023867537,1.3970774,4.417,1535
5454,0.0019026389144429332,2.995713,11.463785,1789
5455,0.00044986934645576337,1.86824,6.363131,423
5456,0.009656769895551611,1.4620361,4.351514,9080
5457,0.0018675427242939018,3.2754874,12.763932,1756
5458,0.00444658093979089,2.768208,11.536989,4181
5459,0.002263172504155708,1.882229,7.6482573,2128
5460,5.9557171161992314e-05,1.3532711,2.9712312,56
5461,0.011118047630847637,2.5091617,11.381119,10454
5462,0.0012219855297344495,1.8831264,6.848129,1149
5463,0.016614323712368644,1.5549685,6.1422296,15622
5464,0.0044497715025317115,2.6889236,9.755791,4184
5465,0.053946034821801755,1.3143145,4.6336355,50724
5466,0.0006040798789287792,1.6350623,5.999268,568
5467,0.0015846461612744383,1.7987435,7.8404613,1490
5468,0.0029480799725186196,1.9402456,6.5607557,2772
5469,0.00017867151348597695,2.8085482,11.13786,168
5470,0.0012315572179569126,1.8855296,10.715468,1158
5471,0.0005094265176177557,1.8504158,5.6284966,479
5472,0.00228018883877342,1.6830729,5.7989507,2144
5473,0.0025141634397669614,2.6751702,10.931943,2364
5474,0.0015867732031016523,2.7025232,11.30263,1492
5475,0.004516773320088953,1.7678455,5.808937,4247
5476,0.028158843229572687,1.2256057,4.3107452,26477
5477,0.03774223018208542,1.1272837,3.3899868,35488
5478,0.0026800727022896543,5.200243,14.227144,2520
5479,0.004199844087834065,2.014253,11.05636,3949
5480,0.00011273321684234259,1.7826968,7.278738,106
5481,0.014356468812780968,2.0037532,11.532383,13499
5482,0.0004307259700108373,2.0078244,6.3989105,405
5483,0.0074914413154477475,2.585027,11.756259,7044
5484,0.003290533706700075,2.9210963,8.173759,3094
5485,0.004724159898242319,2.8187702,9.981374,4442
5486,8.614519400216745e-05,3.1087356,13.134363,81
5487,0.001525088990112446,1.7364119,5.1757245,1434
5488,0.0031778004898577327,2.8403847,10.43905,2988
5489,0.0031097351513868846,1.862528,7.8436294,2924
5490,0.0009922650123953363,2.4090002,7.223171,933
5491,0.012656962392836974,3.20904,12.205699,11901
5492,0.010287437797320565,1.822337,8.111041,9673
5493,0.005411194408432444,2.4113646,9.780091,5088
5494,0.0008497532099719975,1.2974061,4.0264425,799
5495,0.0021642650591902563,1.3441814,4.306451,2035
5496,0.0033469003151212467,3.0664802,12.466863,3147
5497,0.0014825481535681658,2.7177706,11.334561,1394
5498,0.0008178475825637874,1.5991763,8.191249,769
5499,0.003029971082866359,3.0326753,16.04048,2849
5500,0.0006668276128315925,1.6235216,4.7003975,627
5501,0.007010729862497381,2.7673378,11.836899,6592
5502,0.021972342075120735,2.688784,12.367037,20660
5503,0.0052325228949464675,1.9258786,7.5188384,4920
5504,0.009055880579363653,2.125316,9.49969,8515
5505,0.005460116370458367,3.0004992,12.064154,5134
5506,0.004099873121955006,2.5683246,11.85929,3855
5507,5.2112524766743275e-05,1.3412284,2.449057,49
5508,0.009033546640177905,2.7208202,9.566212,8494
5509,0.0016973793781167809,2.054004,8.812122,1596
5510,0.0006551288827819154,1.4786615,5.1193085,616
5511,0.0011943339859806672,1.8082693,5.5914855,1123
5512,0.0016792995225854619,2.6264832,9.082409,1579
5513,0.0013942759177387844,1.6914947,6.0411525,1311
5514,0.0011943339859806672,1.6365368,5.059627,1123
5515,0.0019792124202226377,1.705858,6.945536,1861
5516,0.0004934737039136506,1.5191904,5.9238358,464
5517,0.0025694665272745255,2.408394,9.467599,2416
5518,0.002082373948842517,1.8085992,8.111708,1958
5519,0.0025620218808792765,4.0425253,14.437985,2409
5520,0.0003945662589481991,1.8392158,7.544488,371
5521,0.007711590144564398,2.8366086,12.849273,7251
5522,0.0016495209370044658,2.0208206,8.924621,1551
5523,0.007665858745279297,3.7854376,16.075426,7208
5524,0.009971572085979284,2.1165922,8.671681,9376
5525,9.252631948380949e-05,1.4167695,3.7523618,87
5526,7.870054760691842e-05,1.4468979,3.093652,74
5527,0.0019855935457042794,3.5404854,12.611114,1867
5528,0.0025056552724581054,1.6064105,4.56121,2356
5529,0.0014049111268748544,2.0189695,9.247939,1321
5530,0.00023503812190714824,2.1605804,8.621669,221
5531,0.0018271289295768356,1.8825492,9.190457,1718
5532,0.0021812813938079686,1.6948211,8.149707,2051
5533,0.0025896734246330586,3.2775178,12.280681,2435
5534,0.016665372716221778,1.6832602,6.239322,15670
5535,0.000578555377002211,1.7506664,6.6873336,544
5536,0.0009709945941231962,1.4315494,4.651528,913
5537,0.0017112051499936721,1.7405235,7.782678,1609
5538,0.0009316443203197369,2.4732747,9.439914,876
5539,0.010789419668543071,2.079785,7.8449764,10145
5540,0.0030640037521017832,2.151078,7.718664,2881
5541,0.09134687479061931,1.7035003,6.3073177,85891
5542,0.0004190272399611602,3.0947418,11.61874,394
5543,0.0021376770363500815,2.0444176,7.1253853,2010
5544,0.0008189111034773944,1.424127,5.5170364,770
5545,0.002054722405088735,2.2103074,8.307398,1932
5546,0.002899158010492697,2.8361766,12.420789,2726
5547,0.0027236770597475414,4.562022,14.018416,2561
5548,0.001491056320877022,1.8632041,6.751399,1402
5549,0.0001722903880043349,1.5147704,3.7193377,162
5550,0.001320892974699901,1.7597849,5.458728,1242
5551,0.001111379354719321,2.3362284,9.006059,1045
5552,0.006621481208117217,3.4601765,16.315664,6226
5553,0.02350806627436925,1.066337,2.7148228,22104
5554,0.004078602703682867,3.611129,13.70764,3835
5555,0.0016590926252269289,2.2511408,10.151502,1560
5556,0.01227515838485206,2.517059,8.834021,11542
5557,0.008676203613205952,2.6300814,13.153177,8158
5558,0.0004615680765054404,2.2008953,8.395644,434
5559,0.0029906208090629,3.4378788,10.441114,2812
5560,0.0025641489227064907,3.3988647,13.583872,2411
5561,0.0015452958874709792,3.8204243,14.339252,1453
5562,0.003391568193492741,2.529235,9.658763,3189
5563,0.010209800770627254,2.0583456,9.7132225,9600
5564,0.014765924364519666,1.3812729,4.32502,13884
5565,0.0012156044042528073,1.7326481,7.6182404,1143
5566,0.00048177497386397354,2.0099318,9.9430065,453
5567,0.004019045532520874,2.43245,9.436668,3779
5568,0.0011953975068942743,1.920366,8.286744,1124
5569,0.0017250309218705632,1.4761307,3.9749403,1622
5570,0.0013793866249482863,2.2398841,8.286891,1297
5571,0.0028300291511082418,2.2225373,12.695928,2661
5572,0.0011911434232398464,3.3381598,10.407636,1120
5573,0.002275934755118992,4.253689,15.681896,2140
5574,0.020536588841751278,2.6178818,9.493901,19310
5575,0.0013995935223068193,2.0809786,10.234747,1316
5576,0.005930192614272663,1.7106087,7.378324,5576
5577,0.0012496370734882316,2.4992938,8.95482,1175
5578,0.0025779746945833815,3.0573707,14.043675,2424
5579,0.0022057423748209296,2.5989544,10.515324,2074
5580,4.573139928510124e-05,1.5822945,3.414665,43
5581,6.381125481642033e-06,1.1492622,1.3048539,6
5582,0.0019675136901729606,1.7466444,5.971745,1850
5583,0.0005966352325335302,2.3550923,11.953299,561
5584,7.44464639524904e-05,1.3619845,2.9958146,70
5585,0.003213960200920371,2.9631605,16.094952,3022
5586,0.0008667695445897096,1.8324479,9.084974,815
5587,0.0011922069441534532,2.5468946,10.772968,1121
5588,0.008508167308856045,2.4482663,12.050999,8000
5589,0.004839020156911875,2.9585443,11.268339,4550
5590,0.00429024336549066,2.456733,9.276917,4034
5591,0.0010932994991880017,1.4648288,5.1912494,1028
5592,0.0008072123734277173,2.2203887,8.690716,759
5593,0.002903412094147125,2.1056552,6.822737,2730
5594,0.010373582991322733,1.8979408,8.628985,9754
5595,0.003820167121676364,1.5084803,4.1627727,3592
5596,0.0002052595363261521,2.221798,10.693,193
5597,0.0027375028316244327,3.2443042,10.803881,2574
5598,0.0016580291043133218,1.5314746,6.962536,1559
5599,0.003159720634326414,3.782619,13.097153,2971
5600,0.0017441742983154893,2.3964906,9.257419,1640
5601,0.00027226135388339344,2.0298061,8.36312,256
5602,0.003028907561952752,1.8798534,7.4455466,2848
5603,0.0011698730049677062,2.2229483,7.3476453,1100
5604,0.0013081307237366169,2.774886,13.725241,1230
5605,0.01169234892419542,1.3536358,3.8285034,10994
5606,0.00040732850991148314,1.9186866,12.2538805,383
5607,0.001919655249060645,3.297353,13.452551,1805
5608,0.0004753938483823315,1.5273914,4.4450307,447
5609,0.0002818330421058565,1.3758243,4.0651684,265
5610,0.006129071025117174,1.530441,5.3643513,5763
5611,0.000379676966157701,1.7611747,8.707053,357
5612,0.004891132681678619,1.6806049,7.2644506,4599
5613,0.0018824320170844,1.7074372,7.016153,1770
5614,0.010686258139923193,3.547392,12.702991,10048
5615,0.0006689546546588066,2.5082135,8.336221,629
5616,0.0010667114763478266,1.733449,6.058077,1003
5617,0.0007146860539439078,2.3932638,11.432682,672
5618,0.001488929279049808,2.2805555,16.045898,1400
5619,0.0032171507636611922,1.803519,7.423731,3025
5620,0.004666729768907541,2.4975226,8.536408,4388
5621,0.006554479390559976,1.8685204,8.4315,6163
5622,0.0018143666786135516,1.8003069,6.173345,1706
5623,0.0003403266923542418,1.9157667,5.3100815,320
5624,0.001154983712177208,1.6751592,8.543177,1086
5625,0.0018792414543435788,1.906851,8.195568,1767
5626,0.003747847699551088,3.5766752,11.128571,3524
5627,0.04888686583577323,1.1508656,3.2238533,45967
5628,0.003411775090851274,3.1269279,10.759848,3208
5629,0.005985495701780228,1.9688439,7.765638,5628
5630,0.0003594700687991679,1.9316145,7.695912,338
5631,0.0021185336599051554,1.6855165,4.9129386,1992
5632,0.0036957351747843445,1.723805,6.780112,3475
5633,0.0006583194455227365,2.319003,10.449804,619
5634,0.0006125880462376352,1.4960191,7.2292676,576
5635,0.0060875937094865004,2.8717246,12.60148,5724
5636,0.00038605809163934303,1.9638106,9.662888,363
5637,0.013764087663901867,2.7513378,8.97908,12942
5638,0.004618871327795225,2.3488355,9.521516,4343
5639,0.0006168421298920633,2.820449,11.267805,580
5640,0.00046582216015986845,2.099121,10.724351,438
5641,0.006269455785713298,2.417095,8.500822,5895
5642,0.003206515554525122,2.1911576,9.551253,3015
5643,0.004545488384756342,2.962905,10.506053,4274
5644,0.0013857677504299283,1.5234454,7.5141516,1303
5645,0.0012538911571426596,2.111365,9.836036,1179
5646,0.0027513286035013235,1.7523477,6.664877,2587
5647,0.003779753326959298,2.4176147,10.5303135,3554
5648,0.001686744168980711,2.4094055,8.10268,1586
5649,0.0021951071656848595,1.5845731,5.912875,2064
5650,0.0010060907842722273,1.4625882,5.4364524,946
5651,0.000381804007984915,2.2165012,9.876651,359
5652,0.002480130770531537,2.613245,13.831401,2332
5653,0.0002095136199805801,2.5088756,7.878683,197
5654,0.00345218888556834,2.5911744,9.044079,3246
5655,0.008484769848756691,1.9556563,13.168906,7978
5656,0.00133897283023122,1.8288387,7.7391524,1259
5657,0.0012049691951167374,1.8818971,8.90829,1133
5658,0.0023482541772442684,1.7295052,6.937795,2208
5659,0.001915401165406217,1.7697152,7.442057,1801
5660,0.00491559366269158,2.560436,11.610456,4622
5661,0.00016590926252269287,0.99715966,2.1258245,156
5662,0.00016484574160908588,2.1853175,11.350292,155
5663,0.005169775161043655,2.8366857,11.93153,4861
5664,0.003966933007754131,2.008103,6.064138,3730
5665,0.0027545191662421446,1.6030874,6.197331,2590
5666,0.0010390599325940445,1.5329717,4.6771445,977
5667,0.002649230595795051,1.905172,7.054145,2491
5668,0.00034670781783588384,2.0430992,7.817706,326
5669,0.007382962182259833,1.8245593,8.122347,6942
5670,0.0021929801238576457,2.283333,8.017712,2062
5671,0.012454893419251644,1.6619115,7.6318736,11711
5672,0.0011805082141037762,1.3714356,4.0057993,1110
5673,0.001154983712177208,2.2094884,7.417855,1086
5674,0.017351343705498297,1.5912848,6.1824484,16315
5675,0.0008401815217495345,3.418912,11.627295,790
5676,0.006484287010261913,2.3760378,9.0505905,6097
5677,0.0013613067694169673,2.5550013,9.412841,1280
5678,0.0017452378192290962,2.435535,10.284002,1641
5679,0.00046263159741904747,2.5748134,10.106436,435
5680,0.000935898403974165,1.915839,9.575237,880
5681,0.0012156044042528073,2.3582745,8.605206,1143
5682,0.0027119783296978644,2.059806,7.7146697,2550
5683,0.0010805372482247178,3.070866,11.010361,1016
5684,0.010022621089832422,3.1526866,11.914381,9424
5685,0.005453735244976725,3.6807384,9.819887,5128
5686,0.014042730143266902,1.9987433,8.667456,13204
5687,0.0002818330421058565,1.405921,4.8858232,265
5688,0.0106873216608368,2.4068987,11.478871,10049
5689,0.00418389127412996,2.0441525,9.676991,3934
5690,0.0013591797275897533,1.5701832,6.1542974,1278
5691,0.0014272450660606016,1.611504,7.776251,1342
5692,0.00722768812887321,2.9721472,12.670207,6796
5693,0.0034989838057670484,2.0257795,7.0912747,3290
5694,0.004635887662412938,2.0180416,7.54087,4359
5695,0.00035202542240391887,1.8339198,5.5843296,331
5696,0.00027438839571060743,2.0916917,12.625236,258
5697,0.0012113503205983794,1.543669,4.563279,1139
5698,4.679492019870825e-05,1.2843007,3.4931943,44
5699,0.007817942235925099,1.549152,8.658823,7351
5700,0.0065151291167565165,2.7520673,10.381661,6126
5701,0.009535528511400413,2.4127033,9.573591,8966
5702,0.004758192567477743,1.9176085,6.1301155,4474
5703,0.0019462432719008203,1.7732717,6.3221235,1830
5704,0.004995357731212105,2.1729605,7.700005,4697
5705,4.679492019870825e-05,1.7498277,5.065537,44
5706,0.011194621136627341,1.9202713,8.553327,10526
5707,0.0019462432719008203,1.5077504,4.167542,1830
5708,0.0027236770597475414,2.4655395,9.712779,2561
5709,0.003437299592777842,1.6807214,6.2086363,3232
5710,0.0018026679485638746,3.4454026,14.100054,1695
5711,0.0008805953164666006,2.5752263,10.541918,828
5712,0.00028821416758749853,1.9670286,6.124207,271
5713,0.0009348348830605579,1.8742709,7.813602,879
5714,0.00034777133874949083,1.9701638,9.769565,327
5715,0.022546643368468518,2.1283312,14.538381,21200
5716,0.003943535547654777,1.6638988,7.0300517,3708
5717,0.01407888985432954,1.908349,7.2552104,13238
5718,0.0012794156590692277,1.6645033,5.7742147,1203
5719,0.0008125299779957523,1.5772278,4.5856295,764
5720,0.0002818330421058565,1.204587,3.0206597,265
5721,0.011967800840819635,2.832522,10.676165,11253
5722,0.0010241706398035463,3.183212,15.727884,963
5723,0.0008710236282441377,1.8199544,5.843963,819
5724,0.005137869533635444,1.5067924,4.552632,4831
5725,0.007146860539439078,1.6783265,6.322715,6720
5726,0.0010858548527927527,1.9751354,9.115169,1021
5727,0.0012304936970433055,1.9362471,7.0255356,1157
5728,0.008008312479460752,3.9896464,15.730589,7530
5729,0.002859807736689238,1.8216251,6.5554223,2689
5730,0.0014836116744817729,1.7031443,7.2761784,1395
5731,0.006403459420827781,2.6762786,11.421197,6021
5732,0.00845286422134848,3.1362,10.755612,7948
5733,0.0006551288827819154,3.3814905,12.005977,616
5734,0.0005232522894946468,1.6182694,8.077448,492
5735,0.0003052305022052106,2.295286,6.4788837,287
5736,0.001670791355276606,2.5807793,10.96933,1571
5737,0.0003956297798618061,1.5867097,8.915357,372
5738,0.0005296334149762888,1.3735182,5.106738,498
5739,0.0015857096821880455,2.2016075,9.994668,1491
5740,0.00046582216015986845,1.7601336,7.3363137,438
5741,0.0040456335553610496,3.405745,10.26205,3804
5742,0.0008008312479460752,1.955316,10.582169,753
5743,0.0016133612259418275,1.674477,5.1060596,1517
5744,0.0002967223348963546,1.9776502,6.9532266,279
5745,0.0007710526623650791,2.0618367,7.9883733,725
5746,0.003413902132678488,2.2583635,10.046922,3210
5747,0.010923423303657556,1.8828179,6.757516,10271
5748,0.003017208831903075,1.9558655,7.9998093,2837
5749,0.0016016624958921505,2.6145,10.465899,1506
5750,0.0019185917281470382,3.2825148,9.848046,1804
5751,4.041379471706622e-05,1.74051,4.3264966,38
5752,4.147731563067322e-05,1.5414884,3.4162238,39
5753,0.007743495771972608,1.6073534,5.5254974,7281
5754,0.008766602890862547,1.9011593,8.489469,8243
5755,0.0004924101830000436,1.9448016,9.211493,463
5756,1.4889292790498078e-05,1.6406233,3.1342978,14
5757,0.0004328530118380513,1.8715532,6.515535,407
5758,0.0018037314694774815,2.7361798,13.848463,1696
5759,0.00019143376444926102,1.6328946,6.3167105,180
5760,0.002527989211643852,3.0650349,9.996237,2377
5761,0.0010996806246696437,2.327413,8.639731,1034
5762,0.002097263241633015,2.9958868,11.285702,1972
5763,0.0004179637190475532,1.9723341,9.432343,393
5764,0.029084106424410783,1.4042238,7.7986183,27347
5765,0.0004753938483823315,2.083629,9.260114,447
5766,0.0010794737273111107,2.5078704,10.192751,1015
5767,0.00042859892818362326,1.7259402,8.60891,403
5768,0.0001722903880043349,1.8496418,5.7500772,162
5769,0.012959002332301364,3.5136902,11.8931675,12185
5770,0.000761480974142616,1.9839038,9.517204,716
5771,0.02084820046943813,2.0547109,10.389389,19603
5772,0.006075894979436823,3.7127185,15.704871,5713
5773,0.00018186207622679796,1.7182854,7.3073897,171
5774,0.0040381889089658,2.8395743,12.229455,3797
5775,0.006380061960728427,2.4028637,9.592298,5999
5776,0.0009305807994061299,1.7347028,5.5631866,875
5777,0.0013474809975400762,2.7197328,12.862064,1267
5778,5.6366608421171295e-05,1.2672555,2.6046875,53
5779,0.001866479203380295,2.9557521,11.945385,1755
5780,0.0008912305256026707,2.446121,11.83268,838
5781,0.015987909894254117,2.1622074,8.065854,15033
5782,0.0008582613772808535,2.5702019,12.623981,807
5783,0.0019643231274321395,2.1836884,8.283581,1847
5784,0.002970413911704367,1.9061551,6.653568,2793
5785,0.006355600979715465,3.4110675,13.925628,5976
5786,0.001113506396546535,3.175044,13.789212,1047
5787,0.0004966642666544716,2.023991,9.658939,467
5788,0.002849172527553168,2.2632225,9.672186,2679
5789,0.0004711397647279035,2.7378588,10.160594,443
5790,0.0007051143657214447,1.4822695,5.48096,663
5791,0.004387023768628898,4.4224024,13.020594,4125
5792,0.0011720000467949202,1.9902976,7.4250712,1102
5793,0.0025428785044343503,2.2483904,7.842858,2391
5794,0.0004977277875680787,1.8733053,8.237948,468
5795,0.014709557756098494,2.554859,9.975926,13831
5796,0.006586385017968186,2.3717606,9.876238,6193
5797,0.000948660654937449,1.859821,6.7752385,892
5798,0.000745528160438511,1.5529914,4.5636377,701
5799,0.0034224102999873443,2.315698,9.795606,3218
5800,0.0134503489943878,2.7968144,10.193598,12647
5801,0.0020058004430628124,2.5604,9.718881,1886
5802,0.0007763702669331141,1.6136233,4.285743,730
5803,0.003772308680564049,2.3912148,14.569297,3547
5804,5.3176045680350284e-05,1.2558501,3.1049578,50
5805,0.003744657136810267,3.35379,11.8982,3521
5806,4.147731563067322e-05,1.1386466,1.8892099,39
5807,0.0027087877669570433,2.0600874,6.452008,2547
5808,0.018014980755589067,1.7115643,5.2054567,16939
5809,0.002252537295019638,2.8426344,9.855438,2118
5810,0.0008880399628618497,2.2173436,10.581875,835
5811,0.017820356428398985,2.7150073,11.651726,16756
5812,0.0014123557732701035,1.7793411,6.2328343,1328
5813,0.003641495608190387,3.08306,12.407942,3424
5814,0.0022812523596870272,2.2085748,11.7876005,2145
5815,0.0013496080393672902,4.0242777,13.437032,1269
5816,0.002278061796946206,3.892935,13.263381,2142
5817,0.0008986751719979197,2.495036,10.293783,845
5818,0.006413031109050244,2.979322,10.88064,6030
5819,0.0008763412328121726,1.8295671,5.3930097,824
5820,0.002598181591941915,1.3003811,4.4757257,2443
5821,1.701633461771209e-05,1.5939131,2.6872084,16
5822,0.0004009473844298411,1.4729103,3.9862847,377
5823,0.004619934848708832,2.9561298,8.937632,4344
5824,0.001534660678334909,2.9642596,12.076065,1443
5825,4.360435745788723e-05,1.2327942,2.770809,41
5826,0.0009582323431599121,2.6717074,10.828668,901
5827,0.005507974811570682,2.492089,7.9083004,5179
5828,0.01120206578302259,2.0132883,8.693075,10533
5829,0.004092428475559758,1.6351892,5.635214,3848
5830,0.0001329401142008757,1.7336212,5.727209,125
5831,0.001526152511026053,2.752173,10.965298,1435
5832,0.0020111180476308477,1.7586305,7.118909,1891
5833,0.00040839203082509014,1.4854673,6.677948,384
5834,0.00306506727301539,2.3064673,7.8493743,2882
5835,0.0035202542240391887,2.2191079,8.37627,3310
5836,0.0009188820693564529,2.22064,8.514717,864
5837,0.0012156044042528073,1.6952326,6.357291,1143
5838,0.1936490785123044,7.643694,27.839909,182083
5839,0.0006710816964860206,3.124177,10.736952,631
5840,0.0013804501458618934,1.6329681,7.460274,1298
5841,0.00044242470006051435,1.840146,9.2215,416
5842,0.0006891615520173396,1.9101584,11.006523,648
5843,0.02447587030575163,3.76382,9.264823,23014
5844,0.001122014563855391,2.1159759,8.235813,1055
5845,0.0006700181755724136,1.8296999,6.395693,630
5846,0.0015410418038165512,1.3129227,4.9199777,1449
5847,0.004154112688548964,3.1307294,11.362454,3906
5848,0.00010847913318791457,1.4878451,9.034639,102
5849,0.0013995935223068193,2.1393151,8.871914,1316
5850,0.00027226135388339344,1.4938991,5.0718856,256
5851,0.0008540072936264255,1.892905,7.5687613,803
5852,0.0016005989749785434,3.8475902,13.40486,1505
5853,0.005262301480527464,3.96619,12.441982,4948
5854,0.002843854922985133,3.2907624,11.347749,2674
5855,0.004694381312661323,3.611678,13.13797,4414
5856,0.02978071262282337,2.3933153,10.876285,28002
5857,0.0002116406618077941,1.9125175,6.517916,199
5858,0.013456730119869443,2.7316601,10.323006,12653
5859,0.0014740399862593098,1.6412488,5.210421,1386
5860,0.0012336842597841266,1.7063498,5.196698,1160
5861,0.0008072123734277173,1.9755931,12.368461,759
5862,0.0002828965630194635,1.894507,5.960499,266
5863,0.031185623749698226,1.8278897,6.497565,29323
5864,0.0014123557732701035,1.7970842,5.8813233,1328
5865,0.0011103158338057139,1.5762688,5.1290836,1044
5866,0.003855263311825395,2.0341406,8.376049,3625
5867,0.0016431398115228236,2.2359135,8.077623,1545
5868,0.0008199746243910014,2.230853,12.771436,771
5869,0.0003275644413909577,2.0537467,9.501647,308
5870,0.0027087877669570433,1.8160491,6.3883867,2547
5871,0.0012528276362290527,1.5130522,4.32118,1178
5872,0.0004690127229006895,1.498586,4.5228543,441
5873,0.002069611697879233,4.212129,17.092417,1946
5874,0.003952043714963633,3.9492135,12.132361,3716
5875,0.005532435792583643,2.6473446,10.794191,5202
5876,0.0030352886874343943,3.4034894,13.814752,2854
5877,0.0019951652339267427,3.3618088,13.4411125,1876
5878,0.0017441742983154893,3.186944,16.653484,1640
5879,0.00039882034260262713,1.8042451,7.7271442,375
5880,0.0006317314226825613,1.6698959,6.8474956,594
5881,0.0011932704650670603,4.892838,15.341826,1122
5882,0.001135840335732282,3.9563153,14.562719,1068
5883,0.04695338481483569,6.159204,14.488279,44149
5884,0.0036638295473761344,3.4141877,11.684602,3445
5885,0.0010422504953348656,2.280882,8.395888,980
5886,0.0025822287782378095,2.7127297,9.4447365,2428
5887,0.00011698730049677062,2.1686215,8.144977,110
5888,0.002598181591941915,2.0233529,7.7334538,2443
5889,0.00019887841084451004,2.4529023,11.800049,187
5890,0.0006636370500907715,1.893736,10.086566,624
5891,0.0009156915066156319,1.8438385,6.109768,861
5892,0.0008476261681447834,1.8068049,9.094677,797
5893,1.0635209136070057e-05,2.1126742,5.5509353,10
5894,0.00413071522844961,3.0191917,9.585,3884
5895,0.1053545087437372,1.9423223,10.13256,99062
5896,0.0016133612259418275,1.7574852,5.583136,1517
5897,0.0036585119428080995,1.7325668,9.211003,3440
5898,0.001723967400956956,1.8935452,7.881543,1621
5899,0.0036393685663631734,1.7182877,6.2618184,3422
5900,0.0005041089130497206,2.0369923,9.227587,474
5901,0.00013719419785530372,2.4927392,14.941849,129
5902,0.005687709845970266,1.7591097,6.7062035,5348
5903,0.0006402395899914174,2.1510313,7.550678,602
5904,0.0004371070954924793,1.202372,3.0198653,411
5905,0.001314511849218259,1.6826521,8.088223,1236
5906,0.0006817169056220906,2.2488675,8.983717,641
5907,0.0009933285333089432,1.7373738,6.0014105,934
5908,0.0023716516373436226,2.2747056,10.943732,2230
5909,0.0066969911929833145,3.5832427,15.163247,6297
5910,0.0001510199697321948,1.6845958,4.302477,142
5911,0.0011900799023262393,1.6213794,5.3763275,1119
5912,0.0009252631948380949,1.8120807,6.406165,870
5913,0.1098042802462689,1.987285,8.694717,103246
5914,0.0019536879182960694,1.4648994,4.374802,1837
5915,0.005081502925214273,2.7179544,10.70721,4778
5916,0.0025535137135704205,1.4613395,5.740623,2401
5917,0.0014389437961102786,1.9973425,7.283853,1353
5918,0.0029055391359743394,1.8057573,8.265884,2732
5919,0.0030874012122011373,3.9260921,11.8392,2903
5920,0.0004243448445291952,1.6257427,4.8420267,399
5921,0.017168418108357893,2.1389608,8.652381,16143
5922,0.009657833416465218,1.3222688,4.00071,9081
5923,0.006344965770579396,3.1300883,11.238557,5966
5924,0.007933866015508263,1.6636325,5.2499313,7460
5925,0.00020206897358533108,2.3425653,7.393975,190
5926,0.0033394556687259976,2.9947548,9.411411,3140
5927,0.0034883485966309786,3.201215,11.236341,3280
5928,0.0010539492253845426,2.234209,10.322152,991
5929,0.0014431978797647066,1.607875,6.344412,1357
5930,0.001321956495613508,1.3469226,3.0422275,1243
5931,0.0023120944661816304,1.8984374,8.15681,2174
5932,0.0008380544799223204,2.0821788,11.810846,788
5933,0.0006221597344600983,1.455289,4.0057654,585
5934,0.0031565300715855928,1.6384737,5.1086636,2968
5935,0.0023418730517626263,3.2166083,10.447931,2202
5936,0.005920620926050201,2.137058,7.821678,5567
5937,0.0009337713621469509,2.6233978,11.702845,878
5938,0.00016590926252269287,1.6757206,7.991036,156
5939,0.0006827804265356976,2.1914108,9.248625,642
5940,0.004220050985192598,2.0715415,7.281183,3968
5941,0.002804504649181674,1.3916523,6.4069247,2637
5942,0.0016325046023867537,1.5096731,5.573812,1535
5943,0.0009273902366653089,1.8790582,6.1677384,872
5944,0.0006327949435961683,2.0391836,8.893885,595
5945,0.0009773757196048381,1.5712334,4.4943748,919
5946,0.00431895843015805,4.1050797,15.015106,4061
5947,0.004301942095540337,2.8421257,8.608818,4045
5948,0.0031427042997087015,3.5415804,11.314621,2955
5949,0.00040626498899787615,1.8182245,9.181096,382
5950,0.0022025518120801085,1.6233724,7.0571747,2071
5951,0.005287825982454032,3.0506136,10.711217,4972
5952,0.0027609002917237868,2.0478234,7.2273965,2596
5953,0.0008625154609352816,2.9357688,10.636199,811
5954,0.0008072123734277173,2.2205675,10.715771,759
5955,0.0020036734012355987,1.9466534,7.3017445,1884
5956,0.0006519383200410944,2.6146126,9.167033,613
5957,0.0004477423046285494,2.102112,8.69651,421
5958,0.0009231361530108808,1.7543586,9.405716,868
5959,0.0029055391359743394,1.4794852,8.315285,2732
5960,0.0012390018643521615,2.2132585,8.426123,1165
5961,0.0006774628219676625,1.8977098,6.161061,637
5962,0.001508072655494734,1.8583956,5.899406,1418
5963,0.00042009076087476724,1.6974208,7.186094,395
5964,0.0008997386929115267,2.7412734,13.717276,846
5965,0.055060604739261894,1.3027259,4.2467813,51772
5966,0.000190370243535654,2.505328,12.700355,179
5967,0.014878657581362009,4.0015707,14.731613,13990
5968,0.00033819965052702777,1.8979234,6.456686,318
5969,0.0016697278343629988,1.9375739,7.623776,1570
5970,0.01049163381273311,3.8310444,11.932949,9865
5971,0.0018367006177992986,3.5101082,12.010399,1727
5972,0.00622266086551459,1.8282055,6.946372,5851
5973,1.8079855531319095e-05,1.4826996,2.7811208,17
5974,0.0003573430269719539,2.0573466,10.341136,336
5975,0.0006689546546588066,2.0379684,7.160638,629
5976,0.00024035572647518327,1.8965675,11.460843,226
5977,0.002618388489300448,2.1857948,11.220685,2462
5978,0.0004690127229006895,1.7168121,6.644834,441
5979,0.002072802260620054,2.0067995,7.13565,1949
5980,0.001336845788404006,1.5363992,5.1514626,1257
5981,0.002974667995358795,3.6041183,12.4288645,2797
5982,0.002485448375099572,1.47177,5.1988373,2337
5983,0.0015952813704105085,2.2218995,9.205768,1500
5984,0.0008635789818488886,1.0866846,4.1157923,812
5985,0.0007178766166847288,1.9867424,8.20054,675
5986,0.0010475680999029006,1.9948845,8.439394,985
5987,0.007596729885894841,2.818136,12.010205,7143
5988,0.0012453829898338036,1.5921044,5.4406905,1171
5989,2.233393918574712e-05,1.2194837,1.9589695,21
5990,0.0017824610512053413,2.9640195,11.374049,1676
5991,0.0013559891648489322,1.9627078,8.533757,1275
5992,0.0004924101830000436,2.5487058,13.190977,463
5993,0.0021759637892399333,1.3844028,4.1831484,2046
5994,0.0012315572179569126,1.8033592,11.362049,1158
5995,0.00012655898871923366,2.160122,7.3185625,119
5996,0.002458860352259397,3.672504,12.107862,2312
5997,0.011203129303936197,2.5672262,8.621241,10534
5998,0.0012315572179569126,2.0987453,6.484769,1158
5999,0.0013889583131707493,2.0314603,7.727496,1306
6000,0.0013878947922571422,2.1044018,8.430737,1305
6001,0.0027172959342658992,2.178605,8.855257,2555
6002,0.0004700762438142965,1.683563,4.222653,442
6003,0.00021908530820304316,1.73421,8.128262,206
6004,0.0012007151114623094,1.7076931,6.175115,1129
6005,0.0023610164282075524,1.4495378,4.351147,2220
6006,0.00019675136901729605,1.9596457,8.025457,185
6007,0.002831092672021849,2.7412672,11.530896,2662
6008,1.0635209136070056e-06,1.3335018,1.3335018,1
6009,0.004209415776056528,1.6514637,5.098646,3958
6010,0.0009709945941231962,2.281006,9.664775,913
6011,0.0006838439474493046,1.9089197,7.791516,643
6012,0.006449190820112882,2.1225915,9.364992,6064
6013,0.0009943920542225503,3.59039,13.556922,935
6014,0.0005189982058402188,1.2887214,3.5635283,488
6015,0.001319829453786294,1.5894371,5.0944686,1241
6016,0.0005487767914212149,1.8860371,7.4313006,516
6017,0.0008710236282441377,1.8549467,6.049991,819
6018,0.003416029174505702,2.1640973,8.447281,3212
6019,0.06840779220502982,2.9490423,12.914777,64322
6020,0.0007923230806372192,1.9040312,7.7876897,745
6021,0.0004466787837149424,1.529235,3.9626012,420
6022,0.0025588313181384554,2.15992,10.623393,2406
6023,0.0010603303508661846,1.8812679,6.265976,997
6024,0.0010518221835573286,2.2693548,8.76584,989
6025,0.0025439420253479577,1.377516,3.577426,2392
6026,0.00036159711062638193,2.028579,6.7732124,340
6027,0.005245285145909752,1.8790336,11.033535,4932
6028,0.0051112815107952694,2.562458,11.469011,4806
6029,0.0007955136433780402,1.5728834,4.6526585,748
6030,0.00687991679012372,4.0501475,14.185888,6469
6031,0.00302252643647111,3.946255,13.053202,2842
6032,0.0021865989983760035,3.6084614,12.513718,2056
6033,0.0054260837012229425,3.398243,12.921065,5102
6034,7.338294303888339e-05,1.4590375,3.4463286,69
6035,0.0023503812190714822,1.8586502,6.076527,2210
6036,0.00022972051733911322,1.6317384,4.330211,216
6037,0.0006115245253240282,1.705825,7.9789867,575
6038,0.0006763993010540555,2.225254,9.259875,636
6039,0.0005030453921361137,1.8447105,6.4821095,473
6040,0.0007317023885616198,1.8809296,8.535875,688
6041,4.466787837149424e-05,1.2865006,3.4146533,42
6042,0.00025524501926568136,1.9993873,9.258328,240
6043,0.011629601190292606,1.8568243,12.634547,10935
6044,0.005915303321482165,3.6080725,13.1613,5562
6045,0.002856617173948417,3.2700727,12.263422,2686
6046,0.04092215771377036,1.4605619,7.008546,38478
6047,0.0006721452173996276,1.8420631,6.3341136,632
6048,0.030768723551564278,1.1473844,3.3154488,28931
6049,0.0005413321450259659,2.0585325,7.6696897,509
6050,0.0003360726086998138,1.6289307,4.870578,316
6051,0.003472395782926873,3.421658,12.404535,3265
6052,0.011227590284949159,1.712223,6.8106756,10557
6053,0.005025136316793102,2.2524326,8.635517,4725
6054,0.0019270998954558942,2.4288378,8.076276,1812
6055,0.0006987332402398027,1.7730187,6.03322,657
6056,0.00014570236516415978,1.5846299,4.2013383,137
6057,0.002627960177522911,1.5865427,5.6959076,2471
6058,0.0014357532333694576,2.630517,10.626589,1350
6059,0.007355310638506051,1.4699132,5.1940684,6916
6060,0.0018473358269353688,3.6623852,12.54308,1737
6061,0.006239677200132302,2.4570658,9.604592,5867
6062,0.10179384072498093,1.9096268,7.5465326,95714
6063,0.008845303438469466,2.3022778,10.386237,8317
6064,0.0015974084122377225,3.789451,13.664921,1502
6065,0.0076328895969574794,2.57642,9.000003,7177
6066,0.001297495514600547,4.1586165,13.439395,1220
6067,0.0005392051031987518,2.103953,12.346205,507
6068,0.0015825191194472244,1.5592455,5.2793355,1488
6069,0.013501397998240936,1.6057494,5.529755,12695
6070,0.01118079536475045,1.9704623,7.6654787,10513
6071,0.0006093974834968142,1.6974105,7.3417883,573
6072,0.003026780520125538,1.5527378,5.205959,2846
6073,0.01492119841790629,1.5832766,4.7610674,14030
6074,0.000948660654937449,1.7389859,4.996037,892
6075,0.0021802178728943617,2.9819627,9.953613,2050
6076,0.005060232506942133,2.981044,12.416442,4758
6077,0.0003137386695140667,1.5751865,4.1185355,295
6078,0.003811658954367508,1.3052098,3.8933399,3584
6079,0.00244716162220972,2.6804667,9.275473,2301
6080,0.003535143516829687,2.6834245,10.497991,3324
6081,0.0003137386695140667,1.928136,11.763992,295
6082,0.006880980311037326,2.5225441,10.665065,6470
6083,0.0006083339625832072,2.228708,9.735163,572
6084,0.00169418881537596,1.7119573,4.6622086,1593
6085,0.02436951821439093,1.4656912,5.4558887,22914
6086,0.0006327949435961683,1.5888026,5.903985,595
6087,0.0007231942212527639,1.9132661,6.232356,680
6088,0.009506813446733023,1.7002865,6.1763005,8939
6089,0.0024110019111470817,1.4921224,6.8229938,2267
6090,0.007369136410382942,3.4517846,13.660748,6929
6091,0.00042859892818362326,2.1266842,12.613983,403
6092,0.0010954265410152157,1.9640324,13.782468,1030
6093,0.0008029582897732892,1.7609578,6.6506643,755
6094,0.0008837858792074217,2.4241445,13.807522,831
6095,0.00034777133874949083,1.8646288,7.933318,327
6096,0.012360240057940619,2.2951784,7.387565,11622
6097,0.007250022068058957,1.8034439,7.040448,6817
6098,0.0003020399394643896,2.2065775,11.2521305,284
6099,0.0021855354774623966,2.3882425,9.1636095,2055
6100,0.0004839020156911876,1.8360636,8.762806,455
6101,0.0007189401375983358,2.1114414,10.907331,676
6102,0.00012017786323759164,1.3269676,3.4842663,113
6103,0.0019090200399245751,2.9068806,15.065291,1795
6104,0.0023610164282075524,1.4295783,3.9924808,2220
6105,0.002475876686877109,1.5990576,9.95728,2328
6106,0.001331528183835971,2.895226,9.2716255,1252
6107,0.004359372224875116,1.7300106,6.6517572,4099
6108,0.007460599208953145,2.422901,12.898742,7015
6109,0.0006455571945594524,1.8005426,6.331663,607
6110,0.00023397460099354125,2.5125194,10.574567,220
6111,0.0001329401142008757,1.7504284,7.9938283,125
6112,0.0014081016896156755,1.8585643,8.375298,1324
6113,0.0008465626472311765,1.839369,7.9227633,796
6114,0.0010624573926933986,1.855313,5.913374,999
6115,0.005998257952743512,2.1945112,9.073472,5640
6116,0.002389731492874942,1.6408323,9.8609295,2247
6117,0.002056849446915949,2.3221333,9.171574,1934
6118,0.0034553794483091612,4.2587247,14.278381,3249
6119,0.002508845835198926,2.1178324,7.512045,2359
6120,0.002100453804373836,1.4775455,5.744397,1975
6121,0.00027970600027864246,1.7198391,6.142377,263
6122,0.0048741163470609064,1.9544164,7.113764,4583
6123,0.0025939275082874865,1.5340157,4.974344,2439
6124,0.0009965190960497642,1.8772559,9.692643,937
6125,0.0007370199931296549,3.032988,11.47864,693
6126,0.00042221780270198123,1.3350815,5.172856,397
6127,0.0004849655366047946,1.5527678,4.6038117,456
6128,0.00014357532333694577,2.2626772,7.7933264,135
6129,0.007638207201525514,2.321097,9.583527,7182
6130,0.0006944791565853747,2.4481812,10.9519005,653
6131,0.0006859709892765186,1.9584819,8.028125,645
6132,0.0016346316442139676,1.7013365,5.25242,1537
6133,0.008446483095866838,1.8351372,6.7913885,7942
6134,0.00028715064667389153,2.1346943,15.254048,270
6135,2.7651543753782147e-05,1.6955669,3.6881793,26
6136,0.008612392358389532,1.819853,6.954885,8098
6137,0.009879045766495476,2.3388538,10.28199,9289
6138,0.0032448023074149743,1.3853943,4.627844,3051
6139,0.003005510101853398,3.9597805,12.285089,2826
6140,0.002637531865745374,1.8821172,7.4266844,2480
6141,0.0071362253303030075,1.2918792,4.223734,6710
6142,0.0008614519400216746,1.5726948,5.64506,810
6143,0.0020398331122982367,2.0553565,7.6083684,1918
6144,0.00170482402451203,2.7011633,9.319156,1603
6145,0.0008093394152549313,1.8296585,9.352189,761
6146,0.00020313249449893807,2.2863803,7.473056,191
6147,0.0032522469538102234,1.8126521,6.339186,3058
6148,0.0008965481301707058,1.6829599,9.812784,843
6149,0.18630014899928,11.192638,41.144608,175173
6150,0.0023131579870952373,1.8565366,6.6984024,2175
6151,3.935027380345921e-05,1.1603143,1.858902,37
6152,0.0005051724339633276,1.5558982,4.2496257,475
6153,0.0003584065478855609,1.5966071,7.5002384,337
6154,0.0010635209136070057,2.4595041,8.71964,1000
6155,0.0022216951885250347,4.9492536,12.033725,2089
6156,0.0001669727834362999,1.7156438,10.244547,157
6157,0.005507974811570682,1.808429,7.0435233,5179
6158,0.0006019528371015651,2.403577,8.141477,566
6159,0.08043195965427062,3.0637388,11.392725,75628
6160,0.002852363090293989,3.2930107,12.204339,2682
6161,0.002878951113134164,2.2769797,10.703194,2707
6162,0.0053654630091473435,3.1342556,14.122393,5045
6163,0.0005360145404579308,1.7035521,6.631443,504
6164,4.9985482939529265e-05,1.288753,2.4225495,47
6165,0.007285118258207988,2.5116615,10.113176,6850
6166,0.00029353177215553356,1.9205105,7.031218,276
6167,0.003234167098278904,1.9645735,7.745269,3041
6168,0.0007157495748575148,2.016871,7.956683,673
6169,0.0011443485030411382,1.9662259,7.2700014,1076
6170,0.002864061820343666,1.707384,5.554827,2693
6171,0.0072691654445038835,2.0634952,9.672498,6835
6172,0.0005051724339633276,1.6382409,7.4768295,475
6173,0.0005838729815702461,1.6527646,10.861037,549
6174,0.003254373995637437,1.8327632,6.4461493,3060
6175,0.002401430222924619,4.2786326,15.302084,2258
6176,0.002496083584235642,4.120753,12.890937,2347
6177,0.002721550017920327,4.862046,16.67041,2559
6178,0.001157110754004422,2.2448723,13.924364,1088
6179,0.00130706720282301,2.3916216,8.955367,1229
6180,0.000380740487071308,2.8260458,12.843322,358
6181,0.0034702687410996594,1.8380541,7.0485096,3263
6182,0.0013825771876891074,2.276596,7.4359474,1300
6183,3.82867528898522e-05,1.3200134,3.6065938,36
6184,0.0006359855063369894,1.8966875,9.748015,598
6185,0.0012049691951167374,1.8085978,5.9782367,1133
6186,0.002810885774663316,2.8268218,10.661143,2643
6187,0.001530406594680481,1.4848577,5.1853023,1439
6188,0.004088174391905329,2.4514275,10.775608,3844
6189,0.001510199697321948,1.7746625,5.352984,1420
6190,0.00020419601541254507,2.4678385,9.077346,192
6191,0.00397437765414938,1.5256855,4.1976833,3737
6192,0.002318475591663272,1.6432005,5.349513,2180
6193,0.005058105465114919,2.6638587,9.944762,4756
6194,0.0037414665740694458,1.8738761,6.697619,3518
6195,0.0027406933943652533,3.8365197,15.485962,2577
6196,0.002464177956827432,2.0589814,9.600303,2317
6197,0.022122298523939325,2.084207,9.635295,20801
6198,0.00567920167866141,1.6640481,5.131515,5340
6199,0.00032969148321817176,2.1424544,9.181279,310
6200,0.003731894885846983,1.4420563,5.365801,3509
6201,0.004648649913376221,1.4262006,5.140676,4371
6202,0.0031469583833631295,1.4471169,4.3065615,2959
6203,0.0008827223582938147,1.4852316,5.674975,830
6204,0.006718261611255455,2.5065134,9.017418,6317
6205,0.0011996515905487023,1.6525513,4.889897,1128
6206,0.0011443485030411382,1.6886826,5.737564,1076
6207,0.002835346755676277,3.019028,11.652439,2666
6208,3.935027380345921e-05,0.98286873,1.5153134,37
6209,0.02617324968386841,2.0225494,6.907115,24610
6210,0.0007859419551555772,2.4684808,12.471229,739
6211,0.006677847816538388,1.7031163,6.580267,6279
6212,0.0010805372482247178,2.261906,8.811546,1016
6213,0.004532726133793058,2.5851564,9.633267,4262
6214,0.0003201197949957087,1.8816049,8.647775,301
6215,0.0018452087851081548,1.6846397,7.443442,1735
6216,0.00046263159741904747,1.4310828,4.9133234,435
6217,0.0005987622743607442,2.307098,11.16744,563
6218,0.00011486025866955661,1.9731596,8.144083,108
6219,0.0013719419785530372,2.3197272,11.416742,1290
6220,0.0015410418038165512,2.939913,8.8535795,1449
6221,0.0016973793781167809,1.7512155,4.8252153,1596
6222,2.8715064667389152e-05,1.1222837,2.5441272,27
6223,0.0025875463828058448,2.087433,8.956922,2433
6224,0.00032331035773652974,1.5257775,5.447959,304
6225,0.00593125613518627,2.9692018,12.616417,5577
6226,0.00013719419785530372,2.1422164,13.3705225,129
6227,0.0006561924036955224,2.0540502,10.617787,617
6228,0.009068642830326937,2.0665243,10.541495,8527
6229,0.0013772595831210723,1.6827058,9.426004,1295
6230,0.0003945662589481991,2.007414,8.46588,371
6231,0.08603565134806593,4.292597,13.854382,80897
6232,0.0029714774326179737,3.0392737,13.555704,2794
6233,0.0014453249215919206,1.8230032,5.987513,1359
6234,3.190562740821017e-05,1.05977,1.7603538,30
6235,0.004849655366047946,3.2151747,12.231627,4560
6236,0.00038924865438016407,1.649437,6.213131,366
6237,0.0007231942212527639,2.3366888,9.37386,680
6238,0.007088366889190693,1.5802679,8.645966,6665
6239,0.00046688568107347545,1.591679,8.725224,439
6240,0.0014304356288014225,1.6978589,4.915449,1345
6241,0.001354925643935325,1.6982942,7.8482513,1274
6242,0.0010039637424450133,1.46994,4.155438,944
6243,0.0010177895143219044,1.7731624,8.114345,957
6244,0.0016165517886826486,2.7841086,9.150842,1520
6245,0.0007370199931296549,2.0565116,8.338868,693
6246,0.005077248841559845,1.7713134,5.8469596,4774
6247,0.00031692923225488766,2.2336075,15.452624,298
6248,0.0036936081329571307,1.7747467,6.6728544,3473
6249,0.0008263557498726433,1.7759438,6.7498107,777
6250,7.125590121166937e-05,0.78850216,1.7279984,67
6251,0.0011677459631404923,1.5047,3.5274036,1098
6252,0.001126268647509819,1.870637,6.50791,1059
6253,0.008352893255469422,2.0914283,8.159617,7854
6254,0.0012719710126739788,1.6747754,6.726311,1196
6255,0.00025099093561125333,1.3040785,5.0141115,236
6256,0.0004371070954924793,1.9284879,9.937929,411
6257,0.0037159420721428775,3.1775706,10.710675,3494
6258,0.003966933007754131,2.4195473,9.188341,3730
6259,0.000570047209693355,1.9393619,8.124592,536
6260,0.0003509619014903119,1.9780619,8.199374,330
6261,0.008748523035331229,2.6794884,9.648043,8226
6262,0.0006019528371015651,2.1343029,11.1185,566
6263,0.006258820576577228,1.9551547,7.1785855,5885
6264,0.0036595754637217064,1.337348,3.9673953,3441
6265,0.0002095136199805801,2.0002854,5.946112,197
6266,0.0015740109521383684,1.9492375,8.438959,1480
6267,0.0004605045555918334,2.5387306,10.039944,433
6268,0.0017941597812550184,1.9246101,9.203372,1687
6269,0.0004956007457408646,1.5631863,7.8560967,466
6270,0.0014176733778381385,1.5179198,4.9364667,1333
6271,0.0009337713621469509,1.5977343,4.910781,878
6272,0.0077860366085168884,2.4938893,10.638044,7321
6273,0.00030842106494603165,1.8823277,7.2223606,290
6274,0.0018090490740455165,1.9956921,8.831844,1701
6275,0.0010220435979763323,2.1411078,10.2338085,961
6276,0.004753938483823315,3.2504046,12.94373,4470
6277,0.005002802377607355,4.315322,13.935237,4704
6278,1.701633461771209e-05,1.0411811,1.4590081,16
6279,0.0005934446697927092,1.6980044,5.4668036,558
6280,0.0037021163002659866,3.388397,12.67538,3481
6281,0.0033160582086266435,1.8614604,7.659984,3118
6282,0.0004998548293952927,2.142533,9.755628,470
6283,0.014862704767657903,2.8938398,12.771834,13975
6284,0.010187466831441507,2.0265496,10.334795,9579
6285,0.0012379383434385546,2.7167144,11.74243,1164
6286,0.0004339165327516583,1.945591,8.782731,408
6287,0.0044699783998902445,2.5961678,9.433902,4203
6288,0.0008540072936264255,1.9905955,12.223313,803
6289,0.002259981941414887,2.163202,10.111206,2125
6290,0.0012241125715616635,1.7887347,6.9364176,1151
6291,0.0017558730283651664,2.9551873,13.255262,1651
6292,0.00019143376444926102,1.9767288,12.766821,180
6293,0.0003509619014903119,1.7820084,8.941392,330
6294,0.0013655608530713952,2.6889205,10.129881,1284
6295,0.002590736945546666,1.7141485,5.8855247,2436
6296,0.0012315572179569126,1.2999877,4.812942,1158
6297,0.0009614229059007331,1.6635867,6.4298563,904
6298,0.0017835245721189484,2.1426096,9.632195,1677
6299,0.009421731773644464,1.959408,9.479121,8859
6300,0.0003605335897127749,1.3978428,5.334784,339
6301,0.0016314410814731466,1.4447061,5.1967754,1534
6302,6.912885938445537e-05,3.218972,10.995997,65
6303,0.0007253212630799778,2.0021908,7.3020525,682
6304,0.00039137569620737806,2.8675053,13.074541,368
6305,0.0031341961323998455,2.808126,9.919174,2947
6306,0.0027279311434019694,4.9389873,15.064913,2565
6307,0.007950882350125974,2.8547795,12.842874,7476
6308,0.00010741561227430756,1.6480411,4.7122936,101
6309,0.0015708203893975473,4.4743114,14.241144,1477
6310,0.000760417453229009,1.6017845,6.1553354,715
6311,0.0010029002215314062,2.0708444,7.9918213,943
6312,0.002627960177522911,3.0754611,12.515087,2471
6313,0.0005051724339633276,2.5377529,15.993179,475
6314,0.000745528160438511,1.851413,7.456342,701
6315,0.002609880321991592,3.2143095,11.333028,2454
6316,0.0013262105792679361,4.7468796,13.978447,1247
6317,0.0008072123734277173,1.9292171,7.5280323,759
6318,5.6366608421171295e-05,1.310617,4.1661186,53
6319,0.00032862796230456476,2.3333511,9.945001,309
6320,0.005433528347618192,1.2949458,3.2453108,5109
6321,6.806533847084836e-05,1.7593011,3.9719245,64
6322,0.0018792414543435788,2.2116055,8.1390915,1767
6323,0.0013676878948986092,1.800664,5.8340664,1286
6324,1.8079855531319095e-05,1.3127459,1.7965521,17
6325,0.002079183386101696,1.9056542,8.849078,1955
6326,0.0007838149133283631,1.7428511,4.381009,737
6327,0.003421346779073737,2.1916938,8.903026,3217
6328,0.006534272493201442,2.4203541,9.609484,6144
6329,0.003014018269162254,1.5217351,4.8808365,2834
6330,0.002803441128268067,4.1225767,15.767295,2636
6331,0.010991488642128403,1.6284019,7.3216968,10335
6332,3.403266923542418e-05,1.9642495,4.9055505,32
6333,0.0031894992199074097,2.509237,8.905544,2999
6334,0.0023131579870952373,1.5677944,5.3765025,2175
6335,0.0012538911571426596,1.9197471,7.610251,1179
6336,2.233393918574712e-05,1.0660187,1.6490302,21
6337,0.001690998252635139,2.1938727,10.010776,1590
6338,0.001873923849775544,3.260024,18.296505,1762
6339,0.001693125294462353,1.8017544,7.4276485,1592
6340,0.0002658802284017514,1.888676,8.286668,250
6341,0.008422022114853878,3.1439488,11.475738,7919
6342,0.0007657350577970441,1.9293326,10.26589,720
6343,0.0027938694400456037,2.3534904,9.882261,2627
6344,0.0002616261447473234,1.7880107,6.941152,246
6345,0.0019430527091599992,4.2877917,14.065004,1827
6346,0.00025099093561125333,2.259674,8.400869,236
6347,0.0039212016084690295,4.5234866,14.953682,3687
6348,0.0015644392639159053,1.8666112,8.926058,1471
6349,0.0031118621932140983,1.7823845,6.1444025,2926
6350,0.001884559058911614,3.6699216,12.30531,1772
6351,0.001696315857203174,1.7340198,7.079498,1595
6352,0.0013474809975400762,2.8669446,10.615411,1267
6353,0.0002637531865745374,1.7842736,7.647087,248
6354,0.00018398911805401198,2.0444891,9.914916,173
6355,0.001528279552853267,2.0326753,10.027525,1437
6356,0.000761480974142616,1.742831,4.806451,716
6357,0.004304069137367552,1.9818248,8.666087,4047
6358,0.0012177314460800213,1.8381033,6.500838,1145
6359,0.0016878076898943178,2.8657227,14.485603,1587
6360,0.02197127855420713,1.9058646,9.973389,20659
6361,0.003270326809341542,2.4177847,8.91544,3075
6362,0.0009731216359504101,3.4497945,13.165463,915
6363,0.0009997096587905853,1.728319,11.134574,940
6364,0.0019313539791103221,3.1448052,11.282652,1816
6365,0.002270617150550957,1.4835827,6.0102553,2135
6366,0.0038137859961947223,3.4143686,13.089974,3586
6367,0.0016559020624861078,2.0290773,8.296724,1557
6368,0.00506129602785574,2.5226793,9.911845,4759
6369,0.000378613445244094,1.7839413,6.338434,356
6370,0.0018824320170844,1.4893169,4.672887,1770
6371,0.00042753540727001626,2.3088498,7.78767,402
6372,0.0017750164048100925,2.9990482,11.995659,1669
6373,0.0012145408833392005,2.2865143,7.177321,1142
6374,0.005031517442274744,2.4939008,11.537334,4731
6375,0.004505074590039276,1.8096696,6.962012,4236
6376,0.0001308130723736617,1.2526698,3.015881,123
6377,0.005888715298641991,1.4379694,4.0340567,5537
6378,0.0004179637190475532,1.3525264,3.5402672,393
6379,6.168421298920632e-05,1.1067903,3.1087883,58
6380,0.0023376189681081983,2.5399835,12.036682,2198
6381,0.005680265199575017,3.8497918,12.934266,5341
6382,0.002030261424075774,2.0857377,7.1769075,1909
6383,0.001910083560838182,2.0620785,10.638977,1796
6384,0.0023886679719613345,3.5509038,10.656866,2246
6385,0.0009656769895551611,1.9482102,7.8066463,908
6386,0.0002605626238337164,2.3177545,12.407428,245
6387,0.0008699601073305306,1.7806807,6.2045274,818
6388,0.01685999704341186,1.3398967,5.5742035,15853
6389,0.008104029361685383,2.6810112,11.25788,7620
6390,0.0005434591868531799,1.3161509,6.2983437,511
6391,0.0003594700687991679,2.1150005,8.527736,338
6392,0.0004094555517386972,1.7321802,6.359022,385
6393,0.005727060119773726,2.4037814,8.574878,5385
6394,0.00040626498899787615,1.985692,9.021003,382
6395,0.0009624864268143401,3.470411,11.019883,905
6396,0.002903412094147125,5.3270454,17.1288,2730
6397,0.00010316152861987954,1.0002764,1.7395291,97
6398,0.0021610744964494356,1.5462667,4.9139414,2032
6399,0.0004839020156911876,2.4561608,10.595968,455
6400,0.00030842106494603165,1.6694195,4.5879607,290
6401,0.00015421053247301582,1.3469721,4.5899625,145
6402,2.3397460099354124e-05,1.2517512,1.9630145,22
6403,0.002872569987652522,3.7180276,16.764511,2701
6404,0.0009178185484428459,1.8076694,5.183888,863
6405,0.0014814846326545589,2.7336695,11.779712,1393
6406,0.002839600839330705,3.8520846,13.867006,2670
6407,0.0006317314226825613,3.227545,10.794134,594
6408,0.001510199697321948,1.833759,5.828101,1420
6409,0.004277481114527377,2.6559386,10.797298,4022
6410,0.00480179692493563,3.3546886,11.046702,4515
6411,0.0028959674477518765,2.6408145,13.086613,2723
6412,0.0009709945941231962,2.2196932,9.025548,913
6413,0.0017292850055249912,2.9295819,11.856816,1626
6414,0.0010975535828424297,2.696936,9.790524,1032
6415,0.0025875463828058448,3.260469,12.130458,2433
6416,3.935027380345921e-05,1.118472,2.207295,37
6417,0.006236486637391481,3.4323096,13.933955,5864
6418,0.0017888421766869835,1.5128464,6.0610046,1682
6419,0.0008433720844903555,2.1964958,8.667659,793
6420,0.004344482932084618,3.7812796,10.877712,4085
6421,0.004992167168471284,2.0618088,15.238074,4694
6422,0.0027694084590326427,3.0007849,12.308762,2604
6423,0.00590998571691413,2.8380885,9.416921,5557
6424,0.004387023768628898,1.7919153,8.80486,4125
6425,0.003025716999211931,1.9654222,7.9788747,2845
6426,0.002083437469756124,3.4424329,10.773593,1959
6427,0.001862225119725867,3.2897847,15.018159,1751
6428,0.0018260654086632287,1.611643,4.458941,1717
6429,0.0013964029595659984,3.0376265,11.065357,1313
6430,0.0006647005710043785,2.0249155,8.343434,625
6431,0.0016420762906092167,1.6527244,8.324449,1544
6432,0.0014229909824061736,1.6330314,5.975378,1338
6433,0.00034777133874949083,2.3867104,13.132533,327
6434,0.0007987042061188613,2.227682,7.1734095,751
6435,0.0013761960622074652,1.9760127,6.601479,1294
6436,0.0023248567171449143,4.7542086,15.228728,2186
6437,0.0011953975068942743,1.8149004,6.4347,1124
6438,0.0006136515671512422,2.211751,9.930403,577
6439,0.00014570236516415978,1.1560004,2.7718716,137
6440,0.0007753067460195071,1.8359864,7.1146493,729
6441,0.00480179692493563,3.1684108,10.361214,4515
6442,0.0005104900385313627,1.876373,8.813915,480
6443,0.0020472777586934858,3.6444533,14.111363,1925
6444,0.0021185336599051554,4.5028086,14.513234,1992
6445,0.0004966642666544716,1.9755554,5.5253606,467
6446,0.0021802178728943617,1.5840827,4.606053,2050
6447,0.007995550228497468,2.3982208,8.94321,7518
6448,0.0009763121986912311,1.9533036,8.954528,918
6449,0.0036659565892033486,1.8343316,7.0842724,3447
6450,0.004615680765054404,1.7548894,6.3317456,4340
6451,0.001525088990112446,3.373462,21.323343,1434
6452,0.0012921779100325118,2.0690672,8.553583,1215
6453,0.00024035572647518327,1.1749551,2.7811224,226
6454,0.00048602905751840157,2.025233,12.084641,457
6455,0.001336845788404006,1.8715856,7.5356836,1257
6456,0.0012794156590692277,2.6438565,10.054303,1203
6457,0.0009327078412333439,1.6512887,5.5421486,877
6458,0.0006561924036955224,1.8137652,6.792656,617
6459,0.00036159711062638193,1.6122518,5.5639286,340
6460,0.009387699104409038,3.0468996,12.199214,8827
6461,0.0007157495748575148,1.7334275,7.608768,673
6462,6.062069207559932e-05,1.349478,3.7306302,57
6463,0.004211542817883742,3.2149909,14.794156,3960
6464,0.01425011672142027,1.5577644,6.582473,13399
6465,0.0008029582897732892,2.0798512,7.4176416,755
6466,0.0008274192707862503,2.0340106,9.717852,778
6467,0.0032990418740089316,2.1298158,10.757753,3102
6468,0.0005583484796436779,1.8055601,7.0420837,525
6469,0.00027013431205617945,1.6474841,4.0436254,254
6470,0.0003265009204773507,2.0589828,8.844226,307
6471,0.002104707888028264,1.6541512,5.0343857,1979
6472,0.0019675136901729606,2.8096004,9.915912,1850
6473,0.0007880689969827912,1.8370016,8.674803,741
6474,0.0008880399628618497,2.039134,11.576332,835
6475,0.0019260363745422873,3.9453387,13.098583,1811
6476,0.002503528230630891,3.766892,13.0812435,2354
6477,0.0025609583599656696,1.7090703,7.680278,2408
6478,0.05408322901965706,1.2788278,4.368292,50853
6479,0.003538334079570508,2.5603428,9.802478,3327
6480,0.0020398331122982367,4.548434,13.618853,1918
6481,0.002690707911425724,2.0429785,6.9139395,2530
6482,0.0016293140396459326,1.837089,8.190374,1532
6483,0.012974955146005468,1.2905297,3.8536863,12200
6484,0.007585031155845164,2.1054952,8.698265,7132
6485,0.002256791378674066,1.8627995,8.50448,2122
6486,0.002299332215218346,4.238608,13.172254,2162
6487,0.002864061820343666,1.3511028,4.327231,2693
6488,0.007867927718864628,3.352443,11.51313,7398
6489,0.0005009183503088997,2.105428,11.082552,471
6490,0.0015176443437171971,1.6240114,5.6318636,1427
6491,0.0011762541304493482,2.6729362,10.5260515,1106
6492,0.0023323013635401634,1.9131349,8.057822,2193
6493,0.0004711397647279035,1.645614,7.64169,443
6494,0.002203615332993716,1.2091442,3.0437155,2072
6495,0.0007083049284622657,2.4142723,10.334283,666
6496,0.0020089910058036335,2.3391612,10.245803,1889
6497,8.614519400216745e-05,1.1974884,2.3202026,81
6498,0.0012911143891189047,2.2977304,11.7963,1214
6499,0.0006370490272505964,1.4605533,3.8324337,599
6500,0.0005721742515205691,2.0846539,13.178566,538
6501,0.014656381710418144,1.9228022,7.560753,13781
6502,3.72232319762452e-05,5.1268806,18.775486,35
6503,0.002485448375099572,2.4413538,10.520418,2337
6504,0.0015974084122377225,2.8102274,14.848149,1502
6505,0.0009082468602203828,1.8890886,9.062991,854
6506,0.00645344490376731,2.348136,11.242167,6068
6507,0.0029799855999268297,4.317422,11.569974,2802
6508,0.009086722685858256,1.7433547,6.631908,8544
6509,0.00025630854017928836,1.8632933,7.906541,241
6510,0.0015793285567064033,4.285666,14.518166,1485
6511,0.0008338003962678924,1.8483198,7.426229,784
6512,0.003965869486840524,3.4894042,13.9320545,3729
6513,0.000761480974142616,1.7166613,5.6243906,716
6514,0.006621481208117217,1.4416652,3.6611202,6226
6515,0.004667793289821148,2.9049633,10.637305,4389
6516,0.015711394456716293,2.3478196,7.405057,14773
6517,0.0016771724807582479,2.2635298,8.785051,1577
6518,0.0005083629967041487,1.8953183,9.574916,478
6519,0.0017558730283651664,1.8358332,9.000866,1651
6520,0.015262588631174138,3.531988,14.440045,14351
6521,6.168421298920632e-05,1.4735117,4.98162,58
6522,0.00425833773808245,2.365665,8.714117,4004
6523,7.019238029806238e-05,1.1758193,2.8462853,66
6524,0.0036765917983394183,2.4521956,10.723338,3457
6525,0.0016154882677690415,2.0450127,15.783534,1519
6526,0.005250602750477787,1.2040259,3.341406,4937
6527,0.0008933575674298848,1.6997474,8.813669,840
6528,0.0003498983805767048,1.9912264,9.341392,329
6529,0.0524645501891472,2.139486,7.040004,49331
6530,0.0021440581618317233,2.2297828,9.487654,2016
6531,0.005014501107657032,3.3367412,12.608743,4715
6532,0.0003126751486004597,1.8068123,5.516199,294
6533,0.006426856880927135,2.011708,8.775191,6043
6534,0.003607462938954963,3.335089,11.105078,3392
6535,0.00017441742983154891,2.3843684,10.987158,164
6536,0.0008050853316005032,2.2412238,9.148057,757
6537,0.0014942468836178428,1.8770937,11.158984,1405
6538,0.00567920167866141,2.8279357,13.404958,5340
6539,0.002191916602944039,3.227548,11.862573,2061
6540,0.003443680718259484,3.8098438,15.481285,3238
6541,0.008906987651458672,2.7044303,10.762076,8375
6542,0.003967996528667738,1.7931002,8.558618,3731
6543,0.0009763121986912311,2.4181302,11.144313,918
6544,0.0013953394386523913,2.2644386,11.776572,1312
6545,0.0015899637658424734,3.1565073,15.585717,1495
6546,0.0006083339625832072,1.7538667,12.684357,572
6547,2.5524501926568134e-05,1.2505435,2.2888327,24
6548,0.0031235609232637754,4.943442,13.4977045,2937
6549,0.003175673448030519,4.0628996,11.394433,2986
6550,0.0013400363511448272,1.550624,7.213035,1260
6551,0.00031586571134128066,2.4891105,7.9558067,297
6552,0.00036797823610802395,1.5657754,5.412723,346
6553,0.0068905519992597895,2.012966,8.698187,6479
6554,0.004718842293674284,1.5154965,4.0600634,4437
6555,0.00425833773808245,1.8412515,8.521562,4004
6556,0.00240462078566544,2.102437,10.568318,2261
6557,0.0006030163580151721,2.031571,14.576843,567
6558,0.002466304998654646,1.591217,5.4253078,2319
6559,0.000748718723179332,2.5541313,9.159476,704
6560,0.0008189111034773944,1.5405719,5.614797,770
6561,0.07518667450836088,1.6367908,6.3598022,70696
6562,0.004314704346503622,1.5473379,6.0389295,4057
6563,0.0015218984273716251,1.9221567,6.156762,1431
6564,0.003384123547097492,1.9025346,6.6510196,3182
6565,0.0004105190726523042,2.200431,9.35106,386
6566,0.0007189401375983358,1.4147788,3.5358212,676
6567,0.0019738948156546024,2.6530252,9.635908,1856
6568,0.046105758646690906,2.5870333,9.339403,43352
6569,0.0011783811722765622,1.89373,6.130704,1108
6570,0.004379579122233649,1.4433209,4.8259916,4118
6571,0.0010794737273111107,1.8545976,6.1555414,1015
6572,0.002954461098000262,1.8909844,8.639122,2778
6573,0.0022769982760325993,1.4411471,4.7132287,2141
6574,0.011958229152597172,1.7656538,6.813495,11244
6575,0.0012092232787711654,2.293328,7.8172517,1137
6576,0.007766893232071962,2.8823292,9.586211,7303
6577,0.004154112688548964,1.6710337,6.3946457,3906
6578,0.0028651253412572734,3.3223083,12.133007,2694
6579,0.004605045555918334,2.9020467,11.399969,4330
6580,0.002492893021494821,2.3076985,11.844306,2344
6581,0.0019834665038770656,3.0482535,10.55981,1865
6582,0.003202261470870694,2.224581,8.117999,3011
6583,0.0039041852738513176,3.426958,10.418517,3671
6584,0.004930482955482078,3.621564,12.865925,4636
6585,0.0044008495405057895,3.4517176,11.383888,4138
6586,0.0008891034837754567,2.4765122,8.814227,836
6587,0.0005945081907063162,1.7994959,6.751346,559
6588,0.0026205155311276617,1.3509705,4.983551,2464
6589,0.007005412257929346,2.6817193,9.791708,6587
6590,0.00132833762109515,2.1586618,7.071357,1249
6591,0.005795125458244573,2.7222247,13.529126,5449
6592,0.003412838611764881,3.3462925,14.833435,3209
6593,0.0023057133406999882,2.5213795,10.349283,2168
6594,0.0029597787025682967,2.7936797,9.512317,2783
6595,0.002262108983242101,1.59649,5.0556765,2127
6596,0.00222701279309307,1.9964083,6.8229284,2094
6597,0.0015718839103111544,1.5631541,5.0840764,1478
6598,0.00046688568107347545,1.1975683,2.8609068,439
6599,0.0004839020156911876,2.0361748,10.870305,455
6600,0.005320795130775849,1.4978752,5.3712926,5003
6601,0.0003052305022052106,1.7998458,6.3240333,287
6602,0.006141833276080457,2.0224888,7.6224113,5775
6603,0.0008050853316005032,1.4489722,4.625846,757
6604,0.0031703558434624836,4.0865836,13.725863,2981
6605,0.005588802401004815,1.3959163,4.405952,5255
6606,0.0012921779100325118,4.4732165,15.273499,1215
6607,0.0006327949435961683,2.1812344,9.641559,595
6608,0.002828965630194635,1.7469366,7.9569316,2660
6609,0.004445517418877284,2.789868,9.591893,4180
6610,0.09885214187794396,1.8685077,8.44305,92948
6611,0.0005902541070518881,1.9276154,9.565792,555
6612,0.0012911143891189047,1.9463001,6.755374,1214
6613,0.013285503252778713,1.3315687,4.089308,12492
6614,0.0016420762906092167,2.0420487,7.222468,1544
6615,0.0006253502972009194,1.7268332,8.490504,588
6616,0.0007136225330303008,1.8415482,7.1512213,671
6617,0.0018345735759720846,2.1276891,11.054365,1725
6618,0.002520544565248603,1.7251785,6.626271,2370
6619,0.0034957932430262277,2.8086147,8.827989,3287
6620,0.0070756046382274085,3.3393114,12.227868,6653
6621,0.0006030163580151721,1.7357286,6.7947946,567
6622,0.00420197112966128,2.846711,13.854147,3951
6623,0.0046720473734755755,2.3300798,11.934865,4393
6624,0.0014836116744817729,1.6170782,4.9351406,1395
6625,0.0022972051733911323,1.923563,7.862934,2160
6626,3.1905627408210167e-06,1.338916,1.6841534,3
6627,0.003923328650296244,2.3700728,9.046515,3689
6628,0.00010316152861987954,3.662504,13.895721,97
6629,0.00034883485966309783,2.3210447,12.888006,328
6630,0.001137967377559496,1.9963621,10.591087,1070
6631,0.0017590635911059872,2.038881,6.776312,1654
6632,0.0019621960856049253,1.912466,7.8289967,1845
6633,0.00112945921025064,1.8388695,8.417394,1062
6634,0.002484384854185965,1.8989294,5.8733473,2336
6635,0.0023333648844537703,3.9729176,16.193756,2194
6636,0.0029416988470369774,4.4593034,13.575621,2766
6637,0.0018771144125163649,2.033679,8.085897,1765
6638,7.870054760691842e-05,1.5544388,4.290244,74
6639,0.0009125009438748108,2.0187607,7.0428514,858
6640,0.00036691471519441696,2.6128297,8.668448,345
6641,0.0028066316910088877,1.9801537,7.4989667,2639
6642,0.004806051008590059,1.8728313,6.996906,4519
6643,0.00473798567011921,1.2884548,4.469821,4455
6644,0.0029300001169873004,3.789998,13.353431,2755
6645,0.008905924130545065,2.1152194,7.74714,8374
6646,0.00131770241195908,1.6508282,5.955172,1239
6647,0.002610943842905199,2.073106,7.204503,2455
6648,0.0006476842363866665,1.4904866,6.6455216,609
6649,0.0007859419551555772,2.4159322,10.038989,739
6650,0.025969053668455862,2.417376,9.234346,24418
6651,0.006287535641244618,2.378893,12.182729,5912
6652,0.0066799748583656025,2.4773996,9.637952,6281
6653,0.0016144247468554346,3.5181122,13.5037985,1518
6654,0.010973408786597085,2.0710526,9.610058,10318
6655,0.005248475708650573,1.8452519,6.753485,4935
6656,0.0016027260168057574,2.3625178,9.195227,1507
6657,0.0006721452173996276,3.1876993,18.55299,632
6658,0.006391760690778104,2.5585198,12.965087,6010
6659,0.0005349510195443238,2.152906,15.460995,503
6660,0.0026800727022896543,3.1206086,10.421323,2520
6661,0.0020440871959526647,2.6734295,11.334248,1922
6662,0.0036808458819938463,3.4824345,14.016028,3461
6663,0.0016633467088813568,1.865634,9.450596,1564
6664,0.0047560655256505295,3.2448683,12.865524,4472
6665,0.003290533706700075,1.5419213,7.247111,3094
6666,0.006017401329188438,2.1569598,8.635157,5658
6667,0.00039243921712098505,1.6260762,5.6927576,369
6668,0.0018058585113046954,1.8846409,10.364624,1698
6669,0.0067086899230329915,2.5495706,9.940798,6308
6670,0.0017718258420692714,4.208466,16.294516,1666
6671,0.0030788930448922814,1.5919614,6.323516,2895
6672,0.001513390260062769,1.8593118,7.465689,1423
6673,0.0011964610278078812,2.0830448,7.240247,1125
6674,6.274773390281333e-05,1.8046861,4.4464498,59
6675,0.001149666107609173,1.5765772,5.055724,1081
6676,0.005097455738918378,2.2046912,10.768523,4793
6677,0.0022493467322788167,4.0453987,15.28266,2115
6678,0.0012156044042528073,3.465352,13.598089,1143
6679,0.0018430817432809408,1.6331649,6.006562,1733
6680,0.003204388512697908,2.6368341,10.0563965,3013
6681,0.00011060617501512859,2.3797097,8.435758,104
6682,0.0008986751719979197,2.0264902,6.5750318,845
6683,0.0006902250729309467,1.944792,9.231851,649
6684,0.004014791448866446,3.13933,12.244847,3775
6685,0.0012294301761296986,3.8166368,12.93744,1156
6686,0.0012517641153154456,1.5661587,5.4265227,1177
6687,0.00027757895845142847,1.9038842,6.3648996,261
6688,0.006207771572724092,1.8724328,6.3363247,5837
6689,0.00018824320170843998,2.4715726,9.863965,177
6690,0.0019728312947409955,3.5811765,14.168355,1855
6691,0.0012304936970433055,2.911193,12.35952,1157
6692,0.00042859892818362326,2.0169332,12.596285,403
6693,0.0021685191428446843,1.6118042,4.810131,2039
6694,0.002298268694304739,3.3652134,12.971755,2161
6695,0.0014463884425055277,1.7347157,5.440281,1360
6696,0.0007891325178963982,1.9242173,8.09119,742
6697,0.00718514729232893,2.5017557,9.836666,6756
6698,0.0038648350000478585,1.8856839,8.20617,3634
6699,0.0025811652573242026,2.4638631,9.93598,2427
6700,0.0019664501692593533,3.1446214,11.568622,1849
6701,0.00014463884425055276,1.93289,11.994992,136
6702,0.0005913176279654951,1.8748702,7.449625,556
6703,0.0017580000701923804,2.1695862,10.514744,1653
6704,0.000378613445244094,2.900129,13.979758,356
6705,0.0006296043808553473,1.5692103,4.2472835,592
6706,0.0004190272399611602,1.9928845,10.55657,394
6707,0.0019855935457042794,2.5435562,9.834639,1867
6708,0.0016771724807582479,1.5787051,5.148325,1577
6709,0.0010316152861987954,1.6876532,5.354725,970
6710,0.002800250565527246,1.860572,9.209999,2633
6711,0.002077056344274482,1.720538,5.203543,1953
6712,0.00019462432719008203,1.8795694,6.3908157,183
6713,0.003270326809341542,3.1543481,11.913401,3075
6714,0.0006742722592268416,1.731078,5.7333183,634
6715,0.0018047949903910886,2.1709516,6.960787,1697
6716,0.001526152511026053,1.8100135,7.2873416,1435
6717,0.00167291839710382,1.7948722,7.041793,1573
6718,3.509619014903119e-05,1.6169115,4.3109937,33
6719,0.0001712268670907279,1.4896606,3.8803651,161
6720,0.0018824320170844,4.0042315,12.595134,1770
6721,0.0008657060236761026,1.4824175,3.944165,814
6722,0.0016527114997452867,1.7894349,6.882874,1554
6723,0.005266555564181892,1.8787658,5.9089975,4952
6724,0.0003445807760086698,2.177156,10.787755,324
6725,0.0028066316910088877,2.6296194,10.725227,2639
6726,0.005269746126922713,2.128554,6.9664745,4955
6727,0.007236196296182066,3.2881296,12.097516,6804
6728,0.0008561343354536395,2.68541,13.6517515,805
6729,0.0016229329141642906,3.6689777,13.782699,1526
6730,0.029600977588423786,1.9775487,8.356722,27833
6731,0.011533884308067977,1.3557408,4.5974154,10845
6732,0.00013613067694169672,1.4199308,3.2323337,128
6733,0.08297271111687776,1.9626895,10.128741,78017
6734,0.001491056320877022,2.4289505,9.49384,1402
6735,0.008685775301428415,1.9134246,7.623,8167
6736,0.0015846461612744383,2.461264,9.690068,1490
6737,0.0017548095074515593,1.6241546,5.720358,1650
6738,0.0008667695445897096,1.587753,4.95038,815
6739,0.0013995935223068193,1.845767,4.877603,1316
6740,0.0038680255627886796,2.66006,11.5281315,3637
6741,0.033347761767061265,2.0944772,7.9349895,31356
6742,0.000567920167866141,1.4561847,4.577906,534
6743,0.0006051433998423862,2.0379424,14.527913,569
6744,0.0006285408599417403,1.5116882,4.935774,591
6745,0.0012868603054644768,1.7034782,18.111254,1210
6746,0.008276319749689717,1.7829161,6.333914,7782
6747,0.0019132741235790031,3.645299,11.864448,1799
6748,0.000747655202265725,1.2158893,3.1468918,703
6749,0.00152721603193966,3.3115277,12.771707,1436
6750,0.0007848784342419701,1.7672395,5.57805,738
6751,0.009027165514696263,2.1308012,12.317739,8488
6752,0.0035404611213977217,2.1899686,7.83864,3329
6753,0.0008518802517992115,1.3770341,4.115609,801
6754,7.976406852052543e-05,2.480337,8.780338,75
6755,0.0004892196202592226,2.1594324,8.81503,460
6756,0.0025428785044343503,1.7597184,6.9204674,2391
6757,0.012206029525467604,2.1096506,8.5441065,11477
6758,0.018822193129016784,2.0760138,6.9723444,17698
6759,0.00616948481983424,2.4024723,8.878271,5801
6760,0.0015686933475703333,1.4961879,4.226046,1475
6761,0.0013644973321577881,2.0640152,9.883058,1283
6762,0.000190370243535654,1.7504288,5.802466,179
6763,0.0009688675522959822,1.9261767,6.327308,911
6764,0.0004307259700108373,1.8371929,5.7318983,405
6765,0.0006540653618683084,2.2155948,10.364862,615
6766,0.0013538621230217182,2.8351185,10.47467,1273
6767,0.0025875463828058448,1.362312,4.1277695,2433
6768,0.0001308130723736617,1.2258147,2.8532317,123
6769,0.001881368496170793,1.9878813,7.4206076,1769
6770,0.0007072414075486587,3.0359247,9.42062,665
6771,0.0008933575674298848,1.7808444,9.149688,840
6772,0.003215023721833978,2.497111,8.94224,3023
6773,0.00208131042792891,2.420686,12.226911,1957
6774,0.006263074660231656,1.620786,5.1058674,5889
6775,0.0007710526623650791,2.0540795,8.480928,725
6776,0.0019345445418511432,1.4807972,6.128816,1819
6777,0.0012804791799828348,1.9006206,9.548433,1204
6778,0.002622642572954876,1.5602063,5.179596,2466
6779,0.021130033511543987,2.0886407,11.068447,19868
6780,0.003227785972797262,4.246108,15.402514,3035
6781,0.0031448313415359157,1.7720033,7.2126594,2957
6782,0.0012007151114623094,2.2905402,9.754523,1129
6783,0.0010688385181750408,1.6708789,6.422135,1005
6784,0.0025577677972248485,3.557279,12.994027,2405
6785,0.003578747874287574,1.7876129,8.419125,3365
6786,0.0004477423046285494,2.366299,9.199283,421
6787,0.0076967008517739,2.7185402,9.484462,7237
6788,0.003603208855300535,2.160993,9.348043,3388
6789,0.00015421053247301582,1.2419952,3.390459,145
6790,0.011700857091504277,3.391332,13.920159,11002
6791,0.0023354919262809845,1.5855287,8.869387,2196
6792,0.0005253793313218608,3.0723083,17.73509,494
6793,0.0025971180710283076,2.855889,10.183109,2442
6794,0.006638497542734929,3.0797472,11.02714,6242
6795,0.0029225554705920513,1.8295546,8.621305,2748
6796,0.0016027260168057574,1.8464811,7.0341096,1507
6797,0.00020206897358533108,2.438107,9.948352,190
6798,2.1270418272140113e-06,1.8982979,2.428489,2
6799,0.0033500908778620678,1.7290033,6.8581276,3150
6800,7.444646395249039e-06,1.497091,2.782408,7
6801,0.0012581452407970876,2.8473997,10.972323,1183
6802,0.003976504695976594,2.2678778,11.784766,3739
6803,0.007855165467901343,1.9205513,7.2913513,7386
6804,0.0007529728068337599,1.5597035,5.9449496,708
6805,0.00029353177215553356,1.3125074,3.537221,276
6806,0.0023503812190714822,1.8579782,6.670046,2210
6807,0.0003956297798618061,2.0459504,7.497482,372
6808,0.0008050853316005032,2.9954736,10.421584,757
6809,0.0005434591868531799,1.3903686,6.0471277,511
6810,0.0012485735525746245,1.3338505,5.5344563,1174
6811,0.0006615100082635575,1.7740057,6.3560843,622
6812,0.0010975535828424297,2.0027838,8.1398115,1032
6813,0.0021770273101535407,3.0746706,11.798462,2047
6814,0.0004190272399611602,1.1861645,3.7677517,394
6815,0.001143284982127531,1.8873701,6.853609,1075
6816,0.0006636370500907715,1.8450443,6.1598105,624
6817,0.0004371070954924793,1.9857821,13.481696,411
6818,0.0002084500990669731,1.9252055,9.61808,196
6819,0.0002626896656609304,1.8333013,6.855959,247
6820,0.009747169173208206,1.6027011,5.5482097,9165
6821,0.0032798984975640055,2.3402972,9.64724,3084
6822,0.002140867599090902,1.8915858,6.6463504,2013
6823,0.004813495654985307,2.0533128,10.461683,4526
6824,0.0075403632774736695,1.7129741,6.287025,7090
6825,0.002079183386101696,2.5119529,9.396926,1955
6826,0.0010071543051858344,2.4588702,8.622583,947
6827,0.0005285698940626817,1.8506578,7.9259963,497
6828,0.0032894701857864683,2.5241075,9.175909,3093
6829,0.0008359274380951064,2.054972,10.341959,786
6830,0.0012081597578575585,2.2176452,7.475347,1136
6831,0.004418929396037109,2.4652452,9.46099,4155
6832,0.002899158010492697,3.3244433,12.52901,2726
6833,0.0003009764185507826,1.7234718,7.921896,283
6834,0.00019462432719008203,2.0882492,12.217428,183
6835,0.0005072994757905416,1.9398807,7.1673894,477
6836,0.000377549924330487,1.718606,9.448496,355
6837,0.0025630854017928834,2.879315,10.821964,2410
6838,0.0006168421298920633,1.8111484,6.9590387,580
6839,0.0024227006411967587,2.2085264,8.323823,2278
6840,0.002250410253192424,1.8992515,9.183784,2116
6841,0.0010305517652851885,1.7938033,6.187984,969
6842,0.0029097932196287674,2.123553,7.0512614,2736
6843,0.00031054810677324564,1.8454834,12.994024,292
6844,0.0013400363511448272,1.9154174,11.641314,1260
6845,0.002075992823360875,3.9774966,12.898371,1952
6846,0.007618000304166981,1.830023,6.7154117,7163
6847,7.019238029806238e-05,1.2884029,3.2911549,66
6848,0.007120272516598903,2.8976576,14.305651,6695
6849,0.002807695211922495,2.734758,12.043567,2640
6850,0.0009061198183931688,1.1811692,2.9942703,852
6851,0.00032437387865013673,1.7368324,5.4581604,305
6852,9.46533613110235e-05,1.5887338,6.522069,89
6853,0.0016208058723370766,1.9337435,9.807191,1524
6854,0.0007412740767840829,1.5750248,6.0935636,697
6855,0.0029246825124192655,3.9545221,13.317278,2750
6856,0.0046518404761170425,2.105325,7.2792416,4374
6857,0.001670791355276606,2.0317533,7.5583043,1571
6858,0.004657158080685077,3.7125444,12.0571165,4379
6859,0.0014091652105292824,2.0493734,9.730593,1325
6860,0.002685390306857689,1.8853701,6.669819,2525
6861,0.00323204005645169,3.8069284,16.110628,3039
6862,0.0010773466854838967,2.1542475,10.903311,1013
6863,0.002507782314285319,3.7997465,13.195323,2358
6864,0.0012219855297344495,1.4854153,4.9697933,1149
6865,0.0008348639171814994,1.7449417,7.208837,785
6866,0.007335103741147517,3.934907,16.11207,6897
6867,0.0023929220556157624,2.2616208,8.692146,2250
6868,0.001504882092753913,1.5298066,4.7794394,1415
6869,0.0002999128976371756,1.5424364,4.2046976,282
6870,0.002417383036628724,1.4958044,4.9573474,2273
6871,0.0006285408599417403,1.6301446,5.7284994,591
6872,0.0018356370968856917,1.7336657,5.887882,1726
6873,0.004291306886404268,2.7696922,9.334267,4035
6874,0.00042115428178837424,1.633747,7.6332593,396
6875,0.0039009947111104965,1.5447714,5.0148826,3668
6876,0.0005136806012721837,1.6532692,7.0995493,483
6877,0.0017760799257236994,2.0869465,8.248516,1670
6878,0.004081793266423687,1.6043937,5.5187216,3838
6879,0.002026007340421346,3.1277752,11.662059,1905
6880,0.0008944210883434918,1.5431519,5.114004,841
6881,0.003785070931527333,2.3524044,9.690684,3559
6882,0.004303005616453945,1.933573,7.516405,4046
6883,0.0015963448913241154,3.5355825,14.479634,1501
6884,0.0012528276362290527,2.2216644,6.770638,1178
6885,0.0018026679485638746,2.1310918,8.622362,1695
6886,0.03173546406203305,2.4063804,9.4125,29840
6887,0.004008410323384805,2.0435174,10.094697,3769
6888,0.0016314410814731466,2.7136269,9.123385,1534
6889,0.0005445227077667869,2.338818,10.069511,512
6890,0.002451415705864148,2.9113147,12.171783,2305
6891,0.0009582323431599121,1.1894321,3.3107524,901
6892,0.004471041920803852,2.71919,10.74537,4204
6893,0.0008508167308856045,2.545929,10.925645,800
6894,0.0012102867996847725,1.5290883,5.555551,1138
6895,0.0004987913084816857,1.8755842,9.95571,469
6896,0.001139030898473103,1.6375288,5.248551,1071
6897,0.0008018947688596822,2.1547904,10.486718,754
6898,0.0033543449615164958,3.2889621,13.347357,3154
6899,0.00960040328713044,3.5583882,12.506942,9027
6900,0.0009826933241728732,1.8313498,7.3751597,924
6901,0.0034149656535920952,2.051669,8.861931,3211
6902,0.002234457439488319,1.4024897,4.312575,2101
6903,0.0027555826871557515,3.0966377,12.022105,2591
6904,0.0017750164048100925,1.5852096,5.2798195,1669
6905,0.011106348900797959,1.7568905,6.7465076,10443
6906,0.001142221461213924,2.0036418,9.832855,1074
6907,0.0034575064901363754,2.2241836,9.1504755,3251
6908,0.014773369010914915,2.1269686,8.456235,13891
6909,0.00033819965052702777,1.9393256,6.298911,318
6910,0.002808758732836102,2.3853185,8.150523,2641
6911,0.0008327368753542854,2.3762932,9.941112,783
6912,0.0023323013635401634,3.053914,14.614721,2193
6913,0.0013102577655638309,1.6159796,5.262897,1232
6914,0.00022014882911665015,1.5722593,4.2205987,207
6915,0.0005009183503088997,1.9605608,8.972843,471
6916,6.912885938445537e-05,1.428933,3.6749554,65
6917,0.00264604003305423,3.4126258,14.993063,2488
6918,0.0012326207388705195,1.9897379,8.238354,1159
6919,0.057262093030428396,2.7362304,10.785051,53842
6920,0.004817749738639736,1.8649917,6.4356084,4530
6921,0.0006030163580151721,1.9507776,6.31538,567
6922,7.870054760691842e-05,1.196783,3.3392344,74
6923,0.0027662178962918216,1.6417031,5.2725015,2601
6924,0.0018101125949591236,2.3670025,9.781637,1702
6925,0.018504200375848292,1.7592484,6.47156,17399
6926,0.0002999128976371756,1.2421237,2.716524,282
6927,0.0038956771065424617,1.2681812,3.467711,3663
6928,0.0038669620418750723,2.5896204,9.495146,3636
6929,0.0005051724339633276,1.9041387,8.317273,475
6930,0.03993308326411585,1.2170062,4.2819257,37548
6931,0.0012166679251664145,1.4382683,5.1225653,1144
6932,0.003997775114248734,2.8327003,10.615446,3759
6933,0.005953590074372017,1.6510205,7.0793858,5598
6934,0.0006168421298920633,2.1853604,14.210675,580
6935,0.00034777133874949083,1.7736707,10.438249,327
6936,0.0005221887685810398,1.6426364,9.043098,491
6937,0.002690707911425724,4.5875816,13.810581,2530
6938,0.005117662636276911,1.8965551,8.741204,4812
6939,0.004117952977486326,1.2446512,3.6207852,3872
6940,0.002629023698436518,1.9705021,8.682011,2472
6941,0.0004339165327516583,1.7478783,10.826662,408
6942,0.0011751906095357411,1.9878299,8.030298,1105
6943,0.0009624864268143401,1.7819203,10.227513,905
6944,0.006612973040808361,1.607137,5.428864,6218
6945,0.08601650797162101,2.3053894,16.787397,80879
6946,0.0005381415822851448,2.170113,9.580374,506
6947,0.0012709074917603717,1.6111221,5.2304883,1195
6948,0.012521895236808885,3.3440895,12.095391,11774
6949,0.005138933054549051,2.4087,10.855082,4832
6950,0.0031405772578814877,3.7770438,12.039398,2953
6951,0.002469495561395467,2.4015858,11.015114,2322
6952,0.00224828321136521,2.1713674,8.135745,2114
6953,0.0001318765932872687,1.6079544,5.7146196,124
6954,0.0005211252476674328,1.5151386,4.75569,490
6955,0.0014198004196653525,1.8146522,6.510125,1335
6956,0.0009305807994061299,1.4744443,5.742691,875
6957,0.005891905861382811,1.9545051,8.539173,5540
6958,0.005433528347618192,1.455016,4.089235,5109
6959,0.0023089039034408093,1.7206873,7.816909,2171
6960,0.0052325228949464675,1.4945116,5.2155747,4920
6961,0.003223531889142834,4.4505515,15.426365,3031
6962,0.0014325626706286367,1.5560701,3.844287,1347
6963,0.001119887522028177,1.7291212,8.035767,1053
6964,0.0008891034837754567,2.0723405,10.199928,836
6965,0.005896159945037239,2.7412288,13.209358,5544
6966,0.000381804007984915,2.2370481,15.572401,359
6967,0.0015835826403608315,2.63221,10.015847,1489
6968,0.001143284982127531,1.5727895,5.7009473,1075
6969,0.011693412445109026,2.57831,12.06964,10995
6970,0.008262493977812826,4.5824533,8.713225,7769
6971,0.0021525663291405792,2.6601374,12.76164,2024
6972,0.0032522469538102234,2.7854426,11.888636,3058
6973,0.0031575935924991996,2.8419464,11.693581,2969
6974,0.0031384502160542735,4.566461,13.893508,2951
6975,0.0030352886874343943,3.9376755,10.202462,2854
6976,0.0005413321450259659,6.8164163,14.118343,509
6977,0.0014208639405789594,1.8588659,6.542057,1336
6978,0.0033171217295402504,5.004638,14.173495,3119
6979,0.0019483703137280343,2.9778502,12.636517,1832
6980,0.005217633602155969,1.430289,6.5537276,4906
6981,0.002090882116151373,3.103681,14.382603,1966
6982,0.0005019818712225067,1.4323916,4.660856,472
6983,0.0015782650357927964,1.7650043,6.1961694,1484
6984,0.004434882209741213,1.4398007,4.558272,4170
6985,0.00028715064667389153,1.3802679,5.431017,270
6986,0.034202832581601304,1.6469132,5.254356,32160
6987,0.0161676449286537,1.6886673,7.2003446,15202
6988,0.0019068929980973611,4.1035614,12.211412,1793
6989,0.0004839020156911876,1.8961946,8.001738,455
6990,0.0012039056742031303,4.4853106,16.094318,1132
6991,0.0011507296285227801,2.329094,10.183388,1082
6992,0.00214512168274533,1.5149394,6.005192,2017
6993,0.0002616261447473234,2.3629925,9.283851,246
6994,0.0013932123968251773,1.720432,5.4451747,1310
6995,0.0019494338346416414,2.7587137,9.5244055,1833
6996,0.0029714774326179737,4.1195474,10.362106,2794
6997,0.003218214284574799,2.9442234,11.270499,3026
6998,0.0011007441455832508,2.3057268,11.225777,1035
6999,0.0010018367006177993,1.8446513,6.615618,942
7000,0.0023610164282075524,2.8509977,9.745572,2220
7001,0.03934282915706396,2.1507866,10.997146,36993
7002,0.01749598254974885,2.2736366,11.400525,16451
7003,0.0005072994757905416,1.4778053,5.2699966,477
7004,0.0004232813236155882,1.1707113,4.749325,398
7005,0.002129168869041225,1.6101807,4.3453918,2002
7006,0.0008965481301707058,1.8312974,6.320122,843
7007,0.0012347477806977335,1.5020711,4.3362837,1161
7008,0.00040520146808426915,2.724565,9.439432,381
7009,0.0005296334149762888,2.076204,10.122201,498
7010,3.084210649460316e-05,1.4174888,3.9374726,29
7011,0.0060237824546700795,3.0376234,10.137244,5664
7012,0.0001510199697321948,1.9382337,6.565185,142
7013,0.006594893185277042,2.000595,8.255196,6201
7014,0.0003265009204773507,1.6161934,4.663395,307
7015,0.0010858548527927527,1.5901309,4.5317144,1021
7016,0.0006455571945594524,1.7124029,8.062961,607
7017,0.00018292559714040495,2.7187319,9.229519,172
7018,0.0009412160085422,1.6521565,6.456162,885
7019,0.0014038476059612475,1.5089552,4.828766,1320
7020,0.0012592087617106947,2.4956844,8.6117,1184
7021,0.0006242867762873123,2.095609,10.281198,587
7022,0.0014442614006783137,2.1147652,11.116017,1358
7023,0.0010496951417301146,2.0470138,8.21779,987
7024,0.005737695328909795,2.0420794,8.203043,5395
7025,0.003777626285132084,2.3964658,9.389412,3552
7026,0.001963259606518532,2.0939732,8.36569,1846
7027,0.0013676878948986092,2.2667916,8.569539,1286
7028,0.003959488361358882,1.5818962,5.83788,3723
7029,0.005733441245255367,2.017596,7.7535863,5391
7030,0.0064343015273223845,1.8952101,7.4762073,6050
7031,0.0007231942212527639,1.7338178,12.913023,680
7032,0.00035308894331752586,1.5275112,6.6441846,332
7033,0.004099873121955006,4.195019,13.993859,3855
7034,0.001513390260062769,1.5151423,4.186195,1423
7035,0.001163491879486064,2.1963103,10.09468,1094
7036,0.0034936662011990135,4.282371,13.862032,3285
7037,0.006152468485216528,1.8624525,7.9060903,5785
7038,0.002609880321991592,2.031755,8.565751,2454
7039,0.0012730345335875857,1.7322989,5.559174,1197
7040,0.0027747260636006776,1.6222613,5.108695,2609
7041,0.0038520727490845745,2.5176754,10.526152,3622
7042,0.003069321356669818,4.7721243,14.915536,2886
7043,0.0026364683448317668,2.2168844,12.761838,2479
7044,0.0005062359548769346,2.3282478,12.500761,476
7045,0.004699698917229358,2.3891633,11.032623,4419
7046,0.00931644320319737,1.8623791,7.8224483,8760
7047,0.004535916696533879,1.331777,3.524796,4265
7048,0.0012868603054644768,1.6448641,7.239395,1210
7049,0.0050389620886699925,3.190134,11.176476,4738
7050,0.00031480219042767367,2.017412,6.2473583,296
7051,0.001131586252077854,2.3050478,9.30196,1064
7052,0.00033926317144063477,1.4031925,3.5903378,319
7053,0.0005721742515205691,2.0697632,7.293442,538
7054,0.005295270628849281,2.0673723,7.2090764,4979
7055,0.0016420762906092167,2.4369218,9.823245,1544
7056,0.0021387405572636884,1.7780634,6.5998387,2011
7057,0.007113891391117261,2.79675,10.068772,6689
7058,0.0008720871491577447,1.5621399,4.341362,820
7059,0.0010092813470130484,1.8818669,7.5798144,949
7060,0.0397139979559128,1.6712744,5.5733714,37342
7061,0.001712268670907279,1.7402523,6.5217724,1610
7062,0.002433335850332829,2.3469799,8.005782,2288
7063,6.381125481642033e-06,1.7515569,2.1483104,6
7064,0.0006508747991274875,2.0524778,9.692779,612
7065,0.003433045509123414,1.7926017,5.918211,3228
7066,0.0016505844579180727,1.6098118,5.374442,1552
7067,0.0011166969592873559,1.7064366,5.3974442,1050
7068,0.007097938577413155,3.003987,14.287885,6674
7069,0.0033426462314668187,1.7187483,8.985462,3143
7070,0.01305259217269878,1.2972667,3.7151365,12273
7071,0.0003126751486004597,2.2340171,10.4549265,294
7072,0.004050951159929084,2.71521,9.739935,3809
7073,0.002467368519568253,1.6829227,6.345761,2320
7074,0.0012347477806977335,1.6276542,6.3752465,1161
7075,0.0014495790052463486,1.8992947,7.150654,1363
7076,0.0002637531865745374,1.8695387,7.1229863,248
7077,0.005085757008868701,2.185641,8.20146,4782
7078,0.0020366425495574156,1.6474108,5.056583,1915
7079,0.0022099964584753576,3.8348777,12.517084,2078
7080,0.0021227877435595834,1.5956877,5.7034125,1996
7081,0.00016378222069547886,2.4139965,11.15339,154
7082,0.004213669859710957,2.2005298,7.466372,3962
7083,0.006746976675922844,2.4717815,9.780814,6344
7084,0.00024141924738879027,1.4413147,5.142876,227
7085,0.0027343122688836116,2.2747502,8.574211,2571
7086,0.002467368519568253,2.0372603,6.6937647,2320
7087,9.571688222463051e-05,2.0008068,7.4747243,90
7088,0.0008029582897732892,1.96962,6.9280887,755
7089,0.0036638295473761344,5.3913097,15.913906,3445
7090,0.0006742722592268416,1.6962874,6.3222795,634
7091,0.00016271869978187186,2.0268953,13.846973,153
7092,0.06659342552641627,1.2536578,4.543054,62616
7093,0.0010103448679266553,1.8612612,8.327589,950
7094,0.004335974764775762,1.7363981,5.325795,4077
7095,0.0014453249215919206,2.4825351,10.298857,1359
7096,0.0009614229059007331,2.9200702,10.158831,904
7097,0.0008667695445897096,1.7168521,8.611617,815
7098,0.0002977858558099616,1.6982076,9.114512,280
7099,0.0003254373995637437,1.5999004,9.873688,306
7100,0.0014112922523564966,2.0931392,7.7511835,1327
7101,0.0006763993010540555,3.5223377,10.898829,636
7102,0.0006189691717192773,1.8809781,7.0606,582
7103,0.002156820412795007,2.0735786,6.884783,2028
7104,0.0005891905861382811,2.108576,7.4802365,554
7105,1.8079855531319095e-05,1.6349474,5.19664,17
7106,0.0017665082375012363,1.385382,4.1452694,1661
7107,0.003412838611764881,3.0714805,12.933854,3209
7108,0.0009614229059007331,1.8577949,6.788788,904
7109,0.00861983700478478,2.5315454,9.765604,8105
7110,0.0021738367474127196,2.123356,9.704679,2044
7111,0.0019749583365682092,1.9371152,7.283026,1857
7112,0.004906021974469117,1.4084752,4.2157784,4613
7113,0.00496876970837193,2.2086265,7.821404,4672
7114,0.008466689993225371,1.7971426,6.7026076,7961
7115,0.0058142688346895,3.0420215,11.2140875,5467
7116,0.054367189103590126,1.1884825,3.4120378,51120
7117,0.0070553977408688755,3.0925152,12.385871,6634
7118,0.0004711397647279035,1.6209884,5.890291,443
7119,0.0002244029127710782,2.0807498,3.4740436,211
7120,0.00017335390891794192,1.5623052,5.1882377,163
7121,0.0006615100082635575,2.2463572,10.769555,622
7122,0.02890649843183841,1.0818774,3.226329,27180
7123,0.002124914785386797,3.1566832,11.793726,1998
7124,0.0008348639171814994,2.106903,10.170386,785
7125,0.0038254847262443993,2.151962,7.6239376,3597
7126,0.0020674846560520188,1.3893212,5.1606936,1944
7127,0.042657823844776996,2.9830582,10.859561,40110
7128,0.0033086135622313944,3.4032352,10.309343,3111
7129,0.010343804405741737,2.3108044,9.231342,9726
7130,0.001334718746576792,1.9260485,9.0581045,1255
7131,0.010457601143497686,2.0760021,8.242664,9833
7132,0.001504882092753913,1.6955588,6.9498973,1415
7133,0.001530406594680481,1.8357507,7.496743,1439
7134,0.0016527114997452867,1.7379929,6.736971,1554
7135,0.0010454410580756864,1.5978293,3.866478,983
7136,0.0004753938483823315,2.22745,9.218298,447
7137,0.0009220726320972738,2.1773922,11.560988,867
7138,0.0004892196202592226,2.2564647,10.840825,460
7139,0.002884268717702199,2.3149424,11.556873,2712
7140,0.0010837278109655387,1.824542,5.9749737,1019
7141,0.0025567042763112416,3.5432081,13.32248,2404
7142,0.00047858441112315255,1.407351,5.2972336,450
7143,0.0026832632650304754,2.5102997,9.132954,2523
7144,0.0012772886172420137,2.7078028,11.029036,1201
7145,0.02408024052588982,1.6452509,5.2998867,22642
7146,0.0033511543987756747,2.9386904,9.686191,3151
7147,0.005360145404579309,2.1753623,12.37449,5040
7148,0.003928646254864279,3.23859,11.570238,3694
7149,0.0027555826871557515,3.7497478,15.955271,2591
7150,0.009960936876843214,1.177858,4.2094355,9366
7151,0.0035489692887065777,2.472214,10.523369,3337
7152,0.002508845835198926,4.922282,14.384117,2359
7153,0.0006285408599417403,2.2063813,11.163022,591
7154,0.005388860469246698,1.8202093,6.204105,5067
7155,0.0008284827916998574,1.6084697,4.838935,779
7156,4.466787837149424e-05,1.9473754,7.505158,42
7157,0.00024035572647518327,1.248359,4.001127,226
7158,0.0008263557498726433,1.4734536,5.501366,777
7159,0.0027747260636006776,1.6433412,5.874983,2609
7160,0.0007029873238942307,1.9131831,10.145584,661
7161,0.00038605809163934303,1.4747074,4.7363167,363
7162,0.0008742141909849586,1.799857,7.3453336,822
7163,0.0032937242694408963,3.3416135,10.564681,3097
7164,0.00015633757430022984,2.762691,13.229895,147
7165,0.0004307259700108373,1.5015312,5.5035987,405
7166,0.001696315857203174,2.0553463,6.4619055,1595
7167,0.0002892776885011055,1.3395982,5.0838237,272
7168,0.0027151688924386855,3.2554724,10.425609,2553
7169,0.0022291398349202837,1.6127105,8.525269,2096
7170,6.487477573002735e-05,1.1530478,2.6093976,61
7171,0.002452479226777755,1.6232805,5.528336,2306
7172,0.004087110870991723,2.9822836,12.664292,3843
7173,0.0004732668065551175,2.542637,10.379977,445
7174,0.00435086405756626,2.9587839,10.385732,4091
7175,0.05166371894120112,3.0361607,12.875362,48578
7176,0.006004639078225154,2.3305078,10.004328,5646
7177,0.006827804265356976,5.0987406,17.286009,6420
7178,0.0032448023074149743,3.3494408,12.691655,3051
7179,0.0031629111970672345,3.4484806,12.598292,2974
7180,0.0030118912273350397,1.4739916,6.2401533,2832
7181,0.0010050272633586204,1.522691,9.317238,945
7182,0.004766700734786599,1.5448326,4.9834065,4482
7183,0.00045093286736937036,2.1951046,10.207647,424
7184,0.000550903833248429,1.5837275,6.967435,518
7185,0.02107260338220921,5.649043,14.322583,19814
7186,0.002080246907015303,2.6829424,10.257513,1956
7187,0.003401139881715204,3.4935868,10.017968,3198
7188,0.003143767820622309,1.9620456,8.422315,2956
7189,0.0019185917281470382,2.6375003,9.107257,1804
7190,0.0004615680765054404,2.2387066,9.531956,434
7191,0.0029204284287648375,1.7117789,7.0411615,2746
7192,0.0010337423280260094,1.6149288,6.0950847,972
7193,0.0041115718520046834,2.4687111,12.778061,3866
7194,0.0009731216359504101,1.2283918,4.3766017,915
7195,6.062069207559932e-05,1.3879482,3.0210967,57
7196,0.0011007441455832508,1.5952446,4.846132,1035
7197,0.002831092672021849,4.4587455,14.664371,2662
7198,0.003759546429600765,1.6073434,6.139803,3535
7199,0.0004328530118380513,1.8824127,7.2813535,407
7200,0.0018196842831815867,1.3734784,5.249886,1711
7201,0.027978044674259496,1.4208765,3.7696383,26307
7202,0.001295368472773333,3.9202955,14.166721,1218
7203,0.0016835536062398898,1.7236137,5.389427,1583
7204,0.00420197112966128,2.4964495,10.309802,3951
7205,0.0012666534081059438,1.771414,7.666187,1191
7206,0.002643912991227016,1.5872974,5.750675,2486
7207,0.0006391760690778104,2.6645007,9.838977,601
7208,4.7858441112315255e-05,3.9430978,12.9734955,45
7209,0.0023089039034408093,1.7323984,5.805022,2171
7210,0.002445034580382506,2.9158404,9.993865,2299
7211,0.0023057133406999882,3.099407,12.2659855,2168
7212,0.0029427623679505847,1.7829151,7.864359,2767
7213,0.0003956297798618061,1.619989,7.45261,372
7214,0.00010528857044709356,1.7470042,5.708534,99
7215,0.0022376480022291397,1.9236209,9.440982,2104
7216,0.01788204064138819,1.5301086,5.8549633,16814
7217,0.0007997677270324682,2.0522056,8.476695,752
7218,0.0014442614006783137,1.5894042,6.916314,1358
7219,0.005005992940348175,2.1028073,9.651028,4707
7220,0.003429854946382593,3.7217703,14.291692,3225
7221,0.002064294093311198,2.0427506,7.491601,1941
7222,0.004384896726801684,1.7176005,8.741631,4123
7223,0.002641785949399802,2.6515083,8.823779,2484
7224,4.679492019870825e-05,1.3618577,2.4839418,44
7225,0.0008327368753542854,1.759688,7.3753467,783
7226,0.003598954771646107,2.8070526,10.624069,3384
7227,0.0004317894909244443,1.9215848,6.210951,406
7228,0.002413128952974296,3.5460875,15.264769,2269
7229,0.0018186207622679796,2.99222,9.800071,1710
7230,0.0017569365492787732,3.2117827,13.626784,1652
7231,0.003008700664594219,3.4128454,13.0692425,2829
7232,0.001511263218235555,1.576422,6.4358644,1421
7233,0.000935898403974165,2.971906,11.783104,880
7234,0.0012623993244515158,1.5872636,4.918026,1187
7235,0.006606591915326719,1.547305,5.8238764,6212
7236,0.001333655225663185,2.0322046,11.994135,1254
7237,0.0325182154544478,2.5270138,10.077602,30576
7238,0.0023291108007993423,3.7475832,11.885929,2190
7239,0.0014793575908273449,2.0894487,9.842989,1391
7240,0.000579618897915818,1.6248782,6.0294204,545
7241,0.0004371070954924793,1.9989343,7.855699,411
7242,0.0008912305256026707,1.6059476,5.893379,838
7243,0.0010613938717797917,1.9085822,8.135147,998
7244,0.0025141634397669614,4.384149,15.241506,2364
7245,0.002116406618077941,1.7162781,7.7073407,1990
7246,0.00044561526280133534,2.5612667,8.614767,419
7247,0.001860098077898653,2.6299489,9.508656,1749
7248,6.062069207559932e-05,1.5215871,4.3984632,57
7249,0.0006083339625832072,2.3673294,8.817547,572
7250,0.0001510199697321948,1.5789886,5.505048,142
7251,0.011691285403281813,1.1771262,4.145802,10993
7252,0.00013825771876891074,2.7581122,12.410939,130
7253,0.01147539065781959,1.9392334,8.419906,10790
7254,0.0017367296519202402,2.2522776,8.611924,1633
7255,0.005632406758462702,2.4682279,10.00097,5296
7256,0.001886686100738828,3.0572054,10.778249,1774
7257,0.0020281343822485596,1.6135821,6.922829,1907
7258,9.784392405184451e-05,1.1591103,2.6690023,92
7259,0.0002839600839330705,2.215809,10.936768,267
7260,0.0020238802985941317,2.2270954,9.005658,1903
7261,0.003227785972797262,3.770967,10.300147,3035
7262,0.0016590926252269289,2.7200778,10.118057,1560
7263,0.003008700664594219,4.2522173,12.707256,2829
7264,0.003986076384199057,2.0246081,11.849733,3748
7265,0.0004179637190475532,1.6488602,7.280816,393
7266,0.0007359564722160479,1.8769889,7.5934544,692
7267,0.0001116696959287356,1.8370596,6.430496,105
7268,0.000190370243535654,1.6992735,5.4779344,179
7269,0.00029246825124192656,2.1519055,8.1313715,275
7270,0.001700569940857602,1.5847884,5.2822833,1599
7271,0.0020440871959526647,2.5103805,9.6913395,1922
7272,0.008398624654754524,1.7838104,5.9150352,7897
7273,0.005222951206724004,1.9974295,5.9906497,4911
7274,0.003436236071864235,2.0875626,6.575774,3231
7275,0.0009295172784925229,2.2049763,8.296218,874
7276,0.002114279576250727,1.7219192,5.3853908,1988
7277,0.0013985300013932124,2.3210428,9.433297,1315
7278,0.0027087877669570433,1.3927875,5.7216825,2547
7279,0.00022121235003025718,1.9213625,6.761027,208
7280,0.0018771144125163649,2.0155149,7.6669493,1765
7281,0.00253224329529828,1.5310278,5.264225,2381
7282,0.0008699601073305306,1.5280597,4.7813983,818
7283,0.0008167840616501803,2.3390517,10.789997,768
7284,1.2762250963284067e-05,1.2982581,2.4637425,12
7285,0.006743786113182023,2.3742747,9.75382,6341
7286,0.008861256252173572,2.1195664,7.9391646,8332
7287,0.0009741851568640171,1.97205,8.120065,916
7288,0.00034564429692227684,2.0845578,9.045552,325
7289,0.006781009345158268,1.8423685,7.50639,6376
7290,0.003551096330533792,3.401479,10.214485,3339
7291,4.041379471706622e-05,1.7150184,4.9307027,38
7292,0.00037010527793523794,2.1865153,9.042901,348
7293,4.254083654428023e-05,1.7060082,4.4798765,40
7294,0.0008444356054039625,1.684921,4.77534,794
7295,0.002266363066896529,3.0143816,11.1004305,2131
7296,0.0015421053247301581,3.547183,11.106666,1450
7297,0.004289179844577054,4.2201095,12.686931,4033
7298,0.006143960317907671,2.575008,12.120967,5777
7299,0.0006359855063369894,1.7670666,8.218876,598
7300,0.0035213177449527956,1.4874333,4.784196,3311
7301,0.0019792124202226377,3.3957992,11.1164255,1861
7302,0.0004307259700108373,2.0055335,9.758836,405
7303,0.002010054526717241,3.292428,12.05616,1890
7304,0.02008884653712273,6.3674726,14.920667,18889
7305,0.004190272399611603,4.3148804,11.748176,3940
7306,0.0007093684493758727,1.5435369,5.883158,667
7307,0.0015718839103111544,1.5707401,5.024988,1478
7308,0.0017526824656243453,1.7441775,5.9506793,1648
7309,5.317604568035028e-06,1.4606408,2.090201,5
7310,0.0021036443671146573,1.7202991,5.0577893,1978
7311,0.0061769294662294884,1.9594294,8.21762,5808
7312,0.009836504929951195,2.4490173,11.221601,9249
7313,0.00027332487479700044,1.6955118,5.115583,257
7314,0.0005966352325335302,2.3384862,8.053824,561
7315,0.017561920846392486,2.4179363,10.468449,16513
7316,0.0154997537949085,2.2155187,10.154603,14574
7317,0.00014144828150973175,1.648172,4.6627865,133
7318,0.0013379093093176132,2.881792,9.6735735,1258
7319,0.01219326727450432,2.8959882,11.734718,11465
7320,0.0017813975302917345,2.866142,10.403326,1675
7321,0.0010699020390886476,2.984184,10.297169,1006
7322,0.004783717069404311,3.3772712,15.618615,4498
7323,0.0037116879884884495,3.2257042,11.755917,3490
7324,0.00014357532333694577,1.5406309,4.915432,135
7325,0.001716522754561707,3.6623144,14.329342,1614
7326,0.0017845880930325553,1.7248211,4.8367662,1678
7327,0.005651550134907628,2.5936267,9.138473,5314
7328,0.005388860469246698,4.3370485,15.00102,5067
7329,0.003769118117823228,1.4522729,6.479296,3544
7330,0.0002052595363261521,1.739165,9.102149,193
7331,0.004551869510237984,2.952931,11.038046,4280
7332,0.0023642069909483735,2.0590992,7.8970585,2223
7333,0.001313448328304652,3.2430024,12.8248415,1235
7334,0.002330174321712949,1.7673709,6.068302,2191
7335,0.0007529728068337599,1.7583514,7.183951,708
7336,0.003642559129103994,1.380006,4.043491,3425
7337,0.0009614229059007331,1.7301413,6.919981,904
7338,0.0029183013869376233,3.3684194,14.267136,2744
7339,0.0030884647331147442,1.9994719,7.3766675,2904
7340,0.0015920908076696874,1.7626837,5.932369,1497
7341,0.0010443775371620796,2.0579932,7.7690773,982
7342,0.0005264428522354678,1.5603918,4.1217337,495
7343,0.002679009181376047,1.6020663,6.172615,2519
7344,0.0006593829664363435,1.8776393,5.4843645,620
7345,0.0008593248981944605,2.2186866,8.450211,808
7346,0.0014219274614925665,1.3321837,4.732643,1337
7347,0.0014368167542830647,1.4998308,4.1134105,1351
7348,0.002643912991227016,2.4064684,11.7570305,2486
7349,0.009339840663296723,1.8822507,8.649914,8782
7350,0.10580650513202017,1.9794736,10.429145,99487
7351,0.00035415246423113286,1.9616888,8.340424,333
7352,0.0015357241992485162,1.6538675,5.866537,1444
7353,0.002463114435913825,2.6397727,11.85128,2316
7354,0.0031150527559549194,5.02806,14.293647,2929
7355,0.0005572849587300709,2.1600695,8.006326,524
7356,0.0009805662823456592,2.8024802,9.668845,922
7357,0.0003041669812916036,2.0494523,8.220306,286
7358,0.0017367296519202402,1.959402,7.305445,1633
7359,0.008143379635488841,1.7832139,10.246825,7657
7360,0.006435365048235991,2.5628664,9.265382,6051
7361,0.0009901379705681223,1.5230966,4.8667164,931
7362,0.00048177497386397354,1.9781246,7.8465905,453
7363,0.004782653548490705,2.6138296,10.583298,4497
7364,0.004624188932363261,2.123841,8.256961,4348
7365,0.0012900508682052979,1.6424761,6.864747,1213
7366,0.006707626402119384,2.8629797,9.71407,6307
7367,0.009196265339959778,1.9426941,9.859001,8647
7368,0.005988686264521048,1.4173685,4.09623,5631
7369,0.0011815717350173833,1.9265699,7.373882,1111
7370,0.009326014891419833,1.9275249,7.105136,8769
7371,0.0009093103811339898,2.2730775,11.32912,855
7372,0.00027757895845142847,1.8025904,10.488286,261
7373,0.0006125880462376352,1.5609734,7.3885746,576
7374,0.0025067187933717123,1.8254448,10.440545,2357
7375,0.0022769982760325993,1.6910747,6.8771563,2141
7376,0.0010379964116804376,1.9722849,8.05622,976
7377,0.0003658511942808099,1.804331,7.7033587,344
7378,0.0006604464873499505,2.0052588,12.327751,621
7379,0.008841049354815039,2.774132,9.9113245,8313
7380,0.00836033790186467,2.7218776,10.929471,7861
7381,0.0010752196436566827,1.9969423,12.195143,1011
7382,0.0003041669812916036,1.5716801,5.8163342,286
7383,0.00626520170205887,3.5747533,14.6393795,5891
7384,0.000373295840676059,1.8740742,5.776635,351
7385,0.0006296043808553473,1.7831719,6.813918,592
7386,0.00462099836962244,2.2381732,9.731058,4345
7387,0.0025886099037194517,1.8737557,6.214959,2434
7388,0.0013464174766264691,1.6883811,5.305203,1266
7389,0.0013060036819094029,2.086144,6.677376,1228
7390,6.274773390281333e-05,1.6388443,4.7971444,59
7391,0.0027364393107108254,2.6828892,9.722643,2573
7392,0.0010337423280260094,1.585441,6.1247296,972
7393,0.002030261424075774,2.6090696,10.377613,1909
7394,0.0004764573692959385,1.7872692,4.710412,448
7395,0.0008657060236761026,1.9533377,5.4831057,814
7396,0.001862225119725867,1.9354155,7.3137326,1751
7397,0.0019547514392096762,2.3538582,9.5630245,1838
7398,0.004213669859710957,2.0497665,8.508581,3962
7399,0.0005147441221857907,1.9144421,9.056056,484
7400,0.0006402395899914174,1.9082053,11.429871,602
7401,4.573139928510124e-05,1.1619744,1.8632731,43
7402,0.007374454014950977,2.0387309,9.428902,6934
7403,0.0016633467088813568,3.7951794,14.968082,1564
7404,0.004541234301101914,1.792347,5.8150434,4270
7405,0.0012241125715616635,2.4376981,11.102772,1151
7406,0.0012156044042528073,1.4308438,4.4725885,1143
7407,0.0036872270074754885,2.375726,10.6813135,3467
7408,0.007493568357274961,4.8493066,12.96809,7046
7409,7.44464639524904e-05,1.6060174,5.1838984,70
7410,0.0012315572179569126,2.1032753,7.9657345,1158
7411,0.0004488058255421564,1.6419818,4.515317,422
7412,0.0004966642666544716,1.968567,9.172881,467
7413,0.00038924865438016407,1.5827984,6.324453,366
7414,0.00407753918276926,3.0250537,11.622789,3834
7415,0.006956490295903423,2.5510554,12.809526,6541
7416,0.00046369511833265446,2.2733064,11.052738,436
7417,0.0014229909824061736,2.2795327,7.4357224,1338
7418,0.002085564511583338,2.5395572,10.135438,1961
7419,0.0014198004196653525,2.3201833,9.665066,1335
7420,0.0021695826637582916,2.80695,12.045977,2040
7421,0.0010039637424450133,1.9202025,6.8062763,944
7422,0.00035308894331752586,1.8755026,6.300054,332
7423,0.0025226716070758173,1.4485146,5.2403107,2372
7424,0.00024354628921600428,2.6744208,12.301816,229
7425,0.010503332542782788,1.7841471,6.5147543,9876
7426,0.0010816007691383247,3.283486,12.316544,1017
7427,0.010024748131659635,2.4138718,10.7735615,9426
7428,0.003068257835756211,2.7900758,12.324773,2885
7429,0.005332493860825526,2.6911032,10.50912,5014
7430,0.0009146279857020249,1.6403148,4.204692,860
7431,0.0013655608530713952,1.6268786,8.493151,1284
7432,0.005284635419713211,2.107251,9.872757,4969
7433,0.006014210766447617,2.115199,8.357815,5655
7434,0.0009795027614320521,2.3753772,10.200806,921
7435,0.0016250599559915046,1.6115906,8.093633,1528
7436,0.00039882034260262713,1.9464301,8.7553005,375
7437,0.00031161162768685263,2.306124,10.05397,293
7438,0.004263655342650485,2.9492157,12.502372,4009
7439,0.001496373925445057,1.4897783,4.4020996,1407
7440,0.0011975245487214883,2.6967106,9.316666,1126
7441,0.002018562694026097,3.9546337,15.041615,1898
7442,0.0020174991731124895,3.3512566,10.927792,1897
7443,0.004046697076274656,4.847452,12.72927,3805
7444,0.023250694213276357,2.1313527,8.944208,21862
7445,0.0002478003728704323,2.1174154,8.704567,233
7446,0.0006976697193261957,1.6716602,4.4717336,656
7447,0.0005179346849266117,1.6125133,5.208027,487
7448,0.021059841131245927,2.461653,8.598141,19802
7449,0.0015548675756934423,1.8456204,6.1553903,1462
7450,0.0006210962135464913,1.7562402,5.4444413,584
7451,0.0007997677270324682,1.4887129,4.9485765,752
7452,0.001670791355276606,1.4383926,5.3382473,1571
7453,0.004331720681121334,2.1612186,8.344202,4073
7454,0.0015729474312247613,1.7530706,11.806824,1479
7455,0.013057909777266815,3.3067617,10.203382,12278
7456,0.001498500967272271,1.886329,6.108231,1409
7457,0.003267136246600721,1.846407,5.5725865,3072
7458,0.0001531470115594088,1.2940571,2.5582135,144
7459,0.009470653735670385,1.8357133,6.428924,8905
7460,0.0012475100316610176,3.656601,12.781848,1173
7461,0.0012517641153154456,2.098654,9.769545,1177
7462,0.0002467368519568253,1.4627316,5.401076,232
7463,0.0004541234301101914,1.5796918,5.292021,427
7464,0.0106873216608368,2.019995,6.791257,10049
7465,0.003812722475281115,1.5521027,4.5993886,3585
7466,0.0002839600839330705,2.1020684,7.554964,267
7467,0.0006349219854233823,1.656886,4.649642,597
7468,0.00019143376444926102,2.603684,13.058725,180
7469,0.0008891034837754567,1.9305171,6.03456,836
7470,0.00532398569351667,3.2963579,11.761872,5006
7471,0.00804128162778257,2.454217,8.245073,7561
7472,0.0005200617267538258,2.5383916,12.017927,489
7473,0.0036957351747843445,2.697981,10.963979,3475
7474,0.002527989211643852,2.1262054,7.477481,2377
7475,0.0008795317955529936,2.2856681,10.722028,827
7476,0.003238421181933332,1.696434,5.4102035,3045
7477,0.001706951066339244,1.8424109,6.3249283,1605
7478,0.015474229292981931,3.4669998,19.27046,14550
7479,0.00037010527793523794,2.0442164,6.5172987,348
7480,0.00019781488993090305,1.7071351,9.298273,186
7481,0.0026056262383371636,2.9423277,11.78441,2450
7482,0.00041264611447951817,1.6338515,7.9204893,388
7483,0.0012730345335875857,1.9508593,7.8766994,1197
7484,0.013730054994666443,1.6793948,6.0274014,12910
7485,0.006324758873220863,2.7297552,10.158773,5947
7486,0.015193459771789682,3.0831306,11.436753,14286
7487,0.0002967223348963546,1.7249575,6.182597,279
7488,0.0012613358035379087,2.1204486,7.9629173,1186
7489,0.0016346316442139676,1.4794405,4.727237,1537
7490,0.002986366725408472,2.3837228,8.467659,2808
7491,0.0006657640919179855,2.1723037,12.592651,626
7492,0.0063502833751474305,1.4752555,5.140823,5971
7493,0.00021589474546222215,1.4131649,4.07026,203
7494,0.001130522731164247,1.6647359,4.5152135,1063
7495,0.0006444936736458454,1.8740118,7.5617456,606
7496,5.7430129334778304e-05,1.1413003,2.7859666,54
7497,0.00515701291008037,1.9818465,6.9940233,4849
7498,0.0027577097289829657,1.474985,4.3991156,2593
7499,0.0009582323431599121,1.623333,4.6826043,901
7500,0.0020600400096567697,2.7934659,10.211548,1937
7501,0.0008050853316005032,1.4656577,6.6999693,757
7502,0.0035223812658664025,1.4199057,3.4898317,3312
7503,0.0029448894097777985,2.053624,8.706152,2769
7504,0.0007338294303888339,2.573123,9.348148,690
7505,0.009013339742819372,2.8207667,14.311332,8475
7506,0.0029342542006417283,2.9206219,12.280369,2759
7507,0.0036531943382400642,1.8575126,7.013099,3435
7508,0.003598954771646107,2.6960597,12.608986,3384
7509,0.0002244029127710782,2.1291943,10.497369,211
7510,0.0025130999188533545,3.610993,12.890031,2363
7511,0.0008295463126134644,1.8100635,6.5273128,780
7512,0.0017409837355746682,1.7275249,8.608787,1637
7513,0.00017548095074515594,1.4513005,3.1827476,165
7514,0.0006753357801404486,1.8916043,6.3793125,635
7515,0.0031182433186957405,3.3612096,10.204583,2932
7516,0.004572076407596517,3.252784,11.19788,4299
7517,0.0044125482705554666,2.2009695,7.6818824,4149
7518,0.003211833159093157,2.0082364,8.630665,3020
7519,0.0056919639296246945,2.2572443,8.04095,5352
7520,0.0018281924504904427,1.7193786,5.3001165,1719
7521,0.000757226890488188,1.5156366,5.0735974,712
7522,0.0037031798211795935,3.7445807,14.849828,3482
7523,0.001901575393529326,3.5446186,14.505208,1788
7524,0.003006573622767005,1.5163462,4.9018784,2827
7525,0.0005604755214708919,1.8108352,9.678987,527
7526,0.0012251760924752704,2.0538812,8.557612,1152
7527,0.00853475533169622,1.5419652,4.972051,8025
7528,0.0005487767914212149,1.7927135,8.464452,516
7529,0.011065935106080893,2.2132065,9.627307,10405
7530,0.0015750744730519753,1.8631061,8.553361,1481
7531,0.0030937823376827795,4.3749,13.337122,2909
7532,0.0008380544799223204,1.3295885,3.9515681,788
7533,0.004660348643425898,1.5830396,6.9564514,4382
7534,0.0007699891414514721,1.3407336,4.7853904,724
7535,0.000580682418829425,2.4700344,11.3124,546
7536,0.004427437563345965,3.2565656,12.722188,4163
7537,0.0005179346849266117,1.5543643,6.5984683,487
7538,0.00030842106494603165,2.249971,11.607781,290
7539,0.0011081887919785,2.090753,9.032177,1042
7540,0.008674076571378737,1.5392151,5.042501,8156
7541,0.013977855367536875,2.747675,11.202537,13143
7542,0.002050468321434307,1.7539525,9.468879,1928
7543,0.0010592668299525777,2.1559262,6.937671,996
7544,0.0033341380641579627,2.7280796,8.709455,3135
7545,0.0011858258186718113,1.5652362,4.67226,1115
7546,0.009532337948659592,1.9781395,8.157217,8963
7547,0.00020419601541254507,2.3773935,12.416367,192
7548,0.00317886401077134,3.1421206,12.522201,2989
7549,0.0008997386929115267,1.6992888,7.040003,846
7550,0.002475876686877109,2.7239652,9.281528,2328
7551,0.0037393395322422316,1.4571204,6.0979524,3516
7552,0.002673691576808012,1.9045861,7.607026,2514
7553,0.007411677246927222,1.5057209,4.531365,6969
7554,0.010997869767610045,2.246607,8.263013,10341
7555,0.0005094265176177557,1.789384,6.914431,479
7556,0.011913561274225676,2.9091167,11.060671,11202
7557,0.00037010527793523794,1.9131734,7.1983886,348
7558,5.6366608421171295e-05,3.2445536,12.103594,53
7559,0.0021429946409181164,1.8078746,6.4061413,2015
7560,0.003191626261734624,2.351841,8.600522,3001
7561,0.002821520983799386,1.9858274,8.998804,2653
7562,0.01776930742454585,2.4338627,8.690244,16708
7563,7.870054760691842e-05,1.5081182,5.2351866,74
7564,0.01876689004150922,1.3064787,3.6155128,17646
7565,0.00030842106494603165,1.8082147,5.5238624,290
7566,0.004154112688548964,2.5771487,9.386901,3906
7567,0.0016633467088813568,1.8565185,6.316756,1564
7568,0.003645749691844815,3.0293353,12.620891,3428
7569,0.0007742432251059,1.7588586,8.205762,728
7570,0.0070351908435103425,2.4109101,10.914606,6615
7571,0.0004349800536652653,1.8122443,6.3574147,409
7572,9.252631948380949e-05,2.6402352,10.965596,87
7573,0.001103934708324072,1.771541,6.4612494,1038
7574,6.487477573002735e-05,1.9131379,6.266064,61
7575,0.0010305517652851885,1.938037,7.9716444,969
7576,9.571688222463051e-05,1.9468278,9.297171,90
7577,0.007784973087603281,2.0123045,6.7198377,7320
7578,0.002640722428486195,3.7404237,15.068607,2483
7579,0.0015389147619893372,1.7422256,5.8189545,1447
7580,0.007077731680054622,2.4277234,9.38221,6655
7581,0.0027289946643155763,2.1430721,8.485157,2566
7582,0.00483370255234384,1.5188743,5.7836814,4545
7583,0.004965579145631109,2.8395834,11.634864,4669
7584,0.006366236188851536,3.1172097,12.451111,5986
7585,0.0014474519634191346,1.3310876,3.656756,1361
7586,0.007428693581544935,2.086098,6.4823303,6985
7587,0.0018579710360714387,1.995285,7.7218366,1747
7588,0.0019228458118014662,1.2706927,4.2142677,1808
7589,0.0036872270074754885,3.4284742,10.840809,3467
7590,0.0034904756384581924,3.6020977,12.280506,3282
7591,0.0014314991497150296,1.7983671,9.83448,1346
7592,0.002428018245764794,1.6598543,5.532708,2283
7593,0.0023588893863803386,4.2550654,14.136049,2218
7594,0.0007519092859201529,1.4606984,6.0595474,707
7595,0.0002807695211922495,1.6675595,6.102676,264
7596,0.015824127673558636,3.5332966,12.655178,14879
7597,0.0012017786323759163,1.4389268,5.7884083,1130
7598,0.0007848784342419701,1.8052582,8.224582,738
7599,0.0007327659094752269,2.429103,16.369576,689
7600,0.00031161162768685263,2.0845327,10.036629,293
7601,0.000379676966157701,2.1690485,10.12454,357
7602,0.003581938437028395,1.9727615,6.5111423,3368
7603,0.0008072123734277173,1.660918,6.2959676,759
7604,0.0023812233255660854,1.492318,5.0552583,2239
7605,0.002826838588367421,3.9634247,12.573683,2658
7606,0.006772501177849412,3.4943209,12.543367,6368
7607,0.00015633757430022984,1.5828469,5.794878,147
7608,0.0025918004664602728,2.3237245,8.12062,2437
7609,0.0014602142143824188,1.4271733,4.228918,1373
7610,0.0035170636612983676,2.105597,6.6529565,3307
7611,0.0011443485030411382,2.0644567,6.0264754,1076
7612,0.0049783413965943935,2.7591913,10.065854,4681
7613,0.0038744066882703213,2.0687103,8.089016,3643
7614,0.0008720871491577447,1.8049963,6.897507,820
7615,0.0005987622743607442,1.5661461,6.715842,563
7616,0.0007859419551555772,1.6831551,8.485487,739
7617,0.0007114954912030868,1.6153945,11.910712,669
7618,0.003227785972797262,2.5137825,9.894492,3035
7619,0.0008678330655033166,1.9342788,7.402178,816
7620,0.006768247094194984,3.2684197,14.620199,6364
7621,0.004348737015739046,3.3153389,13.40485,4089
7622,0.0002892776885011055,1.4335082,4.6964755,272
7623,0.0011656189213132783,1.5756588,5.2558675,1096
7624,0.002073865781533661,4.138088,15.590753,1950
7625,0.0004956007457408646,1.4345937,4.489171,466
7626,0.0008837858792074217,2.9662678,12.860552,831
7627,0.001117760480200963,1.5013043,8.221882,1051
7628,0.00303316164560718,1.5065719,6.0403175,2852
7629,0.003203324991784301,3.7045915,14.244565,3012
7630,0.0019877205875314936,2.5829122,8.667708,1869
7631,0.0017665082375012363,2.4769368,9.648472,1661
7632,0.003794642619749796,1.3968356,5.061185,3568
7633,0.00038924865438016407,1.4453027,4.559649,366
7634,0.00044455174188772834,1.8797854,8.317762,418
7635,0.0009975826169633713,2.2323747,10.82408,938
7636,0.002069611697879233,2.991207,13.973807,1946
7637,0.004076475661855652,2.5400836,10.140322,3833
7638,0.0005136806012721837,1.7362908,6.709598,483
7639,0.003831865851726041,3.1002402,11.899314,3603
7640,0.0015410418038165512,3.7429721,14.497998,1449
7641,0.0017229038800433492,2.4316614,8.28025,1620
7642,0.005629216195721881,2.67986,9.937645,5293
7643,0.003014018269162254,2.897411,13.0010195,2834
7644,0.004424247000605144,3.0759084,13.372843,4160
7645,0.0038467551445165392,3.1322136,15.758649,3617
7646,0.0006540653618683084,2.1572392,8.190702,615
7647,0.07458046758760488,3.2847848,10.875499,70126
7648,0.0019547514392096762,1.6710125,10.223954,1838
7649,9.46533613110235e-05,1.2415597,2.8407307,89
7650,0.016311220251990645,1.6011282,5.784447,15337
7651,0.009044181849313975,2.3800273,10.732986,8504
7652,0.0002084500990669731,1.8339815,5.9390016,196
7653,0.0015633757430022982,1.5710316,6.3619256,1470
7654,0.00038605809163934303,1.8077883,4.821531,363
7655,0.003543651684138543,2.101939,9.452263,3332
7656,3.509619014903119e-05,1.3353962,2.5881898,33
7657,0.018181953539025367,1.1620904,4.012314,17096
7658,0.0020058004430628124,1.8343227,6.1916666,1886
7659,0.0010114083888402624,1.8747183,8.103087,951
7660,0.005493085518780184,2.1617932,8.784697,5165
7661,0.0011581742749180292,2.674407,9.215687,1089
7662,0.005011310544916211,2.7596402,9.063307,4712
7663,0.006280090994849368,2.0901318,6.92881,5905
7664,0.006075894979436823,2.425362,12.7543745,5713
7665,0.14226931965503636,2.8257132,15.573083,133772
7666,0.0006221597344600983,1.7003814,7.8596406,585
7667,0.0022099964584753576,1.5356697,5.0598145,2078
7668,0.0010433140162484724,1.569012,5.807897,981
7669,0.000756163369574581,2.4125855,8.938253,711
7670,0.00030842106494603165,2.0769281,10.660952,290
7671,3.72232319762452e-05,1.126591,2.7260609,35
7672,0.0005147441221857907,2.451187,10.361443,484
7673,0.0021578839337086145,3.071923,10.456784,2029
7674,0.004106254247436649,1.7906955,5.991516,3861
7675,0.004591219784041443,2.011111,7.737379,4317
7676,0.0015942178494969014,4.1476417,15.071395,1499
7677,0.001703760503598423,4.574399,18.013151,1602
7678,0.0026875173486849034,4.0561776,10.756452,2527
7679,0.0004030744262570551,1.9615588,8.548206,379
7680,6.274773390281333e-05,1.2749358,2.9854894,59
7681,0.0033288204595899274,2.451422,8.643539,3130
7682,0.0005392051031987518,1.3873315,4.7101574,507
7683,0.001520834906458018,1.4519353,5.0802054,1430
7684,0.003960551882272489,2.644387,10.327763,3724
7685,0.0003435172550950628,1.9167632,8.931956,323
7686,0.0015335971574213022,2.3000748,8.252698,1442
7687,0.012361303578854226,2.7211337,12.121237,11623
7688,0.00485178240787516,2.4775395,10.028756,4562
7689,0.0026322142611773388,2.9075058,11.4988,2475
7690,0.0056196445074994175,2.0840776,5.786833,5284
7691,0.0028459819648123472,1.9378132,7.35339,2676
7692,0.003530889433175259,1.6044966,11.5340395,3320
7693,0.0008550708145400325,1.5701468,4.9326468,804
7694,0.00418389127412996,1.3890206,4.7576756,3934
7695,0.008039154585955355,1.9354995,7.680867,7559
7696,0.00028715064667389153,1.6533716,5.465996,270
7697,0.006083339625832072,2.2965608,10.856424,5720
7698,0.002874697029479736,1.5593036,8.445876,2703
7699,0.002705597204216222,1.6390096,5.252947,2544
7700,0.007559506653918596,3.3918061,12.476349,7108
7701,0.00919201125630535,1.3539656,3.5126255,8643
7702,0.00010209800770627253,2.246528,11.489539,96
7703,0.0020238802985941317,3.5724356,15.069682,1903
7704,0.03469524276460134,1.1684653,3.9726834,32623
7705,0.00030842106494603165,1.6690542,5.733737,290
7706,0.0006157786089784563,2.251028,8.37827,579
7707,0.001325147058354329,1.475793,4.7083416,1246
7708,0.0050591689860285255,4.220521,16.79315,4757
7709,0.00172609444278417,1.6668513,6.1436405,1623
7710,0.0008922940465162777,2.3530185,7.597438,839
7711,0.0015580581384342632,1.2842336,3.0069478,1465
7712,0.0022812523596870272,1.7248243,5.9351006,2145
7713,0.003267136246600721,2.1968765,7.9777827,3072
7714,0.0037106244675748426,1.5781629,5.0155945,3489
7715,0.0027736625426870707,3.7762563,12.516847,2608
7716,0.001696315857203174,1.9159263,7.3548713,1595
7717,0.0006997967611534096,1.7420794,6.9733057,658
7718,0.0027662178962918216,3.6339405,12.273452,2601
7719,0.016529242039280082,1.1719669,3.3106031,15542
7720,0.0003254373995637437,1.8802905,6.785132,306
7721,0.01969428027817453,1.3720165,4.37125,18518
7722,0.005553706210855784,1.6087023,6.5565395,5222
7723,0.00339901283988799,1.567606,5.7693977,3196
7724,0.0006455571945594524,2.6547623,11.5220375,607
7725,0.0026088168010779847,1.8030399,8.383253,2453
7726,0.0007955136433780402,2.2129767,12.318628,748
7727,0.0034989838057670484,3.2401264,10.201681,3290
7728,0.0008295463126134644,1.843258,6.750864,780
7729,0.006726769778564311,3.0633557,15.207668,6325
7730,0.015753935293260576,1.8203908,6.6680126,14813
7731,0.0025609583599656696,1.6383518,8.339387,2408
7732,0.00046582216015986845,2.1924489,11.634241,438
7733,0.004867735221579265,2.3770833,7.960175,4577
7734,0.0023514447399850895,2.0441244,7.190863,2211
7735,0.00048071145295036654,1.9423474,8.0070505,452
7736,0.005092138134350343,2.3591197,8.454974,4788
7737,0.00209194563706498,2.9512036,11.114018,1967
7738,0.003835056414466862,3.6976104,11.703855,3606
7739,0.005922747967877414,1.3898052,4.6607,5569
7740,0.0029140473032831953,1.5847303,5.0173097,2740
7741,0.0013708784576394303,2.1326716,7.660921,1289
7742,0.0010337423280260094,2.3176436,8.320046,972
7743,0.0010135354306674764,1.9597775,6.8225594,953
7744,0.007252149109886172,3.0332048,12.558006,6819
7745,0.003254373995637437,3.76738,11.160759,3060
7746,0.0010007731797041922,1.445082,6.3256183,941
7747,0.00012762250963284068,2.2401505,9.21762,120
7748,0.0009603593849871261,1.5051209,5.581303,903
7749,0.001496373925445057,1.6852977,6.9982066,1407
7750,0.0005998257952743512,1.3690071,4.8512163,564
7751,0.006849074683629116,2.109744,8.16701,6440
7752,0.020153721312852757,2.140643,9.951286,18950
7753,0.00025737206109289535,1.9650719,12.982109,242
7754,0.010542682816586246,2.8063102,9.947179,9913
7755,0.0027481380407605024,1.6528896,5.962653,2584
7756,0.005418639054827694,1.350751,3.6099777,5095
7757,0.0004977277875680787,2.2665102,9.517287,468
7758,0.00023291108007993423,1.4591486,3.940635,219
7759,0.0006221597344600983,1.5839814,5.9943786,585
7760,0.0031852451362529817,3.0148516,11.140733,2995
7761,0.0016261234769051117,2.3985467,11.377176,1529
7762,0.00012017786323759164,1.8688788,5.76096,113
7763,0.0004339165327516583,1.7875057,6.5033507,408
7764,0.004701825959056572,2.3252575,9.762665,4421
7765,0.0005211252476674328,3.0881143,11.874849,490
7766,0.0014740399862593098,1.7783384,6.7385297,1386
7767,0.0026928349532529382,1.9453766,8.486208,2532
7768,0.0012857967845508699,3.3378162,12.7267065,1209
7769,0.001123078084768998,1.6120493,5.491956,1056
7770,0.001122014563855391,2.377136,10.686964,1055
7771,0.003757419387773551,2.5034773,10.35219,3533
7772,0.008787873309134688,3.9675393,13.053495,8263
7773,0.0006189691717192773,3.5168555,11.173663,582
7774,0.0021110890135099063,2.9242768,9.292634,1985
7775,0.000757226890488188,1.636169,5.12727,712
7776,0.0012538911571426596,2.8165636,13.492602,1179
7777,0.0003509619014903119,1.6878513,4.877429,330
7778,0.0030597496684473553,2.0915005,8.922251,2877
7779,0.004285989281836233,1.888948,6.6415,4030
7780,0.00039882034260262713,2.2983806,8.519016,375
7781,0.003246929349242188,4.2916636,13.982767,3053
7782,0.0006827804265356976,2.0198188,9.360229,642
7783,0.005393114552901125,2.660586,10.708388,5071
7784,0.006629989375426073,2.100921,7.3010354,6234
7785,0.0016271869978187186,2.923422,8.693536,1530
7786,0.005180410370179724,2.9613025,10.773674,4871
7787,0.00029459529306914055,1.4258494,4.1694593,277
7788,0.0014634047771232396,2.1380713,7.574895,1376
7789,0.02649975060434576,1.3305029,5.395326,24917
7790,0.002661992846758335,3.317065,14.472415,2503
7791,0.04514008165713575,1.6041833,7.2879047,42444
7792,0.0014474519634191346,3.8019307,13.485284,1361
7793,0.0014495790052463486,3.0849319,12.595644,1363
7794,0.00011060617501512859,1.4318311,4.2683606,104
7795,0.0002244029127710782,1.6432166,4.9955053,211
7796,0.0008231651871318224,1.809451,5.990415,774
7797,0.0024152559948015097,2.5144808,8.497916,2271
7798,0.002282315880600634,3.6963844,12.815434,2146
7799,0.002247219690451603,1.7204714,6.1998444,2113
7800,0.0010805372482247178,2.2838857,12.724911,1016
7801,0.002859807736689238,2.557561,11.670543,2689
7802,0.003216087242747585,2.725259,10.853767,3024
7803,0.00046582216015986845,2.2570133,8.900812,438
7804,0.0034745228247540874,1.5859516,5.675493,3267
7805,0.0025513866717432063,1.3782526,4.5275664,2399
7806,0.0022046788539073227,2.662285,9.694823,2073
7807,0.0034149656535920952,1.4699214,5.1269484,3211
7808,0.0015718839103111544,2.0623672,7.2938433,1478
7809,0.08270895793030322,1.9686118,11.139683,77769
7810,0.0006157786089784563,1.2996448,6.1515064,579
7811,0.0025354338580391013,3.110572,11.081405,2384
7812,0.006050370477510255,2.4847467,11.363597,5689
7813,0.002082373948842517,2.0440207,6.741234,1958
7814,0.002459923873173004,5.909336,14.190729,2313
7815,0.000956105301332698,2.4291906,10.320335,899
7816,0.00434022884843019,2.8626463,12.65448,4081
7817,0.0010688385181750408,1.885212,7.5993743,1005
7818,0.0007189401375983358,1.9500954,9.107515,676
7819,0.0016580291043133218,1.5987561,7.721513,1559
7820,0.00885806568943275,1.7145276,6.763169,8329
7821,0.00024886389378403934,2.3849835,10.239706,234
7822,0.0013655608530713952,1.4330951,5.086948,1284
7823,7.019238029806238e-05,2.0305152,6.682661,66
7824,0.007263847839935849,3.1866968,13.291037,6830
7825,0.0065268278468061935,2.9378936,12.996964,6137
7826,0.0009273902366653089,2.2114022,10.167794,872
7827,0.0003605335897127749,1.4634024,5.127674,339
7828,0.00027970600027864246,2.1664426,9.3932,263
7829,0.002475876686877109,2.197228,10.109201,2328
7830,0.00018398911805401198,2.098224,8.829579,173
7831,0.00321076963817955,2.0422647,7.832424,3019
7832,0.0023503812190714822,3.521364,14.070872,2210
7833,0.006511938554015695,2.762938,11.81026,6123
7834,0.0023588893863803386,1.9261557,7.110153,2218
7835,0.009414287127249213,1.9582565,9.5904875,8852
7836,0.00022865699642550622,1.7984815,7.880898,215
7837,0.0031501489461039506,1.3295314,4.1620197,2962
7838,0.0010305517652851885,1.9396803,7.9546256,969
7839,0.003171419364376091,1.8368597,7.7722974,2982
7840,0.000190370243535654,2.0353808,10.913237,179
7841,0.0013847042295163214,2.1303077,8.673456,1302
7842,0.0003265009204773507,1.8176283,5.9444013,307
7843,0.013609877131428852,2.2646601,8.631403,12797
7844,0.0063417752078385745,1.5564886,6.761376,5963
7845,0.0023014592570455602,4.020793,15.094302,2164
7846,0.007810497589529849,3.0573123,11.39319,7344
7847,0.005119789678104125,2.460487,8.01485,4814
7848,0.0042072887342293145,2.5929635,10.653103,3956
7849,0.00021376770363500813,1.637346,4.722538,201
7850,0.0027481380407605024,2.037562,7.3514504,2584
7851,0.006040798789287792,2.2873268,8.828831,5680
7852,0.01291752501667069,1.8966709,12.155228,12146
7853,0.0009231361530108808,2.059717,7.952258,868
7854,0.0010741561227430756,1.6830288,5.124095,1010
7855,0.0006678911337451996,1.8360697,7.363415,628
7856,0.005337811465393561,2.28333,8.216139,5019
7857,0.00031692923225488766,1.7341253,7.9099917,298
7858,0.0004998548293952927,1.9489285,9.993155,470
7859,0.002874697029479736,3.0915318,14.2045965,2703
7860,0.00187179680794833,3.0412045,11.397723,1760
7861,0.001690998252635139,1.3279257,3.814391,1590
7862,0.0028970309686654834,2.7666888,13.442438,2724
7863,0.006352410416974644,1.6462361,4.6488004,5973
7864,0.0003977568216890201,1.7107162,6.186489,374
7865,0.0021951071656848595,1.8763508,6.518888,2064
7866,0.013145118492182589,2.0627303,8.906277,12360
7867,0.0022014882911665016,3.6581466,10.754254,2070
7868,0.0053048423170717444,3.5344918,12.076099,4988
7869,0.00028608712576028454,1.6240696,6.639217,269
7870,0.002066421135138412,1.7022803,7.271579,1943
7871,0.018306385485917388,1.9352101,7.115642,17213
7872,0.002626896656609304,1.6680984,4.7717514,2470
7873,2.1270418272140113e-06,1.435224,1.5083153,2
7874,0.0006040798789287792,1.3540212,4.7958646,568
7875,0.003769118117823228,2.6766226,12.481486,3544
7876,0.0003350090877862068,1.7932024,6.344943,315
7877,0.0012411289061793757,3.2446897,12.545493,1167
7878,0.004204098171488493,2.5083187,9.549729,3953
7879,0.00039243921712098505,2.6710258,11.1167345,369
7880,0.00012549546780562666,2.3453124,12.876216,118
7881,0.003987139905112664,4.1294827,11.883308,3749
7882,0.0020674846560520188,2.200221,8.692788,1944
7883,0.001115633438373749,2.2447832,8.216447,1049
7884,0.0008699601073305306,2.1078448,10.494355,818
7885,0.002629023698436518,2.7183294,8.546648,2472
7886,0.0011762541304493482,1.6087534,4.290838,1106
7887,0.0033788059425294567,2.0004404,6.8726873,3177
7888,0.00011592377958316362,2.362265,8.448735,109
7889,0.00025843558200650235,4.5498414,7.4566565,243
7890,0.001668664313449392,1.7489561,6.4168415,1569
7891,0.011768922429975124,1.8955821,6.8332415,11066
7892,0.008464562951398158,1.9077324,7.363286,7959
7893,0.004231749715242275,2.3984835,9.723396,3979
7894,0.001488929279049808,2.0286345,8.330437,1400
7895,0.00025630854017928836,1.9335215,8.223315,241
7896,0.0015686933475703333,1.3476791,4.7486176,1475
7897,0.02208188472922226,2.1203032,7.633715,20763
7898,0.00024886389378403934,1.7366179,4.7933674,234
7899,0.0007072414075486587,1.4909569,5.433136,665
7900,0.0005828094606566391,1.8129944,7.243607,548
7901,0.005930192614272663,2.0529583,7.8064313,5576
7902,0.0022259492721794626,1.6654172,5.4619412,2093
7903,0.0016750454389310339,3.152761,10.770528,1575
7904,3.1905627408210167e-06,1.4589121,1.9183819,3
7905,0.0003275644413909577,2.471045,11.320498,308
7906,0.004811368613158094,2.7846766,10.207656,4524
7907,0.0010592668299525777,1.8387811,9.093563,996
7908,0.002606689759250771,4.7355924,15.975532,2451
7909,0.0028970309686654834,1.9496882,6.85458,2724
7910,0.0008454991263175695,1.7109028,7.459272,795
7911,0.0009412160085422,1.5650303,4.0628247,885
7912,0.002271680671464564,1.7809879,8.673373,2136
7913,0.0014878657581362008,1.842185,5.5849423,1399
7914,0.0019473067928144274,2.0953288,11.187356,1831
7915,0.002075992823360875,1.9587793,7.081663,1952
7916,4.254083654428023e-05,1.3234391,2.593104,40
7917,0.0032596916002054725,3.030177,11.382868,3065
7918,0.0005136806012721837,2.9377015,15.839341,483
7919,0.004133905791190431,2.5610518,10.09233,3887
7920,0.0029629692653091178,1.9010029,7.235353,2786
7921,0.015002026007340422,1.7366742,5.4084835,14106
7922,0.0031022905049916355,2.5376081,14.148281,2917
7923,0.0012900508682052979,1.9806917,6.9065595,1213
7924,0.0028140763374041367,1.8855703,7.5068035,2646
7925,0.0010635209136070057,3.1200898,12.825582,1000
7926,0.003447934801913912,2.784211,10.085489,3242
7927,0.0018441452641945477,3.3336194,12.301604,1734
7928,0.004931546476395685,1.8560172,7.654534,4637
7929,0.00793812009916269,2.654244,11.006368,7464
7930,0.0004679492019870825,1.9885714,9.087669,440
7931,0.026853903068576893,1.7640682,6.3947496,25250
7932,0.0012964319936869398,1.7916768,6.226579,1219
7933,2.7651543753782147e-05,1.313369,2.704288,26
7934,0.0016208058723370766,2.4937615,10.2982,1524
7935,0.0023493176981578753,1.410452,3.628251,2209
7936,0.0004913466620864366,1.6684701,5.0486455,462
7937,0.031214338814365614,3.5872414,26.175201,29350
7938,0.0025364973789527086,2.6937397,11.044548,2385
7939,0.00022014882911665015,2.373706,9.7684355,207
7940,0.0012847332636372628,2.0746992,6.0905166,1208
7941,0.012807982362569168,2.024102,6.4069834,12043
7942,0.0035362070377432937,1.6605935,5.568658,3325
7943,0.007857292509728558,2.5164661,8.521313,7388
7944,0.0013751325412938583,1.6609244,6.0317492,1293
7945,0.007889198137136767,2.647603,12.082302,7418
7946,0.0011326497729914609,1.6891061,5.930053,1065
7947,0.0005881270652246741,2.1018903,7.3965693,553
7948,0.004127524665708789,1.2748601,3.7266865,3881
7949,0.00114009441938671,3.053862,11.506088,1072
7950,0.002961905744395511,3.5661204,13.910847,2785
7951,0.005235713457687289,2.3146234,9.590323,4923
7952,0.02330599730078392,2.1515605,7.555706,21914
7953,0.0014144828150973174,2.0352352,6.4449477,1330
7954,0.0017558730283651664,3.4234085,11.380427,1651
7955,0.0013719419785530372,1.6585119,5.924807,1290
7956,0.0015399782829029441,2.0216055,8.829549,1448
7957,0.0005381415822851448,1.7638851,5.3921003,506
7958,0.00017867151348597695,1.5571742,5.585755,168
7959,0.0010018367006177993,1.8711334,8.673446,942
7960,0.0066969911929833145,3.3898866,16.877514,6297
7961,0.0014070381687020684,1.5319753,4.6613755,1323
7962,0.021248084332954366,1.4585671,4.739198,19979
7963,0.0059833686599530134,2.684845,13.543278,5626
7964,0.005063423069682954,2.2314658,8.700953,4761
7965,8.401815217495345e-05,1.2953969,2.4320488,79
7966,0.002302522777959167,1.8508047,7.3165503,2165
7967,0.0008635789818488886,2.4985595,12.390729,812
7968,0.00014357532333694577,1.4720039,5.1116877,135
7969,0.0004349800536652653,1.9264228,9.031234,409
7970,0.00039243921712098505,1.5076407,4.459544,369
7971,0.001889876663479649,1.9945207,6.659471,1777
7972,0.0038967406274560685,2.7306495,7.661666,3664
7973,0.002064294093311198,2.1929235,10.176321,1941
7974,0.014305419808927832,2.3236763,9.762164,13451
7975,0.0008295463126134644,2.2429888,9.809139,780
7976,0.0005487767914212149,1.8537781,7.847851,516
7977,0.004765637213872992,3.4529493,9.777217,4481
7978,0.007920040243631372,1.9262942,9.612515,7447
7979,0.004970896750199144,4.469115,18.347528,4674
7980,0.0031107986723004914,2.0999722,8.382533,2925
7981,0.0007689256205378651,1.7552555,6.5246825,723
7982,0.0007093684493758727,2.0143623,11.751456,667
7983,0.0009018657347387407,2.819047,11.1042595,848
7984,0.004376388559492828,1.7008533,5.774813,4115
7985,0.0035011108475942626,2.5156825,10.515364,3292
7986,0.0012124138415119865,1.6649336,5.356268,1140
7987,0.0009199455902700599,1.7322419,5.6471343,865
7988,0.005902541070518881,2.2252362,10.608644,5550
7989,0.0048124321340717,1.6323448,7.828808,4525
7990,0.001331528183835971,1.7150338,6.8395944,1252
7991,0.0006381125481642034,1.8102505,7.8112383,600
7992,0.0024195100784559376,5.5546427,18.064405,2275
7993,0.0025481961090023856,2.9497378,12.180178,2396
7994,0.0019600690437777115,2.7133317,11.906473,1843
7995,0.00042221780270198123,1.9162039,11.314629,397
7996,0.0001669727834362999,6.4431844,10.951097,157
7997,5.104900385313627e-05,1.3831509,3.6542006,48
7998,0.014765924364519666,1.4922075,5.9785666,13884
7999,0.0004328530118380513,1.7789005,9.092078,407
8000,0.0018526534315034039,1.4829957,4.6560674,1742
8001,0.0007859419551555772,1.8389399,9.600863,739
8002,0.002061103530570377,1.9083313,7.312099,1938
8003,0.0004977277875680787,1.664815,6.4924088,468
8004,0.00038712161255295,1.7747021,7.390115,364
8005,0.004366816871270365,2.7804847,10.226721,4106
8006,0.004751811441996101,4.047572,13.782041,4468
8007,0.002808758732836102,3.0032911,9.783737,2641
8008,0.0042391943616375246,3.2940059,11.24994,3986
8009,0.00023291108007993423,2.0935776,9.028777,219
8010,0.0009741851568640171,4.036523,8.176299,916
8011,0.0005753648142613901,1.8905971,7.2512703,541
8012,0.002058976488743163,1.6239796,5.9482207,1936
8013,0.00021802178728943616,1.8306912,7.516411,205
8014,0.0012464465107474105,2.0050812,6.2109966,1172
8015,0.003456442969222768,2.3766727,9.146879,3250
8016,0.00022972051733911322,1.3049054,2.5348945,216
8017,0.0015974084122377225,2.4262288,12.192681,1502
8018,0.0008742141909849586,1.5149094,4.8708143,822
8019,0.00033181852504538575,1.9673847,8.378995,312
8020,0.0008582613772808535,1.8136218,7.266664,807
8021,0.0012815427008964417,1.4354341,6.1397605,1205
8022,0.004826257905948592,3.1040592,12.145393,4538
8023,0.002191916602944039,1.7333907,4.9811873,2061
8024,0.0010358693698532234,1.9170799,6.4601007,974
8025,0.0005275063731490748,3.1571288,8.429627,496
8026,0.0024110019111470817,2.8973014,11.213734,2267
8027,0.00038499457072573603,2.1863484,7.319716,362
8028,0.0017771434466373065,1.590736,5.3551664,1671
8029,0.001125205126596212,1.8522815,7.809321,1058
8030,0.0018430817432809408,1.9953492,8.084324,1733
8031,0.0004690127229006895,1.5417932,7.187868,441
8032,5.2112524766743275e-05,1.2736303,2.8041172,49
8033,0.0008816588373802077,2.251945,11.368076,829
8034,0.0017792704884645205,1.8585696,6.860877,1673
8035,0.002117470138991548,3.5253804,15.620901,1991
8036,0.001695252336289567,2.0117872,7.441647,1594
8037,0.0038020872661450452,1.7828579,7.407032,3575
8038,0.0015378512410757301,1.71507,5.659596,1446
8039,0.00039137569620737806,3.4679282,12.40705,368
8040,0.002421637120283152,1.8169339,6.9595275,2277
8041,0.002642849470313409,5.375791,16.629314,2485
8042,0.0038616444373070374,1.457772,4.4655194,3631
8043,0.004348737015739046,3.1997657,13.270657,4089
8044,0.006473651801125843,2.1822207,8.653182,6087
8045,0.00039031217529377106,1.6959535,6.1067266,367
8046,0.0048124321340717,1.6044887,5.637101,4525
8047,0.001163491879486064,2.1049998,11.640584,1094
8048,0.0003009764185507826,2.2686963,7.1792326,283
8049,0.0002807695211922495,2.4391913,13.406322,264
8050,0.002421637120283152,1.6942679,8.583902,2277
8051,0.0029874302463220787,1.977527,7.1825294,2809
8052,0.0012985590355141538,1.8144389,9.58758,1221
8053,0.003795706140663403,3.0950277,11.397866,3569
8054,0.0007859419551555772,1.7028753,5.0465655,739
8055,0.0036319239199679243,3.979199,15.381898,3415
8056,0.0004679492019870825,1.8527049,9.663806,440
8057,0.001318765932872687,1.5506687,4.8374715,1240
8058,0.0013942759177387844,1.7917942,8.974451,1311
8059,0.0014410708379374926,2.5968387,9.327086,1355
8060,0.0030990999422508144,2.400955,9.764189,2914
8061,0.0014155463360109245,2.1865692,9.151855,1331
8062,0.0004690127229006895,2.3873112,9.531705,441
8063,0.002030261424075774,2.3225546,8.577303,1909
8064,0.00024886389378403934,2.0637991,9.144781,234
8065,0.0005562214378164639,2.1500518,10.396042,523
8066,0.0009348348830605579,1.6335207,5.037,879
8067,0.0019547514392096762,1.9638448,8.344251,1838
8068,0.0008699601073305306,1.665068,6.095825,818
8069,0.0006306679017689543,1.5569341,6.2252693,593
8070,0.012795220111605886,2.9348109,11.236137,12031
8071,0.0014899927999634148,1.969134,8.2370405,1401
8072,0.0017750164048100925,1.643053,6.46168,1669
8073,0.008740014868022372,1.8090124,6.988686,8218
8074,0.0023397460099354125,1.4334202,4.035874,2200
8075,0.0015867732031016523,2.05914,10.400384,1492
8076,0.0011145699174601419,1.6726757,4.514029,1048
8077,0.0031692923225488767,3.8443663,12.484667,2980
8078,0.00037010527793523794,2.2042947,7.4866858,348
8079,0.0023727151582572294,1.5161256,4.968118,2231
8080,0.0044210564378643225,2.6291742,9.7735615,4157
8081,0.0008348639171814994,1.5590757,5.083763,785
8082,0.005117662636276911,1.7986176,7.098138,4812
8083,0.0029874302463220787,4.4806976,14.009972,2809
8084,0.0027449474780196813,2.147879,8.140779,2581
8085,0.003215023721833978,1.5763587,7.045807,3023
8086,0.11630558359114852,5.136256,11.991009,109359
8087,0.0019260363745422873,2.6184907,9.83104,1811
8088,0.00407009453637401,2.2955277,11.496464,3827
8089,0.0007083049284622657,1.4780673,4.7087035,666
8090,0.0019504973555552483,1.3223779,3.812778,1834
8091,0.008503913225201616,2.9287753,10.9602585,7996
8092,0.07403381783801087,2.3077874,7.9136095,69612
8093,0.0008561343354536395,1.5490249,4.4529843,805
8094,0.000744464639524904,1.5532316,6.189907,700
8095,0.000953978259505484,3.373979,10.657201,897
8096,0.001126268647509819,1.79973,7.6707673,1059
8097,0.012916461495757084,2.006961,7.522846,12145
8098,0.00798066093570697,6.830917,11.735918,7504
8099,0.0007338294303888339,2.2830124,9.964199,690
8100,0.0008444356054039625,1.6615841,7.2602296,794
8101,0.0022652995459829218,2.3440638,8.434556,2130
8102,0.0023610164282075524,2.1461995,9.385692,2220
8103,0.0007189401375983358,1.522948,4.7590027,676
8104,0.002100453804373836,1.5566003,4.8596745,1975
8105,0.001475103507172917,2.4983706,9.829607,1387
8106,0.0055792307127823515,2.1998327,10.806461,5246
8107,0.0015676298266567262,1.392595,3.7679768,1474
8108,0.002116406618077941,4.778288,14.169144,1990
8109,0.0061684212989206325,3.7405622,13.61985,5800
8110,0.0004094555517386972,1.8017024,6.4128423,385
8111,0.0002275934755118992,2.2866492,8.539691,214
8112,0.0024003667020110115,3.0649836,11.479433,2257
8113,4.9985482939529265e-05,1.1496946,2.341639,47
8114,0.0015835826403608315,2.277957,7.9619064,1489
8115,0.008088076547981278,2.3595934,9.791133,7605
8116,0.0023695245955164083,1.5779126,4.551272,2228
8117,0.004172192544080283,3.4815156,13.498481,3923
8118,0.0010837278109655387,3.5648944,13.2508135,1019
8119,0.0025641489227064907,3.407814,13.933814,2411
8120,0.002701343120561794,2.2083654,11.751965,2540
8121,0.004693317791747716,2.0324852,6.6604886,4413
8122,0.0004381706164060863,1.7399144,6.9115777,412
8123,0.009032483119264299,1.9266542,6.20983,8493
8124,0.0031650382388944487,4.1244764,12.909486,2976
8125,0.0004892196202592226,1.719986,7.285761,460
8126,0.02308584847166727,2.093653,8.062666,21707
8127,0.00014782940699137377,1.6231898,5.9934893,139
8128,0.0024982106260628563,1.8204813,6.4050865,2349
8129,0.0005572849587300709,1.4420854,5.2675004,524
8130,0.00021802178728943616,1.2416964,2.9292014,205
8131,0.008108283445339811,2.9950829,11.072166,7624
8132,4.360435745788723e-05,1.2023562,2.3998666,41
8133,0.007719034790959647,1.4363661,4.9530225,7258
8134,0.0033671072124797797,1.9457504,7.89803,3166
8135,0.003919074566641816,2.0401735,8.689935,3685
8136,0.0001318765932872687,1.4947855,4.0184107,124
8137,0.0003626606315399889,1.5063437,4.9333687,341
8138,0.00042221780270198123,2.125749,7.3164463,397
8139,0.00021376770363500813,1.7368722,6.988919,201
8140,0.0011932704650670603,3.7194667,12.713124,1122
8141,0.07021258719542091,1.3278092,4.649865,66019
8142,0.005725996598860118,1.6899227,5.687581,5384
8143,0.0009763121986912311,1.8265438,8.396589,918
8144,0.0003594700687991679,1.5672693,4.5846305,338
8145,0.0014697859026048818,1.7335287,5.0093317,1382
8146,9.252631948380949e-05,1.639907,3.6508029,87
8147,0.0009709945941231962,2.767403,14.050245,913
8148,0.001703760503598423,1.7655079,6.1512494,1602
8149,3.190562740821017e-05,0.9599015,1.5081097,30
8150,0.000755099848660974,2.3371959,9.998637,710
8151,0.00648535053117552,2.2818398,9.650294,6098
8152,0.0023652705118619804,1.9173112,7.8692694,2224
8153,0.005622835070240239,3.7713764,13.012017,5287
8154,0.0004849655366047946,1.8583442,6.274953,456
8155,0.0005923811488791021,3.2537801,12.464421,557
8156,0.0033330745432443554,3.817015,11.191856,3134
8157,0.002061103530570377,1.4025846,6.117532,1938
8158,0.01262292972360155,2.7076197,12.009238,11869
8159,0.004906021974469117,2.83998,10.033748,4613
8160,3.72232319762452e-05,1.0904412,2.0908933,35
8161,0.0010752196436566827,1.9547822,6.5006704,1011
8162,0.0008242287080454293,2.6038814,12.635596,775
8163,0.0046635392061667195,2.2592905,11.691639,4385
8164,0.0015974084122377225,2.834011,10.930531,1502
8165,0.00031161162768685263,2.3853521,12.957362,293
8166,0.000380740487071308,1.4950334,5.115092,358
8167,0.0006923521147581607,2.2989664,8.375405,651
8168,0.0022014882911665016,1.7013388,5.752292,2070
8169,0.001705887545425637,2.0537393,6.7637897,1604
8170,0.00033926317144063477,1.6241945,7.547903,319
8171,0.0007136225330303008,2.698091,12.316812,671
8172,0.0009103739020475968,1.6038668,4.7174296,856
8173,0.012839887989977379,2.6345775,10.6680155,12073
8174,0.0003445807760086698,2.0785253,8.776718,324
8175,0.0012241125715616635,1.6478808,6.8007193,1151
8176,0.00253224329529828,1.7300934,6.284201,2381
8177,0.0009263267157517019,2.2618473,10.210069,871
8178,0.0021068349298554783,2.8820662,9.683642,1981
8179,0.0016452668533500376,2.0072618,8.170666,1547
8180,0.0038754702091839286,3.3382404,13.466057,3644
8181,0.0012740980545011928,2.4530559,10.449866,1198
8182,0.0005349510195443238,1.4523386,5.8734174,503
8183,0.0015538040547798352,1.4915318,3.9270775,1461
8184,0.0016527114997452867,2.2850292,11.306277,1554
8185,0.004034998346224979,3.055375,11.46844,3794
8186,0.0014825481535681658,3.6937194,13.760563,1394
8187,0.0017229038800433492,4.3174543,13.597497,1620
8188,0.0017867151348597695,1.4086609,4.9191303,1680
8189,0.000748718723179332,1.7986923,6.6256323,704
8190,0.0037063703839204146,2.9376128,10.552636,3485
8191,0.00033926317144063477,1.6745942,6.098194,319
