feature,density,mean_act,max_act,n_active_frames
0,0.0003062940231188176,2.1262887,9.593218,288
1,0.00580682418829425,2.8856514,11.402029,5460
2,0.0068820438319509335,1.6565008,6.847412,6471
3,0.0019590055228641042,1.672416,5.9390874,1842
4,0.003357535524257317,2.2387447,8.860344,3157
5,0.0025184175234213894,1.7193751,7.2439904,2368
6,0.005275063731490748,2.705025,12.223549,4960
7,0.0022206316676114278,5.614198,15.561536,2088
8,8.508167308856045e-06,1.4374825,1.6795793,8
9,0.0010124719097538693,1.6797754,5.9560456,952
10,0.0023408095308490194,1.9396137,8.785231,2201
11,3.403266923542418e-05,1.3904229,3.636386,32
12,0.0009667405104687681,1.5822997,7.1898427,909
13,0.002634341303004553,4.2013855,12.884948,2477
14,0.0017994773858230535,3.303301,11.114429,1692
15,0.000948660654937449,1.6274455,4.4767027,892
16,0.001862225119725867,2.6625812,10.200491,1751
17,0.0003424537341814558,1.9223942,12.141369,322
18,0.0003584065478855609,1.9837956,5.7952228,337
19,0.0017314120473522052,2.0470712,9.507377,1628
20,0.0020004828384947776,1.7029506,6.838933,1881
21,0.0006732087383132346,1.604001,8.502899,633
22,0.0033192487713674646,1.3678429,4.1998787,3121
23,0.0001669727834362999,2.3847988,12.187072,157
24,0.0005913176279654951,2.2502978,8.330456,556
25,9.57168822246305e-06,0.94611603,1.507333,9
26,0.001703760503598423,1.764761,7.048121,1602
27,0.0008816588373802077,2.3132138,7.353219,829
28,0.001721840359129742,2.751951,10.67478,1619
29,0.05602096412424902,6.3070955,20.866655,52675
30,0.00130706720282301,1.7693052,5.939761,1229
31,0.0006232232553737053,2.3914666,8.807556,586
32,0.006426856880927135,2.220821,8.720867,6043
33,0.0035043014103350837,1.6644337,6.950634,3295
34,0.0002818330421058565,2.2983906,11.424909,265
35,0.0009975826169633713,1.8215363,8.456718,938
36,0.0011794446931901693,2.1027422,7.5321026,1109
37,0.008922940465162777,2.3601184,9.11577,8390
38,0.0009284537575789159,1.5843909,7.233805,873
39,0.006140769755166851,2.155438,7.961794,5774
40,0.006109927648672247,3.3126388,11.717927,5745
41,0.00048177497386397354,0.97685355,2.6881564,453
42,0.011053172855117609,1.8301011,7.3147492,10393
43,0.0008444356054039625,1.7075847,6.3085117,794
44,0.0033330745432443554,2.2217252,9.149708,3134
45,0.008390116487445667,1.585411,5.119818,7889
46,0.0014825481535681658,1.3081627,4.2114625,1394
47,0.0014229909824061736,2.0609152,9.23382,1338
48,0.000943343050369414,1.6458845,5.7527895,887
49,0.0006359855063369894,1.6603371,4.8195567,598
50,0.0004115825935659112,2.745814,10.703753,387
51,0.018665855554716556,2.8626394,10.705578,17551
52,0.002824711546540207,4.3462954,11.750108,2656
53,0.002804504649181674,2.3035445,15.944875,2637
54,0.00500067533578014,3.0624332,12.515234,4702
55,0.0033171217295402504,3.5032566,12.458907,3119
56,0.00029246825124192656,2.8654714,10.572289,275
57,0.002401430222924619,2.8309662,11.604456,2258
58,0.004306196179194766,1.6512276,6.63578,4049
59,0.0006434301527322384,2.557414,14.098473,605
60,0.0009263267157517019,1.7646707,7.9104643,871
61,0.000947597134023842,1.5800643,7.2290716,891
62,0.00253224329529828,2.069131,8.971307,2381
63,0.0004147731563067322,1.9832048,11.775873,390
64,0.001686744168980711,1.7567691,7.5717726,1586
65,0.0025386244207799224,1.703737,6.2818656,2387
66,0.001710141629080065,3.1396482,11.762237,1608
67,0.0008348639171814994,1.7744286,7.6434913,785
68,0.0007072414075486587,1.619273,5.491206,665
69,0.0019951652339267427,4.84308,14.870531,1876
70,0.0007955136433780402,1.7428483,6.062299,748
71,0.002234457439488319,2.3267202,8.46151,2101
72,0.001316638891045473,1.938634,10.025908,1238
73,0.0007253212630799778,1.7031965,6.4562793,682
74,0.0017399202146610611,2.8224435,11.343198,1636
75,0.009421731773644464,2.3577082,11.046438,8859
76,0.0002233393918574712,1.8539844,7.6214976,210
77,0.0004519963882829774,1.792997,7.8147016,425
78,0.006072704416696002,2.7946792,9.067857,5710
79,0.003919074566641816,3.3603327,14.524976,3685
80,0.0001712268670907279,1.9960856,9.331798,161
81,0.0030118912273350397,1.9074148,6.6428757,2832
82,0.003251183432896616,1.8882159,11.794538,3057
83,0.000948660654937449,1.787268,7.648512,892
84,0.001350671560280897,1.9687845,5.9784827,1270
85,0.00489432324441944,2.4983013,10.691863,4602
86,0.00799874079123829,1.6157633,6.641232,7521
87,0.0004902831411728296,1.806118,6.5271955,461
88,0.009496178237596953,3.6536663,12.132805,8929
89,0.0019749583365682092,1.7102064,4.938959,1857
90,0.0027598367708101795,3.3881896,10.689025,2595
91,0.006226914949169018,2.9843695,10.722587,5855
92,0.001507009134581127,1.3606013,4.270004,1417
93,0.022118044440284895,2.4532826,9.963727,20797
94,0.0009667405104687681,1.5027176,5.3461757,909
95,0.0014261815451469945,3.060903,11.890487,1341
96,0.0018111761158727305,3.424631,12.100973,1703
97,0.0028810781549613784,2.2726176,9.751415,2709
98,0.0002637531865745374,1.7964665,10.858213,248
99,0.001868606245207509,1.7398853,6.058376,1757
100,0.0004541234301101914,1.4706246,3.9528413,427
101,0.0001340036351144827,1.3418694,4.570275,126
102,0.003625542794486282,2.1307676,9.711736,3409
103,0.0007136225330303008,2.5794365,11.290019,671
104,0.009491924153942526,1.3725847,4.0761366,8925
105,0.006934156356717677,1.1972998,4.114785,6520
106,0.002010054526717241,1.8468962,7.5725865,1890
107,0.005024072795879494,2.382843,8.8316145,4724
108,0.00035415246423113286,6.370985,17.89473,333
109,0.0023663340327755877,1.6180519,6.4010863,2225
110,0.003423473820900951,1.7170365,5.260306,3219
111,0.0007104319702894797,2.3321407,9.553413,668
112,0.0021589474546222214,2.8385339,12.025972,2030
113,0.0018611615988122598,2.205097,11.586102,1750
114,0.010258722732653176,2.6358447,11.418303,9646
115,0.0007529728068337599,1.5562224,5.766675,708
116,0.0016367586860411816,1.8063598,6.7594347,1539
117,0.0002669437493153584,2.7827766,9.033854,251
118,0.0011124428756329279,1.6567717,5.8807364,1046
119,0.0055303087507564295,2.7986517,10.991954,5200
120,0.0005200617267538258,1.3438059,8.548601,489
121,0.0014665953398640607,2.0163069,11.293868,1379
122,0.006054624561164683,3.0899453,11.511815,5693
123,0.0009965190960497642,1.79406,9.466432,937
124,0.009254758990208164,9.58694,20.496073,8702
125,0.0023248567171449143,1.7226719,7.0802197,2186
126,3.190562740821017e-05,1.0174538,1.7798381,30
127,0.0013953394386523913,2.779234,10.652014,1312
128,0.002676882139548833,2.988239,10.5971985,2517
129,0.0007816878715011491,1.891967,10.62593,735
130,0.00033288204595899274,1.3373427,3.5722232,313
131,0.0027747260636006776,3.371187,14.38005,2609
132,0.0006487477573002735,1.5425851,6.260625,610
133,0.001688871210807925,3.4956653,14.740387,1588
134,0.0030640037521017832,2.8904443,10.01309,2881
135,0.0034458077600866984,2.2850869,10.227786,3240
136,0.007190464896896965,3.2469168,12.401454,6761
137,0.001491056320877022,2.3319755,7.964722,1402
138,0.0016697278343629988,2.6077597,7.7640595,1570
139,0.002837473797503491,3.1849508,13.3287115,2668
140,2.3397460099354124e-05,1.0926217,1.9346219,22
141,0.0008805953164666006,1.6731126,6.622389,828
142,0.000551967354162036,1.926432,12.707108,519
143,0.0008571978563672465,1.5449468,5.741795,806
144,0.0003041669812916036,1.2280852,3.5027385,286
145,0.0007008602820670168,1.8617047,7.557628,659
146,0.007243640942577316,1.9055551,6.3728547,6811
147,0.004499756985471241,1.8770305,8.87814,4231
148,6.062069207559932e-05,1.6785469,5.283415,57
149,0.0014251180242333876,1.9731958,7.619765,1340
150,0.0006147150880648493,1.4597245,4.098789,578
151,0.0015527405338662283,1.2496892,4.1068115,1460
152,0.0007933866015508262,2.1573896,7.209503,746
153,0.001699506419943995,1.6507367,7.332008,1598
154,0.0018377641387129057,3.9645286,14.208427,1728
155,0.0004605045555918334,2.6969845,11.408092,433
156,0.002973604474445188,4.3974013,13.200952,2796
157,0.0032947877903545036,3.2498865,12.138334,3098
158,0.0006019528371015651,1.9990847,7.667007,566
159,0.000186116159881226,1.166165,3.5238574,175
160,5.5303087507564294e-05,1.5431136,2.9961007,52
161,0.002827902109281028,3.107318,10.690676,2659
162,0.002242965606797175,3.3351598,9.679845,2109
163,0.0003498983805767048,1.6426281,5.987347,329
164,0.0036702106728577766,2.2869635,8.755064,3451
165,0.0009826933241728732,2.5286903,9.4224,924
166,0.003174609927116912,3.792214,11.575139,2985
167,0.002338682489021805,4.2346206,16.417099,2199
168,0.000561539042384499,1.7132457,6.8374214,528
169,0.0020068639639764197,4.466491,15.154266,1887
170,0.0022068058957345365,1.4732548,4.386812,2075
171,0.0021504392873133655,3.209512,12.081665,2022
172,0.00284491844389874,2.5798059,11.546209,2675
173,0.004399786019592182,3.6664681,14.113682,4137
174,0.00658106741340015,1.9251215,7.1603746,6188
175,0.004125397623881575,3.6856897,15.337099,3879
176,0.0033266934177627137,2.1147575,8.02483,3128
177,0.0016495209370044658,1.7749877,5.0346236,1551
178,0.002820457462885779,4.485598,13.914826,2652
179,0.0032820255393912192,1.8451298,7.5669723,3086
180,0.005269746126922713,2.4797506,10.662207,4955
181,7.763702669331141e-05,2.0307965,7.619664,73
182,3.084210649460316e-05,1.0926118,2.0509293,29
183,0.002050468321434307,1.9008702,7.393922,1928
184,0.002303586298872774,2.2752035,7.5339184,2166
185,0.0004392341373196933,1.5584502,5.567458,413
186,0.0025779746945833815,2.306693,12.62612,2424
187,0.0014655318189504538,1.5480666,5.795841,1378
188,0.0007242577421663709,1.656783,5.184284,681
189,0.00017867151348597695,1.4003774,3.298659,168
190,0.0004732668065551175,2.4537258,10.841924,445
191,0.0006955426774989817,1.85374,7.137102,654
192,0.09582748839964564,1.7792735,8.830611,90104
193,0.007790290692171316,2.1567247,8.642687,7325
194,0.005031517442274744,2.6695337,10.6391535,4731
195,0.0018250018877496216,1.6705741,7.396957,1716
196,0.00031586571134128066,2.9641414,12.79322,297
197,0.0012772886172420137,1.6933469,5.264447,1201
198,0.0009220726320972738,2.314073,9.880955,867
199,0.001696315857203174,1.4035923,4.704873,1595
200,0.001329401142008757,2.344158,9.415454,1250
201,0.0019430527091599992,3.0467153,11.379601,1827
202,0.0007125590121166938,1.5708636,7.9466863,670
203,0.0020951361998058013,1.561554,6.503881,1970
204,0.005704726180587978,1.9052279,6.570892,5364
205,5.7430129334778304e-05,1.0563496,2.1427505,54
206,0.012669724643800258,2.1432462,7.498627,11913
207,0.0013400363511448272,1.6348417,5.961792,1260
208,0.0085772961682405,3.4626927,13.424058,8065
209,0.0008550708145400325,1.5469667,5.793696,804
210,0.0020472777586934858,1.9424113,9.949898,1925
211,0.0003626606315399889,1.5550704,5.010484,341
212,0.004863481137924837,3.0049832,10.849957,4573
213,0.0005232522894946468,1.8742584,7.469197,492
214,0.0014314991497150296,1.7805924,10.703241,1346
215,0.0011486025866955661,1.6405344,4.348326,1080
216,5.3176045680350284e-05,1.8471622,9.525396,50
217,0.06657534567088494,1.5240346,6.85223,62599
218,0.0007136225330303008,1.7080091,10.475882,671
219,0.006249248888354765,2.8323803,11.065787,5876
220,0.0005317604568035028,2.3630571,9.118078,500
221,0.000187179680794833,2.5891767,14.065754,176
222,0.001130522731164247,4.371722,14.710367,1063
223,0.0016569655833997149,1.7218744,5.3421154,1558
224,0.0019813394620498514,1.5830313,5.3053584,1863
225,0.003187372178080196,1.9377495,9.408163,2997
226,0.005889778819555597,2.1958642,6.6885448,5538
227,0.00013719419785530372,1.3127806,5.0971594,129
228,0.0015314701155940882,1.6882532,7.529534,1440
229,0.003731894885846983,2.6531327,10.4290085,3509
230,0.026172186162954802,1.7626939,5.2806983,24609
231,0.0022046788539073227,3.9594154,12.085951,2073
232,0.001693125294462353,2.0314388,8.795992,1592
233,0.0002903412094147125,1.921319,7.7451344,273
234,0.0009029292556523477,2.2655575,12.06599,849
235,0.002838537318417098,1.6282644,6.1066494,2669
236,0.0010890454155335738,1.8905368,11.068127,1024
237,0.0023323013635401634,1.6033852,6.140854,2193
238,0.0009018657347387407,2.2163284,8.738533,848
239,0.0016325046023867537,3.384807,12.408079,1535
240,0.00015952813704105085,1.7871363,6.4946833,150
241,0.004768827776613813,2.8343797,8.901764,4484
242,0.003778689806045691,2.445392,10.111813,3553
243,0.0008040218106868962,1.6817126,5.5276175,756
244,0.0007008602820670168,1.8931577,8.571028,659
245,0.005593056484659242,4.4475956,19.276215,5259
246,0.0006678911337451996,2.1415603,6.610214,628
247,0.0036648930682897413,3.838741,12.972203,3446
248,0.005478196225989686,3.0123994,10.305032,5151
249,0.0017452378192290962,1.7383829,7.2489533,1641
250,0.0007774337878467211,1.8570493,7.236186,731
251,0.005778109123626861,2.6307542,11.327054,5433
252,0.0020313249449893807,2.4349632,8.991988,1910
253,0.002256791378674066,1.6240253,5.6254377,2122
254,0.0023418730517626263,1.7776381,7.913662,2202
255,0.002082373948842517,1.4527624,5.0128174,1958
256,0.0006593829664363435,2.8272665,9.203495,620
257,0.0033394556687259976,2.2437,6.924661,3140
258,0.0037191326348836986,2.079483,8.756962,3497
259,0.0011890163814126324,2.291636,8.651524,1118
260,0.00020100545267172406,2.0860372,11.813036,189
261,0.0005158076430993977,2.3756404,12.539835,485
262,0.00031054810677324564,1.4896832,5.4732943,292
263,0.0010688385181750408,3.1639655,13.250692,1005
264,0.00019143376444926102,2.0978668,7.0398564,180
265,0.0005221887685810398,2.43562,8.081876,491
266,0.002642849470313409,2.3183692,9.811444,2485
267,0.001701633461771209,1.6356944,7.677744,1600
268,0.0003435172550950628,1.9569709,9.7048235,323
269,0.0015197713855444111,3.6301541,13.486587,1429
270,0.0013485445184536831,1.8877157,9.012349,1268
271,0.0001531470115594088,1.2870126,3.7852623,144
272,0.06128964673025813,1.3331099,4.958243,57629
273,0.0012390018643521615,1.313568,4.5289383,1165
274,0.02957438956558361,2.03783,11.352771,27808
275,0.005388860469246698,2.9498138,15.895431,5067
276,0.0037393395322422316,2.9676728,13.703809,3516
277,0.0021376770363500815,2.7566817,13.029586,2010
278,0.00279174239821839,2.601109,10.16881,2625
279,0.009537655553227626,2.0091567,7.8364077,8968
280,0.0007678620996242581,1.9243681,10.076468,722
281,0.0029959384136309347,2.0703335,8.273678,2817
282,0.004463597274408602,2.4204323,7.9287314,4197
283,0.0013123848073910449,1.3569537,4.239251,1234
284,0.0014899927999634148,1.9362156,6.254806,1401
285,0.005580294233695959,2.5399745,10.384554,5247
286,0.0008444356054039625,2.1189144,9.57033,794
287,0.014166098569245314,1.912442,7.298605,13320
288,0.00056472960512532,1.877868,9.029633,531
289,0.0006625735291771645,1.7677555,5.403849,623
290,0.04794777686905824,1.1183928,3.6496503,45084
291,0.0027417569152788607,1.6939113,5.1052117,2578
292,0.03282663651939383,3.0074801,8.775934,30866
293,0.0021578839337086145,2.8943243,9.888255,2029
294,0.0035564139351018267,1.5097066,6.2582107,3344
295,0.0005104900385313627,1.9007852,6.639081,480
296,0.0045018840272984546,3.2769406,10.1458235,4233
297,2.5524501926568134e-05,1.5814304,4.4111934,24
298,0.003625542794486282,3.2166846,11.3489685,3409
299,0.0013644973321577881,1.5034196,5.5403295,1283
300,0.0008412450426631415,2.153868,10.49336,791
301,0.0041115718520046834,3.6559246,13.487688,3866
302,0.006306679017689543,2.2478647,10.727302,5930
303,0.003222468368229227,1.3758148,4.499532,3030
304,0.0077775284412080325,2.3587167,10.753365,7313
305,0.0013687514158122163,1.9207972,10.692528,1287
306,0.0012251760924752704,1.993628,6.0417786,1152
307,0.0018005409067366606,1.6582516,5.6958184,1693
308,0.0011528566703499941,1.5477246,5.532225,1084
309,0.0016527114997452867,2.0827296,8.091628,1554
310,7.65735057797044e-05,1.8922013,5.4684267,72
311,0.004588029221300622,2.310004,8.61593,4314
312,0.0021812813938079686,1.4674222,5.141924,2051
313,0.0008242287080454293,1.8494753,9.649619,775
314,2.9778585580996157e-05,1.1780231,2.9943683,28
315,0.00021057714089418712,2.346947,11.533285,198
316,0.004837956635998269,1.979567,7.348522,4549
317,0.007129844204821365,2.4495087,10.103954,6704
318,0.009136708168797785,1.5433911,5.6162415,8591
319,0.0006870345101901256,2.2682934,10.311576,646
320,0.09971784790162005,3.1720622,18.475086,93762
321,0.0023663340327755877,3.246486,11.926782,2225
322,0.004351927578479867,1.8902539,7.2023315,4092
323,0.00209194563706498,2.3285594,12.057115,1967
324,0.003229913014624476,1.950935,9.667823,3037
325,0.0009178185484428459,1.7037193,9.667133,863
326,0.0006508747991274875,1.6059773,5.03849,612
327,0.0045391072592747,2.1093304,7.9530616,4268
328,0.0034585700110499823,2.5227253,8.997776,3252
329,0.0037180691139700917,1.3859671,5.1584787,3496
330,0.003381996505270278,2.1886425,7.5944386,3180
331,0.0012315572179569126,1.9719082,8.672214,1158
332,0.0007827513924147561,1.5257936,7.00672,736
333,0.0005891905861382811,1.5318764,5.4250546,554
334,0.0007774337878467211,2.3552089,7.717119,731
335,0.002278061796946206,1.8589464,5.9474926,2142
336,0.0018207478040951936,1.9286699,7.3711705,1712
337,0.0039031217529377107,1.4020021,10.579691,3670
338,7.019238029806238e-05,1.257146,3.2185857,66
339,0.0015218984273716251,1.8426696,7.387033,1431
340,3.084210649460316e-05,1.2810705,2.5091126,29
341,0.001699506419943995,3.6233401,12.404523,1598
342,0.00033819965052702777,2.0863974,10.977517,318
343,0.006403459420827781,2.8344488,11.169271,6021
344,0.003789325015181761,1.3821989,4.5384254,3563
345,0.0016250599559915046,1.7001061,5.2494006,1528
346,0.00010316152861987954,1.3427403,3.1244242,97
347,0.003708497425747629,2.9730546,11.456869,3487
348,0.0004328530118380513,1.8344113,8.131554,407
349,0.0009135644647884178,1.5872252,7.465166,859
350,0.0019132741235790031,3.9477649,12.133574,1799
351,0.001890940184393256,2.5069149,9.732672,1778
352,0.01234960484880455,2.3689406,9.154362,11612
353,0.0008667695445897096,1.9379464,9.639888,815
354,0.003402203402628811,2.7170098,9.916481,3199
355,0.00031480219042767367,1.7666447,7.215168,296
356,0.00019994193175811706,3.3229837,14.730466,188
357,0.004506138110952883,2.191776,8.364466,4237
358,0.000566856646952534,1.7051897,4.806942,533
359,0.00055409439598925,2.0941133,6.6773767,521
360,0.001728221484611384,2.764108,9.791459,1625
361,0.0016654737507085708,2.0267923,9.896118,1566
362,4.9985482939529265e-05,1.8321196,4.9607286,47
363,0.0006827804265356976,1.6553996,5.7402034,642
364,0.004527408529225023,2.5829349,9.463241,4257
365,0.00039243921712098505,1.8185153,6.3982306,369
366,0.0032979783530953243,3.3853672,14.513245,3101
367,0.002466304998654646,1.5337524,4.5082884,2319
368,0.0019792124202226377,1.4651041,5.1363497,1861
369,0.0015974084122377225,2.0795007,12.29013,1502
370,0.0004902831411728296,1.6196946,9.997956,461
371,0.0020228167776805248,4.2601347,18.601423,1902
372,0.0008561343354536395,1.861162,12.231938,805
373,0.0036882905283890954,2.2977915,11.209967,3468
374,0.0003031034603779966,2.5072355,10.212223,285
375,0.004197717046006851,2.0820854,8.946849,3947
376,0.0008869764419482427,4.122589,14.6251745,834
377,0.00039243921712098505,1.625962,5.3577952,369
378,0.007089430410104299,1.9619735,10.025877,6666
379,0.02138421500989606,2.6368604,15.697125,20107
380,1.2762250963284067e-05,1.5366795,3.3743577,12
381,0.0013825771876891074,1.4129069,5.4747663,1300
382,0.00042753540727001626,1.2798651,3.6251395,402
383,0.002481194291445144,4.009032,13.306334,2333
384,0.0004147731563067322,1.4884895,3.6437058,390
385,0.0004317894909244443,1.7656959,12.743918,406
386,0.0012549546780562667,1.739035,6.78778,1180
387,0.00014463884425055276,1.636289,7.2273545,136
388,0.001319829453786294,1.9105098,6.620886,1241
389,0.0002616261447473234,2.0459642,10.828374,246
390,0.0025822287782378095,2.130838,9.58296,2428
391,3.935027380345921e-05,0.9887914,1.7461934,37
392,0.001910083560838182,2.3514028,10.1773405,1796
393,0.0006051433998423862,1.8758774,6.882184,569
394,0.00023610164282075524,2.098375,11.641837,222
395,0.003400076360801597,2.2863142,9.625279,3197
396,0.004781590027577097,1.4161093,4.211282,4496
397,0.0067895175124671235,2.5284677,10.240897,6384
398,0.0040339348253113725,2.7217808,13.159786,3793
399,0.0019802759411362445,3.2174048,10.893332,1862
400,0.001149666107609173,1.9271669,7.3289027,1081
401,0.002638595386658981,3.1500652,11.998457,2481
402,0.01689190267082007,1.5980917,6.6850634,15883
403,0.0009901379705681223,1.5492017,5.3564496,931
404,0.003948853152222812,2.0408676,8.094059,3713
405,0.0032054520336115147,2.2466202,7.8020797,3014
406,0.0007019238029806237,1.9877864,10.569163,660
407,0.001700569940857602,3.9916692,13.779029,1599
408,0.0010624573926933986,2.6707397,9.54816,999
409,0.004181764232302746,4.6465435,13.718639,3932
410,0.0016601561461405357,2.4240732,10.639702,1561
411,0.001350671560280897,3.0864651,11.061499,1270
412,0.0023801598046524785,2.7056336,11.249609,2238
413,0.0022185046257842136,3.4568224,12.737652,2086
414,0.0010603303508661846,3.6922941,15.4678,997
415,0.0012900508682052979,1.864017,7.6214786,1213
416,0.005746203496218651,3.001635,11.632574,5403
417,0.0016250599559915046,3.3202097,13.39165,1528
418,0.0006381125481642034,2.1847844,13.450988,600
419,0.001142221461213924,1.7379622,5.539521,1074
420,0.0010709655600022547,1.5821905,9.888488,1007
421,0.0004977277875680787,2.684128,10.945646,468
422,0.0007987042061188613,2.69091,21.093054,751
423,0.0010975535828424297,1.5126964,4.7335067,1032
424,0.008633662776661671,3.0531433,11.394112,8118
425,0.0062524394510955865,2.2412846,8.3657055,5879
426,0.0003956297798618061,2.0826876,6.574048,372
427,0.0009316443203197369,2.902628,11.302905,876
428,0.022984813984874605,1.2729527,3.7625902,21612
429,0.0016335681233003605,2.2411299,10.23791,1536
430,0.0004094555517386972,6.1337466,14.185564,385
431,0.00031586571134128066,2.9862692,10.900053,297
432,0.0031809910525985538,1.7310977,7.977033,2991
433,0.0013698149367258232,1.7804594,6.319659,1288
434,6.700181755724135e-05,1.0559878,2.2674105,63
435,0.01635163404670771,3.464684,11.679698,15375
436,0.0020026098803219918,2.9813187,11.316493,1883
437,0.0027311217061427905,2.6126554,11.888009,2568
438,0.0021302323899548324,3.7221322,13.448897,2003
439,0.003440490155518663,2.91293,11.736338,3235
440,0.006051433998423862,3.0575428,13.020001,5690
441,0.0010730926018294687,2.690768,9.998429,1009
442,0.0031373866951406666,1.3514181,4.4471316,2950
443,0.003712751509402057,2.3210099,9.859753,3491
444,0.0029310636379009077,5.3199797,15.800331,2756
445,0.0008306098335270714,1.5101644,5.64899,781
446,0.0044412633352228555,4.7133155,14.580336,4176
447,2.6588022840175142e-05,1.1677122,1.9089272,25
448,0.0014112922523564966,2.3283014,7.8840537,1327
449,0.0036850999656482743,4.089374,16.195843,3465
450,0.017468331005995066,2.6050587,10.7816925,16425
451,0.0015591216593478703,2.7757547,9.964306,1466
452,0.001706951066339244,1.6622316,5.806562,1605
453,3.1905627408210167e-06,1.08246,1.2700156,3
454,0.003574493790633146,2.3959556,9.414771,3361
455,0.0022536008159332447,1.8457346,6.7894435,2119
456,0.0006742722592268416,1.8298596,5.917781,634
457,0.0008805953164666006,1.7386853,8.196179,828
458,0.003019335873730289,1.4988514,7.3713126,2839
459,0.0033511543987756747,2.1819062,7.604615,3151
460,0.00018824320170843998,1.4475917,4.2398925,177
461,0.0038690890837022865,2.8590171,13.360894,3638
462,0.05438845952186227,3.5714083,10.468033,51140
463,0.012159234605268895,1.717103,7.8480444,11433
464,0.00042115428178837424,1.194995,2.4595194,396
465,0.003812722475281115,2.7432287,11.416949,3585
466,0.002228076314006677,4.0852165,12.978702,2095
467,0.00362979687814071,1.8250345,6.7620845,3413
468,0.0014261815451469945,2.3023949,12.220255,1341
469,0.011827416080223509,3.1568568,13.371614,11121
470,0.0015878367240152594,2.4492617,8.175779,1493
471,0.0032969148321817174,2.8669207,9.747884,3100
472,0.023257075338758,1.7080219,7.373097,21868
473,0.0026875173486849034,4.7945848,13.34012,2527
474,4.9985482939529265e-05,1.3214576,2.8737838,47
475,0.003406457486283239,3.5084848,11.653178,3203
476,0.00010741561227430756,1.42635,3.8832607,101
477,0.004189208878697995,2.262555,9.039847,3939
478,0.004899640848987475,2.0042155,7.0597568,4607
479,0.0024067478274926537,2.5043786,12.136634,2263
480,0.003002319539112577,1.3445084,4.143741,2823
481,0.007376581056778191,2.3030996,7.798171,6936
482,0.010110893325661802,2.590251,10.015008,9507
483,4.892196202592226e-05,1.0300643,2.3202236,46
484,0.0004690127229006895,2.1145587,12.378817,441
485,0.0019536879182960694,2.5173929,8.976666,1837
486,0.0021323594317820462,2.4936113,11.189166,2005
487,0.001137967377559496,1.9904971,8.336433,1070
488,0.004956007457408646,3.007468,11.00775,4660
489,0.004104127205609435,3.950274,11.596538,3859
490,0.007224497566132389,1.3025086,4.4225755,6793
491,0.0005243158104082538,2.3956943,13.250423,493
492,0.0005594120005572849,1.9046735,5.2688994,526
493,0.011683840756886563,2.189611,9.262286,10986
494,0.0008497532099719975,1.8098637,6.7479053,799
495,0.0016250599559915046,1.7777866,7.2003107,1528
496,0.006426856880927135,2.3776383,11.084657,6043
497,0.0005849365024838531,1.940584,14.600232,550
498,5.3176045680350284e-05,0.9444209,1.7552656,50
499,0.0027715355008598565,2.2106519,8.282757,2606
500,0.00042540836544280227,2.0529726,6.1319695,400
501,0.0016303775605595397,3.5495548,16.302946,1533
502,0.0023993031810974046,2.5249274,14.226255,2256
503,0.00033075500413177875,1.9131457,10.592738,311
504,0.0015314701155940882,1.6743492,5.160367,1440
505,0.0027162324133522923,2.7149868,10.651386,2554
506,0.00033075500413177875,2.7145844,10.969624,311
507,0.003005510101853398,1.7613347,6.8765283,2826
508,0.004455089107099746,2.1444829,8.642317,4189
509,0.00018505263896761897,2.9191988,15.5939,174
510,0.0016761089598446408,2.0852246,10.58239,1576
511,0.002108961971682692,2.804436,12.840005,1983
512,0.000187179680794833,2.154699,11.114964,176
513,0.0007231942212527639,2.1697862,7.7634897,680
514,0.008097648236203741,2.7382693,12.132663,7614
515,0.012822871655359667,1.2673069,3.910061,12057
516,0.0006551288827819154,2.7514224,12.168188,616
517,1.4889292790498078e-05,1.1232574,1.5227777,14
518,0.003258628079291865,1.8499079,9.031644,3064
519,0.005823840522911963,1.8077677,10.348974,5476
520,0.00023291108007993423,2.2434025,16.77485,219
521,0.0035234447867800098,2.4046783,13.760882,3313
522,0.0033245663759354995,3.0648553,13.134673,3126
523,0.00012336842597841265,2.7993665,13.3924675,116
524,0.0023556988236395175,2.5517037,9.686607,2215
525,0.0053484466745296316,3.957656,12.9669485,5029
526,0.0010901089364471809,2.000879,7.0260525,1025
527,0.0016239964350778975,1.8371943,7.3961124,1527
528,0.0009656769895551611,1.5432547,5.25156,908
529,0.00027864247936503547,2.214614,12.806467,262
530,0.0006561924036955224,1.8241366,7.1531415,617
531,0.037106244675748426,7.1757603,15.562501,34890
532,0.016388857278683958,1.5582175,5.8229713,15410
533,0.006558733474214404,3.2756994,13.001057,6167
534,0.004164747897685034,1.8883793,7.134637,3916
535,0.13976791846623268,2.402546,12.773303,131420
536,0.005755775184441115,2.2510588,10.113026,5412
537,0.0010114083888402624,3.3949723,15.266882,951
538,0.002992747850890114,1.5549152,5.22044,2814
539,0.004676301457130004,1.5263404,3.927305,4397
540,0.0007178766166847288,1.4634835,5.0643787,675
541,0.00014570236516415978,1.1361712,3.506583,137
542,0.00048815609934561556,1.7242868,4.06836,459
543,0.002801314086440853,4.0609927,14.061834,2634
544,0.0025407514626071366,3.0480082,13.146276,2389
545,0.003579811395201181,1.8616959,8.965907,3366
546,0.0002265299545982922,2.1426291,15.872502,213
547,0.004595473867695871,2.0971062,7.9332466,4321
548,0.0042657823844777,3.2695863,10.081385,4011
549,0.0017813975302917345,2.7401013,13.160087,1675
550,0.02161287200632157,2.1050344,5.68489,20322
551,0.010381027637717982,1.7932677,7.1419106,9761
552,0.002598181591941915,2.326002,8.868124,2443
553,0.005935510218840699,3.2639337,10.562005,5581
554,0.0012049691951167374,3.1961462,10.772836,1133
555,0.0005966352325335302,2.193595,11.599963,561
556,0.002894903926838269,1.526595,5.07647,2722
557,0.0017601271120195943,2.2036498,10.690062,1655
558,0.008567724480018038,2.268753,8.511666,8056
559,0.0031054810677324566,2.27711,9.869838,2920
560,0.0010433140162484724,2.2512624,11.361133,981
561,0.0012581452407970876,4.113948,15.28776,1183
562,0.0021621380173630425,1.4871097,4.437222,2033
563,0.0007285118258207988,1.3728439,8.088336,685
564,0.0029353177215553357,5.057535,21.06614,2760
565,0.001511263218235555,1.2325696,5.560379,1421
566,0.0014570236516415977,1.9679893,10.8989,1370
567,0.010106639242007375,3.1663504,13.696176,9503
568,0.0020993902834602293,1.8324558,8.087217,1974
569,0.0009156915066156319,1.5745716,4.5671983,861
570,0.0015676298266567262,1.4379412,3.9014716,1474
571,0.00019143376444926102,2.6715417,14.343448,180
572,0.0002594991029201094,2.5667713,13.645472,244
573,0.0008433720844903555,1.815403,11.169565,793
574,0.0019611325646913184,2.3317435,8.365854,1844
575,0.00024141924738879027,1.1274194,2.775394,227
576,0.0016271869978187186,1.5961454,5.1156583,1530
577,0.00755099848660974,1.8128765,9.0936575,7100
578,0.0044125482705554666,2.1094348,8.004534,4149
579,0.000565793126038927,1.9377187,7.554861,532
580,0.0006093974834968142,1.7729725,5.741159,573
581,0.0034670781783588383,1.8058652,7.2541347,3260
582,0.008188047513860337,2.6672585,11.1498575,7699
583,0.0010954265410152157,1.8378152,6.570723,1030
584,0.006953299733162603,3.0356863,10.531185,6538
585,0.000955041780419091,2.1523046,10.198582,898
586,0.0012528276362290527,2.214596,9.334354,1178
587,0.0015357241992485162,1.6647426,8.077711,1444
588,0.0032820255393912192,2.1519425,11.400876,3086
589,0.0023503812190714822,1.8079885,8.761432,2210
590,0.005383542864678663,3.3015108,13.06129,5062
591,0.0026205155311276617,1.7375392,5.9117165,2464
592,0.00011911434232398463,1.4289016,5.1552444,112
593,0.00033288204595899274,1.547464,5.9259458,313
594,0.001331528183835971,1.8915368,10.216755,1252
595,0.0012772886172420137,1.9360156,9.683531,1201
596,0.0019334810209375361,1.8768048,7.135547,1818
597,0.0014240545033197805,1.6161624,5.954631,1339
598,0.0024035572647518326,1.5010499,4.3723526,2260
599,0.0032054520336115147,3.8327973,12.499533,3014
600,0.00031161162768685263,1.6541567,6.037595,293
601,0.0029693503907907595,3.8627288,13.707676,2792
602,5.4239566593957285e-05,1.2036729,3.4751184,51
603,0.004566758803028482,3.9497175,12.60448,4294
604,0.0016431398115228236,1.5369458,5.655294,1545
605,0.0030033830600261838,2.7305052,12.219969,2824
606,0.002424827683023973,1.7898308,6.5632725,2280
607,0.02927979427251447,1.5092417,6.3820114,27531
608,0.0033352015850715696,1.8031416,6.6530085,3136
609,0.00025418149835207437,2.1826649,9.805558,239
610,0.0021525663291405792,2.450687,8.492894,2024
611,0.0029842396835812576,2.815078,12.17879,2806
612,0.0024078113484062606,2.102112,9.3312025,2264
613,0.0011720000467949202,1.6233414,6.2976074,1102
614,0.0026130708847324127,3.1516068,11.127573,2457
615,0.0020270708613349528,4.220601,13.298799,1906
616,0.0040020291979031624,2.5840678,12.066174,3763
617,0.015090298243169802,2.6167433,13.536033,14189
618,0.00044455174188772834,2.3662853,15.074416,418
619,0.0006859709892765186,1.6979057,6.492145,645
620,0.0007263847839935848,1.8423893,10.291526,683
621,0.0011922069441534532,1.5112792,5.598738,1121
622,0.0004169001981339462,1.359406,4.403796,392
623,0.002085564511583338,2.1631212,8.41782,1961
624,0.0028704429458253082,3.1523392,12.496933,2699
625,0.006372617314333178,2.8148954,11.975553,5992
626,0.0004009473844298411,2.5953531,11.716036,377
627,0.0029374447633825494,2.3807251,13.444892,2762
628,0.0019813394620498514,2.2059848,8.769061,1863
629,0.008576232647326893,2.9295032,11.314611,8064
630,0.0003179927531684947,2.2037692,10.057674,299
631,0.001331528183835971,2.3475325,16.409939,1252
632,0.008391180008359275,1.3712085,4.0510054,7890
633,0.001119887522028177,1.6639054,5.4939213,1053
634,0.00045944103467822643,1.8315845,6.405241,432
635,0.0058940329032100254,2.5228338,8.101047,5542
636,0.0009678040313823752,1.9355028,8.4033375,910
637,0.008947401446175738,1.7533823,6.106784,8413
638,0.007215989398823533,2.9702935,11.852306,6785
639,0.0011071252710648928,1.704111,8.819212,1041
640,0.001499564488185878,2.3285403,9.968707,1410
641,9.039927765659548e-05,1.5645475,4.5496807,85
642,0.00014357532333694577,2.2222686,11.292743,135
643,0.008649615590365776,2.9444866,11.239028,8133
644,0.0014272450660606016,1.5713148,6.0863895,1342
645,0.0012613358035379087,1.9450477,6.782937,1186
646,0.00012549546780562666,2.4392078,13.279524,118
647,0.004228559152501454,2.754322,9.720823,3976
648,0.002475876686877109,2.7754946,10.005928,2328
649,0.004254083654428023,2.5654788,11.087805,4000
650,0.0004679492019870825,1.8364692,5.924373,440
651,0.008551771666313933,1.9011043,7.2376204,8041
652,0.0017994773858230535,4.9797783,14.071922,1692
653,0.0015750744730519753,3.3198977,10.584862,1481
654,0.0008710236282441377,2.45596,10.861352,819
655,0.00038605809163934303,2.1387842,9.604681,363
656,0.0010837278109655387,2.1595004,9.4494705,1019
657,0.0014272450660606016,1.901442,7.256939,1342
658,0.0025067187933717123,1.8190566,6.8854256,2357
659,0.0021153430971643343,2.0346177,7.6159177,1989
660,0.003712751509402057,2.2925067,8.059154,3491
661,0.0007848784342419701,1.7767156,9.906027,738
662,0.0020440871959526647,2.0251467,8.207716,1922
663,0.002222758709438642,5.068808,16.26908,2090
664,0.0023237931962313075,3.2913194,13.374298,2185
665,0.00012230490506480565,1.2027742,2.6085231,115
666,0.0017250309218705632,4.3050923,15.680709,1622
667,0.0047358586282919965,1.7647109,7.4613667,4453
668,0.0014580871725552048,1.8899003,7.136125,1371
669,0.0011166969592873559,2.4414246,11.949219,1050
670,0.00242589120393758,2.0238492,8.295945,2281
671,0.0005828094606566391,1.4224938,4.054487,548
672,0.00027864247936503547,2.1370435,13.32103,262
673,0.0031427042997087015,4.265959,13.94082,2955
674,0.0033383921478123907,3.5322611,14.578638,3139
675,0.001301749598254975,1.3966663,4.4745398,1224
676,0.00046582216015986845,1.7167286,9.357626,438
677,0.004176446627734711,3.8382845,11.866028,3927
678,0.004043506513533836,3.5724196,14.129718,3802
679,5.4239566593957285e-05,3.0769289,15.335383,51
680,0.0003222468368229227,1.8007734,7.442382,303
681,0.001343226913885648,1.6968454,7.6918726,1263
682,0.0023939855765293698,1.7555786,7.7020564,2251
683,0.005635597321203523,2.4331598,10.57294,5299
684,0.001895194268047684,1.6162287,8.954861,1782
685,0.002610943842905199,3.2649856,12.314323,2455
686,0.0021855354774623966,3.001406,14.476643,2055
687,0.008005121916719931,1.6677015,6.113902,7527
688,0.010357630177618628,2.1175084,7.611267,9739
689,0.0024237641621103656,4.511379,13.662144,2279
690,0.0015059456136675199,1.5848503,5.0195594,1416
691,0.002286569964255062,1.7708325,5.1968193,2150
692,0.0037499747413783017,1.6460679,6.786461,3526
693,0.0010688385181750408,1.6302639,6.0331597,1005
694,0.00019994193175811706,2.8741827,12.094038,188
695,0.006678911337451995,2.2722993,8.560247,6280
696,0.0014272450660606016,1.573231,7.8952045,1342
697,0.00022121235003025718,1.2796739,4.7331915,208
698,0.0014006570432204264,1.6532645,7.29175,1317
699,0.0025705300481881324,3.3393245,10.932295,2417
700,0.0019451797509872134,3.6335695,13.609779,1829
701,0.009636562998193078,1.5199698,6.316514,9061
702,0.0003594700687991679,1.7630897,6.7713675,338
703,0.002858744215775631,2.3996608,9.721988,2688
704,0.017885231204129014,3.2076633,11.078281,16817
705,0.005457989328631153,2.1332114,7.838194,5132
706,0.01350033447732733,1.8428465,6.7270474,12694
707,0.016225075057988477,2.1966264,8.861593,15256
708,0.0015601851802614774,2.2818382,7.4915357,1467
709,0.006658704440093462,2.0167005,7.629039,6261
710,0.0005158076430993977,2.1290092,12.443819,485
711,0.0005434591868531799,1.829038,8.982158,511
712,0.0021589474546222214,3.2461145,13.148716,2030
713,0.001304940160995796,1.6258904,5.946211,1227
714,0.0012911143891189047,1.4672233,5.1053014,1214
715,0.0015740109521383684,1.6014134,7.6232505,1480
716,0.001111379354719321,3.536756,9.168561,1045
717,0.0025630854017928834,4.3443666,13.451097,2410
718,0.0030746389612378534,3.386642,10.087438,2891
719,0.001101807666496858,2.0204215,11.713099,1036
720,0.00016271869978187186,1.670176,7.407457,153
721,0.0031416407787950946,2.9162848,11.159189,2954
722,0.004117952977486326,2.7875235,12.209674,3872
723,0.01447026555053692,1.7469627,6.099235,13606
724,0.0005232522894946468,2.0726433,13.461168,492
725,0.003637241524535959,3.520149,13.158012,3420
726,0.005881270652246741,2.029082,7.1019278,5530
727,0.0006732087383132346,1.7976884,6.4375377,633
728,0.0036819094029074536,2.7586176,9.710868,3462
729,0.00019249728536286802,2.0944355,8.846465,181
730,0.004718842293674284,2.0875869,12.303798,4437
731,0.0005881270652246741,1.6826665,6.616175,553
732,0.0029767950371860086,4.2227507,16.21035,2799
733,0.0018654156824666878,3.872792,11.643847,1754
734,0.0007753067460195071,1.8696688,8.342922,729
735,0.0013847042295163214,3.2609034,11.958776,1302
736,0.000372232319762452,1.6736419,5.0646944,350
737,0.0051314884081538024,2.870018,11.798121,4825
738,0.0016091071422873996,2.6630132,11.936638,1513
739,0.002698152557820973,2.246688,8.403674,2537
740,0.00012655898871923366,1.7930317,3.863028,119
741,0.002466304998654646,3.703738,12.88136,2319
742,0.0032639456838599004,4.8197026,15.006423,3069
743,0.0016676007925357848,3.2297788,9.684386,1568
744,0.0027736625426870707,3.6447618,14.633781,2608
745,0.0024822578123587513,3.3570318,11.443773,2334
746,0.004112635372918291,1.6794811,6.687254,3867
747,0.0021610744964494356,4.2727494,12.607227,2032
748,0.002267426587810136,3.7527812,12.749457,2132
749,0.0074510275207306815,2.3314,8.44023,7006
750,0.00240462078566544,1.8079294,7.3367405,2261
751,0.00029459529306914055,2.0985572,9.886117,277
752,0.0006593829664363435,1.8895831,10.400561,620
753,0.012453829898338035,2.530608,11.859632,11710
754,0.011689158361454599,2.3538318,10.781658,10991
755,0.0021398040781772953,1.7425402,8.074441,2012
756,0.0047007624381429644,1.8025036,5.5621,4420
757,7.976406852052543e-05,2.0614588,7.094656,75
758,0.0026088168010779847,3.0444643,12.488847,2453
759,1.91433764449261e-05,1.0725986,1.5532637,18
760,0.005790871374590146,1.7850372,6.5219097,5445
761,0.001881368496170793,3.9314673,13.665772,1769
762,0.0015038185718403059,3.8071482,13.117925,1414
763,0.0017856516139461624,1.5471988,4.8987813,1679
764,0.00040626498899787615,1.7303634,4.901217,382
765,0.046184459194297825,1.3035921,4.724845,43426
766,0.0005243158104082538,1.5732625,8.911054,493
767,0.003360726086998138,3.1085348,15.439501,3160
768,0.0007359564722160479,2.1204457,11.999259,692
769,0.0006444936736458454,1.9742886,10.5969305,606
770,0.0034617605737908034,2.4906368,7.743902,3255
771,0.00039882034260262713,1.5356436,5.9558654,375
772,0.0006296043808553473,1.2628238,5.0441303,592
773,0.00055409439598925,1.6142093,6.247091,521
774,0.12330355120268263,2.259411,11.986735,115939
775,0.0015474229292981932,2.0145948,8.710197,1455
776,0.0004190272399611602,2.881584,10.461462,394
777,0.0005445227077667869,1.7703183,5.4510365,512
778,0.0063821890025556405,2.4441745,10.322713,6001
779,0.00027438839571060743,2.029723,10.125166,258
780,0.003066130793928997,5.4065247,16.27562,2883
781,0.0016378222069547887,3.60842,12.50652,1540
782,0.00042647188635640927,2.0129504,8.843541,401
783,0.0011996515905487023,2.2634528,9.255549,1128
784,0.0015335971574213022,1.7957325,7.1681104,1442
785,0.0021802178728943617,1.6987268,5.9807835,2050
786,0.0031469583833631295,5.350531,15.720126,2959
787,0.004657158080685077,2.5700057,9.62428,4379
788,0.0013006860773413678,1.7114705,7.3865714,1223
789,0.0077860366085168884,3.2171907,13.185387,7321
790,0.0009975826169633713,2.5691366,11.096604,938
791,0.0010709655600022547,1.4650207,6.183415,1007
792,0.002073865781533661,3.5857737,12.683414,1950
793,0.0041147624147455045,1.912518,7.660722,3869
794,0.0007753067460195071,1.6821774,4.351746,729
795,0.0006987332402398027,1.9580822,6.93379,657
796,0.0020472777586934858,2.4365168,8.215811,1925
797,0.004196653525093244,1.6681786,5.6793942,3946
798,0.004856036491529588,2.9172575,10.459176,4566
799,0.0014548966098143837,4.039786,13.477883,1368
800,0.0006072704416696002,1.8611815,9.94142,571
801,0.0007859419551555772,1.9720641,12.808499,739
802,0.002434399371246436,2.0512908,8.388903,2289
803,0.004347673494825439,2.3565867,10.097299,4088
804,0.0006019528371015651,2.0204139,6.412465,566
805,0.0009199455902700599,2.3262153,12.378926,865
806,0.0004392341373196933,1.8039315,5.798071,413
807,2.3397460099354124e-05,1.4595616,2.7796094,22
808,0.014619158478441899,2.7968976,10.599366,13746
809,0.0014081016896156755,1.50428,6.4642706,1324
810,0.00476989129752742,1.8574102,6.354193,4485
811,0.012011405198277522,2.061453,8.834198,11294
812,0.0029236189915056586,3.6958487,11.67041,2749
813,0.004669920331648362,3.7400913,13.030148,4391
814,0.005787680811849325,3.4884102,12.3550415,5442
815,0.00556221437816464,1.6082577,5.020543,5230
816,0.0004328530118380513,2.013553,7.5707965,407
817,0.00474862087925528,2.7610066,12.645391,4465
818,0.0007083049284622657,2.7318492,11.625778,666
819,0.002629023698436518,4.609439,12.891649,2472
820,7.444646395249039e-06,1.2536112,1.5432855,7
821,0.00606632329121436,1.8363475,6.48161,5704
822,0.001357052685762539,3.696333,11.6010275,1276
823,0.001900511872615719,5.287986,16.026653,1787
824,0.0013623702903305742,1.6681628,6.757723,1281
825,0.0027417569152788607,1.3719157,5.591625,2578
826,0.007170257999538432,2.1867166,7.772219,6742
827,0.0006232232553737053,1.5111008,4.040528,586
828,0.0010932994991880017,2.1389632,10.132487,1028
829,0.0017548095074515593,2.8770428,9.614559,1650
830,0.001499564488185878,3.5646641,11.0625725,1410
831,0.00022865699642550622,1.7954344,7.094451,215
832,9.571688222463051e-05,1.1297005,3.280544,90
833,0.002401430222924619,3.2949178,9.894614,2258
834,0.002073865781533661,3.2867472,12.370796,1950
835,0.00022865699642550622,1.584302,5.0248933,215
836,0.0028736335085661293,2.7952528,11.124308,2702
837,0.0019600690437777115,1.3979596,4.64286,1843
838,0.002283379401514241,1.9659488,6.306523,2147
839,0.00222701279309307,2.6920998,9.342074,2094
840,0.0008508167308856045,1.5941015,8.600022,800
841,0.0027779166263414987,2.2649505,9.136771,2612
842,0.002041960154125451,1.5868529,9.834195,1920
843,0.00046688568107347545,1.5720327,5.6999855,439
844,5.2112524766743275e-05,1.275253,2.3435118,49
845,0.0005285698940626817,2.1091676,9.333875,497
846,0.0015846461612744383,1.8069477,6.289223,1490
847,0.004940054643704541,2.3001153,8.587846,4645
848,0.0003137386695140667,1.6961914,5.5844016,295
849,0.0014198004196653525,1.8796674,8.704165,1335
850,0.00799129614484304,3.1472883,12.846807,7514
851,0.0012964319936869398,1.766116,6.8935785,1219
852,0.0027672814172054285,4.777418,13.149922,2602
853,0.00506129602785574,1.8824527,6.785881,4759
854,0.0008614519400216746,2.141103,10.071609,810
855,0.0021812813938079686,2.3263662,10.672923,2051
856,0.005667502948611733,2.289242,10.446111,5329
857,0.0006062069207559932,1.5404835,5.2089605,570
858,0.007889198137136767,2.7914865,13.649288,7418
859,0.003407521007196846,3.7412646,13.720436,3204
860,0.0005743012933477831,2.5552924,11.979379,540
861,0.0010986171037560368,1.7599853,9.594219,1033
862,0.005009183503088996,3.71859,14.158383,4710
863,0.000189306722622047,2.0739908,9.176411,178
864,0.0006306679017689543,1.7167708,6.521911,593
865,0.0030895282540283515,2.868556,12.041626,2905
866,0.0018281924504904427,2.6497009,8.78368,1719
867,0.0007933866015508262,1.5621287,5.1068435,746
868,0.0006530018409547014,1.5070355,9.052718,614
869,0.016765343682100836,2.5453343,11.553044,15764
870,0.0021153430971643343,3.934555,13.199108,1989
871,0.0006593829664363435,1.8095815,9.027004,620
872,0.0012911143891189047,1.6713125,8.61309,1214
873,0.01961557973056761,2.7665386,8.874116,18444
874,0.003586192520682823,2.1331112,8.863403,3372
875,0.003009764185507826,3.4209683,13.107199,2830
876,0.0007210671794255498,2.2697701,9.505455,678
877,0.005090011092523129,3.6710768,11.547123,4786
878,2.7651543753782147e-05,1.3465697,4.233344,26
879,0.0023546353027259106,4.5888886,12.438847,2214
880,0.00021802178728943616,2.4202864,13.147879,205
881,0.00021376770363500813,1.1619874,2.4248421,201
882,0.002816203379231351,2.1126919,11.311311,2648
883,0.0014857387163089869,1.970958,7.805632,1397
884,0.0021844719565487897,3.4601443,13.502441,2054
885,0.00021695826637582914,2.2941368,10.383919,204
886,0.0006125880462376352,1.6523037,7.2328844,576
887,0.003637241524535959,3.3830202,12.556328,3420
888,0.006431110964581563,2.9083614,10.474096,6047
889,0.003794642619749796,4.6360946,15.650809,3568
890,0.00010954265410152158,1.5921878,6.1021485,103
891,0.0016410127696956096,1.203775,3.7541602,1543
892,0.0001722903880043349,2.8699937,9.287258,162
893,0.0029672233489635457,3.2319427,12.484279,2790
894,0.0024865118960131793,3.5124485,11.507673,2338
895,0.000580682418829425,2.2183912,8.300507,546
896,0.00030948458585963864,1.6796772,5.0753417,291
897,0.002136613515436474,2.4970856,14.157048,2009
898,0.00267794566046244,2.9583607,9.932254,2518
899,0.0007859419551555772,1.7291126,6.2285223,739
900,0.004381706164060863,2.1040795,8.611444,4120
901,0.00039243921712098505,1.9412243,13.211609,369
902,0.0006519383200410944,1.6881219,8.940845,613
903,0.0015825191194472244,2.0356185,8.088225,1488
904,0.00843903844947159,2.8998318,11.447191,7935
905,0.0009061198183931688,1.7625141,7.4069824,852
906,0.000372232319762452,1.8538334,13.438301,350
907,0.003561731539669862,1.7788136,7.6866426,3349
908,0.0002892776885011055,2.2610388,13.065641,272
909,0.008397561133840917,1.7901448,7.604553,7896
910,0.0028778875922205573,4.2474613,15.273162,2706
911,0.0021908530820304315,2.1914341,9.836079,2060
912,0.0030033830600261838,1.8682911,6.169914,2824
913,0.0054462905985814755,3.378408,13.722584,5121
914,0.0038212306425899714,1.2894742,4.082654,3593
915,0.0015995354540649365,2.2149742,11.564324,1504
916,0.0009018657347387407,1.8135964,6.3995013,848
917,0.00023610164282075524,2.01532,10.458897,222
918,0.00039243921712098505,2.4130461,11.815269,369
919,0.015132839079714083,3.6520483,11.184362,14229
920,0.0033064865204041807,1.5585798,5.6110682,3109
921,0.00017867151348597695,3.1167428,17.27037,168
922,0.002309967424354416,1.9164959,8.088691,2172
923,0.00428705280274984,3.245144,13.0728245,4031
924,0.0005498403123348219,1.7882968,6.6961703,517
925,0.0031193068396093474,1.6829536,7.2530575,2933
926,0.00028715064667389153,1.3600783,3.7825036,270
927,0.0018473358269353688,2.8773093,12.01609,1737
928,0.02624025150142565,2.156347,8.433503,24673
929,0.0006317314226825613,2.0321207,7.9669824,594
930,0.0009316443203197369,1.754404,6.119741,876
931,8.933575674298847e-05,1.5764583,4.733556,84
932,0.00029459529306914055,1.7482831,5.183718,277
933,0.0006572559246091295,1.6333711,6.1339765,618
934,0.0015633757430022982,1.680362,7.7662177,1470
935,0.002824711546540207,2.6125553,13.994472,2656
936,0.004766700734786599,3.2975056,12.060431,4482
937,0.0006487477573002735,1.994784,9.12816,610
938,0.003571303227892325,5.027593,13.596196,3358
939,0.022824222326919948,1.0495884,3.6701496,21461
940,0.00010528857044709356,1.4653236,5.2121606,99
941,0.00189306722622047,3.456715,12.439918,1780
942,0.003368170733393387,2.9795463,14.621904,3167
943,0.0013623702903305742,1.5208906,5.5388074,1281
944,0.003618098148091033,2.9364922,11.956661,3402
945,0.0031692923225488767,2.5781128,10.641465,2980
946,0.0014431978797647066,1.7764724,11.018061,1357
947,0.0007093684493758727,1.3745562,4.9740167,667
948,0.000952914738591877,1.5532186,4.967226,896
949,0.0032533104747238303,1.203249,3.6256933,3059
950,0.0029204284287648375,2.6931171,13.343289,2746
951,0.0008040218106868962,1.6589018,5.305597,756
952,0.0006317314226825613,2.6679971,11.289607,594
953,0.002821520983799386,2.7433603,11.953371,2653
954,0.012261332612975169,3.1735914,12.628732,11529
955,0.0034745228247540874,2.9964433,10.7295,3267
956,0.0011868893395854184,2.0170798,7.2082834,1116
957,0.0002478003728704323,1.5413511,5.564961,233
958,0.0008529437727128185,2.201764,10.163803,802
959,0.0015484864502118,3.0579262,10.316437,1456
960,0.02599883225403686,3.030808,11.680246,24446
961,0.003804214307972259,4.316535,15.203492,3577
962,0.00012549546780562666,1.3345717,3.1263106,118
963,0.0037648640341688,2.7220266,9.090702,3540
964,0.0027194229760931134,1.9963502,8.975876,2557
965,0.006129071025117174,3.8627553,16.548235,5763
966,0.0029353177215553357,2.7654974,13.312096,2760
967,0.0024429075385552917,3.372501,13.017358,2297
968,0.001324083537440722,1.5523399,4.853759,1245
969,0.003551096330533792,1.8232795,7.168373,3339
970,0.0012496370734882316,1.8255163,7.4792094,1175
971,0.0018675427242939018,2.7110686,10.538402,1756
972,0.001486802237222594,1.8979578,8.164952,1398
973,0.0008018947688596822,2.1544194,10.007749,754
974,0.0019292269372831081,1.6890473,6.652299,1814
975,0.00021908530820304316,1.4367485,4.9270344,206
976,0.002315285028922451,2.9010956,14.416116,2177
977,0.004417865875123501,3.498183,11.808535,4154
978,0.0027577097289829657,1.5348864,6.260771,2593
979,0.0012421924270929825,1.9253459,6.644446,1168
980,4.892196202592226e-05,3.00454,12.878287,46
981,3.509619014903119e-05,1.0301901,2.0731199,33
982,0.0009571688222463051,2.1213562,9.475412,900
983,0.0010486316208165075,2.1395404,10.719988,986
984,0.0007221307003391569,2.3564694,11.279109,679
985,0.00036159711062638193,2.5249443,8.556696,340
986,0.0015772015148791893,1.8771352,7.017558,1483
987,0.019216759387964983,1.8175682,6.935097,18069
988,0.005346319632702417,1.7784584,6.7125826,5027
989,0.004511455715520918,1.870458,7.2137423,4242
990,0.0045742034494237315,4.301903,12.996156,4301
991,0.000955041780419091,1.9798837,11.325894,898
992,0.0005583484796436779,1.8746488,7.8795047,525
993,0.0012134773624255934,1.5013103,4.2418723,1141
994,0.000754036327747367,2.2189956,7.6378584,709
995,0.08330984724649118,1.7056631,6.675734,78334
996,0.004352991099393474,2.8007169,11.159975,4093
997,0.001311321286477438,1.2945129,4.099674,1233
998,0.0025386244207799224,1.9037352,6.7304115,2387
999,0.0005264428522354678,1.8059573,6.5769706,495
1000,0.013326980568409388,1.7599032,6.629206,12531
1001,0.0011464755448683521,1.4204956,4.659016,1078
1002,0.0041317787493632165,3.0889452,12.193268,3885
1003,0.004015854969780053,1.7509671,6.676531,3776
1004,0.05278041590048847,6.8098106,23.345173,49628
1005,0.0011932704650670603,2.7726498,17.343584,1122
1006,0.002239775044056354,3.3835893,10.838708,2106
1007,0.006995840569706883,2.8251047,13.367641,6578
1008,0.0006210962135464913,2.0525959,8.949686,584
1009,0.025328814078464445,2.0762155,7.961225,23816
1010,0.00023716516373436226,6.0141225,13.478684,223
1011,0.007754130981108678,3.877511,11.556051,7291
1012,0.00015421053247301582,1.6354368,5.2130847,145
1013,0.0010103448679266553,1.5453701,5.679707,950
1014,0.0003201197949957087,1.7287247,9.345638,301
1015,0.0019728312947409955,2.0272532,9.233607,1855
1016,0.0024790672496179302,1.5456269,4.782682,2331
1017,0.0032490563910694023,2.559854,9.127268,3055
1018,0.0008167840616501803,2.5879517,12.583419,768
1019,0.0021685191428446843,4.302159,13.619536,2039
1020,0.0074797425853980705,3.7578027,13.977224,7033
1021,0.0015452958874709792,2.6452777,12.604637,1453
1022,0.0034553794483091612,1.717533,6.8723736,3249
1023,0.002439716975814471,1.7298609,5.1395493,2294
1024,0.0013687514158122163,3.0022132,11.179363,1287
1025,0.005622835070240239,1.4926183,7.8455486,5287
1026,0.0021695826637582916,2.3728955,8.735644,2040
1027,0.006623608249944431,1.670951,5.6301036,6228
1028,0.0022419020858835677,2.778299,10.494393,2108
1029,0.002223822230352249,4.645946,14.865249,2091
1030,0.000374359361589666,2.4682755,8.608383,352
1031,0.0020228167776805248,1.7000254,7.4700475,1902
1032,0.002618388489300448,2.9774442,10.490524,2462
1033,0.0011188240011145698,2.61857,9.831934,1052
1034,0.0017739528838964854,2.3960352,10.0747795,1668
1035,0.006277963953022154,2.2693708,8.866117,5903
1036,0.0017813975302917345,1.597875,7.0131927,1675
1037,0.003562795060583469,2.7683046,12.761647,3350
1038,0.0009656769895551611,2.2989576,10.210056,908
1039,0.0023642069909483735,4.1167717,13.791247,2223
1040,0.005817459397430321,2.004233,10.1801405,5470
1041,0.0007816878715011491,1.6090425,9.653648,735
1042,0.004964515624717503,2.4654195,8.063608,4668
1043,0.0015601851802614774,1.41015,4.326464,1467
1044,0.004384896726801684,2.351234,10.436409,4123
1045,0.0006561924036955224,1.304594,2.5100539,617
1046,0.00776051210659032,1.454858,4.9523787,7297
1047,0.0006253502972009194,1.7565117,5.0112743,588
1048,0.0018239383668360147,2.534088,8.695859,1715
1049,0.002093009157978587,1.6709632,5.4451613,1968
1050,0.0011826352559309902,2.4318302,14.069422,1112
1051,0.005836602773875247,3.182542,12.288663,5488
1052,0.007865800677037413,1.6507245,6.167476,7396
1053,5.3176045680350284e-05,1.574281,3.5625691,50
1054,0.0009997096587905853,2.2096162,10.900017,940
1055,0.0012283666552160915,4.9412785,17.904573,1155
1056,0.0004243448445291952,1.5980569,5.2253284,399
1057,0.002061103530570377,1.6571242,5.74088,1938
1058,0.0031161162768685263,5.4215164,16.077307,2930
1059,0.005701535617847157,1.7904094,6.174468,5361
1060,0.0021727732264991127,2.6900733,11.795307,2043
1061,0.0014761670280865238,3.4136462,13.1157675,1388
1062,0.0033873141098383127,1.6675735,5.7350044,3185
1063,0.0015899637658424734,1.8791826,7.7902713,1495
1064,0.0030437968547432502,2.7356148,11.038178,2862
1065,0.0023759057209980505,2.1856158,7.333424,2234
1066,0.00035521598514473985,1.6125429,4.9999456,334
1067,0.0023610164282075524,1.8508887,9.179128,2220
1068,0.071078293219097,1.4589576,6.970727,66833
1069,0.0014687223816912747,2.1419082,8.6761465,1381
1070,0.0009146279857020249,2.025453,6.8036737,860
1071,0.0011028711874104648,4.6313453,16.844275,1037
1072,0.0031405772578814877,3.286246,10.573467,2953
1073,0.0002903412094147125,1.6376117,5.2113757,273
1074,0.0010762831645702896,1.9756702,9.906383,1012
1075,0.004217923943365384,2.683443,11.464239,3966
1076,0.04454238290368861,2.032882,9.861212,41882
1077,0.0023833503673932996,4.9944897,15.684086,2241
1078,0.0021897895611168246,2.0841553,10.126023,2059
1079,0.0010805372482247178,1.6963547,8.630219,1016
1080,0.0009986461378769782,2.2973049,11.763969,939
1081,0.001524025469198839,3.0106916,9.2064495,1433
1082,0.00035202542240391887,1.5696802,5.9100113,331
1083,0.0006987332402398027,1.9417894,10.218697,657
1084,0.0006902250729309467,2.0937474,8.802741,649
1085,0.0007285118258207988,1.9139977,8.514367,685
1086,0.0033585990451709237,3.545053,13.875549,3158
1087,0.00019568784810368903,1.7635679,7.900094,184
1088,0.000756163369574581,2.1122158,8.942431,711
1089,0.0020398331122982367,1.8452294,5.58135,1918
1090,0.001319829453786294,3.2309573,13.600582,1241
1091,0.0032830890603048266,1.5550108,7.060424,3087
1092,0.0009986461378769782,3.0023625,12.276246,939
1093,0.0025896734246330586,2.5429544,9.861956,2435
1094,0.001497437446358664,1.6163799,5.345591,1408
1095,0.0029725409535315806,2.0551655,7.932126,2795
1096,0.002512036397939747,1.3736774,5.176921,2362
1097,0.005958907678940053,2.9181373,11.669289,5603
1098,0.004115825935659112,2.17763,8.153286,3870
1099,0.0017909692185141975,1.5838872,10.278828,1684
1100,0.0022302033558338906,3.2450516,11.303737,2097
1101,0.0012145408833392005,1.9647809,8.631966,1142
1102,0.0029023485732335183,3.0426548,12.211651,2729
1103,0.001718649796388921,2.120037,7.608865,1616
1104,0.0012538911571426596,1.6640608,4.794128,1179
1105,0.0005477132705076079,2.4869535,10.955043,515
1106,0.0028140763374041367,1.8840709,9.367552,2646
1107,0.0002818330421058565,1.4589667,5.8053145,265
1108,0.0026003086337691287,2.9538245,11.928509,2445
1109,0.0021844719565487897,3.5437963,11.968046,2054
1110,0.008446483095866838,2.088168,11.995865,7942
1111,0.0008050853316005032,1.7120917,6.226128,757
1112,0.0026013721546827356,3.375369,10.629871,2446
1113,0.0018005409067366606,1.8196825,7.6256638,1693
1114,0.000935898403974165,2.0966017,9.379872,880
1115,0.0037095609466612357,2.6530828,9.485533,3488
1116,0.0010231071188899394,2.6981876,12.5401,962
1117,0.0002754519166242145,2.0933318,8.5916395,259
1118,0.0014261815451469945,1.8067379,7.4716754,1341
1119,0.0029236189915056586,2.6227174,10.479229,2749
1120,0.0025524501926568136,2.3259594,8.936339,2400
1121,0.006414094629963851,1.3605405,4.3733034,6031
1122,0.0031501489461039506,1.843782,9.323859,2962
1123,0.006246058325613944,2.958447,10.313339,5873
1124,0.0025130999188533545,5.1497626,14.491857,2363
1125,0.0006242867762873123,2.346102,6.5020247,587
1126,0.0002531179774384673,2.5613673,9.279195,238
1127,0.0013751325412938583,3.2450507,13.446089,1293
1128,0.001518707864630804,1.7350266,7.071732,1428
1129,0.0051719022028708685,2.017682,9.500635,4863
1130,0.049580281471445,2.8010304,8.360888,46619
1131,0.001304940160995796,1.7866368,12.23802,1227
1132,0.0016069801004601856,2.0506291,8.428614,1511
1133,0.0018196842831815867,1.8284369,8.46397,1711
1134,0.0008199746243910014,3.6840348,13.506696,771
1135,0.0006902250729309467,1.7532462,6.438567,649
1136,0.0013910853549979633,2.2441826,12.415927,1308
1137,0.003771245159650442,2.0256279,7.360634,3546
1138,0.00519955374662465,1.2748485,6.2116914,4889
1139,0.0009167550275292389,2.2473369,9.648104,862
1140,0.001502755050926699,1.9930521,9.604068,1413
1141,0.00327458089299597,2.8337636,10.228874,3079
1142,0.0003190562740821017,1.6542332,5.06045,300
1143,0.0019047659562701472,1.8064736,6.928981,1791
1144,0.005753648142613901,1.9881845,7.792143,5410
1145,0.000190370243535654,2.8212092,16.481232,179
1146,0.0069107588966183225,2.8685384,10.4663315,6498
1147,0.0006763993010540555,2.4105082,12.532573,636
1148,0.005593056484659242,2.3752344,9.271766,5259
1149,0.015615677574491664,1.8234428,9.735281,14683
1150,0.0005349510195443238,1.7144163,8.839726,503
1151,0.000190370243535654,1.9711646,8.022883,179
1152,0.0011124428756329279,1.9741769,10.654958,1046
1153,0.005533499313497251,2.7010431,10.506401,5203
1154,0.002705597204216222,2.9328883,10.85733,2544
1155,0.008034900502300928,1.6164392,5.0967865,7555
1156,0.0025535137135704205,1.2595243,5.6455283,2401
1157,0.00566856646952534,2.7717707,10.8131695,5330
1158,0.0005179346849266117,1.9373685,10.558855,487
1159,0.0019483703137280343,1.787065,6.8484883,1832
1160,0.010876628383458847,1.689622,5.5928936,10227
1161,0.0007306388676480128,2.2038248,9.209945,687
1162,0.0012857967845508699,3.8124769,15.412891,1209
1163,0.0006338584645097753,1.5604892,4.900027,596
1164,0.020466396461453217,1.8467935,6.967281,19244
1165,0.0021717097055855054,3.192938,11.240246,2042
1166,0.0001488929279049808,1.9429971,8.227912,140
1167,0.0029693503907907595,1.9621166,11.661458,2792
1168,0.0006742722592268416,1.5790985,5.365479,634
1169,0.002133422952695653,3.5908322,12.150691,2006
1170,0.0008029582897732892,1.8210412,7.656375,755
1171,0.00285555365303481,3.4461966,12.459788,2685
1172,0.0002446098101296113,1.747332,4.6313825,230
1173,0.0009008022138251337,2.4282997,11.195007,847
1174,0.0007051143657214447,2.2484112,7.0956087,663
1175,0.00038393104981212904,1.5625387,9.14794,361
1176,0.003025716999211931,4.0881987,13.785203,2845
1177,2.6588022840175142e-05,1.8388485,4.5428467,25
1178,0.0021323594317820462,1.7327398,7.372503,2005
1179,0.0006093974834968142,1.4561629,5.467599,573
1180,0.002267426587810136,3.6388571,14.130122,2132
1181,0.016921681256401068,1.5946732,6.051833,15911
1182,0.002389731492874942,4.9254866,13.775877,2247
1183,0.0023046498197863813,1.330793,3.4719334,2167
1184,0.0035521598514473987,2.570316,7.9631186,3340
1185,0.0016154882677690415,2.0604756,8.3162365,1519
1186,0.0015942178494969014,4.122011,15.4664345,1499
1187,0.00028821416758749853,1.7206323,7.5655036,271
1188,0.006251375930181979,2.8910632,11.971095,5878
1189,0.001963259606518532,2.5653565,10.409412,1846
1190,0.004650776955203436,1.8887951,7.426092,4373
1191,0.0009773757196048381,2.1453083,12.7062845,919
1192,0.0005200617267538258,1.732951,6.1162524,489
1193,0.003406457486283239,1.7220607,6.390453,3203
1194,0.0013676878948986092,3.1421316,12.213201,1286
1195,0.002630087219350125,3.5774486,13.653351,2473
1196,0.014099096751688073,1.1133022,3.3327754,13257
1197,0.021077920986777243,1.9075336,7.821766,19819
1198,0.0029640327862227246,3.3584945,11.889085,2787
1199,0.007532918631078421,2.700895,10.9351225,7083
1200,0.004460406711667781,2.186354,12.718578,4194
1201,0.0006753357801404486,2.317358,11.097876,635
1202,0.004749684400168887,3.213955,11.660842,4466
1203,0.001295368472773333,2.7318268,13.90465,1218
1204,0.0021376770363500815,2.833429,10.360037,2010
1205,0.0013964029595659984,2.3480844,8.710999,1313
1206,0.0006955426774989817,1.7258953,7.5631266,654
1207,0.0009624864268143401,2.1901145,8.078436,905
1208,0.013959775512005557,1.4001507,4.7853346,13126
1209,0.005126170803585767,3.9299414,13.35582,4820
1210,0.00020313249449893807,2.1355362,6.4608064,191
1211,0.0011486025866955661,1.9826174,5.0806403,1080
1212,0.017721448983433533,2.37865,10.111274,16663
1213,0.0004009473844298411,2.4420207,9.333264,377
1214,0.0007827513924147561,2.408266,9.738066,736
1215,0.001509136176408341,1.5434376,6.5439963,1419
1216,0.0005179346849266117,2.726908,13.6914625,487
1217,0.003048050938397678,1.9590607,8.036806,2866
1218,0.0035723667488059318,2.2186217,8.531699,3359
1219,0.0005945081907063162,2.1352408,10.810029,559
1220,0.0003647876733672029,1.5082011,5.390172,343
1221,0.00029140473032831957,2.3512173,14.419789,274
1222,0.008028519376819285,2.2751713,9.626216,7549
1223,0.001334718746576792,3.4533877,13.001571,1255
1224,0.0029842396835812576,1.6805851,5.942102,2806
1225,0.002489702458754,2.9991348,11.183681,2341
1226,0.0041030636846958275,1.4233248,4.659131,3858
1227,0.014560664828193515,1.5570997,4.599628,13691
1228,0.0019249728536286802,2.5574148,9.291154,1810
1229,0.0004605045555918334,1.9277126,10.752961,433
1230,0.0023195391125768795,1.847058,8.125552,2181
1231,0.0011528566703499941,1.8588547,7.046961,1084
1232,0.05610710931825119,1.2227715,4.877323,52756
1233,0.0011996515905487023,1.6106519,4.5688376,1128
1234,0.003192689782648231,2.4625342,12.278643,3002
1235,0.00021908530820304316,1.7521259,5.3209047,206
1236,0.001332591704749578,2.6610546,11.282336,1253
1237,0.0010007731797041922,1.6301223,6.30587,941
1238,0.008191238076601158,3.0834503,10.010398,7702
1239,0.0027204864970067203,1.7963778,5.612151,2558
1240,0.00048283849477758053,2.1556184,11.557138,454
1241,0.00056472960512532,1.7704191,6.729049,531
1242,0.0008072123734277173,1.6849017,5.7986097,759
1243,0.001117760480200963,1.5680094,6.049382,1051
1244,0.0032884066648728614,3.99572,14.39147,3092
1245,0.0025939275082874865,1.5442913,4.4729276,2439
1246,0.005327176256257491,1.644447,6.408804,5009
1247,0.0007646715368834371,2.0344045,9.555632,719
1248,0.0006264138181145264,1.4473077,8.396662,589
1249,0.0010379964116804376,1.9942408,7.01414,976
1250,0.0007508457650065459,2.0366178,8.377878,706
1251,0.0007753067460195071,2.4572554,12.300447,729
1252,0.009551481325104517,2.1422102,7.720182,8981
1253,0.0017877786557733764,2.3541174,10.402542,1681
1254,0.003855263311825395,4.4751964,14.356776,3625
1255,0.005291016545194853,1.9665989,9.198006,4975
1256,0.000749782244092939,2.0310512,8.8684025,705
1257,0.0005051724339633276,8.069991,18.276134,475
1258,0.0009880109287409083,2.0218387,6.643328,929
1259,0.0015750744730519753,2.9230435,10.52189,1481
1260,0.000748718723179332,2.191635,12.428202,704
1261,0.0021791543519807544,1.7301913,8.202013,2049
1262,0.00037116879884884494,2.0347564,10.137968,349
1263,0.0019419891882463923,1.8203939,7.615884,1826
1264,0.0014634047771232396,2.424217,11.484981,1376
1265,0.0006125880462376352,2.3133903,13.399463,576
1266,0.03764438625803357,1.781022,5.0197697,35396
1267,0.001157110754004422,2.2757957,10.609176,1088
1268,0.0008561343354536395,1.3314273,3.7033436,805
1269,0.004786907632145132,3.1152189,10.711172,4501
1270,0.0016644102297949637,1.3665041,4.8102355,1565
1271,0.00151658082280359,2.8102236,13.502065,1426
1272,0.0030597496684473553,2.9629438,12.490013,2877
1273,0.007661604661624868,2.4488676,9.257964,7204
1274,0.001963259606518532,3.815278,15.346345,1846
1275,0.0008040218106868962,1.4848554,6.4502153,756
1276,0.0026885808695985103,3.745316,13.443439,2528
1277,0.0011890163814126324,2.6588979,9.1241255,1118
1278,0.0006561924036955224,2.3857803,9.917033,617
1279,0.0005306969358898958,1.8481125,9.33454,499
1280,0.0018728603288619369,1.8166884,9.138879,1761
1281,0.0029884937672356856,1.5620923,4.3964987,2810
1282,0.0007083049284622657,2.3190196,12.600347,666
1283,0.0016473938951772518,3.668077,16.211842,1549
1284,0.01066924180530548,2.6421998,10.81388,10032
1285,0.0012347477806977335,1.5955129,5.5296307,1161
1286,0.0006487477573002735,1.7866467,7.2544723,610
1287,0.006262011139318049,2.4704697,11.880362,5888
1288,0.00250033766789007,1.5344396,5.362395,2351
1289,0.008670886008637918,2.4698255,9.904365,8153
1290,0.0062290419909962315,2.7886114,12.955876,5857
1291,0.0001340036351144827,1.7283359,6.2392898,126
1292,0.002807695211922495,1.7732955,6.441039,2640
1293,0.01571671206128433,2.352386,14.394559,14778
1294,0.0011103158338057139,2.09647,9.679352,1044
1295,0.0026130708847324127,4.5618052,12.363634,2457
1296,0.0026885808695985103,1.2687247,4.0376806,2528
1297,0.003002319539112577,2.5345676,12.924869,2823
1298,0.002788551835477569,4.1292453,14.677192,2622
1299,0.0006891615520173396,1.5736446,6.7792954,648
1300,0.0016697278343629988,3.8232164,12.958771,1570
1301,0.002238711523142747,4.058586,14.186444,2105
1302,0.010127909660279514,1.9995924,9.041788,9523
1303,0.0002828965630194635,1.9507941,6.963871,266
1304,0.004893259723505833,1.7731026,10.26784,4601
1305,0.0015197713855444111,1.9569299,8.522627,1429
1306,0.0038690890837022865,3.3232262,12.364872,3638
1307,0.05807781357116497,3.109004,11.6685915,54609
1308,0.0006423666318186314,2.4846642,9.490502,604
1309,0.002657738763103907,2.188856,8.767931,2499
1310,0.0017175862754753141,4.35328,16.215,1615
1311,0.0005019818712225067,2.0972896,9.546974,472
1312,0.0004998548293952927,2.588506,11.83376,470
1313,0.0003360726086998138,2.5241551,7.6490536,316
1314,0.0007168130957711218,1.830165,6.236954,674
1315,9.146279857020248e-05,1.339316,4.039542,86
1316,0.0023631434700347666,1.7806612,7.145044,2222
1317,0.001889876663479649,1.8036085,8.689728,1777
1318,0.00010103448679266554,1.8044759,6.208031,95
1319,0.004641205266980973,3.4370122,11.563597,4364
1320,0.0014251180242333876,2.0643277,8.435273,1340
1321,0.013484381663623224,2.532628,11.437722,12679
1322,0.0010422504953348656,2.8932364,14.067332,980
1323,0.0013783231040346792,1.903417,6.1421523,1296
1324,0.0021929801238576457,2.826924,10.867482,2062
1325,0.002117470138991548,2.7398221,11.3964205,1991
1326,0.0008880399628618497,1.5167961,7.4055076,835
1327,0.008102965840771775,2.4590523,9.785401,7619
1328,0.00038393104981212904,1.7178103,6.173228,361
1329,0.005408003845691623,3.0698597,10.693092,5085
1330,4.573139928510124e-05,1.4064468,3.0501575,43
1331,0.0012262396133888775,1.9894105,8.534773,1153
1332,0.0018079855531319097,2.5391357,9.233306,1700
1333,0.0020270708613349528,4.0828366,12.9885645,1906
1334,0.00022014882911665015,1.9527674,6.86513,207
1335,0.0009699310732095892,3.0924125,12.261685,912
1336,0.002215314063043393,3.6408055,12.666742,2083
1337,0.0025577677972248485,2.3673933,8.928522,2405
1338,0.01400444339037705,1.678122,5.4568696,13168
1339,0.0007646715368834371,2.827384,11.677441,719
1340,0.0003647876733672029,1.4554765,4.551326,343
1341,0.0012156044042528073,1.5843871,6.011228,1143
1342,0.005338874986307168,2.1715946,8.706183,5020
1343,0.0014421343588510995,2.0279398,6.085405,1356
1344,0.0014155463360109245,2.4386866,9.132622,1331
1345,0.00027757895845142847,1.8387007,9.815744,261
1346,0.000756163369574581,2.7548168,12.576333,711
1347,0.0019313539791103221,1.4130181,5.7430015,1816
1348,0.002259981941414887,1.6415938,4.867006,2125
1349,0.0003658511942808099,1.8048729,7.4039288,344
1350,0.0006647005710043785,2.003744,8.667458,625
1351,0.0032490563910694023,2.7031949,11.318514,3055
1352,0.0036648930682897413,2.998591,11.483759,3446
1353,0.00095185121767827,2.402375,8.538513,895
1354,0.006115245253240282,3.2629585,12.107026,5750
1355,0.0022142505421297856,4.1728597,13.020131,2082
1356,0.0016569655833997149,2.1566904,8.247866,1558
1357,0.0011932704650670603,1.5655801,5.8993697,1122
1358,0.003229913014624476,1.6793351,6.098146,3037
1359,0.0025588313181384554,1.7994766,6.9686303,2406
1360,0.0028236480256266,3.7254138,11.170938,2655
1361,0.008139125551834414,2.2418623,10.946716,7653
1362,0.0005019818712225067,2.6115177,9.944531,472
1363,0.008610265316562317,2.5728362,9.753858,8096
1364,0.0004349800536652653,1.7187437,5.670465,409
1365,0.0019387986255055712,3.7321255,14.639385,1823
1366,0.0037053068630068077,1.622073,6.112055,3484
1367,0.006319441268652828,2.5017736,11.446568,5942
1368,0.000939088966714986,1.9567292,6.6175423,883
1369,0.00019249728536286802,1.375939,4.6773267,181
1370,0.0031703558434624836,2.5252247,10.680203,2981
1371,0.00575045757987308,2.9727833,10.301518,5407
1372,0.030169961277203537,1.4915873,4.8830814,28368
1373,0.0001520834906458018,1.5195435,4.8849297,143
1374,0.0004009473844298411,1.3547359,5.4657516,377
1375,0.007379771619519012,1.4890019,5.244956,6939
1376,0.00391056639933296,2.353973,9.677886,3677
1377,0.0019026389144429332,2.4737823,9.520042,1789
1378,0.004343419411171011,3.3234568,11.25865,4084
1379,0.0006636370500907715,1.5116177,4.723619,624
1380,0.0020249438195077385,2.791026,11.371019,1904
1381,0.0005753648142613901,1.765763,7.5305395,541
1382,0.0010316152861987954,2.7338095,8.760414,970
1383,0.002124914785386797,1.6888397,6.3304853,1998
1384,0.019266744870904514,2.0123172,8.437031,18116
1385,0.0011124428756329279,2.0750349,8.027847,1046
1386,0.002450352184950541,3.1752293,10.652703,2304
1387,0.001293241430946119,1.8541535,6.9357305,1216
1388,0.0035064284521622974,3.3517432,17.39485,3297
1389,0.0006934156356717677,2.0051277,7.96437,652
1390,0.00024035572647518327,2.076171,9.260832,226
1391,0.0061482144015620995,2.5280867,12.389711,5781
1392,0.0011890163814126324,1.5761061,7.5096974,1118
1393,0.015358305513398769,2.1213405,10.18339,14441
1394,0.0014442614006783137,1.7714987,10.198635,1358
1395,0.01851483558498436,2.0492458,7.709589,17409
1396,0.0005104900385313627,1.6260408,6.6040516,480
1397,0.0009220726320972738,1.5636381,3.9827936,867
1398,0.004069031015460404,2.797711,12.976509,3826
1399,0.0021440581618317233,2.036947,7.6460576,2016
1400,0.0017909692185141975,1.9038161,8.562025,1684
1401,0.01316638891045473,2.1844003,8.885422,12380
1402,0.0005009183503088997,2.0961356,9.705095,471
1403,0.0006987332402398027,2.124766,12.726069,657
1404,0.0019887841084451005,1.8614299,6.654586,1870
1405,0.0010901089364471809,4.0221,17.22818,1025
1406,0.0012528276362290527,1.3680547,4.1882443,1178
1407,0.0001116696959287356,1.8354311,4.5770707,105
1408,0.001693125294462353,1.5907881,5.170256,1592
1409,0.003443680718259484,1.7963521,6.1675315,3238
1410,0.0002626896656609304,1.6531298,5.519375,247
1411,0.01766614589592597,1.2421174,5.5940747,16611
1412,0.0025194810443349962,2.5405304,11.041248,2369
1413,0.00035308894331752586,1.9713635,8.469692,332
1414,0.0010145989515810833,1.995605,7.775992,954
1415,0.004280671677268198,2.8884873,8.952486,4025
1416,0.0008954846092570988,2.255425,9.295646,842
1417,0.005635597321203523,3.278261,12.592783,5299
1418,0.0022046788539073227,2.2105691,11.636574,2073
1419,0.00034564429692227684,2.045639,7.174097,325
1420,0.0022099964584753576,1.9806986,8.430654,2078
1421,0.001921782290887859,2.088609,12.035644,1807
1422,0.0025971180710283076,2.0566738,8.591117,2442
1423,0.00596316176259448,2.8842251,10.558101,5607
1424,0.0011805082141037762,1.8363174,8.204216,1110
1425,0.0007529728068337599,1.5842283,9.340524,708
1426,0.0002977858558099616,1.9626299,5.4003496,280
1427,0.0032448023074149743,6.0489106,15.826395,3051
1428,0.003815913038021936,2.6571343,9.937856,3588
1429,0.0005019818712225067,1.5832886,6.6963315,472
1430,6.168421298920632e-05,3.1233172,10.1852665,58
1431,0.022523245908369165,3.3236234,15.117464,21178
1432,0.0002977858558099616,1.8377923,8.30226,280
1433,0.016322918982040323,1.5518365,5.223159,15348
1434,0.004515709799175346,2.8041608,11.518528,4246
1435,0.0033713612961342077,2.8427694,10.644279,3170
1436,0.014105477877169715,2.3561125,20.930902,13263
1437,0.0019536879182960694,1.5899353,6.5644956,1837
1438,0.0029193649078512306,1.4920436,4.2966347,2745
1439,0.00031586571134128066,2.1212778,8.473791,297
1440,0.00024886389378403934,2.2937093,7.612844,234
1441,0.0008742141909849586,2.6501446,9.801232,822
1442,0.0005317604568035028,3.526889,10.034857,500
1443,0.0006487477573002735,2.066386,12.437929,610
1444,0.005622835070240239,2.3181422,9.69604,5287
1445,0.0011645554003996712,2.1506023,8.761022,1095
1446,0.0011188240011145698,1.4789412,5.5150957,1052
1447,0.00526017443870025,1.5518434,4.860619,4946
1448,0.015007343611908456,2.423452,9.394351,14111
1449,0.0005328239777171098,1.7894281,10.33671,501
1450,0.0061109911695858546,3.6327605,16.39866,5746
1451,0.00033819965052702777,1.6479046,4.801773,318
1452,0.0026364683448317668,3.3024764,11.6008215,2479
1453,0.0006657640919179855,1.797265,6.1161413,626
1454,0.0036563849009808853,3.0151272,12.297615,3438
1455,0.002631150740263732,3.928611,12.620853,2474
1456,0.0007093684493758727,2.3703077,13.724462,667
1457,0.0038914230228880337,3.2462099,11.017643,3659
1458,0.004036061867138586,4.070677,11.875848,3795
1459,0.00025524501926568136,2.2546892,10.855379,240
1460,0.009789710009752487,2.3295984,8.501852,9205
1461,0.0008050853316005032,1.8882022,6.3312244,757
1462,0.0008603884191080676,1.3771607,6.1667676,809
1463,0.0017601271120195943,1.7430383,7.0739202,1655
1464,0.010359757219445842,2.2515655,11.226492,9741
1465,0.0013634338112441813,2.062396,6.4800158,1282
1466,0.0014081016896156755,1.7229415,6.99516,1324
1467,0.0010730926018294687,2.3615334,10.57402,1009
1468,0.0035043014103350837,3.541595,14.135019,3295
1469,0.019864443624351653,1.2602488,5.2524714,18678
1470,0.0017643811956740223,2.1299186,9.672489,1659
1471,0.0004541234301101914,1.9394425,8.068463,427
1472,0.0005317604568035028,1.6366519,7.022956,500
1473,0.0016410127696956096,2.4711213,10.207924,1543
1474,0.0019398621464191783,1.9532938,13.716652,1824
1475,0.0034926026802854066,1.6582499,7.375385,3284
1476,0.00042009076087476724,1.8729317,8.784826,395
1477,0.00018398911805401198,1.1570815,3.4868343,173
1478,0.002075992823360875,1.1850137,4.961474,1952
1479,0.002854490132121203,2.6207592,9.709818,2684
1480,0.003045923896570464,2.558814,13.287494,2864
1481,9.890744496545152e-05,1.1182044,2.077314,93
1482,0.0014027840850476404,1.9832073,9.632062,1319
1483,0.004191335920525209,4.265364,13.230128,3941
1484,0.002626896656609304,3.159502,12.452659,2470
1485,0.0013708784576394303,2.7671444,10.848531,1289
1486,0.0005009183503088997,1.8974775,10.323306,471
1487,0.001921782290887859,4.858085,13.777018,1807
1488,0.0005604755214708919,1.923905,6.0861053,527
1489,0.00025524501926568136,1.810074,6.5707073,240
1490,0.0023556988236395175,5.206076,17.34627,2215
1491,0.0008848494001210287,1.9908736,9.088146,832
1492,0.0015399782829029441,1.7382225,6.470085,1448
1493,0.002821520983799386,1.7500112,9.819751,2653
1494,0.020307931845325772,2.843937,10.534179,19095
1495,0.001546359408384586,3.6557136,11.226884,1454
1496,0.004834766073257448,1.8989447,7.6177025,4546
1497,0.003463887615618017,2.6796224,9.903203,3257
1498,0.0006763993010540555,2.1044106,8.040943,636
1499,0.0017175862754753141,1.550686,5.5233865,1615
1500,0.0025684030063609187,1.729583,4.997904,2415
1501,0.003266072725687114,3.0152378,13.2455,3071
1502,0.000744464639524904,2.0460386,5.3568177,700
1503,0.000579618897915818,3.0876746,19.30109,545
1504,0.005390987511073911,2.5835915,9.090226,5069
1505,0.0005019818712225067,2.3852503,10.128855,472
1506,0.00260349919650995,2.9351125,14.277603,2448
1507,9.784392405184451e-05,1.4665558,5.2389874,92
1508,0.000773179704192293,2.019184,7.9944053,727
1509,0.0016399492487820027,2.1438327,6.890551,1542
1510,0.0021078984507690852,2.0120914,8.997049,1982
1511,0.0004179637190475532,1.8991598,6.6020885,393
1512,0.001154983712177208,2.0589077,7.728436,1086
1513,0.00395310723587724,2.3746748,14.619214,3717
1514,0.0010656479554342197,1.9309611,9.143692,1002
1515,0.001115633438373749,2.6767478,10.445724,1049
1516,0.0014357532333694576,1.6427746,6.5811687,1350
1517,0.0020132450894580615,1.7004097,7.302275,1893
1518,0.0007529728068337599,1.6469649,5.9718537,708
1519,0.0009316443203197369,2.283344,10.350806,876
1520,0.003798896703404224,2.3335693,10.064883,3572
1521,0.0015442323665573721,2.1656554,10.332332,1452
1522,0.0013474809975400762,1.5215657,5.4913106,1267
1523,0.002496083584235642,1.3159032,3.816831,2347
1524,0.002496083584235642,3.2989426,11.659763,2347
1525,0.00015421053247301582,1.1381084,5.6709776,145
1526,0.0008178475825637874,1.6634264,6.8267975,769
1527,0.015560374486984099,2.860369,10.472805,14631
1528,0.03414008484769849,1.2308613,6.5740952,32101
1529,0.010586287174044135,2.0998476,8.627822,9954
1530,0.0033554084824301026,2.8980665,10.085334,3155
1531,0.00133897283023122,2.0380151,10.969703,1259
1532,0.0016239964350778975,3.653218,14.374131,1527
1533,0.003654257859153671,4.0664663,13.982855,3436
1534,0.00039882034260262713,1.633745,6.6993904,375
1535,0.0019239093327150733,1.912268,8.5999,1809
1536,0.002451415705864148,4.9001293,14.788081,2305
1537,0.005086820529782308,2.531164,9.126477,4783
1538,0.0029959384136309347,3.7136698,13.330461,2817
1539,0.0007870054760691842,1.4077022,5.362339,740
1540,0.00300125601819897,2.8179426,12.438963,2822
1541,0.0012496370734882316,2.0827045,7.0404444,1175
1542,2.446098101296113e-05,1.1302366,2.4042747,23
1543,0.0009167550275292389,2.361148,7.8861966,862
1544,0.0005136806012721837,1.8923972,10.693953,483
1545,0.003780816847872905,2.4087145,9.325999,3555
1546,0.0030118912273350397,5.07367,13.790357,2832
1547,0.00029459529306914055,1.8262353,6.5658855,277
1548,0.006655513877352641,2.0197887,7.9763136,6258
1549,0.0025896734246330586,4.4516582,13.241473,2435
1550,0.007649905931575191,2.7240965,10.495733,7193
1551,0.0070436990108191985,2.2769554,9.112659,6623
1552,0.0044816771299399216,1.7280742,7.134218,4214
1553,0.003044860375656857,4.1919355,12.729523,2863
1554,0.003143767820622309,3.9901922,13.028443,2956
1555,0.0018101125949591236,2.5503807,10.073873,1702
1556,0.0032841525812184334,2.0152557,8.997065,3088
1557,0.004208352255142921,1.3110706,5.1662765,3957
1558,0.003057622626620141,2.0791638,10.238034,2875
1559,0.0063534739378882515,2.2687297,9.039875,5974
1560,0.033824219136357206,1.6232582,6.1825943,31804
1561,0.00025099093561125333,2.7105017,12.6380205,236
1562,0.0038712161255295007,3.3982813,17.120224,3640
1563,0.000939088966714986,1.7465422,8.821473,883
1564,0.0021951071656848595,3.6316142,12.518238,2064
1565,0.0014506425261599557,2.5847003,9.108722,1364
1566,0.008562406875450002,1.9254717,7.8141565,8051
1567,0.011488152908782875,3.1220613,10.905166,10802
1568,0.00378613445244094,2.1321998,9.747698,3560
1569,0.0001510199697321948,1.8050629,6.1362834,142
1570,0.0028300291511082418,3.599007,11.851759,2661
1571,5.317604568035028e-06,1.113216,1.5822989,5
1572,0.0009773757196048381,1.7440943,7.676283,919
1573,0.0003403266923542418,1.5234158,4.3012404,320
1574,0.0065640510787824385,3.9980688,13.441357,6172
1575,0.001998355796667564,2.2419913,9.218065,1879
1576,0.004548678947497163,1.9806503,8.168993,4277
1577,0.0004392341373196933,2.678994,9.724099,413
1578,0.0034341090300370213,1.5795705,5.047493,3229
1579,0.0030640037521017832,2.741131,12.482581,2881
1580,0.003401139881715204,2.00566,10.343197,3198
1581,0.0007370199931296549,2.1322885,11.701647,693
1582,0.0006710816964860206,1.6629076,6.23366,631
1583,0.00042009076087476724,2.6435647,9.684787,395
1584,0.0006444936736458454,2.3204055,11.09957,606
1585,0.0009252631948380949,1.9135094,6.2520247,870
1586,4.9985482939529265e-05,1.4016162,2.4299788,47
1587,0.001680363043499069,1.6323885,4.416981,1580
1588,0.000757226890488188,1.7316456,5.3937135,712
1589,0.0031331326114862387,2.6001654,9.1190815,2946
1590,0.002239775044056354,2.534394,10.4238405,2106
1591,0.003018272352816682,1.4330857,6.124618,2838
1592,0.0019494338346416414,3.035976,11.66393,1833
1593,0.00013932123968251773,1.5101936,5.7492657,131
1594,0.009346221788778366,2.3841746,10.733213,8788
1595,0.0007391470349568689,2.9089358,11.602353,695
1596,0.00027332487479700044,2.1246085,10.910937,257
1597,0.0007285118258207988,2.2577362,12.756673,685
1598,0.004782653548490705,2.951447,9.067878,4497
1599,2.9778585580996157e-05,1.2324147,2.021835,28
1600,0.0011443485030411382,4.248926,13.797544,1076
1601,0.0005881270652246741,1.7205893,7.8557158,553
1602,0.0035096190149031185,1.6135079,5.4606123,3300
1603,0.006690610067501672,2.76397,9.48556,6291
1604,0.003440490155518663,2.4876723,8.362543,3235
1605,0.0019441162300736063,3.68342,13.040638,1828
1606,0.005035771525929171,1.8359182,6.82021,4735
1607,9.890744496545152e-05,1.5063683,7.8479843,93
1608,0.012795220111605886,2.2396123,8.888783,12031
1609,0.0005966352325335302,1.6551455,7.2187514,561
1610,0.002262108983242101,1.8615345,6.1649466,2127
1611,0.0003275644413909577,1.4471576,5.306489,308
1612,1.701633461771209e-05,1.597238,3.3502715,16
1613,0.00500811998217539,1.967046,6.1396585,4709
1614,0.0008348639171814994,3.3707964,10.502335,785
1615,0.0011836987768445973,1.7951536,6.3797174,1113
1616,0.0016027260168057574,2.3159854,8.637984,1507
1617,0.004444453897963677,3.230471,12.707945,4179
1618,0.0002765154375378215,2.1900353,11.39561,260
1619,0.004405103624160217,2.7621176,12.174086,4142
1620,0.0030788930448922814,3.9285462,12.709765,2895
1621,0.00264604003305423,2.6624885,10.705131,2488
1622,0.008821905978370112,2.4068387,9.440901,8295
1623,0.00046688568107347545,2.6371984,11.001107,439
1624,0.0004169001981339462,1.4864105,4.088347,392
1625,0.0017803340093781274,2.8779778,11.188256,1674
1626,0.0021355499945228673,2.3983133,9.210972,2008
1627,0.003811658954367508,1.8866521,6.614903,3584
1628,0.00366170250554892,2.7483833,14.043506,3443
1629,0.0012251760924752704,3.4726467,12.596538,1152
1630,0.0004328530118380513,1.7900907,6.7414474,407
1631,0.0008252922289590363,1.7879038,5.801671,776
1632,0.004073285099114831,2.3129432,10.21245,3830
1633,0.010420377911521441,2.4763315,9.792776,9798
1634,0.00285555365303481,2.773891,12.007158,2685
1635,0.0016473938951772518,1.9824818,6.871812,1549
1636,0.003736148969501411,1.7387106,6.4114714,3513
1637,0.017423663127623574,2.490041,14.5581045,16383
1638,0.0011762541304493482,3.075357,15.798035,1106
1639,0.0030948458585963864,1.9224497,8.723238,2910
1640,0.0023961126183565835,1.66568,6.084748,2253
1641,0.052594299740607246,1.1391896,3.533052,49453
1642,0.0018122396367863376,5.091592,15.20875,1704
1643,0.0004009473844298411,1.829071,9.51027,377
1644,0.0011443485030411382,2.7616525,11.427828,1076
1645,0.0033022324367497527,1.4497523,4.8046937,3105
1646,0.0008380544799223204,1.7495254,8.504744,788
1647,0.0006551288827819154,1.7789612,9.431318,616
1648,0.0013751325412938583,3.3335896,10.585613,1293
1649,0.0014059746477884615,1.591991,6.7230506,1322
1650,0.00132833762109515,1.5482746,5.5092783,1249
1651,0.00014463884425055276,1.6291859,6.6638975,136
1652,0.0021281053481276182,4.3310375,14.71652,2001
1653,0.002607753280164378,1.5683587,5.205951,2452
1654,0.00047964793203675955,1.7213058,9.572441,451
1655,0.015042439802057488,1.8195912,8.5707855,14144
1656,0.0003265009204773507,2.023002,10.438338,307
1657,0.007193655459637786,2.270073,6.6917124,6764
1658,0.00018824320170843998,1.0474442,2.7747555,177
1659,0.0016239964350778975,1.7180306,6.310774,1527
1660,0.0006498112782138805,1.876077,6.5688853,611
1661,0.0007019238029806237,2.1104991,8.614909,660
1662,0.0021823449147215755,1.7495533,7.689415,2052
1663,0.0018675427242939018,3.0991867,10.613345,1756
1664,0.0016208058723370766,2.180602,10.857346,1524
1665,0.0005168711640130047,1.6668081,6.3855243,486
1666,6.593829664363434e-05,0.93999636,1.986779,62
1667,0.0032884066648728614,2.0162613,7.9480386,3092
1668,0.0002052595363261521,2.1209874,11.541016,193
1669,0.005432464826704585,2.4580927,9.379446,5108
1670,0.004348737015739046,2.6155946,7.4778767,4089
1671,0.0024705590823090743,3.2536957,11.374877,2323
1672,0.00033819965052702777,1.9670272,6.6435637,318
1673,0.003578747874287574,1.3050901,5.3166094,3365
1674,0.00048177497386397354,2.44554,13.357471,453
1675,0.001477230549000131,3.0480394,12.44187,1389
1676,0.0022769982760325993,4.507376,13.804894,2141
1677,0.0016633467088813568,2.197977,7.7929263,1564
1678,0.04961006005702599,1.2012588,3.6270747,46647
1679,0.00036797823610802395,2.3801386,12.138242,346
1680,0.0008571978563672465,2.0099306,10.485395,806
1681,0.0006466207154730595,1.9710853,8.411505,608
1682,0.0002999128976371756,1.7611527,7.9608507,282
1683,0.0010932994991880017,1.7927258,7.4219646,1028
1684,0.0008189111034773944,2.061613,8.186313,770
1685,0.0014676588607776678,3.398685,11.844176,1380
1686,0.00023503812190714824,2.2944458,12.035531,221
1687,0.0017792704884645205,3.262174,10.634024,1673
1688,0.011257368870530155,1.8073591,7.004873,10585
1689,0.00955041780419091,3.6790714,14.555232,8980
1690,0.0010507586626437215,2.4678388,8.250773,988
1691,0.0036393685663631734,2.1326082,8.286069,3422
1692,0.0009614229059007331,1.854175,7.427726,904
1693,0.0024003667020110115,1.9906836,9.266788,2257
1694,0.006476842363866664,1.5245075,5.4414716,6090
1695,0.0016250599559915046,1.6079695,5.0294576,1528
1696,0.0036670201101169555,2.560101,10.933515,3448
1697,0.0034745228247540874,4.10925,11.183477,3267
1698,1.0635209136070057e-05,1.5421153,2.3160377,10
1699,0.002089818595237766,1.4993714,4.129346,1965
1700,0.001695252336289567,3.4796503,14.650063,1594
1701,0.0033639166497389586,1.4721093,5.215965,3163
1702,0.002639658907572588,1.5600855,9.18724,2482
1703,0.0036159711062638193,2.3787882,9.202231,3400
1704,0.0002977858558099616,2.3111494,6.665315,280
1705,0.0005296334149762888,1.3829169,5.1329074,498
1706,0.011558345289080937,2.8613145,13.882156,10868
1707,0.00995242870953436,2.1120322,11.955833,9358
1708,0.0031937533035618377,4.4217043,13.246607,3003
1709,0.03457293785953654,2.65039,10.677321,32508
1710,0.0004105190726523042,2.2872584,10.954769,386
1711,0.001134776814818675,4.4469147,14.41146,1067
1712,0.011685967798713778,2.4398813,17.424665,10988
1713,0.00040520146808426915,1.8404684,7.828056,381
1714,0.005045343214151635,2.881012,13.46731,4744
1715,0.0035298259122616515,2.8011634,12.021584,3319
1716,0.001117760480200963,3.019218,12.795398,1051
1717,0.003246929349242188,2.6793249,11.608371,3053
1718,0.00029246825124192656,1.5523435,4.4259458,275
1719,0.0011911434232398464,1.7590582,5.5431657,1120
1720,0.01697698434390863,1.8697933,6.987362,15963
1721,0.0012794156590692277,3.5379226,11.040738,1203
1722,0.0005306969358898958,1.5135362,6.5342536,499
1723,0.0007965771642916473,2.391019,7.4473233,749
1724,0.05505209657195304,2.8530574,8.269136,51764
1725,0.0008252922289590363,1.6754825,9.319721,776
1726,0.0020557859260023417,1.7870082,7.839438,1933
1727,0.002256791378674066,1.6660063,6.8031244,2122
1728,0.005496276081521005,1.6006715,6.3482084,5168
1729,0.0007093684493758727,1.2081735,3.203424,667
1730,0.00448593121359435,1.6530534,7.036708,4218
1731,0.003148021904276737,2.39472,11.224796,2960
1732,0.022025518120801085,2.804372,10.253279,20710
1733,0.004047760597188263,3.1620526,11.691164,3806
1734,0.0006349219854233823,1.6385663,5.3775034,597
1735,0.0007040508448078377,1.8397502,12.59568,662
1736,0.0003254373995637437,1.7622448,8.292009,306
1737,0.0006732087383132346,1.5144542,4.172883,633
1738,0.0027300581852291836,2.2548704,9.263154,2567
1739,0.0005902541070518881,1.4139787,3.5687273,555
1740,0.0017335390891794191,3.131037,14.48993,1630
1741,0.021920229550353994,1.8802179,7.7013664,20611
1742,6.062069207559932e-05,1.0061054,1.7774197,57
1743,0.002472686124136288,1.5608006,4.814315,2325
1744,0.0011730635677085271,2.090298,11.14694,1103
1745,0.001868606245207509,3.6140082,12.217943,1757
1746,0.004313640825590014,1.3891885,4.1831574,4056
1747,5.2112524766743275e-05,1.2000422,3.0893807,49
1748,0.009980080253288141,1.9457382,13.038444,9384
1749,0.0025896734246330586,1.7209281,8.700393,2435
1750,0.0023046498197863813,1.929345,8.082891,2167
1751,0.005928065572445449,2.5642908,11.838318,5574
1752,0.0005041089130497206,2.472197,11.903078,474
1753,0.00211321605533712,4.380594,14.921281,1987
1754,0.00045837751376461944,2.491429,10.366696,431
1755,0.002268490108723743,2.0337586,8.664301,2133
1756,0.0018569075151578318,2.9539292,12.517313,1746
1757,0.0005349510195443238,1.8435966,9.193034,503
1758,0.004627379495104082,2.3350623,8.603525,4351
1759,0.0017920327394278044,1.5635184,5.7995505,1685
1760,0.002456733310432183,1.8362945,17.134335,2310
1761,5.2112524766743275e-05,1.1297246,1.8673884,49
1762,0.0007880689969827912,3.1720812,11.161027,741
1763,0.005799379541899002,2.1341968,9.640154,5453
1764,0.007069223512745766,2.787608,10.986519,6647
1765,4.041379471706622e-05,1.7406095,4.6287208,38
1766,0.0003179927531684947,2.207672,16.477802,299
1767,0.0010667114763478266,1.5538503,6.6271634,1003
1768,0.0011486025866955661,1.6400661,5.6310062,1080
1769,0.002673691576808012,1.762194,8.689922,2514
1770,0.00285555365303481,3.7621436,11.24819,2685
1771,0.0009954555751361574,2.3148627,11.038533,936
1772,0.0017314120473522052,4.6391325,15.4429,1628
1773,0.0018133031576999445,1.7652028,8.925376,1705
1774,0.0012655898871923366,1.5338609,6.347902,1190
1775,0.00022227587094386417,1.9908683,9.290109,209
1776,5.3176045680350284e-05,1.1094129,2.0094264,50
1777,0.001163491879486064,1.7986883,7.274609,1094
1778,0.0020132450894580615,1.7609689,6.827259,1893
1779,0.03423899229266394,1.0723076,3.5389018,32194
1780,0.0002594991029201094,1.6174649,7.5580344,244
1781,0.009267521241171446,2.3480647,9.912797,8714
1782,0.002714105371525078,3.0534136,11.934726,2552
1783,0.0006625735291771645,2.152724,12.340504,623
1784,0.006476842363866664,2.9995224,11.170884,6090
1785,0.0006710816964860206,1.7150189,5.0895395,631
1786,0.0008710236282441377,1.5501453,5.276815,819
1787,0.0012294301761296986,1.7745656,5.180924,1156
1788,0.0027066607251298295,3.78527,11.918896,2545
1789,0.0019111470817517891,3.8453548,12.0334835,1797
1790,0.0026832632650304754,3.5809155,11.343264,2523
1791,0.0005594120005572849,1.9848418,7.3793893,526
1792,0.002296141652477525,3.825103,13.559078,2159
1793,0.00250033766789007,1.6492314,5.403378,2351
1794,0.003344773273294033,2.4235373,10.430105,3145
1795,0.0009603593849871261,1.981978,7.7944937,903
1796,0.0022408385649699608,1.9974884,7.8463907,2107
1797,0.01756617493004691,3.8732116,9.324392,16517
1798,0.0074797425853980705,1.7112184,9.968097,7033
1799,0.0009912014914817292,1.9225904,6.9460382,932
1800,0.010641590261551698,1.6851475,7.4311814,10006
1801,0.0002669437493153584,2.5890987,12.56796,251
1802,0.003050177980224892,4.439416,15.795589,2868
1803,0.00044986934645576337,1.6539133,6.0170565,423
1804,0.009582323431599121,1.6296996,6.6079392,9010
1805,0.0023195391125768795,2.1168785,7.372421,2181
1806,0.0002233393918574712,1.5203398,5.399771,210
1807,0.00022121235003025718,1.5375571,4.8754816,208
1808,0.002586482861892238,4.2431455,16.183277,2432
1809,0.003407521007196846,2.5038075,12.869225,3204
1810,0.002471622603222681,2.608711,11.10766,2324
1811,0.0025705300481881324,3.4537868,9.158418,2417
1812,0.0005232522894946468,1.8287946,6.4007316,492
1813,0.0012326207388705195,2.0699973,9.510595,1159
1814,0.0031224974023501685,1.2986087,4.1253104,2936
1815,0.0006710816964860206,1.4051507,4.4725676,631
1816,0.000760417453229009,1.5783085,9.269795,715
1817,0.0002680072702289654,1.9665074,9.248259,252
1818,0.0015378512410757301,2.8877347,11.948171,1446
1819,0.0004190272399611602,1.2487592,3.4064178,394
1820,0.00245779683134579,2.8430188,14.64905,2311
1821,0.0012304936970433055,2.939959,11.0179,1157
1822,0.0030799565658058883,1.8777897,8.553941,2896
1823,0.001888813142566042,1.6061406,6.7372417,1776
1824,0.0027385663525380396,2.7913296,11.427726,2575
1825,0.0008157205407365733,2.5745318,10.625879,767
1826,0.0005062359548769346,2.4500449,16.990097,476
1827,0.0021153430971643343,4.324707,14.157069,1989
1828,0.0025439420253479577,4.0999765,12.728439,2392
1829,0.003761673471427979,1.7010086,6.134602,3537
1830,0.001716522754561707,3.2094576,13.028415,1614
1831,0.0005317604568035028,1.7512293,5.1807494,500
1832,0.013718356264616765,1.062722,3.5331862,12899
1833,0.0003637241524535959,2.2605634,13.839056,342
1834,0.0010454410580756864,1.7599525,7.2792053,983
1835,0.0010284247234579745,1.5185378,7.385537,967
1836,0.004105190726523042,2.1444697,9.343054,3860
1837,0.0014261815451469945,1.701982,9.974796,1341
1838,0.0038510092281709672,3.328456,13.532941,3621
1839,0.0020174991731124895,2.6168416,9.476165,1897
1840,0.0004477423046285494,1.8544312,5.6090465,421
1841,0.0027321852270563974,5.4935274,15.859999,2569
1842,0.001336845788404006,1.341822,4.44679,1257
1843,0.007990232623929434,3.0216746,15.4295225,7513
1844,0.003960551882272489,2.6409938,11.949562,3724
1845,0.0007189401375983358,2.1088908,10.1000595,676
1846,0.0010816007691383247,2.8602448,11.429933,1017
1847,0.001153920191263601,1.8140986,5.5502486,1085
1848,0.0010316152861987954,1.8267194,6.2032495,970
1849,0.0015920908076696874,3.6604223,14.046557,1497
1850,0.0021749002683263264,1.8386799,9.333553,2045
1851,0.0007242577421663709,3.2922754,13.387276,681
1852,0.000578555377002211,2.4588885,10.281072,544
1853,0.0010177895143219044,3.160249,13.40728,957
1854,0.00361916166900464,3.0397546,10.274855,3403
1855,0.007290435862776024,2.632542,9.283406,6855
1856,0.0012815427008964417,2.5019236,7.5551043,1205
1857,0.0008008312479460752,2.5040114,9.616861,753
1858,0.0022929510897367043,3.898334,13.143681,2156
1859,0.0038914230228880337,2.592984,11.086722,3659
1860,0.002480130770531537,1.6076174,7.1736135,2332
1861,0.0006508747991274875,1.9326997,8.491508,612
1862,0.005682392241402231,2.107699,9.099262,5343
1863,0.002216377583957,2.9268513,10.78844,2084
1864,0.0010667114763478266,2.1318932,13.856928,1003
1865,0.0035096190149031185,2.672467,10.266089,3300
1866,0.001526152511026053,1.9858224,8.268303,1435
1867,0.0031267514860045965,2.484794,8.442015,2940
1868,0.0011773176513629553,1.6094303,6.654124,1107
1869,0.002452479226777755,2.605575,9.490212,2306
1870,0.0003445807760086698,1.9056729,10.739497,324
1871,0.0008699601073305306,1.9995501,8.913753,818
1872,0.0006583194455227365,1.6928564,4.8817887,619
1873,0.0010869183737063598,1.7833041,6.49137,1022
1874,0.0012230490506480564,2.64583,9.901595,1150
1875,0.0006115245253240282,1.6250399,5.1805286,575
1876,0.006775691740590233,1.9548299,11.037052,6371
1877,0.00011698730049677062,1.9551415,10.470648,110
1878,0.0008359274380951064,1.9848351,8.904277,786
1879,0.004228559152501454,1.3735352,5.334384,3976
1880,0.003542588163224936,3.255812,10.581927,3331
1881,0.029171315139326557,1.8250852,6.7451425,27429
1882,0.0011081887919785,2.081626,9.134772,1042
1883,0.0007327659094752269,1.5987021,7.194763,689
1884,0.0023461271354170542,4.043682,13.5658655,2206
1885,0.0019270998954558942,3.2970757,10.803992,1812
1886,0.0008497532099719975,2.26141,7.8126726,799
1887,0.002088755074324159,1.8019466,8.572532,1964
1888,0.02999128976371756,1.6708136,6.1854935,28200
1889,0.0005604755214708919,1.7922639,8.396996,527
1890,0.010288501318234172,1.5259777,4.8725705,9674
1891,0.00040413794717066216,1.8581793,5.7014675,380
1892,0.0014453249215919206,4.0513363,12.691365,1359
1893,0.001343226913885648,3.2099524,12.390202,1263
1894,0.02513206270944715,2.4534082,10.137833,23631
1895,0.0006051433998423862,1.524816,4.7666006,569
1896,0.0019356080627647503,1.6375489,4.48918,1820
1897,0.0014485154843327417,2.386151,7.6630116,1362
1898,0.0025641489227064907,2.847701,10.922862,2411
1899,0.00461355372322719,1.8699753,6.5521164,4338
1900,0.0015506134920390143,2.7627962,9.778849,1458
1901,0.0019792124202226377,4.051328,13.806596,1861
1902,0.000760417453229009,1.7091444,6.9075203,715
1903,0.0008401815217495345,1.5105546,4.058961,790
1904,0.002989557288149293,4.1853013,14.231216,2811
1905,0.0008688965864169236,1.6999651,7.6725287,817
1906,0.0016356951651275748,1.4940175,4.3364983,1538
1907,0.00279174239821839,3.9426591,14.598676,2625
1908,0.008063615566968317,2.0516548,8.230915,7582
1909,0.0016814265644126759,1.7329439,5.5533204,1581
1910,0.002875760550393343,2.6047473,8.112172,2704
1911,0.00029459529306914055,2.214589,10.510968,277
1912,0.009069706351240544,1.804602,7.618586,8528
1913,0.00023184755916632723,2.0721068,9.218696,218
1914,0.00033075500413177875,1.6513939,5.802109,311
1915,0.0018473358269353688,1.729136,5.404985,1737
1916,0.005753648142613901,2.5789309,10.448028,5410
1917,0.001719713317302528,2.3550482,10.752596,1617
1918,0.0006264138181145264,1.8831536,6.06921,589
1919,0.00038712161255295,2.158085,7.4207554,364
1920,0.0002446098101296113,2.805349,11.181409,230
1921,0.008813397811061255,2.104697,7.1427684,8287
1922,0.0009050562974795618,1.8637621,7.3291407,851
1923,0.0010284247234579745,1.5785849,8.476684,967
1924,0.002413128952974296,2.2549603,8.345475,2269
1925,0.004292370407317875,2.0920405,8.888671,4036
1926,0.0005147441221857907,1.6568967,5.6588936,484
1927,0.0023663340327755877,3.2695165,12.006189,2225
1928,0.005535626355324464,1.680152,6.2312984,5205
1929,0.0010241706398035463,1.8832022,7.642326,963
1930,0.001142221461213924,1.7162476,5.9036202,1074
1931,0.0014495790052463486,3.600231,14.235049,1363
1932,0.0017271579636977772,1.8786974,6.39775,1624
1933,0.005460116370458367,2.0676143,8.765834,5134
1934,0.00023397460099354125,1.8124335,9.80871,220
1935,0.0014198004196653525,2.0413928,7.3698187,1335
1936,0.003526635349520831,2.2215536,11.797558,3316
1937,0.0013006860773413678,1.9575149,7.1418524,1223
1938,0.003014018269162254,4.688839,13.052329,2834
1939,0.0008135934989093593,2.1812541,11.775052,765
1940,0.0011709365258813131,2.5224118,13.003801,1101
1941,0.0008306098335270714,1.4160557,4.3601546,781
1942,0.002385477409220514,4.650136,14.580897,2243
1943,0.001696315857203174,2.332691,9.688191,1595
1944,0.002594991029201094,4.7281537,15.139887,2440
1945,0.0011836987768445973,2.4238293,7.3616896,1113
1946,0.004200907608747672,1.6125258,5.7331524,3950
1947,2.7651543753782147e-05,0.9614449,1.7637231,26
1948,5.7430129334778304e-05,1.710785,4.999252,54
1949,0.00936961924887772,1.2818687,3.4662108,8810
1950,9.039927765659548e-05,1.28243,4.165248,85
1951,0.0057121708269832275,2.1470103,9.8069725,5371
1952,0.0034713322620132663,6.257452,17.407082,3264
1953,0.00172609444278417,2.6890602,12.006973,1623
1954,0.0008540072936264255,2.0720396,7.4897304,803
1955,0.002086628032496945,2.633039,11.215291,1962
1956,0.00028608712576028454,1.1707671,3.5232894,269
1957,0.012189013190849892,1.8736268,6.92748,11461
1958,0.009388762625322646,1.5410589,5.6747203,8828
1959,0.004073285099114831,3.155625,8.107835,3830
1960,3.403266923542418e-05,0.971433,1.4695526,32
1961,0.0057238695570329045,3.195221,16.025486,5382
1962,0.0006551288827819154,2.4223151,12.216678,616
1963,0.0012836697427236559,2.8706806,11.940538,1207
1964,0.0007306388676480128,1.9352399,8.472747,687
1965,0.0021376770363500815,3.2478442,13.527476,2010
1966,0.001896257788961291,1.7736208,5.904979,1783
1967,0.007647778889747978,2.0266585,7.5334373,7191
1968,0.0019462432719008203,3.0440392,11.337108,1830
1969,0.00010635209136070057,1.1081643,1.8293108,100
1970,0.00014251180242333874,1.5160412,4.910355,134
1971,0.0010156624724946904,1.8971637,6.8887873,955
1972,0.003769118117823228,3.6257951,14.055305,3544
1973,0.0014899927999634148,1.9414076,11.275685,1401
1974,0.005375034697369807,3.2811286,13.189929,5054
1975,0.005984432180866621,3.18939,13.576574,5627
1976,0.008876145544964069,1.6882803,5.5631323,8346
1977,0.004561441198460447,2.7164934,10.020491,4289
1978,0.000758290411401795,1.7356166,8.456412,713
1979,0.0009880109287409083,1.9440401,9.004922,929
1980,0.0038531362699981814,2.800854,10.409301,3623
1981,0.0023450636145034474,3.989004,11.182769,2205
1982,0.0023939855765293698,2.962219,10.572069,2251
1983,0.00044348822097412135,1.7868856,7.6867385,417
1984,0.0010199165561491183,1.7479538,9.860464,959
1985,0.0031193068396093474,2.9199345,11.363764,2933
1986,0.0009220726320972738,2.6673508,9.8215475,867
1987,0.0009795027614320521,2.0005968,9.064844,921
1988,0.00965357933281079,2.0593336,8.464471,9077
1989,0.00549095847695297,2.6301982,8.690744,5163
1990,0.028304545594736847,2.7166314,10.939237,26614
1991,0.0008837858792074217,2.2713318,9.377103,831
1992,0.0033596625660845306,2.1334903,8.489773,3159
1993,0.0009103739020475968,2.0219743,8.049752,856
1994,0.000773179704192293,2.1239126,10.270628,727
1995,0.0005104900385313627,1.7714956,6.3052354,480
1996,0.0038754702091839286,2.776399,11.490257,3644
1997,0.003603208855300535,1.9721195,7.9487267,3388
1998,0.0006551288827819154,2.1890898,9.616107,616
1999,0.0016431398115228236,3.2451403,11.727358,1545
2000,0.027879137229294044,1.6678694,4.987445,26214
2001,0.007539299756560063,1.8638432,7.090253,7089
2002,0.0020323884659029876,1.8523461,9.476726,1911
2003,0.000948660654937449,2.0301607,8.741272,892
2004,0.0010092813470130484,1.7159526,7.5487657,949
2005,0.0003605335897127749,1.805175,6.7446637,339
2006,0.004020109053434482,1.2789603,3.4015226,3780
2007,0.0002424827683023973,1.3946569,3.7281191,228
2008,0.0025694665272745255,2.5562134,11.237829,2416
2009,0.0029608422234819035,3.1602066,12.950602,2784
2010,5.849365024838531e-05,1.9236269,4.315311,55
2011,0.004715651730933463,1.9723121,7.9518456,4434
2012,0.0038807878137519635,1.8273861,6.2037063,3649
2013,0.002638595386658981,3.9525692,13.229557,2481
2014,0.0014793575908273449,2.2916439,7.516158,1391
2015,0.002235520960401926,2.1085303,9.598411,2102
2016,0.0007870054760691842,1.5685827,5.9596696,740
2017,0.0017962868230822326,3.2600403,10.433523,1689
2018,0.0017973503439958395,1.2970157,4.007555,1690
2019,0.002252537295019638,3.7376351,15.722409,2118
2020,0.000579618897915818,1.9021047,5.691321,545
2021,0.0183234018205351,2.828735,9.365026,17229
2022,0.000758290411401795,2.6733432,13.601133,713
2023,0.0007327659094752269,1.5349102,5.7287445,689
2024,0.0405637511658848,1.266404,5.141042,38141
2025,0.000568983688779748,2.0648754,9.749151,535
2026,0.00131770241195908,1.6480254,6.1570587,1239
2027,0.003638305045449566,3.1525195,13.975505,3421
2028,0.0015899637658424734,1.998363,8.0613575,1495
2029,0.0070926209728451204,3.0877676,13.677979,6669
2030,0.00022546643368468518,4.755918,8.66946,212
2031,0.008180602867465088,2.7270653,11.653794,7692
2032,0.00011486025866955661,1.2286872,2.9914293,108
2033,0.001145412023954745,1.6263498,5.894858,1077
2034,0.001295368472773333,1.360163,4.062729,1218
2035,0.0012847332636372628,2.9431458,10.613457,1208
2036,0.002961905744395511,2.8810747,13.230469,2785
2037,0.0016410127696956096,2.2665346,11.2075615,1543
2038,0.002681136223203261,3.2608037,16.05714,2521
2039,0.030025322432952983,1.4918756,7.5911736,28232
2040,0.004648649913376221,2.0391533,8.077276,4371
2041,0.00045944103467822643,2.8725665,12.430908,432
2042,0.0004020109053434481,1.786747,7.1820664,378
2043,0.002480130770531537,1.9616033,5.9639373,2332
2044,0.00014570236516415978,1.6516935,6.063444,137
2045,0.004317894909244443,1.9070959,5.9179735,4060
2046,0.013161071305886694,3.025722,12.213435,12375
2047,0.0007827513924147561,1.8600934,7.6236935,736
2048,0.00040520146808426915,1.2662466,4.33737,381
2049,0.0033064865204041807,3.165028,11.1695385,3109
2050,0.0006242867762873123,2.020902,10.226122,587
2051,0.0001488929279049808,2.236917,8.993296,140
2052,0.0009688675522959822,1.6317755,6.1321797,911
2053,0.0029438258888641916,3.5833445,14.243774,2768
2054,0.001327274100181543,2.5522196,9.519934,1248
2055,0.0029470164516050127,3.0243585,10.432129,2771
2056,1.701633461771209e-05,0.9762266,1.5433484,16
2057,0.006698054713896922,2.7631273,10.950395,6298
2058,0.031236672753551364,2.7788694,10.358095,29371
2059,0.0017920327394278044,1.7195429,7.3357077,1685
2060,0.01215710756344168,2.001309,9.018824,11431
2061,0.0023333648844537703,3.1500676,12.388917,2194
2062,0.007167067436797611,2.9959705,9.622261,6739
2063,0.0007083049284622657,1.6320584,7.18966,666
2064,0.0030884647331147442,2.4574878,9.8369665,2904
2065,0.004208352255142921,1.4104773,4.4917936,3957
2066,0.000757226890488188,2.3739333,10.125109,712
2067,0.003437299592777842,3.5751286,13.297214,3232
2068,0.002274871234205385,2.6792212,9.181098,2139
2069,0.0008859129210346357,1.9053084,10.923976,833
2070,0.0023929220556157624,3.083791,12.623909,2250
2071,0.001689934731721532,1.20857,4.007631,1589
2072,0.004273227030872948,1.4439874,4.4910035,4018
2073,0.0006072704416696002,2.2379787,6.8932686,571
2074,0.012075216453093942,2.483442,8.741224,11354
2075,0.0019356080627647503,3.092039,10.48822,1820
2076,0.006364109147024321,1.5838803,6.8059316,5984
2077,0.003238421181933332,1.78137,6.8330674,3045
2078,0.003204388512697908,2.7086916,11.157526,3013
2079,0.01293560487220201,1.5582137,5.8366475,12163
2080,0.002974667995358795,1.8606927,7.3515553,2797
2081,0.0038541997909117883,4.067414,15.464785,3624
2082,0.0018079855531319097,3.0476186,10.876738,1700
2083,0.007880689969827912,2.113196,8.062995,7410
2084,0.0009773757196048381,1.7181009,8.799195,919
2085,0.0040626498899787615,2.8203838,12.402105,3820
2086,0.00454974246841077,3.4128318,12.375519,4278
2087,0.0005849365024838531,2.5207217,7.6121025,550
2088,0.0015293430737668742,3.1752167,8.963433,1438
2089,0.003194816824475445,2.8417413,9.651384,3004
2090,0.0012570817198834807,1.2207911,4.0503073,1182
2091,0.0002839600839330705,1.5946572,5.766536,267
2092,0.0031533395088447717,2.9314907,11.613808,2965
2093,0.00133897283023122,1.6738753,4.9872627,1259
2094,0.0033235028550218926,2.5485053,13.068947,3125
2095,2.233393918574712e-05,1.144044,1.6926526,21
2096,0.0036936081329571307,2.337226,7.1744137,3473
2097,0.0008199746243910014,1.9433566,5.396444,771
2098,0.004415738833296288,2.1538694,7.696418,4152
2099,0.0027077242460434364,3.9949713,13.253242,2546
2100,0.001499564488185878,2.17828,11.167182,1410
2101,0.00012762250963284068,2.5738697,14.699729,120
2102,0.006183310591711131,1.260229,5.1832967,5814
2103,0.0015793285567064033,1.5925184,5.982992,1485
2104,0.00031161162768685263,2.0130298,8.197351,293
2105,0.001117760480200963,1.815692,5.5770087,1051
2106,0.0004722032856415105,1.773828,6.6741285,444
2107,0.00027013431205617945,1.8098013,11.086945,254
2108,0.0027194229760931134,2.4303606,9.960382,2557
2109,0.0036925446120435234,1.7780393,7.3952065,3472
2110,0.0012081597578575585,1.9974189,7.262496,1136
2111,0.0007370199931296549,2.2366407,13.107637,693
2112,0.09895211284382302,1.9793756,10.314967,93042
2113,0.0033352015850715696,2.4269636,11.358489,3136
2114,0.0029300001169873004,4.417697,15.79534,2755
2115,0.0032820255393912192,1.9093302,6.559833,3086
2116,0.0010869183737063598,1.6822438,8.457808,1022
2117,0.0008901670046890637,1.8841821,11.063376,837
2118,0.002062167051483984,1.7612317,5.2846565,1939
2119,0.001477230549000131,2.1175783,7.4461365,1389
2120,0.0022046788539073227,1.8304011,7.742311,2073
2121,0.0020089910058036335,2.2205076,9.490961,1889
2122,0.0012230490506480564,2.192166,9.669161,1150
2123,0.02479386305892012,2.5940514,10.069451,23313
2124,0.0009018657347387407,1.8889592,8.30431,848
2125,0.002489702458754,4.467299,13.976806,2341
2126,0.0013666243739850021,3.225278,11.328533,1285
2127,7.976406852052543e-05,1.2047898,2.194733,75
2128,0.001333655225663185,2.1608422,10.918463,1254
2129,0.002439716975814471,3.7205045,13.755187,2294
2130,0.005335684423566347,2.664834,11.794046,5017
2131,0.0021876625192896104,1.3491447,4.5665045,2057
2132,0.000568983688779748,2.2592435,14.296926,535
2133,0.0008338003962678924,1.699284,7.897258,784
2134,0.0011730635677085271,2.0185783,8.695148,1103
2135,0.001295368472773333,3.4018912,10.735651,1218
2136,0.00940896952268118,2.409157,8.762665,8847
2137,0.0005945081907063162,2.027344,9.918006,559
2138,0.002480130770531537,1.7359892,6.2434406,2332
2139,0.0004169001981339462,2.3730927,11.454703,392
2140,0.006232232553737053,1.4358907,4.8260903,5860
2141,0.01675683551479198,3.0396786,10.959415,15756
2142,0.000756163369574581,2.1035566,9.438079,711
2143,0.0033001053949225385,2.662696,11.346929,3103
2144,0.001350671560280897,3.1030812,13.845694,1270
2145,0.0036797823610802394,3.6088235,15.170412,3460
2146,0.0013878947922571422,3.3423512,12.757669,1305
2147,0.0005732377724341761,1.5603858,5.104781,539
2148,0.0008763412328121726,1.6735511,7.057679,824
2149,0.00018824320170843998,2.536089,14.66759,177
2150,0.007210671794255498,3.2579365,14.834136,6780
2151,0.0017175862754753141,1.9452353,5.929867,1615
2152,9.146279857020248e-05,1.6123728,4.733161,86
2153,0.012831379822668522,2.1180775,7.946196,12065
2154,0.0010167259934082975,2.2619915,9.4763975,956
2155,0.0027268676224883625,1.5842694,5.5511975,2564
2156,0.0005987622743607442,1.7146355,7.513231,563
2157,0.004935800560050113,2.678262,10.123497,4641
2158,0.0017845880930325553,2.156947,9.417373,1678
2159,0.0018377641387129057,1.7531197,7.7310557,1728
2160,0.004551869510237984,2.9033368,10.333028,4280
2161,0.0009741851568640171,2.1988707,7.308771,916
2162,0.0018388276596265128,3.368295,11.231651,1729
2163,0.0002084500990669731,1.6524761,4.135847,196
2164,0.00023929220556157628,1.6839942,9.429504,225
2165,0.002298268694304739,1.8187557,6.7958393,2161
2166,0.004140286916672073,3.3625479,12.192218,3893
2167,0.0027343122688836116,1.538884,7.524625,2571
2168,0.004463597274408602,1.5434189,4.8432603,4197
2169,0.0025598948390520627,3.2078135,9.383918,2407
2170,0.0025216080861622104,1.3000984,3.8493414,2371
2171,0.0004317894909244443,1.6565055,7.366684,406
2172,0.027259104536661163,1.6518399,5.562657,25631
2173,0.001352798602108111,1.7856344,5.1409683,1272
2174,0.0017526824656243453,3.2090533,10.197748,1648
2175,0.0012007151114623094,3.1263208,11.916694,1129
2176,0.00029140473032831957,2.15102,11.44118,274
2177,0.02569041118909083,1.7576073,6.7977,24156
2178,6.487477573002735e-05,1.3601793,4.2776456,61
2179,0.0015176443437171971,2.6511855,11.994835,1427
2180,0.0008040218106868962,2.2515814,8.806359,756
2181,0.004567822323942089,3.085314,13.823826,4295
2182,0.0010305517652851885,1.9414232,6.3225355,969
2183,0.022794443741338953,1.8704299,6.4146233,21433
2184,0.002078119865188089,2.4521103,8.527661,1954
2185,0.000378613445244094,1.6632943,7.6814833,356
2186,0.0029278730751600866,1.7523402,6.3773785,2753
2187,0.0076562870570568336,1.9239415,6.687821,7199
2188,0.004295560970058696,2.3110638,10.372245,4039
2189,0.004893259723505833,2.892265,10.933726,4601
2190,0.002629023698436518,1.743778,6.6759486,2472
2191,0.001293241430946119,1.6104903,4.608397,1216
2192,0.10647545978667898,1.7768962,14.65382,100116
2193,0.0014134192941837106,2.1501322,10.4275255,1329
2194,0.0008252922289590363,1.9964925,10.451927,776
2195,0.005318668088948635,2.6096668,10.806608,5001
2196,0.0032618186420326862,2.918072,11.319901,3067
2197,0.0019930381920995285,2.2927697,10.444646,1874
2198,0.00048071145295036654,1.9608737,12.700324,452
2199,0.0016697278343629988,3.27128,16.962381,1570
2200,0.0019430527091599992,5.87295,17.452948,1827
2201,0.0008252922289590363,1.9341755,13.037226,776
2202,0.000950787696764663,1.3876908,3.9497688,894
2203,0.00044348822097412135,1.6352144,6.781354,417
2204,0.0027289946643155763,3.2207267,14.983449,2566
2205,0.0018313830132312638,1.9609475,8.405894,1722
2206,3.403266923542418e-05,1.2207654,2.3176053,32
2207,0.0018707332870347229,4.978634,14.151332,1759
2208,0.0009795027614320521,2.1550095,9.793317,921
2209,0.03842394708770751,1.0692147,3.1556177,36129
2210,0.0011985880696350954,2.5182924,11.091128,1127
2211,0.002466304998654646,1.6067499,6.243074,2319
2212,0.0010007731797041922,2.9819036,10.506834,941
2213,0.0019185917281470382,1.7066195,5.0204663,1804
2214,0.0032798984975640055,2.8673873,9.406131,3084
2215,0.0027853612727367478,1.773283,6.871826,2619
2216,0.0006657640919179855,1.780445,5.244165,626
2217,0.0030842106494603162,2.5863683,10.902451,2900
2218,0.001350671560280897,2.9746845,11.772331,1270
2219,0.0010358693698532234,1.4939315,5.018988,974
2220,0.00130706720282301,3.8870888,13.4833765,1229
2221,0.0032533104747238303,3.2874272,12.548271,3059
2222,0.001325147058354329,1.9636847,6.4078813,1246
2223,0.005012374065829817,2.2204468,7.281053,4713
2224,0.0029427623679505847,2.2144327,10.30939,2767
2225,0.0009997096587905853,1.787935,7.8669014,940
2226,0.0031171797977821336,4.8981934,13.061347,2931
2227,0.0006189691717192773,2.2510884,10.520398,582
2228,0.0016814265644126759,1.8763319,9.750114,1581
2229,0.003012954748248647,3.5282636,12.003917,2833
2230,0.0012655898871923366,1.490908,5.3372197,1190
2231,0.0006115245253240282,1.9961276,7.6585493,575
2232,0.0014410708379374926,4.7884955,15.766189,1355
2233,0.0013485445184536831,1.1941342,2.9302332,1268
2234,0.00037010527793523794,1.8761615,8.87457,348
2235,0.003386250588924706,2.5146413,10.947273,3184
2236,0.024790672496179302,1.9059759,6.3292418,23310
2237,0.00029459529306914055,2.4674602,13.278948,277
2238,0.0006849074683629116,2.005663,8.9919405,644
2239,0.0007231942212527639,1.683855,9.904558,680
2240,0.001705887545425637,3.0479074,10.894588,1604
2241,0.003159720634326414,1.6046015,6.8874984,2971
2242,0.004775208902095455,1.7356302,7.5524383,4490
2243,0.0008295463126134644,2.1844416,6.8650455,780
2244,0.005889778819555597,2.585487,10.446852,5538
2245,0.0007200036585119428,2.5418067,16.498186,677
2246,0.002018562694026097,4.54611,12.331626,1898
2247,0.0005360145404579308,1.1883907,3.6439788,504
2248,0.000748718723179332,1.78188,7.7080283,704
2249,0.004852845928788767,2.4621487,8.454255,4563
2250,0.022945463711071146,1.6369354,6.0467076,21575
2251,0.0006678911337451996,0.7149009,1.6733072,628
2252,0.0008263557498726433,1.6913649,7.542322,777
2253,0.0033543449615164958,2.2198646,9.663773,3154
2254,0.0020993902834602293,1.9404571,7.954464,1974
2255,0.0017973503439958395,1.565953,4.5940776,1690
2256,0.0040424429926202285,1.8733901,6.156679,3801
2257,0.003595764208905286,1.7549033,7.1212397,3381
2258,0.002481194291445144,4.0369883,15.702144,2333
2259,0.003076766003065067,2.3506753,9.936614,2893
2260,0.0024822578123587513,2.312255,8.127499,2334
2261,0.001313448328304652,1.6484455,5.9034805,1235
2262,0.001514453780976376,2.4254842,9.981255,1424
2263,0.0005381415822851448,1.5698701,4.7060657,506
2264,0.0008954846092570988,1.6492224,6.045661,842
2265,0.000380740487071308,3.3803008,12.446826,358
2266,0.00017867151348597695,2.2894623,9.286509,168
2267,0.1286020123942727,2.5993044,13.88226,120921
2268,0.009333459537815081,3.141356,11.799251,8776
2269,0.00414135043758568,2.3310366,7.8764033,3894
2270,0.0016792995225854619,1.6487095,5.9275203,1579
2271,0.0005732377724341761,2.5374954,15.306114,539
2272,0.009924777165780576,1.5760446,5.665938,9332
2273,0.005432464826704585,2.1906147,8.974469,5108
2274,0.0011049982292376788,3.533406,17.62413,1039
2275,0.0005232522894946468,1.7570827,4.880029,492
2276,0.0017941597812550184,1.7370667,6.729743,1687
2277,0.0004243448445291952,1.9342407,9.916557,399
2278,0.11528141295134497,1.7297478,7.652776,108396
2279,0.0006498112782138805,2.4701378,8.476681,611
2280,0.0002233393918574712,3.2657633,14.960555,210
2281,3.72232319762452e-05,1.6570529,4.7894855,35
2282,0.0008157205407365733,2.504657,10.138582,767
2283,0.004800733404022023,2.851145,12.518416,4514
2284,0.00264604003305423,2.6779478,9.082675,2488
2285,0.002216377583957,1.7780393,6.5704656,2084
2286,0.0015942178494969014,1.8890911,6.187127,1499
2287,0.009042054807486762,1.8602604,13.281122,8502
2288,0.12422243327203908,3.836491,12.520591,116803
2289,0.002639658907572588,1.279277,7.438447,2482
2290,0.002053658884175128,1.7288592,6.347284,1931
2291,0.001522961948285232,2.0485144,11.47634,1432
2292,0.009542973157795662,2.1283684,8.557364,8973
2293,0.003543651684138543,2.373037,9.279914,3332
2294,0.004387023768628898,2.192163,8.438525,4125
2295,0.0010071543051858344,1.5083761,7.6578083,947
2296,0.0004020109053434481,1.6263773,7.5327888,378
2297,0.0038254847262443993,2.7965047,8.927133,3597
2298,0.0022376480022291397,2.4468677,7.775191,2104
2299,0.003423473820900951,2.9931433,11.3846035,3219
2300,0.001881368496170793,2.8125799,11.234498,1769
2301,0.0005051724339633276,2.658879,9.21068,475
2302,0.0038690890837022865,2.591294,12.623825,3638
2303,0.0015793285567064033,2.0012505,11.606578,1485
2304,0.0014697859026048818,3.8781002,13.322211,1382
2305,0.006054624561164683,1.5977271,5.522126,5693
2306,0.0005881270652246741,1.1975503,4.0301924,553
2307,0.000748718723179332,1.7791166,8.47355,704
2308,0.001103934708324072,2.240672,11.488536,1038
2309,0.002096199720719408,2.1507769,8.72931,1971
2310,0.0029087296987151605,1.7311963,5.8617005,2735
2311,0.00014463884425055276,2.11812,12.40082,136
2312,0.010510777189178037,2.017614,10.179811,9883
2313,0.0008210381453046084,2.3877664,11.468579,772
2314,0.0016537750206588938,1.6084294,5.415114,1555
2315,0.0036489402545856362,2.0664163,11.218113,3431
2316,0.001698442899030388,2.2118375,10.429408,1597
2317,0.0005275063731490748,1.3714131,3.7838938,496
2318,0.0019462432719008203,4.174243,13.539911,1830
2319,0.04600153359715742,1.1497136,4.3506293,43254
2320,4.360435745788723e-05,1.2170303,2.2328596,41
2321,0.0034511253646547333,2.6489353,9.030926,3245
2322,0.00229082404790949,2.256096,9.82769,2154
2323,0.0006444936736458454,1.623044,7.9412274,606
2324,0.0004977277875680787,1.5926716,7.194577,468
2325,0.009439811629175782,2.2957888,13.20742,8876
2326,0.0005721742515205691,0.96376866,2.4586918,538
2327,0.0007125590121166938,1.9925561,7.1290927,670
2328,0.008623027567525601,1.5266149,5.763512,8108
2329,0.001336845788404006,2.9997625,10.045268,1257
2330,0.0022248857512658557,1.392981,4.620839,2092
2331,0.0018335100550584777,1.717232,7.8486195,1724
2332,0.00014357532333694577,5.902717,17.753466,135
2333,0.0011688094840540991,2.6898146,10.884052,1099
2334,0.004422119958777929,3.4236507,13.686009,4158
2335,0.0030788930448922814,4.06809,13.587745,2895
2336,0.0006508747991274875,1.7125537,8.9496,612
2337,0.0011996515905487023,1.634474,7.9654746,1128
2338,2.5524501926568134e-05,1.0461571,1.8084282,24
2339,0.01093193147096641,2.0847533,9.196207,10279
2340,0.00011273321684234259,1.3847243,3.0731711,106
2341,0.000748718723179332,1.5765868,7.7017894,704
2342,0.004190272399611603,1.4407547,3.7931714,3940
2343,0.0005764283351749971,1.9559612,5.4671097,542
2344,0.03214811017651257,2.0131102,8.52889,30228
2345,0.00327458089299597,2.7036092,13.067347,3079
2346,0.0023865409301341207,1.7726806,6.148342,2244
2347,0.0004541234301101914,2.546762,14.098599,427
2348,0.00027332487479700044,2.3495226,11.776452,257
2349,0.0052240147276376115,2.357235,8.524812,4912
2350,0.0012634628453651227,1.7484642,8.174474,1188
2351,0.0008284827916998574,1.1173829,6.252777,779
2352,0.0016665372716221777,2.2994082,7.7331567,1567
2353,0.006266265222972477,3.5094733,8.34731,5892
2354,0.0008338003962678924,1.7273091,5.8377438,784
2355,0.0035330164750024726,3.6005175,14.318731,3322
2356,0.008579423210067714,2.3705258,9.074469,8067
2357,0.0005945081907063162,2.1504664,8.111778,559
2358,0.0019483703137280343,1.6331133,7.865727,1832
2359,0.000561539042384499,2.280879,9.200833,528
2360,0.002251473774106031,2.1097276,6.88666,2117
2361,0.0012294301761296986,1.6087044,6.0736184,1156
2362,0.0009284537575789159,1.7462395,6.4840117,873
2363,0.0021078984507690852,4.4872174,14.918573,1982
2364,0.0036648930682897413,2.829045,9.542959,3446
2365,0.008521993080732936,2.1532743,7.8317986,8013
2366,0.001883495537998007,3.5466206,12.621848,1771
2367,0.006915012980272751,2.1940417,8.815061,6502
2368,0.0011836987768445973,2.5865054,8.337328,1113
2369,0.001496373925445057,2.0282612,7.3407307,1407
2370,0.0013708784576394303,1.8969554,7.4626517,1289
2371,0.002954461098000262,1.9162065,7.908074,2778
2372,0.0028140763374041367,1.7420594,7.8904524,2646
2373,0.009415350648162821,1.758927,5.631955,8853
2374,0.00279174239821839,1.2909236,3.3883245,2625
2375,0.0009741851568640171,2.0065036,8.037308,916
2376,0.0008529437727128185,1.5231098,6.7307024,802
2377,0.003038479250175215,2.6047623,11.518986,2857
2378,0.0037106244675748426,3.605469,12.750443,3489
2379,0.000187179680794833,2.308465,8.752194,176
2380,0.0015176443437171971,2.6347456,9.382077,1427
2381,0.010315089341074347,3.287712,11.687547,9699
2382,0.008785746267307474,1.6124533,7.335119,8261
2383,9.571688222463051e-05,1.5091889,5.515084,90
2384,0.0022068058957345365,4.709841,14.3228035,2075
2385,0.000942279529455807,1.6877818,7.7620697,886
2386,0.005979114576298586,3.1213815,13.09104,5622
2387,0.0013719419785530372,1.3932598,4.3394513,1290
2388,0.0016814265644126759,3.259397,11.515263,1581
2389,0.002977858558099616,4.6632266,17.756466,2800
2390,0.00451783684100256,2.2325287,8.87027,4248
2391,7.976406852052543e-05,1.1941073,2.4833536,75
2392,9.039927765659548e-05,1.1085289,1.8607059,85
2393,0.002454606268604969,1.5705075,6.347328,2308
2394,0.0022376480022291397,1.6054705,7.9607034,2104
2395,0.0181415397443083,2.315304,9.410271,17058
2396,0.001125205126596212,3.0035179,17.425272,1058
2397,0.0030948458585963864,3.2989058,12.623062,2910
2398,0.0023769692419116574,2.4867644,9.495305,2235
2399,5.5303087507564294e-05,1.8523912,5.330965,52
2400,0.0008933575674298848,1.8872602,8.625548,840
2401,0.0008635789818488886,1.6183972,6.2190027,812
2402,0.001141157940300317,1.5854183,4.8954573,1073
2403,0.0015442323665573721,1.4706475,5.032872,1452
2404,0.00038393104981212904,1.658496,5.945268,361
2405,0.0003052305022052106,1.2946062,4.2739205,287
2406,3.084210649460316e-05,1.675897,2.8694072,29
2407,0.00034883485966309783,1.6122726,7.202849,328
2408,0.004516773320088953,2.4535222,10.139407,4247
2409,0.0023876044510477276,5.1610045,19.92312,2245
2410,0.0008816588373802077,1.9474206,11.434926,829
2411,0.00014676588607776678,2.127902,8.586051,138
2412,0.0002594991029201094,2.7544763,9.670136,244
2413,0.008704918677873342,3.7971866,7.600941,8185
2414,0.001897321309874898,2.6673746,12.263616,1784
2415,0.0005253793313218608,1.8076665,7.2247868,494
2416,0.0011720000467949202,1.6581951,8.181214,1102
2417,0.0008763412328121726,2.298769,11.867863,824
2418,0.0005562214378164639,2.8284006,11.895475,523
2419,0.00567920167866141,2.369443,10.392842,5340
2420,0.000746591681352118,2.0770986,8.273821,702
2421,0.0006540653618683084,2.087487,10.793545,615
2422,0.019031706748997367,2.7217298,10.931533,17895
2423,0.006089720751313714,2.3299425,8.314578,5726
2424,0.000553030875075643,2.3502247,10.975971,520
2425,0.0009667405104687681,3.1876774,13.184812,909
2426,0.00040839203082509014,1.9084303,10.446786,384
2427,0.0011741270886221342,1.877981,11.068708,1104
2428,0.0026003086337691287,2.04139,8.160787,2445
2429,0.000943343050369414,1.4917272,6.5521035,887
2430,0.000946533613110235,3.0661528,11.9765005,890
2431,0.000190370243535654,2.5890634,12.622096,179
2432,0.0014559601307279908,1.9314253,6.5430417,1369
2433,0.007151114623093506,2.206459,9.049359,6724
2434,0.0033479638360348536,1.7730073,7.8288326,3148
2435,0.004612490202313584,1.8036004,5.8293386,4337
2436,0.00034777133874949083,1.5868081,5.756841,327
2437,0.00040413794717066216,2.2817516,8.60379,380
2438,0.00020206897358533108,1.0780798,3.8966947,190
2439,0.0020483412796070927,1.7113932,7.151067,1926
2440,0.004751811441996101,2.2909188,10.52487,4468
2441,0.001153920191263601,1.5981597,4.8871145,1085
2442,0.00020632305723975909,2.2630038,9.557409,194
2443,0.002462050915000218,3.1428006,10.824951,2315
2444,0.00025630854017928836,1.3783087,4.0724583,241
2445,0.0058855247359011695,2.0601764,7.7664957,5534
2446,0.0025290527325574595,1.8481182,8.054894,2378
2447,0.0015601851802614774,3.2760417,14.637661,1467
2448,0.0020408966332118436,2.1815846,9.668529,1919
2449,0.01086812021614999,2.1232793,9.532284,10219
2450,0.001117760480200963,2.3830922,8.379731,1051
2451,0.002644976512140623,5.2200036,15.909356,2487
2452,0.003085274170373923,2.8616781,12.934763,2901
2453,0.004408294186901038,2.848677,11.324626,4145
2454,0.00016165517886826487,1.9295633,11.8347,152
2455,0.0030076371436806118,3.0525367,11.653859,2828
2456,0.001122014563855391,2.6409233,10.323787,1055
2457,0.0011560472330908152,1.4572598,4.232737,1087
2458,0.008362464943691885,1.5827079,6.3252077,7863
2459,0.0012740980545011928,2.0824602,11.677867,1198
2460,0.0012740980545011928,1.8448262,8.0021515,1198
2461,0.001528279552853267,2.208152,10.53286,1437
2462,0.005362272446406522,2.2908614,10.027152,5042
2463,0.001500628009099485,2.6855788,11.36094,1411
2464,0.003463887615618017,5.2754755,15.25147,3257
2465,0.002077056344274482,2.0060692,6.977542,1953
2466,0.0005243158104082538,3.214541,9.50513,493
2467,1.0635209136070057e-05,1.7778385,2.5762565,10
2468,0.0006604464873499505,1.6718965,6.631732,621
2469,0.0033830600261838847,2.2194402,9.048815,3181
2470,0.0016771724807582479,4.085486,15.014061,1577
2471,0.0018749873706891509,2.0379524,9.572051,1763
2472,0.004893259723505833,2.5144973,8.36836,4601
2473,0.0011751906095357411,2.4090831,9.627706,1105
2474,0.0005147441221857907,2.169011,11.815681,484
2475,0.0006359855063369894,1.9647495,11.31058,598
2476,0.005686646325056659,1.8655212,6.698037,5347
2477,6.168421298920632e-05,1.9236296,5.752419,58
2478,0.0019930381920995285,3.25335,9.93805,1874
2479,0.0012623993244515158,1.4959286,4.6238637,1187
2480,0.0003413902132678488,1.6981561,9.616392,321
2481,0.0018037314694774815,1.8856764,8.583356,1696
2482,0.0014325626706286367,1.4043057,4.3011665,1347
2483,0.003202261470870694,2.546841,8.7175,3011
2484,0.0017537459865379524,3.3894703,14.061187,1649
2485,0.000749782244092939,1.8251086,5.493494,705
2486,0.0034511253646547333,2.2566295,8.520591,3245
2487,0.001682490085326283,1.9205489,7.3289833,1582
2488,0.0011688094840540991,2.2310076,8.81619,1099
2489,0.004442326856136463,1.5635699,4.9416366,4177
2490,0.0003605335897127749,2.2028968,7.399138,339
2491,0.0008965481301707058,2.270071,7.8868775,843
2492,0.0011879528604990253,1.877762,7.41706,1117
2493,0.005115535594449697,2.9300535,12.725758,4810
2494,0.003057622626620141,2.036817,6.62156,2875
2495,0.0027226135388339345,1.4305301,4.223828,2560
2496,0.002874697029479736,2.2731578,10.847551,2703
2497,0.00410944481017747,3.0039313,10.999727,3864
2498,0.0019143376444926102,2.7120008,9.482612,1800
2499,0.000580682418829425,1.7875644,6.533886,546
2500,0.00045731399285101244,2.645743,13.272443,430
2501,0.0015601851802614774,2.065508,11.2623825,1467
2502,0.001139030898473103,2.248586,9.801982,1071
2503,4.892196202592226e-05,1.7011868,4.3791957,46
2504,2.8715064667389152e-05,1.3594394,3.4916127,27
2505,0.0008189111034773944,1.4490597,4.172472,770
2506,0.009233488571936023,3.7401347,13.051173,8682
2507,0.003060813189360962,2.6517582,9.8999,2878
2508,0.1162109302298375,1.7811615,6.7312818,109270
2509,5.849365024838531e-05,1.5268459,4.846253,55
2510,0.000936961924887772,1.8113105,9.906689,881
2511,0.0004307259700108373,2.1123915,9.432066,405
2512,0.005622835070240239,1.9330262,7.54275,5287
2513,0.0006444936736458454,1.5798482,5.4440894,606
2514,0.004837956635998269,3.5227017,11.817696,4549
2515,0.0014761670280865238,3.2243986,11.358249,1388
2516,0.0003371361296134208,2.0334468,7.169828,317
2517,0.0027523921244149304,2.14643,5.240362,2588
2518,0.0009571688222463051,1.4514711,6.539174,900
2519,0.006884170873778147,2.6790624,11.219149,6473
2520,0.002238711523142747,4.7546835,14.423414,2105
2521,0.0004753938483823315,1.7662828,7.202793,447
2522,0.0014782940699137378,2.1445496,9.446694,1390
2523,0.002864061820343666,2.8160949,12.549675,2693
2524,0.006928838752149642,4.278163,14.332588,6515
2525,0.011070189189735322,2.363422,9.124807,10409
2526,0.003611717022609391,2.0416503,8.422083,3396
2527,0.0007051143657214447,2.0602689,9.630166,663
2528,0.0010539492253845426,1.5758247,7.283559,991
2529,0.012551673822389881,2.4970992,7.680137,11802
2530,0.0006232232553737053,1.7820681,5.132096,586
2531,0.0022131870212161787,3.2161005,11.403556,2081
2532,0.0038744066882703213,2.4886317,7.7682166,3643
2533,0.001297495514600547,2.1908233,9.21135,1220
2534,0.00999816010881946,2.1337407,8.545245,9401
2535,0.0020004828384947776,2.9908667,10.22294,1881
2536,0.0004764573692959385,2.0718806,7.486631,448
2537,0.004529535571052237,1.9804238,7.6175094,4259
2538,0.0021642650591902563,1.7383895,6.296812,2035
2539,0.004387023768628898,2.8439858,9.954337,4125
2540,0.0008157205407365733,2.4718482,8.942292,767
2541,0.008379481278309597,3.626841,18.675741,7879
2542,0.0031384502160542735,2.2802606,9.089711,2951
2543,0.004627379495104082,1.4835669,5.0646443,4351
2544,0.0008795317955529936,1.7406629,6.8331704,827
2545,0.0015984719331513294,1.7191824,6.0863047,1503
2546,0.009136708168797785,2.8342445,10.992933,8591
2547,0.0020717387397064468,2.2202795,9.01538,1948
2548,0.001159237795831636,1.7881256,6.5001407,1090
2549,0.0003201197949957087,1.6430994,4.124239,301
2550,0.000566856646952534,2.2280529,8.852899,533
2551,0.0013772595831210723,2.3154116,7.936757,1295
2552,0.0014761670280865238,2.2909093,7.425684,1388
2553,0.0046720473734755755,2.8675697,13.010444,4393
2554,0.02751860363958127,1.399995,3.5523295,25875
2555,0.00095185121767827,1.7209084,5.7538004,895
2556,0.006325822394134469,3.0348997,11.565574,5948
2557,0.006236486637391481,2.1405778,10.524028,5864
2558,0.004615680765054404,1.8260376,6.5566535,4340
2559,0.001919655249060645,1.4193292,4.3196235,1805
2560,0.0010624573926933986,1.6227851,7.062256,999
2561,0.0015506134920390143,3.3394692,11.587202,1458
2562,0.002219568146697821,2.3576884,8.765205,2087
2563,0.0039052487947649245,2.0002992,7.4187427,3672
2564,0.010848976839705064,4.5050974,14.706989,10201
2565,0.0003977568216890201,2.628372,11.998131,374
2566,0.0011783811722765622,2.8256772,9.768274,1108
2567,0.002083437469756124,1.8331195,8.171995,1959
2568,0.0022142505421297856,2.7158985,12.436154,2082
2569,0.000190370243535654,2.3175535,11.421314,179
2570,0.008914432297853922,1.3041798,5.043254,8382
2571,0.00046688568107347545,1.9536412,11.030152,439
2572,0.0012570817198834807,1.8299469,7.323833,1182
2573,0.0029640327862227246,2.9442422,12.289744,2787
2574,0.0015357241992485162,1.5155625,4.435029,1444
2575,0.0007838149133283631,2.04813,8.317446,737
2576,0.0003031034603779966,1.8795654,7.068521,285
2577,0.0052612379596138565,3.3609116,13.830252,4947
2578,0.006109927648672247,3.86409,14.465267,5745
2579,0.0036202251899182473,1.8439448,6.370748,3404
2580,0.0027523921244149304,3.3608246,11.198547,2588
2581,0.0005338874986307168,1.7227554,6.320872,502
2582,9.890744496545152e-05,2.2029245,9.0540085,93
2583,0.00489432324441944,2.2494555,7.4508796,4602
2584,0.00027226135388339344,1.6792102,7.288835,256
2585,0.00016165517886826487,1.9977493,7.0378385,152
2586,0.00014144828150973175,2.6724885,11.283381,133
2587,0.0016229329141642906,1.8534437,8.423464,1526
2588,0.00012336842597841265,1.6002637,3.8887196,116
2589,0.0019292269372831081,4.88128,15.678104,1814
2590,0.0007104319702894797,1.6094325,5.060558,668
2591,0.00399564807242152,2.027024,9.6405115,3757
2592,0.0016271869978187186,1.8591998,6.5114474,1530
2593,0.0010571397881253635,2.866438,10.203331,994
2594,0.0008380544799223204,1.6998475,7.352518,788
2595,0.0005413321450259659,2.8266978,12.901115,509
2596,0.003066130793928997,4.014482,15.169058,2883
2597,0.00039137569620737806,2.6450398,8.1481285,368
2598,0.002080246907015303,1.993129,7.902543,1956
2599,0.0038669620418750723,2.0960886,8.142679,3636
2600,0.0014378802751966715,1.748949,9.8151,1352
2601,0.0004402976582333003,2.5769057,8.702897,414
2602,0.003915884003900995,3.083982,25.233482,3682
2603,0.009135644647884179,1.4440054,4.946517,8590
2604,0.0037106244675748426,3.6373458,15.198658,3489
2605,0.0023440000935898405,3.196043,13.269623,2204
2606,0.0016420762906092167,2.4369237,10.744773,1544
2607,0.0009826933241728732,1.9192275,7.272034,924
2608,0.0052069983930199,2.2088754,10.426221,4896
2609,0.0015910272867560803,2.011802,6.7549915,1496
2610,0.002827902109281028,3.277618,11.7557,2659
2611,0.00038924865438016407,2.056659,10.228555,366
2612,0.0007976406852052543,1.9249358,6.6782517,750
2613,0.0014017205641340335,1.6140348,6.040901,1318
2614,0.002257854899587673,1.9278914,7.731468,2123
2615,0.002629023698436518,2.7047286,10.313632,2472
2616,0.004039252429879407,2.678813,9.998706,3798
2617,9.784392405184451e-05,1.3378766,3.0202653,92
2618,0.0002307840382527202,2.4633217,12.68983,217
2619,0.000748718723179332,1.7058033,7.248326,704
2620,0.002302522777959167,2.0165558,7.695513,2165
2621,0.026626309593064994,3.120995,8.691119,25036
2622,0.001145412023954745,2.6492345,8.85073,1077
2623,0.001350671560280897,1.7415211,10.461734,1270
2624,0.002273807713291778,1.7007113,7.2774053,2138
2625,0.0006987332402398027,2.0329187,11.501526,657
2626,0.001684617127153497,3.5845923,11.934574,1584
2627,0.0021376770363500815,1.8092074,7.2345905,2010
2628,0.0023578258654667313,2.3666308,9.734694,2217
2629,0.004016918490693661,1.6404885,5.655158,3777
2630,0.0023089039034408093,1.3919693,4.5989585,2171
2631,0.004590156263127836,2.8568745,10.738562,4316
2632,0.00017441742983154891,2.0189216,7.3533034,164
2633,0.015966639475981974,3.3868458,13.862331,15013
2634,0.0026641198885855493,4.0287232,12.458893,2505
2635,0.00417325606499389,5.479315,14.14189,3924
2636,0.0021589474546222214,1.5227455,5.0851197,2030
2637,0.002872569987652522,5.374674,15.596326,2701
2638,0.0014027840850476404,2.021916,10.598218,1319
2639,0.004158366772203392,1.5373393,5.160139,3910
2640,0.0005211252476674328,1.919019,6.8672338,490
2641,0.0004232813236155882,1.1980911,4.939213,398
2642,0.0008050853316005032,1.9480683,6.1208363,757
2643,0.0013081307237366169,2.0859733,7.461996,1230
2644,5.7430129334778304e-05,1.3727204,3.1432507,54
2645,0.0007402105558704759,1.8669456,6.5002046,696
2646,0.00284491844389874,1.7761995,7.452205,2675
2647,0.0048485918451343386,1.6295074,7.067003,4559
2648,0.0006317314226825613,1.8151683,7.2431126,594
2649,0.001321956495613508,1.9201808,8.01444,1243
2650,0.003226722451883655,2.4240956,11.393514,3034
2651,0.012025230970154413,2.195447,9.562323,11307
2652,0.0003371361296134208,1.4044957,4.6261444,317
2653,0.00042540836544280227,1.6840473,5.459848,400
2654,0.001315575370131866,1.7461952,6.8670416,1237
2655,0.0003350090877862068,2.5072062,11.230718,315
2656,0.003803150787058652,4.0522213,15.3340645,3576
2657,0.00041264611447951817,1.9793398,8.318167,388
2658,0.002848109006639561,1.5684729,5.104936,2678
2659,0.00032969148321817176,2.061153,12.769629,310
2660,0.0010954265410152157,1.2944741,5.3123784,1030
2661,0.0021695826637582916,1.7439749,7.6018524,2040
2662,0.0029108567405423742,3.017006,10.181263,2737
2663,0.0006561924036955224,2.034698,6.3787413,617
2664,0.0004392341373196933,2.0185914,9.169351,413
2665,0.000759353932315402,1.7811748,10.440686,714
2666,0.0021738367474127196,1.8445845,7.433478,2044
2667,0.0009912014914817292,1.863906,5.9905725,932
2668,0.0007933866015508262,2.053577,8.992504,746
2669,0.002271680671464564,3.2577825,10.502949,2136
2670,0.004615680765054404,2.3108823,8.58404,4340
2671,0.001313448328304652,2.6355193,9.130086,1235
2672,0.012152853479787253,3.1718447,10.424797,11427
2673,0.0005913176279654951,1.8765509,8.448697,556
2674,0.0003998838635162341,2.2183118,13.287458,376
2675,0.01629526743828654,1.5607634,5.5043874,15322
2676,0.0016676007925357848,1.7560866,6.9997787,1568
2677,0.0009763121986912311,1.599231,5.892281,918
2678,0.002788551835477569,2.0158339,8.020299,2622
2679,9.35898403974165e-05,1.3545746,3.2640452,88
2680,0.016111278320232528,1.9807009,7.513842,15149
2681,0.0014719129444320958,2.8535454,10.927584,1384
2682,0.03759652781692126,1.052488,3.2155547,35351
2683,0.0009156915066156319,1.5954026,5.4087424,861
2684,0.0006583194455227365,3.3953187,12.063172,619
2685,0.0019324175000239292,2.20402,10.401525,1817
2686,0.0017920327394278044,2.4594667,8.895873,1685
2687,0.0030948458585963864,2.9037328,12.6432295,2910
2688,0.0006019528371015651,1.9237561,6.6334624,566
2689,0.0005200617267538258,1.752908,7.1625195,489
2690,0.0010326788071124025,2.3203084,7.5579004,971
2691,2.233393918574712e-05,1.2075757,1.6868814,21
2692,0.001125205126596212,3.281726,12.16577,1058
2693,0.0017696988002420574,1.9325473,6.144732,1664
2694,0.000946533613110235,1.4999558,5.415428,890
2695,0.00626520170205887,1.7602663,5.91174,5891
2696,0.0019536879182960694,4.182242,12.59605,1837
2697,0.00023929220556157628,1.807007,4.5119147,225
2698,0.0037010527793523798,5.16097,11.366028,3480
2699,0.0016154882677690415,2.2291036,10.502849,1519
2700,0.016621768358763892,1.8942381,7.412968,15629
2701,0.0017888421766869835,2.1828184,8.1421175,1682
2702,0.001123078084768998,1.614521,6.587276,1056
2703,0.0009912014914817292,2.2788987,9.584052,932
2704,0.0022025518120801085,1.7000595,7.3788595,2071
2705,0.0010837278109655387,3.0267286,12.3957405,1019
2706,0.0016452668533500376,2.7968225,9.399921,1547
2707,0.0004232813236155882,2.6391604,9.640305,398
2708,0.0019941017130131354,3.5853486,13.002435,1875
2709,0.014244799116852233,1.6466472,6.8035765,13394
2710,0.0015825191194472244,2.0456793,8.386864,1488
2711,0.0017229038800433492,1.719985,5.0166907,1620
2712,0.0005317604568035028,1.8005259,7.82148,500
2713,0.0005434591868531799,2.2400458,14.0762205,511
2714,0.002285506443341455,3.0140195,10.330588,2149
2715,0.0010592668299525777,2.44025,11.434598,996
2716,0.003956297798618061,2.2870204,8.57022,3720
2717,0.0049613250619766815,1.7451615,7.4351945,4665
2718,0.0027353757897972185,2.0634308,10.202121,2572
2719,0.0021717097055855054,1.4464979,5.740318,2042
2720,0.00027757895845142847,2.0739787,6.7905807,261
2721,0.0023503812190714822,1.6573002,6.5497174,2210
2722,0.00042540836544280227,1.7477895,6.4874387,400
2723,0.004459343190754175,1.6514899,7.081782,4193
2724,0.00031054810677324564,1.8241388,3.7291884,292
2725,0.001721840359129742,1.4578627,4.3377743,1619
2726,0.0003977568216890201,1.7596955,6.433704,374
2727,0.0008922940465162777,3.6632624,14.914165,839
2728,0.0029459529306914054,2.5076463,11.201058,2770
2729,0.001141157940300317,1.5342929,3.942547,1073
2730,0.0006168421298920633,2.009804,11.312896,580
2731,0.001293241430946119,1.491604,4.780835,1216
2732,0.12218579072248166,2.106589,8.385001,114888
2733,0.00532398569351667,3.3321118,12.231918,5006
2734,0.0033479638360348536,3.0521243,11.541414,3148
2735,0.0005594120005572849,2.1427846,8.052813,526
2736,0.0030863376912875305,4.0063868,13.926424,2902
2737,0.0003977568216890201,1.5355965,5.465272,374
2738,0.015184951604480827,2.5454574,12.455809,14278
2739,0.002454606268604969,1.7721871,8.18286,2308
2740,0.0016814265644126759,1.4383744,5.1677656,1581
2741,0.0013751325412938583,1.750187,5.3926167,1293
2742,0.009607847933525688,2.7339697,10.322005,9034
2743,0.0026641198885855493,1.61084,7.5682325,2505
2744,0.0009178185484428459,1.8605728,8.72076,863
2745,0.0032533104747238303,3.1241288,9.952041,3059
2746,6.274773390281333e-05,1.4521875,3.2321546,59
2747,0.0007657350577970441,1.4511074,5.908347,720
2748,0.0026970890369073662,2.47057,9.550755,2536
2749,0.00044348822097412135,1.8986734,9.741193,417
2750,0.0002275934755118992,2.006698,7.247874,214
2751,0.011039347083240718,2.0530615,10.808917,10380
2752,5.5303087507564294e-05,1.1912476,2.201039,52
2753,5.9557171161992314e-05,1.2406713,2.0180955,56
2754,0.0004753938483823315,1.615912,4.5607786,447
2755,0.002250410253192424,3.2977808,10.358617,2116
2756,0.004489121776335171,2.0649078,9.065568,4221
2757,0.0042657823844777,1.755909,6.956652,4011
2758,0.00789876982535923,2.2787552,10.2827015,7427
2759,0.005327176256257491,2.4740639,8.59975,5009
2760,0.00042753540727001626,2.1873667,10.545215,402
2761,0.0023333648844537703,4.1310377,13.615506,2194
2762,0.0015772015148791893,1.5353296,5.2814355,1483
2763,0.0010752196436566827,1.4935483,7.6820674,1011
2764,0.003637241524535959,1.3821751,5.299698,3420
2765,0.00042647188635640927,1.9314815,9.976805,401
2766,0.0209651877699349,1.379458,4.687871,19713
2767,0.0007285118258207988,2.3745406,17.026287,685
2768,0.0009231361530108808,1.9292611,8.05645,868
2769,0.0019866570666178863,3.6208508,12.385586,1868
2770,0.005529245229842822,2.9299324,11.414436,5199
2771,0.00023716516373436226,1.7760075,5.1159554,223
2772,0.0013910853549979633,1.8413192,6.679498,1308
2773,0.0032884066648728614,2.832153,10.901218,3092
2774,0.0005306969358898958,1.8046573,8.874601,499
2775,0.0008550708145400325,2.089875,9.378728,804
2776,0.0021312959108684393,2.881724,13.072525,2004
2777,0.0029140473032831953,3.0177069,12.768198,2740
2778,0.0004541234301101914,2.367044,10.056826,427
2779,0.0014368167542830647,1.5374864,6.373521,1351
2780,0.000947597134023842,3.4311633,13.151572,891
2781,0.0026758186186352263,2.8792617,10.326354,2516
2782,0.0013262105792679361,1.58587,4.992761,1247
2783,0.001689934731721532,1.7164242,9.172043,1589
2784,0.015130712037886868,1.7550373,7.0298,14227
2785,0.000760417453229009,1.8732,10.578591,715
2786,0.0038425010608621113,1.7730716,7.0467405,3613
2787,0.004824130864121377,2.5007532,9.047675,4536
2788,0.0008380544799223204,1.8965182,11.006091,788
2789,0.0012613358035379087,2.34245,8.7332325,1186
2790,0.000754036327747367,2.0153134,9.071206,709
2791,0.001117760480200963,1.383519,4.6451254,1051
2792,0.005442036514927048,3.1261876,12.856417,5117
2793,0.0020876915534105522,2.5595133,9.484777,1963
2794,0.0023918585347021556,4.1850157,14.034916,2249
2795,0.002309967424354416,1.580019,6.079259,2172
2796,0.000945470092196628,1.734968,5.3461986,889
2797,0.0008603884191080676,1.8957793,8.971239,809
2798,0.00024886389378403934,2.6173484,13.786638,234
2799,0.0013687514158122163,3.3763258,11.729425,1287
2800,0.005138933054549051,2.327035,9.658548,4832
2801,0.0010018367006177993,1.5293068,6.1058307,942
2802,0.001304940160995796,1.8315308,8.982891,1227
2803,0.004071158057287617,4.947873,12.421515,3828
2804,0.004618871327795225,2.4897,8.975729,4343
2805,0.0008125299779957523,2.6744986,10.647662,764
2806,0.0022812523596870272,5.077965,15.247589,2145
2807,0.0020047369221492055,4.4557657,17.126547,1885
2808,0.0021876625192896104,1.6607744,6.0881557,2057
2809,0.0010762831645702896,1.564537,6.1738157,1012
2810,0.0025194810443349962,4.2106643,15.403541,2369
2811,0.0003956297798618061,1.6314859,5.5744457,372
2812,0.0029278730751600866,1.5956231,5.7264085,2753
2813,0.0038680255627886796,1.9842305,6.325802,3637
2814,9.997096587905853e-05,3.3220236,16.308315,94
2815,0.0006987332402398027,2.198111,9.250169,657
2816,0.005924875009704628,3.0313704,13.947349,5571
2817,0.0005902541070518881,1.4974474,4.663526,555
2818,0.011178668322923236,2.843689,11.606101,10511
2819,0.002676882139548833,1.9717996,8.346895,2517
2820,0.004578457533078159,3.9644353,11.934327,4305
2821,0.0001318765932872687,1.7958567,8.221274,124
2822,0.0008050853316005032,1.662473,9.602241,757
2823,4.041379471706622e-05,1.3577507,3.0420263,38
2824,0.0016005989749785434,2.5273166,8.860402,1505
2825,0.0014846751953953798,2.054083,8.541266,1396
2826,0.0012092232787711654,1.9047037,7.6960483,1137
2827,0.0006296043808553473,1.9562116,12.471936,592
2828,0.003183118094425768,3.8855233,11.997517,2993
2829,0.0010114083888402624,1.5608773,5.5492125,951
2830,0.0040658404527195826,1.5458852,4.2654195,3823
2831,0.0008104029361685383,1.3931293,4.4599524,762
2832,6.168421298920632e-05,1.1776909,2.5750961,58
2833,0.0027109148087842575,2.1981764,9.544365,2549
2834,0.0006327949435961683,1.5500939,5.0121007,595
2835,0.0007795608296739351,1.8920232,12.006595,733
2836,0.0009848203660000872,1.8579334,12.765524,926
2837,0.0007146860539439078,2.1444058,8.431937,672
2838,0.001728221484611384,1.755442,6.409377,1625
2839,0.0017473648610563102,2.2353425,8.149573,1643
2840,0.0001488929279049808,1.6520798,4.250975,140
2841,3.1905627408210167e-06,0.9630016,1.0056261,3
2842,0.0023844138883069065,1.9378692,7.1387715,2242
2843,0.0025928639873738796,2.4704463,8.391859,2438
2844,0.0008614519400216746,1.6285853,10.485302,810
2845,0.0009709945941231962,2.2968209,11.232108,913
2846,0.004206225213315707,3.1721969,11.203061,3955
2847,0.00037116879884884494,1.4501821,5.348582,349
2848,0.00016590926252269287,1.7650588,5.026496,156
2849,0.003459633531963589,2.9171195,10.865871,3253
2850,0.0017899056976005904,2.4023414,10.0217285,1683
2851,0.0007689256205378651,1.5334624,6.0794454,723
2852,0.0012187949669936284,1.691634,7.8715982,1146
2853,0.0006466207154730595,2.0326746,9.76488,608
2854,0.0047007624381429644,4.428778,14.520542,4420
2855,0.0021110890135099063,4.608174,14.789018,1985
2856,0.006580003892486544,1.5230186,4.9298325,6187
2857,0.004349800536652653,1.4339452,4.9245305,4090
2858,0.002825775067453814,5.057117,14.798772,2657
2859,0.003050177980224892,3.6035695,15.952543,2868
2860,0.000749782244092939,1.7898289,6.81869,705
2861,0.00732340501109784,2.1086903,7.5227304,6886
2862,0.0009050562974795618,1.4586933,4.1824555,851
2863,0.02499380499067824,1.0350863,3.0222547,23501
2864,0.0019356080627647503,1.508872,4.965103,1820
2865,0.002801314086440853,3.6478972,12.090514,2634
2866,0.0037978331824906173,4.980028,16.300734,3571
2867,0.0019356080627647503,1.8076731,8.133155,1820
2868,0.0005115535594449697,1.6792889,7.908745,481
2869,0.0011879528604990253,2.2677093,13.332208,1117
2870,1.701633461771209e-05,1.357587,2.2868369,16
2871,0.0900993647589583,1.587661,5.9321675,84718
2872,0.0008752777118985656,2.6503587,13.21608,823
2873,0.002450352184950541,3.409711,11.743265,2304
2874,0.0012443194689201965,2.0229707,6.666564,1170
2875,0.0015431688456437652,1.8545073,7.793149,1451
2876,0.0023089039034408093,1.8134608,6.8225503,2171
2877,0.06810787930739264,1.5935304,7.7064176,64040
2878,0.0019696407320001744,2.456667,8.96342,1852
2879,0.007518029338287923,3.465705,13.77753,7069
2880,0.00038605809163934303,1.7004838,5.387802,363
2881,0.00459228330495505,1.6616198,5.7735085,4318
2882,2.7651543753782147e-05,1.2460172,2.4012604,26
2883,0.003823357684417185,4.229714,13.924292,3595
2884,0.0005604755214708919,1.7211623,6.1197257,527
2885,0.0009699310732095892,1.9659059,9.089057,912
2886,0.000565793126038927,1.9920744,11.537189,532
2887,0.002089818595237766,2.1075914,6.9221883,1965
2888,0.00042859892818362326,1.7438395,7.773305,403
2889,0.0007008602820670168,1.567002,5.637353,659
2890,0.0020313249449893807,3.1565795,13.0200405,1910
2891,0.005785553770022111,2.4410894,9.089539,5440
2892,0.010771339813011753,1.3325111,4.9883327,10128
2893,0.007431884144285755,2.9858403,13.534682,6988
2894,0.0008242287080454293,1.7531259,5.0325847,775
2895,0.0015952813704105085,2.2089038,8.154759,1500
2896,0.00342028325816013,1.9587326,7.1180634,3216
2897,0.0034149656535920952,2.5168314,11.11052,3211
2898,0.001486802237222594,1.7535822,9.564369,1398
2899,0.00048283849477758053,1.3875115,7.2588186,454
2900,0.0031490854251903437,2.7357397,10.460745,2961
2901,0.0004030744262570551,2.4946706,11.019442,379
2902,0.00040413794717066216,2.0281286,12.242914,380
2903,0.001149666107609173,2.6322975,8.081972,1081
2904,0.0012677169290195506,2.5656455,9.413141,1192
2905,0.00036159711062638193,2.4588947,14.059666,340
2906,0.003401139881715204,2.462698,10.092404,3198
2907,0.007051143657214447,2.615653,10.364919,6630
2908,0.005178283328352511,3.2285068,12.8536415,4869
2909,0.002599245112855522,4.088338,15.847867,2444
2910,0.0010316152861987954,1.5557467,6.982144,970
2911,0.0003371361296134208,3.5368743,14.121398,317
2912,0.0007083049284622657,3.5330572,13.709039,666
2913,0.001706951066339244,2.9119496,11.326319,1605
2914,0.0012730345335875857,1.7585415,9.049455,1197
2915,0.0019302904581967152,4.6721334,13.117953,1815
2916,0.0029310636379009077,1.7990057,5.8023176,2756
2917,0.002458860352259397,3.5554125,10.597599,2312
2918,0.012615485077206301,1.5382457,5.697233,11862
2919,0.0017643811956740223,1.7490969,6.8902655,1659
2920,0.0012772886172420137,1.8047508,6.3600984,1201
2921,0.0003137386695140667,1.7692708,4.8859997,295
2922,0.0010528857044709355,2.4649985,9.260101,990
2923,0.0034798404293221222,2.5967166,10.101173,3272
2924,0.0001318765932872687,2.6323159,15.085603,124
2925,0.001130522731164247,1.7497319,10.185423,1063
2926,0.0005764283351749971,1.3417717,3.9095652,542
2927,0.0021461852036589375,1.3073956,4.0268264,2018
2928,0.0005828094606566391,1.8899765,6.279317,548
2929,2.1270418272140114e-05,1.6179453,2.5798852,20
2930,0.00039137569620737806,2.46926,10.619042,368
2931,0.0010911724573607878,1.770288,7.437999,1026
2932,0.0006859709892765186,1.7651671,7.0138135,645
2933,0.02579995384319235,2.1143484,7.4188013,24259
2934,0.008037027544128142,3.3659785,12.398101,7557
2935,0.00012549546780562666,1.6274465,4.4720826,118
2936,0.001498500967272271,1.6009485,7.3814707,1409
2937,0.020217532567669175,2.3694944,9.168712,19010
2938,0.0006157786089784563,1.9478691,10.371359,579
2939,0.0009571688222463051,1.9670558,6.991724,900
2940,0.0017431107774018822,3.4671988,12.708117,1639
2941,0.000756163369574581,1.911596,10.587271,711
2942,0.004172192544080283,3.379539,16.53507,3923
2943,0.0027417569152788607,3.3277571,11.074561,2578
2944,0.0013655608530713952,2.718485,10.516047,1284
2945,0.0006870345101901256,2.8886545,11.289412,646
2946,0.0015782650357927964,1.4556129,4.185619,1484
2947,0.00020100545267172406,1.9292787,7.311297,189
2948,9.46533613110235e-05,2.1132607,8.153032,89
2949,0.004402976582333003,2.1951385,8.197609,4140
2950,0.0007104319702894797,1.9274422,8.496302,668
2951,0.0011124428756329279,2.6288872,10.462933,1046
2952,0.0019185917281470382,2.370584,10.428582,1804
2953,5.5303087507564294e-05,2.0520194,5.885008,52
2954,0.015309383551372846,1.5538291,7.445532,14395
2955,0.0023131579870952373,2.4266903,12.620663,2175
2956,0.0015984719331513294,3.1335652,10.060649,1503
2957,0.0011953975068942743,1.6697675,5.4341493,1124
2958,0.011038283562327111,1.3756541,4.8205433,10379
2959,0.0005179346849266117,1.4712721,6.887158,487
2960,0.0021823449147215755,2.9963443,11.185999,2052
2961,0.003212896680006764,1.8015974,6.927956,3021
2962,0.0020249438195077385,3.1995115,14.546686,1904
2963,0.001510199697321948,1.958654,9.798748,1420
2964,0.0006104610044104212,1.8920193,6.7695413,574
2965,0.0011890163814126324,3.1787014,10.620418,1118
2966,8.614519400216745e-05,1.9777681,6.51902,81
2967,0.024999122595246275,1.6294625,4.0803604,23506
2968,0.0017431107774018822,2.7993553,9.379168,1639
2969,0.00048283849477758053,1.4908121,6.228365,454
2970,0.0021312959108684393,3.8955984,13.982817,2004
2971,0.003546842246879364,2.4271662,10.010219,3335
2972,0.004757129046564136,2.4098015,10.665569,4473
2973,0.005254856834132215,1.7231766,6.3875523,4941
2974,0.00012762250963284068,2.9877577,14.707741,120
2975,0.0010060907842722273,2.2081463,12.85109,946
2976,0.0022068058957345365,3.9080467,14.521348,2075
2977,0.0018547804733306179,3.9615777,15.228514,1744
2978,0.0002616261447473234,1.704696,5.560635,246
2979,0.005095328697091164,1.9897887,8.001954,4791
2980,0.000952914738591877,2.424298,10.982417,896
2981,0.002641785949399802,1.9609491,7.5843635,2484
2982,3.72232319762452e-05,1.3058463,2.6072223,35
2983,0.001690998252635139,1.3469968,4.2695436,1590
2984,0.0019547514392096762,1.9601499,6.2244067,1838
2985,7.763702669331141e-05,2.136653,5.5599713,73
2986,0.002088755074324159,3.1627045,13.344028,1964
2987,0.003427727904555379,2.4161594,10.346813,3223
2988,0.00025630854017928836,1.4297894,3.9397092,241
2989,0.0011847622977582042,2.1483302,8.303407,1114
2990,0.0025577677972248485,3.8334622,13.873161,2405
2991,0.00021908530820304316,2.633956,10.472307,206
2992,0.0004530599091965844,2.7510102,11.143337,426
2993,0.007505267087324638,2.3054261,10.33736,7057
2994,0.00019781488993090305,1.5742936,4.679703,186
2995,0.0033096770831450013,2.6448576,10.521274,3112
2996,0.0004913466620864366,1.3806617,4.571132,462
2997,0.0004711397647279035,2.7954845,14.222216,443
2998,0.0023833503673932996,3.7199595,14.551651,2241
2999,0.00027438839571060743,1.6854511,4.9116654,258
3000,0.0021068349298554783,1.7251307,7.979108,1981
3001,0.004538043738361093,1.8699936,5.7951427,4267
3002,0.0021195971808187623,3.8879325,15.486736,1993
3003,0.0023280472798857354,3.0945241,10.816771,2189
3004,0.002481194291445144,1.8848689,8.467363,2333
3005,0.0038850418974063915,3.3053577,13.039579,3653
3006,0.0003977568216890201,2.020577,12.072331,374
3007,0.0009582323431599121,1.5426427,5.0005164,901
3008,0.0035074919730759047,2.074982,6.95951,3298
3009,0.0015740109521383684,2.997817,10.907413,1480
3010,0.0008901670046890637,1.735623,5.1012077,837
3011,0.0013676878948986092,1.5638596,4.5174737,1286
3012,0.005785553770022111,1.4985689,6.5818024,5440
3013,0.0008667695445897096,1.7914019,5.0859256,815
3014,0.0005189982058402188,2.2662084,11.490209,488
3015,0.009289855180357194,3.2530582,8.133547,8735
3016,0.0012390018643521615,1.988852,8.999436,1165
3017,0.0006870345101901256,2.2581139,14.44758,646
3018,0.0005349510195443238,1.6440178,8.268389,503
3019,0.0032448023074149743,2.18892,7.370618,3051
3020,0.004844337761479911,2.9654014,8.941651,4555
3021,0.004199844087834065,4.034295,14.079848,3949
3022,0.0014814846326545589,1.8959041,7.039739,1393
3023,0.0001318765932872687,1.1629226,2.481392,124
3024,0.000562602563298106,1.7612891,6.9439025,529
3025,0.000935898403974165,2.0167572,9.946096,880
3026,0.00169418881537596,2.5295231,11.164055,1593
3027,0.0034947297221126204,1.8751988,7.7653875,3286
3028,0.0067778187824174465,2.2206178,9.871338,6373
3029,0.0035000473266806557,3.949303,13.975253,3291
3030,0.029982781596408704,3.2302122,10.245866,28192
3031,0.00030735754403242465,1.9366266,8.81456,289
3032,0.010163005850428546,2.8611958,8.30254,9556
3033,0.0007880689969827912,1.6021504,4.9808564,741
3034,0.0009997096587905853,2.1057715,9.667976,940
3035,0.001511263218235555,1.3441086,5.07194,1421
3036,0.0005030453921361137,1.8330792,7.834175,473
3037,0.00010316152861987954,2.1007621,6.8602953,97
3038,0.024871500085613434,2.1060956,7.7859974,23386
3039,0.0016644102297949637,3.101894,11.445796,1565
3040,0.00018292559714040495,3.0648532,12.309115,172
3041,0.0027002795996481873,2.929911,13.389221,2539
3042,0.0031086716304732772,1.9437534,7.849269,2923
3043,0.00016378222069547886,2.635896,13.029309,154
3044,0.0004179637190475532,1.8356242,6.704016,393
3045,0.00038393104981212904,1.4743295,7.9418693,361
3046,0.0019239093327150733,2.1698964,10.605853,1809
3047,0.002851299569380382,3.1327786,16.502848,2681
3048,0.001910083560838182,1.9026165,7.0174766,1796
3049,0.0033745518588750288,2.7232766,12.070598,3173
3050,0.0017643811956740223,1.88221,6.1749854,1659
3051,0.0007114954912030868,1.6316284,6.0188785,669
3052,0.005354827800011274,3.6861885,12.597297,5035
3053,0.0012070962369439514,2.1168861,7.9821377,1135
3054,0.011690221882368205,1.6288784,7.271538,10992
3055,0.004561441198460447,1.8982885,6.390554,4289
3056,0.006271582827540512,2.5728624,10.322356,5897
3057,0.004321085471985264,1.9392753,8.612246,4063
3058,0.0006742722592268416,2.4707782,10.4628315,634
3059,0.0009699310732095892,1.4934707,7.4457016,912
3060,0.0014719129444320958,2.563471,11.149892,1384
3061,0.0013825771876891074,3.3910704,14.03993,1300
3062,0.003930773296691493,2.4747326,10.016865,3696
3063,0.003171419364376091,4.2021875,13.877403,2982
3064,0.001889876663479649,1.4369329,4.5023065,1777
3065,0.0006732087383132346,2.0321252,9.292393,633
3066,0.00017548095074515594,2.2619762,9.047501,165
3067,0.0009284537575789159,2.4967752,7.9822526,873
3068,0.009147343377933855,1.9174491,7.724988,8601
3069,0.03343071639832262,1.5742575,5.6171565,31434
3070,0.0017548095074515593,2.0401456,7.521075,1650
3071,0.0010932994991880017,1.9209076,8.575353,1028
3072,0.00027864247936503547,1.9863285,7.6165934,262
3073,0.0003339455668725998,1.9000695,6.471099,314
3074,0.0004998548293952927,2.0356174,6.8589363,470
3075,0.00044242470006051435,1.9043344,7.0579343,416
3076,0.025103347644779762,2.2782435,15.586448,23604
3077,0.0022206316676114278,1.9518094,9.236183,2088
3078,0.009332396016901475,1.7892599,6.735348,8775
3079,0.007645651847920764,2.5643034,11.108929,7189
3080,0.0020026098803219918,2.9503114,11.977534,1883
3081,0.004289179844577054,2.127387,9.286359,4033
3082,0.0007136225330303008,1.9383886,7.9251676,671
3083,0.0004902831411728296,1.9058883,8.442301,461
3084,0.0012102867996847725,2.0148761,7.536005,1138
3085,6.381125481642033e-06,0.96477413,1.427334,6
3086,0.002409938390233475,4.1174207,12.045023,2266
3087,0.00025524501926568136,2.2321444,11.160634,240
3088,0.001678236001671855,2.0819511,7.140327,1578
3089,0.00114009441938671,1.4060686,7.5434403,1072
3090,0.0007901960388100052,1.6540943,10.680965,743
3091,0.00018186207622679796,1.346282,4.3897777,171
3092,0.0014261815451469945,2.1422017,8.3269825,1341
3093,0.0008008312479460752,1.9449176,6.4030323,753
3094,0.00037116879884884494,1.7092726,9.523834,349
3095,0.0009582323431599121,2.4662251,9.914578,901
3096,0.00017548095074515594,1.4981458,5.1100416,165
3097,0.0011656189213132783,4.32713,15.428767,1096
3098,0.001147539065781959,2.322703,17.505362,1079
3099,0.002088755074324159,1.9610225,7.659446,1964
3100,0.0025854193409786306,1.5014542,4.6493845,2431
3101,0.0021036443671146573,4.6613865,14.471039,1978
3102,0.0006689546546588066,1.5694954,7.463132,629
3103,0.001350671560280897,1.5429099,7.686455,1270
3104,0.0005891905861382811,1.9587244,5.7236276,554
3105,0.0016112341841146135,1.80595,6.877118,1515
3106,0.00317886401077134,3.5606067,12.376945,2989
3107,0.0033245663759354995,2.1679127,10.248476,3126
3108,0.0012528276362290527,2.7203467,10.100695,1178
3109,2.1270418272140114e-05,1.0138092,1.6476904,20
3110,0.0023961126183565835,3.790087,12.161029,2253
3111,0.003759546429600765,2.7089236,14.777852,3535
3112,0.0012772886172420137,2.7395117,13.061002,1201
3113,0.004116889456572719,2.1319184,12.376261,3871
3114,0.004763510172045778,2.131495,7.0075493,4479
3115,0.13043977653298564,6.233968,14.413115,122649
3116,0.0018122396367863376,2.583013,9.326415,1704
3117,0.0010954265410152157,2.2060888,10.768322,1030
3118,0.0019324175000239292,1.7482759,6.587933,1817
3119,0.00327458089299597,4.5256114,14.279494,3079
3120,8.720871491577446e-05,1.3731693,2.8524678,82
3121,0.006054624561164683,3.1098316,12.486939,5693
3122,0.0077892271712577095,2.3947468,8.851094,7324
3123,0.001149666107609173,2.3162878,10.497083,1081
3124,0.0038403740190348975,1.8760328,7.5720234,3611
3125,0.001330464662922364,2.0916672,6.9665604,1251
3126,0.008425212677594699,2.3518772,8.701134,7922
3127,5.7430129334778304e-05,4.099345,20.417522,54
3128,0.002085564511583338,2.0032115,8.277663,1961
3129,0.0010720290809158616,1.8606464,5.435107,1008
3130,0.0026758186186352263,1.6308268,5.351495,2516
3131,0.0011145699174601419,1.6478764,7.0829353,1048
3132,0.0017133321918208861,2.0970914,11.224594,1611
3133,0.000568983688779748,2.5323365,10.95357,535
3134,0.00613013454603078,1.5750886,7.198077,5764
3135,0.0001116696959287356,2.590953,10.776728,105
3136,0.002851299569380382,1.8602399,6.9197426,2681
3137,0.00038499457072573603,1.5449622,5.5892534,362
3138,0.01709503516531901,2.527733,10.281909,16074
3139,0.0002839600839330705,1.5472112,5.0016284,267
3140,0.0023939855765293698,3.0887513,10.194043,2251
3141,0.001106061750151286,1.7180421,6.699732,1040
3142,0.0014283085869742085,1.710524,6.8436275,1343
3143,0.0010550127462981495,2.071483,8.530322,992
3144,0.000938025445801379,2.5681093,8.196709,882
3145,0.004714588210019856,2.974646,9.909394,4433
3146,0.0017728893629828783,1.9344766,6.731406,1667
3147,0.0018228748459224076,1.1069453,3.2451944,1714
3148,0.009802472260715771,1.7891854,6.593924,9217
3149,0.0005041089130497206,2.6838412,9.626828,474
3150,0.0005211252476674328,1.5762798,5.4435253,490
3151,0.0018356370968856917,3.541523,11.547401,1726
3152,0.006645942189130178,2.7814279,12.016663,6249
3153,0.004390214331369719,2.025128,8.174398,4128
3154,0.0005083629967041487,2.1400793,11.988751,478
3155,0.0012719710126739788,1.9857551,7.6086545,1196
3156,0.0014081016896156755,1.8224325,7.235923,1324
3157,0.0013783231040346792,2.8008616,10.560212,1296
3158,0.001712268670907279,1.8332108,10.491055,1610
3159,0.0005955717116199232,1.9225008,11.8054905,560
3160,0.01063733617789727,3.1176643,15.52166,10002
3161,0.00033926317144063477,1.7643846,7.14071,319
3162,0.0025630854017928834,2.2784386,10.889363,2410
3163,0.00112945921025064,1.833856,6.576399,1062
3164,0.0015623122220886913,1.4923722,4.417912,1469
3165,0.00028821416758749853,2.8337502,14.202563,271
3166,0.004556123593892412,2.385449,9.007176,4284
3167,0.000950787696764663,1.3410101,4.461289,894
3168,0.0028895863222702343,1.75802,7.0943856,2717
3169,0.0064662071547305945,3.4319527,11.627301,6080
3170,0.0013815136667755003,3.0556219,12.751649,1299
3171,0.0005243158104082538,2.337778,7.9341154,493
3172,0.0003945662589481991,1.5497729,4.2400203,371
3173,0.0009720581150368031,1.8596056,9.123496,914
3174,0.004344482932084618,3.0503905,10.935098,4085
3175,0.00027864247936503547,1.9986064,9.293814,262
3176,0.0029459529306914054,2.484115,9.3132715,2770
3177,0.001899448351702112,3.060892,13.101181,1786
3178,0.003436236071864235,1.2759118,3.6676922,3231
3179,0.001153920191263601,2.4123394,9.5072365,1085
3180,0.001896257788961291,2.3019304,10.11668,1783
3181,0.0021897895611168246,1.6823105,5.3355284,2059
3182,0.0009699310732095892,1.702499,7.4275312,912
3183,0.009117564792352859,8.141747,19.651966,8573
3184,0.0011794446931901693,2.1707144,9.931059,1109
3185,0.0005072994757905416,1.4882804,5.1087217,477
3186,0.0015293430737668742,2.8318465,10.432865,1438
3187,0.00021589474546222215,2.7245731,11.336,203
3188,0.0017154592336481001,1.5246432,5.512617,1613
3189,0.0017377931728338471,2.3696506,8.703188,1634
3190,0.001510199697321948,1.8705885,7.258645,1420
3191,0.001710141629080065,4.0170846,15.461273,1608
3192,8.401815217495345e-05,1.2722654,3.6539595,79
3193,0.0030118912273350397,2.0753152,7.2624803,2832
3194,0.006207771572724092,2.900553,16.348711,5837
3195,0.0008486896890583904,2.2291772,11.415112,798
3196,0.0010199165561491183,1.8393016,5.9413238,959
3197,0.0025747841318425604,3.2599852,21.75746,2421
3198,0.0007061778866350517,1.7138591,6.987958,664
3199,0.004200907608747672,2.1172378,7.8127522,3950
3200,0.0019164646863198242,1.8473561,6.7111545,1802
3201,0.001293241430946119,3.2942288,10.884743,1216
3202,0.0010709655600022547,1.6668489,7.237394,1007
3203,0.0008135934989093593,1.9499576,7.5793133,765
3204,0.00854539054083229,1.7043335,6.9718037,8035
3205,0.00889316187958178,1.8360093,6.804074,8362
3206,0.0011209510429417838,3.6002872,15.132593,1054
3207,0.0005019818712225067,1.6203539,5.9096026,472
3208,0.001700569940857602,4.5853806,14.756371,1599
3209,0.0003052305022052106,2.1222007,8.581183,287
3210,0.00017973503439958394,1.8546536,7.5442567,169
3211,0.0006721452173996276,1.8740882,8.758257,632
3212,0.00047964793203675955,1.8474666,9.089103,451
3213,0.000578555377002211,1.8781458,9.226934,544
3214,0.004670983852561969,3.1049623,12.251165,4392
3215,0.019667692255334355,3.0044193,11.30226,18493
3216,0.001896257788961291,2.079471,8.02611,1783
3217,0.00017654447165876293,1.3402467,4.536263,166
3218,0.00011486025866955661,1.4395708,3.420069,108
3219,0.0006647005710043785,1.7408606,4.8231583,625
3220,0.0032979783530953243,5.0394254,16.617012,3101
3221,0.0007189401375983358,2.366528,9.587636,676
3222,0.00042540836544280227,1.1629534,3.1088476,400
3223,0.0004924101830000436,1.8313478,6.904314,463
3224,0.001690998252635139,4.0189385,13.2503805,1590
3225,0.0013464174766264691,3.7466657,14.654263,1266
3226,2.9778585580996157e-05,1.1267301,2.0004327,28
3227,0.001151793149436387,2.3850677,14.322215,1083
3228,0.0007508457650065459,1.5182823,5.5681677,706
3229,0.002804504649181674,2.5413182,9.717695,2637
3230,0.0008593248981944605,1.8896858,6.7708545,808
3231,0.0010167259934082975,1.7421677,7.478445,956
3232,0.003789325015181761,1.7181205,5.5244694,3563
3233,0.13795142474579192,2.3069735,10.553328,129712
3234,0.0006296043808553473,1.9173726,9.769544,592
3235,0.00266731045132637,2.0254085,7.6311455,2508
3236,0.003238421181933332,2.6194875,10.482449,3045
3237,0.004889005639851405,2.5361724,8.9531975,4597
3238,0.004702889479970179,2.5350926,9.587073,4422
3239,0.0006051433998423862,2.676574,7.879695,569
3240,0.0007008602820670168,1.7788345,6.724436,659
3241,0.0011730635677085271,2.008763,8.459981,1103
3242,0.000550903833248429,2.3900383,10.355536,518
3243,0.0013878947922571422,1.535675,5.717229,1305
3244,0.00428705280274984,1.6807809,6.885139,4031
3245,0.005514355937052324,2.5641837,10.746703,5185
3246,0.00149531040453145,1.7394822,9.424727,1406
3247,0.0006423666318186314,2.0113287,8.851276,604
3248,0.011002123851264473,2.1151516,7.9108353,10345
3249,0.00413071522844961,3.4365637,12.532161,3884
3250,0.000566856646952534,1.8668734,7.505444,533
3251,0.001299622556427761,1.3357154,5.2133307,1222
3252,0.0007838149133283631,2.061881,10.002374,737
3253,0.002481194291445144,3.855059,14.607623,2333
3254,0.00040520146808426915,1.9240706,10.259438,381
3255,0.00023822868464796926,2.6320918,9.744428,224
3256,0.015910272867560804,2.2250998,6.069237,14960
3257,0.002686453827771296,2.914842,9.657395,2526
3258,0.0012060327160303443,1.8948026,7.5993657,1134
3259,0.00029353177215553356,1.814621,6.1375785,276
3260,0.004249829570773594,1.997021,7.5665464,3996
3261,0.0036914810911299165,1.8744221,8.009003,3471
3262,0.0007699891414514721,1.5389047,4.7211843,724
3263,0.00047964793203675955,1.9466087,8.976338,451
3264,0.003946726110395598,3.429859,12.581138,3711
3265,0.0011581742749180292,1.7567377,6.1929717,1089
3266,0.0006955426774989817,2.4897525,10.203953,654
3267,0.00019781488993090305,1.5925084,6.0843368,186
3268,0.02230841468382055,1.6815652,6.3464203,20976
3269,0.00021589474546222215,2.9784544,12.477542,203
3270,0.0018218113250088007,2.3593912,14.680982,1713
3271,0.0043083232210219796,3.6863093,11.702962,4051
3272,0.0016282505187323257,1.7983732,9.89347,1531
3273,0.0029565881398274756,1.6012398,6.050465,2780
3274,0.0006338584645097753,2.4006581,11.415233,596
3275,0.0006072704416696002,1.5611942,8.1142435,571
3276,0.003384123547097492,4.0042067,14.229537,3182
3277,0.0016154882677690415,3.6722891,16.369555,1519
3278,0.0006179056508056703,1.7369709,5.5856247,581
3279,7.444646395249039e-06,0.9703448,1.4871497,7
3280,0.001147539065781959,2.049957,8.211302,1079
3281,0.004757129046564136,2.1137211,9.862185,4473
3282,0.002797060002786425,3.3389442,13.471255,2630
3283,0.0003498983805767048,2.277665,11.783883,329
3284,0.0002052595363261521,1.5012227,4.3531756,193
3285,0.0035298259122616515,1.8915515,7.5120554,3319
3286,0.004197717046006851,1.4421645,4.308257,3947
3287,0.022277572577325946,5.2239385,12.588143,20947
3288,0.0008901670046890637,2.9103088,10.601451,837
3289,0.00116136483765885,1.355606,5.601042,1092
3290,0.003610653501695784,2.7123654,10.222855,3395
3291,0.0017665082375012363,2.3884478,8.731067,1661
3292,0.0013793866249482863,1.5514736,5.4375944,1297
3293,0.019345445418511433,1.5896964,4.4900727,18190
3294,0.0023525082608986964,3.2055204,13.130826,2212
3295,0.0025896734246330586,4.958398,14.09216,2435
3296,0.00046475863924626146,1.6702534,7.7491913,437
3297,0.0008061488525141102,1.6676325,7.362088,758
3298,0.0023663340327755877,5.426726,16.248602,2225
3299,0.0035255718286072235,2.2582188,8.896414,3315
3300,0.006903314250223074,2.01563,8.163275,6491
3301,0.0010305517652851885,1.278896,5.127698,969
3302,0.0010964900619288228,2.1679246,11.745512,1031
3303,0.00406690397363319,1.6983932,6.006153,3824
3304,0.0018154301995271585,2.1916769,7.221504,1707
3305,0.000947597134023842,1.7162637,4.7203674,891
3306,0.0016580291043133218,3.186024,10.242295,1559
3307,0.0015591216593478703,4.265165,16.159842,1466
3308,0.0015601851802614774,2.1745677,8.577628,1467
3309,0.0008008312479460752,1.7444104,7.349927,753
3310,0.00920264646544142,2.9098182,10.955958,8653
3311,0.000563666084211713,2.0492542,6.4763303,530
3312,0.0006657640919179855,1.8769318,7.3678055,626
3313,0.0007987042061188613,2.0204134,9.173471,751
3314,0.005072994757905417,2.9028146,9.352018,4770
3315,0.030805946783540525,1.1965513,4.451593,28966
3316,0.0027258041015747556,2.3125644,9.060401,2563
3317,0.003468141699272445,2.704044,9.6788645,3261
3318,0.0003605335897127749,1.6640295,4.7620907,339
3319,0.0021951071656848595,1.9207457,8.198299,2064
3320,0.0023471906563306616,2.2778604,9.395283,2207
3321,0.004971960271112751,2.7717052,9.843407,4675
3322,0.0015357241992485162,1.6621964,5.7257013,1444
3323,0.0036797823610802394,2.7195766,8.423778,3460
3324,0.0007891325178963982,1.5224317,4.13127,742
3325,0.0005221887685810398,1.6642296,5.217924,491
3326,0.0005147441221857907,1.5186546,5.2673745,484
3327,0.0002265299545982922,2.204192,8.623184,213
3328,0.00022865699642550622,2.3029664,12.618461,215
3329,0.0007231942212527639,1.6042984,5.5532794,680
3330,0.000938025445801379,2.2592518,10.103063,882
3331,0.00039031217529377106,1.6960082,6.258395,367
3332,0.0029289365960736935,1.6464008,7.3914685,2754
3333,0.020988585230034256,3.5783498,14.110387,19735
3334,0.0079700257265709,2.2385132,8.66748,7494
3335,0.03932368578061903,1.2762179,4.1583066,36975
3336,0.0002828965630194635,2.2331367,12.085457,266
3337,0.0009252631948380949,2.0036106,8.044812,870
3338,0.0006072704416696002,1.494584,6.259096,571
3339,0.007086239847363478,1.6305603,6.3753805,6663
3340,0.004982595480248821,2.4287472,10.559028,4685
3341,0.005269746126922713,2.6754262,10.993085,4955
3342,0.0010996806246696437,2.9718678,14.462064,1034
3343,0.0012060327160303443,1.6823217,5.8602505,1134
3344,0.0013708784576394303,1.6414152,6.4351554,1289
3345,0.0013623702903305742,2.0852897,8.541003,1281
3346,0.00244716162220972,2.1531227,8.739317,2301
3347,0.00042647188635640927,1.8175602,9.43634,401
3348,0.051203214385609284,1.8136662,11.656021,48145
3349,0.0033139311667994297,3.480698,14.142044,3116
3350,0.0058855247359011695,2.5217843,10.370475,5534
3351,0.0021281053481276182,2.015088,8.473464,2001
3352,0.004627379495104082,1.9136051,8.1523285,4351
3353,0.003187372178080196,2.5974724,10.958322,2997
3354,0.0014729764653457027,3.044763,10.87576,1385
3355,0.004467851358063031,4.2696533,12.000102,4201
3356,0.004277481114527377,1.5095237,5.688884,4022
3357,0.0017824610512053413,1.8161358,5.735864,1676
3358,0.0009241996739244878,2.2140548,8.896724,869
3359,0.006266265222972477,2.2299645,8.094489,5892
3360,0.0029066026568879463,2.8223066,15.908148,2733
3361,0.00025099093561125333,1.9169629,7.2849994,236
3362,0.0001520834906458018,1.9660152,9.58171,143
3363,0.0030842106494603162,3.3122857,11.939735,2900
3364,0.000947597134023842,1.7095559,5.7492976,891
3365,0.001493183362704236,3.7629468,13.733795,1404
3366,0.002338682489021805,2.092157,13.54301,2199
3367,0.00019249728536286802,1.6526282,6.392578,181
3368,0.0005838729815702461,2.0520322,9.919083,549
3369,0.001318765932872687,2.0331337,7.716702,1240
3370,0.006617227124462789,1.3321372,3.9586751,6222
3371,0.0021685191428446843,2.0330966,7.356895,2039
3372,0.00021270418272140114,2.3163586,8.695435,200
3373,0.002264236025069315,2.9751608,12.250518,2129
3374,0.000189306722622047,1.3913393,5.224786,178
3375,0.005218697123069577,2.512829,11.071252,4907
3376,0.0008093394152549313,1.7263805,9.030462,761
3377,0.0010773466854838967,2.4236615,9.518029,1013
3378,0.0019792124202226377,3.6099277,14.486042,1861
3379,0.0020281343822485596,1.7057763,4.7829027,1907
3380,0.003645749691844815,2.450809,9.323134,3428
3381,0.0014878657581362008,1.3166323,3.6391547,1399
3382,0.0035011108475942626,1.901026,8.071939,3292
3383,6.381125481642034e-05,1.3950876,5.447194,60
3384,0.004345546452998225,2.70352,14.190705,4086
3385,0.0017388566937474542,2.2228854,9.077355,1635
3386,0.003012954748248647,1.7924588,5.7442346,2833
3387,0.0024939565424084284,2.178746,12.986198,2345
3388,0.004000965676989555,3.7657578,13.1348915,3762
3389,0.002215314063043393,2.4138265,9.691496,2083
3390,0.0005285698940626817,2.197578,6.811064,497
3391,0.0010273612025443674,2.300078,9.919122,966
3392,0.0016676007925357848,2.2062948,10.564455,1568
3393,0.005258047396873036,2.365476,10.974751,4944
3394,0.0018611615988122598,1.5014778,3.8173368,1750
3395,0.0023748422000844436,2.9379308,9.587029,2233
3396,0.0011624283585724572,1.5888671,5.0527043,1093
3397,0.0010996806246696437,1.8390504,7.339127,1034
3398,0.0014112922523564966,2.701224,9.159629,1327
3399,0.0008678330655033166,1.6854727,4.7916293,816
3400,0.031838625590652925,1.3882431,4.5783315,29937
3401,6.700181755724135e-05,1.2472185,3.366488,63
3402,0.0029310636379009077,5.5396037,14.561125,2756
3403,0.0067374049877003805,2.511153,10.57924,6335
3404,0.0011730635677085271,2.2416945,8.737565,1103
3405,0.005368653571888165,1.7021827,7.1728363,5048
3406,0.0016388857278683956,2.1005208,8.222256,1541
3407,0.002443971059468899,1.9249007,8.8117075,2298
3408,0.0008061488525141102,1.9351125,8.921451,758
3409,0.00012655898871923366,1.898388,6.5355024,119
3410,1.5952813704105085e-05,1.2587131,1.8854212,15
3411,0.004711397647279035,2.507308,10.001018,4430
3412,0.0015197713855444111,2.186503,8.426234,1429
3413,0.0012581452407970876,2.7316697,12.331113,1183
3414,0.0013772595831210723,2.018482,9.041918,1295
3415,0.00035415246423113286,1.9495224,8.924291,333
3416,0.0014368167542830647,4.6632376,17.137615,1351
3417,0.002093009157978587,1.9616202,9.147961,1968
3418,0.008104029361685383,1.9867755,7.2355847,7620
3419,0.0003254373995637437,1.9136819,8.858347,306
3420,0.002670501014067191,1.5287381,5.509364,2511
3421,0.0093058079940613,2.2995186,9.171815,8750
3422,0.0069830783187435986,3.5159132,12.871611,6566
3423,0.0012900508682052979,2.7262468,10.163424,1213
3424,0.0023620799491211597,1.5218697,7.1637583,2221
3425,0.0010922359782743949,1.7899852,7.9854164,1027
3426,0.02320815337673208,2.6058857,13.212139,21822
3427,0.006331139998702505,2.5597131,10.16731,5953
3428,0.0024705590823090743,1.3050808,3.9286804,2323
3429,0.007592475802240413,1.8050084,9.679989,7139
3430,0.0006402395899914174,1.8161104,6.746964,602
3431,0.0002839600839330705,1.9077933,8.314457,267
3432,0.002451415705864148,3.9756508,12.012619,2305
3433,0.0014602142143824188,2.8173413,12.245283,1373
3434,0.0017611906329332012,2.2057028,9.691646,1656
3435,0.0009093103811339898,2.350596,9.236337,855
3436,0.002610943842905199,3.5590458,14.301992,2455
3437,0.0015931543285832945,1.6527545,5.4755487,1498
3438,0.0009220726320972738,1.623828,7.586467,867
3439,0.006250312409268372,2.7977922,8.911385,5877
3440,0.000746591681352118,2.8635275,14.478035,702
3441,0.0002616261447473234,2.022224,10.464776,246
3442,0.0031522759879311648,3.5790935,11.528021,2964
3443,0.004121143540227147,1.7432089,7.191392,3875
3444,0.012137964186996756,1.6426785,9.6157255,11413
3445,0.0008338003962678924,1.6023468,10.015414,784
3446,0.0004094555517386972,1.9090891,10.374398,385
3447,0.006348156333320217,2.3557332,9.193167,5969
3448,0.0027364393107108254,3.0678635,11.876295,2573
3449,0.002420573599369545,1.8559613,10.5403595,2276
3450,0.0006700181755724136,1.9160291,8.589175,630
3451,0.0009635499477279471,1.7607191,5.698106,906
3452,0.00613013454603078,1.525855,6.908666,5764
3453,0.0006381125481642034,1.7611276,6.001524,600
3454,0.0009188820693564529,2.2673635,6.8334336,864
3455,0.0019664501692593533,1.9364473,7.9693193,1849
3456,0.004962388582890288,1.4997813,6.3931313,4666
3457,0.000187179680794833,1.7722275,5.972686,176
3458,0.0009273902366653089,1.6306989,7.363833,872
3459,0.0008997386929115267,1.497447,5.851898,846
3460,0.001684617127153497,2.5048275,10.037256,1584
3461,0.0017899056976005904,4.086351,13.489579,1683
3462,0.0003339455668725998,1.9607688,9.279944,314
3463,0.0015612487011750842,1.9310446,7.4345503,1468
3464,0.0008518802517992115,2.1213078,8.995467,801
3465,0.000936961924887772,2.763081,7.9383864,881
3466,0.0019536879182960694,4.130632,12.856709,1837
3467,0.000193560806276475,1.6238407,6.7588916,182
3468,0.00010635209136070057,1.5216864,4.2023673,100
3469,0.0007678620996242581,1.6989837,9.332879,722
3470,0.0005594120005572849,1.8451113,7.022051,526
3471,0.00020313249449893807,1.4595482,3.6904795,191
3472,0.0005860000233974601,2.1233697,7.5261407,551
3473,9.252631948380949e-05,1.4043797,4.184968,87
3474,0.0007646715368834371,1.3738216,4.0764008,719
3475,0.0010613938717797917,1.4738673,5.44851,998
3476,0.005482450309644114,2.6020901,9.530453,5155
3477,0.004606109076831942,2.0799599,8.08311,4331
3478,0.0003137386695140667,2.2458687,11.843954,295
3479,0.0036085264598685702,1.3829588,4.651851,3393
3480,0.0001499564488185878,1.2696643,3.0662017,141
3481,0.0014559601307279908,2.2738593,8.429112,1369
3482,0.00014676588607776678,1.2911202,2.5265348,138
3483,0.0002446098101296113,1.6825354,6.8598957,230
3484,0.0023705881164300157,1.623268,7.4565315,2229
3485,0.0025758476527561677,2.1295538,7.31303,2422
3486,0.0010433140162484724,1.4953786,5.8103943,981
3487,0.0003605335897127749,2.0214975,6.4431853,339
3488,0.0005136806012721837,1.9857376,7.436266,483
3489,0.000374359361589666,1.8592753,7.708091,352
3490,0.09620610184488973,2.6077456,12.140598,90460
3491,0.0006923521147581607,1.9293587,6.1021857,651
3492,0.0007412740767840829,1.43024,4.379927,697
3493,7.231942212527638e-05,1.7746352,4.6254206,68
3494,0.0031767369689441258,3.9546487,15.129456,2987
3495,0.003018272352816682,1.4084622,5.150722,2838
3496,0.0018367006177992986,1.7061051,6.4082117,1727
3497,0.0025524501926568136,3.2634337,10.51248,2400
3498,0.00016484574160908588,1.444169,7.411948,155
3499,0.0003573430269719539,1.3132522,3.8112988,336
3500,0.0036234157526590684,3.0409472,11.25191,3407
3501,0.0022099964584753576,2.888403,11.06037,2078
3502,0.0036712741937713835,2.6211154,14.457646,3452
3503,0.0073904068286550825,3.2306898,10.401732,6949
3504,0.0006455571945594524,2.126081,8.325054,607
3505,0.00011486025866955661,2.0458255,8.691475,108
3506,0.0019866570666178863,1.6235454,5.893717,1868
3507,0.003017208831903075,2.8306694,11.220451,2837
3508,0.003947789631309205,1.9348091,6.781635,3712
3509,0.0026949619950801524,4.320022,14.311153,2534
3510,0.0008104029361685383,1.7118056,6.300788,762
3511,0.0018526534315034039,3.2295072,12.095447,1742
3512,0.0011762541304493482,1.762915,5.7747116,1106
3513,0.004944308727358969,3.4199255,13.751634,4649
3514,0.002450352184950541,3.8244205,15.008947,2304
3515,0.0020047369221492055,2.7013984,11.165269,1885
3516,0.0010847913318791458,1.7092743,5.55737,1020
3517,0.00033819965052702777,2.17275,11.755134,318
3518,0.00021270418272140114,2.220625,13.263242,200
3519,0.0007008602820670168,1.6760209,8.436389,659
3520,0.0007221307003391569,2.4070868,10.291557,679
3521,0.0010571397881253635,2.569261,10.858556,994
3522,0.0029406353261233705,2.0140026,6.8512793,2765
3523,0.00131770241195908,1.9785455,7.1527143,1239
3524,0.0004764573692959385,1.9300222,10.368198,448
3525,0.00039137569620737806,1.9203032,12.951282,368
3526,0.002883205196788592,2.4647696,9.744595,2711
3527,0.0012347477806977335,1.7818508,6.7550898,1161
3528,0.0028927768850110554,2.830817,9.735215,2720
3529,0.0027077242460434364,2.3225021,7.5268545,2546
3530,0.002449288664036934,2.7080495,9.010044,2303
3531,0.0014517060470735626,1.9206821,5.5998454,1365
3532,0.00758290411401795,3.6743555,12.744319,7130
3533,0.00033181852504538575,1.3348523,3.2593591,312
3534,0.12932414309461188,6.267057,15.165359,121600
3535,0.0014740399862593098,1.3706229,4.287939,1386
3536,0.0008954846092570988,1.353632,5.7549987,842
3537,0.003006573622767005,2.442811,11.928935,2827
3538,0.002986366725408472,1.9795586,7.550992,2808
3539,0.0010475680999029006,2.050716,8.863669,985
3540,0.0037223231976245197,2.2412975,8.251633,3500
3541,0.003830802330812434,2.77988,9.5442095,3602
3542,0.00114009441938671,2.0599258,11.232819,1072
3543,0.0004839020156911876,1.6860259,10.753958,455
3544,0.0019653866483457464,3.8903298,13.648589,1848
3545,0.0009656769895551611,1.5508642,7.732986,908
3546,0.0008933575674298848,2.0228353,6.7106156,840
3547,0.0016761089598446408,3.2417288,13.189217,1576
3548,0.0005923811488791021,2.0326443,7.5746727,557
3549,0.003539397600484115,3.4327524,14.675829,3328
3550,0.0014495790052463486,2.1939385,10.509538,1363
3551,0.012901572202966585,1.675261,6.5261045,12131
3552,0.00022546643368468518,1.5217991,4.081786,212
3553,0.003230976535538083,2.5153832,8.651978,3038
3554,0.00339901283988799,3.2981248,11.688544,3196
3555,0.004912403099950759,3.1400778,14.389507,4619
3556,0.001343226913885648,2.1412265,8.523202,1263
3557,0.002864061820343666,3.0808775,12.183714,2693
3558,0.00281301281649053,3.624424,12.611142,2645
3559,0.00036691471519441696,1.8761201,10.83933,345
3560,0.02052595363261521,2.775214,10.70748,19300
3561,0.0003403266923542418,1.8197317,6.609577,320
3562,0.0010890454155335738,3.851565,15.850589,1024
3563,5.5303087507564294e-05,1.5999696,3.2372885,52
3564,0.002286569964255062,2.0695703,8.378355,2150
3565,0.0001701633461771209,2.0662441,9.9863205,160
3566,0.0038914230228880337,3.0510623,11.266116,3659
3567,0.011673205547750493,1.8796388,7.334037,10976
3568,3.403266923542418e-05,1.4532939,2.4997919,32
3569,0.0033628531288253517,1.9018655,10.106586,3162
3570,0.002459923873173004,2.9765117,10.414207,2313
3571,0.0004775208902095455,1.8705325,8.434143,449
3572,0.001698442899030388,2.628005,9.909626,1597
3573,0.005640914925771558,2.940576,20.179491,5304
3574,0.0004615680765054404,2.261287,13.19714,434
3575,0.0023120944661816304,2.8073995,16.262413,2174
3576,0.0003211833159093157,2.0883179,9.065911,302
3577,0.0008316733544406784,1.9444585,7.2686114,782
3578,0.0021993612493392874,3.9853635,14.554903,2068
3579,0.0012581452407970876,1.4875739,5.0617957,1183
3580,0.002050468321434307,3.2740092,14.684952,1928
3581,0.00016271869978187186,1.581142,4.6466637,153
3582,0.0012347477806977335,1.7612451,5.9736567,1161
3583,0.0006381125481642034,2.219086,12.368597,600
3584,0.002116406618077941,4.0750456,13.615935,1990
3585,0.0032490563910694023,2.3765383,9.571671,3055
3586,0.0012772886172420137,1.8367999,8.024334,1201
3587,0.0003573430269719539,1.5697222,6.045655,336
3588,0.009808853386197414,2.051306,7.9533534,9223
3589,9.46533613110235e-05,1.6946964,5.6225467,89
3590,0.002052595363261521,2.5954552,9.884085,1930
3591,0.00324267526558776,2.6287405,12.982992,3049
3592,0.0014570236516415977,2.0859022,10.326472,1370
3593,0.00020313249449893807,1.8011024,7.277056,191
3594,0.0009699310732095892,1.8442419,6.3094783,912
3595,0.0016537750206588938,1.2453892,5.1100135,1555
3596,0.0008933575674298848,2.5783498,10.012258,840
3597,0.020544033488146526,2.8430781,10.349745,19317
3598,0.002246156169537996,1.5077736,6.2312975,2112
3599,0.005266555564181892,2.9943366,11.411939,4952
3600,0.0027428204361924675,4.4660544,13.408403,2579
3601,0.0009731216359504101,2.1873257,7.9872456,915
3602,0.00047964793203675955,1.8532338,6.088164,451
3603,0.000940152487628593,2.0967457,8.881852,884
3604,0.002097263241633015,1.4221274,3.853543,1972
3605,0.0013698149367258232,1.798321,8.055502,1288
3606,0.010988298079387582,4.343276,15.3694315,10332
3607,0.0010273612025443674,1.6575534,5.8258753,966
3608,0.0010996806246696437,2.2429013,8.711949,1034
3609,0.0016218693932506835,2.4729354,8.590192,1525
3610,0.01856801163066471,2.322064,9.0393915,17459
3611,0.0035447152050521497,3.9905484,12.860801,3333
3612,0.00285555365303481,1.3726934,4.584211,2685
3613,0.003372424817047815,3.0727537,11.433012,3171
3614,0.0015952813704105085,3.0390794,11.085291,1500
3615,0.003286279623045647,2.290238,8.442281,3090
3616,0.0036904175702163096,3.318146,9.527329,3470
3617,5.6366608421171295e-05,0.93789124,1.8474153,53
3618,0.00203876959138463,3.2832453,15.682855,1917
3619,0.0036478767336720294,4.9390826,13.308175,3430
3620,3.084210649460316e-05,1.0648417,1.8187966,29
3621,6.168421298920632e-05,1.0848328,2.9251354,58
3622,0.0017335390891794191,1.8352866,6.045858,1630
3623,0.0005828094606566391,1.6391085,5.443287,548
3624,0.00019675136901729605,2.0994391,11.343242,185
3625,5.104900385313627e-05,1.2424299,2.657907,48
3626,0.0022812523596870272,3.4386783,13.537095,2145
3627,0.012512323548586422,1.684025,6.835687,11765
3628,0.003914820482987387,3.0795202,9.741033,3681
3629,0.00019781488993090305,1.3357515,2.4854965,186
3630,0.005582421275523173,2.911916,11.558946,5249
3631,0.0018526534315034039,4.5985136,13.067913,1742
3632,0.0015835826403608315,1.8739182,7.213786,1489
3633,0.004394468415024147,1.7432276,7.120737,4132
3634,0.02798336227882753,1.1567515,3.638842,26312
3635,0.0011092523128921068,1.8934101,7.546688,1043
3636,0.00749037779453414,2.167998,8.388859,7043
3637,0.0008912305256026707,1.6648264,5.835777,838
3638,0.006804406805257622,1.9284885,9.311284,6398
3639,0.0012889873472916908,1.9524702,8.383472,1212
3640,7.125590121166937e-05,1.2593973,3.9994385,67
3641,0.0008646425027624956,1.3109866,6.3581123,813
3642,0.0005966352325335302,1.593672,5.0780807,561
3643,0.0018175572413543727,2.4016268,12.875447,1709
3644,0.0028704429458253082,4.9863787,12.683261,2699
3645,0.004426374042432357,2.094279,8.136349,4162
3646,0.008561343354536396,2.2586453,8.443283,8050
3647,0.014254370805074697,3.1002715,12.525885,13403
3648,0.0021653285801038636,4.8459396,14.881964,2036
3649,0.002397176139270191,1.421001,4.7491207,2254
3650,0.0013719419785530372,1.6900872,6.557547,1290
3651,0.0012464465107474105,2.6018348,9.646021,1172
3652,0.0038425010608621113,2.3146577,7.524226,3613
3653,0.0021312959108684393,3.3938875,12.668251,2004
3654,0.005563277899078246,3.4409606,17.216436,5231
3655,0.0004477423046285494,2.7995448,11.925857,421
3656,0.006250312409268372,2.3925557,9.340787,5877
3657,0.0013538621230217182,1.3307276,5.734986,1273
3658,0.0008263557498726433,2.752931,13.285149,777
3659,0.0023652705118619804,3.7791471,15.156262,2224
3660,0.000553030875075643,2.1329327,9.670024,520
3661,0.0014198004196653525,1.6684575,9.940136,1335
3662,0.0007689256205378651,2.5070386,8.930076,723
3663,0.0014134192941837106,2.4792044,10.072755,1329
3664,0.0011932704650670603,1.8310424,7.3377876,1122
3665,0.009836504929951195,2.0469086,11.132973,9249
3666,0.0014814846326545589,2.4065099,7.9193063,1393
3667,0.0008827223582938147,1.8866037,9.656938,830
3668,0.0025418149835207435,2.8706806,9.662191,2390
3669,0.005411194408432444,2.893364,9.9159,5088
3670,0.0027034701623890084,1.9234529,7.348786,2542
3671,0.0020494048005207,4.522137,15.078304,1927
3672,0.024618382108174967,1.8195646,5.6052155,23148
3673,0.001325147058354329,1.4061936,6.139465,1246
3674,0.013316345359273318,1.557333,5.6844397,12521
3675,0.004430628126086786,2.1617222,8.181318,4166
3676,0.006654450356439034,2.4466293,10.843515,6257
3677,0.001692061773548746,2.9696193,10.085483,1591
3678,0.00019143376444926102,2.2017262,11.117969,180
3679,0.0006902250729309467,1.4687903,6.246958,649
3680,0.0016410127696956096,3.363556,13.902352,1543
3681,0.0002531179774384673,1.7595613,5.845749,238
3682,0.005249539229564179,5.011692,17.14264,4936
3683,0.0017292850055249912,2.9540904,12.354644,1626
3684,0.0019664501692593533,2.3276715,9.887018,1849
3685,0.0009954555751361574,2.609745,11.065906,936
3686,0.000565793126038927,2.4622204,7.3169265,532
3687,0.0016378222069547887,1.889763,6.896889,1540
3688,0.001101807666496858,2.053152,9.24628,1036
3689,0.0015431688456437652,1.6370775,5.9500275,1451
3690,0.000761480974142616,1.6945661,6.536446,716
3691,0.001154983712177208,1.8206869,9.197535,1086
3692,0.0030980364213372075,1.4865636,8.145047,2913
3693,0.006125880462376353,2.0367866,8.497375,5760
3694,0.002266363066896529,3.473629,14.771017,2131
3695,0.007586094676758771,2.4456947,9.3601465,7133
3696,0.0035096190149031185,2.5154846,8.248031,3300
3697,0.002676882139548833,2.3728802,11.117592,2517
3698,0.0003350090877862068,1.6734093,5.6707025,315
3699,0.0068533287672835445,2.2067413,10.013589,6444
3700,0.01982934743420262,2.332512,12.275878,18645
3701,0.0019292269372831081,1.6183671,5.125763,1814
3702,0.0008699601073305306,1.7841706,5.992548,818
3703,0.004665666247993933,2.3924818,11.279057,4387
3704,0.0008571978563672465,1.9024826,7.6671596,806
3705,0.0006721452173996276,1.9546617,6.510806,632
3706,0.0016112341841146135,2.1982138,8.68573,1515
3707,0.0012655898871923366,1.3110583,5.659916,1190
3708,0.0012740980545011928,2.2420933,8.101884,1198
3709,0.0021876625192896104,2.4325528,8.767311,2057
3710,0.0005136806012721837,1.4912875,7.5108705,483
3711,0.0004690127229006895,1.7933879,6.144484,441
3712,1.3825771876891073e-05,1.5372387,2.1390944,13
3713,0.006889488478346182,2.2971468,7.6470914,6478
3714,0.00042115428178837424,1.5700601,6.6479273,396
3715,0.0023918585347021556,2.9914894,9.453744,2249
3716,0.0013496080393672902,2.4740062,9.549225,1269
3717,0.008265684540553648,1.9198028,7.3134184,7772
3718,0.007181956729588109,2.3665204,9.452285,6753
3719,0.013614131215083279,2.0375555,9.481,12801
3720,0.0047847805903179184,1.7425917,6.7248774,4499
3721,0.0026885808695985103,1.9236584,7.430154,2528
3722,0.0013751325412938583,2.439186,9.943814,1293
3723,0.0013889583131707493,1.4684362,7.5478473,1306
3724,0.002068548176965626,2.6298764,10.485094,1945
3725,0.002018562694026097,2.8784678,11.303154,1898
3726,0.0003966933007754131,1.4832605,6.1604066,373
3727,0.0032969148321817174,3.0822885,13.102111,3100
3728,0.002235520960401926,3.6916292,15.42393,2102
3729,0.000378613445244094,1.7230098,5.1475754,356
3730,0.011620029502070143,1.6486896,6.6083736,10926
3731,0.003637241524535959,1.9107944,8.194403,3420
3732,0.004190272399611603,2.5435455,11.652755,3940
3733,0.002318475591663272,3.3761175,10.855016,2180
3734,0.0019345445418511432,2.2832928,6.5390143,1819
3735,0.09428325603308826,1.8841043,8.631285,88652
3736,0.0008774047537257796,2.4276497,9.6439705,825
3737,0.0012602722826243016,2.6326027,10.529387,1185
3738,0.004736922149205603,2.6955242,11.165982,4454
3739,0.001321956495613508,2.1351252,12.824648,1243
3740,0.00015421053247301582,2.4102647,12.821532,145
3741,0.00022546643368468518,1.2556581,3.8907344,212
3742,0.0034585700110499823,1.667481,6.547631,3252
3743,0.0004700762438142965,2.7309396,15.571926,442
3744,0.015280668486705456,6.9711614,17.287018,14368
3745,0.0011794446931901693,1.3950865,5.4939485,1109
3746,0.0013921488759115704,1.4209402,5.0513115,1309
3747,0.0004732668065551175,1.5690975,6.532781,445
3748,0.0034745228247540874,3.443167,15.49391,3267
3749,0.004879433951628942,2.6276171,11.361786,4588
3750,0.0026800727022896543,2.8415728,12.035554,2520
3751,0.0025705300481881324,3.9685802,16.450775,2417
3752,0.0012943049518597258,1.5736302,5.2115846,1217
3753,0.0005902541070518881,1.4739077,4.177601,555
3754,0.008681521217773987,1.966111,8.458794,8163
3755,0.0025364973789527086,2.0764117,10.634172,2385
3756,0.0008550708145400325,2.1763022,11.321683,804
3757,0.003203324991784301,2.808539,14.233636,3012
3758,0.0026003086337691287,1.7110193,5.729706,2445
3759,0.0004115825935659112,2.3746774,7.985203,387
3760,0.0004349800536652653,1.5433129,6.0114326,409
3761,0.0019653866483457464,1.3263478,4.5726733,1848
3762,0.009315379682283763,2.295758,10.42329,8759
3763,0.001511263218235555,2.6168728,9.467017,1421
3764,0.002112152534423513,2.3025608,7.8897076,1986
3765,0.001304940160995796,1.885808,7.313102,1227
3766,0.0019590055228641042,1.8719025,8.095395,1842
3767,0.0035287623913480446,3.0116465,12.20034,3318
3768,0.0012443194689201965,1.7534411,7.553186,1170
3769,0.0009603593849871261,1.804217,13.78831,903
3770,0.0019366715836783572,1.4137454,5.0634446,1821
3771,0.0012156044042528073,2.3140025,8.458196,1143
3772,0.00279174239821839,1.7070473,4.957819,2625
3773,0.0010433140162484724,2.929637,13.896769,981
3774,0.0007880689969827912,2.2371888,16.681738,741
3775,0.0009114374229612038,1.8054541,7.106826,857
3776,0.0036446861709312083,2.3710294,8.482086,3427
3777,0.0002903412094147125,2.4654393,9.239869,273
3778,0.001103934708324072,2.281947,9.668761,1038
3779,0.0009135644647884178,2.263127,9.199575,859
3780,0.0019643231274321395,3.8672953,13.725231,1847
3781,0.002851299569380382,4.5141916,15.991611,2681
3782,0.0023333648844537703,2.0763593,8.045663,2194
3783,0.004354054620307081,1.6459183,4.689311,4094
3784,0.00014676588607776678,3.260247,11.323006,138
3785,0.031026095612657175,1.7451706,7.1164036,29173
3786,0.007811561110443456,2.1063023,15.18605,7345
3787,0.008045535711436997,1.4671496,5.1620374,7565
3788,0.0023248567171449143,2.4032714,9.596411,2186
3789,0.019933572483736107,2.1353567,10.768665,18743
3790,0.00047858441112315255,1.889366,9.887562,450
3791,0.0008859129210346357,1.8526816,8.766471,833
3792,0.0021153430971643343,1.2732344,3.5079427,1989
3793,0.005514355937052324,2.8335254,8.867997,5185
3794,0.0013836407086027143,1.9377927,7.2579517,1301
3795,0.001504882092753913,1.7410071,5.905914,1415
3796,0.005819586439257535,1.2966602,4.230941,5472
3797,0.001890940184393256,4.0112147,11.612583,1778
3798,0.0015538040547798352,2.0449905,10.801795,1461
3799,0.003025716999211931,2.2263744,9.966317,2845
3800,0.0022302033558338906,3.8338318,12.154227,2097
3801,0.0010135354306674764,1.7139689,8.298595,953
3802,0.0041955900041796374,4.8464894,12.830546,3945
3803,0.0025652124436200976,3.6189282,12.341094,2412
3804,0.0007359564722160479,2.213533,12.825359,692
3805,0.007810497589529849,2.7604976,10.416094,7344
3806,0.0021344864736092604,1.6986545,7.513737,2007
3807,0.009615292579920939,1.3430444,3.9691768,9041
3808,0.0021706461846718985,1.546,5.909156,2041
3809,0.001700569940857602,3.0130756,9.096801,1599
3810,0.00021270418272140114,1.5229458,6.6518173,200
3811,0.002125978306300404,1.7778488,6.930971,1999
3812,0.00038286752889852204,1.6740984,6.082441,360
3813,0.00729894403008488,2.554566,10.459244,6863
3814,0.0017920327394278044,1.6677711,4.7339067,1685
3815,0.0011922069441534532,2.5240693,9.645107,1121
3816,0.0018749873706891509,2.890129,12.531992,1763
3817,0.0019696407320001744,1.4225645,4.325029,1852
3818,0.0010901089364471809,2.8512986,11.475323,1025
3819,0.002992747850890114,4.6024365,15.696111,2814
3820,0.001706951066339244,1.3686119,5.1572804,1605
3821,0.0007157495748575148,3.0693207,15.067671,673
3822,0.0006604464873499505,2.2768044,10.072672,621
3823,0.0006976697193261957,2.1214192,7.0614934,656
3824,0.004055205243583513,2.89821,10.052832,3813
3825,0.0001722903880043349,0.96516824,2.1111605,162
3826,0.002661992846758335,2.9627683,11.923389,2503
3827,0.02039407703932794,1.6987966,6.0998163,19176
3828,0.0010635209136070057,2.5658152,7.7711387,1000
3829,0.0005466497495940009,2.2913086,14.478666,514
3830,5.849365024838531e-05,1.1261123,2.525885,55
3831,0.0005179346849266117,1.7901568,8.311235,487
3832,0.0010837278109655387,1.836862,9.582333,1019
3833,0.0030778295239786745,2.1635826,10.158198,2894
3834,0.003762736992341586,1.3413103,4.9334817,3538
3835,0.0018537169524170108,1.6887969,6.8001976,1743
3836,0.0015920908076696874,1.5035377,4.2823753,1497
3837,0.0012262396133888775,1.5757025,6.027561,1153
3838,0.0007933866015508262,1.8993826,7.0053473,746
3839,0.0004998548293952927,1.8373442,8.143291,470
3840,0.004648649913376221,1.5411657,4.9166517,4371
3841,0.0004339165327516583,1.6126145,5.4556584,408
3842,0.006580003892486544,3.3428183,12.910497,6187
3843,0.01036401130310027,2.6978254,12.201411,9745
3844,0.0019494338346416414,1.8175564,6.799254,1833
3845,0.0006210962135464913,2.235122,9.787767,584
3846,0.00016590926252269287,1.9479663,6.1634793,156
3847,0.0020366425495574156,1.337668,5.147475,1915
3848,0.000748718723179332,1.5215513,3.7478008,704
3849,0.0023567623445531244,1.9868263,6.542186,2216
3850,0.0018069220322183025,3.1793532,12.205883,1699
3851,0.010140671911242799,2.9985468,8.8471985,9535
3852,0.004169001981339462,2.4097881,9.968228,3920
3853,0.0010262976816307605,2.2412374,8.47723,965
3854,0.0003254373995637437,1.4757788,7.3571897,306
3855,0.0008710236282441377,1.5750173,5.307979,819
3856,0.0009156915066156319,1.8419487,6.776915,861
3857,0.003618098148091033,1.4211612,5.9060845,3402
3858,0.004831575510516627,1.9497807,7.9724646,4543
3859,0.006698054713896922,2.2139776,13.5421295,6298
3860,0.0014676588607776678,2.2596285,9.555278,1380
3861,0.00048177497386397354,1.9714221,8.112994,453
3862,0.018105380033245664,4.169837,9.973724,17024
3863,0.00044986934645576337,2.2123802,9.34417,423
3864,0.00036159711062638193,1.6877013,5.1984835,340
3865,0.00031161162768685263,1.6539189,6.034027,293
3866,0.0015293430737668742,4.0464096,14.153596,1438
3867,0.0011720000467949202,1.8076754,5.919339,1102
3868,0.0016250599559915046,1.9516101,8.283068,1528
3869,0.0018526534315034039,1.6053258,5.1117163,1742
3870,0.0033500908778620678,2.307152,8.35929,3150
3871,0.00017867151348597695,1.6956793,5.9563947,168
3872,0.000938025445801379,1.967123,10.893681,882
3873,0.0025896734246330586,1.4438242,4.782949,2435
3874,0.0023588893863803386,3.1123888,13.399053,2218
3875,0.0009029292556523477,1.9199102,8.155801,849
3876,0.007661604661624868,2.472519,10.614302,7204
3877,0.058426648430828065,3.009859,16.950289,54937
3878,0.00151658082280359,2.9712076,12.190377,1426
3879,0.0010145989515810833,1.7072042,9.100588,954
3880,0.00693628339854489,2.3553047,9.699304,6522
3881,0.002105771408941871,2.839932,9.973806,1980
3882,0.000379676966157701,1.6874218,9.030268,357
3883,0.000580682418829425,1.6568903,5.03348,546
3884,0.0002765154375378215,2.2992463,10.387368,260
3885,0.001887749621652435,2.9178286,11.837053,1775
3886,0.0031150527559549194,3.1283169,11.745359,2929
3887,0.0012911143891189047,1.5696093,5.3411684,1214
3888,0.0016612196670541428,3.0044825,11.556286,1562
3889,0.000756163369574581,1.8845923,6.714987,711
3890,0.0004477423046285494,2.2047038,13.3057165,421
3891,0.002835346755676277,2.0993705,7.6075807,2666
3892,0.00035521598514473985,1.7771714,5.5766435,334
3893,0.001917528207233431,1.981704,10.997344,1803
3894,0.0008401815217495345,2.1248553,10.795755,790
3895,0.0005870635443110671,2.1408484,10.122108,552
3896,0.0014368167542830647,1.6813993,7.381459,1351
3897,0.0015846461612744383,1.6786327,5.018305,1490
3898,0.00044136117914690736,2.193994,10.276583,415
3899,0.0038733431673567144,3.336792,11.370483,3642
3900,0.0028693794249117013,4.009434,16.37085,2698
3901,0.0013751325412938583,2.164776,9.024212,1293
3902,0.0003647876733672029,1.9379547,9.467225,343
3903,0.0034458077600866984,2.6322868,10.208331,3240
3904,0.041581540680206704,1.7281609,5.9080095,39098
3905,0.004377452080406435,2.166091,8.819891,4116
3906,0.0027204864970067203,1.4151534,4.541974,2558
3907,0.0002520544565248603,2.4303396,9.049775,237
3908,0.0027449474780196813,3.5601614,9.880642,2581
3909,0.0013783231040346792,1.6816388,5.109332,1296
3910,0.002314221508008844,1.8952504,8.540213,2176
3911,0.00038393104981212904,2.256091,9.903565,361
3912,0.0004530599091965844,1.768708,8.095755,426
3913,0.0006668276128315925,1.4264104,5.672787,627
3914,0.004719905814587891,1.9127772,7.51083,4438
3915,0.000743401118611297,2.3084111,9.808728,699
3916,0.0004679492019870825,1.7440305,6.337316,440
3917,0.0015782650357927964,1.4852895,5.6983232,1484
3918,0.08040856219417127,1.4144255,5.188619,75606
3919,0.0006668276128315925,1.9636697,9.227397,627
3920,0.008291209042480216,3.100851,10.016373,7796
3921,0.0017718258420692714,3.5065281,10.672642,1666
3922,0.002014308610371669,2.3787389,8.863023,1894
3923,0.0022004247702528948,1.9046799,11.821484,2069
3924,0.0019377351045919643,1.7926173,6.3085446,1822
3925,0.00017441742983154891,1.0432701,2.2512352,164
3926,0.0025822287782378095,3.0425906,10.559437,2428
3927,0.0012070962369439514,2.315907,12.420841,1135
3928,0.00014251180242333874,2.1635468,5.9828963,134
3929,0.0013793866249482863,1.7538596,6.6310344,1297
3930,0.03848988538435114,3.5963407,14.703486,36191
3931,0.0037340219276741967,1.7214606,6.913173,3511
3932,0.0012943049518597258,1.3332525,3.9215093,1217
3933,0.0010794737273111107,2.2892308,10.810992,1015
3934,0.0009997096587905853,1.7506016,8.0457535,940
3935,0.0011975245487214883,1.7835035,9.159344,1126
3936,0.0005253793313218608,2.0242698,8.429809,494
3937,0.00036691471519441696,2.3351798,6.661877,345
3938,0.001878177933429972,3.0905626,13.069183,1766
3939,0.001336845788404006,1.6454513,6.0462036,1257
3940,0.0013783231040346792,2.4882886,8.77297,1296
3941,0.0006519383200410944,2.014794,10.374758,613
3942,0.001113506396546535,1.6312095,5.1163926,1047
3943,0.003584065478855609,2.503509,9.290094,3370
3944,0.0017856516139461624,3.6088943,11.165342,1679
3945,0.00015421053247301582,1.2421913,3.355227,145
3946,0.004669920331648362,1.5763142,5.075126,4391
3947,0.0011656189213132783,1.6276083,4.8816566,1096
3948,0.0024035572647518326,2.8327546,11.820624,2260
3949,0.002478003728704323,1.9584402,6.5095987,2330
3950,0.0007955136433780402,1.749938,9.252995,748
3951,0.00039031217529377106,2.0920877,10.6514435,367
3952,0.0009231361530108808,2.6277533,11.752497,868
3953,0.0014665953398640607,1.7756491,9.111003,1379
3954,0.0007784973087603281,2.0953355,7.343312,732
3955,0.001311321286477438,1.4182508,6.288482,1233
3956,0.0021929801238576457,3.567314,11.728039,2062
3957,0.004293433928231481,1.9357562,7.405333,4037
3958,0.007859419551555771,2.5819464,10.348481,7390
3959,0.013449285473474194,2.775791,13.070547,12646
3960,0.003946726110395598,2.598965,9.282216,3711
3961,0.0035606680187562547,1.9679269,10.082694,3348
3962,0.00024886389378403934,1.7861054,12.249131,234
3963,0.007779655483035246,2.0866563,6.8890977,7315
3964,0.004944308727358969,3.492972,10.7696085,4649
3965,0.0,0.0,0.0,0
3966,0.000945470092196628,1.9548097,8.457044,889
3967,0.0007189401375983358,2.0928788,7.174069,676
3968,0.0013964029595659984,1.4566264,5.9839616,1313
3969,0.0001116696959287356,1.239721,2.5844755,105
3970,0.0029459529306914054,3.5791926,11.681323,2770
3971,0.0034734593038404805,1.5233097,5.013187,3266
3972,0.0006753357801404486,2.474003,10.2345,635
3973,0.0017420472564882753,1.568426,4.2808933,1638
3974,0.00020632305723975909,1.4993634,3.9079597,194
3975,0.0042881163236634465,2.3129327,7.74359,4032
3976,0.001113506396546535,2.0987113,10.55196,1047
3977,0.004053078201756298,1.3870491,4.8943596,3811
3978,0.00047964793203675955,2.7643855,12.434677,451
3979,0.006319441268652828,1.8508093,6.386722,5942
3980,0.007062842387264124,2.329166,7.341029,6641
3981,0.0016197423514234695,2.2850068,8.477511,1523
3982,0.00021802178728943616,1.7998431,8.018551,205
3983,0.0008061488525141102,1.9425606,6.8050375,758
3984,0.0019536879182960694,1.6779265,5.236941,1837
3985,0.0012368748225249475,1.4683597,5.714398,1163
3986,0.0025918004664602728,2.0094023,7.18901,2437
3987,0.0019494338346416414,3.85978,13.593364,1833
3988,0.0002244029127710782,2.2511055,10.696196,211
3989,0.0014793575908273449,1.5235103,5.510727,1391
3990,0.003753165304119123,3.4750805,14.875754,3529
3991,0.0006763993010540555,2.700206,9.928417,636
3992,0.003759546429600765,3.451496,11.650589,3535
3993,0.0012772886172420137,1.6484599,5.408057,1201
3994,0.005002802377607355,3.4926484,13.940767,4704
3995,0.0019717677738273886,1.5707966,7.0312014,1854
3996,0.0066884830256744585,2.8316925,14.989048,6289
3997,0.007064969429091339,3.9292884,13.914332,6643
3998,0.002961905744395511,1.4975321,4.297879,2785
3999,0.0018037314694774815,2.9113278,10.773359,1696
4000,0.0005721742515205691,2.0631316,9.665193,538
4001,0.0016580291043133218,1.9999194,9.782504,1559
4002,0.0070288097180287,1.9788069,8.722377,6609
4003,0.0023429365726762336,1.7566272,6.259708,2203
4004,0.002075992823360875,2.2595544,9.146807,1952
4005,0.002018562694026097,1.7648493,8.527219,1898
4006,0.003229913014624476,3.4445913,11.945055,3037
4007,0.0006519383200410944,1.5751795,4.0814543,613
4008,0.007570141863054666,2.7726243,10.910571,7118
4009,0.006226914949169018,1.8800886,10.134341,5855
4010,0.002655611721276693,1.9581498,8.112266,2497
4011,0.001699506419943995,3.2169726,10.8333,1598
4012,5.5303087507564294e-05,2.3045242,6.517858,52
4013,0.013629020507873776,1.6202443,7.234221,12815
4014,0.0007423375976976899,2.2938364,8.914161,698
4015,0.00014144828150973175,1.8730863,7.148495,133
4016,0.002721550017920327,3.4015996,12.472521,2559
4017,0.00512510728267216,2.4514542,10.651631,4819
4018,0.006089720751313714,1.8990893,8.248589,5726
4019,0.0014251180242333876,2.188395,8.311825,1340
4020,0.05937105500211109,1.5872113,9.207422,55825
4021,0.0007317023885616198,2.666641,10.2577,688
4022,0.001475103507172917,2.0462654,9.055399,1387
4023,0.0009008022138251337,2.3183205,7.6958475,847
4024,0.002527989211643852,2.2538373,8.923388,2377
4025,0.0046837461035252525,2.7537198,11.023682,4404
4026,0.020241993548682138,1.8701943,7.87283,19033
4027,0.0014027840850476404,1.5450835,5.259714,1319
4028,0.003206515554525122,4.323623,13.09184,3015
4029,0.08274192707862504,2.9546566,14.246311,77800
4030,0.02249665788552899,2.166632,10.247311,21153
4031,0.0031299420487454176,1.9667244,8.048704,2943
4032,0.0009199455902700599,2.086162,11.121952,865
4033,0.0020281343822485596,1.4305444,4.5155725,1907
4034,0.00022546643368468518,2.0521505,13.462887,212
4035,0.00035521598514473985,2.1696146,9.170207,334
4036,0.0026173249683868406,3.2626572,11.381064,2461
4037,0.00048283849477758053,1.8067039,5.493824,454
4038,0.0014176733778381385,1.729416,6.627479,1333
4039,0.0009763121986912311,1.7233562,8.820264,918
4040,0.0007200036585119428,1.7442299,7.884479,677
4041,0.004208352255142921,2.6087315,10.177619,3957
4042,4.9985482939529265e-05,1.186363,2.681922,47
4043,0.000760417453229009,2.0342727,12.375546,715
4044,0.01675683551479198,3.1076245,11.069449,15756
4045,0.0005349510195443238,1.3157456,3.3628206,503
4046,0.0022142505421297856,1.871161,6.812455,2082
4047,0.0015920908076696874,3.1941376,13.864628,1497
4048,0.0010475680999029006,1.6073117,5.013911,985
4049,0.0001499564488185878,2.2015111,9.538649,141
4050,0.0014846751953953798,4.031079,13.363846,1396
4051,0.0018707332870347229,3.3122163,9.696695,1759
4052,0.0008061488525141102,1.568638,6.391143,758
4053,0.003578747874287574,2.5463486,9.915105,3365
4054,0.0003584065478855609,2.1489534,8.326203,337
4055,0.007203227147860249,2.472331,9.984662,6773
4056,7.55099848660974e-05,1.343996,2.727688,71
4057,0.003053368542965713,3.0530834,12.767972,2871
4058,7.763702669331141e-05,1.256296,2.6417663,73
4059,0.00035308894331752586,2.193199,9.052591,332
4060,0.004014791448866446,2.4472961,9.353433,3775
4061,0.004665666247993933,1.9872969,8.388353,4387
4062,0.0030799565658058883,2.9291594,11.661869,2896
4063,0.001318765932872687,1.6825478,4.3866577,1240
4064,0.0018367006177992986,2.3741412,10.328425,1727
4065,0.002100453804373836,3.5747085,11.537488,1975
4066,0.0006997967611534096,1.7753254,7.656657,658
4067,0.0723523912735982,1.2987558,4.7855067,68031
4068,0.0003637241524535959,2.0576808,8.17483,342
4069,0.006450254341026489,2.7037952,10.138767,6065
4070,0.0019855935457042794,3.7040575,10.967305,1867
4071,0.00010528857044709356,2.8675985,14.299871,99
4072,0.003369234254306994,2.175883,7.8793488,3168
4073,0.004678428498957218,1.7427481,5.3192067,4399
4074,0.006612973040808361,1.8517196,8.052864,6218
4075,0.0012740980545011928,1.4757702,4.976749,1198
4076,0.00039882034260262713,1.546733,4.6798534,375
4077,0.0009050562974795618,1.7076527,9.182759,851
4078,0.0055505156481149625,2.1448824,7.118884,5219
4079,0.0068331218699250115,2.5725162,13.444752,6425
4080,0.026044563653321962,1.5412967,4.7769637,24489
4081,0.03496963116031195,2.0941281,7.3794284,32881
4082,0.001692061773548746,1.9012686,7.8363667,1591
4083,9.890744496545152e-05,3.5041604,9.762529,93
4084,0.0010305517652851885,1.5977981,5.169749,969
4085,0.0018101125949591236,1.7739732,9.872325,1702
4086,0.0010443775371620796,2.0436275,8.09399,982
4087,0.0031778004898577327,4.0898,14.24378,2988
4088,0.0011007441455832508,2.3805182,10.942443,1035
4089,0.0002988493767235686,1.9944004,11.97141,281
4090,0.0010018367006177993,1.393088,6.2253947,942
4091,0.04742027049590917,2.7253675,10.450816,44588
4092,0.025425594481602684,2.3985615,7.8005657,23907
4093,0.003219277805488406,4.6602798,15.045341,3027
4094,0.0013559891648489322,2.0303864,11.743679,1275
4095,0.018240447189273753,1.3739519,4.9947844,17151
4096,0.003397949318974383,2.052995,8.461153,3195
4097,0.0016463303742636447,1.6550127,7.912663,1548
4098,0.0038499457072573603,3.18803,13.05213,3620
4099,0.0025396879416935293,1.7482805,6.303406,2388
4100,0.006671466691056747,2.6967933,9.201274,6273
4101,0.003530889433175259,3.743287,13.684621,3320
4102,0.002405684306579047,2.6304753,10.774854,2262
4103,0.002117470138991548,1.494008,6.048309,1991
4104,0.04734795107378389,1.2189682,4.4151626,44520
4105,0.001139030898473103,1.8807522,7.833024,1071
4106,0.015701822768493832,2.0513237,9.6292305,14764
4107,0.0027534556453285377,3.5614254,12.147057,2589
4108,0.0005477132705076079,1.9758778,9.116813,515
4109,0.004225368589760634,3.8482869,13.155229,3973
4110,0.0018239383668360147,1.3050702,3.8539064,1715
4111,0.0002467368519568253,1.7339025,5.531105,232
4112,0.004136032833017645,2.879072,10.857973,3889
4113,0.001301749598254975,1.2992882,3.8088465,1224
4114,0.004937927601877327,2.8437068,10.664948,4643
4115,0.0025673394854473118,2.6033547,10.67941,2414
4116,0.0035479057677929708,2.7118437,10.427589,3336
4117,0.006405586462654995,3.5097322,13.844458,6023
4118,0.0015697568684839402,1.7003782,5.9066916,1476
4119,0.0029427623679505847,3.5789106,11.351992,2767
4120,0.0031565300715855928,2.955339,12.307471,2968
4121,0.0008316733544406784,1.9749984,7.841459,782
4122,0.002657738763103907,2.7662747,14.18203,2499
4123,0.00046369511833265446,1.6681567,6.1585093,436
4124,0.0006030163580151721,1.1980666,3.1134927,567
4125,0.0001520834906458018,1.3944838,6.7000217,143
4126,0.00044348822097412135,1.6429416,9.406644,417
4127,0.0016250599559915046,1.4439567,5.04636,1528
4128,0.0029129837823695885,2.5208523,9.2467165,2739
4129,0.003376678900702243,2.9234922,11.095524,3175
4130,0.002642849470313409,4.3631215,13.553598,2485
4131,0.000955041780419091,1.6039914,5.4387727,898
4132,0.001895194268047684,1.6801656,6.438948,1782
4133,0.0013623702903305742,3.0353875,20.81349,1281
4134,0.0010784102063975036,1.8890901,8.804409,1014
4135,0.001899448351702112,2.8004684,10.2478485,1786
4136,0.002285506443341455,1.2938653,6.258809,2149
4137,8.508167308856045e-05,1.0902452,3.2054946,80
4138,0.0003509619014903119,1.9949577,11.164645,330
4139,0.01794691541711822,2.2569525,7.9075637,16875
4140,0.008104029361685383,3.1723356,12.030488,7620
4141,0.0013900218340843565,3.3370745,12.716914,1307
4142,0.0050910746134367356,1.4660836,7.857112,4787
4143,0.0002658802284017514,1.8608475,5.682588,250
4144,0.0013666243739850021,3.0844176,10.681598,1285
4145,0.030314600121454087,1.5090096,8.664526,28504
4146,0.006619354166290003,2.2191653,7.5070524,6224
4147,0.006653386835525427,2.8563762,9.223405,6256
4148,0.0012943049518597258,1.7163024,7.212148,1217
4149,0.0008603884191080676,2.088977,13.114822,809
4150,0.00048815609934561556,2.0874593,8.948648,459
4151,0.0020408966332118436,1.3537031,4.2948384,1919
4152,0.0009231361530108808,2.9986627,9.613387,868
4153,0.0032777714557367913,1.7069606,6.243412,3082
4154,0.004954943936495039,3.045224,11.707943,4659
4155,0.0009093103811339898,2.237178,13.736483,855
4156,0.006167357778007026,2.729043,10.84956,5799
4157,0.0012156044042528073,1.7589681,6.4246106,1143
4158,0.00116136483765885,1.6137462,5.0149493,1092
4159,6.912885938445537e-05,1.3782068,2.7496138,65
4160,0.008116791612648666,2.8374448,12.485591,7632
4161,0.0010348058489396165,1.8917245,7.9619813,973
4162,0.00034564429692227684,2.68383,14.730557,325
4163,0.0006264138181145264,2.5050628,9.355185,589
4164,0.0009114374229612038,1.4972829,4.6929946,857
4165,0.0001680363043499069,2.2420964,8.27012,158
4166,0.0018122396367863376,3.0359793,9.669842,1704
4167,0.00023929220556157628,2.0118787,9.623366,225
4168,0.000748718723179332,1.7698021,6.5815578,704
4169,0.0016814265644126759,1.7521925,6.016405,1581
4170,0.001297495514600547,1.7928649,6.0632963,1220
4171,0.004546551905669949,3.999144,12.575218,4275
4172,0.003780816847872905,2.7090366,10.225787,3555
4173,0.0012060327160303443,2.1319082,9.173688,1134
4174,0.0004179637190475532,1.9066565,5.8284125,393
4175,0.00046582216015986845,3.1825068,11.931922,438
4176,0.0019749583365682092,2.5049324,8.325697,1857
4177,0.0031395137369678804,1.9607334,8.829427,2952
4178,0.0005466497495940009,1.9242277,10.40314,514
4179,0.0029097932196287674,2.2221267,8.685092,2736
4180,0.002875760550393343,1.8389423,10.726771,2704
4181,0.0029672233489635457,2.0039723,6.5258746,2790
4182,0.0016016624958921505,3.9922924,13.105872,1506
4183,0.0025779746945833815,2.2621567,9.511683,2424
4184,0.00032331035773652974,2.7051532,15.681531,304
4185,0.0012921779100325118,1.6891584,5.8817883,1215
4186,0.015498690273994893,2.09483,9.825625,14573
4187,0.0009848203660000872,2.0693374,6.4979177,926
4188,2.9778585580996157e-05,0.99096686,1.5360866,28
4189,0.0013060036819094029,1.8891351,6.5497437,1228
4190,0.003937154422173135,3.9187496,13.97835,3702
4191,0.0005721742515205691,1.5068792,3.889144,538
4192,0.002098326762546622,4.516296,12.767974,1973
4193,0.0029129837823695885,1.8395921,6.633603,2739
4194,2.020689735853311e-05,1.0674895,1.5910472,19
4195,0.003771245159650442,1.9547822,7.0003033,3546
4196,0.005229332332205646,3.302448,13.141437,4917
4197,0.001728221484611384,2.5643406,11.814725,1625
4198,0.013100450613811095,3.5075924,14.4736805,12318
4199,0.0017845880930325553,3.4027073,11.341155,1678
4200,0.0020121815685444546,1.9852617,8.827929,1892
4201,0.0004913466620864366,1.9509027,7.868673,462
4202,0.0007263847839935848,2.3552566,12.040165,683
4203,0.0027119783296978644,3.3652968,12.865423,2550
4204,0.002801314086440853,1.7195121,7.835811,2634
4205,0.0019228458118014662,1.793789,7.637024,1808
4206,0.004673110894389183,1.7688372,6.0488625,4394
4207,0.00032437387865013673,2.4116557,13.15236,305
4208,0.0031161162768685263,3.7791445,11.644933,2930
4209,0.0029289365960736935,2.101187,9.203425,2754
4210,0.0065353360141150495,2.1663356,8.750781,6145
4211,0.006834185390838618,2.9760926,13.813365,6426
4212,0.0017782069675509134,1.7327546,6.483384,1672
4213,0.0007370199931296549,1.438352,4.0523357,693
4214,0.007577586509449915,1.9324375,8.081481,7125
4215,0.0027045336833026153,3.2088342,16.08916,2543
4216,0.00046369511833265446,1.6287262,5.4918823,436
4217,0.0025598948390520627,1.9795225,6.847618,2407
4218,0.0019132741235790031,3.9577265,12.087721,1799
4219,0.007187274334156144,2.5722156,8.981023,6758
4220,0.000761480974142616,2.0160398,11.56394,716
4221,0.00040520146808426915,1.5524318,8.442533,381
4222,0.0003573430269719539,1.846255,9.684472,336
4223,0.004060522848151548,2.298377,7.9462137,3818
4224,0.0007912595597236122,1.8953933,9.104466,744
4225,0.00031161162768685263,2.0967383,10.304404,293
4226,0.009229234488281595,2.376318,9.962696,8678
4227,0.0037212596767109128,2.5208044,11.19548,3499
4228,0.0003445807760086698,1.5599564,6.899889,324
4229,0.00031586571134128066,1.7839799,5.3823586,297
4230,0.0009826933241728732,2.3200705,9.534663,924
4231,0.0010741561227430756,2.709883,9.70219,1010
4232,0.0009039927765659548,1.864251,14.267323,850
4233,0.002251473774106031,4.585907,14.338782,2117
4234,0.0016261234769051117,2.3390343,13.614477,1529
4235,0.0011868893395854184,2.1906471,8.406211,1116
4236,0.0003062940231188176,1.6536313,4.5231543,288
4237,0.003190562740821017,3.5878851,13.326144,3000
4238,0.0009858838869136943,2.2108853,8.219682,927
4239,0.013707721055480696,2.0433679,8.421432,12889
4240,0.0019962287548403496,3.573685,12.073779,1877
4241,0.003950980194050026,1.5580213,6.3370485,3715
4242,8.189111034773943e-05,1.8065178,7.1542974,77
4243,0.0023408095308490194,1.6483895,6.1706862,2201
4244,0.0013995935223068193,2.0009503,7.9407225,1316
4245,0.010653288991601376,1.7809775,6.7263474,10017
4246,0.0020047369221492055,3.9736266,14.328433,1885
4247,0.0015421053247301581,2.107943,7.893916,1450
4248,0.0003584065478855609,2.1226645,10.667516,337
4249,0.004476359525371887,4.1451025,15.873898,4209
4250,0.0002531179774384673,1.9896438,13.451325,238
4251,0.0020004828384947776,3.957023,11.907738,1881
4252,0.0017994773858230535,3.3747,13.263769,1692
4253,0.00012762250963284068,2.4575357,11.290191,120
4254,0.0008327368753542854,1.7315454,8.008422,783
4255,0.0006955426774989817,2.8900292,10.076598,654
4256,0.0053569548418384875,2.5391147,11.885694,5037
4257,0.0033086135622313944,2.4032261,8.365023,3111
4258,0.00015527405338662282,2.167867,11.106283,146
4259,0.0004317894909244443,1.7884799,6.5962305,406
4260,0.0031427042997087015,1.7089077,6.118453,2955
4261,0.0023812233255660854,2.0590122,7.185327,2239
4262,0.002701343120561794,2.1656778,9.873462,2540
4263,0.0006179056508056703,1.9168296,8.429777,581
4264,0.0011103158338057139,1.774492,6.493397,1044
4265,0.002516290481594175,3.1522546,10.459046,2366
4266,0.0021355499945228673,2.9435682,13.90765,2008
4267,0.0014793575908273449,2.866164,12.512603,1391
4268,0.003585128999769216,1.3172951,5.248432,3371
4269,0.0036627660264625275,3.3280528,13.505837,3444
4270,0.00021802178728943616,3.0009696,10.2660885,205
4271,0.0057238695570329045,1.4966403,7.870736,5382
4272,0.00035308894331752586,2.542264,10.278219,332
4273,0.0021110890135099063,1.8019855,6.6946855,1985
4274,0.0014431978797647066,2.1344128,8.543541,1357
4275,0.002326983758972128,3.2394607,11.226357,2188
4276,0.004212606338797349,2.0264232,8.464864,3961
4277,0.0013932123968251773,1.7038614,6.830313,1310
4278,0.004534853175620272,2.5413334,9.641175,4264
4279,0.00015633757430022984,1.1610868,3.571724,147
4280,0.00260349919650995,2.292628,10.480938,2448
4281,0.002816203379231351,1.8898138,6.600591,2648
4282,0.0026524211585358722,1.4066608,4.725325,2494
4283,0.0029183013869376233,1.5614799,5.7546167,2744
4284,0.00013613067694169672,2.013686,7.4220905,128
4285,0.0014389437961102786,1.9429961,7.1410003,1353
4286,0.0007923230806372192,2.899566,14.402957,745
4287,0.0030905917749419584,1.8086197,5.926387,2906
4288,0.0034894121175445855,2.4090266,13.648499,3281
4289,0.13051103243419732,2.961368,13.292188,122716
4290,0.0008401815217495345,2.4829535,11.56579,790
4291,0.0007965771642916473,2.1511517,8.05794,749
4292,0.00028821416758749853,1.614694,6.824678,271
4293,0.002098326762546622,2.1002436,7.257219,1973
4294,0.0028821416758749853,2.4454925,10.68885,2710
4295,0.0027343122688836116,1.836865,7.1015997,2571
4296,0.0031224974023501685,2.2115204,14.220924,2936
4297,0.0010007731797041922,2.2602043,11.015747,941
4298,0.0027938694400456037,4.532807,14.651836,2627
4299,0.029527594645384903,1.5143393,5.6612964,27764
4300,0.009520639218609914,1.440011,5.0948086,8952
4301,0.0025290527325574595,2.4279096,9.673835,2378
4302,0.0008412450426631415,1.1114123,2.7848067,791
4303,0.0007795608296739351,2.3422399,11.457531,733
4304,0.0008816588373802077,1.9990335,7.4103627,829
4305,0.002467368519568253,3.3788133,13.706267,2320
4306,0.005435655389445406,2.0011158,7.53903,5111
4307,0.009278156450307518,9.934752,21.212753,8724
4308,0.0009603593849871261,2.1231172,6.9783936,903
4309,0.0011858258186718113,2.0984032,7.879595,1115
4310,0.0016750454389310339,1.7796532,9.004586,1575
4311,0.00302252643647111,3.862078,13.193512,2842
4312,0.0030905917749419584,2.4369457,10.012697,2906
4313,0.0020557859260023417,4.9779215,14.154314,1933
4314,0.0031097351513868846,3.0440779,14.648046,2924
4315,0.002807695211922495,1.4886453,4.9454594,2640
4316,0.0027289946643155763,1.4212854,4.400981,2566
4317,0.004588029221300622,2.4482868,9.715824,4314
4318,0.015233873566506748,1.3619318,4.985438,14324
4319,0.005620708028413025,2.8997061,11.002007,5285
4320,0.0028938404059246623,2.3414638,9.113233,2721
4321,0.0008252922289590363,1.5096364,5.0990305,776
4322,0.0026960255159937593,2.7801962,11.379475,2535
4323,0.00016378222069547886,1.1802148,2.67022,154
4324,0.0008008312479460752,1.8439903,6.175752,753
4325,0.001309194244650224,1.9017318,7.6589165,1231
4326,0.0004977277875680787,1.6186879,6.5275493,468
4327,0.006478969405693878,1.7677637,6.686552,6092
4328,0.014007633953117871,1.3474106,4.8211136,13171
4329,0.006469397717471416,2.4215195,10.592684,6083
4330,0.00131770241195908,2.1200862,7.922797,1239
4331,0.0015857096821880455,2.8223627,9.552824,1491
4332,0.0005030453921361137,2.089073,11.434133,473
4333,0.0034809039502357295,1.4917027,4.8305397,3273
4334,0.002721550017920327,3.5548255,12.0767,2559
4335,0.0014155463360109245,1.8096626,5.8200493,1331
4336,0.04763084763680336,1.161752,3.6890838,44786
4337,0.0002424827683023973,1.6839999,7.1043205,228
4338,0.006718261611255455,1.5846019,6.452575,6317
4339,0.0041551762094625706,2.4953852,9.014072,3907
4340,0.0025471325880887783,2.20254,11.283867,2395
4341,0.003927582733950672,1.9239087,8.70213,3693
4342,0.00022865699642550622,2.4090638,10.883189,215
4343,0.0010677749972614337,2.255131,7.3230524,1004
4344,0.00133897283023122,2.5341551,10.662176,1259
4345,0.0031852451362529817,2.4563332,10.006468,2995
4346,0.007967898684743686,2.399879,10.222191,7492
4347,0.00021695826637582914,1.82754,9.136603,204
4348,0.0016293140396459326,3.9492586,15.479724,1532
4349,0.000756163369574581,1.6952164,8.302926,711
4350,0.0057929984164173595,2.3212237,8.695764,5447
4351,0.00014251180242333874,2.4465559,13.633899,134
4352,0.003072511919410639,2.2386622,10.564081,2889
4353,0.0027406933943652533,2.4514894,9.598651,2577
4354,0.004778399464836276,2.553419,10.610664,4493
4355,0.002610943842905199,1.8724264,6.6816025,2455
4356,0.00167291839710382,3.8274703,14.40117,1573
4357,0.0018047949903910886,2.0940118,10.023682,1697
4358,0.0017399202146610611,3.0197444,9.496513,1636
4359,0.001329401142008757,1.574327,6.0466866,1250
4360,0.00041370963539312516,1.7992971,7.4491105,389
4361,0.01754809507451559,1.9111689,5.243861,16500
4362,0.0010805372482247178,1.557221,5.0380206,1016
4363,0.0006647005710043785,1.5170865,4.5875797,625
4364,0.006887361436518968,1.9217817,6.799737,6476
4365,0.0013655608530713952,1.6652544,9.722356,1284
4366,0.0017154592336481001,1.7008258,5.435815,1613
4367,0.0003360726086998138,1.6715509,7.366376,316
4368,0.001698442899030388,3.3298998,12.693901,1597
4369,0.001319829453786294,3.7797031,11.240717,1241
4370,0.0014825481535681658,1.9544998,7.295095,1394
4371,0.001864352161553081,1.6729735,7.132936,1753
4372,0.004028617220743338,3.3038487,13.900738,3788
4373,0.0014825481535681658,2.0044231,8.680432,1394
4374,0.0005072994757905416,2.0874767,12.509851,477
4375,0.000939088966714986,1.8680457,9.4405575,883
4376,0.00777114731572639,1.5228084,5.2464004,7307
4377,0.0059174303633093795,1.8214753,7.9346495,5564
4378,0.0034830309920629433,3.56042,14.764442,3275
4379,0.002451415705864148,3.8474145,11.572872,2305
4380,0.005468624537767223,1.7145312,7.3469644,5142
4381,0.01464042889671404,1.1614423,3.6501708,13766
4382,0.0005232522894946468,1.7065735,8.256809,492
4383,0.0006997967611534096,1.3910608,4.9160724,658
4384,0.0060673868121279674,3.0503747,12.04963,5705
4385,0.00323204005645169,2.5083594,10.627785,3039
4386,9.252631948380949e-05,1.087585,2.5776463,87
4387,0.00018398911805401198,2.0640724,9.607412,173
4388,0.00014782940699137377,2.2083523,7.2835364,139
4389,0.0008976116510843127,2.037682,8.77753,844
4390,0.0022131870212161787,1.6358722,7.3365765,2081
4391,0.0001116696959287356,2.6775339,17.511177,105
4392,0.0032798984975640055,2.9138448,12.522233,3084
4393,0.0006657640919179855,2.249694,8.958194,626
4394,0.000944406571283021,1.8550708,5.8875003,888
4395,0.008239096517713472,1.3004811,3.8764317,7747
4396,0.009709945941231962,1.8836392,8.422857,9130
4397,0.0020153721312852757,1.4411125,4.756724,1895
4398,0.009251568427467343,2.591425,9.67314,8699
4399,0.0005243158104082538,1.5804026,4.725281,493
4400,0.0005253793313218608,1.8183013,7.169181,494
4401,0.0020153721312852757,2.7424705,12.44718,1895
4402,0.0046720473734755755,2.2778442,7.242875,4393
4403,0.004443390377050069,1.7963427,7.628102,4178
4404,0.0016548385415725007,1.3383732,4.4168205,1556
4405,0.0005189982058402188,1.4810213,4.4790072,488
4406,0.000759353932315402,1.7472371,7.395782,714
4407,0.0012060327160303443,1.6009457,9.109628,1134
4408,0.0003573430269719539,2.7577994,9.930013,336
4409,0.002693898474166545,2.3776858,10.050287,2533
4410,0.0006381125481642034,1.6707135,5.795372,600
4411,0.00020100545267172406,2.4929645,15.828981,189
4412,0.004522090924656988,2.1402454,9.439732,4252
4413,0.0015910272867560803,3.4699798,13.172276,1496
4414,0.0004402976582333003,2.5813951,10.803571,414
4415,0.0064545084246809175,1.5536005,5.761029,6069
4416,0.002451415705864148,3.819123,13.387888,2305
4417,0.0008040218106868962,2.452443,11.119838,756
4418,0.0021227877435595834,1.5770935,6.115089,1996
4419,0.004017982011607267,2.0833068,9.932325,3778
4420,0.0031224974023501685,4.0573297,17.371462,2936
4421,0.0013496080393672902,1.5225239,4.498247,1269
4422,0.007247895026231743,1.6852931,6.829078,6815
4423,0.0017803340093781274,3.0859988,11.78778,1674
4424,0.0016410127696956096,1.400904,6.105982,1543
4425,0.0005072994757905416,1.6732684,8.274606,477
4426,0.0014251180242333876,1.7415472,6.225762,1340
4427,0.0012294301761296986,2.1516511,8.032552,1156
4428,0.0018409547014537268,1.4989234,6.851906,1731
4429,0.0038807878137519635,3.900302,12.864393,3649
4430,0.0003371361296134208,1.7819355,9.821216,317
4431,0.02127467235579454,1.5747986,6.170675,20004
4432,0.0030703848775834254,1.7984856,6.429371,2887
4433,0.0013081307237366169,2.0363176,6.5072165,1230
4434,0.005102773343486413,1.7003043,6.1860757,4798
4435,0.0006327949435961683,1.6100309,4.95682,595
4436,0.002057912967829556,2.274119,9.946396,1935
4437,0.0021802178728943617,4.6161942,16.157837,2050
4438,0.0006540653618683084,1.5187231,4.5048223,615
4439,0.0034979202848534415,3.7421143,14.275122,3289
4440,0.006984141839657206,2.9489856,11.31245,6567
4441,0.0029183013869376233,2.735715,9.750159,2744
4442,0.002057912967829556,2.2923357,7.867588,1935
4443,0.0016750454389310339,1.7602227,5.875266,1575
4444,5.7430129334778304e-05,1.3963871,3.2550387,54
4445,0.0018281924504904427,2.7278643,11.474499,1719
4446,0.0013857677504299283,1.9040313,6.7360206,1303
4447,0.0006678911337451996,1.6609461,7.1784806,628
4448,0.0032820255393912192,3.640582,10.971357,3086
4449,0.002096199720719408,3.576031,11.645652,1971
4450,0.0083039712934435,3.5926204,12.644311,7808
4451,0.0004839020156911876,2.1464615,13.548598,455
4452,0.0022131870212161787,5.0063624,14.001921,2081
4453,0.002318475591663272,3.3426857,12.847475,2180
4454,0.0004998548293952927,1.9497216,6.8522143,470
4455,0.003278834976650398,1.7800735,7.6149545,3083
4456,0.0034341090300370213,1.974466,8.842324,3229
4457,0.0024110019111470817,1.6928327,6.028075,2267
4458,0.02079183386101696,1.4776175,5.1341844,19550
4459,0.0020281343822485596,2.7533324,11.784248,1907
4460,0.002278061796946206,2.4890387,9.407784,2142
4461,0.002080246907015303,4.2360907,15.7137575,1956
4462,0.001499564488185878,1.8616676,8.549347,1410
4463,0.00935472995608722,2.080652,7.4179416,8796
4464,0.004055205243583513,2.357235,8.416539,3813
4465,0.002116406618077941,1.48283,6.5759144,1990
4466,0.0005562214378164639,1.8183705,6.331732,523
4467,0.001493183362704236,1.8778949,7.4640284,1404
4468,0.0006189691717192773,1.6757622,8.064054,582
4469,0.007613746220512553,1.8461446,8.550903,7159
4470,0.00016378222069547886,2.1224883,10.7828,154
4471,0.0011081887919785,1.7474196,6.3504124,1042
4472,0.001686744168980711,3.094544,11.986207,1586
4473,0.0007774337878467211,1.7567536,7.133572,731
4474,0.003376678900702243,3.37799,10.894775,3175
4475,0.004282798719095412,3.2121346,15.678561,4027
4476,0.0008486896890583904,1.4232947,4.526737,798
4477,0.0009720581150368031,2.1858816,8.250098,914
4478,0.0016835536062398898,1.7757862,6.292842,1583
4479,5.7430129334778304e-05,1.1271139,2.3275995,54
4480,0.0004477423046285494,2.4013462,12.858256,421
4481,0.0002307840382527202,2.1227946,6.9506855,217
4482,0.0018101125949591236,1.7793348,10.190015,1702
4483,0.001316638891045473,4.2673163,12.709133,1238
4484,0.0036680836310305624,4.6523895,14.037016,3449
4485,8.295463126134644e-05,2.0097716,8.983305,78
4486,0.0002967223348963546,2.8937624,16.799774,279
4487,0.0006689546546588066,3.4078424,13.495745,629
4488,0.010686258139923193,3.4483395,16.886568,10048
4489,4.573139928510124e-05,1.2985611,2.384783,43
4490,0.002268490108723743,3.0582147,9.12191,2133
4491,0.002648167074881444,1.6737305,6.4741287,2490
4492,0.0016250599559915046,2.1820445,8.698398,1528
4493,0.002481194291445144,1.4840391,6.6960053,2333
4494,0.022842302182451268,2.448551,13.396062,21478
4495,0.002659865804931121,3.1510797,13.889552,2501
4496,0.036492593108597184,1.6642741,8.549906,34313
4497,0.0021504392873133655,4.141906,12.774565,2022
4498,0.08746076937229932,10.784413,24.906794,82237
4499,0.00038712161255295,2.4549282,14.240581,364
4500,0.0013953394386523913,1.7264658,6.158856,1312
4501,0.010233198230726609,3.0011253,11.593691,9622
4502,0.008205063848478049,3.0328164,7.963039,7715
4503,0.0031735464062033047,4.269176,18.14204,2984
4504,0.00250033766789007,1.5921389,5.497131,2351
4505,0.0030554955847929273,1.8479542,7.663716,2873
4506,0.002658802284017514,4.54106,13.261455,2500
4507,0.016790868184027405,2.8864467,15.79337,15788
4508,0.007963644601089259,2.2476182,7.757792,7488
4509,0.0009348348830605579,2.175427,7.524942,879
4510,0.000755099848660974,1.4588318,8.95544,710
4511,0.002527989211643852,3.119276,13.761438,2377
4512,0.07705528075356838,3.5636704,11.320533,72453
4513,0.0003339455668725998,2.6896412,10.172333,314
4514,2.233393918574712e-05,1.3077899,2.9172416,21
4515,0.03401033529623843,3.3199375,10.663266,31979
4516,9.997096587905853e-05,2.1461983,5.8564386,94
4517,0.0008646425027624956,1.6878369,8.865167,813
4518,0.0029916843299765067,1.483967,4.9184885,2813
4519,0.00028821416758749853,1.9843895,9.101397,271
4520,0.0008497532099719975,2.0842211,8.419701,799
4521,0.001534660678334909,2.1074347,9.427931,1443
4522,0.0009656769895551611,1.6801587,5.512642,908
4523,0.00012124138415119864,4.729012,13.088388,114
4524,0.0019770853783954235,2.818849,12.324666,1859
4525,0.00366170250554892,3.1337044,11.84453,3443
4526,0.0019345445418511432,3.7004764,14.302309,1819
4527,0.006516192637670124,2.2463715,7.945191,6127
4528,0.005245285145909752,2.9579606,12.35992,4932
4529,0.003762736992341586,3.4669614,11.511653,3538
4530,0.0009156915066156319,1.3875855,5.280976,861
4531,0.006072704416696002,3.0037413,13.039531,5710
4532,0.00018292559714040495,1.3467374,3.03597,172
4533,0.003992457509680699,2.1858687,8.284878,3754
4534,7.976406852052543e-05,3.7242854,11.496232,75
4535,0.09846927434904544,1.8408574,10.068941,92588
4536,0.0008114664570821453,1.7666564,6.1514654,763
4537,0.0023057133406999882,4.374968,14.673203,2168
4538,0.0004679492019870825,2.6682112,9.176902,440
4539,0.0057929984164173595,1.4478047,5.5397515,5447
4540,0.0018218113250088007,3.4457686,13.576602,1713
4541,0.02619664714396776,1.8088638,5.8854604,24632
4542,0.0013517350811945042,1.8490955,7.469244,1271
4543,0.0007093684493758727,1.665887,9.594382,667
4544,0.0006508747991274875,1.9075992,9.118617,612
4545,0.0006838439474493046,2.0515022,15.464599,643
4546,0.0019941017130131354,2.2957737,8.804286,1875
4547,0.0011900799023262393,1.6668319,5.3797727,1119
4548,0.0010156624724946904,2.40714,9.914972,955
4549,0.0014166098569245314,1.6899997,5.6583333,1332
4550,0.007738178167404573,1.8518987,7.857834,7276
4551,0.0014081016896156755,1.8956865,8.537577,1324
4552,0.026251950231475328,1.366274,3.735266,24684
4553,0.0025109728770261403,3.558987,11.770035,2361
4554,0.0027311217061427905,2.982999,12.149571,2568
4555,0.0006849074683629116,1.9978139,13.687806,644
4556,0.015100933452305874,1.5270895,6.0651464,14199
4557,0.0029448894097777985,1.4148635,4.1381235,2769
4558,0.002432272329419222,1.4868912,4.8535156,2287
4559,0.003920138087555423,2.7259834,9.808416,3686
4560,0.0016484574160908587,1.4540349,3.893466,1550
4561,0.005129361366326588,1.6393822,6.8738146,4823
4562,0.00032331035773652974,2.1423032,10.585143,304
4563,0.0004519963882829774,2.127754,7.353243,425
4564,0.0023929220556157624,1.9829142,7.3436975,2250
4565,0.0048124321340717,2.977062,9.955966,4525
4566,0.0017473648610563102,3.87945,15.504808,1643
4567,0.0011188240011145698,2.35391,8.803291,1052
4568,0.0018696697661211158,1.4659865,4.9076095,1758
4569,0.0014357532333694576,3.0322413,11.704355,1350
4570,0.0003424537341814558,1.6048614,5.217953,322
4571,0.005922747967877414,3.0816019,13.51023,5569
4572,0.0038510092281709672,3.0632527,10.05897,3621
4573,0.0008720871491577447,1.3787309,6.469319,820
4574,0.004892196202592226,2.8503897,10.308073,4600
4575,0.0036829729238210605,1.9219594,7.661119,3463
4576,0.004122207061140754,1.5721898,4.600487,3876
4577,0.0021504392873133655,3.9702408,13.503388,2022
4578,0.0031086716304732772,3.2634983,11.327874,2923
4579,0.0017356661310066331,1.2500765,3.2674496,1632
4580,0.0023057133406999882,3.966809,13.2678385,2168
4581,0.003368170733393387,2.7181413,9.086143,3167
4582,0.003436236071864235,5.6379685,14.463123,3231
4583,0.00400628328155759,4.2814174,12.37185,3767
4584,0.0025609583599656696,1.7607207,6.7665386,2408
4585,0.001525088990112446,2.3009255,8.256065,1434
4586,0.0005987622743607442,1.5064609,5.1175766,563
4587,0.0010252341607171534,1.5084661,5.4086494,964
4588,0.0032735173720823633,3.5290306,10.949633,3078
4589,0.00040732850991148314,2.008174,11.252945,383
4590,0.0025418149835207435,2.7525842,11.758663,2390
4591,0.0017441742983154893,3.6071992,11.748097,1640
4592,0.0031427042997087015,3.0842967,12.126712,2955
4593,0.0017771434466373065,3.135546,10.952035,1671
4594,0.0058302216483936044,2.0998821,8.519775,5482
4595,0.0030916552958555653,4.1079144,13.531084,2907
4596,0.0007763702669331141,1.3943849,5.724469,730
4597,0.0016835536062398898,3.1129768,13.911647,1583
4598,0.00327458089299597,3.2934163,11.245285,3079
4599,0.005944018386149555,3.1181133,12.190676,5589
4600,0.0005019818712225067,1.660348,6.5247808,472
4601,0.0011081887919785,1.368229,4.2755227,1042
4602,0.0013262105792679361,2.4520783,9.950088,1247
4603,0.0012102867996847725,2.7486768,9.813166,1138
4604,0.0004243448445291952,1.9732178,10.784371,399
4605,0.0023120944661816304,1.7953174,7.0227532,2174
4606,0.0027502650825877166,1.8807688,7.414271,2586
4607,0.0017920327394278044,3.8977413,13.4809675,1685
4608,0.017523634093502632,5.4247546,11.2906275,16477
4609,0.0005945081907063162,1.9594526,6.8988433,559
4610,0.0007933866015508262,1.5861708,6.355934,746
4611,0.0014655318189504538,2.0610144,8.140104,1378
4612,0.004690127229006895,2.5376883,9.484747,4410
4613,0.0016197423514234695,2.2613063,10.819887,1523
4614,0.00056472960512532,1.7207118,8.243637,531
4615,0.0007253212630799778,1.4171921,4.566158,682
4616,0.009374936853445755,3.6708963,12.576417,8815
4617,0.0002967223348963546,1.9005495,6.7249527,279
4618,0.0037106244675748426,3.5757136,13.272224,3489
4619,0.059584822705746096,1.1566978,3.5209405,56026
4620,0.002275934755118992,3.9064436,11.943475,2140
4621,0.002318475591663272,2.0115385,7.652374,2180
4622,0.0016633467088813568,2.7647758,12.084897,1564
4623,0.0001329401142008757,1.2718189,3.245944,125
4624,0.0003190562740821017,1.6435145,7.9679255,300
4625,0.019959096985662676,3.0959072,11.468104,18767
4626,0.002080246907015303,1.8355631,7.154704,1956
4627,0.0034383631136914493,2.9683344,12.220647,3233
4628,0.002266363066896529,1.4852599,5.7260847,2131
4629,0.008977180031756734,1.6608185,5.67993,8441
4630,0.001532533636507695,4.3215594,15.205642,1441
4631,0.005456925807717546,1.2970634,4.0483837,5131
4632,0.0013708784576394303,2.2968311,8.707019,1289
4633,0.0019887841084451005,1.8864031,8.165626,1870
4634,0.00243652641307365,5.071497,17.717426,2291
4635,0.0036276698363134964,2.506569,9.408264,3411
4636,0.0017856516139461624,1.4494314,7.4275417,1679
4637,0.0003435172550950628,2.3187368,10.624069,323
4638,0.0018069220322183025,4.5920606,14.578942,1699
4639,0.003561731539669862,2.7378297,9.336254,3349
4640,0.005420766096654908,2.0978062,8.73581,5097
4641,0.000759353932315402,3.0509267,13.234554,714
4642,0.003996711593335128,2.2201219,8.344207,3758
4643,0.001701633461771209,2.97482,15.635561,1600
4644,0.00011698730049677062,2.1681426,7.464918,110
4645,0.0017324755682658123,1.8906112,8.7390375,1629
4646,0.0006753357801404486,2.5827715,9.391104,635
4647,0.0010092813470130484,1.6256138,8.298706,949
4648,0.0016750454389310339,3.6747088,13.047606,1575
4649,0.0006083339625832072,2.1895788,8.030846,572
4650,0.004115825935659112,2.6750586,14.172073,3870
4651,0.0004711397647279035,1.9972463,9.849246,443
4652,0.006912885938445536,3.7770495,14.723445,6500
4653,0.0032288494937108693,1.5186164,6.1809936,3036
4654,0.010912788094521484,1.9726704,8.10937,10261
4655,0.0025396879416935293,2.0026548,8.053547,2388
4656,0.0042966244909723025,1.678042,6.2846756,4040
4657,0.0007402105558704759,1.6486524,5.762147,696
4658,0.00032969148321817176,1.4414592,4.917058,310
4659,0.0020951361998058013,1.9842856,9.265302,1970
4660,0.0031427042997087015,3.080698,10.889416,2955
4661,0.0015750744730519753,1.7763052,5.6046686,1481
4662,0.001163491879486064,1.5021372,6.5000067,1094
4663,0.0018515899105897968,1.562951,6.5289264,1741
4664,0.0017952233021686255,2.0026782,8.026016,1688
4665,0.0032054520336115147,2.3352103,7.4511375,3014
4666,0.00383931049812129,2.1681743,8.8140335,3610
4667,0.0006168421298920633,1.9524945,7.6598554,580
4668,0.006583194455227365,2.925597,11.792597,6190
4669,0.0017909692185141975,2.640787,10.503631,1684
4670,0.0008752777118985656,2.2782555,9.363986,823
4671,0.0010422504953348656,1.5581459,5.2450557,980
4672,0.0003265009204773507,2.3522797,13.579748,307
4673,0.0037467841786374806,3.7882779,12.862305,3523
4674,0.004606109076831942,2.4239435,7.2809334,4331
4675,0.004862417617011229,2.7082045,8.896356,4572
4676,0.0029725409535315806,1.8058736,10.123052,2795
4677,0.0010241706398035463,2.228967,9.888443,963
4678,0.004253020133514415,2.3693552,8.992456,3999
4679,0.0016665372716221777,2.813728,10.560448,1567
4680,0.0016239964350778975,4.3916645,14.952956,1527
4681,0.0003435172550950628,2.4528794,11.59562,323
4682,0.003008700664594219,2.5227714,11.645641,2829
4683,0.0036861634865618816,2.6736598,13.444843,3466
4684,0.002034515507730202,3.5585976,13.210449,1913
4685,0.0005179346849266117,1.8254609,8.6023,487
4686,0.002251473774106031,5.12779,16.368036,2117
4687,0.0026566752421903,2.6342297,10.322606,2498
4688,0.009534464990486805,2.426779,11.599612,8965
4689,0.007239386858922887,1.5704675,5.7841167,6807
4690,0.0010932994991880017,1.8661131,7.999349,1028
4691,3.190562740821017e-05,1.3354313,2.0209289,30
4692,0.002455669789518576,2.4839902,10.623578,2309
4693,0.000761480974142616,1.8986387,7.2232747,716
4694,0.00016378222069547886,1.8201663,7.7573166,154
4695,0.0002531179774384673,2.2826586,11.376085,238
4696,0.0009156915066156319,1.5312272,5.6208076,861
4697,0.00594933599071759,2.1606307,11.846035,5594
4698,0.00048071145295036654,1.8624308,6.514011,452
4699,0.011494534034264517,2.0493038,9.555309,10808
4700,0.0021823449147215755,1.624766,5.347865,2052
4701,0.001332591704749578,1.9881119,9.489574,1253
4702,0.006666149086488711,2.0505416,8.770982,6268
4703,0.0022376480022291397,1.6864798,6.4005485,2104
4704,0.001682490085326283,2.2754838,11.1499405,1582
4705,0.005409067366605231,3.146233,10.762553,5086
4706,0.005800443062812609,2.6988952,8.893044,5454
4707,0.0016537750206588938,2.1123674,8.425182,1555
4708,0.0008093394152549313,1.7395091,6.5355134,761
4709,0.0013666243739850021,2.7662055,9.992374,1285
4710,0.001295368472773333,3.325274,11.900152,1218
4711,0.0004466787837149424,1.629218,4.7952456,420
4712,0.007823259840493134,1.1884819,4.2703195,7356
4713,0.0063332670405297185,1.8607689,12.698749,5955
4714,0.005364399488233736,1.943156,9.29125,5044
4715,0.0006678911337451996,2.0886295,8.781595,628
4716,0.03582895605850641,1.6398802,4.768415,33689
4717,0.0019132741235790031,4.052997,15.488456,1799
4718,0.001133713293905068,2.3625984,7.5671625,1066
4719,0.002481194291445144,2.9860268,12.027269,2333
4720,0.0002467368519568253,1.8428831,8.218466,232
4721,0.002626896656609304,2.614866,14.19506,2470
4722,0.0019802759411362445,3.7763145,15.679687,1862
4723,0.0018494628687625828,1.5278381,3.8801014,1739
4724,0.0009178185484428459,2.44334,12.088253,863
4725,0.006126943983289959,2.6338935,13.174533,5761
4726,7.870054760691842e-05,1.5062367,3.777203,74
4727,0.003213960200920371,3.399322,12.301942,3022
4728,0.0012209220088208424,1.6070383,7.1739697,1148
4729,0.0009667405104687681,1.8081058,6.6782465,909
4730,0.001899448351702112,1.7375102,9.288282,1786
4731,0.0002807695211922495,1.8237984,6.9652925,264
4732,0.011723191030690023,2.2496502,9.427473,11023
4733,0.007209608273341891,1.9020553,8.979072,6779
4734,0.001134776814818675,1.872698,9.525436,1067
4735,0.001878177933429972,2.6354773,9.807846,1766
4736,0.0021578839337086145,3.102369,12.8113985,2029
4737,0.0009220726320972738,1.833121,7.82316,867
4738,0.0020291979031621665,1.469435,5.460606,1908
4739,0.0007689256205378651,2.1182127,9.589583,723
4740,0.0014538330889007768,3.432481,12.203447,1367
4741,0.0004115825935659112,1.8445978,8.549622,387
4742,0.0029385082842961563,3.9968224,11.631523,2763
4743,0.0005136806012721837,1.9564123,9.236768,483
4744,0.0008221016662182154,2.1712127,8.094252,773
4745,0.0006498112782138805,1.786883,5.7677717,611
4746,0.0018303194923176567,2.2510383,9.064757,1721
4747,0.00484114719873909,2.4910395,13.136825,4552
4748,0.0008380544799223204,2.4640553,13.206271,788
4749,0.00030842106494603165,1.772257,4.951018,290
4750,0.003930773296691493,4.6035624,12.927901,3696
4751,0.0011081887919785,2.2562118,9.499829,1042
4752,0.008569851521845251,1.9932041,9.098882,8058
4753,0.002485448375099572,1.6275063,4.2822356,2337
4754,0.0021621380173630425,2.1946201,10.7599535,2033
4755,0.002467368519568253,4.4027753,13.314102,2320
4756,0.005523927625274787,2.6849174,9.663424,5194
4757,0.009572751743376658,1.6210939,7.749239,9001
4758,0.004443390377050069,2.6825693,15.994806,4178
4759,0.0024705590823090743,2.2845716,9.004817,2323
4760,0.0009763121986912311,2.24847,8.924308,918
4761,0.000935898403974165,2.4285936,10.101254,880
4762,0.0006721452173996276,1.7198864,5.010503,632
4763,0.002648167074881444,1.8897673,7.0344276,2490
4764,0.0003339455668725998,1.7283329,8.771263,314
4765,0.0036244792735726753,3.566764,14.427609,3408
4766,0.002903412094147125,2.9925838,10.518292,2730
4767,0.002401430222924619,4.1600137,11.842534,2258
4768,0.0005604755214708919,2.4474494,10.874055,527
4769,0.016681325529925885,2.104661,9.078228,15685
4770,0.0007848784342419701,1.7973354,6.522839,738
4771,0.027637717981905254,2.0960073,9.114618,25987
4772,0.0013772595831210723,1.9201816,5.3674603,1295
4773,0.016030450730798396,2.045175,9.304388,15073
4774,0.0020876915534105522,3.2904692,11.269618,1963
4775,0.01743855242041407,2.7998738,12.454155,16397
4776,0.00027226135388339344,1.6510549,5.204461,256
4777,0.0017952233021686255,2.1836925,8.047987,1688
4778,0.0006338584645097753,1.5863359,5.4005923,596
4779,0.001526152511026053,1.8705244,7.2195888,1435
4780,0.00130706720282301,2.3078988,8.918893,1229
4781,0.0024035572647518326,4.0438976,10.694968,2260
4782,0.0013793866249482863,1.9238545,6.527038,1297
4783,0.0009592958640735191,1.9112256,8.968779,902
4784,0.0025875463828058448,2.4912646,9.044297,2433
4785,0.001115633438373749,1.685844,5.6221156,1049
4786,0.011090396087093855,2.6279721,10.026459,10428
4787,0.0008859129210346357,2.1003892,8.119561,833
4788,0.002050468321434307,3.561023,13.6382675,1928
4789,0.002066421135138412,3.3989923,12.300396,1943
4790,0.00242589120393758,2.4444096,7.6038146,2281
4791,0.0029438258888641916,3.2818696,12.686172,2768
4792,0.0010103448679266553,1.980447,8.315708,950
4793,0.0010613938717797917,1.3544304,4.274105,998
4794,0.013537557709303575,2.6583931,9.024103,12729
4795,0.005685582804143052,2.202288,7.845101,5346
4796,0.002453542747691362,2.7722769,11.588797,2307
4797,0.000553030875075643,1.5559497,6.3073106,520
4798,0.004034998346224979,2.0615907,8.003029,3794
4799,0.0005976987534471372,2.6428318,8.946384,562
4800,0.006288599162158224,3.4115052,12.81766,5913
4801,0.0005072994757905416,2.2431507,8.857912,477
4802,0.002116406618077941,1.607455,4.4274626,1990
4803,0.013573717420366213,1.4718447,5.548806,12763
4804,0.002124914785386797,1.9175172,8.213804,1998
4805,0.0007338294303888339,2.0466256,6.676857,690
4806,0.008317797065320391,1.9644777,9.554414,7821
4807,0.0007976406852052543,1.6925843,8.477121,750
4808,0.00018505263896761897,2.2927487,9.285124,174
4809,0.011791256369160872,2.4450645,9.440871,11087
4810,0.0007912595597236122,4.45636,14.235158,744
4811,0.0019749583365682092,2.011531,10.559681,1857
4812,0.002997001934544542,2.7622037,13.172437,2818
4813,0.00012124138415119864,2.2247458,13.623101,114
4814,0.001528279552853267,1.7878777,5.8829384,1437
4815,0.0071245266002533305,2.2970622,9.473905,6699
4816,2.1270418272140113e-06,0.9774688,0.99409723,2
4817,0.0010826642900519318,2.4070287,7.2046146,1018
4818,0.0028906498431838412,2.6995053,12.207868,2718
4819,0.0005179346849266117,1.9214096,8.429401,487
4820,0.0012602722826243016,1.4214729,4.182234,1185
4821,0.02341660347579905,2.2015553,8.861709,22018
4822,0.00019249728536286802,1.720543,5.5685754,181
4823,0.00048602905751840157,1.940086,13.23438,457
4824,0.0038180400798491503,3.503406,14.846761,3590
4825,0.0018090490740455165,2.6020133,10.784845,1701
4826,0.0012315572179569126,1.7752581,9.324654,1158
4827,0.0035000473266806557,2.0605583,8.165652,3291
4828,0.002801314086440853,1.4619008,7.3424087,2634
4829,0.002303586298872774,1.5385842,5.300361,2166
4830,0.0029565881398274756,2.9475977,11.356912,2780
4831,0.008379481278309597,2.1758833,7.615473,7879
4832,0.0029172378660240164,1.7964363,10.936082,2743
4833,0.0008646425027624956,1.7823493,9.019268,813
4834,0.011723191030690023,2.3843207,8.927244,11023
4835,0.0009890744496545152,1.9987515,11.763389,930
4836,0.0021908530820304315,2.403673,8.188052,2060
4837,0.0287225093137844,2.1868498,8.076647,27007
4838,0.0035128095776439396,3.6140401,12.579042,3303
4839,0.002843854922985133,2.8658328,12.030265,2674
4840,0.0022929510897367043,2.3823006,9.663597,2156
4841,0.0020026098803219918,1.7396477,6.5259986,1883
4842,0.002207869416648144,3.0701914,10.428744,2076
4843,0.0009997096587905853,1.9984599,5.9200206,940
4844,0.0010082178260994413,1.7289295,7.3615384,948
4845,0.03142385243434619,1.0970228,3.8230245,29547
4846,0.00048283849477758053,2.0569377,10.262457,454
4847,0.003988203426026271,2.332431,7.6258197,3750
4848,0.004271099989045735,2.5792716,11.463664,4016
4849,0.006186501154451952,2.7140782,10.05109,5817
4850,0.0038329293726396484,3.5561938,13.967991,3604
4851,8.508167308856045e-05,2.3112326,11.1466055,80
4852,0.006482159968434699,1.6564462,5.010895,6095
4853,0.00011273321684234259,1.660928,4.70996,106
4854,0.0005285698940626817,2.17418,10.668178,497
4855,0.0035978912507325,4.814817,13.859951,3383
4856,0.0008178475825637874,2.23489,10.226438,769
4857,0.0019930381920995285,1.4865186,4.594086,1874
4858,0.0002658802284017514,1.829617,9.62019,250
4859,0.0004987913084816857,2.3107471,12.389281,469
4860,0.07955242785871763,1.7866517,10.267463,74801
4861,0.0012113503205983794,3.225017,11.483884,1139
4862,0.00397437765414938,1.9059308,7.446023,3737
4863,0.0007827513924147561,1.4863179,4.848683,736
4864,0.0012262396133888775,2.4120898,8.859021,1153
4865,0.0006572559246091295,1.5265095,4.7262397,618
4866,0.002626896656609304,1.7094995,6.4826546,2470
4867,0.0038712161255295007,1.5630279,4.5643773,3640
4868,0.005127234324499374,2.7067904,8.976676,4821
4869,0.0016814265644126759,3.8035057,12.670181,1581
4870,0.0014219274614925665,1.7689383,6.1209493,1337
4871,0.04683001638885728,2.323505,13.775802,44033
4872,0.00029353177215553356,1.8037473,7.174518,276
4873,0.002452479226777755,3.0414386,10.779001,2306
4874,0.0012783521381556208,2.1746576,9.765247,1202
4875,0.0013400363511448272,2.0718076,6.609885,1260
4876,0.018439325600118264,1.7683192,5.458683,17338
4877,0.0017675717584148434,1.761541,6.31342,1662
4878,0.0012847332636372628,1.8274268,6.122724,1208
4879,0.0026641198885855493,2.3465233,7.968695,2505
4880,0.00018505263896761897,1.5381916,4.627074,174
4881,0.004375325038579221,2.5804296,9.199624,4114
4882,0.0017845880930325553,1.5668911,6.1404834,1678
4883,0.0006296043808553473,2.7559621,11.700469,592
4884,0.0007338294303888339,1.7348665,7.897368,690
4885,0.0005306969358898958,1.8008949,5.9201727,499
4886,0.0002594991029201094,1.6166046,5.1531305,244
4887,0.001139030898473103,1.9994177,6.1938386,1071
4888,0.0002648167074881444,1.8307959,5.9460263,249
4889,0.0012687804499331577,3.5045788,13.936089,1193
4890,0.0007806243505875421,2.5804896,8.898865,734
4891,0.002010054526717241,2.570577,13.362885,1890
4892,2.446098101296113e-05,1.5569544,2.8640664,23
4893,0.00032437387865013673,1.608384,4.7753882,305
4894,0.003400076360801597,2.3750017,8.9137945,3197
4895,0.0006997967611534096,1.7095444,7.024675,658
4896,0.0015038185718403059,1.299092,4.224358,1414
4897,0.0007901960388100052,2.4374678,11.175638,743
4898,0.0002052595363261521,1.5034131,4.8910174,193
4899,0.0012060327160303443,1.8761748,6.629008,1134
4900,0.0031299420487454176,2.8082764,10.202981,2943
4901,0.001530406594680481,2.595818,14.245975,1439
4902,0.000193560806276475,1.1189104,4.3251505,182
4903,0.018932799304031914,1.7291619,7.5639014,17802
4904,0.0010975535828424297,1.7350303,9.187758,1032
4905,0.005694090971451908,2.110058,8.827166,5354
4906,0.0008072123734277173,2.5728326,12.823819,759
4907,0.0047124611681926415,2.1417668,8.886872,4431
4908,0.0011049982292376788,1.4524853,5.124122,1039
4909,0.0010039637424450133,2.9926636,12.590408,944
4910,0.0035681126651515038,1.5909369,5.170045,3355
4911,0.0001116696959287356,1.2898694,4.375079,105
4912,0.0029129837823695885,2.9736652,10.94025,2739
4913,0.00010635209136070057,1.3605616,4.3869743,100
4914,0.00048602905751840157,1.4130611,5.736399,457
4915,0.007921103764544978,1.9454948,8.1399765,7448
4916,0.0007816878715011491,1.9262004,9.46846,735
4917,0.0031735464062033047,2.1082525,10.984575,2984
4918,0.00044348822097412135,1.9749031,8.1451025,417
4919,0.00045731399285101244,1.5315771,3.9302578,430
4920,0.0014729764653457027,3.4425554,11.608778,1385
4921,0.0014017205641340335,2.491005,9.239183,1318
4922,0.0016548385415725007,1.9089955,8.392841,1556
4923,0.0025471325880887783,2.4399693,10.399497,2395
4924,0.0012092232787711654,1.9364778,11.002582,1137
4925,0.000746591681352118,1.2612853,3.672084,702
4926,0.0005200617267538258,2.6101482,11.821919,489
4927,0.0029076661778015536,1.8365571,6.416294,2734
4928,0.002080246907015303,1.5300329,6.6160626,1956
4929,0.004071158057287617,2.9909043,14.145938,3828
4930,0.0003966933007754131,1.8105476,7.5280538,373
4931,0.004268972947218521,4.41789,14.032996,4014
4932,0.0004562504719374054,1.7271087,6.4951954,429
4933,0.002236584481315533,4.192748,12.823835,2103
4934,0.0016505844579180727,1.636291,6.149993,1552
4935,0.001496373925445057,2.2466257,10.063138,1407
4936,0.0004732668065551175,1.5600221,5.536939,445
4937,0.004095619038300579,1.2629164,4.5674067,3851
4938,0.0006370490272505964,3.7825117,10.201863,599
4939,0.00041370963539312516,1.3031827,4.6734133,389
4940,0.0008710236282441377,1.6128516,3.9597306,819
4941,0.002255727857760459,3.8489485,14.762774,2121
4942,0.005057041944201312,3.503516,11.925301,4755
4943,0.0016622831879677497,2.3700383,9.434117,1563
4944,0.009185630130823708,2.1039345,11.438932,8637
4945,0.007139415893043829,1.9282407,7.544179,6713
4946,0.00582490404382557,2.636667,10.647725,5477
4947,0.004177510148648318,2.145962,9.357092,3928
4948,0.001868606245207509,3.133264,12.596954,1757
4949,0.00036159711062638193,2.1768556,8.847743,340
4950,9.252631948380949e-05,2.4475386,8.545722,87
4951,0.0006710816964860206,2.0224364,7.712799,631
4952,0.0018186207622679796,2.896774,11.911968,1710
4953,0.0013474809975400762,1.9220612,6.929637,1267
4954,0.004356181662134295,6.2057962,15.66647,4096
4955,0.006354537458801859,1.5762781,5.149313,5975
4956,0.0013613067694169673,1.7354836,6.465303,1280
4957,0.0016878076898943178,2.0092056,9.44765,1587
4958,0.0062524394510955865,1.9400208,6.4954305,5879
4959,0.004558250635719626,3.2673373,12.383466,4286
4960,0.0008922940465162777,2.0873737,7.4883566,839
4961,0.0021387405572636884,2.0812666,9.980304,2011
4962,0.004515709799175346,3.4482255,13.352459,4246
4963,0.0024227006411967587,2.9308572,10.9363,2278
4964,0.0004690127229006895,1.6631498,5.7181845,441
4965,0.002606689759250771,4.2954025,16.033976,2451
4966,0.0004849655366047946,2.0387957,8.5289135,456
4967,0.007053270699041662,3.1692271,16.724827,6632
4968,0.0021855354774623966,2.4162998,11.741924,2055
4969,0.003209706117265943,1.7078366,6.208646,3018
4970,0.0008720871491577447,1.8108602,5.97303,820
4971,0.0010518221835573286,2.1037204,6.636186,989
4972,0.0026758186186352263,2.436966,9.810314,2516
4973,0.012300682886778627,2.0272982,8.847595,11566
4974,0.0016569655833997149,1.6417924,5.84851,1558
4975,0.002488638937840393,3.9525652,15.1658745,2340
4976,0.0015176443437171971,2.7205586,11.626169,1427
4977,0.0024950200633220353,1.6677512,5.628863,2346
4978,0.0002456733310432183,2.148477,12.459928,231
4979,0.002446098101296113,3.7584538,10.563125,2300
4980,0.003930773296691493,4.0545707,13.151857,3696
4981,2.9778585580996157e-05,1.4470327,2.8403695,28
4982,0.0011209510429417838,2.4749217,11.267376,1054
4983,0.002041960154125451,3.5214543,11.5417185,1920
4984,0.0004328530118380513,2.0394127,8.431385,407
4985,0.002440780496728078,2.8057806,9.784269,2295
4986,0.0008338003962678924,2.1684594,8.70693,784
4987,0.004705016521797393,3.293364,11.389014,4424
4988,0.00819017455568755,1.8566285,6.311569,7701
4989,0.0017803340093781274,2.260531,9.863906,1674
4990,0.0029523340561730476,1.6570417,6.017493,2776
4991,0.0007412740767840829,1.6412698,7.612627,697
4992,0.002884268717702199,2.3023765,8.845969,2712
4993,0.0033522179196892815,4.0185223,12.824499,3152
4994,0.0007317023885616198,2.0671625,7.0127773,688
4995,0.0015729474312247613,4.7113914,15.500441,1479
4996,0.00029459529306914055,2.029071,8.246517,277
4997,0.0016356951651275748,1.8950305,7.325475,1538
4998,0.0018824320170844,3.4101238,11.96355,1770
4999,0.0019611325646913184,2.329818,9.288184,1844
5000,0.001297495514600547,2.0862346,8.568853,1220
5001,0.0029172378660240164,1.9748844,6.2153735,2743
5002,0.002982112641754044,2.0334437,7.6134152,2804
5003,0.002271680671464564,3.756923,14.662979,2136
5004,0.001688871210807925,1.6029137,5.68381,1588
5005,0.0032958513112681105,2.1572,8.743665,3099
5006,0.004615680765054404,3.3038387,13.402491,4340
5007,0.0006285408599417403,1.5142051,4.336504,591
5008,0.0017792704884645205,2.094639,10.534343,1673
5009,0.00210258084620105,1.7487442,7.533636,1977
5010,0.0004105190726523042,2.4334922,10.070513,386
5011,0.014335198394508829,1.8342025,7.889001,13479
5012,0.005602628172881706,3.03991,14.03728,5268
5013,0.00048071145295036654,2.1072092,14.987578,452
5014,0.00021057714089418712,1.833162,5.9319167,198
5015,0.0014198004196653525,1.7023796,5.863729,1335
5016,0.0002095136199805801,1.986556,8.603146,197
5017,0.0010858548527927527,1.7350329,8.136653,1021
5018,0.0040222360952616954,2.7692425,12.119459,3782
5019,0.025168222420509787,2.13244,8.78652,23665
5020,0.00048283849477758053,2.2819993,8.593409,454
5021,0.0023620799491211597,2.020962,9.578186,2221
5022,0.0008986751719979197,2.0443645,8.447691,845
5023,0.0015538040547798352,5.4150476,18.911154,1461
5024,0.0004743303274687245,2.5273373,9.550125,446
5025,0.0006296043808553473,1.7607994,6.8350725,592
5026,0.00038605809163934303,1.891052,8.90413,363
5027,0.006636370500907715,3.222228,13.939519,6240
5028,0.004023299616175302,2.2954915,8.276578,3783
5029,0.0008614519400216746,1.5311477,5.5067716,810
5030,0.00951106753038745,2.0808902,7.3676505,8943
5031,0.00010103448679266554,1.4790907,7.4798546,95
5032,0.002156820412795007,2.1157253,7.6357503,2028
5033,0.001513390260062769,1.7989211,7.125136,1423
5034,0.007697764372687507,1.7847421,6.681221,7238
5035,0.0030884647331147442,1.8227062,8.697059,2904
5036,0.006097165397708963,2.8035088,12.008755,5733
5037,0.005497339602434612,3.1856732,12.258743,5169
5038,0.003955234277704454,1.807248,7.488466,3719
5039,0.003010827706421433,1.8803111,8.074462,2831
5040,0.0013985300013932124,2.8336697,14.419179,1315
5041,0.0025130999188533545,1.3773012,6.6553364,2363
5042,0.00023397460099354125,2.3142538,12.646498,220
5043,0.0008593248981944605,1.8229586,9.4771,808
5044,0.0020196262149397037,3.3985927,11.516542,1899
5045,0.0023652705118619804,1.6701,4.814848,2224
5046,0.01833403702967117,2.8120823,11.361997,17239
5047,0.006324758873220863,3.1021776,10.052419,5947
5048,0.001131586252077854,1.8751168,9.630461,1064
5049,0.0060673868121279674,2.035574,8.009768,5705
5050,0.0010369328907668305,1.7922643,6.1830835,975
5051,0.00042647188635640927,1.7468085,5.684788,401
5052,0.0009741851568640171,1.785189,6.175345,916
5053,0.0016856806480671038,3.8218105,11.613387,1585
5054,0.001525088990112446,1.4935275,5.731498,1434
5055,0.0014081016896156755,3.205227,10.226745,1324
5056,0.0005275063731490748,1.6024002,5.1100793,496
5057,0.0007136225330303008,1.934296,8.300959,671
5058,0.0009273902366653089,1.6590651,6.4342065,872
5059,0.0018260654086632287,3.0409083,11.789348,1717
5060,0.001159237795831636,1.8014313,8.062971,1090
5061,0.00032331035773652974,2.2054973,12.15205,304
5062,0.0006189691717192773,2.3379943,7.1203504,582
5063,0.0018526534315034039,2.4156983,8.875595,1742
5064,0.0033511543987756747,3.9277651,14.0861225,3151
5065,0.00029353177215553356,1.373588,4.023461,276
5066,0.0003179927531684947,2.0349474,9.097274,299
5067,0.0017377931728338471,1.7612315,8.828611,1634
5068,0.0011858258186718113,2.7598815,12.196861,1115
5069,0.0015410418038165512,2.0036044,12.715599,1449
5070,0.004456152628013354,3.2118702,11.771891,4190
5071,0.0016282505187323257,4.577631,15.347715,1531
5072,0.0005498403123348219,1.2567493,5.9723473,517
5073,0.0004551869510237984,2.4148448,14.109524,428
5074,0.002052595363261521,4.2038703,14.320991,1930
5075,0.0018313830132312638,1.7726231,6.476544,1722
5076,0.001710141629080065,2.5473046,8.873759,1608
5077,0.024849166146427685,2.480428,9.118725,23365
5078,0.004954943936495039,2.0240936,11.426707,4659
5079,0.0018271289295768356,1.9619101,8.247972,1718
5080,0.003057622626620141,4.4914994,11.970354,2875
5081,0.0006062069207559932,2.673605,9.751402,570
5082,0.0019143376444926102,5.1093826,15.067794,1800
5083,0.0012177314460800213,1.3768758,4.9004784,1145
5084,0.0007742432251059,1.4875225,6.5125,728
5085,0.0045305990919658435,1.8273771,6.175371,4260
5086,0.08555600341602917,9.137149,23.823816,80446
5087,0.001324083537440722,1.5434034,4.7707634,1245
5088,0.004895386765333047,3.3473146,11.599466,4603
5089,0.0044784865671991005,2.6081755,8.920853,4211
5090,0.0003137386695140667,1.9787182,6.0623755,295
5091,0.002096199720719408,3.9278853,13.261192,1971
5092,0.036066121222240774,2.8629448,10.260872,33912
5093,0.0025247986489030315,2.4336214,10.518218,2374
5094,0.0016165517886826486,1.7107905,7.847227,1520
5095,0.002456733310432183,2.9268668,13.011063,2310
5096,0.004948562811013397,2.6471496,10.471043,4653
5097,0.0038541997909117883,1.6083217,4.9266343,3624
5098,0.0023705881164300157,3.1797366,12.554784,2229
5099,0.01674300974291509,3.3459666,13.178728,15743
5100,0.00015952813704105085,1.8225198,9.519633,150
5101,0.06609038013428015,2.19368,8.19649,62143
5102,7.65735057797044e-05,1.406122,3.6545722,72
5103,0.0005945081907063162,2.506669,12.683748,559
5104,0.0012836697427236559,1.7047998,5.620206,1207
5105,0.004678428498957218,2.5001285,11.597207,4399
5106,0.000580682418829425,1.4607503,5.8337235,546
5107,0.0013559891648489322,2.0321107,6.471051,1275
5108,0.0017941597812550184,3.72344,16.43337,1687
5109,0.002618388489300448,4.4438996,11.917657,2462
5110,0.0015825191194472244,1.7253373,5.4792824,1488
5111,0.0005253793313218608,1.8631216,9.560465,494
5112,0.004052014680842692,1.4557426,5.067292,3810
5113,0.0003573430269719539,1.2494625,3.2329545,336
5114,0.011386054901076602,1.2356616,3.1592028,10706
5115,0.002602435675596343,1.4546391,6.0257554,2447
5116,0.003795706140663403,1.9661715,8.89563,3569
5117,0.010718163767331403,2.4938028,8.988923,10078
5118,0.003184181615339375,1.6037154,5.231243,2994
5119,0.0006774628219676625,1.3658007,5.7753954,637
5120,0.0006817169056220906,1.6133687,7.37312,641
5121,0.0015963448913241154,2.0214283,11.942531,1501
5122,0.0023333648844537703,2.7008474,12.388982,2194
5123,0.026469972018764762,1.7509073,6.532227,24889
5124,0.0014857387163089869,1.3731114,6.7545085,1397
5125,0.0035096190149031185,3.60755,13.051664,3300
5126,0.002527989211643852,1.6344104,5.9681644,2377
5127,0.00011805082141037762,3.2529843,13.201272,111
5128,0.0035415246423113286,3.0768263,12.530852,3330
5129,0.0019239093327150733,1.8397677,7.340281,1809
5130,0.00027013431205617945,1.2438914,3.7797937,254
5131,0.0008486896890583904,2.3229206,12.957465,798
5132,0.0029672233489635457,2.1699755,9.074037,2790
5133,0.0006210962135464913,2.0093222,11.320185,584
5134,0.0014070381687020684,5.0132856,15.948053,1323
5135,0.005869571922197064,3.8187406,13.602,5519
5136,0.0017516189447107382,1.7399197,7.7004943,1647
5137,4.2540836544280225e-06,1.1046712,1.5947042,4
5138,5.5303087507564294e-05,1.4253918,3.638513,52
5139,0.005769600956318005,2.6253524,13.523319,5425
5140,0.0016814265644126759,3.419118,13.942446,1581
5141,0.011924196483361746,1.945166,7.7390113,11212
5142,0.0056600583022164835,2.2033377,7.2635617,5322
5143,0.0006402395899914174,1.832169,11.517686,602
5144,0.0016293140396459326,2.6532316,8.735305,1532
5145,0.0007210671794255498,1.7353036,8.761834,678
5146,0.0018632886406394738,1.9456481,6.8181105,1752
5147,0.0003031034603779966,1.9022523,7.474052,285
5148,0.0027619638126373937,2.801943,10.621284,2597
5149,0.002673691576808012,1.4413857,5.2468867,2514
5150,0.0015335971574213022,1.4728367,4.0343947,1442
5151,0.0012634628453651227,3.8393576,10.8242,1188
5152,0.002041960154125451,2.9029524,12.976083,1920
5153,0.0019451797509872134,4.172979,13.544693,1829
5154,0.0025194810443349962,2.6442091,10.132638,2369
5155,0.01125205126596212,2.307735,10.507348,10580
5156,0.0003637241524535959,1.7864487,6.3079286,342
5157,0.003384123547097492,3.129389,10.172881,3182
5158,0.0013262105792679361,2.4279568,13.0702715,1247
5159,0.0009954555751361574,1.6766039,6.4978366,936
5160,0.00512510728267216,1.4793961,6.9763694,4819
5161,0.0020291979031621665,4.474734,14.672003,1908
5162,0.0004519963882829774,1.7526847,5.632225,425
5163,0.0009295172784925229,2.7905216,11.262436,874
5164,0.0036680836310305624,1.6470803,6.032627,3449
5165,0.0023886679719613345,3.4290051,12.021582,2246
5166,1.0635209136070057e-05,1.3177687,1.9132634,10
5167,0.002045150716866272,2.9758737,11.688117,1923
5168,0.004768827776613813,1.6967584,6.5852857,4484
5169,0.00778178252486246,2.721959,9.609848,7317
5170,0.0010156624724946904,1.4508889,5.8381095,955
5171,0.0019026389144429332,2.4386725,10.293561,1789
5172,0.0024790672496179302,3.5856583,14.607624,2331
5173,0.0004551869510237984,2.4170375,9.480976,428
5174,0.0006678911337451996,2.2600658,11.846994,628
5175,0.0029533975770866545,2.5368876,10.447282,2777
5176,0.0035170636612983676,1.3328598,5.9196687,3307
5177,0.0037276408021925545,4.1979494,11.935741,3505
5178,0.0018356370968856917,4.347427,15.589155,1726
5179,0.0025960545501147007,3.7187953,13.4719925,2441
5180,0.00040413794717066216,1.8038343,9.435365,380
5181,0.0021876625192896104,2.2442532,10.125906,2057
5182,0.0012592087617106947,1.4158767,5.768495,1184
5183,0.0019717677738273886,2.201758,7.550374,1854
5184,0.0017399202146610611,2.330249,9.249271,1636
5185,0.000944406571283021,3.6823566,12.22836,888
5186,0.002105771408941871,4.6313677,14.5315895,1980
5187,0.0022376480022291397,1.5412164,6.8777685,2104
5188,0.0004743303274687245,1.815172,8.702705,446
5189,0.0003998838635162341,1.8516417,7.578186,376
5190,0.0020408966332118436,2.2608566,11.043017,1919
5191,0.002440780496728078,2.5934947,11.019633,2295
5192,0.030521986699607453,1.2587118,4.0499372,28699
5193,0.0005945081907063162,1.5896654,6.822057,559
5194,0.007697764372687507,2.9855092,11.55977,7238
5195,0.00042115428178837424,2.684294,10.276564,396
5196,0.0014112922523564966,2.3903325,7.8649344,1327
5197,3.190562740821017e-05,1.2368295,2.1327274,30
5198,0.0025343703371254944,1.3672467,5.252597,2383
5199,0.004974087312939965,2.226148,10.2668705,4677
5200,0.0025269256907302453,2.473374,10.900427,2376
5201,0.0040052197606439835,2.884432,10.858114,3766
5202,0.001159237795831636,1.4779965,5.505673,1090
5203,0.0017665082375012363,2.6490798,9.578278,1661
5204,0.00302252643647111,3.6485918,12.459906,2842
5205,0.001907956519010968,2.7403553,10.91172,1794
5206,0.0015431688456437652,1.9121253,7.716098,1451
5207,0.00017654447165876293,1.071529,3.5637026,166
5208,0.0019324175000239292,3.302568,11.025648,1817
5209,0.0029789220790132228,2.6627793,8.933475,2801
5210,0.001682490085326283,2.4637585,10.030162,1582
5211,0.0019707042529137813,2.216199,9.11434,1853
5212,0.016476065993599732,1.1428312,4.4757285,15492
5213,0.0006859709892765186,1.8764575,5.8559704,645
5214,0.00045944103467822643,2.4838598,11.487481,432
5215,0.0010496951417301146,1.9104265,8.69252,987
5216,0.0004956007457408646,1.988723,10.463039,466
5217,0.0017377931728338471,1.5687646,4.6218934,1634
5218,0.001502755050926699,2.504123,11.930108,1413
5219,0.0002594991029201094,1.8577294,9.027645,244
5220,0.0024822578123587513,2.962495,12.738806,2334
5221,0.0004615680765054404,2.071687,7.713816,434
5222,0.001860098077898653,3.928552,15.558389,1749
5223,0.0016633467088813568,1.5444882,5.8301473,1564
5224,0.0019441162300736063,2.4926732,9.137597,1828
5225,0.002098326762546622,2.0822442,8.45722,1973
5226,0.0002967223348963546,2.2623715,10.567739,279
5227,0.006875662706469291,1.434545,4.799479,6465
5228,0.000744464639524904,2.6956673,10.248038,700
5229,0.003573430269719539,2.7836657,11.616783,3360
5230,0.0013102577655638309,2.0982423,7.5769234,1232
5231,0.0019249728536286802,3.2563615,16.987637,1810
5232,0.0031501489461039506,1.7919062,7.986439,2962
5233,0.010180022185046258,2.9897082,11.012699,9572
5234,0.002050468321434307,2.8102875,10.124798,1928
5235,0.0010582033090389706,2.185596,8.690568,995
5236,0.0010199165561491183,1.833011,11.782016,959
5237,0.00019568784810368903,1.9944831,9.529182,184
5238,0.008195492160255585,2.1467838,10.399364,7706
5239,0.004170065502253069,3.3751936,13.276107,3921
5240,0.0017973503439958395,2.1934566,7.61663,1690
5241,0.001692061773548746,3.634328,11.701146,1591
5242,0.0016537750206588938,1.7326678,7.992065,1555
5243,0.0012485735525746245,2.060632,7.33414,1174
5244,0.0001488929279049808,1.0088484,2.3611937,140
5245,0.0014719129444320958,1.7228299,6.711003,1384
5246,0.017468331005995066,1.7414469,7.3387537,16425
5247,0.0015527405338662283,1.8274908,9.844828,1460
5248,0.0008965481301707058,1.56231,7.1923356,843
5249,0.0014453249215919206,2.0637634,7.3951354,1359
5250,0.00048283849477758053,2.1729567,9.125772,454
5251,0.002473749645049895,3.7186244,11.646726,2326
5252,0.0035202542240391887,3.8472552,12.669899,3310
5253,0.0007072414075486587,2.2792192,10.430779,665
5254,0.0013857677504299283,3.6808906,14.367765,1303
5255,0.0002275934755118992,2.1157222,11.654411,214
5256,0.0017175862754753141,3.515537,15.111998,1615
5257,0.0018494628687625828,2.034786,7.4999423,1739
5258,0.00023822868464796926,2.6725924,17.597548,224
5259,0.0011805082141037762,1.6543696,6.4806733,1110
5260,0.000562602563298106,2.1659622,8.599693,529
5261,0.000551967354162036,2.4745338,13.342024,519
5262,0.004729477502810354,2.6987882,12.33692,4447
5263,0.01692806238188271,2.19633,7.3268213,15917
5264,0.003174609927116912,2.6143465,10.216894,2985
5265,0.0015569946175206563,3.7622445,12.9969225,1464
5266,0.001504882092753913,1.9712828,8.712187,1415
5267,0.0008837858792074217,1.7852708,7.11475,831
5268,0.0006381125481642034,2.1022165,10.911597,600
5269,0.0029066026568879463,1.75735,8.091739,2733
5270,0.004289179844577054,3.1606324,11.243865,4033
5271,0.031236672753551364,3.1082568,11.506082,29371
5272,0.02016648356381604,1.8114878,7.492821,18962
5273,6.062069207559932e-05,1.0737813,3.6493561,57
5274,0.006271582827540512,1.9543917,9.777327,5897
5275,0.000946533613110235,2.7263563,10.509593,890
5276,0.0017494919028835242,1.4889498,5.4750943,1645
5277,0.002450352184950541,1.5699835,5.506631,2304
5278,0.000744464639524904,2.2198317,8.955927,700
5279,0.0019760218574818166,2.162701,7.973229,1858
5280,0.0002839600839330705,2.5243707,12.039378,267
5281,0.0004987913084816857,1.9333613,10.765507,469
5282,0.002262108983242101,3.0594249,11.357959,2127
5283,0.0017888421766869835,1.4270259,3.7417738,1682
5284,0.0007976406852052543,1.8713806,6.2934766,750
5285,0.003060813189360962,1.6515304,6.742714,2878
5286,0.0005019818712225067,1.9586838,15.09076,472
5287,0.0054260837012229425,2.9025314,12.189111,5102
5288,0.00018398911805401198,1.3731279,5.7722454,173
5289,0.0023684610746028015,2.2807653,10.536873,2227
5290,0.001705887545425637,1.2292806,3.976434,1604
5291,0.005999321473657119,1.4205184,6.2949758,5641
5292,5.7430129334778304e-05,2.31307,8.744122,54
5293,0.001894130747134077,3.6362846,10.486954,1781
5294,0.001153920191263601,1.4949467,4.2455516,1085
5295,0.0003339455668725998,1.5840074,5.3989673,314
5296,0.021830893793611004,1.4731162,5.8877296,20527
5297,0.0005913176279654951,1.8098131,8.881371,556
5298,0.00013825771876891074,1.632843,4.130446,130
5299,0.006021655412842866,2.4050198,9.630121,5662
5300,0.012307064012260269,2.7176309,7.8304954,11572
5301,0.0026726280558944052,2.9517164,12.470871,2513
5302,0.00815826892827934,2.2291424,8.598595,7671
5303,0.0027343122688836116,4.583884,14.090191,2571
5304,0.00593125613518627,1.5535119,5.4862776,5577
5305,0.004511455715520918,2.7654626,11.9294195,4242
5306,0.006848011162715509,1.650396,4.919173,6439
5307,0.0025343703371254944,2.8318496,9.102782,2383
5308,0.017034414473243407,2.692772,9.638001,16017
5309,0.012833506864495737,2.0032544,9.089312,12067
5310,0.000939088966714986,2.0598748,7.882401,883
5311,0.007683938600810616,1.4968354,4.936346,7225
5312,0.0023535717818123033,2.7664402,11.770116,2213
5313,0.0016410127696956096,3.5130079,14.701367,1543
5314,0.0005849365024838531,1.8075566,6.258263,550
5315,0.0027204864970067203,3.1600978,11.091781,2558
5316,0.0010964900619288228,1.8253186,6.5319486,1031
5317,0.000945470092196628,1.6015246,5.253045,889
5318,0.0009699310732095892,2.6949425,11.30104,912
5319,0.0039041852738513176,3.5541966,12.270505,3671
5320,0.00467736497804361,2.4372878,9.289229,4398
5321,0.0035043014103350837,1.7162216,6.9809127,3295
5322,0.0011975245487214883,3.3681178,10.889085,1126
5323,0.006202453968156057,1.315997,4.3579183,5832
5324,0.00687247214372847,3.390267,12.967443,6462
5325,0.000568983688779748,2.484653,13.442201,535
5326,0.0007806243505875421,1.9756424,7.118106,734
5327,0.0016208058723370766,3.4293427,10.913661,1524
5328,0.00027864247936503547,1.8989536,7.447536,262
5329,0.00042009076087476724,1.6141986,4.42158,395
5330,0.0015612487011750842,3.4450414,13.57596,1468
5331,0.0010007731797041922,1.6987857,10.640152,941
5332,0.0017782069675509134,1.6137074,8.198233,1672
5333,0.006871408622814864,1.8503367,7.196465,6461
5334,0.0005572849587300709,1.776258,6.920693,524
5335,0.003970123570494952,1.5792515,4.7792497,3733
5336,0.00048071145295036654,1.2962191,2.752694,452
5337,0.0004158366772203392,1.7945997,7.303836,391
5338,0.0016314410814731466,3.125605,12.068783,1534
5339,0.004107317768350256,3.4426384,16.31361,3862
5340,0.0020600400096567697,4.6777635,17.700047,1937
5341,0.018107507075072877,2.08365,10.629635,17026
5342,0.008939956799780489,1.4080853,4.1524377,8406
5343,0.0036893540493027027,2.361602,8.424398,3469
5344,0.03821656050955414,1.0899469,3.8062153,35934
5345,0.0006083339625832072,1.662548,5.5263767,572
5346,0.0016484574160908587,1.6081139,4.2144766,1550
5347,0.002235520960401926,3.0665703,11.445958,2102
5348,0.001695252336289567,1.5495583,7.4026694,1594
5349,0.0016016624958921505,2.1037943,10.048368,1506
5350,0.008309288898011535,1.315511,4.018886,7813
5351,0.005263365001441071,2.8762999,10.710067,4949
5352,0.0009263267157517019,2.1280084,7.082328,871
5353,0.0016644102297949637,2.1419122,9.802282,1565
5354,0.0016442033324364307,1.6708118,6.0511684,1546
5355,0.012313445137741911,2.1435592,8.759461,11578
5356,0.006218406781860162,1.6880702,8.779682,5847
5357,0.006064196249387146,1.175178,4.506969,5702
5358,0.001919655249060645,3.86794,12.921969,1805
5359,0.004407230665987432,2.497331,9.538693,4144
5360,0.0027183594551795066,1.339162,3.9489398,2556
5361,0.0037648640341688,1.6579782,8.649582,3540
5362,0.006040798789287792,2.6991863,10.330667,5680
5363,0.0014038476059612475,1.9047608,7.9177117,1320
5364,0.0006732087383132346,2.4289894,9.695922,633
5365,0.0006232232553737053,1.7110004,6.9035516,586
5366,0.0002307840382527202,1.8264091,8.054213,217
5367,0.006843757079061081,2.561714,11.814233,6435
5368,0.2756412233468365,6.79057,21.187695,259178
5369,0.011032965957759076,2.6249433,11.050513,10374
5370,0.008289082000653002,2.8957288,10.54733,7794
5371,0.007951945871039581,2.7405243,10.85127,7477
5372,0.0016665372716221777,2.211768,10.200603,1567
5373,0.001514453780976376,1.7182717,5.744142,1424
5374,0.0014559601307279908,2.951392,12.023415,1369
5375,0.006051433998423862,2.3804014,8.888109,5690
5376,0.00211321605533712,2.015342,8.363521,1987
5377,5.6366608421171295e-05,1.2824702,2.538625,53
5378,0.0016750454389310339,2.335868,12.437453,1575
5379,0.0007678620996242581,1.4646229,4.9966273,722
5380,0.014911626729683826,1.3553882,4.593393,14021
5381,0.001314511849218259,1.8832732,7.8762712,1236
5382,0.0006115245253240282,2.4241056,12.499158,575
5383,0.0001297495514600547,2.320244,10.01802,122
5384,0.00030735754403242465,2.4543622,10.846564,289
5385,0.004531662612879451,2.1675935,8.779066,4261
5386,0.0005902541070518881,2.327441,10.527775,555
5387,0.0007359564722160479,1.5540673,5.2512226,692
5388,0.0014400073170238855,1.7261566,6.9467688,1354
5389,0.0016165517886826486,1.7980188,5.9418464,1520
5390,0.00323204005645169,5.4462337,17.344112,3039
5391,0.0009008022138251337,2.7912817,11.096692,847
5392,0.003613844064436605,2.980579,12.371676,3398
5393,0.0015591216593478703,1.372957,6.470934,1466
5394,0.0023865409301341207,1.5236691,4.2525764,2244
5395,0.0035160001403847607,2.9936707,9.908246,3306
5396,6.062069207559932e-05,1.5668808,5.8673754,57
5397,0.0005349510195443238,2.2919352,8.855354,503
5398,0.03784858227344612,1.5852499,9.090103,35588
5399,0.00496876970837193,2.6240988,10.921852,4672
5400,0.0033064865204041807,4.365457,15.684831,3109
5401,0.004210479296970136,1.8991733,16.522438,3959
5402,0.0019366715836783572,2.2431984,8.866344,1821
5403,0.0024035572647518326,2.202211,10.04145,2260
5404,0.0016516479788316798,2.016757,7.855558,1553
5405,0.0014336261915422436,1.5087463,5.8637514,1348
5406,0.004482740650853529,2.948661,10.990682,4215
5407,0.004044570034447442,3.8932316,12.33341,3803
5408,0.0074308206233721485,2.706015,10.669733,6987
5409,0.0031735464062033047,3.4360616,11.262296,2984
5410,0.005903604591432488,1.764987,7.4340944,5551
5411,0.002803441128268067,4.2725086,14.805193,2636
5412,0.000570047209693355,1.8770971,6.8038554,536
5413,0.0007168130957711218,1.7945547,11.046927,674
5414,0.0027364393107108254,1.5020381,3.9504561,2573
5415,0.008898479484149817,1.3502759,5.380238,8367
5416,0.00040626498899787615,1.9570022,8.175883,382
5417,3.403266923542418e-05,5.31029,23.538454,32
5418,0.02016967412655686,2.321917,11.413641,18965
5419,0.001354925643935325,2.749539,9.822681,1274
5420,0.000551967354162036,2.8533356,12.147826,519
5421,0.012462338065646892,1.9420147,9.02972,11718
5422,0.00021589474546222215,1.2114602,3.2756991,203
5423,0.0038892959810608195,3.1068993,11.425867,3657
5424,0.003235230619192511,2.626995,10.188206,3042
5425,0.0004966642666544716,1.8507012,6.9796762,467
5426,0.0023950490974429767,2.4431083,9.588022,2252
5427,0.0016165517886826486,1.6156582,6.0139365,1520
5428,0.0017516189447107382,1.9009634,7.327961,1647
5429,0.002073865781533661,1.8781567,9.186702,1950
5430,0.001303876640082189,1.7228982,6.115376,1226
5431,0.0006008893161879582,1.754902,8.3188925,565
5432,2.446098101296113e-05,1.5051482,2.6510828,23
5433,0.00027332487479700044,1.5120701,3.425797,257
5434,0.0004711397647279035,1.6392301,7.0395703,443
5435,0.0017505554237971313,2.4724874,9.83061,1646
5436,0.0023833503673932996,2.6945012,11.326866,2241
5437,0.00046369511833265446,2.1764815,9.587859,436
5438,0.00018079855531319097,1.6359082,6.1785464,170
5439,0.0007412740767840829,1.5889683,6.1399927,697
5440,0.0012900508682052979,2.213195,7.559537,1213
5441,0.0005976987534471372,1.9182591,7.6218176,562
5442,0.0011028711874104648,4.838248,15.09385,1037
5443,0.0036244792735726753,2.4563646,13.399322,3408
5444,0.0017431107774018822,1.490076,4.3236747,1639
5445,0.010244896960776285,2.9621327,12.700525,9633
5446,0.003574493790633146,3.5127077,12.5104685,3361
5447,0.0012273031343024844,1.9351633,10.64639,1154
5448,0.0020515318423479137,1.9424785,9.007513,1929
5449,0.0010411869744212585,2.2888923,8.634193,979
5450,0.0006455571945594524,1.4898678,5.1032457,607
5451,0.004442326856136463,1.5647366,5.283737,4177
5452,0.0010709655600022547,1.7572048,6.9903164,1007
5453,0.004179637190475532,1.9764674,6.9967437,3930
5454,0.009356856997914435,1.3666244,3.9967675,8798
5455,0.002452479226777755,1.542927,5.7452984,2306
5456,0.005445227077667869,2.518789,9.304927,5120
5457,0.002257854899587673,2.475539,9.789127,2123
5458,0.003982885821458236,2.5828428,9.564079,3745
5459,0.0008891034837754567,2.2282333,10.591712,836
5460,0.009810980428024627,1.4016142,4.799937,9225
5461,0.01199119830091899,1.8909829,6.2016253,11275
5462,0.0002616261447473234,2.6755686,10.770279,246
5463,0.0028821416758749853,2.1866689,11.139316,2710
5464,0.0023993031810974046,2.5422668,11.625928,2256
5465,0.00044561526280133534,1.4998116,8.099327,419
5466,0.0034458077600866984,3.7784464,15.081366,3240
5467,0.001343226913885648,1.7354989,6.066175,1263
5468,0.006319441268652828,2.249324,7.8804812,5942
5469,0.0009667405104687681,2.2190292,6.49756,909
5470,0.0008348639171814994,2.4212322,8.846795,785
5471,0.00021376770363500813,1.6272172,4.7551823,201
5472,0.0005136806012721837,1.7002342,8.293707,483
5473,0.0016122977050282204,3.5622907,11.4110775,1516
5474,0.00018398911805401198,1.0908695,3.9107306,173
5475,0.007094748014672334,1.6811836,5.4446425,6671
5476,0.0012879238263780839,1.8075707,10.632182,1211
5477,0.005797252500071788,1.4810108,6.3422337,5451
5478,0.001878177933429972,3.6348724,14.549715,1766
5479,0.005767473914490792,1.5524551,7.410032,5423
5480,0.000187179680794833,1.6583457,5.960016,176
5481,0.06327630379687602,1.4721969,7.4247518,59497
5482,0.0018356370968856917,2.0369134,8.795998,1726
5483,0.005286762461540425,2.2060423,8.359631,4971
5484,0.0034553794483091612,2.8019848,7.6281223,3249
5485,0.0033671072124797797,2.2220845,7.379257,3166
5486,0.0004158366772203392,2.729276,16.696806,391
5487,0.0023695245955164083,1.8623295,6.632117,2228
5488,0.0019313539791103221,1.9882247,7.204106,1816
5489,0.0024195100784559376,2.0463257,8.830208,2275
5490,0.002026007340421346,1.7868208,6.278977,1905
5491,0.007005412257929346,3.458504,11.797578,6587
5492,0.011462628406856306,1.8774879,9.017512,10778
5493,0.0028768240713069504,3.2324402,13.01073,2705
5494,0.00322140484731562,1.790856,6.162152,3029
5495,0.0005392051031987518,2.3366294,8.4804,507
5496,0.002649230595795051,2.0489414,8.042597,2491
5497,0.0005445227077667869,1.9383508,8.795176,512
5498,0.0012028421532895234,1.5869191,6.55606,1131
5499,0.001293241430946119,1.7652,11.599603,1216
5500,0.006392824211691711,2.2626812,10.31426,6011
5501,0.003763800513255193,2.709362,10.528054,3539
5502,0.00018398911805401198,1.3464563,4.149591,173
5503,0.016432461636141843,2.0544012,7.9621916,15451
5504,0.0007870054760691842,1.7487758,5.1892037,740
5505,0.0002648167074881444,1.9773687,7.745187,249
5506,0.00225891842050128,2.44016,9.329219,2124
5507,0.0010145989515810833,1.0892043,3.7620928,954
5508,0.005683455762315838,2.819795,9.938701,5344
5509,0.0010316152861987954,2.56346,10.016497,970
5510,0.0009709945941231962,1.7633333,4.8038187,913
5511,0.0019334810209375361,1.4970205,4.2663116,1818
5512,0.001319829453786294,1.663564,6.498311,1241
5513,0.0011049982292376788,1.8417083,7.6526914,1039
5514,0.003411775090851274,1.8223515,8.640682,3208
5515,0.00016378222069547886,2.6903162,15.474541,154
5516,0.000379676966157701,2.0204506,10.254404,357
5517,0.002136613515436474,3.412707,13.537143,2009
5518,0.05378225260110627,1.3466814,5.0413213,50570
5519,0.003028907561952752,2.9428005,13.105927,2848
5520,0.003570239706978718,1.6316245,6.498431,3357
5521,0.005972733450816944,2.4161856,9.8294,5616
5522,0.0006519383200410944,2.1133962,10.178978,613
5523,0.004349800536652653,3.1714299,14.206359,4090
5524,0.009892871538372367,2.206987,9.032103,9302
5525,0.00011060617501512859,1.2614142,3.2376835,104
5526,0.00018398911805401198,1.1837407,2.8369887,173
5527,0.00044561526280133534,2.2690876,11.432531,419
5528,0.0014474519634191346,1.6174289,6.841118,1361
5529,0.0007402105558704759,1.580345,5.8468637,696
5530,0.020261136925127064,2.5816267,10.724734,19051
5531,0.0019026389144429332,3.6226676,13.562033,1789
5532,0.0029151108241968022,1.3917917,4.7596664,2741
5533,0.0017473648610563102,3.52157,10.938064,1643
5534,0.007854101946987737,3.5788133,10.117245,7385
5535,0.0011071252710648928,2.3449585,13.267264,1041
5536,0.0038265482471580062,2.9332452,11.884973,3598
5537,0.0006604464873499505,2.0975535,13.049975,621
5538,0.00012762250963284068,3.0134177,18.971586,120
5539,0.006767183573281377,2.0499883,7.1321115,6363
5540,0.005221887685810398,2.7994075,9.844945,4910
5541,0.07023173057186582,1.4286733,5.250218,66037
5542,0.001301749598254975,3.479039,13.211796,1224
5543,0.0034766498665813016,2.35219,9.857017,3269
5544,0.00462099836962244,2.0453837,7.7671356,4345
5545,0.001678236001671855,2.0575137,6.727296,1578
5546,0.002471622603222681,3.4989965,14.618583,2324
5547,0.002451415705864148,1.4166292,5.124461,2305
5548,0.001497437446358664,1.920849,8.036161,1408
5549,0.03901313767384579,1.8802708,6.4438095,36683
5550,0.003591510125250858,2.1385846,9.956167,3377
5551,0.0006147150880648493,1.4259942,4.553992,578
5552,0.0053569548418384875,3.653899,16.530582,5037
5553,0.007301071071912094,1.3040968,4.550819,6865
5554,0.003827611768071613,3.2913966,12.395066,3599
5555,0.0017643811956740223,1.9879773,9.126111,1659
5556,0.005871698964024278,2.9842932,9.621499,5521
5557,0.005486704393298542,1.7287092,7.8745313,5159
5558,0.0023131579870952373,2.2539103,11.187915,2175
5559,0.003607462938954963,3.4945045,11.115387,3392
5560,0.0014251180242333876,1.4540854,4.023212,1340
5561,0.0002669437493153584,1.2964479,4.7712116,251
5562,0.002061103530570377,3.2578192,11.027683,1938
5563,0.0017133321918208861,2.3542118,8.49223,1611
5564,0.0006561924036955224,2.3453505,8.075493,617
5565,0.0010220435979763323,2.3614776,9.87409,961
5566,0.0010114083888402624,1.5050812,4.390561,951
5567,0.007012856904324595,2.5201695,10.0206585,6594
5568,0.0002446098101296113,2.3650124,8.450245,230
5569,0.0007391470349568689,1.7075189,4.622551,695
5570,0.0020408966332118436,2.0684848,8.822031,1919
5571,0.002815139858317744,2.6268225,12.797573,2647
5572,0.0016356951651275748,3.8811328,12.79234,1538
5573,0.007494631878188569,1.4662262,6.2811093,7047
5574,0.02818011364784483,3.264755,12.681383,26497
5575,0.002625833135695697,2.6318607,16.16684,2469
5576,0.001702696982684816,3.7017581,14.126368,1601
5577,0.0010401234535076516,2.0665512,8.297373,978
5578,0.0032639456838599004,2.262405,11.132947,3069
5579,0.0006678911337451996,2.153273,7.376806,628
5580,0.002516290481594175,2.3834398,8.861976,2366
5581,0.034792023167739584,7.957915,15.049755,32714
5582,0.0016856806480671038,1.4860318,5.248404,1585
5583,0.0005009183503088997,1.6170611,6.797593,471
5584,0.0012538911571426596,1.4252018,4.097824,1179
5585,0.0021940436447712526,2.747618,13.465815,2063
5586,0.0015314701155940882,1.439126,5.8963823,1440
5587,0.0037042433420932004,1.5615222,5.456376,3483
5588,0.001336845788404006,2.1878314,10.741093,1257
5589,0.002307840382527202,2.8928173,13.606348,2170
5590,0.0006615100082635575,1.6815825,7.5422015,622
5591,0.0020515318423479137,3.1137643,8.838249,1929
5592,0.00013932123968251773,1.7685885,8.287776,131
5593,0.005736631807996188,4.846823,12.63873,5394
5594,0.000381804007984915,2.1593666,8.625365,359
5595,0.002441844017641685,2.6363428,10.620025,2296
5596,0.000760417453229009,1.5671744,8.225399,715
5597,0.00132833762109515,1.7395189,6.2871776,1249
5598,0.00022972051733911322,2.2019522,13.33859,216
5599,0.0031427042997087015,4.968666,16.580603,2955
5600,0.0027757895845142845,1.9871186,7.8763905,2610
5601,0.0015644392639159053,1.8810962,6.924091,1471
5602,0.003017208831903075,1.2951503,3.7708356,2837
5603,0.0016654737507085708,2.1318212,9.4246855,1566
5604,0.0025301162534710664,2.4892356,9.488344,2379
5605,0.0014038476059612475,2.0656862,7.989131,1320
5606,0.00025630854017928836,2.704553,14.830227,241
5607,0.007305325155566522,2.163368,9.043586,6869
5608,0.0002850236048466775,1.8732358,5.9704256,268
5609,0.0012485735525746245,1.7684323,8.532576,1174
5610,0.0036861634865618816,2.338098,8.505963,3466
5611,0.005667502948611733,2.3029478,7.992626,5329
5612,0.001709078108166458,1.66593,5.7023287,1607
5613,0.0029789220790132228,2.7882097,9.955397,2801
5614,0.0008837858792074217,4.0694804,14.100249,831
5615,0.0017813975302917345,2.0339572,7.4816117,1675
5616,0.0022089329375617507,1.767533,5.6450915,2077
5617,0.00024141924738879027,1.9905304,10.881997,227
5618,0.00045837751376461944,1.9402007,7.0232787,431
5619,0.0005381415822851448,2.3028522,9.8491125,506
5620,0.005087884050695915,2.3860633,8.9128895,4784
5621,0.003812722475281115,1.9877095,7.951308,3585
5622,0.001147539065781959,1.60646,5.1430335,1079
5623,0.00018079855531319097,2.7944787,16.163502,170
5624,0.003592573646164465,2.2973955,8.177564,3378
5625,0.0019653866483457464,1.5940788,5.784225,1848
5626,0.004377452080406435,1.8526192,9.083774,4116
5627,0.0021908530820304315,2.1875553,10.11977,2060
5628,0.0008210381453046084,1.8781835,8.38339,772
5629,0.002259981941414887,1.8741305,6.2945995,2125
5630,0.0006413031109050244,1.8866003,8.836512,603
5631,0.0002116406618077941,1.6991898,6.1687913,199
5632,0.002795996481872818,1.5460064,4.860677,2629
5633,0.0007848784342419701,1.9935112,10.823121,738
5634,0.005145314180030693,4.304365,13.24114,4838
5635,0.04791268067890921,1.3286378,7.527902,45051
5636,0.000955041780419091,1.8305893,6.7263784,898
5637,0.009984334336942569,2.339234,9.628876,9388
5638,0.0042657823844777,2.599476,12.614507,4011
5639,0.004275354072700163,3.3553643,13.422646,4020
5640,0.0013964029595659984,2.0930092,9.7992735,1313
5641,0.012206029525467604,1.9138343,6.3271775,11477
5642,0.008033836981387321,2.1010041,8.398095,7554
5643,0.0012156044042528073,1.9140638,7.5599284,1143
5644,0.0012485735525746245,1.8762192,8.371161,1174
5645,0.004057332285410727,1.6862779,6.2460732,3815
5646,0.0009071833393067758,2.0683148,9.75589,853
5647,0.0023610164282075524,1.3241699,4.181186,2220
5648,3.084210649460316e-05,1.7098557,4.251634,29
5649,0.0037031798211795935,2.1536381,9.080729,3482
5650,0.0014166098569245314,1.7907281,8.234405,1332
5651,0.002285506443341455,1.6956407,8.636911,2149
5652,0.0019855935457042794,2.2764356,9.099742,1867
5653,0.0021876625192896104,2.5294967,12.146498,2057
5654,0.0005477132705076079,1.7355096,7.6858463,515
5655,0.0024748131659635022,2.1236858,6.3576236,2327
5656,0.0015623122220886913,2.0508907,8.635625,1469
5657,0.009307935035888512,2.899705,12.311628,8752
5658,0.0021717097055855054,3.868169,13.147197,2042
5659,0.00189306722622047,3.8126006,11.974534,1780
5660,0.0034575064901363754,3.1656477,12.824493,3251
5661,4.2540836544280225e-06,1.2582642,1.5964756,4
5662,0.0021812813938079686,2.1206844,12.127411,2051
5663,0.0020472777586934858,2.659023,8.180925,1925
5664,0.0014251180242333876,1.491267,4.701049,1340
5665,0.0014261815451469945,1.7373801,6.5297494,1341
5666,0.023065641574308737,1.5743517,4.528134,21688
5667,0.0008040218106868962,1.8996346,8.217468,756
5668,0.0010369328907668305,1.620993,9.563074,975
5669,0.001130522731164247,1.7052007,11.607429,1063
5670,0.002298268694304739,1.8329246,6.8824973,2161
5671,0.0022185046257842136,1.7544229,7.495748,2086
5672,0.0003126751486004597,1.4295136,6.0460763,294
5673,0.001103934708324072,1.6105313,6.172933,1038
5674,0.009789710009752487,1.7688624,6.2543893,9205
5675,0.0005572849587300709,1.7638305,5.906793,524
5676,0.008347575650901388,2.0145879,7.859248,7849
5677,0.0019143376444926102,3.6522784,13.843851,1800
5678,0.0011805082141037762,1.482586,5.196816,1110
5679,0.0005370780613715378,2.1671093,10.813903,505
5680,0.0019334810209375361,2.046621,11.125508,1818
5681,0.0013623702903305742,3.6130917,13.983099,1281
5682,0.0018016044276502675,3.538038,12.253319,1694
5683,0.0014655318189504538,1.9510126,6.1742315,1378
5684,0.016872759294375143,4.8051033,16.7327,15865
5685,0.004824130864121377,4.230489,12.119519,4536
5686,9.252631948380949e-05,1.5247451,3.2307854,87
5687,0.0004009473844298411,1.4495637,4.7098618,377
5688,0.0014517060470735626,2.865444,12.33869,1365
5689,0.00264604003305423,2.164521,8.000269,2488
5690,0.0004158366772203392,2.0216603,7.574898,391
5691,0.002878951113134164,1.5747327,5.8336873,2707
5692,0.00034670781783588384,2.0745885,26.388664,326
5693,0.0008338003962678924,1.8153137,9.351301,784
5694,0.002639658907572588,3.6610863,13.206807,2482
5695,0.0010348058489396165,1.926471,8.726673,973
5696,0.0021270418272140114,1.9605153,7.3169084,2000
5697,0.00015952813704105085,1.2384449,2.7229187,150
5698,6.381125481642033e-06,1.03884,1.4169648,6
5699,0.0016739819180174268,1.897291,7.050516,1574
5700,0.000956105301332698,1.6619607,5.0782084,899
5701,0.009597212724389619,2.4691184,12.285474,9024
5702,0.006887361436518968,1.5938569,4.1864586,6476
5703,0.006323695352307255,2.1887023,7.473381,5946
5704,0.002491829500581214,3.7276464,14.05267,2343
5705,7.338294303888339e-05,1.4573239,4.3540998,69
5706,0.005497339602434612,2.2215264,10.245084,5169
5707,0.0016059165795465785,1.5253373,6.008124,1510
5708,0.0007519092859201529,2.249124,14.67703,707
5709,0.0008837858792074217,2.2080255,12.0657835,831
5710,0.0009795027614320521,3.0584028,13.622617,921
5711,0.003234167098278904,2.6865053,12.276387,3041
5712,0.0010029002215314062,2.3383265,13.320837,943
5713,0.0004349800536652653,2.334468,11.788144,409
5714,0.0005434591868531799,2.159736,10.880911,511
5715,6.806533847084836e-05,2.2735496,7.9363794,64
5716,0.011232907889517193,1.3147689,4.212547,10562
5717,0.009892871538372367,1.4245523,5.3509674,9302
5718,0.002831092672021849,1.5643326,7.3458257,2662
5719,0.0009997096587905853,1.8938758,7.2730823,940
5720,0.00031480219042767367,1.3319651,4.4740024,296
5721,0.009554671887845338,2.768562,10.708123,8984
5722,0.002080246907015303,1.8452371,10.217392,1956
5723,0.0012017786323759163,1.8623582,6.859015,1130
5724,0.0062173432609465545,1.6071279,6.590428,5846
5725,0.002037706070471023,3.8276675,13.736549,1916
5726,0.001917528207233431,1.7888118,8.53453,1803
5727,0.0008540072936264255,1.563364,8.428131,803
5728,0.008861256252173572,3.2648416,12.331612,8332
5729,0.0003584065478855609,1.6714633,6.617638,337
5730,0.002842791402071526,2.3111882,11.544488,2673
5731,0.019713423654619457,2.294811,8.597251,18536
5732,0.010356566656705021,2.9660087,10.973597,9738
5733,0.0015410418038165512,2.0458305,8.3239565,1449
5734,0.00012124138415119864,1.7671839,9.200147,114
5735,4.9985482939529265e-05,1.1196495,2.4203825,47
5736,0.0007200036585119428,1.7713499,8.404077,677
5737,0.0008646425027624956,2.0947819,7.972714,813
5738,0.0006934156356717677,1.8210217,5.728983,652
5739,0.0016314410814731466,1.9741005,7.8353143,1534
5740,0.00189306722622047,2.1333127,8.031628,1780
5741,0.0020111180476308477,1.7742721,7.0617237,1891
5742,0.00031692923225488766,2.4389913,11.5986,298
5743,0.004367880392183972,2.3847244,8.818025,4107
5744,0.0007678620996242581,1.807402,10.090077,722
5745,0.0004679492019870825,2.622718,10.470155,440
5746,0.000749782244092939,1.9370068,8.035201,705
5747,0.012476163837523783,1.8852367,6.8421364,11731
5748,0.0025737206109289535,3.5737317,13.928701,2420
5749,0.0025418149835207435,2.37428,13.1788645,2390
5750,0.0011656189213132783,1.584381,6.9216948,1096
5751,0.00037116879884884494,1.5232447,7.391599,349
5752,7.125590121166937e-05,2.0344105,8.283773,67
5753,0.01243149595915229,2.1176572,8.077559,11689
5754,0.007740305209231787,1.735501,6.1890316,7278
5755,0.0007168130957711218,2.1945167,10.61699,674
5756,8.189111034773943e-05,0.78828835,1.5899959,77
5757,0.0029385082842961563,2.879495,8.607496,2763
5758,0.0002818330421058565,1.3129495,6.1080265,265
5759,0.00012549546780562666,1.4311699,4.9371867,118
5760,0.0027130418506114713,3.19024,11.975232,2551
5761,0.013769405268469901,1.2443072,4.7679973,12947
5762,0.001887749621652435,4.085359,13.909331,1775
5763,0.0023206026334904864,2.8623235,10.229237,2182
5764,0.013423760971547625,2.4017,10.713417,12622
5765,0.0025705300481881324,1.7307322,6.778082,2417
5766,0.0006232232553737053,1.870638,6.728933,586
5767,0.0006763993010540555,1.5787572,9.146514,636
5768,0.00010422504953348655,2.5812294,9.706412,98
5769,0.014869085893139546,3.5030284,12.752151,13981
5770,0.00012336842597841265,2.3991826,8.88065,116
5771,0.01000135067156028,2.0274086,8.958466,9404
5772,0.0034989838057670484,4.938657,15.57493,3290
5773,0.0012421924270929825,1.9437157,9.416374,1168
5774,0.0033671072124797797,2.188235,8.515732,3166
5775,0.005845110941184103,2.9299004,9.016193,5496
5776,0.023022037216850852,2.3127995,8.983879,21647
5777,0.0005743012933477831,2.0606253,12.318103,540
5778,0.000580682418829425,1.430904,5.2692256,546
5779,0.0007051143657214447,1.3598161,6.239889,663
5780,0.001499564488185878,2.093111,14.004973,1410
5781,0.005229332332205646,2.0577626,7.8473125,4917
5782,0.009808853386197414,1.5046933,8.233505,9223
5783,0.04881135585090713,1.2617066,5.4532104,45896
5784,0.00011698730049677062,1.9311873,9.176982,110
5785,0.00696499846321228,2.7841997,11.290011,6549
5786,0.0007104319702894797,2.1576893,11.448151,668
5787,0.000374359361589666,1.6461147,5.892871,352
5788,0.004266845905391306,3.1570032,10.894698,4012
5789,0.0010209800770627254,1.8109463,6.4386363,960
5790,0.0010816007691383247,1.5730647,5.8721905,1017
5791,0.0029193649078512306,4.8780046,12.767564,2745
5792,0.00017654447165876293,1.5194747,6.5313363,166
5793,0.00399564807242152,3.4863813,13.893309,3757
5794,0.0021770273101535407,3.4962025,11.200941,2047
5795,0.011618965981156536,2.42533,9.635592,10925
5796,0.001873923849775544,3.1693063,11.899026,1762
5797,0.0002478003728704323,2.0968888,9.673069,233
5798,0.002832156192935456,2.0018609,6.968527,2663
5799,0.0023876044510477276,1.901328,9.691392,2245
5800,0.00015527405338662282,1.9550697,9.396212,146
5801,0.0006051433998423862,2.3361564,8.875281,569
5802,0.0004392341373196933,2.0637991,11.76153,413
5803,0.0005232522894946468,1.8963097,6.2575154,492
5804,7.976406852052543e-05,1.48058,4.6810126,75
5805,0.0021855354774623966,2.9803119,10.906781,2055
5806,5.317604568035028e-06,1.1513908,1.453852,5
5807,0.0007370199931296549,1.4969996,4.2319684,693
5808,0.0009199455902700599,2.1533387,5.8652463,865
5809,0.0017920327394278044,3.406378,14.272341,1685
5810,0.0034702687410996594,1.7088051,5.8991513,3263
5811,0.01572309318676597,2.4325745,8.637736,14784
5812,0.0022068058957345365,1.9815652,8.429214,2075
5813,0.003769118117823228,3.2299824,13.514863,3544
5814,0.0034787769084085153,3.071102,12.517788,3271
5815,0.0010252341607171534,2.5627432,8.4028425,964
5816,0.002848109006639561,4.3159933,13.4060335,2678
5817,0.001341099872058434,2.6745827,12.822444,1261
5818,0.0058972234659508465,1.5778692,6.1971717,5545
5819,0.0005232522894946468,2.9706004,11.601453,492
5820,0.0013910853549979633,1.5005832,5.338325,1308
5821,9.890744496545152e-05,1.6282254,6.1368046,93
5822,0.0007933866015508262,1.6201817,6.5462146,746
5823,0.003447934801913912,5.2435975,14.308837,3242
5824,0.0013730054994666443,1.8883048,7.9011536,1291
5825,0.0001329401142008757,1.5592734,6.2998247,125
5826,0.004770954818441028,3.2812397,14.72879,4486
5827,0.0038095319125402943,3.089437,11.011116,3582
5828,0.009382381499841004,2.4102209,8.648675,8822
5829,0.00725959375628142,2.0592394,8.6364,6826
5830,3.084210649460316e-05,1.0813397,1.7500306,29
5831,0.002066421135138412,2.4078443,7.5319967,1943
5832,0.0017813975302917345,4.315099,14.307321,1675
5833,0.0006700181755724136,1.6900898,5.8967814,630
5834,0.0002828965630194635,1.8077788,4.7541947,266
5835,0.0019600690437777115,1.5688576,5.5503907,1843
5836,0.0007891325178963982,2.3844593,13.783289,742
5837,0.001295368472773333,2.4696345,10.473498,1218
5838,0.19986004064776933,7.290396,27.096197,187923
5839,0.0005158076430993977,2.7097535,10.307907,485
5840,0.002693898474166545,2.5794356,9.446901,2533
5841,8.401815217495345e-05,3.3915768,12.961954,79
5842,0.0020323884659029876,3.3894029,9.322228,1911
5843,6.381125481642033e-06,1.0392562,1.7662752,6
5844,0.00337774242161585,2.1202707,7.9820104,3176
5845,0.0011464755448683521,2.903171,9.361769,1078
5846,0.0020355790286438087,4.762053,16.459763,1914
5847,0.002800250565527246,4.383548,14.921859,2633
5848,0.0010603303508661846,1.4141058,3.8684592,997
5849,0.0008252922289590363,2.445584,15.05003,776
5850,0.004113698893831898,2.3986833,8.895374,3868
5851,0.0011092523128921068,1.5062033,6.652321,1043
5852,0.0011900799023262393,1.9066281,10.227296,1119
5853,0.003546842246879364,2.6890645,11.019166,3335
5854,0.0033469003151212467,3.1535695,11.154568,3147
5855,0.0015772015148791893,2.562054,10.345741,1483
5856,0.022963543566602466,2.7052386,11.600478,21592
5857,0.0018388276596265128,1.5813037,7.2665176,1729
5858,0.010230007667985788,2.5293376,9.719042,9619
5859,0.002287633485168669,1.9441005,7.3204846,2151
5860,0.00048815609934561556,1.5187385,7.0871253,459
5861,0.001701633461771209,2.2020957,7.8779335,1600
5862,0.00014676588607776678,2.4397516,13.745584,138
5863,0.000748718723179332,1.8549718,7.8562374,704
5864,0.002999128976371756,2.6245835,14.873697,2820
5865,0.003609589980782177,1.5750995,5.772895,3394
5866,0.0035298259122616515,2.9325156,11.790815,3319
5867,0.0016718548761902128,2.198219,8.150833,1572
5868,0.0006838439474493046,2.3557699,10.565334,643
5869,0.00047964793203675955,2.0220091,9.757912,451
5870,0.0017346026100930262,3.86906,12.628717,1631
5871,0.0008901670046890637,1.8935266,8.28897,837
5872,0.00034777133874949083,1.7433045,6.3925953,327
5873,0.0013623702903305742,3.8038166,14.71735,1281
5874,0.0038467551445165392,4.1905146,15.802176,3617
5875,0.004959198020149467,2.6702683,10.399817,4663
5876,0.0003275644413909577,2.3641572,12.630092,308
5877,0.003392631714406348,2.2740932,10.454977,3190
5878,0.0018090490740455165,3.7457705,13.568641,1701
5879,0.0017473648610563102,1.9662522,7.044479,1643
5880,0.0007955136433780402,1.9460672,7.762633,748
5881,0.0004477423046285494,1.7006056,6.72346,421
5882,0.0013006860773413678,1.6055264,8.892821,1223
5883,0.00012230490506480565,2.4850194,9.90141,115
5884,0.0016739819180174268,1.7879541,6.06876,1574
5885,0.0035149366194711534,1.9457433,7.2393622,3305
5886,0.0025684030063609187,3.2714107,12.092663,2415
5887,0.0008306098335270714,1.534334,5.8907275,781
5888,0.0006870345101901256,1.6026382,6.316858,646
5889,0.002894903926838269,4.4028687,13.598775,2722
5890,0.0009954555751361574,1.6551149,5.3553214,936
5891,0.0014921198417906288,2.4339736,9.450441,1403
5892,0.0031405772578814877,3.7133875,12.252493,2953
5893,8.614519400216745e-05,2.124592,8.924811,81
5894,0.0005062359548769346,1.6037433,5.8832755,476
5895,0.000747655202265725,1.8697405,10.627354,703
5896,0.002278061796946206,2.0508842,10.173391,2142
5897,0.004567822323942089,2.6554646,10.524163,4295
5898,0.0036712741937713835,1.6566919,6.3403006,3452
5899,0.004871989305233693,1.3957013,4.197305,4581
5900,0.0032756444139095775,1.4696349,7.51358,3080
5901,0.001126268647509819,2.1116352,8.778445,1059
5902,0.005622835070240239,3.0042045,12.428186,5287
5903,0.0007019238029806237,3.3213303,11.674108,660
5904,0.00012443194689201967,1.6454113,4.7679434,117
5905,0.0050187551913114595,2.609243,11.603413,4719
5906,0.0010773466854838967,2.1029005,7.310429,1013
5907,0.0014602142143824188,1.8463752,7.021918,1373
5908,0.0024939565424084284,2.599553,10.41636,2345
5909,0.006138642713339636,3.5356078,12.446653,5772
5910,0.0007114954912030868,2.260655,8.361634,669
5911,0.0005360145404579308,2.9794297,13.087311,504
5912,0.0013485445184536831,1.496172,6.25881,1268
5913,0.0035000473266806557,2.2050495,11.043447,3291
5914,0.010124719097538693,2.1132958,8.704373,9520
5915,0.001864352161553081,2.793523,11.683838,1753
5916,0.0015633757430022982,2.6074913,13.428407,1470
5917,0.002030261424075774,1.8866719,11.328149,1909
5918,0.004706080042711,1.4811337,5.346408,4425
5919,0.002083437469756124,2.0927854,8.174066,1959
5920,0.004448707981618104,2.852863,12.113086,4183
5921,0.01235279541154537,2.4548886,9.569461,11615
5922,0.01736091539372076,1.262286,4.144246,16324
5923,0.003404330444456025,3.8743875,11.876401,3201
5924,0.0003977568216890201,2.2380314,8.370471,374
5925,0.0012262396133888775,2.1532211,7.704417,1153
5926,0.006883107352864541,2.5222623,9.084572,6472
5927,0.002421637120283152,2.5822875,9.128766,2277
5928,0.003780816847872905,1.6270595,5.475783,3555
5929,0.007202163626946642,2.696685,13.06942,6772
5930,0.0006976697193261957,2.1127758,9.855235,656
5931,0.0008018947688596822,2.4359963,10.591607,754
5932,0.004830511989603019,2.2083142,11.251433,4542
5933,0.0018101125949591236,1.4721977,4.268033,1702
5934,0.0007040508448078377,2.2353902,9.347479,662
5935,0.001723967400956956,2.1293848,8.1220665,1621
5936,0.0051548858682531565,2.220467,7.781501,4847
5937,0.006528954888633407,3.3161314,11.726744,6139
5938,0.00056472960512532,1.8087933,5.9586983,531
5939,0.003769118117823228,2.9670153,12.620359,3544
5940,0.003056559105706534,1.7635434,7.414241,2874
5941,0.0006083339625832072,1.6846083,7.7370358,572
5942,0.001301749598254975,1.4716043,4.9745045,1224
5943,0.0009348348830605579,2.4422493,9.37529,879
5944,0.000553030875075643,1.8833486,9.849842,520
5945,0.0025471325880887783,1.8070143,7.721843,2395
5946,0.006374744356160392,4.114138,16.50473,5994
5947,0.01434902416638572,1.4895507,6.5110846,13492
5948,0.0032884066648728614,2.055621,9.5082035,3092
5949,0.0008316733544406784,2.8869407,9.804567,782
5950,0.0008784682746393866,2.0470598,8.571437,826
5951,0.007437201748853791,3.7011619,13.949485,6993
5952,0.0018324465341448706,2.052483,6.3586206,1723
5953,0.00022972051733911322,2.8958585,13.190425,216
5954,0.0017526824656243453,1.9264233,8.835367,1648
5955,0.001309194244650224,1.7415769,5.995784,1231
5956,0.0021068349298554783,3.845896,13.779165,1981
5957,0.002072802260620054,1.4743404,4.631479,1949
5958,0.002623706093868483,2.4858413,11.479613,2467
5959,0.0004339165327516583,2.0006683,11.879753,408
5960,0.05524991146188394,1.2328005,4.33998,51950
5961,0.001477230549000131,1.8098658,7.0058117,1389
5962,0.0008976116510843127,1.8657931,9.184202,844
5963,0.0006210962135464913,2.9072926,15.282679,584
5964,0.0032565010374646514,1.6235033,4.7990355,3062
5965,0.008148697240056877,1.3614216,5.763464,7662
5966,0.001504882092753913,2.0137181,10.482676,1415
5967,0.012476163837523783,4.333785,15.27257,11731
5968,0.0024035572647518326,3.1278265,10.184666,2260
5969,0.0014527695679871697,1.9154541,8.420757,1366
5970,0.005630279716635488,3.345125,12.078621,5294
5971,0.002125978306300404,4.3826323,15.818305,1999
5972,0.013735372599234477,1.3984284,5.0407486,12915
5973,0.02379947100469757,1.5111682,4.832869,22378
5974,0.0001340036351144827,2.3034434,7.9796715,126
5975,0.003755292345946337,2.250228,10.477735,3531
5976,0.00046263159741904747,1.958331,11.461428,435
5977,0.0005179346849266117,2.268955,11.754159,487
5978,0.0012273031343024844,1.7622324,7.396867,1154
5979,0.0011900799023262393,2.9185019,11.785812,1119
5980,0.007438265269767397,1.5620799,6.699228,6994
5981,0.004617807806881619,2.709009,11.497071,4342
5982,0.0022089329375617507,2.2968805,10.436318,2077
5983,0.0010454410580756864,1.4615093,5.191739,983
5984,0.0003445807760086698,1.5153643,5.383741,324
5985,0.0006817169056220906,2.214631,10.80145,641
5986,0.001333655225663185,1.7064435,7.8177805,1254
5987,0.000956105301332698,1.6543036,6.001118,899
5988,0.0024067478274926537,1.2881805,3.8361363,2263
5989,2.1270418272140114e-05,1.2154152,2.2222462,20
5990,0.002820457462885779,1.7268851,7.0646687,2652
5991,0.0016282505187323257,2.1259701,8.461931,1531
5992,0.0006317314226825613,1.9182967,7.233319,594
5993,0.0010018367006177993,1.631131,5.010463,942
5994,0.002459923873173004,2.142388,7.4719763,2313
5995,8.614519400216745e-05,2.4319756,9.315682,81
5996,0.0007327659094752269,1.6751274,5.271925,689
5997,0.0031161162768685263,1.4988756,5.333159,2930
5998,0.0009699310732095892,2.2843409,9.958703,912
5999,0.004364689829443151,2.3746965,11.576908,4104
6000,0.006186501154451952,1.8338399,6.1265035,5817
6001,0.004105190726523042,2.3989434,8.984483,3860
6002,0.00019568784810368903,1.7954652,5.9575286,184
6003,0.0001510199697321948,2.331876,10.055461,142
6004,0.0007402105558704759,1.635269,4.722378,696
6005,0.0026800727022896543,1.8032868,6.826609,2520
6006,0.0001520834906458018,2.3671823,14.501937,143
6007,0.0006763993010540555,2.3212135,7.4288826,636
6008,8.295463126134644e-05,1.1275556,1.7721629,78
6009,0.0007891325178963982,1.9517413,13.134991,742
6010,0.0027406933943652533,3.6674771,13.747882,2577
6011,3.084210649460316e-05,1.1123458,1.858536,29
6012,0.0009709945941231962,1.8791287,8.092017,913
6013,0.0010603303508661846,2.8325098,9.478533,997
6014,0.0023259202380585212,2.9488137,11.585658,2187
6015,0.004009473844298411,3.9674804,12.472028,3770
6016,0.0003626606315399889,1.5330634,5.188326,341
6017,0.006008893161879582,2.1561327,10.075996,5650
6018,0.0005094265176177557,1.7214015,8.596917,479
6019,0.04603343922456563,3.0109167,12.759627,43284
6020,0.001343226913885648,1.7556968,7.8695726,1263
6021,0.00029353177215553356,1.8048223,9.077157,276
6022,0.009333459537815081,1.5513201,6.978044,8776
6023,0.002093009157978587,1.8871301,8.598926,1968
6024,0.0005934446697927092,2.240374,12.248398,558
6025,5.2112524766743275e-05,1.1476818,1.7341665,49
6026,0.0009135644647884178,2.0154753,11.401531,859
6027,0.0034883485966309786,1.7892749,7.465486,3280
6028,0.0021504392873133655,2.264942,9.666656,2022
6029,0.00042753540727001626,1.7980558,8.276964,402
6030,0.007296816988257665,4.3071713,12.910362,6861
6031,0.001885622579825221,2.8396933,13.728667,1773
6032,0.0027821707099959267,3.2169588,12.102701,2616
6033,0.0006647005710043785,3.7636752,11.763607,625
6034,0.0015442323665573721,1.9170295,7.4942985,1452
6035,0.004813495654985307,2.2388446,7.996774,4526
6036,0.0008444356054039625,1.4561747,3.7398565,794
6037,0.000580682418829425,1.7427294,6.0038867,546
6038,0.0008965481301707058,2.2711449,8.266906,843
6039,0.005402686241123588,1.4881356,6.2195,5080
6040,0.0029385082842961563,2.5430562,9.136219,2763
6041,0.0003626606315399889,1.2981898,4.0082364,341
6042,0.007145797018525471,2.8916328,9.970513,6719
6043,0.01774059235987846,1.6148462,11.36241,16681
6044,0.0012219855297344495,3.322754,13.199856,1149
6045,0.0010677749972614337,1.8659277,7.972303,1004
6046,0.10322108579104154,1.6504939,6.1146774,97056
6047,0.0019185917281470382,2.0174863,6.7807913,1804
6048,0.000563666084211713,2.229764,9.374698,530
6049,0.0012475100316610176,2.684172,9.968321,1173
6050,6.168421298920632e-05,3.1254447,12.934817,58
6051,0.0042966244909723025,1.3724431,4.508558,4040
6052,0.006944791565853746,1.8696073,7.577213,6530
6053,0.0009869474078273012,1.6286918,4.5566573,928
6054,0.00149531040453145,2.0995834,7.293535,1406
6055,0.0005413321450259659,1.843147,5.8038154,509
6056,9.997096587905853e-05,1.5370595,3.3611774,94
6057,0.004348737015739046,1.993226,9.077053,4089
6058,0.003946726110395598,2.3505728,8.245173,3711
6059,0.0016878076898943178,1.3404799,3.7742743,1587
6060,0.0017665082375012363,4.5180984,15.872345,1661
6061,4.679492019870825e-05,1.3084408,3.1613095,44
6062,0.003341582710553212,2.0755491,9.447899,3142
6063,0.0025471325880887783,3.2497523,12.401592,2395
6064,0.0010316152861987954,3.285399,14.414766,970
6065,0.002594991029201094,3.713837,13.168808,2440
6066,0.0008008312479460752,3.7123346,12.882113,753
6067,0.000187179680794833,2.257377,11.131355,176
6068,0.004791161715799561,1.5482724,4.773339,4505
6069,0.0033086135622313944,2.2564037,9.263926,3111
6070,0.007594602844067627,1.9433033,7.764957,7141
6071,0.00211321605533712,2.7033765,10.765104,1987
6072,0.0009582323431599121,1.577654,6.212232,901
6073,0.03203963104332465,1.6135725,5.400555,30126
6074,0.0014825481535681658,1.8847954,10.905738,1394
6075,0.01892748169946388,1.8162771,6.0176253,17797
6076,0.0023588893863803386,1.7839253,6.6818357,2218
6077,0.0015867732031016523,2.4962218,9.097223,1492
6078,0.000940152487628593,2.0416248,7.996901,884
6079,0.0025418149835207435,2.2829108,10.1864605,2390
6080,0.001336845788404006,1.4857858,4.8253264,1257
6081,0.0009922650123953363,1.6365567,6.6827984,933
6082,0.019160392779543813,2.9819064,12.531085,18016
6083,0.0005285698940626817,1.7430477,5.492016,497
6084,0.00130706720282301,1.9472502,8.003314,1229
6085,0.00038499457072573603,6.590061,16.681976,362
6086,0.0007997677270324682,1.6990972,4.789674,752
6087,0.015320018760508916,1.1929511,4.5385585,14405
6088,0.005442036514927048,2.5142121,11.85649,5117
6089,0.0012740980545011928,1.8057878,9.427973,1198
6090,0.0028661888621708802,3.5226948,10.272986,2695
6091,2.1270418272140114e-05,1.1570603,2.0378346,20
6092,0.0010124719097538693,1.7792293,5.166336,952
6093,0.0010103448679266553,1.8332121,8.259508,950
6094,0.00025630854017928836,2.5839727,13.572018,241
6095,0.0006221597344600983,2.365532,9.871342,585
6096,0.000749782244092939,2.1017501,8.609951,705
6097,0.003959488361358882,3.2539861,11.78851,3723
6098,0.0007689256205378651,2.309451,9.635561,723
6099,0.002481194291445144,3.4250226,12.4368105,2333
6100,0.00711070082837644,2.106888,11.325229,6686
6101,0.0014027840850476404,1.8291862,7.3725653,1319
6102,8.614519400216745e-05,1.582079,4.126036,81
6103,0.0026088168010779847,3.1559792,12.236965,2453
6104,0.007899833346272837,1.3434875,4.229431,7428
6105,0.0013123848073910449,1.644202,9.601115,1234
6106,0.00012017786323759164,1.7584058,5.4406147,113
6107,0.0006179056508056703,2.7254336,13.833502,581
6108,0.0008508167308856045,2.3430073,14.304507,800
6109,0.000565793126038927,2.7038693,9.093662,532
6110,0.0025673394854473118,3.1201816,17.643137,2414
6111,0.003772308680564049,3.301115,13.099695,3547
6112,0.004593346825868657,2.5711305,10.704752,4319
6113,0.0007901960388100052,1.4486208,4.337013,743
6114,0.0008540072936264255,1.8781569,5.523877,803
6115,0.006192882279933594,2.6145136,10.224559,5823
6116,0.0005126170803585767,1.6723479,7.822152,482
6117,0.0007710526623650791,2.1025944,8.167574,725
6118,0.004928355913654864,3.250529,12.198155,4634
6119,0.003625542794486282,3.2493653,11.906128,3409
6120,0.0041870818368707815,1.5386465,6.5763617,3937
6121,0.0002818330421058565,1.8893745,6.6956472,265
6122,0.0005753648142613901,2.6778646,11.675651,541
6123,0.014941405315264823,1.1258205,4.148556,14049
6124,0.00024354628921600428,2.1931999,11.677048,229
6125,0.0016420762906092167,2.7181098,9.248082,1544
6126,0.00017867151348597695,1.4916494,3.6914158,168
6127,0.0006944791565853747,1.5383493,4.224574,653
6128,0.0010964900619288228,1.8568196,9.877407,1031
6129,0.00047858441112315255,1.2858852,3.6008294,450
6130,0.0008476261681447834,1.9391248,7.6361804,797
6131,0.0005487767914212149,1.7529539,6.1264524,516
6132,0.001500628009099485,2.9798577,11.638432,1411
6133,0.008088076547981278,1.818916,7.401112,7605
6134,0.0010029002215314062,1.6052909,6.191762,943
6135,0.0010114083888402624,1.7225193,5.8244724,951
6136,0.0006572559246091295,1.6838171,8.849252,618
6137,0.009591895119821585,2.04779,8.260367,9019
6138,0.0027449474780196813,1.3093817,4.819295,2581
6139,0.003418156216332916,4.011163,13.514455,3214
6140,0.0004328530118380513,1.7181891,6.5294046,407
6141,0.0008529437727128185,1.7132939,8.107843,802
6142,0.0006966061984125887,1.721595,9.071809,655
6143,0.0002967223348963546,2.0786352,9.827752,279
6144,0.0025886099037194517,3.6044643,13.047279,2434
6145,0.0009901379705681223,1.6996037,6.945705,931
6146,0.05548494958379109,1.361567,4.975389,52171
6147,0.00812636330087113,2.4345844,9.231337,7641
6148,0.00048071145295036654,1.9558165,9.653952,452
6149,0.1700888997131684,8.176426,30.185266,159930
6150,0.012337906118754871,2.0558913,7.3013997,11601
6151,4.9985482939529265e-05,1.1268209,2.6388395,47
6152,0.004891132681678619,2.187023,10.562716,4599
6153,0.0006530018409547014,1.8934048,7.6810765,614
6154,0.0042477025289463805,3.7204988,13.18429,3994
6155,0.003270326809341542,5.674033,13.7506075,3075
6156,0.00023610164282075524,1.3738803,5.277856,222
6157,0.001329401142008757,1.9683969,6.7056475,1250
6158,0.0019132741235790031,3.5183227,12.685703,1799
6159,0.0847849507536641,2.8127675,10.898155,79721
6160,0.0019962287548403496,2.4334238,9.631218,1877
6161,0.0009039927765659548,3.8332155,13.652416,850
6162,0.003198007387216266,2.3834975,9.32345,3007
6163,0.0013262105792679361,1.9590664,11.6098385,1247
6164,0.00021376770363500813,1.5310045,4.5853295,201
6165,0.006501303344879626,2.154053,11.1288395,6113
6166,0.0007008602820670168,1.9107163,5.943193,659
6167,0.0032830890603048266,2.1715307,7.161638,3087
6168,0.0033756153797886356,3.499284,16.01321,3174
6169,0.0005296334149762888,2.3206785,10.881072,498
6170,0.008201873285737227,1.548459,5.8186765,7712
6171,0.0014198004196653525,2.693378,12.145129,1335
6172,0.0017484283819699173,1.5481342,8.620538,1644
6173,0.004806051008590059,2.9754925,11.279568,4519
6174,0.00988436337106351,1.9939148,8.97655,9294
6175,0.0017601271120195943,3.81696,17.86573,1655
6176,0.003720196155797306,2.4024734,9.664314,3498
6177,0.0025737206109289535,5.968017,18.297415,2420
6178,0.0025237351279894242,2.0033727,7.703852,2373
6179,0.000378613445244094,2.0833213,9.137939,356
6180,0.0013591797275897533,2.0218701,9.467623,1278
6181,0.0010369328907668305,1.9947529,7.5433483,975
6182,0.0027481380407605024,2.405008,11.737781,2584
6183,0.00045731399285101244,2.2922063,10.68617,430
6184,0.00116136483765885,2.355845,8.862717,1092
6185,0.00261413440564602,4.186529,12.724304,2458
6186,0.003747847699551088,3.2344747,11.046101,3524
6187,0.00038818513346655707,1.8146813,8.757277,365
6188,0.0010911724573607878,1.4662969,3.5407891,1026
6189,0.004795415799453988,3.6989727,11.945839,4509
6190,0.00013825771876891074,2.1795843,9.39173,130
6191,0.0006934156356717677,2.0516295,8.587941,652
6192,0.0009135644647884178,3.4305286,11.548579,859
6193,0.003389441151665527,2.7644558,8.005507,3187
6194,0.0066682761283159255,1.8944623,8.428408,6270
6195,0.0014091652105292824,1.4104253,4.525826,1325
6196,0.0023748422000844436,2.4112146,10.362427,2233
6197,0.00036797823610802395,1.8394314,7.53325,346
6198,0.0008189111034773944,2.4939518,10.448876,770
6199,0.00029459529306914055,1.3828478,3.7094388,277
6200,0.026273220649747468,1.3316982,4.8499165,24704
6201,0.0007231942212527639,1.8129863,6.00161,680
6202,0.009455764442879887,8.5257,20.380129,8891
6203,0.0006838439474493046,1.4535079,5.394012,643
6204,0.0010890454155335738,1.8976096,8.34529,1024
6205,0.0014804211117409518,2.1019852,7.2777524,1392
6206,0.0014623412562096328,1.7160804,7.4786596,1375
6207,0.0007997677270324682,3.4103727,14.508716,752
6208,0.000773179704192293,1.2327496,3.4229562,727
6209,0.020299423678016917,1.8913554,6.910082,19087
6210,0.05758646690907853,1.1616856,3.52863,54147
6211,0.0001669727834362999,2.2967439,11.20344,157
6212,0.0008465626472311765,1.9915675,10.920388,796
6213,0.00710325618198119,3.3435197,15.420258,6679
6214,0.002050468321434307,1.9536835,8.662844,1928
6215,0.0026885808695985103,1.4086257,4.3639007,2528
6216,0.002073865781533661,3.8841805,14.126125,1950
6217,0.00042647188635640927,2.4148822,9.649807,401
6218,0.0003179927531684947,1.8317063,9.04769,299
6219,0.009665278062860468,1.1908134,4.0243893,9088
6220,0.003037415729261608,1.6884696,6.1541343,2856
6221,0.0033341380641579627,2.1492155,9.146528,3135
6222,6.806533847084836e-05,1.1662648,2.552531,64
6223,0.003364980170652566,1.7181233,7.623407,3164
6224,0.0008816588373802077,2.1852884,8.612416,829
6225,0.010021557568918813,3.503233,11.026579,9423
6226,6.593829664363434e-05,1.7263628,4.3079324,62
6227,0.0002839600839330705,1.7781969,7.3643117,267
6228,0.01404379366418051,1.550984,5.982093,13205
6229,0.0006657640919179855,1.6068332,4.9988914,626
6230,0.00055409439598925,2.4614372,13.2475,521
6231,0.03961509051094735,2.699494,9.63819,37249
6232,0.000756163369574581,2.1503568,11.896382,711
6233,0.0040339348253113725,1.7334658,6.7505174,3793
6234,1.2762250963284067e-05,0.901172,1.1882242,12
6235,0.0023131579870952373,1.5994513,5.198729,2175
6236,0.0012198584879072355,1.9060485,9.456672,1147
6237,0.006576813329745723,1.4579176,5.408398,6184
6238,0.0004243448445291952,2.493722,10.339664,399
6239,0.001864352161553081,3.1787395,10.739869,1753
6240,0.0007380835140432619,2.8452318,9.909064,694
6241,0.0009029292556523477,1.5027704,5.866556,849
6242,0.009048435932968404,2.5711112,11.15197,8508
6243,0.0023961126183565835,1.8723184,8.845947,2253
6244,0.0017643811956740223,4.1674733,12.120999,1659
6245,0.0018133031576999445,2.5751495,11.259694,1705
6246,0.010938312596448053,1.6503845,5.771235,10285
6247,0.0006753357801404486,1.7449435,12.3318405,635
6248,0.0074627262507803585,1.8556527,6.367774,7017
6249,0.0025896734246330586,3.8187058,18.115788,2435
6250,3.084210649460316e-05,1.044037,1.9835848,29
6251,0.0043285301183805126,1.9343249,7.187546,4070
6252,0.0009773757196048381,2.1714613,7.739129,919
6253,0.006372617314333178,2.0417204,7.992601,5992
6254,0.0011007441455832508,2.6477907,8.778368,1035
6255,0.0011507296285227801,1.3612401,3.9645836,1082
6256,0.0006615100082635575,1.6466966,5.6579137,622
6257,0.003626606315399889,2.8463635,11.369662,3410
6258,0.000568983688779748,1.6740239,6.4105053,535
6259,0.0012039056742031303,1.9891036,9.43651,1132
6260,0.0014729764653457027,1.8263309,6.0029697,1385
6261,0.010522475919227713,2.6808562,10.600947,9894
6262,0.0025141634397669614,2.909988,9.2580185,2364
6263,0.003360726086998138,2.7537935,9.470622,3160
6264,0.0002690707911425724,2.1498666,7.0508733,253
6265,0.0001329401142008757,2.4651177,11.446536,125
6266,0.0016792995225854619,2.1777265,10.116096,1579
6267,0.0009284537575789159,2.4735863,12.21766,873
6268,0.0005594120005572849,1.7592889,6.7167354,526
6269,0.0002967223348963546,1.9354497,5.433356,279
6270,0.0024035572647518326,1.6527416,6.318739,2260
6271,0.0014665953398640607,2.0777688,9.301208,1379
6272,0.009890744496545152,2.7444646,10.852001,9300
6273,0.0005838729815702461,1.8531545,7.407285,549
6274,0.00112945921025064,1.7256937,5.875947,1062
6275,0.0019696407320001744,1.6020771,7.303857,1852
6276,0.005253793313218608,2.5833526,10.184279,4940
6277,0.001921782290887859,4.3430676,13.74239,1807
6278,1.701633461771209e-05,1.1891452,1.9381479,16
6279,0.0027268676224883625,4.006643,12.162449,2564
6280,0.004030744262570551,3.133481,11.668852,3790
6281,0.0036967986956979513,1.2185589,5.357155,3476
6282,0.005211252476674327,1.8001842,8.720789,4900
6283,0.015926225681264908,2.8897543,11.845038,14975
6284,0.002476940207790716,2.396564,9.002814,2329
6285,0.0010550127462981495,1.950424,8.752386,992
6286,0.0017569365492787732,1.678567,7.0288982,1652
6287,0.002685390306857689,2.8193676,10.563351,2525
6288,0.0032756444139095775,3.7720346,11.786278,3080
6289,0.002828965630194635,2.7952976,10.91869,2660
6290,0.0023312378426265565,2.1203537,9.825293,2192
6291,0.000553030875075643,2.5952578,10.579298,520
6292,0.00013932123968251773,1.9946761,8.367681,131
6293,0.0023982396601837977,1.463707,4.4716997,2255
6294,0.00209194563706498,1.9417645,7.443772,1967
6295,0.0013400363511448272,1.5257249,5.5408416,1260
6296,0.001123078084768998,1.5050247,5.2080793,1056
6297,0.0017718258420692714,1.8282548,8.133455,1666
6298,0.0027736625426870707,1.3787242,4.3893833,2608
6299,0.040689246633690425,3.0755394,11.921508,38259
6300,0.003602145334386928,1.6507481,5.713251,3387
6301,0.0019260363745422873,2.616252,11.785211,1811
6302,0.00025843558200650235,2.5316231,13.476819,243
6303,0.0018186207622679796,2.8424304,15.015028,1710
6304,0.00028715064667389153,2.5693705,13.465713,270
6305,0.0031544030297583786,3.0343423,9.37205,2966
6306,0.0032054520336115147,1.8421983,6.5071945,3014
6307,0.00887933610770489,2.7538366,11.5446205,8349
6308,0.0007125590121166938,1.8904337,9.992356,670
6309,0.0004381706164060863,1.5998868,4.022991,412
6310,0.0016261234769051117,2.3057091,10.753839,1529
6311,0.002080246907015303,1.9091926,6.6906233,1956
6312,0.0040658404527195826,2.6190233,11.107668,3823
6313,0.0028098222537497088,1.6052433,6.7185817,2642
6314,0.0006625735291771645,1.8494195,6.1517954,623
6315,0.002389731492874942,3.3496206,12.145796,2247
6316,0.002291887568823097,3.9379082,11.754479,2155
6317,0.002268490108723743,2.2461958,8.075357,2133
6318,3.296914832181717e-05,1.3305659,2.789161,31
6319,0.0003360726086998138,2.0673692,10.751816,316
6320,0.0012379383434385546,3.0532131,14.700371,1164
6321,0.000187179680794833,1.902477,5.800209,176
6322,0.001106061750151286,1.9631976,6.5737267,1040
6323,0.0014102287314428895,2.1999507,7.2641625,1326
6324,6.806533847084836e-05,1.3705024,3.1054468,64
6325,0.001696315857203174,2.8511708,11.95035,1595
6326,0.006140769755166851,1.6175858,5.208664,5774
6327,0.030288012098613912,1.2752969,4.0137243,28479
6328,0.008269938624208075,1.9584305,7.572851,7776
6329,0.0001531470115594088,1.4949098,4.4150243,144
6330,0.002649230595795051,3.333261,12.85989,2491
6331,0.0001712268670907279,2.137619,8.699057,161
6332,0.00027438839571060743,2.191168,12.002041,258
6333,0.001301749598254975,1.6960301,5.844911,1224
6334,0.001686744168980711,1.4965919,5.389802,1586
6335,0.0010411869744212585,2.0576024,10.694149,979
6336,4.466787837149424e-05,1.1715736,2.1419592,42
6337,0.0005189982058402188,2.3808007,14.412763,488
6338,0.0016346316442139676,3.6184342,12.288135,1537
6339,0.0027938694400456037,1.6952088,5.663905,2627
6340,0.015690124038444154,1.9087969,8.188365,14753
6341,0.0048571000124431945,3.7575057,15.475856,4567
6342,0.0008752777118985656,1.8805859,9.176027,823
6343,0.0021195971808187623,1.3753031,5.539039,1993
6344,0.0007944501224644332,1.6452966,5.4238544,747
6345,0.0004339165327516583,3.0822384,14.989357,408
6346,0.0016559020624861078,1.9473097,10.265184,1557
6347,0.0005051724339633276,1.8874557,9.300092,475
6348,0.0015761379939655824,2.9698331,12.227269,1482
6349,0.0004169001981339462,1.3806944,4.087649,392
6350,0.002602435675596343,3.8709452,11.928953,2447
6351,0.0006732087383132346,1.5449404,6.30174,633
6352,0.0019132741235790031,1.5560532,7.181245,1799
6353,0.0007901960388100052,2.355973,9.588641,743
6354,0.0007901960388100052,1.8257402,7.698449,743
6355,0.0023961126183565835,1.4238192,9.870072,2253
6356,0.006214152698205734,2.3066032,10.964035,5843
6357,0.0012719710126739788,1.9516101,7.467098,1196
6358,0.002041960154125451,3.2056787,12.213743,1920
6359,0.010585223653130527,2.0061476,8.346247,9953
6360,0.018119205805122555,1.9558128,10.094035,17037
6361,0.002437589933987257,3.3608313,13.589685,2292
6362,0.0007710526623650791,1.7091993,6.264384,725
6363,0.0025971180710283076,2.9030206,13.428055,2442
6364,0.0005721742515205691,1.5976906,7.3465824,538
6365,0.005722806036119297,1.7071455,5.6027303,5381
6366,0.004032871304397765,2.2538383,9.979234,3792
6367,0.003902058232024104,1.9173664,8.180805,3669
6368,0.007420185414236078,2.1402853,9.805427,6977
6369,0.0025481961090023856,2.8261962,11.064384,2396
6370,0.0036702106728577766,1.7456249,8.511683,3451
6371,0.0019483703137280343,2.3732743,14.796105,1832
6372,0.0009156915066156319,1.6419551,5.0371757,861
6373,0.00149531040453145,1.9278457,8.68178,1406
6374,0.0006604464873499505,1.6628073,6.6488676,621
6375,0.0016676007925357848,1.9350697,7.676388,1568
6376,7.44464639524904e-05,1.3876483,3.041985,70
6377,0.002104707888028264,1.5220429,7.110322,1979
6378,0.0002669437493153584,1.213312,2.7357295,251
6379,0.00032969148321817176,2.1760924,6.9680605,310
6380,0.0035532233723610056,3.8007023,13.981765,3341
6381,0.006743786113182023,3.835795,13.978658,6341
6382,0.0023939855765293698,1.9151269,8.048112,2251
6383,0.006642751626389357,1.7776682,8.868415,6246
6384,0.003369234254306994,1.6460559,6.305495,3168
6385,0.0021940436447712526,2.1098804,8.576601,2063
6386,0.0010433140162484724,1.5531232,8.733037,981
6387,0.0026683739722399773,2.6760669,11.1760845,2509
6388,0.0023578258654667313,2.2560158,8.914243,2217
6389,0.006052497519337469,2.4233148,9.295231,5691
6390,0.0004339165327516583,1.4251536,4.2779956,408
6391,0.004356181662134295,2.1968083,11.060246,4096
6392,0.0003498983805767048,1.9026548,9.70006,329
6393,0.005364399488233736,2.4340427,7.584481,5044
6394,0.0023727151582572294,1.8717824,8.106152,2231
6395,0.0008189111034773944,1.9722466,9.745061,770
6396,0.0021663921010174705,3.492931,12.759471,2037
6397,0.0005594120005572849,1.4905063,7.301536,526
6398,0.0015016915300130919,1.757527,6.361449,1412
6399,0.0013847042295163214,3.2512805,15.658169,1302
6400,0.0001722903880043349,1.6754034,9.191403,162
6401,0.0012804791799828348,1.981379,9.279597,1204
6402,0.00047964793203675955,1.3871675,5.2269435,451
6403,0.000747655202265725,2.359138,8.689038,703
6404,0.00011698730049677062,3.0542855,17.299618,110
6405,0.0029725409535315806,3.3503852,14.766373,2795
6406,0.0016527114997452867,1.5958633,6.641672,1554
6407,0.00036159711062638193,3.25918,13.133929,340
6408,0.00042859892818362326,2.23415,9.624785,403
6409,0.016534559643848118,1.5045842,4.1540356,15547
6410,0.0024992741469764632,3.0207593,13.036271,2350
6411,0.0005721742515205691,1.6997831,5.5004544,538
6412,0.002326983758972128,1.6329099,7.2884617,2188
6413,0.005614326902931383,2.720503,12.269495,5279
6414,0.0016239964350778975,2.0775099,6.532278,1527
6415,0.001710141629080065,2.319986,8.666868,1608
6416,8.933575674298847e-05,1.3677151,3.6110163,84
6417,0.0063619821051971075,3.0803394,13.291219,5982
6418,0.0017622541538468083,1.621029,4.526496,1657
6419,0.001343226913885648,3.5735223,14.426214,1263
6420,0.002618388489300448,3.146008,11.060967,2462
6421,0.03154828438123822,1.6272818,9.497803,29664
6422,0.009927967728521397,2.248121,8.055219,9335
6423,0.0070266826762014865,1.4988432,4.9055567,6607
6424,0.0025801017364105957,3.6502874,14.553235,2426
6425,0.002286569964255062,2.7943523,10.781284,2150
6426,0.0019068929980973611,1.977147,6.5497575,1793
6427,0.0014336261915422436,1.6801702,6.657227,1348
6428,0.000761480974142616,1.8491818,6.5991173,716
6429,0.013040893442649103,2.4147546,10.807871,12262
6430,0.00030735754403242465,2.0946338,8.026061,289
6431,0.0015878367240152594,1.7695518,8.762181,1493
6432,0.0004541234301101914,1.9456152,10.735993,427
6433,0.0013357822674903992,1.8484751,7.36749,1256
6434,0.0010709655600022547,1.9269781,8.326885,1007
6435,0.0006051433998423862,2.2875273,8.400419,569
6436,0.002285506443341455,4.4651227,14.422928,2149
6437,0.001124141605682605,1.8986275,9.22939,1057
6438,0.0015516770129526212,1.7120625,7.421745,1459
6439,0.0009763121986912311,1.555346,7.6182013,918
6440,0.0006753357801404486,2.3754058,14.661193,635
6441,0.004493375859989599,2.7830162,9.920082,4225
6442,0.005623898591153846,2.3176415,8.560258,5288
6443,0.00021057714089418712,1.9825076,7.252317,198
6444,0.0035234447867800098,3.7025204,12.700188,3313
6445,0.0018590345569850458,2.1228232,8.591812,1748
6446,0.0010730926018294687,1.8066796,6.1929116,1009
6447,1.8079855531319095e-05,1.1587195,2.036703,17
6448,0.002993811371803721,2.5762293,9.955515,2815
6449,0.0003658511942808099,1.9761577,8.134095,344
6450,0.0037276408021925545,1.7013541,6.0852747,3505
6451,0.004108381289263862,2.629083,11.297251,3863
6452,0.0029066026568879463,2.3063164,9.831417,2733
6453,0.00031054810677324564,1.2155987,2.9907463,292
6454,0.0027736625426870707,3.6876965,13.908002,2608
6455,0.0010784102063975036,1.6782385,5.911712,1014
6456,0.001504882092753913,2.794485,15.488941,1415
6457,0.0023365554471945914,1.5709705,4.822715,2197
6458,0.0008348639171814994,2.8429186,10.918442,785
6459,0.0025258621698166384,2.1938267,9.435286,2375
6460,0.013055782735439602,2.0652397,9.526327,12276
6461,0.0010379964116804376,1.9698445,12.074069,976
6462,0.0013538621230217182,3.2273293,12.153848,1273
6463,0.007107510265635619,2.5278413,10.733308,6683
6464,0.0020515318423479137,1.4019954,5.5171375,1929
6465,0.0004700762438142965,2.0504177,7.5189767,442
6466,0.0001499564488185878,1.553857,4.7309904,141
6467,0.00435086405756626,1.5161961,5.5369325,4091
6468,0.0030469874174840713,2.3492057,10.88138,2865
6469,8.720871491577446e-05,1.5892062,3.9215293,82
6470,0.007782846045776067,1.7832168,9.395702,7318
6471,0.0012198584879072355,1.9415271,7.710446,1147
6472,0.0014027840850476404,2.1135523,9.0928545,1319
6473,0.004004156239730376,3.102201,12.26465,3765
6474,0.0007029873238942307,2.2401214,11.637795,661
6475,0.0016431398115228236,2.2009244,8.67379,1545
6476,0.0030757024821514603,2.874211,11.065806,2892
6477,0.005622835070240239,3.470164,14.442899,5287
6478,0.0008391180008359275,1.6391492,5.815394,789
6479,0.003958424840445275,2.8039792,9.87123,3722
6480,0.002852363090293989,2.5816104,10.582425,2682
6481,0.002079183386101696,2.05131,8.172739,1955
6482,0.004586965700387015,3.6026669,11.8303,4313
6483,0.005180410370179724,1.4048517,4.199731,4871
6484,0.016028323688971183,1.8766258,7.72757,15071
6485,0.0013613067694169673,3.135037,12.907207,1280
6486,0.0015559310966070492,2.5539975,9.701694,1463
6487,0.031213275293452008,2.1225312,8.427963,29349
6488,0.006681038379279209,2.3694787,9.220895,6282
6489,0.0015176443437171971,1.9537249,7.825867,1427
6490,0.0006136515671512422,1.5286782,5.116838,577
6491,0.0023471906563306616,4.2192645,14.084438,2207
6492,0.0051548858682531565,2.6845887,10.464988,4847
6493,0.00017973503439958394,2.0631316,9.574459,169
6494,0.00027864247936503547,2.0654352,11.01145,262
6495,0.0009231361530108808,1.4380674,5.2324257,868
6496,0.0003190562740821017,1.4464748,3.6220193,300
6497,9.997096587905853e-05,1.3422787,3.0183225,94
6498,0.00031586571134128066,1.786155,7.348202,297
6499,0.01699400067852634,1.6080871,5.0387135,15979
6500,0.0025311797743846733,2.3351662,10.782423,2380
6501,0.010451220018016044,1.7711653,5.892436,9827
6502,0.06501728753245069,1.587888,5.7788825,61134
6503,0.001502755050926699,2.8727238,8.769472,1413
6504,0.0010114083888402624,1.6840869,9.990681,951
6505,0.0009688675522959822,2.2139454,16.851912,911
6506,0.004396595456851361,1.8390521,7.4791284,4134
6507,0.002868315903998094,2.3188035,8.445949,2697
6508,0.0005370780613715378,1.9938136,8.420379,505
6509,0.0911916007372327,2.063976,14.089784,85745
6510,0.0008859129210346357,3.126842,9.695347,833
6511,0.0010145989515810833,2.5183196,8.242546,954
6512,0.0008540072936264255,1.6018759,10.885195,803
6513,0.026506131729827402,2.3293767,8.687956,24923
6514,0.008596439544685426,1.7136034,5.9245687,8083
6515,0.0033107406040586086,3.0086951,13.608152,3113
6516,0.08420107777209385,1.7424972,8.73434,79172
6517,0.005075121799732631,2.324949,11.103847,4772
6518,0.0008561343354536395,2.0845273,8.752017,805
6519,0.0012581452407970876,2.4487388,10.102578,1183
6520,0.008877209065877675,2.9139853,11.851592,8347
6521,2.9778585580996157e-05,1.3713387,2.9526398,28
6522,0.004746493837428066,2.6075673,9.932354,4463
6523,5.104900385313627e-05,0.991093,2.396737,48
6524,0.002641785949399802,2.4491138,9.521334,2484
6525,0.0010784102063975036,2.1601932,8.244897,1014
6526,0.0012166679251664145,1.8240955,11.534826,1144
6527,0.0027853612727367478,2.069611,7.533185,2619
6528,0.0004700762438142965,1.9681768,8.268026,442
6529,0.004234940277983096,1.4398248,3.4429023,3982
6530,0.0023769692419116574,3.2181702,10.070785,2235
6531,0.0049900401266440705,2.9267623,11.219433,4692
6532,0.001894130747134077,2.2079318,7.833152,1781
6533,0.0007348929513024409,1.6372985,5.8611116,691
6534,0.0028693794249117013,2.649399,8.530825,2698
6535,0.0014517060470735626,2.0527809,10.092886,1365
6536,0.0033064865204041807,1.3629726,6.178238,3109
6537,0.00796683516383008,1.4220157,5.3716884,7491
6538,0.007069223512745766,1.7388864,5.989561,6647
6539,0.0023163485498360584,3.4649012,10.948897,2178
6540,0.003519190703125582,3.6566477,12.344271,3309
6541,0.007744559292886215,2.8307698,11.086425,7282
6542,0.014806338159236732,1.9310751,7.6383348,13922
6543,0.009180312526255672,1.1983079,5.624014,8632
6544,0.002268490108723743,3.4965847,13.420869,2133
6545,0.00027332487479700044,2.7331471,12.837089,257
6546,0.0023259202380585212,3.8883102,11.374686,2187
6547,0.005842983899356889,1.9612371,11.83019,5494
6548,0.0017175862754753141,1.8389275,7.092787,1615
6549,0.002405684306579047,4.194629,12.612632,2262
6550,0.0019621960856049253,1.7000315,6.1803784,1845
6551,0.0008667695445897096,1.6272109,8.666358,815
6552,0.0007753067460195071,2.4973428,11.811898,729
6553,0.00305443206387932,2.0731642,7.547876,2872
6554,0.0022025518120801085,1.6478969,5.7775245,2071
6555,0.0023610164282075524,3.4166148,9.946931,2220
6556,0.009274965887566697,3.4338706,16.488226,8721
6557,0.002459923873173004,1.9700907,7.0795336,2313
6558,0.0014495790052463486,1.3954556,4.846111,1363
6559,0.004401913061419396,2.0511906,9.448205,4139
6560,0.00040839203082509014,2.0691094,7.960703,384
6561,0.010416123827867014,1.9840848,12.314591,9794
6562,0.004730541023723961,2.281157,8.887821,4448
6563,0.001327274100181543,2.2166452,10.744977,1248
6564,0.0014921198417906288,2.2440362,8.687109,1403
6565,0.0002977858558099616,2.2055948,10.64535,280
6566,0.0029140473032831953,2.6873071,9.58203,2740
6567,0.013563082211230143,2.239266,9.929166,12753
6568,0.04133267678642267,2.7188046,10.453059,38864
6569,0.0039616154031860955,2.8420541,11.820486,3725
6570,0.002460987394086611,1.7153314,8.043708,2314
6571,0.0007178766166847288,1.9643854,7.6766586,675
6572,0.0014357532333694576,3.4974163,14.370907,1350
6573,0.0026088168010779847,2.359228,12.248705,2453
6574,0.0009603593849871261,2.1723807,9.5040655,903
6575,0.004995357731212105,2.5644007,11.232613,4697
6576,0.005739822370737009,2.7898703,9.968492,5397
6577,0.000570047209693355,1.6071615,6.3089795,536
6578,0.002273807713291778,3.178578,11.9969,2138
6579,0.0024865118960131793,3.425376,12.609225,2338
6580,0.0038946135856288548,3.152611,14.214855,3662
6581,0.0008678330655033166,1.6356702,5.0455527,816
6582,0.00045731399285101244,2.0294633,11.643209,430
6583,0.0008050853316005032,2.149497,14.920057,757
6584,0.0012826062218100488,2.231599,7.4176793,1206
6585,0.0006444936736458454,2.1172247,7.687538,606
6586,0.0003201197949957087,2.1033578,11.598211,301
6587,0.0010443775371620796,2.559364,10.92511,982
6588,0.02426529316485744,1.6527132,5.8573,22816
6589,0.005665375906784519,2.3718073,9.688531,5327
6590,0.001525088990112446,3.4880552,13.260763,1434
6591,0.0010177895143219044,2.4107397,10.46849,957
6592,0.0004541234301101914,1.8827153,8.523319,427
6593,0.0014942468836178428,1.4248798,6.203242,1405
6594,0.0001701633461771209,2.1773326,8.939444,160
6595,0.0010847913318791458,1.5493448,5.095018,1020
6596,0.002999128976371756,1.8698568,8.773937,2820
6597,0.0015527405338662283,1.9775801,8.443129,1460
6598,0.0023525082608986964,2.3252428,7.5547104,2212
6599,0.0028970309686654834,1.8844452,7.4181595,2724
6600,0.003596827729818893,1.6818304,6.329002,3382
6601,0.0011709365258813131,2.0927846,7.889925,1101
6602,0.002822584504712993,1.9102795,6.315362,2654
6603,0.02004205161692402,2.0695162,9.62787,18845
6604,0.0037297678440197687,1.6270397,5.7929025,3507
6605,0.0019377351045919643,1.6598822,7.2003326,1822
6606,0.002618388489300448,4.158212,16.146671,2462
6607,0.001327274100181543,2.6019416,10.93046,1248
6608,0.0015559310966070492,1.8913494,6.451152,1463
6609,0.004547615426583556,2.8321166,11.026952,4276
6610,0.02165860340560667,1.818491,9.515481,20365
6611,0.0003956297798618061,1.7853535,11.938017,372
6612,0.002014308610371669,2.6052995,9.857263,1894
6613,0.0005828094606566391,2.005699,10.497435,548
6614,0.015389147619893372,2.5614507,10.166219,14470
6615,0.0010145989515810833,3.6631396,11.469432,954
6616,0.0005434591868531799,2.0752804,8.230863,511
6617,0.0009093103811339898,2.090602,8.811159,855
6618,0.0012836697427236559,2.4377959,12.694257,1207
6619,0.0036797823610802394,3.6903625,11.970895,3460
6620,0.0012794156590692277,2.6322734,9.366028,1203
6621,0.0045189003619161665,2.256807,8.3561125,4249
6622,0.0048730528261473,2.9399111,12.635733,4582
6623,0.0027874883145639615,2.4762166,11.735173,2621
6624,0.0002594991029201094,2.3312495,8.101648,244
6625,0.003962678924099703,2.0455701,8.129831,3726
6626,5.317604568035028e-06,1.2195477,1.7827504,5
6627,0.008028519376819285,2.6911154,12.262995,7549
6628,0.0019334810209375361,4.438822,12.814671,1818
6629,0.0004987913084816857,2.3151276,17.701946,469
6630,0.0009050562974795618,2.072642,7.244324,851
6631,0.0014463884425055277,1.5659441,5.1810727,1360
6632,0.0009295172784925229,2.0248735,9.501863,874
6633,0.0013262105792679361,2.387252,10.014791,1247
6634,0.0025216080861622104,3.1890352,12.080496,2371
6635,0.0010124719097538693,1.5868857,4.9326544,952
6636,0.011623220064810964,2.3743181,7.954744,10929
6637,0.0007178766166847288,2.0081751,7.434773,675
6638,0.00012762250963284068,2.084229,7.852828,120
6639,0.0019909111502723147,2.552719,8.929016,1872
6640,0.0006689546546588066,1.8386678,8.304693,629
6641,0.0005945081907063162,1.9264836,11.364397,559
6642,0.002416319515715117,3.2790544,10.680141,2272
6643,0.0022419020858835677,1.5125465,5.0551043,2108
6644,0.0042849257609226254,1.8445725,6.2196712,4029
6645,0.0006136515671512422,1.7837758,9.034046,577
6646,0.000379676966157701,2.2533586,10.107305,357
6647,0.00187179680794833,1.6325812,6.274509,1760
6648,0.0015644392639159053,3.181523,10.395222,1471
6649,0.001137967377559496,2.4306872,12.9070635,1070
6650,0.004552933031151591,2.1919367,8.433694,4281
6651,0.0016473938951772518,1.609454,5.8615327,1549
6652,0.0008816588373802077,2.1944082,8.603768,829
6653,0.0014134192941837106,4.0235357,14.419514,1329
6654,0.008980370594497555,2.4051654,9.4476595,8444
6655,0.009580196389771907,2.720712,13.239329,9008
6656,0.0019387986255055712,1.8006352,7.6859403,1823
6657,0.0024705590823090743,4.014075,13.052681,2323
6658,0.0036553213800672784,2.722828,12.373434,3437
6659,0.00042540836544280227,2.2906787,15.891739,400
6660,0.004909212537209938,5.4085674,15.9304495,4616
6661,0.0005434591868531799,3.3644488,16.531015,511
6662,0.002676882139548833,3.4025722,11.7946615,2517
6663,0.0005434591868531799,2.1772583,6.3768573,511
6664,0.004601854993177513,1.9306302,7.382863,4327
6665,0.00278110718908232,1.4256171,4.735166,2615
6666,0.0017356661310066331,2.5966604,9.905165,1632
6667,0.00024035572647518327,2.406841,11.957867,226
6668,0.0006040798789287792,2.0360162,11.231051,568
6669,0.007650969452488799,2.4318366,11.04756,7194
6670,0.00250033766789007,4.2379637,15.392791,2351
6671,0.006487477573002734,1.8685204,7.32714,6100
6672,0.0019813394620498514,3.6222074,10.75731,1863
6673,0.0044816771299399216,2.3419435,8.709552,4214
6674,0.00010954265410152158,1.5707841,4.715906,103
6675,0.0005179346849266117,2.2781122,13.997354,487
6676,0.015857096821880454,2.5743835,9.888417,14910
6677,0.0028970309686654834,5.0740366,15.47936,2724
6678,0.0010986171037560368,2.5252254,12.4953165,1033
6679,0.001866479203380295,1.4155403,4.7583294,1755
6680,0.000743401118611297,2.1577864,10.429298,699
6681,0.000754036327747367,2.328364,9.449764,709
6682,0.0015761379939655824,1.9257578,8.028489,1482
6683,9.252631948380949e-05,1.5228533,3.8758876,87
6684,0.004012664407039232,3.3781705,12.38735,3773
6685,0.009053753537536438,1.884243,10.0575695,8513
6686,0.014110795481737751,1.1171678,4.3040385,13268
6687,0.0010560762672117566,2.3329403,10.778305,993
6688,0.0250331552644817,2.4152951,10.315573,23538
6689,0.003425600862728165,1.9746147,12.702958,3221
6690,0.007129844204821365,1.8293353,6.4877567,6704
6691,0.0019313539791103221,1.6104501,6.3728685,1816
6692,0.00045093286736937036,1.6993334,7.0545707,424
6693,0.0014166098569245314,3.1880972,11.308204,1332
6694,0.0031288785278318107,3.6821368,12.47278,2942
6695,0.0007083049284622657,1.9087346,10.3684435,666
6696,0.0008221016662182154,1.9846487,7.8432713,773
6697,0.00047964793203675955,2.8888416,16.594465,451
6698,0.002903412094147125,1.9857309,10.044331,2730
6699,0.0008178475825637874,1.7174516,6.386844,769
6700,0.0074308206233721485,2.4123218,13.131643,6987
6701,0.00020632305723975909,1.5454181,5.705982,194
6702,0.003413902132678488,5.2587414,14.7949915,3210
6703,0.0008518802517992115,1.5296512,4.5727515,801
6704,0.00416262085585782,2.4754164,10.573253,3914
6705,0.004847528324220731,2.389171,10.530326,4558
6706,0.0012613358035379087,2.0986032,7.716513,1186
6707,0.0012911143891189047,3.6602736,11.908085,1214
6708,0.0013644973321577881,1.625435,5.565778,1283
6709,0.0036393685663631734,3.3637784,13.085253,3422
6710,0.0014846751953953798,1.9245836,8.264767,1396
6711,0.003756355866859944,4.576255,13.943135,3532
6712,0.00011592377958316362,1.4902824,5.9922566,109
6713,0.006165230736179811,2.1156578,7.9962626,5797
6714,0.0006381125481642034,1.6290905,5.28499,600
6715,0.003790388536095368,2.906436,11.770974,3564
6716,0.0005477132705076079,1.8880982,6.4589796,515
6717,0.002674755097721619,4.1417007,11.123588,2515
6718,8.827223582938147e-05,1.5272399,6.685096,83
6719,0.004944308727358969,1.7692004,6.791361,4649
6720,0.07073371244308833,1.3550048,5.283432,66509
6721,0.003610653501695784,3.023045,11.16682,3395
6722,0.0027853612727367478,1.6764404,10.145875,2619
6723,0.004083920308250902,3.0173423,11.792908,3840
6724,0.0005487767914212149,2.2233138,6.8251724,516
6725,0.001136903856645889,1.4704338,6.3885508,1069
6726,0.0010975535828424297,1.6232604,6.618033,1032
6727,0.003606399418041356,1.6150463,5.0279517,3391
6728,0.0006402395899914174,2.5805721,14.140234,602
6729,0.0021546933709677934,5.408513,16.305027,2026
6730,0.0023546353027259106,1.6422426,7.625255,2214
6731,0.004363626308529544,1.6804193,6.0169816,4103
6732,0.005386733427419484,1.3409182,4.3091745,5065
6733,0.026792218855587687,2.0163207,8.6768055,25192
6734,0.0003403266923542418,1.5747554,6.118849,320
6735,0.012673978727454686,2.2075467,8.380977,11917
6736,0.002219568146697821,3.5010567,13.638421,2087
6737,0.0024992741469764632,1.5315063,6.1662517,2350
6738,0.002826838588367421,3.8492315,13.650307,2658
6739,0.003728704323106162,1.9349755,6.6579485,3506
6740,0.0027194229760931134,2.3283498,12.254744,2557
6741,0.057817250947331256,3.2652853,12.254606,54364
6742,0.0005221887685810398,1.6536571,5.6080046,491
6743,0.0005072994757905416,1.9232471,15.062446,477
6744,0.0007210671794255498,2.290358,8.480859,678
6745,0.0006391760690778104,2.2329602,15.890648,601
6746,0.0005136806012721837,4.2762628,11.581052,483
6747,0.0019313539791103221,3.304587,11.205278,1816
6748,0.002124914785386797,2.8283758,8.172145,1998
6749,0.0013836407086027143,3.6036813,14.19451,1301
6750,0.0023769692419116574,1.5349903,4.646255,2235
6751,0.00056472960512532,2.5949228,15.3891325,531
6752,0.0013357822674903992,1.5721775,5.503204,1256
6753,0.04203991819397133,1.7576814,7.41998,39529
6754,0.00016165517886826487,1.4461926,4.4649687,152
6755,0.00020419601541254507,2.095558,7.6231394,192
6756,0.0007816878715011491,1.7567625,6.042887,735
6757,0.007689256205378651,1.9445431,8.093175,7230
6758,0.0022131870212161787,1.9832076,6.9350343,2081
6759,0.004987913084816857,2.2473307,9.880912,4690
6760,0.0007806243505875421,1.7142957,5.9941974,734
6761,0.0014357532333694576,1.7148634,7.6718717,1350
6762,0.0008614519400216746,2.13724,10.82229,810
6763,0.0010773466854838967,2.3396256,11.553562,1013
6764,0.0004488058255421564,2.0348654,7.463638,422
6765,0.0007008602820670168,2.9917002,12.004984,659
6766,0.003010827706421433,2.5770998,10.462262,2831
6767,0.0008625154609352816,1.8581563,9.4724455,811
6768,0.00038818513346655707,2.2842045,7.955301,365
6769,0.0029257460333328724,2.022608,7.4715934,2751
6770,0.0002999128976371756,2.1657543,6.484641,282
6771,0.0008316733544406784,2.3135288,8.120517,782
6772,0.0018260654086632287,2.6603813,9.119894,1717
6773,0.0006381125481642034,1.6101798,7.677615,600
6774,0.0012623993244515158,1.5544293,4.0273757,1187
6775,0.002629023698436518,1.9371196,7.0982785,2472
6776,0.004345546452998225,3.0544248,13.610958,4086
6777,0.0006976697193261957,2.1156754,9.906023,656
6778,0.003218214284574799,1.6370164,6.139897,3026
6779,0.0432204264080751,1.4052373,7.0434175,40639
6780,0.0021525663291405792,3.8902898,13.420618,2024
6781,0.001163491879486064,2.2419345,9.774118,1094
6782,0.0016452668533500376,2.1310375,8.699462,1547
6783,0.0020206897358533106,1.8239669,7.293724,1900
6784,0.0031076081095596703,4.609149,14.933359,2922
6785,0.0007008602820670168,2.4281938,12.045275,659
6786,0.0006317314226825613,2.1722965,8.876513,594
6787,0.006900123687482253,1.6866462,6.45676,6488
6788,0.0013379093093176132,1.9279034,9.502184,1258
6789,0.00028715064667389153,2.016726,9.482934,270
6790,0.0006923521147581607,1.8008289,7.2422886,651
6791,0.0010433140162484724,1.7246562,7.4002094,981
6792,0.0035085554939895116,4.8480053,14.827859,3299
6793,0.002816203379231351,3.0017903,9.404458,2648
6794,0.004772018339354634,2.32115,10.535638,4487
6795,0.0004169001981339462,1.4418682,6.175927,392
6796,0.0011911434232398464,1.8383924,7.9377837,1120
6797,0.0010007731797041922,1.7296227,6.87957,941
6798,1.3825771876891073e-05,1.529447,3.6106033,13
6799,0.0031118621932140983,3.027722,10.550723,2926
6800,0.0005753648142613901,2.0237124,11.789351,541
6801,0.0010720290809158616,1.894531,8.978608,1008
6802,0.006218406781860162,2.991531,15.634687,5847
6803,0.0006381125481642034,1.8233917,5.764279,600
6804,0.0013847042295163214,1.6509844,6.2200127,1302
6805,0.008271002145121683,3.4972732,12.744133,7777
6806,0.0019621960856049253,4.303048,17.649408,1845
6807,0.00055409439598925,2.0133998,8.43402,521
6808,0.0011720000467949202,2.1207206,11.399407,1102
6809,0.01640481009238806,2.028821,11.096683,15425
6810,0.0018441452641945477,1.6847597,6.0885873,1734
6811,0.0007157495748575148,1.9426061,9.193901,673
6812,0.0008359274380951064,1.6199214,5.22213,786
6813,0.0005189982058402188,1.9670781,9.742994,488
6814,0.000744464639524904,1.2410277,5.7375636,700
6815,0.004261528300823271,2.1100376,8.738182,4007
6816,9.46533613110235e-05,1.4219679,4.233415,89
6817,0.0015825191194472244,4.414246,14.309351,1488
6818,0.0007784973087603281,1.7395989,5.833451,732
6819,0.053850317939577126,1.9708189,6.4898467,50634
6820,0.003439426634605056,3.8725858,12.922597,3234
6821,0.0040052197606439835,1.3198199,4.7622976,3766
6822,0.0019387986255055712,1.9240203,7.7846932,1823
6823,0.0031522759879311648,1.5234782,4.9336824,2964
6824,0.001703760503598423,1.8839788,5.6126494,1602
6825,0.0029193649078512306,1.8040262,7.988114,2745
6826,0.003799960224317831,4.8178487,14.232594,3573
6827,0.006155659047957349,1.1071588,2.663655,5788
6828,0.0004902831411728296,1.6361097,6.013044,461
6829,0.0005583484796436779,1.9236534,6.5491915,525
6830,0.0019824029829634583,1.5040464,4.589605,1864
6831,0.0031288785278318107,2.3743021,7.6560216,2942
6832,0.0008114664570821453,1.9972025,9.111378,763
6833,0.0005998257952743512,1.7051468,7.830392,564
6834,0.003790388536095368,1.5012282,7.288431,3564
6835,0.00048071145295036654,1.6377611,4.453014,452
6836,0.0015176443437171971,1.7905626,6.1317677,1427
6837,0.0037542288250327297,2.4626212,10.906746,3530
6838,0.0024237641621103656,1.5411742,6.778596,2279
6839,0.008748523035331229,1.6235987,5.0374317,8226
6840,0.0025545772344840274,2.0182788,7.89175,2402
6841,0.0019685772110865675,1.4852198,5.5384316,1851
6842,0.0019792124202226377,1.8605717,7.4892845,1861
6843,0.00040839203082509014,1.7221485,6.415147,384
6844,0.012831379822668522,1.8728786,7.501942,12065
6845,0.014784004220050986,1.5705528,8.855462,13901
6846,0.008898479484149817,2.2553654,8.314197,8367
6847,2.3397460099354124e-05,1.2006882,2.589328,22
6848,0.004558250635719626,2.262992,8.135065,4286
6849,0.002615197926559627,3.107689,12.208157,2459
6850,0.0009348348830605579,1.317014,3.814568,879
6851,0.003554286893274613,3.594161,13.725422,3342
6852,0.025744650755684786,2.34432,12.04324,24207
6853,0.0015665663057431193,1.6809134,6.293421,1473
6854,0.003027844041039145,4.7923617,14.9524,2847
6855,0.0029438258888641916,3.090927,10.915787,2768
6856,0.0005019818712225067,2.0054998,10.993539,472
6857,0.0009295172784925229,1.898807,10.068386,874
6858,0.0006561924036955224,1.4320275,5.894103,617
6859,0.0012368748225249475,2.2401898,9.202462,1163
6860,0.0010613938717797917,1.680733,5.1303353,998
6861,0.0065640510787824385,2.9303977,12.986263,6172
6862,0.0028098222537497088,2.2860298,12.114167,2642
6863,0.0022206316676114278,3.4828262,11.599312,2088
6864,0.0007083049284622657,1.880824,6.976258,666
6865,0.0044901852972487775,3.1833441,10.791903,4222
6866,0.005007056461261782,2.9558787,14.079777,4708
6867,0.0015846461612744383,2.565679,9.682501,1490
6868,0.0004679492019870825,1.2393706,3.4093292,440
6869,8.720871491577446e-05,1.5386611,4.642242,82
6870,0.0016229329141642906,1.83496,6.61491,1526
6871,0.00029246825124192656,1.4931808,5.407136,275
6872,0.0002903412094147125,1.5908992,4.2638354,273
6873,0.002094072678892194,2.637539,10.771899,1969
6874,0.0043370382856893685,2.958675,11.920494,4078
6875,0.004578457533078159,1.6317173,4.7881823,4305
6876,0.0003562795060583469,2.0081944,9.167262,335
6877,0.0007029873238942307,2.0015104,7.4994154,661
6878,0.0012411289061793757,2.2769294,9.61006,1167
6879,0.011582806270093898,1.589303,6.152845,10891
6880,0.0010858548527927527,2.1015234,8.672693,1021
6881,0.006822486660788941,2.5006747,11.414377,6415
6882,0.0004743303274687245,1.7890987,5.5089517,446
6883,0.0005221887685810398,1.6796004,6.098437,491
6884,0.002156820412795007,1.5709013,5.51644,2028
6885,0.0037499747413783017,2.9544244,11.429371,3526
6886,0.016527114997452866,2.2174573,8.20853,15540
6887,0.0015059456136675199,1.7312164,5.1352577,1416
6888,0.0014836116744817729,1.7231725,5.642586,1395
6889,0.0019664501692593533,3.4996736,11.97992,1849
6890,0.0054462905985814755,2.7601776,12.286518,5121
6891,0.0014485154843327417,1.3896422,5.4084597,1362
6892,0.00038818513346655707,2.0515304,10.020593,365
6893,0.0010496951417301146,2.4620712,11.586262,987
6894,0.0020089910058036335,3.860231,12.033912,1889
6895,0.000381804007984915,2.5988994,12.222274,359
6896,0.008318860586233998,1.386763,4.0676613,7822
6897,0.0011124428756329279,2.2682664,9.694979,1046
6898,0.0024748131659635022,4.36231,14.75732,2327
6899,0.008799572039184364,2.6192276,9.99147,8274
6900,0.0015761379939655824,2.3593805,12.027631,1482
6901,0.002061103530570377,1.7193105,4.9349017,1938
6902,0.00041370963539312516,1.9865005,10.176453,389
6903,0.0019621960856049253,2.5682623,10.8172,1845
6904,0.0008316733544406784,2.6239955,14.641861,782
6905,0.008585804335549356,2.4098792,11.091383,8073
6906,0.00037648640341687997,1.578124,6.0832562,354
6907,0.0008316733544406784,1.4554335,6.6990433,782
6908,0.002014308610371669,2.188731,8.170561,1894
6909,0.0006870345101901256,1.7592148,5.4323425,646
6910,0.002110025492596299,4.0710278,11.834684,1984
6911,0.0007848784342419701,2.0622437,8.759763,738
6912,0.003431981988209807,2.5622609,10.92719,3227
6913,0.0012485735525746245,1.7345717,6.4171066,1174
6914,0.0013028131191685818,3.0437365,13.634443,1225
6915,0.0025652124436200976,2.2136767,9.029506,2412
6916,0.0009731216359504101,1.8321078,6.535223,915
6917,0.004251956612600808,2.0244274,8.406533,3998
6918,0.003421346779073737,2.0030353,7.233741,3217
6919,0.07106127688447929,2.6501172,10.527406,66817
6920,0.0015474229292981932,1.3868507,4.48532,1455
6921,0.0009146279857020249,1.6483753,5.228211,860
6922,0.0005083629967041487,1.3236803,4.2314014,478
6923,0.0015633757430022982,1.7059604,9.001487,1470
6924,0.0053250492144302775,1.964932,7.813092,5007
6925,0.015624185741800519,1.5340891,5.041621,14691
6926,0.0006179056508056703,1.3972839,6.607969,581
6927,0.0008742141909849586,1.268495,3.1895013,822
6928,0.003567049144237897,2.8349762,10.879518,3354
6929,0.0004700762438142965,1.4658178,4.8172016,442
6930,0.014826545056595265,1.7984774,6.388023,13941
6931,0.0008040218106868962,2.4304593,11.059703,756
6932,0.0050591689860285255,3.353761,11.822483,4757
6933,0.0014687223816912747,2.8210185,9.40749,1381
6934,0.0027162324133522923,3.6380887,11.569689,2554
6935,0.0003413902132678488,2.0581756,9.362001,321
6936,0.00018398911805401198,2.2594488,11.366998,173
6937,0.004466787837149423,1.9214481,8.124956,4200
6938,0.0033543449615164958,4.2486005,13.521775,3154
6939,0.00278110718908232,3.0920532,12.935432,2615
6940,0.0019770853783954235,3.0337925,11.389793,1859
6941,0.0019409256673327852,1.5564493,5.565096,1825
6942,0.0034511253646547333,3.5061593,10.750143,3245
6943,0.00021057714089418712,2.476697,12.7444315,198
6944,0.005656867739475663,2.0001702,8.616023,5319
6945,0.08464775655580879,2.1899605,15.210917,79592
6946,0.000378613445244094,1.8962624,10.38179,356
6947,0.002121724222645976,1.445525,4.358738,1995
6948,0.010039637424450134,3.0578558,10.28593,9440
6949,0.0003371361296134208,2.5394378,9.081115,317
6950,0.0042072887342293145,3.552578,13.267095,3956
6951,0.0002669437493153584,2.2276769,9.001437,251
6952,0.010858548527927527,2.566227,10.723947,10210
6953,6.487477573002735e-05,1.1968884,3.1673586,61
6954,0.0023312378426265565,3.571322,16.739855,2192
6955,0.0009305807994061299,3.2574317,10.856225,875
6956,0.0020408966332118436,1.4750158,6.2374916,1919
6957,0.010797927835851928,1.6629101,6.2285347,10153
6958,0.0004902831411728296,3.530175,16.261734,461
6959,0.002334428405367377,1.7987388,5.453834,2195
6960,0.00036691471519441696,1.8444097,6.636057,345
6961,0.0016633467088813568,4.4802027,17.17792,1564
6962,0.005768537435404398,3.1718504,14.342033,5424
6963,0.00410944481017747,2.328974,9.686744,3864
6964,0.0012060327160303443,1.5048213,5.638973,1134
6965,0.0040828567873372945,3.502264,12.992226,3839
6966,0.0010092813470130484,1.4219605,5.03399,949
6967,0.0012124138415119865,4.2183075,12.2434225,1140
6968,0.0003573430269719539,1.7325257,9.003043,336
6969,0.008257176373244792,1.1224405,3.4705584,7764
6970,0.00034670781783588384,1.7915367,6.270168,326
6971,0.006071640895782395,2.924065,11.007751,5709
6972,0.0012326207388705195,1.7791471,6.5254436,1159
6973,0.0006030163580151721,2.4575465,8.995411,567
6974,0.002827902109281028,5.5636725,14.3554735,2659
6975,0.0031852451362529817,4.4092555,12.364521,2995
6976,0.000380740487071308,10.031792,17.454403,358
6977,0.00012655898871923366,1.8058062,5.067985,119
6978,0.0035160001403847607,5.305397,13.385931,3306
6979,0.002860871257602845,4.325364,13.46343,2690
6980,0.0015963448913241154,1.570069,6.81287,1501
6981,0.0017112051499936721,1.4343247,5.3475266,1609
6982,0.0004147731563067322,2.5479357,11.113383,390
6983,0.0021515028082269723,3.1903565,9.469441,2023
6984,0.003571303227892325,2.5516205,10.984249,3358
6985,0.0001669727834362999,1.446054,5.4978247,157
6986,0.002235520960401926,2.7002711,13.457967,2102
6987,0.007578650030363522,2.0612664,8.337419,7126
6988,0.002010054526717241,3.5040574,12.472165,1890
6989,0.0004392341373196933,2.1143446,9.912397,413
6990,0.0010433140162484724,1.4456974,3.9883597,981
6991,0.0027906788773047826,1.7305925,8.669505,2624
6992,0.008284827916998574,2.8144994,8.542366,7790
6993,0.0010177895143219044,2.1229866,8.93889,957
6994,0.0005115535594449697,2.0992365,8.923166,481
6995,0.0018313830132312638,3.383142,11.468365,1722
6996,0.0007657350577970441,1.4588624,6.183999,720
6997,0.0006593829664363435,1.9492096,9.998021,620
6998,0.0012198584879072355,2.256582,7.8347526,1147
6999,0.0018505263896761899,1.4933915,5.145653,1740
7000,0.0009986461378769782,2.361417,9.81245,939
7001,0.0025673394854473118,3.3040452,12.219471,2414
7002,0.002338682489021805,1.8255715,6.038709,2199
7003,0.000379676966157701,1.5563989,4.2539725,357
7004,0.001106061750151286,2.7668903,11.724879,1040
7005,0.0023163485498360584,2.4650877,9.292631,2178
7006,0.0007784973087603281,1.9895669,10.585858,732
7007,0.00014570236516415978,1.3680053,3.5745697,137
7008,0.0010252341607171534,1.424874,4.300257,964
7009,0.0019547514392096762,4.667628,15.037968,1838
7010,0.00010847913318791457,1.3745577,3.3811805,102
7011,0.0029640327862227246,2.3775826,10.41357,2787
7012,0.004994294210298498,2.7404726,11.039082,4696
7013,0.0028736335085661293,2.9137664,11.016164,2702
7014,0.0005104900385313627,2.28749,10.101945,480
7015,0.03483881808793829,1.7574095,8.783715,32758
7016,0.0005902541070518881,1.4726272,4.1734324,555
7017,8.933575674298847e-05,2.5486937,13.672108,84
7018,0.0009008022138251337,1.9662299,10.76457,847
7019,0.0017335390891794191,2.1273437,9.09503,1630
7020,0.021976596158775164,2.082213,8.2583065,20664
7021,0.0001297495514600547,1.2288315,5.811244,122
7022,0.015376385368930087,1.7225438,5.303753,14458
7023,0.0031310055696590245,3.5553477,15.509195,2944
7024,0.004262591821736879,1.9706458,7.087353,4008
7025,0.023641006388570127,3.0076919,17.931095,22229
7026,0.002679009181376047,2.7272232,9.176896,2519
7027,0.0012857967845508699,2.0546484,8.038656,1209
7028,0.0037180691139700917,4.877016,12.895867,3496
7029,0.0025779746945833815,3.9385884,13.503413,2424
7030,0.0015899637658424734,1.6948161,8.356945,1495
7031,0.0005030453921361137,1.7520818,5.0763383,473
7032,0.0009188820693564529,3.5135791,10.698428,864
7033,0.004230686194328669,3.31812,12.267476,3978
7034,0.0004328530118380513,1.5828177,9.564391,407
7035,0.000761480974142616,2.2332585,15.330813,716
7036,0.0005179346849266117,2.8599436,11.092638,487
7037,0.012083724620402797,1.6879878,6.6870885,11362
7038,0.0002467368519568253,3.2141235,15.8003,232
7039,0.0004530599091965844,1.8051065,10.080903,426
7040,0.0067001817557241355,2.1284883,8.408863,6300
7041,0.0009678040313823752,2.871365,12.570859,910
7042,0.0015623122220886913,2.4303513,12.256162,1469
7043,0.0008891034837754567,2.381346,11.001767,836
7044,0.019347572460338646,1.6409372,5.180456,18192
7045,0.0014804211117409518,4.1113324,12.538362,1392
7046,0.0027906788773047826,2.3171985,10.57422,2624
7047,0.001124141605682605,3.0309129,14.869423,1057
7048,0.000551967354162036,2.288203,9.767864,519
7049,0.002043023675039058,2.1992762,8.120455,1921
7050,0.002850236048466775,2.6065428,9.2132635,2680
7051,0.00046582216015986845,2.238369,10.676734,438
7052,0.003167165280721663,3.5127554,11.467431,2978
7053,0.0009018657347387407,1.7054182,6.9436164,848
7054,0.0010465045789892935,2.4956005,8.278163,984
7055,0.0013708784576394303,2.2118523,10.081593,1289
7056,0.0011560472330908152,1.6554017,7.020096,1087
7057,0.004591219784041443,3.093696,13.334472,4317
7058,0.0002977858558099616,2.2632263,11.895711,280
7059,0.0012613358035379087,1.6354876,5.081404,1186
7060,0.0006062069207559932,1.6988066,8.438563,570
7061,0.0010156624724946904,2.0986583,8.77261,955
7062,0.002452479226777755,1.5403993,5.133668,2306
7063,0.007271292486331097,3.1696305,16.57125,6837
7064,0.00169418881537596,2.1908405,10.156718,1593
7065,0.000758290411401795,2.003915,8.363157,713
7066,0.002105771408941871,1.4595716,5.2870293,1980
7067,0.006636370500907715,2.2701585,9.330175,6240
7068,0.0010496951417301146,2.6520414,10.027615,987
7069,0.006183310591711131,1.5726795,5.459293,5814
7070,0.0014612777352960256,2.0727472,6.4148135,1374
7071,0.0013474809975400762,2.1141503,9.043527,1267
7072,0.0036478767336720294,2.9424856,10.056917,3430
7073,0.0002658802284017514,1.9560074,6.9330773,250
7074,0.0006625735291771645,1.9210196,7.9548283,623
7075,0.002838537318417098,2.0562844,6.8527627,2669
7076,0.0009220726320972738,1.8518145,6.9211173,867
7077,0.0019313539791103221,1.3610531,4.2388144,1816
7078,0.0014123557732701035,2.1694236,7.6481442,1328
7079,0.0009093103811339898,1.6054789,9.676817,855
7080,0.0007848784342419701,1.5826327,6.2419834,738
7081,0.0001137967377559496,1.958169,8.538704,107
7082,0.014695731984221604,7.011246,18.119015,13818
7083,0.0070639059081777315,2.91995,10.12466,6642
7084,0.00025843558200650235,1.2147338,2.7382033,243
7085,0.0021525663291405792,3.309149,10.846859,2024
7086,0.005596247047400063,3.2717257,12.040556,5262
7087,0.0023727151582572294,3.7874415,14.023031,2231
7088,0.0011209510429417838,1.6228184,6.678025,1054
7089,0.0017271579636977772,3.8602998,13.34,1624
7090,0.0016091071422873996,1.4716582,5.550983,1513
7091,0.0012368748225249475,1.5168332,6.832776,1163
7092,0.0008167840616501803,1.8354768,9.293609,768
7093,0.0019228458118014662,1.8205397,6.1122193,1808
7094,0.002666246930412763,2.0504868,7.0770826,2507
7095,0.0001499564488185878,2.0196228,11.003655,141
7096,0.0006349219854233823,2.8504813,10.104507,597
7097,0.004793288757626774,2.1277854,11.364262,4507
7098,0.0005370780613715378,1.4405378,3.719125,505
7099,0.001498500967272271,1.3547072,5.1484914,1409
7100,0.0007370199931296549,2.003212,8.016865,693
7101,0.00014570236516415978,1.9097064,8.526864,137
7102,0.0006455571945594524,1.8783851,8.426859,607
7103,0.004199844087834065,3.210855,11.415629,3949
7104,0.002714105371525078,1.7040015,5.444194,2552
7105,5.849365024838531e-05,1.5297241,4.137311,55
7106,7.870054760691842e-05,2.1429324,6.5044622,74
7107,0.0018037314694774815,2.0649414,9.007639,1696
7108,0.06729428580848328,1.5497037,5.081739,63275
7109,0.004137096353931252,2.234741,9.421285,3890
7110,0.008301844251616286,2.725311,12.036562,7806
7111,0.002467368519568253,3.6642199,11.939584,2320
7112,0.001917528207233431,1.6531396,8.484418,1803
7113,0.0009582323431599121,2.6431646,10.302753,901
7114,0.0027715355008598565,4.6185865,15.4267645,2606
7115,0.010163005850428546,2.2454097,9.120746,9556
7116,0.031910945012778205,2.2780595,6.426599,30005
7117,0.006926711710322428,3.35742,13.087944,6513
7118,0.024707717864917954,2.8343024,12.539248,23232
7119,9.57168822246305e-06,1.2679416,1.9064096,9
7120,0.00021908530820304316,1.8806432,8.674152,206
7121,0.0009156915066156319,2.1303132,11.621233,861
7122,0.0008837858792074217,3.0111191,13.196637,831
7123,0.002034515507730202,2.2414443,8.414127,1913
7124,0.0016112341841146135,2.7453372,14.586257,1515
7125,0.0021440581618317233,3.614633,12.468712,2016
7126,0.0002116406618077941,1.6531618,6.102046,199
7127,4.9985482939529265e-05,1.5411631,4.5217695,47
7128,0.004627379495104082,2.9897778,10.029703,4351
7129,0.012229426985566958,2.1337948,8.294845,11499
7130,0.003188435698993803,3.0849328,15.664208,2998
7131,0.0011188240011145698,1.9582822,9.131297,1052
7132,0.0004381706164060863,2.8549614,11.558829,412
7133,0.00305443206387932,4.634324,19.789438,2872
7134,0.0015655027848295122,2.3095138,9.359497,1472
7135,0.0020004828384947776,1.534813,6.3761973,1881
7136,0.0007051143657214447,2.1647782,8.560632,663
7137,0.0008571978563672465,1.5699933,5.823374,806
7138,0.003171419364376091,2.5667138,7.84216,2982
7139,0.0016282505187323257,2.0417054,8.283303,1531
7140,0.00029246825124192656,1.8331515,6.3050027,275
7141,0.0037265772812789476,1.7431489,6.890919,3504
7142,0.0007827513924147561,3.7991092,11.455432,736
7143,0.0002850236048466775,2.0135348,12.599755,268
7144,0.0021674556219310774,2.217217,7.459049,2038
7145,0.01870414230760641,1.3621331,4.4785724,17587
7146,0.002090882116151373,2.4792676,7.743121,1966
7147,0.0027896153563911757,1.9516121,7.709707,2623
7148,0.0025620218808792765,3.6998248,13.473944,2409
7149,0.009681230876564572,2.3684118,8.503601,9103
7150,0.0008157205407365733,2.3150494,9.641939,767
7151,0.0025364973789527086,3.709001,10.738136,2385
7152,0.001103934708324072,1.7182314,4.839072,1038
7153,0.002256791378674066,1.9366537,7.248008,2122
7154,0.03174928983390994,2.0366175,8.160774,29853
7155,0.008525183643473757,1.9941344,7.114004,8016
7156,2.446098101296113e-05,2.2292354,4.6632137,23
7157,6.168421298920632e-05,1.0423715,2.1863604,58
7158,0.001716522754561707,2.2005405,7.8950663,1614
7159,0.0031703558434624836,2.19269,7.4526453,2981
7160,0.0002807695211922495,1.9111017,9.147553,264
7161,0.019485830179107558,1.8537349,8.788397,18322
7162,0.00036797823610802395,1.9750832,6.146175,346
7163,0.0015750744730519753,1.9373437,7.7056756,1481
7164,0.0016133612259418275,1.4914286,4.554351,1517
7165,0.0020206897358533106,1.7524339,7.774317,1900
7166,0.002859807736689238,3.132309,10.602396,2689
7167,4.041379471706622e-05,1.0676874,2.2349248,38
7168,0.0029055391359743394,3.3869462,14.785339,2732
7169,0.002257854899587673,1.7002465,5.187404,2123
7170,0.00038712161255295,1.5637453,6.694044,364
7171,0.0009848203660000872,1.8548695,7.034194,926
7172,0.0016133612259418275,2.046557,7.294551,1517
7173,0.002837473797503491,2.1800258,8.950592,2668
7174,0.004285989281836233,2.756498,10.121436,4030
7175,0.03541311938128607,2.6525657,11.156657,33298
7176,0.002476940207790716,3.9712245,14.107503,2329
7177,0.0015814555985336173,2.9957418,10.938761,1487
7178,0.00029353177215553356,1.8722326,7.878046,276
7179,0.0021791543519807544,2.9725873,11.165888,2049
7180,0.002993811371803721,1.4219841,3.9407792,2815
7181,0.016537750206588937,2.1395433,7.2372026,15550
7182,0.01089683528081738,1.9496484,5.737784,10246
7183,0.002272744192378171,1.7192086,6.147138,2137
7184,0.0008976116510843127,1.7318965,6.3180904,844
7185,0.019119978984826747,3.67998,10.132593,17978
7186,0.006214152698205734,1.6860143,6.624184,5843
7187,0.0007657350577970441,2.1216767,10.748653,720
7188,0.005359081883665701,2.139545,9.221628,5039
7189,0.0023556988236395175,3.2086327,9.149064,2215
7190,0.0018547804733306179,2.292576,7.8194575,1744
7191,0.0009327078412333439,1.9108373,7.829358,877
7192,0.000743401118611297,1.6836567,7.1816273,699
7193,0.0014421343588510995,1.5777713,5.7746267,1356
7194,0.0006476842363866665,1.3917564,7.985929,609
7195,0.00021376770363500813,1.5871339,8.693052,201
7196,0.002231266876747498,1.256865,3.4616067,2098
7197,0.0004147731563067322,1.8162472,5.709248,390
7198,0.0076328895969574794,2.1215048,9.339148,7177
7199,0.00594933599071759,1.7300063,6.2422495,5594
7200,0.0009912014914817292,2.628542,9.437753,932
7201,0.0006370490272505964,1.8753229,6.193072,599
7202,0.0016367586860411816,4.2535043,15.347699,1539
7203,0.0010284247234579745,1.5500696,5.9771585,967
7204,0.003014018269162254,2.1340652,7.2955613,2834
7205,0.0049783413965943935,1.4638733,5.2804728,4681
7206,0.0011688094840540991,2.1578104,7.8373575,1099
7207,0.0012560181989698736,3.2674806,13.345943,1181
7208,0.004181764232302746,1.7574538,6.212543,3932
7209,0.0033064865204041807,2.293144,11.259414,3109
7210,0.002807695211922495,4.3890834,10.958389,2640
7211,0.0017526824656243453,3.0128405,11.173548,1648
7212,0.001157110754004422,1.7381408,8.703806,1088
7213,0.0006540653618683084,1.5161068,4.8016853,615
7214,0.00012655898871923366,2.3976283,9.572263,119
7215,0.0018494628687625828,3.6515386,10.95724,1739
7216,0.023177311270237474,1.6133969,7.5584555,21793
7217,0.0004243448445291952,2.2111192,8.420172,399
7218,0.0024907659796676073,2.1290982,8.381435,2342
7219,0.008148697240056877,1.9577928,7.983729,7662
7220,0.0011486025866955661,1.9223915,7.297237,1080
7221,0.0012400653852657686,1.5941727,7.7277837,1166
7222,0.003368170733393387,1.5354656,11.241454,3167
7223,0.0002616261447473234,1.6899576,8.777172,246
7224,0.031204767126143153,3.2789912,12.276912,29341
7225,0.000578555377002211,1.8863178,7.7720757,544
7226,0.004782653548490705,2.8753407,11.268213,4497
7227,0.0027247405806611483,1.8469844,9.4940405,2562
7228,0.002263172504155708,3.887548,17.404568,2128
7229,0.0007380835140432619,1.6531414,6.392491,694
7230,0.0014006570432204264,1.6787761,6.3429,1317
7231,0.0013910853549979633,1.5923387,6.9983277,1308
7232,0.0012304936970433055,1.8586131,10.178225,1157
7233,0.002250410253192424,3.3568354,12.007106,2116
7234,0.007173448562279253,2.4917395,9.040293,6745
7235,0.0564272291132469,1.4983115,7.6524606,53057
7236,0.005087884050695915,1.4332494,4.948854,4784
7237,0.00040626498899787615,1.7337233,9.413211,382
7238,0.0018090490740455165,3.4691494,11.020776,1701
7239,0.000580682418829425,2.6662843,10.81816,546
7240,0.03116328981051248,1.1370523,3.4605298,29302
7241,0.0012730345335875857,1.8259267,7.9305058,1197
7242,0.0013400363511448272,1.4415829,5.886668,1260
7243,0.02189257800660021,2.106371,13.985299,20585
7244,0.0020515318423479137,1.5738673,5.62624,1929
7245,0.0008901670046890637,1.9808096,9.726781,837
7246,0.002045150716866272,1.5777391,4.428705,1923
7247,0.0023716516373436226,3.2078156,12.140294,2230
7248,9.252631948380949e-05,1.3105499,4.4336686,87
7249,0.00399564807242152,1.7937541,7.433243,3757
7250,0.00012230490506480565,1.2630124,3.003702,115
7251,0.003400076360801597,1.5192596,6.2398233,3197
7252,0.0006115245253240282,1.7145154,9.285388,575
7253,0.009326014891419833,2.0263836,8.702301,8769
7254,0.0013676878948986092,2.7482526,11.041614,1286
7255,0.003431981988209807,3.663024,14.421663,3227
7256,0.001101807666496858,1.7142183,5.9807343,1036
7257,0.0005976987534471372,2.0638177,8.596015,562
7258,1.8079855531319095e-05,1.2157863,2.0207062,17
7259,0.004196653525093244,3.3642035,14.516248,3946
7260,0.00023184755916632723,1.5750865,4.3433003,218
7261,0.020725895564373327,1.4345447,4.985453,19488
7262,0.00131770241195908,2.5460594,8.715958,1239
7263,0.0088048896437524,1.2379527,3.4568696,8279
7264,0.000773179704192293,1.6198535,5.803133,727
7265,0.00027757895845142847,1.5864928,5.6457677,261
7266,0.0005147441221857907,1.7281389,7.414256,484
7267,0.00010847913318791457,2.1172493,8.708356,102
7268,0.00023929220556157628,1.6138885,6.3464413,225
7269,0.000565793126038927,2.114599,8.446075,532
7270,0.0020993902834602293,3.185611,22.325287,1974
7271,0.0024907659796676073,2.4112265,9.594673,2342
7272,0.0029331906797281215,1.8992641,7.475834,2758
7273,0.004208352255142921,1.9738574,8.224729,3957
7274,0.014127811816355463,1.8683811,7.518727,13284
7275,0.0007391470349568689,2.042654,9.284504,695
7276,0.0011666824422268852,1.9186597,8.778608,1097
7277,0.0003360726086998138,1.9961355,9.016555,316
7278,0.0010316152861987954,1.5638067,5.4721684,970
7279,0.0015527405338662283,2.391066,12.329749,1460
7280,0.002487575416926786,2.9811497,10.364042,2339
7281,0.003246929349242188,2.6552196,10.4312725,3053
7282,0.0004392341373196933,2.26478,9.880828,413
7283,0.0008391180008359275,1.9794576,9.92166,789
7284,0.0001116696959287356,1.5895833,5.674721,105
7285,0.0005562214378164639,1.6785413,6.4669747,523
7286,0.002825775067453814,3.8221831,15.386631,2657
7287,0.00046369511833265446,2.0536764,6.5271664,436
7288,0.0012198584879072355,2.332871,12.602772,1147
7289,0.008377354236482384,1.5983313,6.325839,7877
7290,0.008361401422778279,4.2989964,11.417932,7862
7291,0.0002850236048466775,2.1852183,7.371148,268
7292,0.0004371070954924793,2.7422872,9.24096,411
7293,9.67804031382375e-05,1.4197088,3.353548,91
7294,0.0019536879182960694,1.4669845,6.9538116,1837
7295,0.00281301281649053,2.5256784,8.646887,2645
7296,0.0021195971808187623,4.9876323,15.046929,1993
7297,0.0015452958874709792,1.8543934,6.100551,1453
7298,0.006671466691056747,2.4967089,11.843492,6273
7299,0.0027981235237000317,1.4413315,5.2612166,2631
7300,0.0016856806480671038,1.551847,8.239661,1585
7301,0.0006264138181145264,1.4765016,5.3283715,589
7302,0.0003254373995637437,2.0662448,11.5688505,306
7303,0.0023003957361319534,5.024143,17.21108,2163
7304,0.00014038476059612475,1.7984368,5.8482084,132
7305,0.003190562740821017,4.680997,12.879938,3000
7306,0.0008912305256026707,1.595844,7.5625014,838
7307,0.0015389147619893372,1.6202667,5.4492316,1447
7308,0.0011964610278078812,2.2488961,9.255863,1125
7309,9.252631948380949e-05,1.189091,2.4538183,87
7310,0.00031692923225488766,1.6067153,5.294536,298
7311,0.0012709074917603717,2.882616,11.366217,1195
7312,0.0011507296285227801,3.217073,11.216255,1082
7313,0.001507009134581127,1.7334851,7.667058,1417
7314,0.0027194229760931134,2.3441086,11.618143,2557
7315,0.001536787720162123,1.7900615,7.539368,1445
7316,0.00985990239005055,2.063916,8.123085,9271
7317,0.0021078984507690852,1.2393762,5.5033655,1982
7318,0.0011624283585724572,1.422746,6.6743126,1093
7319,0.0012315572179569126,1.7272284,6.888326,1158
7320,0.0011741270886221342,1.4109478,6.2672043,1104
7321,0.0013464174766264691,2.282339,9.559665,1266
7322,0.0012762250963284068,2.1333134,9.368711,1200
7323,0.004387023768628898,3.4503975,13.133122,4125
7324,3.403266923542418e-05,2.406129,5.8426247,32
7325,0.0019728312947409955,3.40075,11.123462,1855
7326,0.00042647188635640927,1.9874328,7.628129,401
7327,0.01202948505380884,3.0889702,13.567082,11311
7328,0.004137096353931252,3.8252387,10.747013,3890
7329,0.0002626896656609304,1.4857105,5.3725524,247
7330,0.0006253502972009194,1.797455,7.5480742,588
7331,0.0024386534549008638,4.7622557,15.191583,2293
7332,0.002112152534423513,1.4241209,4.8594623,1986
7333,6.274773390281333e-05,1.4776418,3.8120303,59
7334,0.0033139311667994297,3.7611997,16.735231,3116
7335,0.0003413902132678488,1.7668141,7.9076877,321
7336,0.0027821707099959267,1.4177995,4.5910106,2616
7337,0.001103934708324072,1.7804452,8.932376,1038
7338,0.0025354338580391013,3.187968,12.257295,2384
7339,0.004157303251289785,2.2024617,8.321918,3909
7340,0.0014729764653457027,1.6215374,5.271279,1385
7341,0.0045305990919658435,2.689482,12.285866,4260
7342,0.0008050853316005032,1.3417416,5.2632422,757
7343,0.0015059456136675199,2.0992332,9.21861,1416
7344,0.002251473774106031,3.1290958,9.858203,2117
7345,0.0012868603054644768,2.165211,10.198244,1210
7346,8.508167308856045e-05,1.2652565,3.103173,80
7347,0.004036061867138586,1.7962192,9.453012,3795
7348,0.002643912991227016,2.4142108,10.794621,2486
7349,0.0009337713621469509,1.9704739,8.0100975,878
7350,0.0005891905861382811,1.7493452,6.665462,554
7351,0.0005168711640130047,2.61453,8.729718,486
7352,0.00040732850991148314,1.9310567,9.039079,383
7353,0.003728704323106162,2.8057737,12.43011,3506
7354,0.0013262105792679361,1.9886577,7.997303,1247
7355,0.00024141924738879027,2.7541225,9.462968,227
7356,0.0014708494235184887,2.1150038,7.1285357,1383
7357,0.0032724538511687564,2.9943483,12.940373,3077
7358,0.0010805372482247178,2.0227308,7.427989,1016
7359,0.0014570236516415977,2.508239,9.068417,1370
7360,0.0034883485966309786,2.74811,11.628616,3280
7361,0.0006338584645097753,1.4812512,4.9571404,596
7362,0.01457980820463844,1.4656662,5.100036,13709
7363,0.005147441221857907,2.8522906,11.02066,4840
7364,0.0019919746711859216,2.2633302,10.08717,1873
7365,0.00019462432719008203,2.0862796,6.4738364,183
7366,0.000186116159881226,1.8922801,6.248654,175
7367,0.00149531040453145,1.7629615,8.427491,1406
7368,0.0015506134920390143,1.8560368,7.623354,1458
7369,0.002674755097721619,2.3961103,8.7394,2515
7370,0.006570432204264081,2.1478324,8.3144455,6178
7371,0.0019302904581967152,2.4534714,10.006047,1815
7372,0.0015814555985336173,1.6294686,5.943737,1487
7373,0.0021036443671146573,1.6620001,6.4119363,1978
7374,0.039591693050848,1.1665702,3.6618397,37227
7375,0.0011932704650670603,1.9526469,8.187205,1122
7376,0.000946533613110235,1.7800846,6.5376153,890
7377,0.000562602563298106,2.0301127,9.015318,529
7378,0.0013559891648489322,1.8622538,13.02273,1275
7379,0.010253405128085142,3.0585065,11.269988,9641
7380,0.0003413902132678488,2.0040598,9.7837715,321
7381,0.003936090901259528,1.7986634,5.259518,3701
7382,0.0005891905861382811,1.8391875,8.606524,554
7383,0.00016378222069547886,1.4660776,3.8670237,154
7384,0.005735568287082582,1.7099913,6.4705353,5393
7385,0.02358676682197617,3.207759,9.720097,22178
7386,0.002079183386101696,1.7904459,7.9536567,1955
7387,0.0004700762438142965,1.7139999,7.634423,442
7388,0.0009592958640735191,1.37508,4.7730126,902
7389,0.0033203122922810715,2.263591,9.2036495,3122
7390,0.009870537599186619,2.9407516,12.704615,9281
7391,0.005552642689942176,2.5940218,10.787406,5221
7392,0.0005913176279654951,1.5581137,5.1837764,556
7393,0.004839020156911875,2.173283,7.586095,4550
7394,0.0012241125715616635,1.7346847,5.914982,1151
7395,0.0002967223348963546,2.3257384,11.15241,279
7396,0.0022419020858835677,2.6867373,10.813693,2108
7397,0.0014187368987517454,2.1920843,8.797992,1334
7398,0.0043370382856893685,2.176271,9.721492,4078
7399,0.0011805082141037762,1.3169816,5.47201,1110
7400,0.0007519092859201529,2.3890624,11.195492,707
7401,6.062069207559932e-05,1.0962768,1.9085145,57
7402,0.002868315903998094,2.155515,8.593958,2697
7403,0.0009082468602203828,3.7374253,14.816476,854
7404,0.0010752196436566827,1.6221598,6.9776373,1011
7405,0.0013400363511448272,1.6336818,8.88947,1260
7406,7.976406852052543e-05,3.5397797,16.354681,75
7407,0.002309967424354416,3.2295358,12.519598,2172
7408,0.00917818548442846,4.7920804,12.2148485,8630
7409,0.0008018947688596822,2.4311259,8.994975,754
7410,0.0002116406618077941,1.626966,5.7526712,199
7411,0.001136903856645889,1.3987423,4.365754,1069
7412,0.0016559020624861078,1.9541341,9.625949,1557
7413,5.2112524766743275e-05,1.6846721,3.9340804,49
7414,0.003386250588924706,3.024678,11.605609,3184
7415,0.0021078984507690852,4.4137015,15.639834,1982
7416,0.00039243921712098505,2.498024,8.732471,369
7417,0.0017909692185141975,1.7289184,6.443973,1684
7418,0.0018356370968856917,3.2563164,10.545834,1726
7419,0.00042647188635640927,1.4293634,5.7867827,401
7420,0.0010571397881253635,2.4352293,9.271166,994
7421,0.000190370243535654,2.2266474,8.193621,179
7422,0.0004722032856415105,2.7724676,9.428478,444
7423,0.0007274483049071918,1.4159873,6.2555537,684
7424,0.0008146570198229663,1.6663474,6.080266,766
7425,0.0038829148555791777,3.2102785,12.260654,3651
7426,0.0006966061984125887,2.6408587,9.6462145,655
7427,0.0256404257061513,2.0134187,8.036484,24109
7428,0.001354925643935325,2.3561287,9.323669,1274
7429,0.0005902541070518881,2.3790445,9.747642,555
7430,0.0007189401375983358,1.643774,5.912496,676
7431,0.0012017786323759163,2.3556755,10.332998,1130
7432,0.007361691763987693,2.4429395,10.576297,6922
7433,0.003072511919410639,2.1069098,10.070313,2889
7434,0.0008582613772808535,1.6713527,6.1287856,807
7435,0.001878177933429972,1.9391781,7.922345,1766
7436,0.001111379354719321,1.805593,8.228219,1045
7437,0.0009997096587905853,1.8004398,7.6729484,940
7438,0.0024312088085056147,2.38763,13.485248,2286
7439,0.002090882116151373,1.3680538,4.647647,1966
7440,0.0025630854017928834,2.224309,9.310712,2410
7441,0.0009571688222463051,1.5526394,6.4876566,900
7442,0.003211833159093157,2.6401074,11.665622,3020
7443,0.0031331326114862387,4.2940874,11.41609,2946
7444,0.010640526740638092,1.9831632,9.283232,10005
7445,0.008798508518270758,2.0275931,8.183055,8273
7446,0.002257854899587673,4.4466944,14.977553,2123
7447,0.0004987913084816857,1.7388414,7.59159,469
7448,0.0044614702325813885,1.5226816,4.211499,4195
7449,0.0005934446697927092,2.1413856,10.386445,558
7450,0.00033181852504538575,1.8777907,6.045012,312
7451,0.0021685191428446843,3.5701087,11.629244,2039
7452,0.00837522719465517,2.0072386,10.864657,7875
7453,0.004616744285968011,2.937497,10.521717,4341
7454,0.005072994757905417,1.7302834,6.282608,4770
7455,9.784392405184451e-05,1.4071721,3.6631196,92
7456,0.001921782290887859,1.622496,6.4900465,1807
7457,0.004966642666544716,2.2439904,10.1828575,4670
7458,0.0002690707911425724,1.1861967,3.097604,253
7459,0.006941601003112926,2.393029,10.802754,6527
7460,0.0018175572413543727,2.8470807,11.850989,1709
7461,0.0007285118258207988,2.1048975,10.480857,685
7462,9.784392405184451e-05,1.5874708,4.5722156,92
7463,0.0031246244441773827,2.4853783,9.305423,2938
7464,0.02370056355973212,1.722814,6.2462177,22285
7465,0.005080439404300666,1.943708,7.739669,4777
7466,0.001513390260062769,2.9205003,10.63163,1423
7467,0.0032969148321817174,2.1963902,9.45579,3100
7468,0.00034777133874949083,1.6063932,4.9434896,327
7469,0.0023993031810974046,1.3806704,3.717595,2256
7470,0.0064779058847802716,3.284677,10.982615,6091
7471,0.005312286963466993,2.1495974,7.1278043,4995
7472,0.00032331035773652974,1.7344369,5.6040897,304
7473,0.01883814594272089,2.0581715,9.067516,17713
7474,0.0070288097180287,3.0030248,10.509127,6609
7475,0.0066799748583656025,2.3154078,8.819451,6281
7476,0.0003435172550950628,1.7512883,8.571043,323
7477,0.0012315572179569126,1.6022295,6.483638,1158
7478,0.006677847816538388,3.5583477,15.860346,6279
7479,0.0006008893161879582,1.5824813,4.237554,565
7480,0.0013613067694169673,1.5588437,5.627816,1280
7481,0.0018728603288619369,1.845697,6.148092,1761
7482,0.000565793126038927,2.190899,11.428497,532
7483,0.00266731045132637,3.435913,16.822453,2508
7484,0.045839878418289154,2.239157,8.560152,43102
7485,0.002428018245764794,2.401934,10.115839,2283
7486,0.016619641316936676,2.8934295,12.508483,15627
7487,0.0004541234301101914,1.8799806,7.850235,427
7488,0.0014314991497150296,1.9599956,6.790354,1346
7489,0.000550903833248429,2.7218385,15.786111,518
7490,0.0012602722826243016,1.4163779,5.925596,1185
7491,0.003650003775499243,1.6004442,7.7167234,3432
7492,0.003571303227892325,1.8837438,9.496563,3358
7493,0.006078022021264037,3.0022023,9.563129,5715
7494,0.004347673494825439,2.4931867,10.531261,4088
7495,0.0006008893161879582,2.3095033,12.009535,565
7496,0.00014038476059612475,1.0880907,2.9011083,132
7497,0.01028531075549335,2.3023539,9.929499,9671
7498,0.0003435172550950628,1.4973688,5.8666034,323
7499,0.0004381706164060863,1.982766,9.746046,412
7500,0.0008922940465162777,2.4476442,9.749165,839
7501,0.00024992741469764633,1.7731167,10.063003,235
7502,0.0026800727022896543,1.7359573,5.7745523,2520
7503,0.0021036443671146573,2.2563837,10.5803175,1978
7504,0.0018111761158727305,2.0920234,8.788406,1703
7505,0.008938893278866883,2.8691447,13.463807,8405
7506,0.005654740697648449,4.1144524,16.146652,5317
7507,0.0020132450894580615,3.617401,11.773095,1893
7508,0.0019047659562701472,4.715899,14.28564,1791
7509,0.0011443485030411382,2.1227474,9.642519,1076
7510,0.003246929349242188,4.1357117,12.736528,3053
7511,0.001919655249060645,2.4137156,10.060087,1805
7512,0.004199844087834065,1.4364059,4.7464123,3949
7513,0.0005062359548769346,1.3952771,3.7858007,476
7514,0.0004371070954924793,1.6280022,5.5742702,411
7515,0.0036925446120435234,4.4406276,13.323589,3472
7516,0.002449288664036934,3.8803988,15.4103365,2303
7517,0.003215023721833978,2.530579,8.709062,3023
7518,0.002037706070471023,1.9500097,6.183743,1916
7519,0.002788551835477569,2.3727448,10.283531,2622
7520,0.00045944103467822643,2.121279,11.707586,432
7521,0.00132833762109515,2.4126117,11.566186,1249
7522,0.003421346779073737,4.0177665,13.151525,3217
7523,0.0005976987534471372,1.6830442,8.764772,562
7524,0.001512326739149162,2.1200805,6.800044,1422
7525,0.000372232319762452,2.7347448,11.690937,350
7526,0.00048709257843200857,2.6957371,9.849406,458
7527,0.0027502650825877166,1.6378515,5.984819,2586
7528,0.0020026098803219918,2.9827695,13.624352,1883
7529,0.0022419020858835677,1.7867956,9.196582,2108
7530,0.0005200617267538258,2.6048806,13.944575,489
7531,0.003060813189360962,4.291331,13.628241,2878
7532,0.0040052197606439835,2.795042,10.7476,3766
7533,0.001329401142008757,3.304414,11.269891,1250
7534,0.0010741561227430756,1.5848403,6.0356107,1010
7535,0.0012432559480065896,1.6765945,7.7013407,1169
7536,0.0036765917983394183,3.2102187,12.843222,3457
7537,0.0009273902366653089,3.1832926,14.493563,872
7538,0.0009678040313823752,3.1031156,11.80391,910
7539,0.001332591704749578,3.8235955,12.795679,1253
7540,0.001334718746576792,1.711203,7.05452,1255
7541,0.021187463640878767,3.0250733,11.726426,19922
7542,0.0010996806246696437,1.9493599,9.087982,1034
7543,0.0010922359782743949,2.340774,10.23597,1027
7544,0.001880304975257186,2.8914468,10.8746805,1768
7545,0.0002531179774384673,1.6616765,7.893838,238
7546,0.0015963448913241154,2.0759504,9.102128,1501
7547,0.0008274192707862503,2.610985,17.662022,778
7548,0.00338837763075192,2.7699094,11.129486,3186
7549,0.003220341326402013,1.5278801,4.5457683,3028
7550,0.0018452087851081548,2.5216703,11.019867,1735
7551,0.0011943339859806672,1.5352937,4.513106,1123
7552,0.001301749598254975,1.4726946,4.341813,1224
7553,0.01025021456534432,1.5175338,4.446078,9638
7554,0.0108394051514826,2.408616,9.61854,10192
7555,0.000948660654937449,1.7772032,8.756839,892
7556,0.00036797823610802395,2.108994,9.290661,346
7557,0.00035202542240391887,2.3136156,8.816623,331
7558,0.0012698439708467646,2.434087,8.783366,1194
7559,0.0014091652105292824,1.8412611,6.743673,1325
7560,0.001894130747134077,1.7728103,6.5215435,1781
7561,0.0005753648142613901,1.4090488,6.2611628,541
7562,0.00028821416758749853,1.8932464,7.2871814,271
7563,0.0006561924036955224,1.8401883,10.889235,617
7564,0.00035308894331752586,1.5353241,5.769352,332
7565,8.933575674298847e-05,2.2537997,10.273875,84
7566,0.003815913038021936,2.338411,9.576523,3588
7567,0.0014825481535681658,2.7352958,9.037523,1394
7568,0.003611717022609391,2.5982392,10.403594,3396
7569,0.0004764573692959385,1.8313445,8.167867,448
7570,0.004257274217168844,2.534102,10.498955,4003
7571,0.00042647188635640927,1.342366,3.584322,401
7572,0.000571110730606962,2.0248077,10.301037,537
7573,0.0063417752078385745,5.054496,18.803553,5963
7574,6.168421298920632e-05,2.5389168,9.550347,58
7575,0.0007742432251059,1.5348681,8.124853,728
7576,0.0029172378660240164,2.7059932,10.432823,2743
7577,0.002409938390233475,1.8799999,8.059748,2266
7578,0.0025014011888036774,1.8229738,7.7583437,2352
7579,0.0017750164048100925,2.3529477,11.122231,1669
7580,0.00784559377967888,2.0008764,8.366622,7377
7581,0.0009912014914817292,1.5593252,4.114878,932
7582,0.00042647188635640927,2.1160693,7.0450296,401
7583,0.0076243814296486235,3.1593785,11.316853,7169
7584,0.0055909294428320285,2.4858253,9.40307,5257
7585,0.00028608712576028454,1.2989563,2.6378627,269
7586,0.01947094088631706,1.6660393,6.2381716,18308
7587,0.0030629402311881763,5.2505155,17.853199,2880
7588,0.0033788059425294567,2.8477964,8.497989,3177
7589,0.004493375859989599,2.4346538,9.57587,4225
7590,0.0024939565424084284,3.8960376,13.7589445,2345
7591,0.0007774337878467211,2.65682,10.533333,731
7592,0.004945372248272576,1.5809432,4.526174,4650
7593,0.0019898476293587074,3.1532345,10.959249,1871
7594,0.00048071145295036654,1.5897073,7.016399,452
7595,0.026538037357235613,1.7588218,7.7917986,24953
7596,0.003202261470870694,2.0894775,7.1005583,3011
7597,0.000749782244092939,1.8746291,8.879398,705
7598,0.0009912014914817292,2.09284,6.700012,932
7599,0.0015197713855444111,2.2199628,10.229176,1429
7600,0.000757226890488188,1.4490294,6.418575,712
7601,0.0029225554705920513,2.1048663,7.2164044,2748
7602,0.0017984138649094466,2.824339,10.554193,1691
7603,0.0015335971574213022,1.5421711,4.9616733,1442
7604,0.0025705300481881324,2.0264144,8.172996,2417
7605,0.00832524171171564,1.8180438,6.8386846,7828
7606,0.007210671794255498,2.541923,10.750945,6780
7607,0.00031692923225488766,1.696609,5.9887595,298
7608,0.1319063718728497,2.023426,14.630828,124028
7609,0.0010773466854838967,1.4703343,5.4393406,1013
7610,0.0030799565658058883,1.9993043,6.9313464,2896
7611,0.0033830600261838847,1.9713337,12.129755,3181
7612,0.003538334079570508,2.242585,9.789184,3327
7613,0.009729089317676888,2.7705574,10.198097,9148
7614,0.0048166862177261285,1.6954098,6.295233,4529
7615,9.784392405184451e-05,3.7462468,7.588483,92
7616,0.0010401234535076516,1.8870283,8.069271,978
7617,0.0010550127462981495,1.620018,6.2201653,992
7618,0.000747655202265725,1.9417112,6.3149514,703
7619,0.002066421135138412,1.5977077,5.602209,1943
7620,0.00693628339854489,2.7228072,13.210067,6522
7621,0.00414135043758568,4.28798,13.531544,3894
7622,8.508167308856045e-05,1.444013,4.587994,80
7623,0.008508167308856045,2.4689963,10.169664,8000
7624,0.0025428785044343503,3.2712696,10.718427,2391
7625,0.002093009157978587,3.8674266,12.868006,1968
7626,0.004492312339075992,1.805374,8.72626,4224
7627,0.0023174120707496653,1.9047477,7.1826835,2179
7628,0.0013687514158122163,1.4600861,5.2698836,1287
7629,0.0021068349298554783,2.4209468,8.4756365,1981
7630,0.005902541070518881,3.2070823,11.787958,5550
7631,0.0029831761626676508,2.2576566,8.848319,2805
7632,0.0005732377724341761,2.0415034,12.071122,539
7633,0.0002626896656609304,1.4047351,5.337177,247
7634,0.0008338003962678924,2.545694,8.250093,784
7635,0.0005328239777171098,1.5501137,7.0301495,501
7636,0.00034670781783588384,1.7750554,6.7840295,326
7637,0.0012623993244515158,3.330724,10.623336,1187
7638,0.0017441742983154893,3.9650776,13.217796,1640
7639,0.0005051724339633276,2.8789225,10.774185,475
7640,0.0018590345569850458,3.0553076,12.195195,1748
7641,0.0010220435979763323,2.0217505,9.697297,961
7642,0.003575557311546753,2.793687,10.992067,3362
7643,0.003964805965926917,3.121346,11.530602,3728
7644,0.007161749832229576,3.2744572,12.749239,6734
7645,0.005327176256257491,3.3991826,16.316984,5009
7646,0.0018388276596265128,2.0371792,7.7716794,1729
7647,0.07722863466248632,2.598592,9.235434,72616
7648,0.001333655225663185,2.6333768,12.510196,1254
7649,0.00017335390891794192,1.2969271,3.4887247,163
7650,0.00458909274221423,1.9185206,6.8482018,4315
7651,0.0038180400798491503,1.9269743,6.8502903,3590
7652,0.00044561526280133534,2.4405344,12.88689,419
7653,0.00046369511833265446,1.6669282,6.1445136,436
7654,0.0014687223816912747,2.7814808,10.127136,1381
7655,0.0016356951651275748,3.626035,12.900045,1538
7656,0.0002052595363261521,1.2792645,3.1124723,193
7657,0.0010369328907668305,2.124845,9.336286,975
7658,0.007721161832786861,1.4827245,5.5712414,7260
7659,0.0004977277875680787,2.0059397,15.129425,468
7660,0.001123078084768998,1.7821336,6.64952,1056
7661,0.000377549924330487,1.821663,11.125283,355
7662,0.0004966642666544716,2.4345376,10.844184,467
7663,0.00956105301332698,2.2366123,7.4143534,8990
7664,0.0008912305256026707,2.1842728,10.592604,838
7665,0.0014378802751966715,2.0182788,8.710233,1352
7666,0.0017813975302917345,1.8725487,8.999613,1675
7667,0.002497147105149249,1.5661134,5.867383,2348
7668,0.0009965190960497642,2.6689284,11.187294,937
7669,0.0010901089364471809,1.9691638,7.4066067,1025
7670,0.0004169001981339462,1.8651073,11.237225,392
7671,0.00027226135388339344,1.6256273,6.827887,256
7672,0.00018505263896761897,2.4643376,13.945395,174
7673,0.004862417617011229,2.6618376,11.917258,4572
7674,0.007941310661903511,2.1506808,9.619343,7467
7675,0.0013783231040346792,2.359089,9.487027,1296
7676,0.0031171797977821336,3.917993,12.95924,2931
7677,0.001534660678334909,2.7828739,11.813874,1443
7678,0.0004402976582333003,1.7446966,4.9954534,414
7679,0.004681619061698039,3.2968006,10.451043,4402
7680,0.0005849365024838531,1.9630048,8.330172,550
7681,0.0044412633352228555,2.291182,8.627133,4176
7682,9.46533613110235e-05,1.3788277,2.9209297,89
7683,0.0008125299779957523,2.0092504,7.824814,764
7684,0.0012538911571426596,1.8877778,8.040575,1179
7685,8.827223582938147e-05,2.8613248,9.6704445,83
7686,0.0026524211585358722,1.6962194,7.242272,2494
7687,0.011983753654523739,2.3908074,9.187289,11268
7688,0.001998355796667564,1.4332595,7.5624247,1879
7689,0.0055186100207067525,3.653044,13.448776,5189
7690,0.018513772064070753,1.5407962,12.834498,17408
7691,0.0019930381920995285,1.6751107,5.9686856,1874
7692,0.0005296334149762888,2.2297404,8.144483,498
7693,0.0016676007925357848,1.8909503,7.1800404,1568
7694,0.004482740650853529,1.5210218,6.2056313,4215
7695,0.0020174991731124895,3.9912362,13.947886,1897
7696,0.00829652664704825,2.2918081,8.471868,7801
7697,0.0012166679251664145,1.8213489,6.9131107,1144
7698,0.0033745518588750288,1.8581082,7.895849,3173
7699,0.0012453829898338036,1.6891071,5.198634,1171
7700,0.0019568784810368904,3.6527665,13.483779,1840
7701,0.005542007480806107,1.3396416,3.5434551,5211
7702,0.0012623993244515158,2.6159775,11.2092495,1187
7703,0.0012740980545011928,2.3669076,13.280121,1198
7704,0.007829640965974775,1.572598,6.8689013,7362
7705,0.0003350090877862068,2.2014997,11.184199,315
7706,0.000378613445244094,1.6933627,5.224222,356
7707,0.0008178475825637874,2.2827256,8.509956,769
7708,0.0036319239199679243,3.4599693,12.577347,3415
7709,0.004298751532799517,2.2337606,9.649031,4042
7710,0.006790581033380731,1.7772797,8.407989,6385
7711,0.0012134773624255934,2.1302552,7.99534,1141
7712,0.004507201631866489,2.218604,7.3348684,4238
7713,0.000568983688779748,1.7257584,5.888647,535
7714,0.0016569655833997149,1.6580786,5.8458166,1558
7715,0.0028906498431838412,2.7325227,9.813704,2718
7716,6.806533847084836e-05,1.3816633,3.3140206,64
7717,0.00029459529306914055,1.9207251,9.0244665,277
7718,0.002268490108723743,4.545668,17.935875,2133
7719,0.0012836697427236559,2.8413646,14.198089,1207
7720,0.0006296043808553473,1.8687414,7.2331963,592
7721,0.1446473524178616,2.868672,15.0957985,136008
7722,0.0017696988002420574,2.4385023,9.528,1664
7723,0.004954943936495039,3.8108644,13.462195,4659
7724,0.000948660654937449,2.6815708,10.475708,892
7725,0.003175673448030519,2.8619494,11.607011,2986
7726,0.0012709074917603717,2.3117812,7.990157,1195
7727,0.0023631434700347666,2.5082717,12.25722,2222
7728,0.002246156169537996,1.6594158,8.433486,2112
7729,0.008306098335270714,2.8228369,11.87468,7810
7730,0.0011698730049677062,1.444688,5.449212,1100
7731,0.0035011108475942626,2.5022922,9.330731,3292
7732,0.0009943920542225503,2.8582332,9.018091,935
7733,0.00038499457072573603,2.045471,7.600336,362
7734,0.011070189189735322,1.8149326,9.242573,10409
7735,0.0032969148321817174,1.6687025,6.1931276,3100
7736,0.004909212537209938,2.567915,9.054601,4616
7737,0.002721550017920327,2.0480783,8.094839,2559
7738,0.0050400256095836,2.6479332,8.495869,4739
7739,0.0074393287906810044,1.3179742,5.40909,6995
7740,0.002982112641754044,1.7361605,13.827742,2804
7741,0.00037648640341687997,2.3082552,9.114281,354
7742,0.01742898073219161,1.8346531,7.790063,16388
7743,0.0013060036819094029,2.4755156,12.757669,1228
7744,0.008661314320415454,2.0706882,7.795313,8144
7745,0.0004488058255421564,2.1126606,10.359358,422
7746,0.0016750454389310339,1.6070552,5.8414106,1575
7747,0.0025056552724581054,1.7449303,7.195728,2356
7748,0.0009125009438748108,1.5449295,8.188746,858
7749,0.001508072655494734,3.5225523,12.521818,1418
7750,0.0002892776885011055,1.3373512,3.890348,272
7751,0.0105203488774005,2.413779,8.717171,9892
7752,0.0008593248981944605,2.1392784,9.237067,808
7753,0.00020206897358533108,2.313355,10.872381,190
7754,0.007300007550998486,2.8058274,9.939132,6864
7755,0.006387506607123675,1.4851121,6.9016213,6006
7756,0.0024152559948015097,3.6989427,10.584411,2271
7757,0.00046263159741904747,2.3440971,12.677348,435
7758,0.005283571898799604,1.3742988,5.1324673,4968
7759,0.002880014634047771,4.2041435,14.679469,2708
7760,0.0038414375399485044,3.1903036,11.825379,3612
7761,0.0005360145404579308,1.7348819,5.4601245,504
7762,0.02601584858865457,2.215776,8.955494,24462
7763,0.01060543055048906,2.2613442,8.869042,9972
7764,0.0050910746134367356,3.476246,13.9702,4787
7765,0.0003509619014903119,2.1062593,7.588989,330
7766,0.0009018657347387407,1.8764728,6.9450645,848
7767,0.0014410708379374926,1.7410178,6.2365475,1355
7768,0.0018771144125163649,1.836602,9.2962,1765
7769,0.00338837763075192,1.5948476,7.1831813,3186
7770,0.0011007441455832508,1.6153084,9.496745,1035
7771,0.005007056461261782,2.64496,9.639251,4708
7772,0.0006551288827819154,2.3115458,8.2979355,616
7773,0.0012836697427236559,1.5880992,4.64147,1207
7774,0.017901184017833117,1.3815091,7.272461,16832
7775,0.002052595363261521,3.396624,14.40888,1930
7776,0.0011007441455832508,3.8416054,14.008112,1035
7777,0.0017962868230822326,3.2301402,12.089128,1689
7778,0.051306375914229166,1.7222936,6.0140758,48242
7779,0.0010316152861987954,1.8334216,10.060654,970
7780,0.0005891905861382811,1.8354975,10.438619,554
7781,0.0017760799257236994,2.325515,10.331956,1670
7782,0.00131770241195908,1.8417838,8.58814,1239
7783,0.0058100147510350714,3.2243607,11.769347,5463
7784,0.01150091515974616,1.9782346,7.7131596,10814
7785,0.0010262976816307605,2.1868587,9.223459,965
7786,0.002472686124136288,2.439695,10.783632,2325
7787,0.0004020109053434481,1.7583312,5.568032,378
7788,0.0008774047537257796,1.7462856,6.097633,825
7789,0.014498980615204307,2.3415112,5.728556,13633
7790,0.0005115535594449697,1.4380856,4.458171,481
7791,0.00012549546780562666,1.3305649,3.2859852,118
7792,0.0016229329141642906,3.22976,13.225815,1526
7793,0.0004190272399611602,1.8414793,8.425983,394
7794,0.00021057714089418712,1.0770675,2.8985577,198
7795,0.001139030898473103,1.9986688,11.422837,1071
7796,0.0015920908076696874,1.7031639,5.4913526,1497
7797,0.0018292559714040498,1.9202677,7.967992,1720
7798,0.002440780496728078,3.2307444,13.050268,2295
7799,0.0014027840850476404,1.69947,6.9454694,1319
7800,0.0009273902366653089,2.063107,10.981637,872
7801,0.0005051724339633276,2.1821752,9.959049,475
7802,0.0007412740767840829,1.9057715,11.500827,697
7803,0.0005211252476674328,1.8518443,8.78479,490
7804,0.056592074854855984,2.7452943,8.599958,53212
7805,0.0018377641387129057,1.6733011,9.3116665,1728
7806,0.0009678040313823752,1.5197414,3.7946522,910
7807,0.0006210962135464913,2.3974767,10.009094,584
7808,0.0012432559480065896,1.9053708,7.6126547,1169
7809,0.0019877205875314936,1.9452764,9.084405,1869
7810,0.0015580581384342632,1.3865254,5.5384054,1465
7811,0.001357052685762539,1.9517493,8.8895035,1276
7812,0.006619354166290003,2.80001,11.423597,6224
7813,0.0008529437727128185,1.4442075,6.5204697,802
7814,0.001719713317302528,1.7460659,6.3281617,1617
7815,0.0006115245253240282,1.7062373,6.230972,575
7816,0.00383931049812129,4.077401,13.63853,3610
7817,0.0010465045789892935,2.488845,9.286928,984
7818,0.0027034701623890084,1.4771012,3.9098744,2542
7819,0.004868798742492872,5.697365,16.862722,4578
7820,0.007963644601089259,1.8219908,7.1889563,7488
7821,0.005160203472821191,1.7337054,6.819143,4852
7822,0.0030895282540283515,1.9504193,8.754578,2905
7823,0.0001680363043499069,2.8646662,8.90267,158
7824,0.004306196179194766,3.5238702,15.574502,4049
7825,0.00765416001522962,2.4939814,11.036607,7197
7826,0.001345353955712862,2.1095662,13.564701,1265
7827,0.00031586571134128066,1.5966654,5.167442,297
7828,0.0019802759411362445,1.8080757,6.490199,1862
7829,0.00046475863924626146,1.7596304,8.005326,437
7830,0.004394468415024147,1.2613536,4.029462,4132
7831,0.004026490178916123,1.7146637,6.160797,3786
7832,0.0014378802751966715,1.7158504,6.810398,1352
7833,0.006767183573281377,2.5105016,11.360342,6363
7834,0.0004966642666544716,1.5981407,9.503021,467
7835,0.000760417453229009,1.7524431,8.482798,715
7836,0.00037648640341687997,1.7757642,7.2556643,354
7837,0.006988395923311634,3.0534635,11.989137,6571
7838,0.0024067478274926537,4.4728045,13.061933,2263
7839,0.003757419387773551,1.8831843,7.644737,3533
7840,0.0003137386695140667,2.4078574,11.897707,295
7841,0.0003573430269719539,2.2933846,8.313172,336
7842,0.0008295463126134644,2.1320782,9.408957,780
7843,0.0019675136901729606,2.3123188,12.511208,1850
7844,0.001131586252077854,1.8728015,6.3530574,1064
7845,0.00395310723587724,2.7144828,11.74336,3717
7846,0.004806051008590059,2.5671196,9.788116,4519
7847,0.007005412257929346,2.1544323,6.8969646,6587
7848,0.002899158010492697,3.4909728,11.13158,2726
7849,0.001886686100738828,3.7836676,11.684683,1774
7850,0.0038946135856288548,1.7784122,8.57522,3662
7851,0.005371844134628986,2.2255085,7.66434,5051
7852,0.011476454178733197,1.8101926,10.767917,10791
7853,0.0007933866015508262,1.2052833,3.8945696,746
7854,0.0005732377724341761,1.8628635,7.2217484,539
7855,0.002463114435913825,2.302112,9.854007,2316
7856,0.006623608249944431,3.6811316,11.333986,6228
7857,9.890744496545152e-05,1.8938513,6.132616,93
7858,0.0006721452173996276,1.8929482,9.350446,632
7859,0.0017792704884645205,3.3399744,14.795957,1673
7860,0.0025854193409786306,2.6095893,10.033936,2431
7861,0.0008837858792074217,2.084496,7.9963036,831
7862,0.006941601003112926,2.0108943,7.1483755,6527
7863,0.004307259700108373,1.5871401,5.5361085,4050
7864,0.008499659141547189,6.863071,11.848121,7992
7865,0.0033671072124797797,1.6482065,5.8431125,3166
7866,0.00451783684100256,2.2439382,9.212122,4248
7867,0.007527601026510386,2.1783528,8.364108,7078
7868,0.006576813329745723,3.8837087,12.81487,6184
7869,0.0009582323431599121,1.8207098,6.120154,901
7870,0.003066130793928997,2.3111124,15.282814,2883
7871,0.008436911407644375,1.877836,8.299925,7933
7872,0.015517833650439818,2.2578726,9.568392,14591
7873,3.1905627408210167e-06,1.2653338,1.5728108,3
7874,0.002309967424354416,1.3462878,4.4433956,2172
7875,0.0025460690671751714,1.799588,6.3016815,2394
7876,0.0006264138181145264,2.1973677,11.207073,589
7877,0.0008986751719979197,3.105427,11.844689,845
7878,0.002080246907015303,5.099897,17.247885,1956
7879,0.0027045336833026153,1.537139,6.9669614,2543
7880,0.0005051724339633276,1.998485,8.3647995,475
7881,0.003005510101853398,4.2871976,12.084619,2826
7882,0.0023663340327755877,2.0744183,8.104534,2225
7883,0.061792692122394244,1.243632,4.548857,58102
7884,0.0012751615754147997,1.8391645,8.594624,1199
7885,0.0020132450894580615,2.7033114,10.426523,1893
7886,0.0014687223816912747,1.7332911,4.834193,1381
7887,0.0007710526623650791,2.4884343,9.54199,725
7888,0.0002988493767235686,1.6691161,6.6878724,281
7889,0.0006604464873499505,1.3897685,3.7794218,621
7890,0.0007816878715011491,2.1538756,9.538618,735
7891,0.018243637752014576,2.0211287,7.2878356,17154
7892,0.001354925643935325,3.5932717,14.816403,1274
7893,0.008446483095866838,3.3336322,11.240377,7942
7894,0.000550903833248429,1.7843027,6.5096326,518
7895,0.00034564429692227684,2.0078425,11.77704,325
7896,0.0012347477806977335,1.9481425,5.9629292,1161
7897,5.2112524766743275e-05,2.4918818,6.9124174,49
7898,0.0004902831411728296,1.610986,6.9990516,461
7899,0.0008593248981944605,1.8765671,5.856572,808
7900,0.0014208639405789594,2.259662,9.807043,1336
7901,0.004011600886125625,2.0446181,6.974196,3772
7902,0.001498500967272271,1.6429878,6.875462,1409
7903,0.004650776955203436,2.3295882,10.655096,4373
7904,0.00010316152861987954,1.1021961,3.552448,97
7905,0.0012868603054644768,1.4630548,5.222012,1210
7906,0.002247219690451603,2.3011692,8.472511,2113
7907,0.01423522742862977,1.1287277,4.4007015,13385
7908,0.0005168711640130047,1.88629,7.110786,486
7909,0.0004307259700108373,2.2911682,9.930325,405
7910,0.0017431107774018822,2.7309136,12.027973,1639
7911,0.0011464755448683521,1.3991742,3.8627408,1078
7912,0.004463597274408602,4.5373654,11.1179695,4197
7913,0.00172609444278417,1.6001385,4.3047123,1623
7914,0.001998355796667564,2.9876447,10.7282295,1879
7915,0.0004902831411728296,1.8837826,6.3378806,461
7916,3.72232319762452e-05,1.5256742,3.2822773,35
7917,0.0051112815107952694,2.8766222,9.975745,4806
7918,0.005778109123626861,2.8035436,10.810951,5433
7919,0.007369136410382942,3.0441148,10.742418,6929
7920,0.005494149039693791,2.0969512,7.8413754,5166
7921,0.0007859419551555772,1.4137887,4.8106933,739
7922,0.0006540653618683084,1.7048016,5.949834,615
7923,0.00024141924738879027,1.6413671,6.998472,227
7924,0.0021323594317820462,2.483989,8.522299,2005
7925,0.0013262105792679361,3.9967961,14.280809,1247
7926,0.0038892959810608195,3.7196863,11.901316,3657
7927,0.001692061773548746,2.0470376,7.1618743,1591
7928,0.002456733310432183,4.8705993,13.786926,2310
7929,0.0075403632774736695,1.907172,6.3807106,7090
7930,0.00038286752889852204,2.0138085,10.320029,360
7931,0.0012496370734882316,1.840746,8.005035,1175
7932,0.0017388566937474542,1.9992328,10.342771,1635
7933,3.615971106263819e-05,1.1235235,1.4901994,34
7934,0.0018590345569850458,3.479816,11.902112,1748
7935,0.0040381889089658,1.3558799,4.994361,3797
7936,0.004835829594171054,2.3225918,9.156992,4547
7937,0.02274233121657221,3.8281953,25.520744,21384
7938,0.00335647200334371,3.8875153,13.478681,3156
7939,0.00044986934645576337,1.7610223,4.6814976,423
7940,0.009256886032035377,9.094195,19.434046,8704
7941,0.006976697193261957,2.0618236,8.622331,6560
7942,0.0008359274380951064,1.7983524,9.289161,786
7943,0.004263655342650485,2.3748229,7.9827447,4009
7944,0.000761480974142616,2.7494466,7.7433743,716
7945,0.0001297495514600547,2.0651982,5.6359825,122
7946,0.0011507296285227801,1.5307854,4.697449,1082
7947,0.0012666534081059438,2.2278094,8.388227,1191
7948,0.006401332379000567,1.8197964,11.731781,6019
7949,0.004335974764775762,2.7233315,9.036466,4077
7950,0.0034957932430262277,4.48801,15.046871,3287
7951,0.0053973686365555535,3.0565155,11.93928,5075
7952,0.0035255718286072235,1.7110738,6.300763,3315
7953,0.002330174321712949,1.8032764,6.988011,2191
7954,0.007044762531732805,1.8978982,7.4523697,6624
7955,0.00044561526280133534,1.799487,6.7631454,419
7956,0.0012783521381556208,1.7592586,5.0244756,1202
7957,0.0024354628921600427,2.4107313,10.934597,2290
7958,0.0008167840616501803,1.6426611,6.773592,768
7959,0.0013804501458618934,1.6235081,12.044003,1298
7960,0.003389441151665527,2.9878378,11.35074,3187
7961,0.0005764283351749971,1.8443947,8.509439,542
7962,0.0024865118960131793,2.9267256,12.450039,2338
7963,0.001917528207233431,1.6688778,5.0672836,1803
7964,0.00048177497386397354,1.523511,7.144678,453
7965,0.0026524211585358722,3.2208397,16.865128,2494
7966,0.0014708494235184887,2.2937796,6.8286567,1383
7967,0.002093009157978587,4.053336,13.428595,1968
7968,0.000749782244092939,1.9984541,11.372945,705
7969,0.0008774047537257796,2.2784,7.7238255,825
7970,0.0031171797977821336,1.9197031,9.933046,2931
7971,0.0017707623211556643,1.6130939,5.241731,1665
7972,0.002256791378674066,2.432173,7.702746,2122
7973,0.0013442904347992551,1.8445185,6.455735,1264
7974,0.001304940160995796,3.0717044,9.900478,1227
7975,0.001341099872058434,1.9613649,8.46715,1261
7976,0.0002116406618077941,1.9241236,9.282543,199
7977,0.0040254266580025165,2.7971222,9.303241,3785
7978,0.0029884937672356856,1.6740001,5.924189,2810
7979,0.0031416407787950946,5.2502556,13.752558,2954
7980,0.0015569946175206563,1.7384564,6.7227707,1464
7981,7.65735057797044e-05,1.0621464,2.5044909,72
7982,0.00038605809163934303,2.2057934,14.288638,363
7983,0.0015867732031016523,1.4524144,5.0322127,1492
7984,0.0025726570900153466,5.0986624,14.063858,2419
7985,0.010969154702942656,3.0521426,10.258229,10314
7986,0.00327458089299597,3.455743,11.939812,3079
7987,0.0035479057677929708,2.616832,10.244449,3336
7988,0.003159720634326414,2.1572003,9.968759,2971
7989,0.002082373948842517,1.848135,7.270085,1958
7990,0.0032990418740089316,4.048002,14.348107,3102
7991,0.00046475863924626146,2.2485316,10.159415,437
7992,0.00041370963539312516,1.5000671,5.474214,389
7993,0.0006285408599417403,4.042143,12.011338,591
7994,0.0016154882677690415,2.8018918,13.194454,1519
7995,0.002822584504712993,2.8250365,9.766814,2654
7996,0.000373295840676059,2.2195306,6.7797613,351
7997,0.00012124138415119864,1.464643,5.0325265,114
7998,0.0006636370500907715,1.947233,12.059586,624
7999,0.0004998548293952927,1.6216563,9.099405,470
8000,0.0024269547248511867,3.2914755,12.213882,2282
8001,0.001712268670907279,1.5269951,4.5035715,1610
8002,0.0004849655366047946,1.848573,8.69969,456
8003,0.00042115428178837424,1.5336514,5.216323,396
8004,0.001151793149436387,1.8000127,6.738504,1083
8005,0.0029959384136309347,3.6454809,10.294173,2817
8006,0.003908439357505746,3.7574055,11.926441,3675
8007,0.0012443194689201965,1.5172013,6.1574206,1170
8008,0.003218214284574799,1.8211663,6.1033726,3026
8009,0.0006817169056220906,2.7104726,11.784087,641
8010,0.0008752777118985656,3.9230554,11.295256,823
8011,0.0008880399628618497,1.6978351,7.767956,835
8012,0.0003509619014903119,1.8376465,10.359266,330
8013,0.0009890744496545152,2.4501286,9.112065,930
8014,0.0016633467088813568,1.9417514,6.865738,1564
8015,0.002999128976371756,1.8349476,6.658613,2820
8016,0.0006359855063369894,1.6685264,7.8537545,598
8017,0.0003435172550950628,2.016754,9.119447,323
8018,0.0036234157526590684,3.3629198,13.613109,3407
8019,0.0010550127462981495,2.0978458,9.443211,992
8020,0.0025269256907302453,2.2565866,8.079749,2376
8021,0.0005328239777171098,1.7682804,6.181383,501
8022,0.0033309475014171416,1.9637725,8.877307,3132
8023,0.0014229909824061736,1.8989393,6.539401,1338
8024,0.0002988493767235686,2.1658463,14.290821,281
8025,0.0014410708379374926,2.1084871,8.5956545,1355
8026,0.002811949295576923,2.9015386,9.9835615,2644
8027,0.0004402976582333003,1.9670609,10.900454,414
8028,0.00015421053247301582,1.7205867,6.1393,145
8029,0.0021185336599051554,2.8101292,9.129152,1992
8030,0.0016739819180174268,1.8415414,5.739259,1574
8031,0.00012230490506480565,1.5546095,6.26624,115
8032,7.231942212527638e-05,1.0177454,2.4938412,68
8033,0.0006530018409547014,1.7522894,6.481565,614
8034,0.0008976116510843127,2.1407588,11.068203,844
8035,0.005058105465114919,2.664871,12.654978,4756
8036,0.0008082758943413243,2.3576684,10.355231,760
8037,0.0018632886406394738,2.2348988,8.926114,1752
8038,0.005406940324778017,2.145365,9.379544,5084
8039,0.0004934737039136506,2.361993,10.692806,464
8040,0.0033245663759354995,1.5202359,9.20055,3126
8041,0.0017431107774018822,1.7951645,5.5353484,1639
8042,0.001895194268047684,3.8148193,13.907118,1782
8043,0.0010209800770627254,1.8719693,8.420229,960
8044,0.0004977277875680787,2.091699,9.507676,468
8045,0.0005275063731490748,1.3417566,3.9676344,496
8046,0.0012709074917603717,2.1239023,7.793683,1195
8047,0.0016856806480671038,2.019908,12.320155,1585
8048,0.0012187949669936284,2.1373138,9.699381,1146
8049,0.0012443194689201965,3.0049794,10.872388,1170
8050,0.0007870054760691842,2.5871844,11.1793785,740
8051,0.0021897895611168246,2.2057147,9.276754,2059
8052,0.0029183013869376233,2.138625,8.77831,2744
8053,0.003855263311825395,2.271302,8.776601,3625
8054,0.0004690127229006895,1.4164071,6.434404,441
8055,0.002872569987652522,3.605045,12.888362,2701
8056,0.0029597787025682967,3.6852446,12.838625,2783
8057,0.0021961706865984668,2.8785403,10.069965,2065
8058,0.0008880399628618497,2.0232253,10.362676,835
8059,0.0017154592336481001,2.0839927,7.7941556,1613
8060,0.0023982396601837977,2.8046508,9.599397,2255
8061,0.003939281464000349,1.4765549,6.1481714,3704
8062,0.00032437387865013673,2.0981507,9.426859,305
8063,0.0007678620996242581,2.231598,8.588771,722
8064,0.002698152557820973,1.4401672,5.2088137,2537
8065,0.00042966244909723025,1.9107618,11.279117,404
8066,0.0029874302463220787,1.3867528,4.5018616,2809
8067,0.00224828321136521,2.465538,9.402241,2114
8068,0.00032862796230456476,2.2156188,14.902021,309
8069,0.0035096190149031185,2.2363653,7.616291,3300
8070,0.018547804733306177,2.95609,13.393159,17440
8071,0.0005455862286803939,1.5876182,4.7255797,513
8072,0.0023174120707496653,1.6933575,7.759444,2179
8073,0.009837568450864802,2.2663317,7.6676555,9250
8074,0.0006423666318186314,2.0933778,7.7360077,604
8075,0.0008072123734277173,1.8400356,6.087436,759
8076,0.0007859419551555772,2.2943423,8.543393,739
8077,0.0003562795060583469,1.6097703,6.5524564,335
8078,0.0008699601073305306,2.153956,11.179644,818
8079,0.0009220726320972738,1.9422419,7.726704,867
8080,0.0027492015616741097,4.758408,15.116647,2585
8081,0.0008678330655033166,2.440096,11.730353,816
8082,0.004588029221300622,1.7931259,6.042147,4314
8083,0.0021961706865984668,4.7345076,14.372499,2065
8084,0.004660348643425898,1.4353733,4.250263,4382
8085,0.002660929325844728,1.8446736,5.470922,2502
8086,0.0009975826169633713,2.7381165,10.699397,938
8087,0.007560570174832203,2.9618802,10.740734,7109
8088,0.002843854922985133,3.0759122,11.335065,2674
8089,0.0032171507636611922,1.7575793,6.303465,3025
8090,0.003744657136810267,2.482868,9.171746,3521
8091,0.0011464755448683521,2.5698264,9.659508,1078
8092,0.018645648657358023,2.168939,8.044407,17532
8093,0.0018409547014537268,1.8379447,6.433316,1731
8094,0.0018547804733306179,1.7773747,8.301443,1744
8095,0.001119887522028177,2.253765,8.217487,1053
8096,0.0009837568450864803,1.6561607,6.8560796,925
8097,0.002859807736689238,1.7579231,5.444277,2689
8098,0.008436911407644375,7.082109,14.077883,7933
8099,0.0008114664570821453,1.7226857,6.7369547,763
8100,0.0029767950371860086,2.2663028,9.04545,2799
8101,0.0351897799894286,2.507637,10.043531,33088
8102,0.0014219274614925665,2.53597,9.028019,1337
8103,0.01019703851966397,1.3137106,4.189999,9588
8104,0.0009805662823456592,1.8399745,11.839362,922
8105,0.002295078131563918,2.002523,8.675958,2158
8106,0.0016218693932506835,2.3851607,8.932954,1525
8107,0.0015580581384342632,1.9651414,7.5142097,1465
8108,0.001703760503598423,3.3762155,14.033001,1602
8109,0.002986366725408472,2.118445,9.642038,2808
8110,0.007757321543849499,3.0509844,13.323987,7294
8111,0.001141157940300317,2.8113637,11.574498,1073
8112,0.002650294116708658,2.825684,9.959267,2492
8113,9.784392405184451e-05,1.5754149,5.9193525,92
8114,0.0007189401375983358,2.4421046,11.15153,676
8115,0.014870149414053152,2.3439581,11.266881,13982
8116,0.0025960545501147007,1.794092,6.73805,2441
8117,0.002836410276589884,5.0826473,14.634696,2667
8118,0.0002275934755118992,2.1116452,10.591576,214
8119,0.0013496080393672902,4.461606,16.955908,1269
8120,0.0008221016662182154,3.0683515,11.007245,773
8121,0.005715361389724049,1.7324651,6.2752905,5374
8122,0.0008688965864169236,1.9895171,7.6510286,817
8123,0.0004551869510237984,1.8899089,5.248888,428
8124,0.007960454038348438,2.0291162,7.238039,7485
8125,0.0014240545033197805,2.9199693,11.283028,1339
8126,0.0008295463126134644,1.7862903,11.3859,780
8127,0.00021376770363500813,1.1026,3.6463878,201
8128,0.0014421343588510995,1.7467744,8.075447,1356
8129,0.0017835245721189484,1.6434709,5.99315,1677
8130,0.000190370243535654,1.2822467,2.9896266,179
8131,0.0057844902491085036,2.9602475,10.5193405,5439
8132,0.0006264138181145264,2.1345022,12.212542,589
8133,0.029049010234261752,2.625366,8.791159,27314
8134,0.001698442899030388,1.9533936,8.488944,1597
8135,0.002653484679449479,3.565284,11.624203,2495
8136,0.07758704121037188,1.5057573,5.7736473,72953
8137,0.0016473938951772518,3.4020956,12.575636,1549
8138,0.000955041780419091,1.8149012,6.0158753,898
8139,0.001145412023954745,2.5573857,9.034166,1077
8140,0.000374359361589666,2.2788522,13.207629,352
8141,0.09111183666871217,1.7921289,9.82425,85670
8142,0.00631837774773922,2.2049167,10.092759,5941
8143,0.0021036443671146573,3.997777,10.902248,1978
8144,0.0005211252476674328,2.4674647,10.689996,490
8145,0.00644280969463124,1.3027859,4.303824,6058
8146,0.0023259202380585212,3.5271106,11.524186,2187
8147,0.005033644484101958,2.7434444,11.771771,4733
8148,0.00305443206387932,4.3193283,13.268636,2872
8149,0.00885487512669193,3.1429825,8.082097,8326
8150,0.03165995407716695,2.0855472,8.170105,29769
8151,0.00222701279309307,3.2089264,11.520948,2094
8152,0.002239775044056354,4.1730165,14.304522,2106
8153,0.0033756153797886356,2.8155055,9.211491,3174
8154,0.0004977277875680787,2.3859558,11.133874,468
8155,0.0014049111268748544,1.7843453,9.521563,1321
8156,0.0026960255159937593,2.9907033,11.730372,2535
8157,0.004073285099114831,2.3354332,8.413687,3830
8158,0.003254373995637437,2.4348352,9.618524,3060
8159,0.002052595363261521,3.488939,10.230214,1930
8160,0.00010209800770627253,1.0513248,1.798514,96
8161,0.00036159711062638193,2.5635903,18.914593,340
8162,0.0009943920542225503,2.7318683,9.573804,935
8163,0.004298751532799517,2.3322365,9.876653,4042
8164,0.0008444356054039625,2.1837575,9.826436,794
8165,0.00031054810677324564,2.1635451,12.729426,292
8166,0.0007870054760691842,1.562229,4.5849533,740
8167,0.002433335850332829,4.531657,14.249792,2288
8168,0.0015495499711254072,2.232839,7.6426516,1457
8169,0.02378564523282068,1.6461109,6.374752,22365
8170,1.5952813704105085e-05,1.4268291,2.7338753,15
8171,0.0034809039502357295,4.1061416,14.469334,3273
8172,0.002452479226777755,3.4640756,13.683265,2306
8173,0.0015176443437171971,1.6962005,5.715048,1427
8174,0.0029565881398274756,4.7786355,15.482929,2780
8175,0.0008954846092570988,1.8392488,7.3807693,842
8176,0.0014804211117409518,2.7239568,10.722973,1392
8177,0.0004562504719374054,2.515748,14.814839,429
8178,0.0013900218340843565,1.9506273,8.860306,1307
8179,0.0025428785044343503,2.6066992,12.265664,2391
8180,0.005115535594449697,3.261988,14.175711,4810
8181,0.0012985590355141538,1.5958351,5.158234,1221
8182,0.0036734012355985972,1.4978714,5.822007,3454
8183,0.002303586298872774,2.784909,10.644443,2166
8184,0.005701535617847157,1.232592,4.148942,5361
8185,0.003748911220464695,3.4258235,11.962769,3525
8186,0.0006849074683629116,3.5061731,11.961234,644
8187,0.0014495790052463486,3.168778,11.584668,1363
8188,0.001682490085326283,2.5363564,10.539875,1582
8189,0.0021780908310671475,2.2235377,11.926593,2048
8190,0.008510294350683258,2.7834084,11.758736,8002
8191,0.0002626896656609304,1.424913,4.8883467,247
