feature,density,mean_act,max_act,n_active_frames
0,0.0032877270931650107,2.042285,4.699538,4644
1,0.0003277815771178725,2.1868684,4.932251,463
2,0.0015702365832558126,2.1905026,4.5539236,2218
3,0.0027440202870602027,2.013958,4.646132,3876
4,0.0006520233963835002,2.1692297,4.2677803,921
5,0.0005522022249501956,2.2202854,4.2820005,780
6,0.0028785310854455067,1.8483192,4.347056,4066
7,0.004135145122992426,2.1639488,6.127947,5841
8,0.004256912793109649,1.9083233,4.038578,6013
9,0.0009854685860649645,2.2662063,4.8173065,1392
10,0.000950071007542516,2.3543644,6.6651163,1342
11,0.0016707657062595663,2.178655,4.57347,2360
12,0.0017295256866068306,2.283427,6.0042505,2443
13,0.005720248689227667,2.1080232,5.249616,8080
14,0.0006626426699402348,2.203795,4.718355,936
15,0.0016672259484073213,2.1276915,4.2857127,2355
16,0.0010647591619552489,2.0902216,4.428265,1504
17,0.0011617485271067578,2.1776197,4.573213,1641
18,0.003689135633609576,1.8517796,4.198962,5211
19,0.0008509577876796604,1.9575175,4.4638686,1202
20,0.010886171298793792,2.7306812,7.790261,15377
21,0.0016870485923798926,2.229645,4.8921313,2383
22,0.0031532162947797066,1.8233871,3.8690393,4454
23,0.0004785752616235029,2.401144,5.719306,676
24,0.0018364263737446248,2.2230675,4.7324405,2594
25,0.0021882783042577623,1.9158025,5.050392,3091
26,0.0006088383505861131,2.2685418,6.7841496,860
27,0.0008275953858548445,2.2439454,4.774944,1169
28,0.0009139654774496187,2.2355418,6.0371785,1291
29,0.0005366272904003183,2.366745,5.5975475,758
30,0.0008169761122981099,2.3388066,5.80396,1154
31,0.0010782102417937795,1.9429091,4.191987,1523
32,0.0009635220873810465,3.1085029,9.071567,1361
33,0.003849840640101492,2.3446712,5.0314617,5438
34,0.00217624312756013,1.7418,4.093805,3074
35,0.0013620988215438158,2.1433182,4.772669,1924
36,0.0013316569040145102,1.8578892,4.045551,1881
37,0.0026364116483519593,2.4292762,5.8189607,3724
38,0.0012877639066466741,2.073094,3.9400704,1819
39,0.0012389152482856953,1.9179721,3.6953788,1750
40,0.001018742309876066,2.235139,5.959123,1439
41,0.03454449688005743,3.7038896,14.067285,48795
42,0.002036776668181683,1.8789521,4.063956,2877
43,0.003801699933310962,3.1582959,10.020887,5370
44,0.0025981822635477154,3.2910101,8.480045,3670
45,0.0008084806934527223,2.1499538,4.442568,1142
46,0.00021309342270513958,2.1619604,4.8910885,301
47,0.008081267176674978,2.8260517,9.187664,11415
48,0.0015284674405993235,2.300718,5.594621,2159
49,0.0021811987885532727,3.1275978,8.704226,3081
50,0.011596246723954108,2.9893699,9.0374,16380
51,0.009007975782392678,2.770391,8.565284,12724
52,0.0005366272904003183,2.13233,4.3628674,758
53,0.00035680759150628026,2.2980926,6.3195424,504
54,0.0031192346193981563,2.3831038,5.3061657,4406
55,0.0016219170478985873,2.1285188,5.088623,2291
56,0.046439499166741,3.8621044,13.514869,65597
57,0.001698375817507076,2.2017176,5.1584096,2399
58,0.010258926207376005,2.112195,5.4701943,14491
59,0.0006463597838199085,2.2123687,4.930996,913
60,0.00113272251271835,2.3039398,5.0312915,1600
61,0.0031829502607385635,1.859915,3.5587354,4496
62,5.380431935412162e-05,2.3797452,6.7868123,76
63,0.03097996072284687,2.2068791,6.1886544,43760
64,0.0003745063807675045,2.1671805,5.0687795,529
65,0.008227813151757914,2.3546088,6.223879,11622
66,0.0007638797445144373,2.262438,5.1531277,1079
67,0.0006668903793629285,2.1262941,4.988701,942
68,0.0015114766029085483,2.265166,4.7683887,2135
69,0.001720322316190994,2.22986,5.1530166,2430
70,0.009422835402675774,1.9196767,4.182885,13310
71,0.004387175882072259,1.9009055,4.0032477,6197
72,0.0018243911970469925,2.2031105,5.2618384,2577
73,0.0035383419491039456,1.9251992,3.8910136,4998
74,0.0017960731342290337,1.8596162,4.1525707,2537
75,0.0009019303007519861,2.1901958,4.8282704,1274
76,0.002102616164233437,1.9411656,4.2232037,2970
77,0.0016537748685687909,2.2478597,4.9255543,2336
78,0.004658321333554215,2.4989905,7.910554,6580
79,0.0009097177680269248,2.096564,4.5273676,1285
80,0.00553334947462914,1.8518225,3.7027736,7816
81,0.0007808705822052126,2.248825,4.6899962,1103
82,0.00160634211334871,1.8408432,4.328014,2269
83,0.004082048755208754,1.9983034,4.168772,5766
84,0.0009564425716765567,2.3344655,5.483937,1351
85,0.003081005234593912,2.3533106,5.917567,4352
86,0.01871965542581163,3.3866537,10.586088,26442
87,0.0034831217266089263,2.2124696,4.6127906,4920
88,0.002622960568513429,2.0913267,4.941155,3705
89,0.000998919665903495,2.0465558,5.122878,1411
90,0.0009925481017694542,2.1717122,4.731952,1402
91,0.0016374919824484646,2.0731761,4.357943,2313
92,0.0006860050717650507,2.0424156,4.552201,969
93,0.0004417617799601565,2.23835,6.2425203,624
94,0.003374097184759785,3.1039813,10.870361,4766
95,0.0011461735925568804,2.2937965,5.955661,1619
96,0.0019504065765869089,2.9815574,7.8062778,2755
97,0.003279231674319623,3.5549984,8.843837,4632
98,0.0724276933663522,2.5180178,8.845556,102306
99,0.00353551014282215,1.8119617,3.7743654,4994
100,0.00534786616317151,2.2696438,6.3858333,7554
101,0.006855803008227813,2.4191723,5.831976,9684
102,0.007018631869431076,2.6494136,7.6618056,9914
103,0.0015723604379671596,2.365869,6.3705716,2221
104,0.000746180955253213,2.2977147,5.479355,1054
105,0.014588050060671449,2.0588055,4.8433113,20606
106,0.003367725620625744,2.2167065,4.788125,4757
107,0.25629121163079477,4.655654,16.449741,362018
108,0.002826142669232283,2.8048565,7.8585143,3992
109,0.0007589240835212945,2.2294655,4.5862575,1072
110,0.00015433344235787517,2.3282745,6.2616253,218
111,0.00029096809545452613,2.2818084,6.996834,411
112,0.00029521580487722,2.2158694,6.667525,417
113,0.0008665327222295377,2.1374538,4.37867,1224
114,0.0011943142993474103,2.192822,5.023112,1687
115,0.0010647591619552489,1.9682857,4.5642204,1504
116,0.02097235732298025,3.9117706,10.624355,29624
117,0.0009465312496902712,1.9535162,4.425121,1337
118,0.00706394076993981,2.6534197,8.3616,9978
119,0.004285938807498057,2.782594,8.149887,6054
120,0.003352150686075867,2.3202496,5.5582275,4735
121,0.008810457294237416,1.8857641,4.21039,12445
122,0.0012757287299490416,2.1686802,4.4982347,1802
123,0.003189321824872604,1.8622347,3.6781254,4505
124,0.001423690608172876,1.853191,4.13481,2011
125,0.0005387511451116652,2.3531756,5.716108,761
126,0.004500448133344094,1.8454512,4.1449485,6357
127,0.001742976766445361,2.1849642,4.5672812,2462
128,0.0008014011777482326,2.0646725,4.629911,1132
129,0.0006456518322494595,1.9824475,4.5442867,912
130,0.0005253000652731348,2.163517,4.743601,742
131,0.0003815858964719941,2.1542628,4.6767573,539
132,0.0033825926036051726,2.178346,5.448445,4778
133,0.001402452061059407,2.0989199,4.90538,1981
134,0.00566361256359175,1.9486247,5.143359,8000
135,0.0034456002933751307,2.3890636,6.665004,4867
136,0.0012509504249833278,2.072693,4.021183,1767
137,0.004276027485511771,1.8951677,4.1250153,6040
138,0.0021330580817627426,3.6169424,11.29107,3013
139,0.0010987408373367995,2.219691,5.1556587,1552
140,0.0005068933244414616,2.140493,4.482109,716
141,0.0032926827541581534,1.9242154,4.2988167,4651
142,0.0004368061189670137,2.1264672,5.712314,617
143,0.004953537138431434,2.596681,7.354711,6997
144,0.001176615510086186,2.2104704,3.8390634,1662
145,0.002438893160196697,2.51066,10.914387,3445
146,0.0005833520940499502,2.340477,5.9432836,824
147,0.002152172774164865,3.1248355,10.7639885,3040
148,0.027934353066775407,1.99161,5.5650043,39458
149,0.0008424623688342728,1.9888059,4.611419,1190
150,0.0012969672770625107,2.2226946,5.542633,1832
151,0.00118086321950888,2.1437252,4.494716,1668
152,0.00039786878259232044,2.3287382,4.4171996,562
153,0.006873501797489037,1.9178731,4.196425,9709
154,0.0019433270608824192,3.2185419,10.065848,2745
155,0.0006414041228267656,2.2753477,5.1426153,906
156,0.011447576894159824,2.5985055,7.4889364,16170
157,0.00019751848815526227,2.0903146,5.2029443,279
158,0.005633878597632893,1.9186794,4.8347645,7958
159,0.00030866688471575034,2.2158434,7.48054,436
160,0.006663240181065694,3.7005343,11.591559,9412
161,0.0019341236904665826,2.1923246,4.4292455,2732
162,0.012883302679030333,2.6747966,9.206752,18198
163,0.006334750652377372,2.6128962,7.65218,8948
164,0.0017833300059609523,1.8684205,4.1967463,2519
165,0.0006661824277924796,2.2217202,4.8911715,941
166,0.001990051864532051,2.9653945,7.572301,2811
167,0.002397831969110657,1.8218375,3.743639,3387
168,0.006661116326354347,2.5586536,6.7608376,9409
169,0.0007596320350917434,2.1146257,5.4645386,1073
170,0.0004325584095443199,2.5340586,10.070497,611
171,0.0015320071984515683,2.1035755,4.530763,2164
172,0.001151129253550023,2.262397,5.3542013,1626
173,0.0010307774865736985,2.2846642,4.637359,1456
174,0.0007645876960848862,2.1925695,6.2751513,1080
175,0.005763433735025055,1.9070215,4.9880543,8141
176,0.0015114766029085483,2.2063057,5.4491677,2135
177,0.005973695351448398,2.8690498,9.126844,8438
178,0.0012877639066466741,2.173593,4.727311,1819
179,0.002331284521488454,1.8833367,4.65741,3293
180,0.0007065356673080708,2.046006,4.3493953,998
181,0.0052898141343946945,1.8514744,3.8641255,7472
182,0.0025564131208912263,1.8959067,4.4375663,3611
183,0.0007107833767307646,2.2304852,4.497955,1004
184,0.001877487564830665,2.1350737,4.9963913,2652
185,0.002337656085622495,1.862089,4.4233027,3302
186,0.0024806623028531863,1.9173286,4.467147,3504
187,0.000814144306016314,2.2075336,4.6296086,1150
188,0.002549333605186736,3.192796,12.694277,3601
189,0.00044813334409419723,2.1776886,4.979746,633
190,0.0010031673753261887,1.9099196,4.6362247,1417
191,0.00037946204176064725,2.3297539,7.584175,536
192,0.0012622776501105112,2.3961055,5.9066963,1783
193,0.005540428990333629,4.3097777,12.587556,7826
194,0.027414008662495416,2.2735598,7.657447,38723
195,0.001085997709068718,2.201243,6.788392,1534
196,0.0010930772247732077,1.9600809,3.9697516,1544
197,0.0032636567397697457,1.8340031,3.759721,4610
198,0.001356435208980224,2.0060902,4.0165567,1916
199,0.0032041888078520324,2.8542762,8.247544,4526
200,0.0008113124997345182,2.1433923,5.38144,1146
201,0.0008205158701503547,1.9818329,4.600969,1159
202,0.0008983905428997413,2.1301374,4.320025,1269
203,0.055719328352186084,3.554239,11.949774,78705
204,0.002238542865759639,2.0715683,4.0592327,3162
205,0.002899769632558976,4.1943493,12.414641,4096
206,0.004639914592722541,1.7895751,3.9748194,6554
207,0.0026059697308226538,2.1322954,4.5557895,3681
208,0.015050342436174625,2.1495342,6.4432607,21259
209,0.0005500783702388487,2.2145677,5.1649446,777
210,0.0066405857308113264,3.822093,10.737619,9380
211,0.00027256135462285294,2.0573964,5.1721644,385
212,0.004797787792932661,1.8295743,4.0446167,6777
213,0.0020169540242091118,2.2073395,4.557469,2849
214,0.004529474147732502,1.9069861,3.6617236,6398
215,0.0010590955493916573,2.1999347,5.2640967,1496
216,0.000836798756270681,2.2032697,4.067413,1182
217,4.389299736783606e-05,2.915097,8.584506,62
218,0.00011114839656048809,2.324776,4.893688,157
219,0.00022512859940277205,2.149412,4.5014935,318
220,0.0021153592925015185,2.3236082,5.6837087,2988
221,0.0030406519950783206,1.8716384,3.841341,4295
222,0.00462646351288401,2.4526942,6.328256,6535
223,0.0008091886450231712,2.236571,5.196204,1143
224,0.001085289757498269,2.2125514,4.7771544,1533
225,0.002579775522716042,1.9144434,4.1292634,3644
226,0.001313958114753286,2.2925162,5.259559,1856
227,0.008746741652897008,2.9139676,8.943069,12355
228,0.023625759809022984,2.9384243,9.709726,33372
229,0.0015121845544789972,2.1016307,3.9922967,2136
230,0.002620128762231633,1.8262757,4.167794,3701
231,0.0008283033374252934,2.1704435,4.3300433,1170
232,0.0029273797438064855,2.2299654,4.6754527,4135
233,0.0007065356673080708,2.050928,4.6775017,998
234,0.0012821002940830823,2.3479354,5.2871046,1811
235,0.0016240409026099343,2.0189428,4.4489965,2294
236,0.0008566214002432522,2.2734551,4.959948,1210
237,0.011643679479174189,3.0118766,8.697596,16447
238,0.0021252706144878042,2.309219,5.5381746,3002
239,0.005468217930147835,2.9822762,8.83463,7724
240,0.003436396922959294,1.7943206,3.7139168,4854
241,0.00032919748025877045,2.2854595,7.295539,465
242,0.002448804482182983,1.9774122,4.1779428,3459
243,0.0016261647573212812,1.9539009,4.298188,2297
244,0.0015015652809222627,1.9067731,4.0902424,2121
245,0.0006739698950674183,2.3077114,4.903808,952
246,0.005255832459013144,1.9135263,4.2031794,7424
247,0.001336612565007653,1.888477,3.7279372,1888
248,0.0037903727081837787,3.637481,11.297038,5354
249,0.0021946498683918032,1.8764132,3.967067,3100
250,0.00011468815441273294,2.2504838,6.761321,162
251,0.0002307922119663638,2.2527766,4.796447,326
252,0.001018034358305617,2.0959008,4.6094327,1438
253,0.019460172768501253,3.813598,11.055552,27488
254,0.003750727420238636,1.8159266,3.5435553,5298
255,0.0022052691419485377,3.6364043,13.942962,3115
256,0.002472166884007799,1.8875401,3.7641423,3492
257,0.0020226176367727036,1.8705688,4.323735,2857
258,0.0004849468257575436,1.8811891,4.0289974,685
259,0.0028962298747067313,2.4646711,6.5757008,4091
260,0.0008962666881883945,2.2508087,4.7508655,1266
261,0.0021472171131717223,2.102871,4.3056464,3033
262,0.01599333392801265,2.4392476,7.5145006,22591
263,0.0008537895939614563,1.8636546,3.6427717,1206
264,0.0005819361909090523,1.8756112,5.3477716,822
265,0.009786014558316094,3.4201539,10.055005,13823
266,0.0004091960077195039,2.1937137,5.128771,578
267,0.003417990182127621,2.4777884,7.204603,4828
268,0.0016261647573212812,2.258088,5.0485144,2297
269,0.0005260080168435837,1.9021995,5.114428,743
270,0.004065057917517979,2.8204842,10.02208,5742
271,0.004635666883299847,3.9748125,11.983386,6548
272,0.004005589985600265,2.5292788,6.748793,5658
273,0.0049740677339744545,3.7899084,14.66455,7026
274,0.00047220369748946216,2.1447136,6.0525727,667
275,7.079515704489688e-05,2.5700583,6.426468,100
276,0.003547545319519782,1.8458276,3.75062,5011
277,0.00183288661589238,2.169892,5.192632,2589
278,0.0008714883832226805,2.185192,5.077416,1231
279,0.0004608764723622786,2.2439926,6.617344,651
280,0.0005146807917164002,2.31877,4.7678323,727
281,0.0035701997697741494,2.902537,8.500871,5043
282,0.0003716745744857086,2.303223,7.182672,525
283,0.0007298980691328868,2.207594,5.232307,1031
284,0.004241337858559771,4.189952,11.68581,5991
285,0.005078136614830453,2.625575,7.032356,7173
286,0.008338961548318403,2.6092162,8.720472,11779
287,0.00046724803649631934,2.2879283,5.9325466,660
288,0.0008516657392501094,1.7427199,4.134949,1203
289,0.037197191414529714,2.8396025,10.235813,52542
290,0.001176615510086186,2.2068791,5.411173,1662
291,0.00036955071977436165,2.3815694,5.667681,522
292,0.00048353092261664565,2.1894906,4.253627,683
293,0.00017274018318954836,6.9652543,10.607267,244
294,0.006304308734848067,2.438819,6.941752,8905
295,0.0006718460403560713,2.1202543,5.9535303,949
296,0.001968813317418582,2.2615108,5.0986433,2781
297,0.0012290039262994098,2.074748,4.856531,1736
298,0.00035893144621762713,1.9391323,4.4391556,507
299,0.00201836992735001,3.0776327,10.711015,2851
300,0.0028211870082391404,8.65723,19.966175,3985
301,0.0020282812493362954,2.2309263,4.556462,2865
302,0.0018371343253150737,2.3330965,6.23439,2595
303,0.00018689921459852775,2.3077106,6.086961,264
304,0.0001422982656602427,2.2290664,5.986939,201
305,0.005387511451116652,2.3450117,6.983425,7610
306,0.0009422835402675773,2.3565621,5.0307765,1331
307,0.0018647444365625836,2.1018457,4.5758114,2634
308,0.003165959423047788,1.9406443,3.8169942,4472
309,0.0011801552679384308,2.0713253,4.267378,1667
310,0.0012091812823268385,2.2087286,5.438619,1708
311,0.006485544336883003,2.5164788,7.221505,9161
312,0.002484202060705431,1.8233689,4.1147757,3509
313,0.0043326636111476885,2.2296813,8.5289135,6120
314,0.0007723751633598249,2.287683,5.8587565,1091
315,0.0049740677339744545,3.2059817,11.6209345,7026
316,0.0018236832454765434,1.7990494,3.3001504,2576
317,0.004834601274596007,2.7566864,8.99474,6829
318,0.0007447650521123151,2.062253,5.0465875,1052
319,0.0007298980691328868,2.343409,7.9631324,1031
320,0.0013302410008736122,2.1744506,4.6213956,1879
321,0.00926779400874745,1.9385208,4.0887003,13091
322,0.0026293321326474697,3.9798853,11.596465,3714
323,0.00044459358624195235,2.2573802,5.5924215,628
324,0.0024785384481418394,1.9347703,4.4469204,3501
325,0.004802035502355355,3.9565344,13.493021,6783
326,0.001762799410417932,1.8856225,4.6227264,2490
327,0.0027291533040807742,1.9016017,3.8022437,3855
328,0.003074633670459871,3.6472492,9.7147455,4343
329,0.0019065135792190727,2.2694972,5.385904,2693
330,0.0008006932261777836,1.9573642,4.3541026,1131
331,0.001063343258814351,2.2160814,4.765803,1502
332,0.0032077285657042772,2.080453,4.007079,4531
333,0.0013946645937844683,2.1841357,4.5618796,1970
334,0.0012445788608492871,2.205611,5.0130186,1758
335,0.0008481259813978646,2.0902734,4.4364285,1198
336,0.000724234456569295,2.2597754,5.1068487,1023
337,0.001018742309876066,2.2744224,5.1399903,1439
338,0.0013061706474783474,2.1395614,4.0840554,1845
339,0.0024197784677945752,1.9678973,4.116564,3418
340,0.00019751848815526227,6.64981,17.838972,279
341,0.0015440423751492008,2.2750795,4.667603,2181
342,0.001925628271621195,2.3022692,5.2528763,2720
343,0.0008240556280025995,2.1861513,5.431312,1164
344,0.0018732398554079713,2.1732774,5.5576677,2646
345,0.0009585664263879036,2.6332278,11.12749,1354
346,0.0039298391675622255,1.9069735,4.2456098,5551
347,0.0005288398231253796,2.3232114,6.1077685,747
348,0.0027319851103625704,1.9047111,4.0965223,3859
349,0.0005083092275823595,2.1572442,5.2533383,718
350,0.0009550266685356588,2.2340772,6.3412027,1349
351,0.005139728401459513,2.9615421,9.206531,7260
352,0.0006279530429882353,2.085547,5.608529,887
353,0.0009486551044016181,2.2500632,5.0141006,1340
354,0.0007957375651846409,2.1151311,4.554172,1124
355,0.004635666883299847,2.205998,5.4518633,6548
356,0.0011950222509178592,2.2469466,5.0624113,1688
357,0.0010236979708692089,2.1712039,4.5211134,1446
358,0.00019610258501436434,2.457106,5.8748565,277
359,0.0007504286646759069,2.2513986,5.727408,1060
360,0.0013061706474783474,2.459003,8.789843,1845
361,0.002814107492534651,1.8822609,4.251017,3975
362,0.0024834941091349825,2.4829288,5.9085894,3508
363,0.0019277521263325419,2.268625,5.6932945,2723
364,0.00034335651166774985,2.584766,10.538543,485
365,0.0005960952223180317,2.2757666,5.010365,842
366,0.012073406082436712,2.4279268,6.355415,17054
367,0.000998919665903495,2.2644627,5.7773476,1411
368,0.03646800129696728,2.1807604,6.217684,51512
369,0.000814144306016314,2.2855718,8.036845,1150
370,0.0007270662628510909,2.1120496,4.477939,1027
371,0.005266451732569878,3.7792554,13.768965,7439
372,0.003877450751349002,2.2337182,5.4453588,5477
373,0.00023716377610040452,2.3112211,5.087765,335
374,0.002132350130192294,1.9063262,3.9099123,3012
375,0.00512132166062784,2.4809089,6.7645063,7234
376,0.003490201242313416,2.0617611,4.3588133,4930
377,0.0026080935855340008,1.9515697,4.8306985,3684
378,0.0011652882849590026,2.0906367,5.089297,1646
379,0.002307922119663638,2.3502264,5.8405156,3260
380,0.0017543039915725446,2.362051,5.424979,2478
381,0.0034279015041139066,1.9887816,4.064933,4842
382,0.001359974966832469,1.9189906,4.7616196,1921
383,0.0023426117466156375,1.8283004,4.186705,3309
384,0.0033818846520347235,1.8492627,3.5395668,4777
385,0.00032990543182921943,2.6688776,8.6409645,466
386,0.05184258555240753,3.150814,7.4932575,73229
387,0.013637271101558485,2.4774387,7.883133,19263
388,0.0011943142993474103,2.0569072,5.030489,1687
389,0.003939750489548511,2.7983208,8.809371,5565
390,0.0032402943379449298,3.3485405,8.583404,4577
391,0.0007638797445144373,2.672788,8.659738,1079
392,0.0032948066088695003,1.9156617,4.1110816,4654
393,0.0070908429296168704,2.6647747,6.8747134,10016
394,0.0012566140375469194,2.1963222,4.9802847,1775
395,0.0011688280428112474,2.0585032,4.337639,1651
396,0.0023461515044678823,1.9358158,4.555895,3314
397,0.0006137940115792559,2.1476042,4.815497,867
398,0.0006477756869608063,2.3188496,6.0096474,915
399,0.0005493704186683997,2.2654717,4.881686,776
400,0.0005387511451116652,2.300894,7.9115496,761
401,0.001960317898573194,2.1996412,5.8043613,2769
402,0.0004134437171421977,2.252497,4.319942,584
403,0.0028487971194866503,1.904021,4.4797287,4024
404,0.0011575008176840638,1.972315,3.8608103,1635
405,0.005642374016478281,1.8702229,4.499723,7970
406,0.0012530742796946746,2.2203066,4.893334,1770
407,0.000998211714333046,2.151461,5.1205463,1410
408,0.0012948434223511638,2.4892411,6.3932066,1829
409,0.00024353534023444524,2.3745584,6.4761286,344
410,0.00117378370380439,2.093844,4.516181,1658
411,0.00018831511773942567,7.084455,12.149474,266
412,0.001999963186518337,2.161513,4.9683537,2825
413,0.014760790243860998,3.6567938,12.255069,20850
414,0.014776365178410876,2.7143412,7.458545,20872
415,0.0012417470545674912,1.970007,4.0101876,1754
416,0.0012488265702719809,1.9624392,4.6435156,1764
417,0.0009429914918380264,2.1692374,4.6592402,1332
418,0.0009663538936628423,2.2436907,4.2979,1365
419,0.0013500636448461833,2.3629496,5.260647,1907
420,0.0005253000652731348,2.2417223,4.0460873,742
421,0.0011398020284228397,2.3516617,6.629619,1610
422,0.0025719880554411034,2.1977785,4.9589,3633
423,0.0013854612233686317,2.140853,4.760059,1957
424,0.0006307848492700312,2.294752,6.7275386,891
425,0.11925798179998102,2.9859178,10.362073,168455
426,0.012426673916090748,2.1349783,5.0678086,17553
427,0.047676998511885796,2.5669365,7.9020634,67345
428,0.0004247709422693812,2.1587675,6.4867997,600
429,0.0001401744109488958,2.3923774,6.224592,198
430,0.0004212311844171364,1.7478799,4.1683826,595
431,0.0006612267667993368,2.2236369,4.677561,934
432,0.0010987408373367995,3.3959596,12.980283,1552
433,0.0002102616164233437,2.3452115,5.4310946,297
434,0.0008134363544458651,2.0354128,5.7935534,1149
435,0.001562449115980874,1.9716961,4.172567,2207
436,0.0015681127285444658,2.259874,4.7987576,2215
437,0.0008969746397588434,2.2024367,4.564924,1267
438,0.0002520307590798329,2.2372775,4.346635,356
439,0.0026335798420701636,2.892873,9.411358,3720
440,0.005678479546571178,2.1856592,4.677904,8021
441,0.0007787467274938656,2.169291,6.5520554,1100
442,0.0025903947962727767,1.9468732,3.820974,3659
443,0.0031256061835321968,1.9428184,4.3878093,4415
444,0.001538378762585609,2.0347052,4.5423894,2173
445,0.000996087859621699,3.0468721,13.618065,1407
446,0.0016474033044347502,2.1644688,4.7994304,2327
447,0.0009153813805905166,2.247024,5.5725207,1293
448,0.0006987482000331321,2.3249278,4.666375,987
449,0.0006456518322494595,2.2616768,4.929816,912
450,0.0014321860270182637,2.0107663,3.9902115,2023
451,0.004012669501304755,1.9135965,4.434304,5668
452,0.0006491915901017043,2.0331903,4.28748,917
453,0.0040905441740541415,1.8918128,3.794707,5778
454,0.0012417470545674912,2.2113264,5.2988605,1754
455,0.008036666227736694,2.2081518,5.41625,11352
456,0.006642001633952225,2.2886145,5.8804617,9382
457,0.0038314338992698187,2.6183076,7.1573505,5412
458,0.008177548590256038,2.7546759,7.726003,11551
459,0.0010300695350032496,2.2518873,4.9204946,1455
460,0.00044742539252374825,2.2656538,5.431752,632
461,0.07181814706419563,2.5715003,10.157321,101445
462,0.0008183920154390079,2.2894058,5.4867005,1156
463,0.0002307922119663638,2.0346344,3.3995695,326
464,0.0006017588348816235,2.196268,4.372632,850
465,0.0011171475781684727,2.3709025,5.362822,1578
466,0.0007553843256690497,2.2431376,4.789075,1067
467,0.0003199941098429339,2.3892636,5.689903,452
468,0.00713969158797785,2.5004027,6.096548,10085
469,0.004261160502532343,1.9284793,4.562075,6019
470,0.004836017177736906,1.8429978,3.7413168,6831
471,0.0014555484288430796,2.657067,8.778125,2056
472,2.9733965958856686e-05,2.3395386,6.118225,42
473,0.0010364410991372903,2.1572618,5.6105595,1464
474,0.00607564037759305,2.423778,6.0162234,8582
475,0.0012700651173854498,2.5549514,7.0637956,1794
476,0.0038307259476993696,3.7235286,10.654784,5411
477,0.0033011781730035413,2.0019455,3.7762709,4663
478,0.00010123707457420253,2.150803,4.6226025,143
479,0.002557121072461675,1.9982775,4.4158854,3612
480,0.00043609816739656476,2.1805496,6.1813064,616
481,0.0011440497378455334,2.1975102,5.495946,1616
482,0.0032721521586151336,3.9490213,12.155633,4622
483,0.0015893512756579348,1.886157,3.859897,2245
484,0.0005599896922251343,2.2192292,5.7082224,791
485,0.00044813334409419723,2.2112706,5.132472,633
486,0.00037663023547885135,2.2622142,6.6290426,532
487,0.006423244598683493,1.9309673,4.042249,9073
488,0.0025932266025545723,2.3227212,5.9836755,3663
489,0.004346822642556668,3.0310397,10.277512,6140
490,0.001132014561147901,2.1053274,5.4956203,1599
491,0.0007086595220194176,2.7142339,9.02105,1001
492,0.00042264708755803434,2.3195329,8.324516,597
493,0.003191445679583951,2.0668092,4.2576613,4508
494,0.0010520160336871674,2.4471512,6.3292637,1486
495,0.0028806549401568537,2.2264245,5.5821815,4069
496,0.0022958869429660056,3.818468,11.606689,3243
497,0.0013267012430213674,2.280666,5.0970554,1874
498,0.004213727747312262,2.2450657,5.2842417,5952
499,0.00017840379575314013,2.2516685,5.7827563,252
500,0.00129059571292847,2.1524734,4.4014373,1823
501,0.0015589093581286292,2.9976687,8.660826,2202
502,0.05915855708142717,3.526898,11.793217,83563
503,0.0005805202877681543,2.1730523,4.985924,820
504,0.00030866688471575034,2.4100099,7.6335034,436
505,0.003073217767318973,2.7312393,6.2809744,4341
506,0.001403867964200305,2.2235482,5.654379,1983
507,0.0014413893974341003,2.2525988,5.446501,2036
508,0.0019589019954322964,2.183672,4.5955386,2767
509,0.002330576569918005,2.0124383,4.03282,3292
510,0.010667414263525061,2.9644136,10.311686,15068
511,0.002085625326542662,2.3152804,5.8450103,2946
512,0.00888408425756411,2.2378843,6.2821245,12549
513,0.0006194576241428477,2.2571979,5.780457,875
514,0.00857400146970746,1.8948758,4.333874,12111
515,0.001358559063691571,2.1199794,4.928746,1919
516,0.005720248689227667,2.418295,5.900561,8080
517,0.0005054774213005637,1.9544785,4.8001814,714
518,0.0018222673423356455,2.2710712,4.970658,2574
519,0.00010831659027869222,2.071103,3.8965435,153
520,0.0012870559550762252,2.0365129,4.4926977,1818
521,0.0009337881214221898,2.0917952,4.542428,1319
522,0.012631979871520949,2.1965253,6.6502085,17843
523,0.0018725319038375224,3.1102865,8.829245,2645
524,0.0008318430952775382,2.2341743,5.1099997,1175
525,0.004877786320393394,2.458743,5.926642,6890
526,0.001813063971919809,2.9089112,8.07544,2561
527,0.004043111418834061,2.3890011,5.9183526,5711
528,0.00044105382838970753,2.1163728,4.297145,623
529,0.000749012761535009,1.9754618,4.270424,1058
530,0.0754492306690284,4.181202,13.726041,106574
531,0.001040688808559984,2.2086873,4.391198,1470
532,0.0015638650191217719,1.9479021,5.3187084,2209
533,0.00022796040568456792,2.3277802,5.460856,322
534,0.0005557419828024405,2.1533659,4.8601427,785
535,0.0009833447313536176,2.1405556,5.0982833,1389
536,0.0018364263737446248,2.173602,4.565113,2594
537,0.0044544312812649116,2.484016,7.130008,6292
538,0.12285295987472089,2.9695237,11.165443,173533
539,0.002282435863127475,1.7917682,3.5601943,3224
540,0.0005125569370050534,2.2622752,6.22184,724
541,0.026819329343318283,3.5096827,11.113686,37883
542,0.0012799764393717356,1.8948331,4.100526,1808
543,0.0006973322968922342,2.2656455,4.8588796,985
544,0.00023503992138905762,2.1103523,4.200875,332
545,0.014563271755705735,3.2466114,11.0695915,20571
546,0.0015093527481972013,2.084983,4.2751174,2132
547,0.00242331822564682,1.9540673,4.375839,3423
548,0.1297682308148664,4.1713386,16.700432,183301
549,0.00039716083102187146,2.2389615,4.9353585,561
550,0.0008509577876796604,2.2881148,5.779642,1202
551,0.00043043455483297296,2.0945358,5.677458,608
552,0.01133430464288799,1.9799362,4.4339504,16010
553,0.005360609291439591,1.874184,4.3368063,7572
554,0.0009606902810992506,2.3420866,4.991978,1357
555,0.0006867130233354997,1.9925567,3.6411636,970
556,0.0004573367145100338,2.0584538,4.9231615,646
557,6.371564134040718e-05,2.5691698,7.453188,90
558,0.0026569422438949795,2.2070725,4.5393515,3753
559,0.0047659299722624575,1.85433,4.555372,6732
560,8.920189787657007e-05,2.3288507,6.0031505,126
561,0.00013451079838530406,2.0467536,5.1134014,190
562,8.424623688342728e-05,2.3979952,5.7934146,119
563,0.002083501471831315,2.5200658,8.443344,2943
564,0.026068900678642374,2.2125502,5.970426,36823
565,0.004858671627991272,2.653678,7.5903196,6863
566,0.0006527313479539492,2.094139,5.0439987,922
567,0.0020941207453880496,2.2773144,4.7895436,2958
568,0.0003412326569564029,1.8502133,3.852608,482
569,0.0008580373033841501,2.2482245,4.754917,1212
570,0.0007044118125967239,2.3604672,4.8187404,995
571,0.0006937925390399893,2.2629728,4.839851,980
572,0.002648446825049592,2.285006,5.2560267,3741
573,0.0016197931931872405,1.8861847,3.7283401,2288
574,0.0032955145604399495,1.8906993,4.082418,4655
575,0.00032494977083607666,2.5011523,10.824519,459
576,0.0006336166555518271,2.2523065,4.5531735,895
577,0.0014966096199291198,2.2504287,5.9874916,2114
578,0.0035326783365403538,4.0758867,13.1366205,4990
579,0.0010952010794845546,1.9075499,4.0737076,1547
580,0.00021663318055738443,2.2846074,5.5115414,306
581,0.0008438782719751707,1.9796529,4.4674253,1192
582,0.0005691930626409708,2.2770362,5.983318,804
583,0.0010173264067351682,2.1460292,4.0202093,1437
584,0.001922796465339399,3.3379953,10.438483,2716
585,0.00450965150375993,1.8722672,4.5836983,6370
586,0.0001762799410417932,2.6711419,7.3364253,249
587,0.002610925391815797,1.8902959,3.5575886,3688
588,7.079515704489688e-05,3.24398,9.160877,100
589,0.003085252944016606,1.9603934,4.046279,4358
590,0.0005068933244414616,2.2121987,4.946163,716
591,0.00255358131460943,1.894623,3.9269392,3607
592,0.002763134979462325,2.0313275,3.8727746,3903
593,0.0021663318055738442,2.2372444,5.1977787,3060
594,0.0006697221856447244,2.2214026,5.222619,946
595,0.005914935371101134,1.8262602,4.3808794,8355
596,0.0008353828531297831,1.806306,4.1233916,1180
597,0.001218384652742675,2.3353593,5.3590536,1721
598,0.0021769510791305787,2.0780084,4.505575,3075
599,4.955660993142781e-05,2.017921,4.2481275,70
600,0.001196438154058757,2.1219282,3.6944509,1690
601,0.0007518445678168047,2.2669718,5.3769236,1062
602,0.000680341459201459,2.3969514,7.4680634,961
603,0.014240445839581006,2.6199427,8.094315,20115
604,0.0009684777483741893,2.5036416,5.6866317,1368
605,0.0011928983962065122,2.268922,4.988363,1685
606,0.0007709592602189269,2.0646648,5.623306,1089
607,0.0012693571658150009,2.3420434,6.3940253,1793
608,0.0013387364197189999,2.1484993,5.04444,1891
609,0.0009380358308448836,2.2625701,4.523489,1325
610,0.02015679711382304,2.5086339,8.581123,28472
611,0.04915803319726504,2.660717,10.089824,69437
612,0.001539086714156058,1.9108849,4.165273,2174
613,0.0007334378269851316,1.8940197,4.1994424,1036
614,0.005140436353029962,3.3073497,14.490027,7261
615,8.990984944701903e-05,2.4414644,6.5100117,127
616,0.0018923545478100935,1.7947994,3.9613602,2673
617,0.007480216293363803,1.9399616,5.2348614,10566
618,0.0013628067731142647,2.4153018,5.288021,1925
619,0.0021019082126629883,1.8463001,3.829361,2969
620,0.0005238841621322368,2.1415522,4.743925,740
621,0.0008070647903118244,2.1811862,5.669498,1140
622,0.0007943216620437429,2.0391176,4.1337485,1122
623,0.0010081230363193315,2.2235627,4.587954,1424
624,0.001835718422174176,2.2492898,4.8611536,2593
625,0.0015688206801149148,2.0904946,4.869959,2216
626,0.0036148007187124342,1.9455472,3.7998705,5106
627,0.001830054809610584,2.0105622,4.123308,2585
628,0.0018944784025214402,2.3181193,6.136361,2676
629,0.00920549427054794,2.4055004,5.214872,13003
630,0.0009337881214221898,2.0071425,4.398547,1319
631,0.0024629635135919622,1.9207648,4.492839,3479
632,0.00023716377610040452,2.2500904,4.8841643,335
633,0.0012502424734128787,2.7606661,7.3898215,1766
634,0.017398617795353854,2.4122462,6.110452,24576
635,0.0012127210401790835,1.9343756,5.6609406,1713
636,0.003168791229329584,1.9481307,3.952513,4476
637,0.0019079294823599708,2.6641293,7.7310395,2695
638,0.0024275659350695136,3.3024905,7.8473735,3429
639,0.0010463524211235759,2.003301,4.2707367,1478
640,0.004004174082459367,4.508535,12.83406,5656
641,0.001401036157918509,6.484731,18.211823,1979
642,0.0009826367797831686,2.0348258,5.4301076,1388
643,0.001428646269166019,2.2451227,4.2729144,2018
644,0.0010668830166665959,2.2079914,5.8274274,1507
645,0.001631120418314424,2.1222873,4.0686097,2304
646,0.09385172379127889,2.7292838,9.660148,132568
647,0.0017911174732358909,1.8531024,4.4105234,2530
648,1.13272251271835e-05,2.5882235,3.9620247,16
649,0.0016828008829571986,1.8877804,4.820363,2377
650,0.0005599896922251343,2.2596817,4.6567597,791
651,0.007145355200541441,2.2254238,7.309996,10093
652,0.000998211714333046,2.0647938,5.097322,1410
653,0.002084209423401764,1.8682379,4.5465784,2944
654,0.000520344404279992,2.2917175,6.163362,735
655,0.0009189211384427614,1.8317672,5.0733066,1298
656,0.04881963234659043,3.1676965,9.728826,68959
657,0.0008198079185799058,2.24633,4.6469417,1158
658,0.004959908702565475,3.1154761,10.437072,7006
659,0.0006350325586927249,2.196217,5.4779973,897
660,0.0016134216290531998,2.1801152,5.9852805,2279
661,0.000520344404279992,2.3326547,5.1005044,735
662,0.0026399514062042046,2.3360324,5.773874,3729
663,0.0015461662298605478,2.279914,4.718556,2184
664,0.002968440934892526,3.1947675,8.7568,4193
665,0.001948282721875562,2.2081237,4.636189,2752
666,0.00155820140655818,1.9496871,4.00101,2201
667,0.0024261500319286157,3.2860067,9.949948,3427
668,0.0007737910665007228,2.1574876,5.6648073,1093
669,0.0008091886450231712,2.3188884,5.414921,1143
670,0.000657687008947092,2.1784081,5.496064,929
671,0.001357851112121122,2.164392,4.702061,1918
672,0.0007674195023666821,2.3175187,5.2960777,1084
673,0.00011185634813093706,2.3377154,6.1741266,158
674,0.004781504906812335,2.41906,7.4160643,6754
675,0.0046682326555405,2.0048916,5.482914,6594
676,0.0019404952546006233,1.9310392,3.7977915,2741
677,0.002652694534472286,1.9245887,3.9232192,3747
678,0.003531970384969905,2.3157315,6.0031357,4989
679,0.0005090171791528085,2.3211582,5.649161,719
680,0.03694657655859078,3.5135114,11.781501,52188
681,0.002349691262320127,1.9270996,3.8175151,3319
682,0.001315374017894184,1.9677465,3.947477,1858
683,0.003007378271267219,1.9640498,4.104454,4248
684,0.002962069370758485,1.9618912,3.9045253,4184
685,0.0004799911647644008,2.5481737,7.0754385,678
686,0.0012799764393717356,2.1364365,4.30431,1808
687,0.013991246886782969,3.825511,15.735455,19763
688,0.0007114913283012135,2.0421362,4.364983,1005
689,0.007866049899258492,2.59835,7.825644,11111
690,0.0016544828201392398,1.819753,4.1524525,2337
691,0.0003235338676951787,2.4494736,5.76902,457
692,0.0007136151830125605,2.1996577,5.84855,1008
693,0.0004346822642556668,1.9216776,4.299407,614
694,0.00015787320021012002,2.0334728,6.704923,223
695,0.0006867130233354997,2.274929,6.59686,970
696,0.00131112630847149,1.8735526,4.80002,1852
697,0.0013267012430213674,2.1709917,4.3409376,1874
698,0.004707877943485642,3.061314,9.564328,6650
699,0.0025818993774273887,1.8134329,3.7508824,3647
700,0.00011822791226497778,2.0493388,5.6714077,167
701,0.0028785310854455067,2.1299756,4.422306,4066
702,0.002892690116854486,2.3228874,6.144731,4086
703,0.0006088383505861131,2.369416,5.200805,860
704,0.00023220811510726175,2.3476787,5.0404067,328
705,0.00192208851376895,1.9308625,4.1932325,2715
706,0.0001515016360760793,2.2796848,4.490866,214
707,0.0009706016030855361,2.2216141,5.585969,1371
708,0.0011178555297389216,2.1570487,4.315898,1579
709,0.0032771078196082762,1.9528333,4.7255044,4629
710,0.0006725539919265203,1.9286822,4.8491735,950
711,0.00042972660326252404,2.352304,4.658398,607
712,0.0004368061189670137,2.1538208,5.824942,617
713,0.001110068062463983,2.1311746,4.3986554,1568
714,0.002146509161601273,2.0047088,4.035568,3032
715,0.0013620988215438158,1.9241052,4.1252913,1924
716,0.0008467100782569666,2.0660367,4.7458005,1196
717,0.0073379180277035605,3.5198467,11.1826935,10365
718,0.0028091518315415077,2.018596,4.077486,3968
719,0.012000487070680469,4.0715694,12.523495,16951
720,0.0010456444695531267,2.1990502,5.8219714,1477
721,0.00039432902474007556,2.134034,4.467133,557
722,0.0005861839003317461,2.0716434,5.3657455,828
723,0.00015291753921697725,2.2558594,6.745065,216
724,0.004608056772052337,3.1238792,8.736248,6509
725,0.004673188316533642,2.3561394,5.942659,6601
726,0.005463262269154692,1.8533987,4.119422,7717
727,0.001744392669586259,1.9627839,4.0887156,2464
728,0.0012700651173854498,2.1654594,5.079557,1794
729,0.0019652735595663373,2.211257,5.105209,2776
730,0.0003454803663790967,1.9954861,5.5716143,488
731,0.004002758179318469,1.9458134,4.0104938,5654
732,0.007107125815737197,2.099591,5.686975,10039
733,0.004417617799601565,2.527683,6.3372264,6240
734,5.2388416213223684e-05,2.0741692,3.979887,74
735,0.0023865047439834736,1.9265221,3.9078126,3371
736,0.0005295477746958286,2.1569967,5.243187,748
737,0.005542552845044976,3.0564883,8.672507,7829
738,0.004307885306181975,2.3150957,5.1252737,6085
739,0.0036778084084823927,4.0268,11.904134,5195
740,0.007802334257918085,2.0637734,5.152186,11021
741,0.0029825999663015052,1.8830224,3.6767862,4213
742,0.003848424736960594,2.5080426,7.388422,5436
743,0.002243498526752782,2.0183022,4.083943,3169
744,0.0006945004906104384,2.1228013,5.5604634,981
745,0.014093899864498069,2.4244003,5.890569,19908
746,0.0018852750321056038,2.027205,4.525864,2663
747,0.00034972807580179057,2.2298346,6.343896,494
748,0.007781095710804615,3.4302526,14.983357,10991
749,0.0017868697638131971,1.9575411,4.3122544,2524
750,0.00020105824600750712,2.6185894,8.846479,284
751,0.00026406593577746535,2.3036716,4.747645,373
752,0.000724234456569295,2.1208594,5.5610633,1023
753,0.0014619199929771203,2.2066984,4.692734,2065
754,0.029138578688109103,2.2163174,6.5610995,41159
755,0.0011695359943816963,2.0753455,4.6637273,1652
756,0.0025734039585820013,1.8661228,3.9661355,3635
757,0.00041981528127623844,2.2053447,4.208275,593
758,0.007103586057884952,1.8286624,4.210385,10034
759,0.0007121992798716626,2.0549948,4.700271,1006
760,0.0012502424734128787,2.1045904,4.87765,1766
761,0.000610254253727011,2.1382084,4.848615,862
762,0.0028898583105726903,2.2286034,4.503918,4082
763,0.0008311351437070893,2.1900325,5.569042,1174
764,0.001315374017894184,2.083971,4.9343033,1858
765,0.0016934201565139333,2.255212,4.755502,2392
766,0.0005026456150187678,2.2084582,5.231543,710
767,0.0008254715311434975,2.0662558,4.036981,1166
768,0.00031787025513158696,2.1634421,8.496886,449
769,0.002014830169497765,2.2891757,5.142652,2846
770,0.01112121122018285,3.8101547,13.663586,15709
771,0.018265858469153844,2.1713057,4.9373116,25801
772,0.0003886654121764838,2.2327874,6.7548223,549
773,0.004920971366190781,1.9669956,4.613551,6951
774,0.0024870338669872273,2.3789198,6.140839,3513
775,0.06948119893014358,3.910966,8.168697,98144
776,0.015087863869408422,4.130985,12.911495,21312
777,0.004935130397599761,1.8040001,3.8262806,6971
778,0.003806655594304105,1.9656049,4.252572,5377
779,0.00032919748025877045,2.2139452,4.153092,465
780,0.025257588178907858,3.1053631,9.61857,35677
781,0.0009776811187900258,2.192235,5.5943904,1381
782,0.0068529712019460174,3.0852492,8.756107,9680
783,0.07239441964254109,2.7928786,11.013755,102259
784,0.000950778959112965,1.9522289,4.815524,1343
785,0.0009182131868723124,1.8876326,4.14382,1297
786,0.00026760569362971017,2.4438183,5.144172,378
787,0.0007518445678168047,2.1805985,4.904691,1062
788,0.0005706089657818688,1.994913,4.7519484,806
789,0.0006123781084383579,2.2099762,6.1779466,865
790,0.0026144651496680417,1.8180968,4.3202734,3693
791,0.0002562784685025267,2.1711526,5.2400546,362
792,0.0013068785990487963,2.230215,5.1177716,1846
793,0.0005437068061048079,2.3380542,5.177838,768
794,0.0017720027808337687,2.3957963,6.361399,2503
795,0.0016013864523555673,2.014502,4.7659206,2262
796,0.0008906030756248027,1.9242395,4.655066,1258
797,0.003063306445332688,2.2874773,5.012659,4327
798,0.0018392581800264207,1.8777994,3.7423592,2598
799,0.003391795974021009,2.298308,5.0781035,4791
800,0.0010343172444259433,2.1827168,4.965294,1461
801,0.000951486910683414,2.2348983,5.822931,1344
802,0.0013436920807121425,2.2663252,5.483711,1898
803,0.0011844029773611247,2.1303446,4.4636803,1673
804,0.0041032873023222225,3.182389,10.0830765,5796
805,0.00012601537953991644,3.9447768,10.121886,178
806,0.00026548183891836325,2.1332536,4.408044,375
807,0.005516358636938365,2.0380895,5.442988,7792
808,0.00043326636111476886,2.057577,4.72256,612
809,0.0003355690443928112,2.1399364,4.6111364,474
810,0.00043043455483297296,2.2022293,4.8286176,608
811,0.005582906084560567,7.5123672,12.312583,7886
812,0.001088121563780065,2.3056438,5.14126,1537
813,0.0007582161319508455,2.287945,4.93271,1071
814,0.0023157095869385767,3.4533703,9.335609,3271
815,0.000996795811192148,2.1513715,4.583827,1408
816,0.0026158810528089395,2.9914787,8.69342,3695
817,0.0008254715311434975,2.1006963,4.528332,1166
818,0.0013656385793960606,1.8873148,5.2045355,1929
819,0.0008495418845387624,1.900977,4.6660423,1200
820,0.003076757525171218,1.9555315,3.933993,4346
821,0.011817835565504635,2.0401673,5.0652575,16693
822,0.0005826441424795013,1.8719127,4.6417713,823
823,0.002742604383919305,1.874338,3.9303257,3874
824,0.0046491179631383776,3.2760465,11.681978,6567
825,0.008715591783797254,1.8374606,4.312185,12311
826,0.0008169761122981099,2.0073407,5.437301,1154
827,0.0046533656725610715,1.9159654,3.7908826,6573
828,0.00435956577082475,1.9189758,3.8619003,6158
829,0.0012523663281242257,3.501686,9.900805,1769
830,0.004567703532536746,1.8184296,3.9851644,6452
831,0.0009182131868723124,2.073447,4.5649157,1297
832,0.0005486624670979508,2.27683,5.0683527,775
833,0.0011645803333885537,2.1503136,4.463165,1645
834,0.0008183920154390079,1.9768718,3.9206426,1156
835,0.005160966948572982,3.399473,11.399681,7290
836,0.01596006020420155,3.608675,11.054553,22544
837,0.001494485765217773,1.9399533,4.1079144,2111
838,0.001129182754866105,2.2463713,4.526746,1595
839,0.0006980402484626832,2.2189207,4.3630958,986
840,0.0004785752616235029,2.2970402,5.993757,676
841,0.00208704122968356,2.2296479,5.1180544,2948
842,0.0019850962035389084,2.1970148,4.9656696,2804
843,0.0005352113872594203,2.3410883,5.5475693,756
844,0.0007376855364078255,2.3762171,5.290409,1042
845,0.0013210376304577756,2.2233388,4.4961705,1866
846,0.0016466953528643012,2.1290138,4.5588,2326
847,0.0007582161319508455,2.2674677,5.2721777,1071
848,0.0016240409026099343,2.5829113,6.527697,2294
849,0.0011249350454434113,2.0438244,4.923927,1589
850,0.008009764068059632,2.5668025,7.230718,11314
851,0.0021606681930102524,2.374591,5.56605,3052
852,0.0018541251630058491,1.8233389,5.302408,2619
853,0.0005812282393386033,2.3235035,10.978502,821
854,0.0007100754251603156,2.1692615,4.963171,1003
855,0.0007221106018579481,2.1008184,4.512223,1020
856,0.004258328696250547,2.5176427,7.4723787,6015
857,0.000498397905596074,2.3136137,6.964155,704
858,0.0004927342930324823,2.1859078,4.8360076,696
859,0.0009621061842401485,2.2215097,4.5174365,1359
860,0.0011957302024883081,2.0706556,4.7377267,1689
861,0.001243162957708389,2.139229,4.668638,1756
862,0.0001996423428666092,2.195069,6.721922,282
863,0.0018088162624971152,2.2480638,4.736561,2555
864,0.0003999926373036673,2.3175163,5.577072,565
865,0.023947877773577264,2.7455547,8.284899,33827
866,0.0018187275844834007,2.3130186,5.528611,2569
867,0.0012120130886086344,2.05374,4.2446413,1712
868,0.0009691856999446382,2.2315102,5.721256,1369
869,0.00090617801017468,2.1887763,5.345711,1280
870,0.000611670156867909,2.167836,4.898316,864
871,0.00033344518968146425,2.3574033,6.5963507,471
872,0.001468291557111161,2.2684615,4.518803,2074
873,0.014533537789746878,4.255384,12.488688,20529
874,0.001268649214244552,2.1297216,4.5128846,1792
875,0.0007391014395487233,2.1635,4.5874777,1044
876,0.0004920263414620332,2.1474957,8.256609,695
877,0.002310045974374985,1.8806129,4.7151318,3263
878,0.0007716672117893759,2.3568487,5.172007,1090
879,0.001085289757498269,2.3046274,4.467165,1533
880,0.002782957623434896,2.482262,5.9647584,3931
881,0.004467882361103442,1.9082714,4.3110814,6311
882,0.0010364410991372903,2.1269157,4.4708443,1464
883,0.0003667189134925658,2.2864618,5.8257537,518
884,0.0015716524863967107,2.2209194,4.9401717,2220
885,0.005468217930147835,1.9120721,4.062733,7724
886,0.0015263435858879765,2.0933435,4.6490607,2156
887,0.005469633833288732,3.060374,10.322725,7726
888,0.0006357405102631739,2.2588174,5.2105827,898
889,0.0008927269303361495,2.1930451,4.4779787,1261
890,0.00478504466466458,1.8956854,4.0188007,6759
891,0.0010010435206148417,2.3515844,5.294276,1414
892,0.0012304198294403076,2.274144,4.7742796,1738
893,0.000861577061236395,2.3116193,5.313928,1217
894,0.02164561926647722,2.290594,7.5601416,30575
895,0.01033184521913225,3.824547,13.042987,14594
896,0.0010449365179826778,2.698681,10.1009,1476
897,0.0033585222502099076,4.795355,12.936269,4744
898,0.00373444453411831,2.6510215,7.320203,5275
899,0.0013486477417052854,2.2842867,5.030408,1905
900,0.0006364484618336228,2.233619,7.9522667,899
901,0.0006605188152288878,2.4666142,6.278994,933
902,0.002804904122118814,2.138911,4.431299,3962
903,0.0011829870742202267,2.1608539,4.962784,1671
904,0.0016020944039260162,2.1151395,5.3076,2263
905,0.0008743201895044764,2.1370025,3.9131353,1235
906,0.011312358144204072,3.9804137,13.504373,15979
907,0.020323873684448993,5.098608,8.436817,28708
908,0.00122192441059492,2.436817,5.5336485,1726
909,0.0020488118448793156,2.1494217,4.6915736,2894
910,0.0002668977420592612,2.2306123,5.302628,377
911,0.001158208769254513,2.0982175,4.4956636,1636
912,0.002357478729595066,2.272536,4.948881,3330
913,0.0023213731995021685,2.4888456,6.3740716,3279
914,0.00013946645937844683,1.8443393,4.3946805,197
915,0.0007568002288099475,2.226405,4.7632313,1069
916,0.0014831585400905895,1.834141,3.9223185,2095
917,0.0007645876960848862,2.385859,8.130305,1080
918,0.0020544754574429074,3.0486786,8.479624,2902
919,0.0018258071001878904,1.9064854,4.0890007,2579
920,0.003347195025082724,4.2567763,12.794872,4728
921,0.006094755069995171,2.4249182,6.0320697,8609
922,0.0006697221856447244,2.162571,5.156949,946
923,0.0013401523228598977,2.347193,5.2539763,1893
924,0.0013182058241759797,2.5495067,6.7019663,1862
925,0.001498025523070018,2.1869688,4.4691486,2116
926,0.003010210077549015,1.9238416,3.868972,4252
927,0.00023150016353681277,2.1558063,4.219692,327
928,0.04229373477019184,3.665382,7.284822,59741
929,0.0013571431605506731,2.0339422,4.243796,1917
930,0.00047432755220080903,2.2575521,4.783559,670
931,0.002508272414100696,2.0028005,3.8610287,3543
932,0.0003369849475337091,2.1870532,7.0412736,476
933,0.00030654303000440347,2.2122471,5.684697,433
934,0.0005458306608161549,1.8969674,4.4871716,771
935,0.00020955366485289473,2.1558852,4.594446,296
936,0.001473247218104304,2.1283937,4.6570034,2081
937,0.0011603326239658597,2.2832224,5.301519,1639
938,0.0006031747380225214,2.3145149,5.7544694,852
939,0.002057307263724703,2.3088255,6.0542216,2906
940,0.0006725539919265203,2.2364707,5.4301867,950
941,0.0004056562498672591,2.21813,5.544958,573
942,0.0010902454184914118,2.2560947,4.6876445,1540
943,0.00052176030742089,2.1308072,4.716612,737
944,0.005027164101758127,3.350474,10.669156,7101
945,0.0030257850120988922,1.7998652,3.728676,4274
946,0.0004821150194757477,2.3944092,7.6016064,681
947,0.00036530301035166786,2.394895,9.4827585,516
948,0.004200276667473732,3.69518,10.54544,5933
949,0.01258313121315997,1.9453465,4.2819314,17774
950,0.0016020944039260162,2.1103082,3.8019922,2263
951,0.00038441770275379,2.2702897,4.9982467,543
952,0.0007992773230368857,2.116448,4.048099,1129
953,0.0011950222509178592,2.076535,4.7728295,1688
954,0.0001564572970692221,2.3673778,6.9867396,221
955,0.00037521433233795345,2.8689392,8.913614,530
956,0.001106528304611738,2.2494736,4.4415536,1563
957,0.002450220385323881,1.8542303,3.8387315,3461
958,0.0009252927025768022,2.6195283,8.3441305,1307
959,0.0011879427352133696,2.1721792,4.4209313,1678
960,0.0006725539919265203,2.1199305,5.0443974,950
961,0.00045450490822823795,2.2808185,5.707208,642
962,0.0010576796462507592,2.288019,4.993467,1494
963,0.0042420458101302206,3.303383,10.526859,5992
964,0.003434981019818396,4.4208007,10.649229,4852
965,0.0009436994434084753,2.29469,4.880667,1333
966,0.004384344075790463,2.5761662,6.6746693,6193
967,0.0008778599473567212,3.0337312,11.65157,1240
968,0.0012573219891173684,2.2576997,5.0039587,1776
969,0.002218012270216619,1.9056858,4.1616178,3133
970,0.001988635961391153,1.9558254,4.0827436,2809
971,0.0006768017013492142,2.289475,5.639257,956
972,0.0025465017989049405,2.3005023,5.9359655,3597
973,0.0008644088675181909,2.3226311,4.842556,1221
974,0.06024455479049589,5.169902,10.127501,85097
975,0.0010130786973124742,2.1849256,4.7521615,1431
976,0.001425814462884223,2.375954,4.719984,2014
977,0.0007440571005418662,1.8159839,4.7712803,1051
978,0.0021826146916941705,1.8024017,4.393583,3083
979,0.0006244132851359904,2.1975975,5.0522428,882
980,0.0018668682912739306,1.9609684,4.0883803,2637
981,0.0036848879241868824,1.9359101,4.099945,5205
982,0.000678925556060561,2.294241,6.4972405,959
983,0.005580782229849221,2.6203604,7.754982,7883
984,0.0014987334746404668,2.2922049,8.358357,2117
985,0.0005918475128953379,2.1734204,5.14061,836
986,0.009232396430225002,3.450836,8.5988035,13041
987,0.005736531575347994,1.7920576,3.990231,8103
988,0.003939750489548511,2.2491932,4.695341,5565
989,0.002193941916821354,1.9186549,3.9512045,3099
990,0.0022066850450894356,2.2443182,4.7234077,3117
991,0.002761719076321427,2.792994,8.29672,3901
992,0.0025146439782347367,4.3640647,13.413046,3552
993,0.0029967589977104845,1.9330949,4.147042,4233
994,0.00028884424074317926,2.8115382,7.656362,408
995,0.0019560701891505007,2.1699858,4.9515176,2763
996,0.0012516583765537768,2.1757486,4.728822,1768
997,0.00042689479698072814,2.4594975,8.486386,603
998,0.002872867472881915,2.4682045,6.8860283,4058
999,0.00035043602737223954,2.4548903,7.107484,495
1000,0.0012990911317738577,1.9054874,3.8086426,1835
1001,0.00025273871065028186,2.0978668,4.5018153,357
1002,0.0007235265049988461,2.281646,5.5155807,1022
1003,0.0005040615181596658,2.2304516,7.761931,712
1004,0.007051197641671728,2.8933337,8.582379,9960
1005,0.0019992552349478877,1.9503622,4.131308,2824
1006,0.0011893586383542674,2.3845828,5.880825,1680
1007,0.0009592743779583526,2.0896595,5.4230013,1355
1008,0.004707169991915193,1.8129976,3.9720435,6649
1009,0.0022088088998007825,1.8122381,3.8290966,3120
1010,0.0007093674735898667,2.1900656,6.0274835,1002
1011,0.007883748688519716,1.9521767,4.1441727,11136
1012,0.0032955145604399495,2.251124,5.282999,4655
1013,0.0012247562168767158,2.084692,4.2127786,1730
1014,0.0004495492472350951,2.2970042,6.2133856,635
1015,0.002240666720470986,2.1796405,5.342201,3165
1016,0.0155834299687227,2.6909175,8.087914,22012
1017,0.0010222820677283108,2.4378839,5.984713,1444
1018,0.0011044044499003913,2.010426,3.9582098,1560
1019,0.0006980402484626832,2.2252166,4.867546,986
1020,0.0024495124337534317,1.88589,4.640163,3460
1021,0.001199269960340553,2.1719637,4.191985,1694
1022,0.0008898951240543537,2.380751,6.579019,1257
1023,0.002761011124750978,1.9421884,4.288571,3900
1024,0.004280275194934465,2.3626108,5.3005767,6046
1025,0.002359602584306413,1.9839814,4.8747396,3333
1026,0.0006824653139128058,2.1680121,5.01041,964
1027,0.0012672333111036541,2.0622966,4.184975,1790
1028,0.0031057835395596257,1.839954,3.7160695,4387
1029,0.0003022953205817096,2.015511,4.895475,427
1030,0.0017366052023113203,1.9166677,3.830122,2453
1031,0.0004254788938398302,1.8999002,4.430222,601
1032,0.004072137433222468,3.6626952,11.467253,5752
1033,0.00023645582452995557,2.2154288,5.207882,334
1034,0.0010038753268966376,2.1776075,4.824014,1418
1035,0.0012290039262994098,2.1915088,4.618087,1736
1036,0.0018760716616897672,1.8581702,4.797525,2650
1037,0.001155376962972717,2.2053885,4.5677557,1632
1038,0.0003235338676951787,2.1128154,5.333693,457
1039,0.00303428043094428,2.6025736,7.2977195,4286
1040,0.0017330654444590754,1.9659767,3.5754495,2448
1041,0.0026965875318401217,2.625184,7.0700083,3809
1042,0.004554960404268665,2.3537524,5.021512,6434
1043,0.000499105857166523,2.2440343,5.099322,705
1044,0.000702995909455826,2.121552,4.067604,993
1045,0.008592408210539134,1.9098513,4.8799872,12137
1046,0.00037875409019019827,2.2603757,5.849146,535
1047,0.009835571168247523,4.5250726,13.1756115,13893
1048,0.00137979761080504,2.3175268,5.1436725,1949
1049,0.00385125654324239,1.8597838,3.9889505,5440
1050,0.0008906030756248027,1.8907181,4.394894,1258
1051,0.001130598658007003,2.1285503,3.965734,1597
1052,0.0024219023225059222,1.930584,3.812529,3421
1053,0.0003886654121764838,2.5362349,8.038984,549
1054,0.0019341236904665826,1.9106133,4.0889497,2732
1055,0.0007129072314421115,1.954003,4.0137424,1007
1056,0.00040211649201501423,2.3742862,6.553433,568
1057,0.00780516606419988,1.8783398,4.77492,11025
1058,0.0005968031738884807,2.2264295,5.463922,843
1059,0.0008445862235456197,2.1101322,4.927179,1193
1060,0.007119868944005278,2.2778833,5.1914024,10057
1061,0.003376928991041581,3.6012285,11.485021,4770
1062,0.0014562563804135288,1.8458785,3.659716,2057
1063,0.0002626500326365674,2.39039,8.08746,371
1064,0.0018059844562153193,1.9521481,3.7976186,2551
1065,0.002336240182481597,2.4295905,5.44181,3300
1066,0.006959163937513363,1.8694029,4.234931,9830
1067,0.0034979887095883543,3.5704925,10.519368,4941
1068,0.0007065356673080708,2.204016,5.085606,998
1069,0.001132014561147901,2.1008313,3.9038713,1599
1070,0.003873910993496757,2.3030643,6.592776,5472
1071,0.0007051197641671728,2.1893816,4.141825,996
1072,0.0005302557262662776,2.1553123,6.2955127,749
1073,0.004069305626940673,1.8018799,3.7526734,5748
1074,0.0036339154111145566,2.3106391,5.859014,5133
1075,0.0026831364520015916,2.3131554,6.4688716,3790
1076,0.001540502617296956,1.7637079,4.484362,2176
1077,0.0015213879248948338,2.3291361,5.667048,2149
1078,0.0026512786313313877,1.8339144,4.037204,3745
1079,0.0018024446983630745,2.1748955,4.446315,2546
1080,0.00042901865169207506,2.2888546,5.4390216,606
1081,0.00428381495278671,2.7576082,8.806258,6051
1082,0.0014888221526541813,2.3031077,4.8763223,2103
1083,0.004001342276177571,1.9809052,4.3769073,5652
1084,0.004513899213182624,2.5409663,7.387421,6376
1085,0.0076026919150514755,3.3267317,12.158142,10739
1086,0.006659700423213449,2.0374196,4.684851,9407
1087,0.003421529939979866,1.8599398,3.845038,4833
1088,0.004754602747135274,1.905654,4.0777383,6716
1089,0.025898284350164173,4.427723,13.375323,36582
1090,0.00296560912861073,2.2062116,4.986439,4189
1091,0.002942246726785914,2.391986,6.0536604,4156
1092,0.0046533656725610715,1.9486058,4.0671268,6573
1093,0.0034328571651070492,1.9611163,4.6277127,4849
1094,0.00023857967924130247,2.2159965,6.045343,337
1095,0.0006987482000331321,2.084971,4.681744,987
1096,0.0023942922112584124,1.8896863,4.126863,3382
1097,0.0019553622375800515,1.7890437,3.9052424,2762
1098,0.0017366052023113203,2.2595308,5.4207716,2453
1099,0.0005989270285998276,2.313405,6.13369,846
1100,0.002829682427084528,2.7144988,9.019216,3997
1101,0.0014555484288430796,2.1309774,4.415235,2056
1102,0.002041024377604377,1.9504045,3.8671813,2883
1103,0.0008176840638685589,2.018707,4.2024417,1155
1104,0.006786423754323814,3.1057923,9.816591,9586
1105,0.0035694918182037003,1.8394784,3.6352518,5042
1106,0.0001833594567462829,2.2281377,6.547921,259
1107,0.0014810346853792425,3.005287,10.293971,2092
1108,0.004474253925237482,1.8756534,3.8636992,6320
1109,0.001088121563780065,2.0353742,4.686025,1537
1110,0.002106155922085682,1.895518,3.9183896,2975
1111,0.001922796465339399,1.9409006,4.552867,2716
1112,0.0036799322631937393,1.9199696,4.1167746,5198
1113,0.0010944931279141057,2.2456405,5.7560205,1546
1114,0.0003454803663790967,2.1928282,5.942449,488
1115,0.0011928983962065122,2.1863434,4.948148,1685
1116,0.004202400522185078,2.0152252,4.146911,5936
1117,0.0011943142993474103,2.0772007,5.182248,1687
1118,0.002968440934892526,1.9026875,3.7481368,4193
1119,0.004998846038940168,2.385848,7.1002307,7061
1120,0.0011603326239658597,2.849866,8.778062,1639
1121,0.003017997544823954,2.680492,8.469811,4263
1122,0.0015751922442489555,2.0163014,3.9150574,2225
1123,0.009966542208780581,3.436579,9.735281,14078
1124,0.000158581151780569,2.5932786,8.416954,224
1125,0.004264700260384588,2.4648485,6.598638,6024
1126,0.0025684482975888586,2.8003364,8.258054,3628
1127,0.025031043676364186,3.7261844,13.033912,35357
1128,0.0015029811840631606,2.160578,5.021678,2123
1129,0.00041981528127623844,2.168529,6.0373654,593
1130,0.0010152025520238212,2.218555,5.6440997,1434
1131,0.0008190999670094568,2.0475385,4.235587,1157
1132,0.007926933734317103,3.937183,15.704621,11197
1133,0.001403160012629856,2.1748989,6.125067,1982
1134,0.003916388087723695,4.271283,13.826016,5532
1135,0.00044813334409419723,2.2537787,7.0374107,633
1136,0.0012282959747289606,2.875223,7.3935666,1735
1137,0.0026987113865514687,2.2340517,5.089605,3812
1138,0.002215180463934823,3.0526307,9.361405,3129
1139,0.03415583146788095,3.6182532,13.134927,48246
1140,0.0010817499996460243,1.9467007,3.949243,1528
1141,0.005075304808548657,4.7143717,11.75232,7169
1142,0.0008806917536385171,2.1801922,5.362797,1244
1143,0.003211976275126971,3.8425705,11.271584,4537
1144,0.00019681053658481332,2.6757882,8.918529,278
1145,0.0010845818059278202,1.8740678,4.3899527,1532
1146,0.0006145019631497049,2.2843177,4.824889,868
1147,0.004740443715726295,2.4917352,7.144339,6696
1148,0.0050384913268853105,3.9373567,11.1411705,7117
1149,0.02789329187568937,4.82926,11.070628,39400
1150,0.0011709518975225944,2.2958627,5.0143614,1654
1151,0.0011603326239658597,2.1532054,4.4637156,1639
1152,0.002014830169497765,2.2892747,4.8937826,2846
1153,0.0010449365179826778,1.8628881,6.635804,1476
1154,0.003056226929628198,3.6064136,11.8051,4317
1155,0.0011419258831341865,2.2448792,5.149432,1613
1156,0.0015518298424241394,2.3052611,5.2183356,2192
1157,0.0008729042863635784,2.213502,6.388577,1233
1158,0.00020035029443705814,2.2968063,4.720569,283
1159,0.00031149869099754624,1.6586926,2.8813972,440
1160,0.0022987187492478013,1.8211204,3.612729,3247
1161,0.0006711380887856224,2.3082175,5.794611,948
1162,0.034669096356456444,2.296944,7.605278,48971
1163,0.00041485962028309567,2.4013252,5.01485,586
1164,0.000339108802245056,2.112412,4.9963117,479
1165,0.001563157067551323,2.2422223,5.09952,2208
1166,0.003034988382514729,1.8913385,3.8315651,4287
1167,0.0025280950580732673,1.9196131,3.9908628,3571
1168,0.0010973249341959016,2.1590316,4.3485804,1550
1169,0.0019171328527758072,2.5116005,6.889625,2708
1170,0.005776176863293136,2.688125,8.685712,8159
1171,0.0027999484611256715,1.9427282,4.0966797,3955
1172,0.0011468815441273293,2.2148376,4.2430487,1620
1173,0.0002810567734682406,2.4897673,11.461213,397
1174,0.000972725457796883,2.138928,5.417904,1374
1175,0.000998919665903495,2.288148,4.962827,1411
1176,0.00019822643972571124,2.2189312,4.4439707,280
1177,0.0011936063477769614,2.2106667,5.7496552,1686
1178,0.0012304198294403076,2.1517186,4.896459,1738
1179,0.005369104710284979,2.4134688,7.442914,7584
1180,0.007187124343197931,2.7271051,8.06122,10152
1181,0.005500075750818038,1.8389721,3.7907953,7769
1182,0.000724942408139744,2.299539,5.5280743,1024
1183,0.0005323795809776244,2.1345267,4.8031187,752
1184,0.001990051864532051,1.9240459,3.9337578,2811
1185,0.0003667189134925658,2.2562428,5.1864915,518
1186,0.003932670973844021,2.1498513,5.578124,5555
1187,0.0009472392012607201,2.114664,4.6790085,1338
1188,0.00030654303000440347,5.395745,10.9072,433
1189,0.04919059896950569,3.9945514,12.415001,69483
1190,0.004279567243364016,1.8264076,3.9559925,6045
1191,0.000158581151780569,2.1996667,6.5002213,224
1192,0.0050455708425898,1.9137505,4.250523,7127
1193,0.0020764219561268255,2.2628565,4.974102,2933
1194,0.0032990543182921943,2.149029,5.4406285,4660
1195,0.00040140854044456526,2.1222706,6.4334583,567
1196,0.0031666673746182372,4.580028,14.542337,4473
1197,0.00025769437164342463,2.5132906,7.2064214,364
1198,0.002085625326542662,2.2746127,4.5645,2946
1199,0.00023857967924130247,2.3401217,5.809851,337
1200,0.001924920320050746,2.3555613,5.7136207,2719
1201,0.0008665327222295377,2.2409787,7.832493,1224
1202,0.006086259651149784,1.9148731,4.342394,8597
1203,0.0012644015048218582,2.1940122,4.104615,1786
1204,0.004118154285301651,3.5884874,9.941054,5817
1205,0.0014675836055407121,2.266483,5.5310025,2073
1206,0.0004828229710461967,2.1953957,5.9021873,682
1207,0.0020127063147864182,2.1377995,4.445152,2843
1208,0.0012113051370381855,2.2673366,4.9818673,1711
1209,0.0006123781084383579,2.5213284,7.54887,865
1210,0.0020027949928001325,1.8864948,5.3323402,2829
1211,0.0010824579512164732,1.9866776,4.3263273,1529
1212,0.0014590881866953244,2.444625,6.4194365,2061
1213,0.004986102910672086,1.9759988,4.4316893,7043
1214,0.0043199204828796075,1.9154897,4.7032743,6102
1215,0.0019865121066798062,2.2600977,5.0903077,2806
1216,0.0021670397571442934,2.253114,5.5799136,3061
1217,0.0013097104053305922,1.9439497,4.206223,1850
1218,0.0024042035332446977,1.9464456,3.9487717,3396
1219,0.003992138905761735,1.8888549,4.584123,5639
1220,0.00061096220529746,2.1945682,4.7089243,863
1221,0.0015362549078742622,3.097444,9.681429,2170
1222,0.0006923766358990914,2.00932,4.476871,978
1223,0.0009621061842401485,2.2482529,4.369373,1359
1224,0.0012346675388630014,2.0925894,4.7706633,1744
1225,0.002237126962618741,2.3766334,6.419313,3160
1226,0.0007603399866621924,2.1901214,5.2070527,1074
1227,0.0006732619434969692,2.2487514,5.343903,951
1228,0.005680603401282525,2.4106934,6.2361608,8024
1229,9.344960729926388e-05,2.278962,6.308942,132
1230,0.0007936137104732939,1.9824206,4.288587,1121
1231,0.0031801184544567674,3.2905815,13.199046,4492
1232,0.0009493630559720671,2.3513076,5.5454364,1341
1233,0.0017132428004865044,1.8874992,4.8553414,2420
1234,0.00764729286398976,2.7749557,7.6648755,10802
1235,0.0006003429317407255,2.284906,7.3649936,848
1236,0.000928124508858598,2.1497617,4.6124907,1311
1237,0.0012021017666223488,2.230529,5.7001915,1698
1238,0.02660694387218359,2.7760212,7.7832603,37583
1239,0.003932670973844021,1.9026277,3.9132297,5555
1240,0.0015957228397919755,2.211765,4.931465,2254
1241,0.00046300032707362554,2.0882728,6.6527114,654
1242,0.000749012761535009,2.341294,6.5126014,1058
1243,0.0007362696332669275,2.1866138,4.448994,1040
1244,0.028766196162052945,2.2681534,6.382521,40633
1245,0.0033330359936737447,2.3343751,6.0945396,4708
1246,0.006899696005595649,1.8295081,4.480417,9746
1247,0.0026434911640564494,2.2281475,4.605223,3734
1248,0.0019086374339304197,1.734009,3.4793284,2696
1249,0.0009401596855562305,2.2735758,5.1638255,1328
1250,0.0024063273879560447,1.9076431,4.106692,3399
1251,0.0013465238869939384,2.192275,4.207368,1902
1252,0.004227178827150792,2.0161512,4.150816,5971
1253,0.001425106511313774,2.0577662,4.777932,2013
1254,0.0014173190440388353,2.3381925,5.180931,2002
1255,0.0006732619434969692,1.9721458,4.4386396,951
1256,0.0014314780754478148,1.8291571,3.7018807,2022
1257,0.0018689921459852773,1.7929504,4.2969756,2640
1258,0.0007907819041914981,2.315697,6.282003,1117
1259,0.034109106664231316,2.406469,6.024626,48180
1260,0.00041273576557174875,2.3040073,4.793861,583
1261,0.008750989362319703,3.1332052,10.193132,12361
1262,0.00037521433233795345,1.8325361,4.3217635,530
1263,7.645876960848862e-05,2.409812,6.863289,108
1264,0.0026194208106611844,4.2008076,13.2904825,3700
1265,0.0010102468910306783,2.1748424,4.950278,1427
1266,0.008502498361092115,2.9739306,8.190612,12010
1267,0.0012551981344060216,2.1137965,4.907977,1773
1268,0.0049259270271839245,3.13905,9.11012,6958
1269,0.00660377224914798,2.687315,8.782953,9328
1270,0.0009536107653947608,2.1474235,5.0394526,1347
1271,0.0005486624670979508,2.3043396,5.3261743,775
1272,0.0004438856346715034,2.0114148,4.8568687,627
1273,0.0012828082456535312,2.408214,6.3892813,1812
1274,0.0006307848492700312,2.1212127,5.466691,891
1275,8.566214002432522e-05,2.8360841,9.670378,121
1276,0.0010576796462507592,2.497906,8.390693,1494
1277,0.0022732324927116384,2.217069,4.4013224,3211
1278,0.00032707362554742353,2.190537,4.9124126,462
1279,0.005558835731165303,2.820565,7.2300854,7852
1280,0.04641826061962753,2.5635085,7.7465715,65567
1281,0.0014413893974341003,2.128865,5.71281,2036
1282,0.0017769584418269116,2.1430476,4.514956,2510
1283,0.004271779776089077,1.8962736,4.3914576,6034
1284,0.002836053991218569,2.3670835,5.728615,4006
1285,0.010653255232116082,3.6404147,11.886519,15048
1286,0.0008339669499888852,2.365597,7.0200224,1178
1287,0.0011440497378455334,2.1023421,3.8785975,1616
1288,0.004794248035080416,2.472089,6.834824,6772
1289,0.0060069690752595,3.3925583,10.22513,8485
1290,0.0004792832131939518,2.4352808,6.46789,677
1291,0.0020509356995906626,2.0164196,4.1489964,2897
1292,0.0037889568050428805,2.3228822,5.7347956,5352
1293,0.0005543260796615425,2.1029174,4.2689857,783
1294,0.00046583213335542144,2.262629,6.01154,658
1295,0.0016127136774827507,1.8332964,3.581464,2278
1296,0.0005911395613248889,2.1280966,4.4026847,835
1297,0.0012962593254920618,2.1082637,4.490808,1831
1298,0.00013663465309665096,2.375041,5.1750364,193
1299,0.0007858262431983553,1.8850614,5.88298,1110
1300,0.001516432263901691,2.2798476,5.744869,2142
1301,0.0010944931279141057,1.9788008,4.9085855,1546
1302,0.004395671300917647,3.808014,10.98201,6209
1303,0.0006406961712563167,2.217229,3.931401,905
1304,0.0026017220213999603,1.9028963,4.1471562,3675
1305,0.0008849394630612109,1.8388132,4.1865315,1250
1306,0.0024063273879560447,2.2352207,5.2731185,3399
1307,0.0014173190440388353,3.950778,11.527307,2002
1308,0.0005132648885755023,2.2778006,5.1424775,725
1309,0.0005769805299159095,1.761156,5.5393505,815
1310,0.0003306133833996684,2.3856316,7.158731,467
1311,0.0005231762105617879,2.1935844,5.2026806,739
1312,0.000655563154235745,2.2324858,4.769146,926
1313,0.0013167899210350818,2.2282407,5.654398,1860
1314,0.0032204716939723587,1.8930012,4.6845574,4549
1315,0.0021804908369828235,2.0435088,4.462139,3080
1316,0.0028233108629504874,2.2654388,5.107346,3988
1317,0.0025642005881661646,2.0024498,4.256989,3622
1318,0.006258999834339332,2.282853,4.829386,8841
1319,0.005824317570083666,2.1250205,6.528457,8227
1320,0.0013550193058393261,2.1000166,4.229883,1914
1321,0.004162047282669487,3.7920303,10.851566,5879
1322,3.822938480424431e-05,1.952518,3.3725495,54
1323,0.0012714810205263479,2.1298509,4.256103,1796
1324,0.00122192441059492,2.2720308,4.714776,1726
1325,0.0011213952875911665,1.9346699,3.9425778,1584
1326,0.0026194208106611844,2.6162283,6.655449,3700
1327,0.00015574934549877312,2.6238396,8.309326,220
1328,0.0032006490499997876,2.276952,5.012521,4521
1329,0.004032492145277326,1.9183664,4.0210066,5696
1330,0.0006406961712563167,2.772957,12.926228,905
1331,0.0008898951240543537,1.9762169,4.600691,1257
1332,0.006057233636761377,1.8301781,3.7970724,8556
1333,0.001176615510086186,2.1588173,5.523137,1662
1334,0.0007723751633598249,2.3429515,5.165696,1091
1335,0.0009394517339857816,2.1786077,4.6724772,1327
1336,0.0009649379905219443,2.0570803,4.855084,1363
1337,0.0011674121396703493,1.93224,3.818239,1649
1338,0.0012622776501105112,1.9965805,3.9729898,1783
1339,0.0063078484927003116,2.6780345,6.5622287,8910
1340,0.0007412252942600703,2.1503766,4.3859463,1047
1341,0.006064313152465866,1.8472787,4.5225263,8566
1342,0.008502498361092115,2.5329878,7.312976,12010
1343,0.0005288398231253796,2.263847,5.885919,747
1344,0.00036317915564032093,2.4247582,5.677221,513
1345,0.004860795482702619,3.2434232,10.743043,6866
1346,8.070647903118243e-05,2.2349055,5.1074505,114
1347,0.000406364201437708,2.2854815,5.003249,574
1348,0.00039432902474007556,2.011433,5.221411,557
1349,0.0007398093911191723,2.1393104,4.105945,1045
1350,0.0006414041228267656,2.2946987,8.258563,906
1351,0.002057307263724703,2.2607846,5.2242503,2906
1352,0.0013642226762551628,1.8311871,5.403852,1927
1353,0.0014824505885201406,1.9156227,3.9107637,2094
1354,0.0010116627941715764,2.232714,5.493712,1429
1355,0.00030441917529305655,2.2064135,5.357111,430
1356,0.0015447503267196497,2.0236752,3.9947996,2182
1357,0.0019277521263325419,3.011435,9.043759,2723
1358,0.0011971461056292062,2.2935517,5.045469,1691
1359,0.00027539316090464884,2.1761312,5.999121,389
1360,0.002126686517628702,2.3060448,5.6962514,3004
1361,0.00401550130758655,2.36176,5.372656,5672
1362,0.0009373278792744346,2.259921,4.3480144,1324
1363,0.003711082132293494,2.3561502,5.6865516,5242
1364,0.0008799838020680681,2.2463775,4.46291,1243
1365,0.005949624998053133,1.9045756,4.0517855,8404
1366,0.0006959163937513362,2.0547101,5.1749234,983
1367,0.0009352040245630877,1.9975804,5.0843925,1321
1368,0.00013238694367395716,2.5813084,6.3688984,187
1369,0.0019773087362639696,2.002668,5.067566,2793
1370,0.0006208735272837456,2.2376564,4.36563,877
1371,0.0016884644955207904,2.0176022,4.266564,2385
1372,0.0011822791226497778,2.2221532,4.74127,1670
1373,0.0017167825583387492,1.8953258,4.4754224,2425
1374,0.0008481259813978646,2.3114593,6.1237526,1198
1375,0.0022746483958525367,1.9188977,4.320147,3213
1376,0.0013649306278256117,1.9143331,3.953678,1928
1377,0.0008396305625524769,2.249383,4.771686,1186
1378,0.020254494430544997,2.7882016,9.091304,28610
1379,0.0034045391022890907,2.7020874,7.983066,4809
1380,0.001742976766445361,2.3224535,5.622886,2462
1381,0.08697397428436715,3.1153624,10.568122,122853
1382,0.000792905758902845,1.807713,3.7593677,1120
1383,0.0005160966948572982,2.1176343,5.0260105,729
1384,0.0005932634160362358,2.0963252,5.036089,838
1385,0.0004566287629395848,2.2902012,5.462746,645
1386,0.0009295404119994959,2.3028858,5.3893914,1313
1387,0.0031744548418931756,2.606706,7.5061345,4484
1388,0.0009160893321609655,1.9521447,4.893681,1294
1389,0.0010732545808006366,1.9164535,4.176975,1516
1390,0.0008877712693430068,2.0797124,4.33615,1254
1391,0.0007964455167550898,2.1633174,4.813716,1125
1392,0.004374432753804178,3.016611,8.60548,6179
1393,0.0028941060199953843,2.3031108,7.227758,4088
1394,1.6990837690775248e-05,1.8816559,2.956409,24
1395,0.001085997709068718,2.2412102,4.7787395,1534
1396,0.00016849247376685456,3.1171913,8.736575,238
1397,0.00203890052289303,2.0913935,4.605506,2880
1398,0.0006548552026652961,2.0026891,4.496074,925
1399,0.003946830005253,1.8363299,3.7185144,5575
1400,0.0004325584095443199,1.9755957,6.4313765,611
1401,0.002331992473058903,1.9004208,4.042438,3294
1402,0.0004353902158261158,2.3866527,6.352364,615
1403,0.0008106045481640692,2.2064505,5.363012,1145
1404,0.0020502277480202134,2.3019028,5.477644,2896
1405,0.001700499672218423,2.3442607,5.5523243,2402
1406,0.000815560209157212,2.187908,4.938032,1152
1407,0.0017238620740432388,1.855726,3.4365253,2435
1408,0.002847381216345752,2.224234,5.559085,4022
1409,0.0012948434223511638,2.1846778,5.261287,1829
1410,0.003194277485865747,2.1740553,4.9242673,4512
1411,0.001018742309876066,2.1241558,4.7576885,1439
1412,0.000567069207929624,2.3167927,8.199566,801
1413,0.0010144946004533723,2.2071447,5.078504,1433
1414,0.00944690575607104,2.493215,7.2506003,13344
1415,0.0020686344888518867,2.0652194,4.4741387,2922
1416,0.00047432755220080903,2.0912898,3.9488323,670
1417,0.0010576796462507592,2.2813256,4.6330504,1494
1418,0.0009260006541472511,2.3535554,6.2628355,1308
1419,0.0016127136774827507,1.9355422,3.7522953,2278
1420,0.0010286536318623515,2.3680553,6.6921635,1453
1421,0.005375476274419019,2.0278938,5.2176304,7593
1422,0.001176615510086186,1.8051052,3.5534892,1662
1423,0.0007129072314421115,2.2646155,4.850687,1007
1424,0.0012091812823268385,2.3277116,4.4813952,1708
1425,0.0009932560533399031,2.469932,6.805379,1403
1426,0.00015220958764652827,2.364959,5.064111,215
1427,0.0007192787955761522,1.866203,4.0752397,1016
1428,0.0034505559543682738,2.0555518,4.741215,4874
1429,0.0041075350117449165,1.9904298,4.850826,5802
1430,0.0010329013412850453,2.2513099,4.7105646,1459
1431,0.0016339522245962198,2.3313003,4.6533914,2308
1432,0.008797006214398885,2.844019,7.680935,12426
1433,0.0007858262431983553,2.364412,5.8087664,1110
1434,0.0016127136774827507,2.0126293,4.052904,2278
1435,0.0042767354370822205,3.7540143,11.905621,6041
1436,0.0022767722505638833,2.3871899,6.2880464,3216
1437,0.0015334231015924663,1.911393,4.4627237,2166
1438,0.0013118342600419392,2.2309897,5.9738455,1853
1439,0.003192861582724849,1.8766984,3.8090775,4510
1440,0.0014144872377570396,1.9448224,4.832776,1998
1441,0.01220579302611067,2.227981,8.5199795,17241
1442,0.0057315759143548506,2.6060305,7.402941,8096
1443,0.00045521285979868687,2.2211602,6.0787416,643
1444,0.005117781902775595,1.9041009,4.0011005,7229
1445,0.0024983610921144104,3.9208388,10.519556,3529
1446,0.0018279309548992373,3.4646485,8.737162,2582
1447,0.0006966243453217852,2.2260237,4.756761,984
1448,0.000632908703981378,2.2953742,5.03126,894
1449,0.0011242270938729624,2.126595,4.4667945,1588
1450,0.003957449278809735,2.0681818,4.7153397,5590
1451,0.001270773068955899,2.1641493,4.2469025,1795
1452,0.000248491001227588,2.4592805,6.31567,351
1453,0.00045521285979868687,2.433702,7.4502,643
1454,0.015632986578654126,2.3866613,8.291698,22082
1455,0.0011015726436185954,2.259019,5.138486,1556
1456,0.004376556608515525,4.1322956,12.05248,6182
1457,0.00328135552903097,3.3450952,11.342677,4635
1458,0.002242790575182333,2.7982302,8.715782,3168
1459,0.00024565919494579216,2.165443,5.542044,347
1460,0.004468590312673891,3.0963626,10.052153,6312
1461,0.006901819860306996,1.9069424,4.3166156,9749
1462,0.006872793845918588,2.6415734,9.653253,9708
1463,0.0016672259484073213,2.35239,5.4049816,2355
1464,0.00113272251271835,2.2621086,5.1927857,1600
1465,0.00743490739285507,4.0506577,12.874981,10502
1466,0.002057307263724703,2.2217653,5.9901166,2906
1467,0.0006973322968922342,2.164735,4.0522456,985
1468,0.008652584094027296,3.3175797,8.91002,12222
1469,0.00821719387820118,2.4619925,6.5881634,11607
1470,0.0035836508496126795,1.8492427,3.7996964,5062
1471,0.0015107686513380993,2.2141545,4.340431,2134
1472,0.001607758016489608,2.2443326,4.897834,2271
1473,0.0012821002940830823,1.7931145,3.4226725,1811
1474,0.237254393901422,3.9963422,13.433111,335128
1475,0.001020866164587413,2.330447,6.537641,1442
1476,0.005448395286175263,1.9958276,4.2567935,7696
1477,0.00014513007194203858,2.3157842,8.150358,205
1478,0.1489643376475902,3.2534325,12.818227,210416
1479,0.0018180196329129518,1.830557,4.061635,2568
1480,0.0009175052353018635,1.8847488,3.5780663,1296
1481,0.002085625326542662,2.2547781,5.101233,2946
1482,0.0018194355360538496,1.8473802,3.8973396,2570
1483,0.0006987482000331321,2.2257173,5.3297563,987
1484,0.00024636714651624114,2.2033777,5.7077875,348
1485,0.0077449901807117175,3.4370408,11.305298,10940
1486,0.0015539536971354863,2.1695132,4.638093,2195
1487,0.0003235338676951787,2.1704276,5.9551682,457
1488,0.003365601765914397,1.9467564,3.9260561,4754
1489,0.0013663465309665097,2.175217,4.4477024,1930
1490,0.00046512418178497247,1.999163,4.219658,657
1491,0.0007362696332669275,2.399243,7.8264017,1040
1492,0.0004594605692213807,2.3891242,8.911577,649
1493,0.00044105382838970753,2.3188999,6.1158414,623
1494,0.011444037136307579,2.9293811,9.014448,16165
1495,0.0010817499996460243,1.9214963,5.272312,1528
1496,0.002645615018767796,1.8464707,3.7212296,3737
1497,0.009633097019099118,2.3182414,6.8781943,13607
1498,0.0013344887102963061,2.0295777,3.830925,1885
1499,0.005053358309864739,3.4059026,8.975215,7138
1500,0.0007568002288099475,2.3014908,5.035723,1069
1501,0.0019100533370713176,1.8383632,4.252861,2698
1502,0.0005713169173523178,2.1647763,4.9569054,807
1503,0.0016438635465825053,1.9811233,4.3728437,2322
1504,0.0013182058241759797,2.679356,7.4898124,1862
1505,0.0011723678006634922,2.2920494,5.774514,1656
1506,0.0009755572640786789,2.2047818,4.9658203,1378
1507,0.002516059881375635,2.1989384,5.28161,3554
1508,0.005139020449889064,2.7291603,7.5980096,7259
1509,0.004663276994547357,1.9450275,4.3071465,6587
1510,0.0018293468580401352,2.293975,4.668469,2584
1511,0.00531317653621951,2.5743883,7.5755734,7505
1512,0.002891274213713588,2.2345924,4.94928,4084
1513,0.00012813923425126334,2.9583232,9.424487,181
1514,0.007895783865217347,4.7385855,13.016961,11153
1515,0.0010980328857663505,2.2751148,5.7642865,1551
1516,0.002084209423401764,2.4903145,6.591022,2944
1517,0.004671772413392745,3.1255615,7.8947134,6599
1518,0.09008258963020857,4.523399,9.55433,127244
1519,0.0006180417210019497,2.3958263,6.0024724,873
1520,0.001154669011402268,2.179849,5.1667,1631
1521,0.0010930772247732077,2.3480506,5.16946,1544
1522,0.0006237053335655414,2.3305266,9.875995,881
1523,0.0015249276827470786,2.2546062,4.7835984,2154
1524,0.00027256135462285294,2.190759,5.4644794,385
1525,0.0011900665899247163,2.3288267,5.4977026,1681
1526,0.00022017293840962928,2.236512,6.40023,311
1527,0.0007674195023666821,2.0632033,4.38283,1084
1528,0.003461883179495457,2.7296038,7.660993,4890
1529,0.0005253000652731348,2.251082,5.227274,742
1530,0.011234483471454684,3.8090448,13.691618,15869
1531,0.0005465386123866038,2.3647683,5.4821787,772
1532,0.0015447503267196497,2.4169924,6.5854316,2182
1533,0.0004792832131939518,2.255108,4.874751,677
1534,0.0007185708440057033,2.1670237,5.065525,1015
1535,0.0030951642660028912,4.451192,15.692242,4372
1536,0.0008516657392501094,2.2599657,5.280241,1203
1537,0.0015815638083829962,2.209527,5.0776443,2234
1538,0.0009182131868723124,2.2239935,4.5508246,1297
1539,7.150310861534584e-05,2.4085293,6.078798,101
1540,0.0007362696332669275,2.7676308,8.776111,1040
1541,0.0010088309878897805,2.2948327,5.152328,1425
1542,0.0030873767987279525,2.032968,4.546117,4361
1543,0.001976600784693521,1.8889086,3.9412556,2792
1544,0.0004205232328466874,2.2440765,5.8951774,594
1545,0.002960653467617587,2.321376,5.7048697,4182
1546,0.0005592817406546853,2.0855153,4.7690153,790
1547,0.001021574116157862,1.9409478,4.3626304,1443
1548,0.00190155791822593,2.2386003,5.27239,2686
1549,0.000385125654324239,1.9962007,4.466399,544
1550,0.004424697315306055,2.3800347,6.8846564,6250
1551,0.004520978728887114,1.9187913,4.097205,6386
1552,0.000858745254954599,2.5147388,7.820522,1213
1553,0.0027036670475446114,1.835638,3.9627726,3819
1554,0.0003808779449015452,2.166882,5.2704062,538
1555,0.002414822806801432,1.8966724,4.3327518,3411
1556,0.0005104330822937065,2.229895,4.7978873,721
1557,0.0024955292858326148,2.4933445,7.2358427,3525
1558,0.001518556118613038,1.9957304,4.125663,2145
1559,0.0005621135469364812,2.2138124,5.0932918,794
1560,0.0005628214985069301,2.1915853,4.325135,795
1561,0.0026788887425788976,2.2809973,5.2916784,3784
1562,0.0014378496395818555,2.9696069,9.405913,2031
1563,0.0002562784685025267,1.9723115,6.2292223,362
1564,0.00286932771502967,2.6320996,6.62244,4053
1565,0.0004941501961733802,2.2254791,5.6102405,698
1566,7.362696332669275e-05,2.0246592,4.018851,104
1567,0.003008086222837668,1.8839898,3.6277099,4249
1568,0.005063977583421473,1.8886125,3.964526,7153
1569,0.0006711380887856224,2.2688165,6.7201552,948
1570,0.0017833300059609523,2.024551,3.9863122,2519
1571,0.001090953370061861,2.1026454,4.3615394,1541
1572,0.0010930772247732077,2.3103583,5.7916636,1544
1573,0.0017380211054522183,2.196721,5.337341,2455
1574,0.007560922772394986,1.9254972,4.4652386,10680
1575,0.003259409030347052,2.7655513,8.003137,4604
1576,0.005633170646062444,1.9083517,4.376003,7957
1577,0.0018626205818512366,3.0843997,9.478437,2631
1578,0.00010123707457420253,2.3126342,8.139654,143
1579,0.00032494977083607666,2.0403092,4.7726674,459
1580,0.0007065356673080708,2.268224,6.2745967,998
1581,0.00153767081101516,2.227181,6.800962,2172
1582,0.0005139728401459513,2.3199306,7.2121124,726
1583,0.000362471204069872,2.2877078,6.7894154,512
1584,0.0006498995416721533,2.1717596,5.1239505,918
1585,0.003937626634837164,1.881621,3.9127839,5562
1586,0.0011143157718866768,2.4139786,5.3411617,1574
1587,0.004556376307409563,1.9577996,4.3814645,6436
1588,0.0012757287299490416,2.32275,6.29839,1802
1589,0.0005805202877681543,2.2462173,5.013359,820
1590,0.00020530595543020094,2.1988106,5.1057625,290
1591,0.0008304271921366403,2.2367365,5.665229,1173
1592,0.0007546763740986006,2.1270144,3.9084926,1066
1593,0.003279231674319623,1.9522609,4.0220003,4632
1594,0.0003603473493585251,2.3367248,5.429453,509
1595,0.0003022953205817096,1.7542146,3.3188782,427
1596,0.0008672406737999866,2.5610657,6.3423905,1225
1597,0.000972725457796883,1.8267443,4.1764913,1374
1598,0.002916760470249751,1.8954144,3.8163273,4120
1599,0.0005734407720636647,2.351242,5.4078665,810
1600,0.0007405173426896213,2.262772,6.216704,1046
1601,0.00039716083102187146,1.8435196,3.8213406,561
1602,0.015178481670425889,5.276328,14.142054,21440
1603,0.000181235602034936,2.3655474,4.7158747,256
1604,0.0019143010464940115,2.2171078,4.6622314,2704
1605,0.0012976752286329597,2.276038,5.381727,1833
1606,0.00044530153781240133,2.34794,6.319777,629
1607,0.0020481038933088665,2.141567,5.046125,2893
1608,0.00278720533285759,3.9488168,11.036293,3937
1609,0.0003122066425679952,2.2147343,7.4521484,441
1610,0.0030895006534392994,2.1297958,4.667319,4364
1611,0.0005118489854346044,2.237307,5.55561,723
1612,0.0011681200912407985,2.979536,10.695217,1650
1613,0.0006322007524109291,2.0591753,4.8191643,893
1614,0.00012530742796946747,2.048231,4.46229,177
1615,0.00039503697631052454,2.2524045,6.6496024,558
1616,0.0008240556280025995,2.2289045,6.293569,1164
1617,0.2694428279550253,4.8148108,17.951937,380595
1618,0.0033663097174848463,2.3387432,5.841336,4755
1619,0.0013720101435301013,2.5168974,7.0122337,1938
1620,0.0008771519957862723,2.166551,4.953242,1239
1621,0.0009217529447245572,2.0114896,4.5888715,1302
1622,0.0035022364190110482,1.773605,3.9169934,4947
1623,0.005722372543939014,1.9749991,4.260061,8083
1624,0.0015511218908536904,2.3081226,4.6841984,2191
1625,0.0026668535658812653,1.8942333,4.021272,3767
1626,0.0015504139392832415,1.9452498,3.9141269,2190
1627,0.003241002289515379,2.2217577,4.521833,4578
1628,0.009672034355473811,1.9357207,4.872257,13662
1629,0.0005097251307232575,1.785331,3.4560807,720
1630,0.004664692897688255,1.9165958,4.612798,6589
1631,0.0013493556932757343,2.1474657,4.7127132,1906
1632,0.0023206652479317194,3.068035,8.741792,3278
1633,0.0005925554644657868,2.004926,5.2142844,837
1634,0.0008212238217208038,2.1656234,4.8126154,1160
1635,0.0034073709085708863,1.8558404,3.9602609,4813
1636,0.00019681053658481332,2.236799,6.194096,278
1637,0.0003461883179495457,2.1911168,5.0055084,489
1638,0.001905097676078175,1.9855845,3.7361758,2691
1639,0.0019794325909753166,2.141865,4.3274493,2796
1640,0.004498324278632748,2.5297072,6.7813234,6354
1641,0.05609383473295359,3.8868446,12.464287,79234
1642,0.007352785010682989,2.2549243,5.5522285,10386
1643,0.0007829944369165594,2.292443,6.813956,1106
1644,0.0006180417210019497,2.3200352,5.224724,873
1645,0.001086705660639167,2.8318717,7.6358056,1535
1646,0.00017981969889403805,2.3640711,6.161028,254
1647,0.008250467602012281,1.8435677,4.3756647,11654
1648,0.00031149869099754624,2.169655,5.5878363,440
1649,0.0008339669499888852,2.2152386,5.4088707,1178
1650,0.0008629929643772929,2.0973642,4.031557,1219
1651,0.0012728969236672457,2.0945215,4.2026243,1798
1652,0.00030725098157485245,2.3305418,5.0274897,434
1653,0.0013967884484958153,2.3593092,5.564738,1973
1654,0.00022442064783232307,2.2489343,6.679311,317
1655,0.0008346749015593341,2.1814914,5.2640147,1179
1656,0.003924883506569082,1.8198274,4.0705576,5544
1657,0.0035652441087810063,2.2556217,4.9938636,5036
1658,0.0015270515374584256,2.0559013,4.144947,2157
1659,0.00031503844884979106,2.2358475,5.1667805,445
1660,0.004245585567982465,3.80486,10.135732,5997
1661,0.0004891945351802373,2.198313,5.5219016,691
1662,0.007413668845741601,2.4275985,7.050874,10472
1663,0.0032105603719860733,2.3065197,6.499477,4535
1664,0.0026378275514928576,2.221666,4.488532,3726
1665,0.00022937630882546587,1.921833,4.3038545,324
1666,0.0015921830819397307,2.0224419,4.586055,2249
1667,0.0017132428004865044,2.320343,5.715851,2420
1668,0.0003355690443928112,2.214643,4.3851023,474
1669,0.0002399955823822004,2.2619278,5.2581954,339
1670,0.002130934227051396,2.478664,6.608343,3010
1671,0.0005755646267750115,2.1596646,4.5022774,813
1672,0.0055800742782787715,1.8298668,3.871349,7882
1673,0.0035631202540696598,2.3324463,4.9985523,5033
1674,0.0005422909029639101,2.1537929,4.624963,766
1675,0.0016721816094004641,1.9417084,3.879162,2362
1676,0.001382629417086836,2.056273,3.9398036,1953
1677,0.00355604073836517,2.3091755,5.2217445,5023
1678,0.0009203370415836594,2.08843,5.374857,1300
1679,0.0022484541877459247,2.1426113,4.5661335,3176
1680,0.004719205168612826,3.4873698,10.810176,6666
1681,0.0005352113872594203,2.3363855,6.233568,756
1682,0.0013259932914509184,2.0385423,3.854215,1873
1683,0.006881997216334425,1.8890581,4.3747616,9721
1684,0.001313958114753286,1.9890407,3.9471307,1856
1685,0.0017323574928886265,1.8371848,3.7627811,2447
1686,0.00035680759150628026,2.2716892,8.92124,504
1687,0.000998211714333046,2.2772443,5.5441847,1410
1688,0.0005911395613248889,2.2513847,4.8090367,835
1689,0.0022378349141891902,2.54499,7.541466,3161
1690,0.002441017014908044,1.9823185,4.4609075,3448
1691,0.005647329677471423,2.6175961,7.252985,7977
1692,0.0010350251959963923,2.0014129,4.235192,1462
1693,0.00659669273344349,1.9532374,4.1612844,9318
1694,0.003666481183355209,1.8449235,4.023892,5179
1695,0.0008247635795730486,1.9718306,4.3871937,1165
1696,0.01731153975218863,2.8831532,9.258569,24453
1697,0.0008219317732912527,2.2592475,5.1115546,1161
1698,0.0008247635795730486,2.1826718,4.5582986,1165
1699,0.003827894141417574,1.8742243,3.6986144,5407
1700,0.0003815858964719941,2.225849,4.957613,539
1701,0.0007426411974009682,2.158885,4.5353384,1049
1702,0.00024070353395264936,2.285171,5.7160535,340
1703,0.0005975111254589296,2.3304484,5.444386,844
1704,0.004086296464631448,2.4019477,5.3997383,5772
1705,0.005795291555695258,3.1750135,8.942997,8186
1706,0.002283851766268373,1.8505652,4.004806,3226
1707,0.0006463597838199085,2.262937,4.782713,913
1708,0.001425106511313774,2.2441356,5.0254292,2013
1709,0.0009833447313536176,1.9293716,5.047398,1389
1710,0.0018229752939060945,2.4960778,7.2814627,2575
1711,0.004162755234239936,2.512609,6.8189344,5880
1712,0.0007376855364078255,2.4316976,9.148391,1042
1713,0.0007433491489714172,2.2417006,5.1752615,1050
1714,0.0019263362231916438,1.9178811,4.185576,2721
1715,0.001923504416909848,1.9617056,4.377763,2717
1716,0.0003914972184582797,2.2206378,4.3773813,553
1717,0.0009231688478654552,2.3836563,5.92003,1304
1718,0.00307534162203032,2.329169,4.957827,4344
1719,0.0010513080821167185,2.0574102,5.4795914,1485
1720,0.0008268874342843954,2.1373374,4.445269,1168
1721,0.0005366272904003183,2.2749853,6.0163074,758
1722,0.0004162755234239936,2.124433,4.3704176,588
1723,0.0004276027485511771,2.3682911,5.430526,604
1724,0.0005592817406546853,2.0308082,3.9188054,790
1725,0.00142793831759557,2.1136856,4.9891157,2017
1726,0.0019171328527758072,1.9563786,3.8297958,2708
1727,0.0008474180298274156,2.0795956,4.89093,1197
1728,0.0014074077220525498,1.9163394,5.0412793,1988
1729,0.0007121992798716626,2.2783532,4.65468,1006
1730,0.003365601765914397,2.2979379,4.966815,4754
1731,0.0009352040245630877,2.0101097,4.1494017,1321
1732,0.006314220056834352,1.8675137,3.7916665,8919
1733,0.0009444073949789243,2.2392638,4.671497,1334
1734,0.003715329841716188,2.0842829,3.839477,5248
1735,0.0008552054971023542,2.2035818,4.4913397,1208
1736,0.0022095168513712312,2.2922053,5.1839075,3121
1737,0.001263693553251409,2.2156963,4.7834044,1785
1738,0.0006994561516035811,2.2119176,4.8563128,988
1739,0.0012559060859764705,2.4370036,7.181872,1774
1740,0.0020063347506523773,2.2497418,5.1880727,2834
1741,0.0014626279445475695,1.8923285,3.6849942,2066
1742,0.004094083931906386,2.632305,9.321481,5783
1743,4.460094893828503e-05,2.2861285,5.152364,63
1744,0.0049216793177612305,2.4579573,7.531187,6952
1745,0.004251957132116506,1.9194194,3.8954945,6006
1746,0.02343602878814266,2.9061868,8.502079,33104
1747,0.0007044118125967239,2.1755252,5.0308723,995
1748,7.999852746073347e-05,2.022913,4.7271667,113
1749,0.005997057753273214,4.9951487,14.683482,8471
1750,0.0006959163937513362,2.1935062,5.2216887,983
1751,0.0025911027478432254,2.7339568,6.448135,3660
1752,0.000861577061236395,2.4899154,6.69378,1217
1753,0.0001316789921035082,2.1191223,7.0803747,186
1754,0.000634324607122276,2.351913,7.854718,896
1755,0.001538378762585609,2.249929,5.3154974,2173
1756,0.0016445714981529543,2.1168451,4.260109,2323
1757,0.00032990543182921943,2.0212016,4.403891,466
1758,0.0009536107653947608,2.2654903,4.994384,1347
1759,0.0022739404442820876,1.968653,4.1762176,3212
1760,0.004074969239504264,4.066932,10.871762,5756
1761,0.0010074150847488824,2.2270205,5.2361207,1423
1762,0.0005522022249501956,2.2861743,5.0576687,780
1763,0.00023716377610040452,2.1995957,6.4373803,335
1764,0.0008679486253704357,2.0754304,4.3861046,1226
1765,0.004554252452698216,1.8362643,3.9900322,6433
1766,0.0005762725783454606,2.2067492,5.21092,814
1767,0.00030441917529305655,2.6829574,8.515732,430
1768,0.0008261794827139465,2.3112512,6.0235233,1167
1769,0.0007589240835212945,2.1600986,4.7525816,1072
1770,0.0004276027485511771,2.347671,6.0730224,604
1771,0.0012424550061379401,2.0439332,3.760325,1755
1772,0.0012198005558835732,2.402696,6.6830983,1723
1773,0.002438893160196697,1.8471063,3.8169725,3445
1774,0.014010361579185091,1.941953,4.4566197,19790
1775,0.021327749011345633,2.2981524,7.2960496,30126
1776,0.0095084975427001,2.764935,8.95203,13431
1777,0.008472764395133258,3.6346955,12.232178,11968
1778,9.628141358105975e-05,2.2359612,5.1226726,136
1779,0.0011398020284228397,2.2156415,4.8653607,1610
1780,0.01567900343073331,2.4158952,7.004551,22147
1781,0.05198983947906092,3.4642262,12.8745165,73437
1782,0.0031539242463501558,1.9480647,4.4652143,4455
1783,0.0006598108636584389,2.0393796,4.665488,932
1784,0.0002739772577637509,2.2019677,6.8948965,387
1785,0.2348721368668612,4.12008,15.85705,331763
1786,0.0008403385141229259,2.2602007,4.9171057,1187
1787,0.005909271758537542,3.5552194,9.763283,8347
1788,0.002824018814520936,1.9240767,4.2803354,3989
1789,0.0037004628587367595,3.7084994,10.532728,5227
1790,0.0003808779449015452,2.1850028,4.7534037,538
1791,0.0061860808225830885,3.2112362,11.7901125,8738
1792,0.0006506074932426022,2.022246,5.054286,919
1793,0.0006775096529196631,2.1925542,4.662874,957
1794,0.0036105530092897407,2.4175513,5.987045,5100
1795,0.003523474966124517,1.8950372,3.9261725,4977
1796,0.0012721889720967968,2.2363522,5.0364175,1797
1797,0.0011221032391616154,3.2781856,10.619877,1585
1798,0.00041910732970578947,2.2565484,7.791369,592
1799,0.00035680759150628026,2.253175,5.882069,504
1800,0.0009868844892058624,2.0234141,5.0661087,1394
1801,0.002106155922085682,2.1866517,4.145684,2975
1802,0.00044246973153060543,2.1648548,4.4864807,625
1803,0.0019192567074871542,2.272542,4.9881682,2711
1804,0.00019397873030301742,2.324353,6.5262895,274
1805,0.001268649214244552,2.0699365,4.087266,1792
1806,0.021571992303150527,1.9916289,5.11862,30471
1807,0.0015468741814309967,1.8865714,4.3615403,2185
1808,7.787467274938656e-05,2.2064679,5.920182,110
1809,0.004540093421289236,4.2002583,13.731031,6413
1810,0.0037471876623863913,1.8932618,3.8169808,5293
1811,0.0008021091293186816,2.0894485,4.757953,1133
1812,0.0005111410338641554,2.1792333,4.915555,722
1813,0.0003277815771178725,2.2829876,7.3143854,463
1814,0.0004389299736783606,2.354305,4.9732494,620
1815,0.0027029590959741626,2.1458852,4.2878523,3818
1816,0.004171250653085324,1.9048038,3.6865704,5892
1817,0.0021408455490376814,1.8711604,4.2714515,3024
1818,0.0002378717276708535,2.2539477,6.1940784,336
1819,0.0002690215967706081,3.7369158,13.95609,380
1820,0.00382364643199488,2.3862295,6.2941976,5401
1821,0.0011943142993474103,2.2146404,5.0374265,1687
1822,0.003434981019818396,2.0163414,3.8704548,4852
1823,0.0013012149864852045,1.8560756,4.0536003,1838
1824,4.601685207918297e-05,2.5549123,6.4489183,65
1825,0.0012551981344060216,2.1164825,5.2931376,1773
1826,0.03323053876530414,2.1231403,6.1929936,46939
1827,0.0013373205165781018,1.917693,4.657406,1889
1828,0.000588307755043093,2.075734,5.1431165,831
1829,0.006011924736252642,2.2982128,5.256108,8492
1830,0.000475743455341707,2.4050941,7.1259575,672
1831,0.006469261450762676,2.5965643,8.044099,9138
1832,0.0011249350454434113,1.9466832,3.8492105,1589
1833,0.0008198079185799058,1.9706117,4.2390513,1158
1834,0.0376870939012804,2.381031,7.9840355,53234
1835,0.0010647591619552489,2.2305212,5.251103,1504
1836,0.0007348537301260296,2.159588,4.4933825,1038
1837,0.005439191915759427,1.9475607,4.225007,7683
1838,0.014207880067340353,2.7148838,8.128829,20069
1839,0.0004169834749944426,2.3195407,6.139017,589
1840,0.0012580299406878175,2.2207398,4.4228683,1777
1841,0.0017125348489160554,2.2690084,4.648008,2419
1842,0.004785752616235028,3.450467,10.291873,6760
1843,0.003779045483056595,3.6660788,11.914279,5338
1844,0.0005295477746958286,2.2307742,5.519498,748
1845,0.0012743128268081438,2.2297804,5.133909,1800
1846,0.0017344813475999733,2.0570455,4.09964,2450
1847,0.004020456968579693,2.6603734,7.244825,5679
1848,0.00012743128268081436,2.385709,6.4290247,180
1849,0.00045875261765093174,2.492224,7.0895157,648
1850,0.0023199572963612707,2.5318027,6.2721286,3277
1851,0.0017762504902564624,1.9503527,4.585616,2509
1852,0.00016495271591460971,2.0701976,4.6931186,233
1853,0.0015759001958194044,2.1364996,4.417754,2226
1854,0.004030368290565979,4.0494947,10.722891,5693
1855,0.019869368776220756,2.1464212,5.9024477,28066
1856,0.00961681413297879,2.9668102,7.8970866,13584
1857,0.002174119272848783,2.20391,4.973238,3071
1858,0.00321976374240191,1.9043428,4.140738,4548
1859,0.0024636714651624114,2.0085487,4.6436973,3480
1860,0.002414822806801432,2.3647506,6.249695,3411
1861,0.0006017588348816235,2.1223836,4.7482953,850
1862,0.0007992773230368857,2.1795173,5.1487,1129
1863,0.0007837023884870083,2.1957963,5.655621,1107
1864,0.004179038120360262,1.9333757,3.9850607,5903
1865,0.007023587530424219,3.1607916,10.657388,9921
1866,0.003169499180900033,1.8579086,3.9396348,4477
1867,0.0015235117796061808,2.2149148,4.579517,2152
1868,0.0006038826895929703,2.1790133,4.4198465,853
1869,0.0013047547443374493,1.8471134,3.5677285,1843
1870,0.002620836713802082,1.796384,3.655215,3702
1871,0.000838922610982028,2.028972,4.201619,1185
1872,0.004699382524640254,1.7700891,3.561536,6638
1873,0.011337136449169786,1.9557924,4.5896525,16014
1874,0.0031886138733021553,1.8907971,4.0206194,4504
1875,0.004257620744680098,2.2156217,5.543576,6014
1876,0.00039291312159917766,2.4249713,6.8434925,555
1877,0.0020877491812540086,1.8308187,3.9088876,2949
1878,0.0002520307590798329,2.160643,7.7973456,356
1879,0.0035015284674405995,2.4849756,5.583331,4946
1880,0.0005748566752045626,2.1933131,5.091024,812
1881,0.0011936063477769614,2.4323864,6.321155,1686
1882,0.00020742981014154784,2.3642755,5.6103215,293
1883,0.019850962035389084,3.7226386,11.90108,28040
1884,0.00018406740831673188,2.3417323,5.8080444,260
1885,0.0029110968576861592,2.9760263,9.836735,4112
1886,0.00210049230952209,1.9344672,4.1172667,2967
1887,0.001380505562375489,2.0474,5.322827,1950
1888,0.0005465386123866038,2.157014,8.224265,772
1889,0.001809524214067564,2.0301785,3.994446,2556
1890,0.0005175125979981961,2.2094727,5.352966,731
1891,0.0028629561508956296,1.9598708,5.007681,4044
1892,0.0012601537953991643,2.1340954,4.43944,1780
1893,0.003343655267230479,2.43207,6.8784237,4723
1894,0.002256949606591312,1.8402482,4.3187947,3188
1895,0.0015921830819397307,1.8451928,3.9780843,2249
1896,0.0004849468257575436,2.2876945,6.8178983,685
1897,0.0317509199830658,2.9145877,8.896961,44849
1898,0.005508571169663426,2.6952925,8.161908,7781
1899,0.0028856106011499964,2.3348145,5.835261,4076
1900,0.002441017014908044,2.0147896,4.057973,3448
1901,0.00042689479698072814,2.3800018,6.611447,603
1902,0.0008771519957862723,2.3130643,6.24333,1239
1903,0.0012530742796946746,2.2397969,4.2941585,1770
1904,0.00016424476434416074,2.4051478,8.8931,232
1905,0.004313548918745566,4.275046,10.515124,6093
1906,0.002598890215118164,1.8974601,4.005403,3671
1907,0.00190155791822593,1.9352142,4.483322,2686
1908,0.000746180955253213,2.2880647,4.9830637,1054
1909,0.0030413599466487698,4.1109223,11.263154,4296
1910,0.002015538121068214,2.2092416,4.585664,2847
1911,0.00023220811510726175,2.2443323,6.1995296,328
1912,0.0022364190110482924,1.9249663,3.904956,3159
1913,0.007483756051216048,1.9737065,4.6048884,10571
1914,0.0017819141028200542,2.2398417,4.3448744,2517
1915,0.008627097837491132,2.5935853,8.131596,12186
1916,0.0035192272567018236,4.34914,12.320213,4971
1917,0.0006966243453217852,2.171537,4.458837,984
1918,0.003648782394093985,2.0053883,4.1769543,5154
1919,0.00801825948690502,2.4396684,6.581747,11326
1920,0.004624339658172664,2.0038826,4.243118,6532
1921,0.00022229679312097618,2.5161994,5.9865685,314
1922,0.0007610479382326414,1.8414049,4.282471,1075
1923,0.0012551981344060216,1.83254,4.010928,1773
1924,0.0009493630559720671,1.9804509,4.103549,1341
1925,0.007316679480590092,2.002732,4.5622377,10335
1926,0.000950071007542516,2.3311694,7.0141973,1342
1927,0.0010647591619552489,2.1592634,4.625053,1504
1928,0.0031567560526319515,2.6441064,7.46444,4459
1929,0.0005606976437955832,2.185464,4.189516,792
1930,0.01043449819684735,2.6925168,7.1551566,14739
1931,0.0005720248689227667,1.9820176,4.9649897,808
1932,0.0008849394630612109,2.1965919,4.6677647,1250
1933,0.01157430022527019,2.57272,8.052854,16349
1934,0.0014619199929771203,2.2156947,5.97369,2065
1935,0.00012318357325812057,2.5460415,7.694808,174
1936,0.0005911395613248889,2.2875092,6.869913,835
1937,0.0006619347183697857,2.2792337,5.24417,935
1938,0.0013323648555849592,2.8442175,6.8943114,1882
1939,0.0009175052353018635,2.3423414,5.2206364,1296
1940,0.002610925391815797,2.2791781,5.371241,3688
1941,0.01123660732616603,2.1775787,6.505646,15872
1942,0.0006392802681154187,2.1674683,6.3486943,903
1943,0.00104352061484178,2.3290236,5.622266,1474
1944,0.005814406248097381,2.4327843,6.404366,8213
1945,0.0017054553332115656,2.9990335,8.733022,2409
1946,0.0018612046787103388,2.026007,4.2980494,2629
1947,0.0008580373033841501,2.3354957,5.975638,1212
1948,0.00042193913598758537,2.3058681,7.247028,596
1949,0.01158067178940423,2.5019045,7.8182077,16358
1950,0.002112527486219723,2.2148607,4.9012303,2984
1951,0.0009125495743087207,2.4401448,6.307224,1289
1952,0.0013422761775712447,2.0667064,4.486059,1896
1953,0.003280647577460521,2.3216748,5.2619977,4634
1954,0.000702995909455826,2.3966749,6.492511,993
1955,0.0008233476764321506,2.2417638,5.1600885,1163
1956,0.009421419499534876,3.7527192,13.093685,13308
1957,0.0007964455167550898,2.1602256,5.232531,1125
1958,0.005191408866102288,4.056169,6.216885,7333
1959,0.0025698642007297564,2.2017956,4.562417,3630
1960,0.00037238252605615755,2.2850683,5.028734,526
1961,0.0016934201565139333,3.2274816,10.918749,2392
1962,0.0015681127285444658,2.2774692,5.889791,2215
1963,0.0017734186839746667,3.7494311,12.0300865,2505
1964,0.00032990543182921943,2.411235,6.5667124,466
1965,0.00036176325249942303,2.525239,11.357761,511
1966,0.0011355543190001457,1.8583318,3.8280358,1604
1967,0.00027114545148195505,2.100597,4.6729026,383
1968,0.00235464692331327,2.1328099,4.588989,3326
1969,0.000362471204069872,2.2326362,6.3178654,512
1970,0.0007667115507962332,2.001062,3.8283315,1083
1971,0.0032445420473676237,1.8164519,3.5228076,4583
1972,0.000407780104578606,2.2876427,5.1435432,576
1973,0.0008417544172638239,2.4424045,10.246197,1189
1974,0.0005352113872594203,2.186981,5.0383368,756
1975,0.0029825999663015052,4.1907167,10.889417,4213
1976,0.0003058350784339545,2.2538733,5.7249513,432
1977,0.0067361591928219375,1.9763916,5.502248,9515
1978,0.0023426117466156375,1.9877036,4.4542994,3309
1979,0.0011369702221410438,2.2065785,4.6749625,1606
1980,0.0018640364849921347,2.2030208,5.0683,2633
1981,0.0014774949275269977,2.2047532,6.602182,2087
1982,0.006249796463923496,3.7206504,11.166414,8828
1983,0.0009911321986285561,2.1778717,5.322013,1400
1984,0.0014406814458636514,2.9887187,10.582366,2035
1985,0.0006414041228267656,2.9799604,11.323604,906
1986,0.002105447970515233,2.1309745,4.296371,2974
1987,0.007747114035423065,1.9410695,4.110092,10943
1988,0.0008254715311434975,2.2849662,4.1603584,1166
1989,0.005325919664487592,1.8321763,3.7307134,7523
1990,0.00194969862501646,2.5636988,7.602193,2754
1991,0.0013387364197189999,1.9770305,4.363721,1891
1992,0.028142490828487406,4.3341837,12.659174,39752
1993,0.009423543354246222,3.4713862,11.147638,13311
1994,0.0030682621063258305,1.9379728,4.3962836,4334
1995,0.0017840379575314012,2.0593257,5.2686186,2520
1996,0.0010109548426011274,2.2342691,4.629274,1428
1997,0.0007277742144215398,2.9049492,7.798728,1028
1998,0.0017868697638131971,2.2187283,5.159242,2524
1999,0.0011348463674296968,2.2297137,4.8893857,1603
2000,0.0009868844892058624,2.011918,4.682803,1394
2001,0.004760974311269314,4.4020762,12.108383,6725
2002,0.002312169829086332,2.755215,7.4946914,3266
2003,0.0027638429310327737,2.3373084,5.049953,3904
2004,0.001220508507454022,2.3530886,6.33601,1724
2005,0.00010336092928554943,2.3223803,6.201034,146
2006,0.0029691488864629747,1.9004028,4.3448615,4194
2007,0.002922424082813343,1.8688403,3.9234998,4128
2008,0.0015787320021012003,2.1287758,5.1964335,2230
2009,0.00194261910931197,1.8454696,3.981811,2744
2010,0.00044034587681925856,2.3594952,5.775576,622
2011,0.00046229237550317657,2.1521945,4.495038,653
2012,0.0008190999670094568,1.8402737,4.1066713,1157
2013,0.0008637009159477418,2.1222398,4.8389344,1220
2014,0.00037521433233795345,2.4866898,8.363344,530
2015,0.0008941428334770475,2.2433152,4.876584,1263
2016,0.0023964160659697593,2.2305777,4.5630608,3385
2017,0.03613030839786312,2.289918,6.942221,51035
2018,0.00037946204176064725,2.192968,4.3893256,536
2019,0.005876705986296889,4.035561,16.994032,8301
2020,0.0008353828531297831,2.2694955,5.154734,1180
2021,0.002081377617119968,1.8047652,3.6652837,2940
2022,0.00639775834214733,2.437527,6.594598,9037
2023,0.0005486624670979508,2.2580924,4.7006826,775
2024,0.0011744916553748392,1.9809858,4.3082676,1659
2025,0.0036310836048327605,1.9414976,4.2123647,5129
2026,0.0006959163937513362,2.188585,4.814769,983
2027,3.0441917529305655e-05,1.9185991,5.939941,43
2028,0.0006421120743972146,2.323713,4.9867177,907
2029,0.0031581719557728493,1.981111,4.435091,4461
2030,0.00019751848815526227,2.3565242,5.2097945,279
2031,0.00032211796455428076,2.2591352,4.56492,455
2032,0.004504695842766788,2.3420079,6.132951,6363
2033,0.00019114692402122155,2.7688575,12.2201805,270
2034,0.000520344404279992,2.1057372,5.402384,735
2035,0.0024275659350695136,2.235592,5.621906,3429
2036,0.00849117113596493,1.9906377,4.5469575,11994
2037,0.002172703369707885,2.3118358,5.473819,3069
2038,0.000998211714333046,2.142498,5.698848,1410
2039,0.002125978566058253,1.8534636,4.009247,3003
2040,0.001289179809787572,2.1879213,4.6506214,1821
2041,0.0003235338676951787,2.3001957,6.8077207,457
2042,0.0005536181280910936,2.1302655,6.312977,782
2043,0.0019822643972571123,2.2954786,5.1283793,2800
2044,0.0006930845874695404,2.171581,4.1277456,979
2045,0.003849840640101492,1.8757513,3.660126,5438
2046,0.00028884424074317926,2.205515,5.9544973,408
2047,0.0004778673100530539,2.1933682,4.687779,675
2048,0.005594233309687751,1.8748304,3.983259,7902
2049,0.0002598182263547715,2.4569678,6.443977,367
2050,0.002765258834173672,1.8632274,3.7693481,3906
2051,0.004582570515516174,2.3663986,6.2014914,6473
2052,0.007890828204224206,2.0703244,4.8686357,11146
2053,0.015612455983111107,1.9733969,5.2026606,22053
2054,0.006586781411457205,3.6023922,12.615099,9304
2055,0.00018477535988718083,2.4558537,7.966266,261
2056,0.003985059390057245,2.2776484,5.0898952,5629
2057,0.0007978614198959877,2.2673106,4.7122045,1127
2058,0.00027468520933419987,2.2495024,5.1866994,388
2059,0.0005536181280910936,2.0054934,4.7023115,782
2060,0.003854088349524186,1.8810089,4.7647905,5444
2061,0.03516820221362297,3.1008484,9.379603,49676
2062,0.0002916760470249751,2.3795345,6.0815625,412
2063,0.0011596246723954108,2.2450714,5.346496,1638
2064,0.000881399705208966,1.8959506,3.6068325,1245
2065,0.001792533376376789,2.2152488,4.820925,2532
2066,0.0010024594237557397,2.1110756,4.353519,1416
2067,0.0047439834735785395,2.7341099,7.7897587,6701
2068,0.00090617801017468,2.27113,5.3768554,1280
2069,0.0013054626959078984,2.1627762,5.2490416,1844
2070,0.004585402321797971,3.4340944,10.185589,6477
2071,0.0027574713668987332,2.114077,4.173066,3895
2072,0.008268874342843955,2.665752,7.611334,11680
2073,0.0006725539919265203,2.8187559,8.567181,950
2074,0.0008325510468479872,2.1026242,3.7316823,1176
2075,0.007769060534106983,1.9408993,4.0818844,10974
2076,0.0017571357978543405,2.6435056,7.6826487,2482
2077,0.004247001471123364,1.9497546,4.0589647,5999
2078,0.01581634603540041,2.0254085,4.870526,22341
2079,0.0012835161972239804,1.976102,3.9594655,1813
2080,0.0002845965313204854,2.197005,4.7439437,402
2081,0.0008488339329683135,2.3128848,5.776238,1199
2082,0.008692937333542887,1.8929588,4.1879444,12279
2083,0.0034038311507186415,2.24516,4.7137456,4808
2084,0.0003603473493585251,2.677336,9.428641,509
2085,0.0007369775848373764,2.0997488,4.651447,1041
2086,0.0007100754251603156,2.1866472,5.4682765,1003
2087,0.002889150359002241,1.972873,4.1483235,4081
2088,0.002199605529384946,1.9948589,4.32688,3107
2089,0.0011928983962065122,2.2524984,4.4636374,1685
2090,0.010005479545155275,3.1903179,10.668193,14133
2091,0.004612304481475031,3.087623,10.074948,6515
2092,0.06766105544251928,2.4716513,7.433347,95573
2093,0.00036317915564032093,2.149483,4.6784096,513
2094,0.0021373057911854365,2.2227821,4.3838367,3019
2095,0.003873910993496757,3.8425474,10.898459,5472
2096,0.0013734260466709994,2.220688,6.087279,1940
2097,0.004777257197389641,2.4096534,6.54982,6748
2098,0.00029096809545452613,2.244486,6.9442296,411
2099,0.0016898803986616885,2.266197,5.219763,2387
2100,0.0012332516357221035,1.9814906,4.2615976,1742
2101,0.002628624181077021,1.9048916,3.890175,3713
2102,0.00422859473029169,2.3877869,6.1016626,5973
2103,0.000634324607122276,2.191329,5.680302,896
2104,0.0004099039592899529,2.276376,4.265589,579
2105,0.0010321933897145964,2.5074666,6.903211,1458
2106,0.0017847459091018501,2.0711143,3.9287243,2521
2107,0.02896229874706731,2.1734793,5.8071303,40910
2108,0.0004644162302145235,2.17358,6.0212593,656
2109,0.006966951404788301,2.8265314,9.751163,9841
2110,0.0015801479052420981,2.02154,3.8923283,2232
2111,0.0015235117796061808,2.3381135,5.768988,2152
2112,0.00021592522898693546,2.7274172,8.420384,305
2113,0.0012870559550762252,1.9644625,4.6328673,1818
2114,0.00828586518053473,2.78661,7.4253087,11704
2115,0.0010506001305462696,2.275495,5.09958,1484
2116,0.002330576569918005,2.3848357,6.2498574,3292
2117,0.0015532457455650374,2.5280797,6.5283103,2194
2118,0.0010477683242644737,2.0298924,3.8952785,1480
2119,0.0008644088675181909,2.1354933,5.549665,1221
2120,0.002893398068424935,1.8778237,3.9666166,4087
2121,0.03322345924959965,3.9512687,8.85291,46929
2122,0.003238878434804032,2.3100002,5.387615,4575
2123,0.0008134363544458651,2.3229647,7.228769,1149
2124,0.0007044118125967239,1.9642917,4.7225666,995
2125,0.001856249017717196,2.2026958,4.690201,2622
2126,0.0002881362891727303,2.0121658,4.9043765,407
2127,0.002077129907697274,1.7583991,3.8803916,2934
2128,0.002053059554302009,3.6852336,9.201405,2900
2129,0.0015525377939945885,2.078415,4.931468,2193
2130,0.0007844103400574574,2.1708128,4.70693,1108
2131,0.002378717276708535,2.5788887,6.7788987,3360
2132,0.0009203370415836594,2.2357817,5.2476926,1300
2133,0.0009911321986285561,1.9141858,3.8449378,1400
2134,0.002603137924540858,2.0316699,4.3586435,3677
2135,0.002407035339526494,2.087857,4.0718036,3400
2136,0.0020020870412296833,3.1481102,8.630119,2828
2137,0.0006775096529196631,2.194789,5.5099344,957
2138,0.04200489052944866,3.0131452,10.024582,59333
2139,0.0005621135469364812,2.3313837,6.4905457,794
2140,0.00122192441059492,2.1454568,5.1952286,1726
2141,0.0007950296136141918,2.2534902,4.5297093,1123
2142,0.0004594605692213807,2.2437174,5.2356863,649
2143,0.0024056194363855955,3.0884886,12.433086,3398
2144,0.001338028468148551,2.2536411,4.8879714,1890
2145,0.0009387437824153325,1.9679871,4.3064036,1326
2146,0.012110219564100059,1.9800415,6.006726,17106
2147,0.001312542211612388,2.2714875,5.2654343,1854
2148,0.0026838444035720403,2.2636971,5.290527,3791
2149,0.0025642005881661646,1.9000908,4.0446467,3622
2150,0.003917096039294144,2.3481226,7.1365824,5533
2151,0.0007398093911191723,2.1370845,6.1660013,1045
2152,0.003172330987181829,2.2799006,5.095701,4481
2153,0.0023390719887633926,1.955747,4.011733,3304
2154,0.004477793683089727,1.8069068,3.6047556,6325
2155,0.0007291901175624378,2.2075706,5.087265,1030
2156,0.0017748345871155646,1.9179665,4.304703,2507
2157,0.0007971534683255388,2.096504,4.2641907,1126
2158,0.0005776884814863585,2.1831071,6.3368444,816
2159,0.004307885306181975,2.2504504,5.831871,6085
2160,0.0012842241487944293,2.1157587,4.3246703,1814
2161,0.007170841457077604,2.792918,7.664006,10129
2162,0.0003532678336540354,2.1529908,4.821145,499
2163,3.3981675381550496e-05,2.4907455,4.104719,48
2164,0.0006838812170537038,2.2719567,5.5854716,966
2165,0.0009819288282127197,2.0382974,4.196454,1387
2166,0.0007525525193872538,2.2695043,4.898504,1063
2167,0.008490463184394482,1.8858918,4.3412876,11993
2168,0.0012148448948904303,2.063662,4.8139424,1716
2169,0.0020445641354566216,2.1805167,8.722879,2888
2170,0.00024990690436848596,1.9550965,4.397808,353
2171,0.00012601537953991644,2.4886942,5.832461,178
2172,0.0014987334746404668,2.09918,4.0908337,2117
2173,0.12919195823652097,3.0694265,12.155723,182487
2174,0.0018463376957309104,2.2135925,4.1827707,2608
2175,0.0005267159684140327,2.4026637,7.4073563,744
2176,0.0005734407720636647,2.5775216,7.539092,810
2177,0.0005918475128953379,2.0097764,4.5685706,836
2178,0.0016891724470912393,2.3431537,5.0032487,2386
2179,0.0006357405102631739,2.0503516,6.040123,898
2180,0.0002173411321278334,2.3181238,7.888655,307
2181,0.007461101600961682,3.4436808,10.50763,10539
2182,0.0007164469892943563,2.3133774,6.420261,1012
2183,0.0013295330493031633,1.9919126,3.9724052,1878
2184,0.0104005165214658,3.3074179,9.349427,14691
2185,0.0005939713676066848,1.9154372,4.023294,839
2186,0.00027964087032734264,2.203992,5.5610867,395
2187,0.0007185708440057033,2.067622,4.6505756,1015
2188,0.0006392802681154187,2.3067713,4.914433,903
2189,0.0011907745414951655,2.3248196,4.509348,1682
2190,0.0005175125979981961,2.2529235,4.7008023,731
2191,0.0063843072623088,3.1320364,10.849334,9018
2192,0.0075113661624635585,1.8772241,4.032749,10610
2193,0.0027022511444037135,2.5141895,6.79461,3817
2194,0.023455851432115232,2.8119626,7.5663223,33132
2195,0.0010442285664122289,2.3643897,5.972063,1475
2196,0.035228378097111136,2.2454166,6.633334,49761
2197,0.00021875703526873133,2.412455,8.368314,309
2198,0.001900849966655481,1.9324985,4.0609794,2685
2199,6.58394960517541e-05,2.0050924,4.766586,93
2200,0.0020466879901679686,1.8156338,4.0622935,2891
2201,0.002256949606591312,2.113673,6.5633206,3188
2202,7.716672117893759e-05,2.5125484,8.0056095,109
2203,0.0024134069036605343,4.229342,11.758349,3409
2204,0.0008198079185799058,2.0904014,4.482703,1158
2205,0.001492361910506426,4.311049,12.07435,2108
2206,0.0015886433240874858,1.9971546,4.205032,2244
2207,0.0004594605692213807,2.2593873,8.809111,649
2208,0.0016877565439503415,1.8966187,3.7273464,2384
2209,6.867130233354997e-05,2.0375912,3.970967,97
2210,0.0007582161319508455,2.3038507,5.4020376,1071
2211,0.001718198461479647,2.263734,5.214558,2427
2212,0.0004162755234239936,1.9183381,4.4294267,588
2213,0.0001741560863304463,2.4494483,8.591352,246
2214,0.0006336166555518271,2.3298266,6.8767786,895
2215,0.002179782885412375,1.9143103,4.091531,3079
2216,0.0038370975118334105,2.316847,5.6455526,5420
2217,0.0017663391682701769,2.2158897,4.8868256,2495
2218,0.0007376855364078255,2.2320933,5.25005,1042
2219,0.003003838513414974,1.8965082,3.8632026,4243
2220,0.001450592767849937,2.2937615,5.193499,2049
2221,0.004268240018236833,2.83625,8.171124,6029
2222,0.002598890215118164,2.4585621,6.616768,3671
2223,0.0005330875325480735,2.4873464,12.171949,753
2224,0.0022243838343506597,1.8299313,4.17017,3142
2225,0.00032565772240652563,2.2050493,7.371543,460
2226,0.0029082650514043636,1.8256282,3.9409811,4108
2227,0.0005911395613248889,2.1391215,6.4142056,835
2228,0.0017266938803250347,1.8907835,3.5641801,2439
2229,0.0005153887432868493,2.3112514,6.1378646,728
2230,0.11827109731077516,3.8272,14.633298,167061
2231,0.009558054152631527,1.9677762,4.1994276,13501
2232,0.0013918327875026724,4.012931,11.347006,1966
2233,0.00190155791822593,2.3287468,5.222066,2686
2234,0.004766637923832907,1.9041181,4.300943,6733
2235,0.006375811843463412,1.8102233,4.413478,9006
2236,0.007947464329860123,2.4163976,6.4103823,11226
2237,0.008850102582182558,2.9889045,9.865297,12501
2238,0.0005267159684140327,2.2051902,5.671002,744
2239,0.0003596393977880761,2.1033995,4.9070926,508
2240,0.004801327550784906,1.9135576,4.301489,6782
2241,0.0010152025520238212,2.2450693,5.124827,1434
2242,0.001130598658007003,2.272918,5.561415,1597
2243,0.0004941501961733802,1.819715,4.066214,698
2244,0.019169912624617175,2.9380925,10.395552,27078
2245,0.004809822969630294,2.0067198,4.945617,6794
2246,0.003761346693795371,1.8760467,3.8532348,5313
2247,0.0021153592925015185,2.2174091,5.59775,2988
2248,0.0004495492472350951,2.545045,10.773031,635
2249,0.0009132575258791696,1.9438235,4.3547215,1290
2250,0.0032218875971132565,2.886077,8.546983,4551
2251,0.00432487614387275,1.9229801,4.068293,6109
2252,0.002305798264952291,2.3755918,6.2033167,3257
2253,0.00041485962028309567,7.869736,14.824406,586
2254,0.000927416557288149,1.9150559,4.480961,1310
2255,0.0002697295483410571,2.23984,5.099747,381
2256,0.0024112830489491873,2.2049196,4.3947206,3406
2257,0.013596917862042894,3.2399888,8.82486,19206
2258,0.001856249017717196,1.8427786,3.745192,2622
2259,0.0004509651503759931,2.1916573,4.363864,637
2260,0.025141484121354227,2.2739723,6.469539,35513
2261,0.0013911248359322235,1.9719546,4.555299,1965
2262,0.0031787025513158695,2.2234206,5.0543075,4490
2263,0.001720322316190994,1.9616146,4.08636,2430
2264,0.00512132166062784,1.8324802,4.1814375,7234
2265,0.00032211796455428076,2.3957496,5.8518815,455
2266,0.0012198005558835732,2.4772325,9.374809,1723
2267,0.0120472118743301,2.8544211,8.712246,17017
2268,0.0011851109289315737,2.0495093,5.1437573,1674
2269,0.0015900592272283837,2.0780497,4.629397,2246
2270,0.0002017661975779561,2.031827,4.3588223,285
2271,0.0018541251630058491,3.1679955,10.582802,2619
2272,0.0010782102417937795,2.2862442,6.890627,1523
2273,0.0005068933244414616,2.2519042,4.9544373,716
2274,0.0023447356013269844,2.430767,6.1392727,3312
2275,0.00505902192242833,1.9048785,4.289187,7146
2276,0.0011936063477769614,1.9110594,4.1223307,1686
2277,0.0028431335069230585,3.0375597,6.9992213,4016
2278,0.002630748035788368,2.5732844,7.59576,3716
2279,0.0007398093911191723,2.2456398,5.473236,1045
2280,0.0008806917536385171,2.212636,4.723857,1244
2281,6.937925390399894e-05,2.3439395,6.8412657,98
2282,0.0007447650521123151,2.1843736,5.0228095,1052
2283,0.0009493630559720671,2.1598175,5.1931043,1341
2284,0.0007667115507962332,2.3009202,5.994931,1083
2285,0.009580000651315444,3.4043183,11.578263,13532
2286,0.0029479103393495057,2.23043,4.3528056,4164
2287,0.0015497059877127926,2.4131517,5.335661,2189
2288,0.008307811679218648,2.3918061,7.5935993,11735
2289,0.01701207623788872,2.0152326,4.930287,24030
2290,0.007262167209665521,1.9360853,4.024608,10258
2291,0.00024282738866399626,2.3188336,5.3443584,343
2292,0.0012594458438287153,1.8544847,4.2060328,1779
2293,0.0027440202870602027,2.234364,4.664621,3876
2294,0.0005925554644657868,2.1376472,5.5679564,837
2295,0.08710706917961156,2.703717,9.240169,123041
2296,0.0005352113872594203,2.1221142,5.0779076,756
2297,0.00041273576557174875,2.1389475,5.866914,583
2298,0.00022512859940277205,2.0149324,4.7264166,318
2299,0.00044813334409419723,2.33721,6.869021,633
2300,0.005463970220725141,2.5034635,6.862029,7718
2301,0.0036615255223620665,1.8211781,3.9077847,5172
2302,0.0009097177680269248,2.2408538,5.2463417,1285
2303,0.0012502424734128787,2.1906586,4.5417485,1766
2304,0.00032282591612472973,2.5639052,8.732974,456
2305,0.00027539316090464884,2.3827064,7.01221,389
2306,0.012008982489525857,2.1378212,5.6371536,16963
2307,0.0001330948952444061,2.2571092,5.03455,188
2308,0.004517438971034869,3.3707592,7.9961104,6381
2309,0.003616924573423781,2.2626834,4.8499303,5109
2310,0.0045577922105504605,1.8269928,4.0722065,6438
2311,0.0008679486253704357,2.200273,4.3191648,1226
2312,0.0005472465639570529,2.1082144,3.8526115,773
2313,0.0013167899210350818,1.9212358,4.170631,1860
2314,0.0020473959417384177,2.3309639,6.051706,2892
2315,0.0026187128590907352,2.1045952,4.378112,3699
2316,0.000499105857166523,2.1572173,5.2939644,705
2317,0.0027440202870602027,2.2188237,4.5024366,3876
2318,0.003256577224065256,2.3664694,6.590038,4600
2319,0.0004906104383211353,2.4582913,6.963974,693
2320,0.003887362073335287,2.790682,8.039196,5491
2321,0.0013514795479870813,2.2276278,4.720868,1909
2322,0.001607050064919159,2.1559181,4.64904,2270
2323,0.0012785605362308375,2.2068412,4.7236423,1806
2324,0.009849022248086052,1.9449744,4.650046,13912
2325,0.000724942408139744,2.3163042,6.0524597,1024
2326,0.01568537499486735,2.1740253,5.468621,22156
2327,0.017322159025745368,2.2072384,6.5455847,24468
2328,0.0004162755234239936,2.327785,6.7297735,588
2329,0.001539794665726507,2.242867,5.2272863,2175
2330,0.0005783964330568074,2.1916423,6.0790277,817
2331,0.0020268653461953975,1.9509752,4.0144105,2863
2332,0.011522619760627415,2.070674,5.8346887,16276
2333,0.001020866164587413,1.9033906,4.6568594,1442
2334,0.0008566214002432522,2.188159,5.9000454,1210
2335,0.00122192441059492,2.4139326,8.362263,1726
2336,0.0011376781737114927,2.0260026,5.4062786,1607
2337,0.0012077653791859406,1.8969136,5.131665,1706
2338,0.01724924001398912,2.0262995,5.0481033,24365
2339,0.003231090967529093,1.8869821,3.6242123,4564
2340,0.0017068712363524636,1.9492275,4.198665,2411
2341,0.0007433491489714172,1.9731692,4.5252337,1050
2342,0.001425106511313774,2.6192305,7.4033995,2013
2343,0.005204859945940818,2.4177682,5.66789,7352
2344,0.0022781881537047815,2.068353,4.3931656,3218
2345,0.001133430464288799,2.249465,4.548321,1601
2346,0.00041273576557174875,2.1726992,6.1912355,583
2347,0.0031971092921475428,3.5122344,10.496186,4516
2348,0.0015369628594447112,1.7604781,4.036408,2171
2349,0.0008927269303361495,2.395983,4.912248,1261
2350,0.001357851112121122,2.167112,4.7605686,1918
2351,0.0004863627288984415,2.208294,5.12847,687
2352,0.0015284674405993235,2.1273754,4.792612,2159
2353,0.0029457864846381587,3.487201,10.640676,4161
2354,0.0012403311514265932,1.9549494,4.5652914,1752
2355,0.0005748566752045626,2.2543194,5.381115,812
2356,0.0011836950257906758,2.3184142,7.0825744,1672
2357,0.002465795319873758,1.8519707,3.6882048,3483
2358,0.0007419332458305192,2.611519,7.7472515,1048
2359,0.0005536181280910936,2.1373508,4.42385,782
2360,0.0004856547773279925,2.2372494,4.9721003,686
2361,0.001470415411822508,2.0430255,4.287751,2077
2362,0.05913944238902505,3.5931113,12.73654,83536
2363,0.006490499997876146,1.8930757,4.0882335,9168
2364,0.003507192080004191,2.208352,5.7136674,4954
2365,0.003365601765914397,1.9031043,4.6933064,4754
2366,0.0005408749998230121,1.8330369,4.666687,764
2367,0.002805612073689263,2.2742698,5.188635,3963
2368,0.0008240556280025995,2.0985358,4.884077,1164
2369,0.005141144304600411,3.7558756,10.734452,7262
2370,0.0005932634160362358,2.278959,6.4183874,838
2371,0.00042193913598758537,2.3969848,6.138202,596
2372,0.0001224756216876716,2.755781,8.367765,173
2373,0.0002761011124750978,2.1895852,7.373148,390
2374,0.0015921830819397307,2.2369218,4.8930006,2249
2375,0.0025507495083276345,2.3033183,5.689597,3603
2376,8.212238217208037e-05,2.3537133,5.593968,116
2377,0.0008063568387413753,2.1372647,4.977428,1139
2378,0.0006775096529196631,1.9750724,5.056345,957
2379,0.0005295477746958286,2.0670807,5.163298,748
2380,0.00025273871065028186,2.8344455,11.34892,357
2381,0.0010598035009621062,2.2149203,4.2130833,1497
2382,0.0011794473163679819,2.2328198,6.4241886,1666
2383,0.002552873363038981,1.9242138,4.1408205,3606
2384,0.0010449365179826778,2.1923022,4.552831,1476
2385,0.057727079005979356,8.790012,22.309227,81541
2386,0.0058653787611697055,2.2003164,4.8975344,8285
2387,0.004733364200021805,2.6152189,9.775047,6686
2388,0.0007001641031740301,2.4048588,6.3306727,989
2389,0.0036091371061488424,1.8257656,3.985982,5098
2390,0.028218949598095892,3.9098897,12.703402,39860
2391,0.0003773381870493003,2.319306,5.0130415,533
2392,0.0003674268650630148,2.2151804,5.155546,519
2393,0.009896455003306133,2.9479322,8.081495,13979
2394,0.001359974966832469,2.1570907,6.620066,1921
2395,0.0027772940108713043,4.0066004,13.0858755,3923
2396,0.0014966096199291198,2.1007266,4.178031,2114
2397,0.002836053991218569,1.9832737,4.04227,4006
2398,0.0013514795479870813,2.2440352,5.0747433,1909
2399,0.001019450261446515,2.8043766,8.786716,1440
2400,0.001495193716788222,2.2069008,4.712688,2112
2401,0.0009790970219309238,2.201654,4.946306,1383
2402,0.0010293615834328005,2.1578088,5.0339646,1454
2403,0.025905363865868662,4.0260324,11.068277,36592
2404,0.0022328792531960476,2.2448912,4.693067,3154
2405,0.0020863332781131108,1.8908956,4.0379424,2947
2406,0.0004828229710461967,2.0538807,5.6750875,682
2407,0.005918475128953379,1.8984746,4.0030217,8360
2408,0.0008849394630612109,2.259836,5.373582,1250
2409,0.0027978246064143245,2.4021888,6.3510695,3952
2410,0.00221730431864617,2.351616,6.799461,3132
2411,0.001538378762585609,2.3458185,5.241018,2173
2412,0.001038564953848637,1.9769273,4.4873767,1467
2413,0.0005104330822937065,2.2332723,4.778385,721
2414,0.0014435132521454473,1.974399,3.9358544,2039
2415,0.007311723819596949,3.4817126,10.310929,10328
2416,0.00097484931250823,2.2059314,5.165036,1377
2417,0.0003313213349701174,2.265937,5.1958213,468
2418,0.00869010552726109,2.679918,7.90907,12275
2419,0.0030151657385421578,2.2474911,5.3032055,4259
2420,0.0013875850780799787,1.8639266,4.08528,1960
2421,0.0007192787955761522,2.3953748,6.4777102,1016
2422,0.05537738774365923,5.07833,12.275127,78222
2423,0.0027086227085377544,2.7849443,8.5539665,3826
2424,0.0016381999340189135,1.9356303,4.4231873,2314
2425,0.0013295330493031633,1.9701909,4.335951,1878
2426,0.0008233476764321506,2.3203259,5.3709707,1163
2427,0.0005026456150187678,2.2671604,5.6998577,710
2428,0.0003780461386197493,2.254313,5.370233,534
2429,0.0012764366815194905,3.611377,9.571445,1803
2430,0.006724831967694754,1.829529,4.0471277,9499
2431,0.0004368061189670137,2.2853303,4.65637,617
2432,0.002191110110539558,2.3039958,5.308182,3095
2433,0.00048777863203933945,2.205791,4.2185545,689
2434,0.0006902527811877445,1.962263,4.063858,975
2435,0.00026406593577746535,2.2019558,6.6285777,373
2436,0.0021365978396149874,2.2230418,4.482094,3018
2437,0.001535546956303813,2.1550753,5.4471374,2169
2438,0.0007412252942600703,2.6466317,11.349403,1047
2439,0.0033450711703713774,1.8915062,5.0337577,4725
2440,0.0012700651173854498,1.9617295,4.2765007,1794
2441,0.0008070647903118244,2.3069034,4.886277,1140
2442,0.000816268160727661,1.9424493,3.8976529,1153
2443,0.002736940771355713,1.8692529,3.8918133,3866
2444,0.0011702439459521452,2.285691,4.886558,1653
2445,0.0036296677016918627,1.8846095,4.7318587,5127
2446,0.0017153666551978511,1.7901546,4.3059444,2423
2447,0.06779556624090459,3.5423646,12.863838,95763
2448,0.0004637082786440745,2.8015034,10.168342,655
2449,0.002557829024032124,1.9204113,3.973241,3613
2450,0.0021188990503537633,2.2534893,5.324631,2993
2451,0.0013925407390731216,2.0749886,4.394399,1967
2452,0.003887362073335287,2.2501817,5.083458,5491
2453,0.002175535175989681,2.0751317,4.538924,3073
2454,0.0005606976437955832,2.223732,5.120585,792
2455,0.02224879400449974,2.2943532,6.371881,31427
2456,0.008296484454091464,1.9586172,4.2357664,11719
2457,0.0005805202877681543,1.8364211,4.2164226,820
2458,0.0007560922772394986,1.9300907,5.19332,1068
2459,0.0011914824930656144,2.0989535,3.9670913,1683
2460,0.0014350178333000596,2.2964382,5.1309776,2027
2461,0.008331882032613912,1.9080424,4.1938767,11769
2462,0.0013734260466709994,2.08188,4.7734723,1940
2463,0.005057606019287433,1.7841613,3.6398516,7144
2464,0.011775358471277697,3.419587,12.759594,16633
2465,0.0006038826895929703,2.2648475,6.273068,853
2466,0.0007136151830125605,2.2364485,6.3831563,1008
2467,0.0024332295476331054,1.8583531,4.335624,3437
2468,0.0009231688478654552,2.236637,4.4795156,1304
2469,0.006310680298982107,1.9324462,4.762553,8914
2470,0.0006591029120879898,2.240651,5.950626,931
2471,0.0037457717592454935,1.9438069,4.458799,5291
2472,0.014761498195431447,2.1508195,5.42032,20851
2473,0.0012863480035057763,2.1698182,4.597356,1817
2474,0.007708176699048372,2.976389,9.067946,10888
2475,0.0023192493447908216,2.2418435,4.6757655,3276
2476,0.0006491915901017043,1.9183842,4.5283327,917
2477,0.0002916760470249751,2.2020607,4.2815676,412
2478,0.0014605040898362225,2.4210474,5.276306,2063
2479,0.0013635147246847138,2.07627,4.238975,1926
2480,0.00020601390700064989,2.227904,4.036741,291
2481,0.0011610405755363086,1.9613422,3.631807,1640
2482,0.0027794178655826513,2.1643498,4.7673087,3926
2483,0.001607758016489608,2.1301446,4.73443,2271
2484,0.0015334231015924663,2.2414029,5.245382,2166
2485,0.0010704227745188407,2.2807722,7.327311,1512
2486,0.0010265297771510046,2.1397858,4.5105143,1450
2487,0.00017840379575314013,2.5501537,10.312152,252
2488,0.000722818553428397,2.215441,4.677442,1021
2489,0.00194969862501646,1.8646083,3.7234097,2754
2490,0.000724234456569295,2.2366612,7.144463,1023
2491,0.0025061485593893492,2.1807613,5.445885,3540
2492,0.0035192272567018236,2.0130792,4.597351,4971
2493,0.0006966243453217852,2.19787,4.263918,984
2494,0.0006711380887856224,2.3485758,4.5493736,948
2495,0.029651843576684607,2.3009567,7.625802,41884
2496,0.000203890052289303,2.0341346,6.2003922,288
2497,0.0515919706964686,3.882078,13.974984,72875
2498,0.0006364484618336228,2.2017622,4.5616207,899
2499,0.00021309342270513958,2.3597236,8.3898735,301
2500,0.0014243985597433252,2.0702674,4.7957416,2012
2501,0.0019419111577415212,2.2670105,5.961101,2743
2502,0.0013259932914509184,2.052639,4.559499,1873
2503,0.0070611089636580145,2.793844,8.763788,9974
2504,0.004505403794337237,3.7613115,11.475184,6364
2505,0.00035397578522448436,2.3762434,6.8299747,500
2506,0.0016091739196305058,2.2028074,5.5611715,2273
2507,0.004939378107022455,3.6938493,11.255011,6977
2508,0.0019992552349478877,1.9306835,5.638376,2824
2509,0.009257174735190716,1.9473052,4.1740994,13076
2510,0.0009493630559720671,1.9826574,4.9308324,1341
2511,0.0023150016353681276,1.8660897,4.11735,3270
2512,0.00012035176697632468,2.4190307,6.7072086,170
2513,0.0009408676371266794,2.139532,4.8325257,1329
2514,0.0004495492472350951,2.239157,5.0262733,635
2515,0.0001309710405330592,2.1578276,5.3597956,185
2516,0.001834302519033278,2.112232,4.1505446,2591
2517,0.0013536034026984283,2.2450237,4.756991,1912
2518,0.015560067566897883,2.6564834,6.5833945,21979
2519,0.03966227878283302,5.641551,10.101373,56024
2520,0.006011924736252642,1.9838047,4.46066,8492
2521,0.0014562563804135288,2.21368,4.6972876,2057
2522,0.000950778959112965,2.2572467,5.996496,1343
2523,0.00115325310826137,2.0452814,3.943257,1629
2524,0.00424912532583471,2.6521304,7.9456673,6002
2525,0.0007320219238442337,2.147858,4.4467187,1034
2526,0.0017458085727271569,1.9026322,4.64387,2466
2527,0.0013720101435301013,1.8895383,4.5964603,1938
2528,0.00810746138478159,2.3934343,7.0965915,11452
2529,0.002294471039825108,1.8819623,4.31675,3241
2530,0.00840267718965881,4.1061544,12.092067,11869
2531,0.004516023067893972,1.8615208,3.9286926,6379
2532,0.0005925554644657868,2.1045244,4.7444882,837
2533,0.05131657753556395,2.3238006,6.8807926,72486
2534,0.0013904168843617746,2.1987245,5.2662277,1964
2535,0.0004998138087369719,2.3355417,4.924956,706
2536,0.0009592743779583526,2.0758033,5.6619596,1355
2537,0.0009946719564808012,2.058795,4.542612,1405
2538,0.005330167373910286,1.826148,3.807202,7529
2539,0.006734035338110591,3.4323232,12.081097,9512
2540,0.0006052985927338683,2.2736003,5.048573,855
2541,0.0019525304312982559,2.3395507,5.3145614,2758
2542,0.0011369702221410438,2.6551244,7.741515,1606
2543,0.002371637761004045,1.8651614,3.5665932,3350
2544,0.0005861839003317461,2.2346432,5.025266,828
2545,0.006111745907685947,2.620038,8.7600765,8633
2546,0.0063637766667657795,2.6450882,6.7273164,8989
2547,0.0006251212367064394,2.8659322,10.695151,883
2548,0.003513563644138232,1.9806242,3.8678885,4963
2549,0.0004913183898915843,2.2776468,6.1283736,694
2550,0.0009380358308448836,2.1233625,4.456692,1325
2551,0.0019369554967483785,2.3711307,5.682892,2736
2552,0.0026102174402453477,2.7163434,8.476873,3687
2553,0.00027751701561599577,2.3531685,6.4714136,392
2554,0.0003737984291970555,2.288274,4.38872,528
2555,0.0009613982326696995,2.2352996,4.868199,1358
2556,0.0006293689461291332,2.0329218,4.3057647,889
2557,0.0015964307913624244,1.8122514,3.9176383,2255
2558,0.0045669955809662975,1.8518718,3.838094,6451
2559,0.001832178664321931,1.9571517,4.224083,2588
2560,0.00038583360589468797,2.191064,5.212818,545
2561,0.0008573293518137011,2.4248784,9.925825,1211
2562,0.00044034587681925856,2.2036352,10.151913,622
2563,0.0011497133504091252,1.8763756,3.6454175,1624
2564,0.0006697221856447244,2.5629487,5.8295927,946
2565,0.0008212238217208038,2.388636,5.4091578,1160
2566,0.0016700577546891172,1.8675306,4.021073,2359
2567,0.00039786878259232044,2.3004088,4.42368,562
2568,0.017495607160505366,2.106731,5.014883,24713
2569,0.0003327372381110153,2.310752,4.9545984,470
2570,0.0018718239522670732,1.9379827,4.273568,2644
2571,0.009719467110693892,2.0061698,4.940073,13729
2572,0.0017465165242976058,2.0205963,4.836618,2467
2573,0.0034307333103957022,1.9500405,3.7629464,4846
2574,0.00018760716616897673,2.427419,9.4476185,265
2575,0.003374097184759785,2.5017211,7.814801,4766
2576,0.0014435132521454473,1.9322243,3.7908134,2039
2577,0.0001741560863304463,2.0736978,4.591441,246
2578,0.0006831732654832549,2.2792096,4.940642,965
2579,0.014687163280534305,3.378041,11.541044,20746
2580,0.007171549408648053,2.9919724,11.299603,10130
2581,0.0005614055953660323,2.6120913,7.0146194,793
2582,0.003097288120714238,2.4380202,6.343773,4375
2583,0.0038647076230809204,2.1666918,4.73788,5459
2584,0.0010152025520238212,2.1362057,5.1264987,1434
2585,0.0019893439129616023,1.9157082,3.6497502,2810
2586,0.0010095389394602294,2.2560594,4.8455815,1426
2587,0.002152880725735314,2.2864158,5.3570356,3041
2588,0.0002081377617119968,2.072205,4.65047,294
2589,0.04073411746049276,3.7160735,12.347691,57538
2590,0.0006739698950674183,2.235452,5.3946147,952
2591,0.0005911395613248889,2.4861848,9.34163,835
2592,0.0011044044499003913,2.227877,4.6864448,1560
2593,0.001815187826631156,2.03818,4.447591,2564
2594,0.00481902634004613,1.8523259,3.8472102,6807
2595,0.0032063126625633794,2.2948718,5.150254,4529
2596,0.0011128998687457787,2.1325212,5.3904357,1572
2597,0.0006845891686241527,2.1435263,4.9515557,967
2598,0.0006845891686241527,2.0789592,4.37777,967
2599,0.0013323648555849592,2.2230313,4.732936,1882
2600,0.0013097104053305922,2.242762,4.273659,1850
2601,0.000588307755043093,2.32402,7.221453,831
2602,0.0006237053335655414,2.5177743,6.3717527,881
2603,0.000564237401647828,2.206801,6.130865,797
2604,0.0006194576241428477,2.2550647,5.7671533,875
2605,0.0009352040245630877,2.176788,4.68399,1321
2606,0.0010059991816079846,2.2068577,5.2954946,1421
2607,0.0010810420480755751,2.0033777,4.7337337,1527
2608,0.0006838812170537038,2.2506487,5.361872,966
2609,0.0012056415244745937,2.2870066,5.4228034,1703
2610,0.003772673918922554,1.9281045,3.949716,5329
2611,0.0013203296788873266,2.2274172,4.543134,1865
2612,0.0018420899863082166,2.1730673,4.088856,2602
2613,0.0005345034356889714,2.3465314,5.148786,755
2614,0.004411954187037973,1.9076897,3.8091471,6232
2615,0.006924474310561363,1.9505765,4.277239,9781
2616,0.0028594163930433848,2.8228412,7.6176386,4039
2617,0.0009337881214221898,2.2589836,4.9244947,1319
2618,0.0004162755234239936,2.1726885,4.9970994,588
2619,0.0006399882196858678,1.9707351,4.594835,904
2620,0.0003801699933310962,2.2334394,5.8281555,537
2621,0.0018810273226829099,2.241215,5.9385943,2657
2622,0.0015985546460737714,2.0057173,4.6182528,2258
2623,0.0013090024537601433,2.0773249,4.500454,1849
2624,0.0012573219891173684,2.1059651,4.3935223,1776
2625,0.002465795319873758,1.9720613,3.7296417,3483
2626,0.002134473984903641,1.9190556,4.2152457,3015
2627,0.0027751701561599573,1.9022892,4.0258846,3920
2628,0.0006874209749059486,2.0891142,4.8305464,971
2629,0.0034972807580179056,2.585801,8.050606,4940
2630,0.0009557346201061078,1.8820666,3.4239457,1350
2631,0.0009805129250718217,2.427108,6.016088,1385
2632,0.0033443632188009283,1.8832214,3.785428,4724
2633,0.0005606976437955832,2.3080418,5.3221855,792
2634,0.00039432902474007556,2.2612553,7.870564,557
2635,0.0034540957122205186,1.8853179,3.9920952,4879
2636,0.0036778084084823927,2.3940842,5.6761885,5195
2637,0.03320930021819067,2.2301974,6.397252,46909
2638,0.0016608543842732805,2.0488288,4.174945,2346
2639,0.003802407884881411,2.2720814,4.841631,5371
2640,0.0011029885467594932,2.3086205,4.810957,1558
2641,0.002843841458493507,1.9163544,3.9134355,4017
2642,0.0003716745744857086,2.2279828,5.2972116,525
2643,0.0002605261779252205,1.9377736,8.850882,368
2644,0.000678217604490112,2.2328358,5.8096933,958
2645,0.00031362254570889317,2.4585495,12.097722,443
2646,0.0005486624670979508,2.1306984,4.7904387,775
2647,0.0019107612886417665,2.302296,4.8564286,2699
2648,0.0007964455167550898,2.0522013,4.822778,1125
2649,0.0007532604709577027,2.3219233,5.904775,1064
2650,0.00036317915564032093,2.2741847,5.338003,513
2651,0.001061927355673453,2.209925,5.7268496,1500
2652,0.0001996423428666092,2.0092223,4.2649465,282
2653,0.005097959258803024,1.8610804,4.4022565,7201
2654,0.001292719567639817,2.2959318,5.5542994,1826
2655,0.000998919665903495,2.0292966,4.713636,1411
2656,0.00016282886120326282,2.2201412,5.1103935,230
2657,0.0026342877936406128,3.933354,9.956938,3721
2658,0.0008113124997345182,1.7861807,5.3804975,1146
2659,0.0004566287629395848,2.229086,5.864363,645
2660,0.00033344518968146425,2.2460816,4.619281,471
2661,0.004405582622903932,4.527497,11.688144,6223
2662,0.0009026382523224352,2.2162585,4.785429,1275
2663,0.0024126989520900856,2.303364,5.8131804,3408
2664,0.004601685207918297,1.9324061,4.9092493,6500
2665,0.0010456444695531267,2.281941,5.7281814,1477
2666,0.0017111189457751574,2.2314534,5.023235,2417
2667,0.0008729042863635784,2.217707,5.670543,1233
2668,0.00047291164905991114,2.2663345,5.010591,668
2669,0.00024778304965713903,2.6007445,10.200325,350
2670,0.0031510924400683597,1.898721,4.681656,4451
2671,0.00032282591612472973,2.1564648,6.086601,456
2672,0.00015574934549877312,2.0880802,5.846523,220
2673,0.00027256135462285294,2.3304272,3.8722517,385
2674,0.0013146660663237348,1.996866,4.329048,1857
2675,0.003961696988232429,1.9181026,4.3367934,5596
2676,0.004649825914708827,1.8567511,3.9208755,6568
2677,0.0028417176037821607,2.8490365,9.308994,4014
2678,0.0019751848815526226,2.634306,6.4102626,2790
2679,0.0006477756869608063,2.2282104,4.9822264,915
2680,8.212238217208037e-05,3.060935,9.980416,116
2681,0.0006237053335655414,2.1179526,7.074614,881
2682,0.0028587084414729356,4.246037,16.152567,4038
2683,0.00046512418178497247,2.2593098,6.3910813,657
2684,0.009227440769231859,3.2260292,8.529134,13034
2685,0.0012169687496017773,2.1564326,4.5457654,1719
2686,0.0073945541533394785,3.451616,9.810026,10445
2687,0.0008240556280025995,2.229444,4.535827,1164
2688,0.0003122066425679952,2.3786576,9.486909,441
2689,0.002467211223014656,1.9663903,3.8366604,3485
2690,0.00097484931250823,2.1917267,5.0720067,1377
2691,0.0007051197641671728,2.2725773,6.1538115,996
2692,0.0009606902810992506,2.2237036,5.4198704,1357
2693,0.00194969862501646,2.251282,4.90118,2754
2694,0.0265680065358089,2.9459429,10.538987,37528
2695,0.0003483121726608926,2.3928702,5.8222156,492
2696,0.0005302557262662776,2.0224757,6.880621,749
2697,0.00117378370380439,2.328955,5.981019,1658
2698,0.00036813481663346376,2.2164397,5.2774796,520
2699,0.0004934422446029312,2.1350064,6.870195,697
2700,0.003602057590444353,1.9347236,4.078532,5088
2701,0.00027185340305240397,2.5036788,7.379693,384
2702,0.0011192714328798195,2.022874,4.241495,1581
2703,0.002150048919453518,1.9415278,4.206335,3037
2704,0.0009861765376354135,1.9163709,3.8854723,1393
2705,0.0009125495743087207,2.1485581,4.631283,1289
2706,0.0006428200259676636,2.2583282,5.926929,908
2707,0.0004460094893828503,2.4144676,6.0725317,630
2708,0.0017535960400020954,2.3284805,4.530889,2477
2709,0.00048069911633484975,2.1063068,4.8770514,679
2710,0.00144846891313859,2.2326608,4.7745266,2046
2711,0.003310381543419378,2.8409166,8.15302,4676
2712,0.0011504213019795742,2.2105005,4.9386764,1625
2713,0.0016693498031186682,2.2468443,5.2749376,2358
2714,0.003482413775038477,1.8738141,4.347795,4919
2715,0.0008785678989271702,2.1294856,5.2941008,1241
2716,0.0019334157388961337,1.8632933,4.0841355,2731
2717,0.002241374672041435,2.2672048,5.2589707,3166
2718,0.003994262760473081,1.8795997,4.07043,5642
2719,0.002743312335489754,2.1940298,4.6246667,3875
2720,0.0015213879248948338,2.5978122,7.809879,2149
2721,0.00034972807580179057,2.3797657,11.861247,494
2722,0.0013479397901348365,2.2262957,4.550858,1904
2723,0.04607985976895292,2.2193108,6.3518977,65089
2724,0.0011858188805020226,2.0246332,4.888014,1675
2725,0.0021868624011168645,1.9591255,3.8543627,3089
2726,0.000519636452709543,2.3349946,5.085831,734
2727,0.0003886654121764838,2.4238176,6.440022,549
2728,0.0012736048752376948,1.7655566,3.7155936,1799
2729,0.0006201655757132966,2.2757804,5.2053366,876
2730,0.00406364201437708,2.682116,6.4532604,5740
2731,0.000816268160727661,2.1287892,4.7283983,1153
2732,0.001742976766445361,2.222882,4.399094,2462
2733,0.002196065771532701,1.8492161,3.9667814,3102
2734,0.003531262433399456,2.3553672,5.772095,4988
2735,0.004298681935766138,1.9337349,4.4333205,6072
2736,0.001587935372517037,2.213671,4.857976,2243
2737,0.0004920263414620332,2.336445,5.76573,695
2738,0.00043114250640342194,2.2572691,6.0137234,609
2739,0.0035624123024992106,2.5181327,7.1056523,5032
2740,0.006849431444093773,2.8212242,6.654757,9675
2741,0.005373352419707673,2.946479,9.922035,7590
2742,0.001808108310926666,2.6170828,6.9079633,2554
2743,0.0004955660993142781,2.0364456,5.5208516,700
2744,0.001225464168447165,2.0166187,4.7458243,1731
2745,0.0021330580817627426,2.4886897,6.9440713,3013
2746,0.002078545810838172,2.2415624,5.0371222,2936
2747,0.0003716745744857086,2.3629897,4.6720715,525
2748,0.0012091812823268385,2.3809543,6.8065968,1708
2749,0.0010973249341959016,1.9691803,4.226621,1550
2750,0.0002966317080181179,2.2789457,5.717949,419
2751,0.0005918475128953379,2.3282268,5.6323724,836
2752,0.0007079515704489687,2.5579896,8.335829,1000
2753,0.0030264929636693414,4.736625,13.98975,4275
2754,0.000316454351990689,2.15094,4.4596796,447
2755,0.0009946719564808012,2.3315332,5.708451,1405
2756,0.0030958722175733404,1.8673589,4.0421653,4373
2757,0.000496982002455176,2.1967177,6.9653234,702
2758,0.0009401596855562305,2.2730207,5.939777,1328
2759,0.0006527313479539492,2.5021334,11.706493,922
2760,0.0024799543512827376,1.9554548,4.3918133,3503
2761,0.0004601685207918297,1.8483719,3.7902927,650
2762,0.004639914592722541,2.8800867,8.440632,6554
2763,0.0014187349471797334,2.2224708,4.534398,2004
2764,0.00019327077873256847,2.3561077,5.741341,273
2765,0.0016233329510394853,2.29495,5.829329,2293
2766,0.0016013864523555673,2.2794738,4.2827134,2262
2767,0.002171995418137436,2.423776,5.418208,3068
2768,0.002101200261092539,2.2360096,4.8390985,2968
2769,0.014904504412662138,2.0704372,4.8796287,21053
2770,0.00021380137427558856,1.8323016,5.032385,302
2771,0.004157091621676344,1.8358088,4.0683446,5872
2772,0.0017061632847820147,2.1638343,4.9489226,2410
2773,0.0005302557262662776,2.3129835,5.492301,749
2774,0.00038795746060603484,2.2709942,6.3279686,548
2775,0.0004707877943485642,2.0752816,4.753017,665
2776,0.005859715148606114,2.983189,9.961508,8277
2777,0.0003596393977880761,2.2553692,6.514237,508
2778,0.002153588677305763,1.8139356,4.315679,3042
2779,0.00197022922055948,2.1493409,5.301438,2783
2780,0.004191073297057895,1.9577068,4.267212,5920
2781,0.005158135142291186,3.414392,12.758516,7286
2782,0.0006385723165449698,2.119332,5.5762854,902
2783,0.0017996128920812786,2.2391565,5.0563025,2542
2784,0.0005536181280910936,1.9040587,4.4222136,782
2785,0.00029521580487722,2.1866114,5.3321214,417
2786,0.003140473166511625,1.8199325,4.361821,4436
2787,0.000385125654324239,2.300245,5.4395595,544
2788,0.0024806623028531863,1.9604756,4.2168903,3504
2789,0.00027185340305240397,2.1867638,5.8489738,384
2790,0.0006314928008404801,2.216309,5.647164,892
2791,0.0051298170794732275,3.605856,11.592025,7246
2792,0.0010399808569895351,1.9438332,3.985814,1469
2793,0.0021019082126629883,1.8117242,3.6276615,2969
2794,0.020927048422471516,2.96763,10.408921,29560
2795,0.005222558735202042,1.9686614,4.1807256,7377
2796,0.0032686124007628888,2.3059824,5.516988,4617
2797,0.0041075350117449165,1.9618846,4.1489453,5802
2798,0.002628624181077021,2.7634385,8.236794,3713
2799,0.0006364484618336228,2.1690936,4.146101,899
2800,0.00023716377610040452,2.2225862,4.7037582,335
2801,0.005266451732569878,2.3654852,5.9431534,7439
2802,0.00037592228390840237,2.3469555,5.16517,531
2803,0.001987928009820704,2.9275713,10.110671,2808
2804,0.000972725457796883,2.222897,4.5748324,1374
2805,0.0011001567404776973,2.1864936,5.5158267,1554
2806,0.0021592522898693546,2.288136,5.248635,3050
2807,0.000883523559920313,2.015002,4.4345946,1248
2808,0.0004353902158261158,2.1758916,4.6775985,615
2809,0.003910016523589654,1.9127169,4.4449983,5523
2810,0.0010810420480755751,2.1920905,4.5716643,1527
2811,0.0016268727088917302,2.1726706,4.340225,2298
2812,0.013967176533387703,2.8053756,8.382063,19729
2813,0.0006704301372151734,2.2229662,6.489059,947
2814,0.000475035503771258,2.2675788,6.0496655,671
2815,0.0014987334746404668,1.9668486,4.4246216,2117
2816,0.004110366818026712,1.9277331,4.011229,5806
2817,0.001085289757498269,3.0682716,7.4056654,1533
2818,0.0004346822642556668,2.1530166,4.86811,614
2819,0.0025188916876574307,1.9431671,3.894357,3558
2820,0.002992511288287791,1.8991739,3.8404717,4227
2821,0.0019843882519684592,2.3263228,5.3841257,2803
2822,0.002239250817330088,1.8914422,3.5706003,3163
2823,0.0004821150194757477,2.2499418,4.9119925,681
2824,0.0004948581477438291,2.2566767,4.938951,699
2825,0.001427230366025121,2.159389,5.089802,2016
2826,0.0016134216290531998,2.2152786,4.3620143,2279
2827,0.001677845221964056,2.0476708,4.5589304,2370
2828,0.0012176767011722262,2.2947628,6.396551,1720
2829,0.011807924243518349,1.8824816,4.716802,16679
2830,0.0020204937820613566,1.7792425,3.537251,2854
2831,0.0008049409356004775,2.2776046,6.2793484,1137
2832,0.0004785752616235029,2.32604,5.9579062,676
2833,0.00048069911633484975,2.3099368,6.096418,679
2834,0.0011702439459521452,2.32344,5.395488,1653
2835,0.0019305839326143378,1.8717908,4.1044335,2727
2836,0.00036601096192211683,2.612252,10.229475,517
2837,0.0017259859287545858,2.1964173,4.5946307,2438
2838,0.0005302557262662776,2.0790846,5.233364,749
2839,0.003798868127029166,2.4629161,5.741186,5366
2840,0.0035199352082722723,1.8552772,4.0160184,4972
2841,0.008182504251249181,2.7977474,7.703921,11558
2842,0.0005762725783454606,2.2710466,6.6536174,814
2843,0.00020247414914840507,2.094459,5.573755,286
2844,0.00014088236251934478,2.5686681,8.220033,199
2845,0.00022796040568456792,2.280341,7.5877943,322
2846,0.00016353681277371176,3.9997818,11.001858,231
2847,0.0035716156729150472,1.9550728,4.4987035,5045
2848,0.0002286683572550169,2.160702,3.9543953,323
2849,0.003172330987181829,3.3092966,11.723801,4481
2850,0.001877487564830665,3.9068735,10.8046665,2652
2851,0.003867539429362716,2.290026,5.6622024,5463
2852,0.013664881212805994,2.682273,8.157505,19302
2853,0.0010562637431098614,2.5982208,6.6406727,1492
2854,0.0018413820347377677,1.914477,4.412635,2601
2855,0.0006895448296172956,2.2805495,5.634601,974
2856,0.002171287466566987,1.9751989,4.5933504,3067
2857,0.000746888906823662,2.1589675,5.832882,1055
2858,0.0003242418192656277,2.0881588,4.5231395,458
2859,0.0011617485271067578,2.3982897,6.7379518,1641
2860,0.0014371416880114066,2.070749,4.287954,2030
2861,0.002395000162828861,2.1465733,4.6445446,3383
2862,0.006319883669397943,1.8661938,4.1142077,8927
2863,0.0009026382523224352,2.1503994,4.970979,1275
2864,0.0014562563804135288,2.0942285,5.075612,2057
2865,0.0012282959747289606,1.9702659,4.83202,1735
2866,0.0012070574276154917,2.1943784,5.3237066,1705
2867,0.0007405173426896213,2.2066784,4.4469237,1046
2868,0.001268649214244552,1.8383772,4.0272565,1792
2869,0.0009571505232470058,3.392513,8.864515,1352
2870,0.0006081303990156642,2.1620445,4.217226,859
2871,0.0010357331475668412,2.1263914,4.580805,1463
2872,0.0003214100129838318,2.3102043,5.887402,454
2873,0.0062816542845936995,1.8995311,4.7091875,8873
2874,0.007631009977869434,2.354426,6.743192,10779
2875,0.0006314928008404801,2.2619166,5.742251,892
2876,0.0019178408043462563,1.8426493,3.758376,2709
2877,0.00664483344023402,2.2730231,5.007835,9386
2878,0.06838175014123633,2.549447,10.140798,96591
2879,0.0021316421786218447,1.9135901,3.6410604,3011
2880,0.00032919748025877045,2.0388978,6.5211987,465
2881,0.0003709666229152596,2.0406342,5.463477,524
2882,0.0020558913605838052,2.0134435,4.3306403,2904
2883,0.0010583875978212082,2.420931,5.7701197,1495
2884,0.00937044698646255,2.5024202,8.413457,13236
2885,0.002304382361811393,2.010847,4.3920794,3255
2886,0.0013479397901348365,2.236528,5.761721,1904
2887,0.0011829870742202267,2.2885232,4.8333235,1671
2888,0.0030625984937622387,1.8692632,4.1898594,4326
2889,0.0024098671458082895,2.2496226,5.136521,3404
2890,0.0006952084421808873,2.120711,4.1024184,982
2891,0.00019185487559167052,1.7560397,3.5512722,271
2892,0.0031801184544567674,2.0291796,4.1948514,4492
2893,0.004056562498672591,1.8457665,4.3489614,5730
2894,0.002130226275480947,3.4161577,9.509399,3009
2895,0.0013146660663237348,2.0401073,4.1553264,1857
2896,0.012320481180523403,1.9195521,4.235672,17403
2897,0.00028884424074317926,2.2976723,6.271811,408
2898,0.0010541398883985144,2.1238194,5.809147,1489
2899,0.0012488265702719809,2.2945848,4.633405,1764
2900,0.0007355616816964785,2.2428052,5.475187,1039
2901,0.0012346675388630014,2.2931476,5.0180936,1744
2902,0.0057138771250936264,2.2991104,5.35823,8071
2903,0.0014534245741317329,2.1552422,4.5920615,2053
2904,0.005585029939271915,3.7143252,12.202663,7889
2905,0.0014343098817296107,2.2771516,5.188107,2026
2906,0.002126686517628702,1.946647,4.3765717,3004
2907,0.0008261794827139465,2.3657799,5.1242633,1167
2908,0.00022300474469142515,2.2822373,5.005359,315
2909,0.0010682989198074937,2.046256,4.99017,1509
2910,0.0005571578859433384,2.2776477,4.8535137,787
2911,0.0012792684878012864,1.9969201,4.8367753,1807
2912,0.006141479873644804,2.360884,5.839869,8675
2913,0.0008098965965936203,2.2193565,4.486841,1144
2914,0.00031574640042024004,2.2824607,7.153458,446
2915,0.00015433344235787517,2.1452956,4.954369,218
2916,0.02250365656986137,3.6760998,13.221445,31787
2917,0.00019681053658481332,2.2049682,6.560742,278
2918,0.0002803488218977916,2.2175539,6.283471,396
2919,0.002237126962618741,1.9660757,4.449334,3160
2920,0.08269794679885538,5.2723694,11.05399,116813
2921,0.00023645582452995557,2.4846203,9.279562,334
2922,0.0008502498361092115,2.7370803,8.50064,1201
2923,0.0007624638413735393,2.3001068,5.524423,1077
2924,0.004384344075790463,3.8839269,14.377835,6193
2925,0.0004573367145100338,2.2721477,6.1015368,646
2926,0.00041981528127623844,1.9839265,3.723981,593
2927,0.002964193225469832,2.0870156,4.1988544,4187
2928,0.00016990837690775249,2.2221951,4.8853664,240
2929,0.02872230316468511,2.3035367,6.2158556,40571
2930,0.002033236910329438,2.2064404,4.8156905,2872
2931,0.013374621068921917,2.9608636,9.769851,18892
2932,0.0005741487236341136,2.1796882,5.7630405,811
2933,0.004408414429185728,1.9214906,3.9867601,6227
2934,0.0013521874995575302,2.0899441,4.315845,1910
2935,0.0016870485923798926,1.9605916,3.7679708,2383
2936,0.0008467100782569666,2.0378592,3.8420923,1196
2937,0.0004056562498672591,2.3105278,5.4703846,573
2938,0.0002513228075093839,2.3665905,6.6141562,355
2939,0.0012318357325812057,1.9760195,4.1622887,1740
2940,0.000498397905596074,2.5583098,8.226125,704
2941,0.0019419111577415212,1.895878,4.1607413,2743
2942,0.0003596393977880761,2.2213898,5.346725,508
2943,0.0008219317732912527,2.3144739,6.0662494,1161
2944,0.0007787467274938656,1.8979256,4.000238,1100
2945,0.0017698789261224217,1.9591005,3.877637,2500
2946,0.005332291228621632,1.8947723,3.914376,7532
2947,0.00493583834917021,4.2855315,15.438528,6972
2948,0.0004594605692213807,2.3190215,4.681895,649
2949,0.0037018787618776573,1.9461708,3.7261612,5229
2950,0.07553772461533452,2.6267326,9.300672,106699
2951,0.004489120908216911,2.1783278,4.6906767,6341
2952,0.006443067242656065,3.6753275,10.483215,9101
2953,0.005352113872594204,2.724167,8.06878,7560
2954,0.002723489691517183,2.0851884,4.697034,3847
2955,0.0017068712363524636,2.3241713,5.587437,2411
2956,0.12177120987507487,2.965724,11.384355,172005
2957,0.0038208146257130843,1.8577452,3.9362392,5397
2958,0.0007829944369165594,2.330563,4.8226094,1106
2959,0.0009316642667108429,1.8792763,4.0171804,1316
2960,0.003604889396726149,2.3038058,5.0792727,5092
2961,0.0011716598490930433,3.5358827,10.192895,1655
2962,0.0008318430952775382,2.182444,4.690084,1175
2963,0.002472166884007799,2.6539788,8.012389,3492
2964,0.0005033535665892167,2.0606036,4.360986,711
2965,0.0002442432918048942,2.69201,12.682628,345
2966,6.229973819950925e-05,2.3707993,5.752356,88
2967,0.006243424899789455,2.4420648,6.1595035,8819
2968,0.0069400492451112406,1.9508055,4.2714357,9803
2969,0.0005918475128953379,2.1371396,4.401762,836
2970,0.00048140706790529873,2.3107212,7.641232,680
2971,0.005540428990333629,2.5392387,7.876156,7826
2972,0.000746180955253213,2.1947372,6.047743,1054
2973,0.0005826441424795013,2.2209015,5.0388618,823
2974,0.0013543113542688772,2.299532,4.6609406,1913
2975,0.0007065356673080708,2.154622,5.335605,998
2976,0.0013904168843617746,2.253786,5.11087,1964
2977,0.001810940117208462,2.2201352,6.295034,2558
2978,0.0073421657371262545,2.5710812,7.3821487,10371
2979,0.0026314559873588167,2.2379327,4.768382,3717
2980,0.0008948507850474965,1.9233667,5.8446174,1264
2981,0.0013444000322825917,2.0004659,4.445231,1899
2982,0.004725576732746866,2.5000348,6.6044235,6675
2983,0.001335196661866755,2.1847608,4.2428966,1886
2984,0.0010959090310550036,2.0812166,5.059543,1548
2985,0.016292089490742116,2.6652737,8.270877,23013
2986,0.0010626353072439021,1.9669595,4.516494,1501
2987,0.003509315934715538,1.8720586,3.9963517,4957
2988,0.0002449512433753432,2.2467215,4.7722216,346
2989,0.00039432902474007556,2.321942,5.5414553,557
2990,0.0008906030756248027,2.2726083,5.276471,1258
2991,0.002328452715206658,2.5157979,5.7310424,3289
2992,0.0013769658045232442,1.8732094,4.4923763,1945
2993,0.0010314854381441474,2.0797262,5.0557756,1457
2994,0.0012530742796946746,2.0038395,4.63296,1770
2995,0.002626500326365674,1.8244729,3.8582952,3710
2996,0.0004169834749944426,2.2900229,5.5202065,589
2997,0.007783927517086411,3.3607523,11.328632,10995
2998,0.0005472465639570529,2.046482,5.256644,773
2999,0.00039503697631052454,1.9782252,5.538396,558
3000,0.0006994561516035811,2.024922,4.196809,988
3001,0.004566287629395848,1.8586781,3.9169855,6450
3002,0.0010307774865736985,2.195081,4.8016386,1456
3003,0.0001670765706259566,2.241357,5.9176555,236
3004,0.0049216793177612305,3.065659,9.012113,6952
3005,0.0018838591289647058,1.9108984,3.830314,2661
3006,0.0009111336711678228,2.0476031,4.249958,1287
3007,0.0015914751303692817,2.2755613,4.7631254,2248
3008,0.0013854612233686317,2.1625223,4.2873964,1957
3009,0.002171995418137436,2.3481648,5.939035,3068
3010,0.0008233476764321506,2.228732,4.96426,1163
3011,0.0013536034026984283,2.032964,4.8459415,1912
3012,0.013051795152797188,1.9190522,4.3387594,18436
3013,0.0008169761122981099,2.2295234,7.6514416,1154
3014,0.0009656459420923934,1.9459718,4.6795936,1364
3015,0.0011971461056292062,1.7320819,3.5232134,1691
3016,0.000499105857166523,2.0099745,4.5911646,705
3017,0.0015242197311766297,1.9904369,4.4554644,2153
3018,0.0014569643319839777,3.067129,11.748403,2058
3019,0.0005090171791528085,2.018868,6.5771723,719
3020,0.0019751848815526226,2.2083285,7.626811,2790
3021,0.00030654303000440347,2.3743916,9.107474,433
3022,0.0012120130886086344,2.153315,5.7272997,1712
3023,0.0016828008829571986,2.548047,7.4018965,2377
3024,0.0032183478392610117,2.6148005,7.8043666,4546
3025,0.00022300474469142515,2.4233298,7.1970267,315
3026,0.0007504286646759069,2.2471726,6.3192973,1060
3027,0.001063343258814351,2.2289422,5.1102114,1502
3028,0.001740144960163565,2.462273,5.94386,2458
3029,0.0038448849791083493,1.8549101,4.457206,5431
3030,0.0013167899210350818,2.1999254,5.217195,1860
3031,0.0007037038610262749,2.2014775,5.079285,994
3032,0.00153767081101516,1.8938495,4.6196804,2172
3033,0.0013734260466709994,2.5248353,7.035873,1940
3034,0.0011433417862750845,2.1432247,4.596182,1615
3035,0.002442432918048942,2.308632,6.5657973,3450
3036,0.0007844103400574574,2.2976422,5.389495,1108
3037,0.0020927048422471517,1.9904919,4.125768,2956
3038,0.0013472318385643876,1.7799672,4.0751767,1903
3039,0.0004007005888741163,2.0601032,4.9559484,566
3040,0.0009592743779583526,1.9418347,4.183456,1355
3041,0.00024353534023444524,2.312929,5.643028,344
3042,0.0004205232328466874,2.2598164,3.9730499,594
3043,0.0012941354707807148,1.8787426,4.243831,1828
3044,0.003948245908393899,1.9818047,4.4938145,5577
3045,0.01571440100925576,4.839368,13.369394,22197
3046,0.0015284674405993235,2.7267153,8.76799,2159
3047,0.00013451079838530406,2.4842498,10.929593,190
3048,0.0001040688808559984,2.592862,7.1271477,147
3049,0.004061518159665734,2.7586188,8.247951,5737
3050,0.001954654286009603,1.9263718,4.419366,2761
3051,0.005223266686772491,1.869494,3.7336311,7378
3052,0.006557047445498348,2.6708646,8.516542,9262
3053,0.005569455004722037,1.9371464,4.6264706,7867
3054,0.001810232165638013,1.9374058,3.8948288,2557
3055,0.0011744916553748392,2.0672424,5.1057043,1659
3056,0.0007568002288099475,1.9307243,4.162391,1069
3057,0.001109360110893534,2.174159,5.6006846,1567
3058,0.002964193225469832,1.9064764,4.2929153,4187
3059,0.0015730683895376085,1.9227335,4.5119543,2222
3060,0.0023964160659697593,2.2915761,5.8167505,3385
3061,0.002691631870846979,3.4133806,13.115213,3802
3062,0.002111111583078825,2.0587487,3.9105644,2982
3063,0.0009769731672195768,2.2008142,4.663673,1380
3064,0.0021365978396149874,1.827709,3.7909625,3018
3065,0.001378381707664142,2.2828653,4.6292434,1947
3066,0.0003008794174408117,2.1487076,7.287055,425
3067,0.001038564953848637,2.1256313,6.9427295,1467
3068,0.031037304800053237,3.572219,12.153399,43841
3069,0.002288099475691067,2.1419816,4.5691986,3232
3070,0.0005153887432868493,2.282928,7.035681,728
3071,0.017798610432657524,4.0764003,11.417281,25141
3072,0.001446345058427243,2.026888,4.070915,2043
3073,0.003558872544646966,2.8201132,9.047424,5027
3074,0.0028849026495795477,1.9899832,4.3233275,4075
3075,0.0015121845544789972,2.2090793,4.3904176,2136
3076,0.0010357331475668412,2.2092981,4.699578,1463
3077,0.006496163610439737,2.010191,4.3443737,9176
3078,0.0007737910665007228,2.004442,4.6459436,1093
3079,0.0013861691749390808,2.138114,4.7245364,1958
3080,0.0010222820677283108,2.1521451,4.5938935,1444
3081,5.946793191771337e-05,2.075785,3.3968813,84
3082,0.00045521285979868687,2.1565113,5.4719505,643
3083,0.004964156411988168,1.9081035,3.7921062,7012
3084,0.000519636452709543,2.043801,6.6134715,734
3085,0.0012537822312651235,1.9110332,3.5258548,1771
3086,0.0005068933244414616,2.2541761,5.5592904,716
3087,2.2654450254367e-05,2.162553,3.5427015,32
3088,0.0015072288934858545,2.271341,4.499852,2129
3089,0.00228597562097972,1.9834068,4.338202,3229
3090,0.0002966317080181179,2.301337,4.6596885,419
3091,0.0017245700256136877,2.2282758,4.3776402,2436
3092,0.003097288120714238,2.1973712,4.4603324,4375
3093,0.0036070132514374954,2.4117563,5.9792113,5095
3094,0.0005946793191771337,2.2327905,4.7863426,840
3095,0.0006626426699402348,2.1157508,5.2339463,936
3096,0.010399100618324901,3.759452,11.7553835,14689
3097,0.0012728969236672457,2.2958994,4.948521,1798
3098,0.0017592596525656872,2.1710637,4.486603,2485
3099,0.0015928910335101796,2.284032,5.4740486,2250
3100,0.0007532604709577027,2.24831,4.9441733,1064
3101,0.02534537417364353,3.1189606,9.615708,35801
3102,0.0010930772247732077,2.0270367,5.104274,1544
3103,0.00027893291875689366,1.9875033,5.226585,394
3104,0.0005635294500773791,2.153664,6.5930357,796
3105,0.0029075570998339144,1.9970042,4.1781015,4107
3106,0.0007752069696416208,2.0982354,4.2630258,1095
3107,0.01098386861551575,3.6263533,11.564809,15515
3108,0.0021231467597764573,1.9118707,4.039641,2999
3109,0.002517475784516533,1.8072679,3.3139858,3556
3110,0.004733364200021805,1.9718788,4.3256135,6686
3111,0.0006930845874695404,2.0884063,5.1871543,979
3112,0.00027256135462285294,1.8715621,3.501611,385
3113,0.0011865268320724715,3.1374364,9.851571,1676
3114,0.0004233550391284833,2.103283,4.5970297,598
3115,0.0017769584418269116,2.2614627,5.5182347,2510
3116,0.002222967931209762,2.6157887,7.929818,3140
3117,0.0014364337364409575,2.2170658,4.6144958,2029
3118,0.00043114250640342194,2.2362034,5.532125,609
3119,0.010360163281950208,2.0129676,4.557316,14634
3120,0.0014364337364409575,2.3472013,7.111567,2029
3121,0.008369403465847709,1.8056839,3.873487,11822
3122,0.0003801699933310962,2.1774457,4.9284554,537
3123,0.0008226397248617017,2.2390988,7.149262,1162
3124,0.019327077873256847,2.833281,8.118289,27300
3125,0.0013684703856778565,2.0001557,4.6719627,1933
3126,0.005260788120006287,4.1487083,13.011865,7431
3127,0.0015022732324927116,2.3651085,5.944331,2122
3128,0.0012077653791859406,2.251673,4.7080445,1706
3129,0.0011702439459521452,1.8010485,4.265519,1653
3130,0.003931963022273572,3.3760455,9.804235,5554
3131,0.005898652484980807,2.4423404,7.341797,8332
3132,6.300768976995822e-05,2.5801294,6.271299,89
3133,0.0008396305625524769,2.2139325,4.766416,1186
3134,0.0029096809545452614,1.8693265,3.6835303,4110
3135,0.0002874283376022813,2.1978257,7.3791127,406
3136,0.0003263656739769746,2.190754,5.0394244,461
3137,0.0003454803663790967,2.2720964,7.280277,488
3138,0.0009260006541472511,2.3539867,5.42509,1308
3139,0.0019058056276486238,1.8562677,3.822093,2692
3140,0.0029578216613357915,2.0579524,6.982986,4178
3141,0.0030087941744081173,1.9750911,3.717678,4250
3142,0.00038583360589468797,2.2268963,5.0308642,545
3143,0.003641702878389495,4.1024594,12.103347,5144
3144,0.00097484931250823,2.2611442,5.313686,1377
3145,0.003209144468845175,1.9326978,4.754027,4533
3146,0.0012290039262994098,1.9182024,3.993474,1736
3147,0.0020962446000993965,2.214795,5.9861283,2961
3148,0.0017797902481087075,1.8490285,4.136093,2514
3149,0.0005451227092457059,2.2498534,4.6788673,770
3150,0.0006357405102631739,2.260206,5.249838,898
3151,0.0010937851763436566,2.19277,4.7033534,1545
3152,0.007129072314421115,2.8421452,8.663437,10070
3153,0.0013996202547776112,2.3026679,5.269594,1977
3154,0.002671101275303959,2.174306,4.719507,3773
3155,0.0012587378922582664,1.8773738,4.0308905,1778
3156,0.0005274239199844817,2.5891733,6.5076656,745
3157,0.0030682621063258305,2.621238,6.9211454,4334
3158,0.00015574934549877312,2.445547,6.41722,220
3159,0.00237517751885629,2.2639923,6.5607414,3355
3160,0.004339035175281729,2.3492744,6.440273,6129
3161,0.0016707657062595663,1.9308535,3.7380338,2360
3162,0.0015242197311766297,2.3513758,5.1916175,2153
3163,0.018902306930987465,2.21149,5.3455043,26700
3164,0.002314293683797679,2.4660695,7.103394,3269
3165,0.003687719730468678,1.9178798,3.9561732,5209
3166,0.0013097104053305922,2.1811848,4.950714,1850
3167,0.001134138415859248,2.202465,5.420044,1602
3168,0.0009762652156491279,2.172302,4.711286,1379
3169,0.003619048428135128,2.2505965,5.9396763,5112
3170,0.0042852308559276076,1.8686776,3.9868891,6053
3171,0.0012190926043131242,1.8417991,3.4897356,1722
3172,0.004506111745907686,3.8925805,13.645749,6365
3173,0.0016339522245962198,2.008858,4.093521,2308
3174,0.011790225454257125,2.0546849,4.427919,16654
3175,0.0004099039592899529,2.5088563,6.2530627,579
3176,0.0011730757522339411,2.2152798,4.601994,1657
3177,0.010101760958736335,2.4318037,7.8384933,14269
3178,0.010669538118236408,2.057534,4.883371,15071
3179,0.003083129089305259,2.1953557,4.857936,4355
3180,0.001199977911911002,1.9457273,4.3989544,1695
3181,0.0008297192405661913,2.0949621,4.2277665,1172
3182,0.0006725539919265203,2.2656689,8.011147,950
3183,0.0009493630559720671,1.9485884,3.6412425,1341
3184,0.002964193225469832,2.6370132,7.211015,4187
3185,0.0009401596855562305,2.30311,4.640747,1328
3186,0.0007518445678168047,2.3686075,8.084976,1062
3187,0.0009578584748174547,1.8874284,5.016622,1353
3188,0.0013613908699733669,2.235189,4.8354473,1923
3189,0.0010541398883985144,2.2084205,4.473733,1489
3190,0.0009918401501990053,2.2395985,5.3241835,1401
3191,0.0012282959747289606,1.8803494,4.919401,1735
3192,0.0017309415897477285,2.1666138,4.135169,2445
3193,0.0007575081803803965,2.0861952,4.0925736,1070
3194,0.006760937497787651,2.667061,7.9260287,9550
3195,0.001154669011402268,2.053443,4.3194427,1631
3196,0.000814144306016314,2.2585366,4.3685565,1150
3197,0.0008474180298274156,2.371594,5.626015,1197
3198,0.0017535960400020954,2.2318792,5.3011026,2477
3199,0.00201836992735001,1.9460081,4.1449513,2851
3200,0.0034548036637909673,1.8828264,3.761627,4880
3201,0.011911993124374349,2.7053294,9.131756,16826
3202,0.0008042329840300285,2.245981,4.834362,1136
3203,0.0016318283698848728,1.9707224,4.3723483,2305
3204,0.0009670618452332913,2.277224,4.899896,1366
3205,0.002903309390411221,1.9184089,3.893065,4101
3206,0.062088060679945004,4.14298,14.1217375,87701
3207,0.004342574933133974,1.7965444,3.735116,6134
3208,0.0009316642667108429,2.3614433,7.7092476,1316
3209,0.0020558913605838052,2.172502,4.2898655,2904
3210,0.0010746704839415344,2.4133303,6.109071,1518
3211,0.002849505071057099,1.9896709,4.475957,4025
3212,0.009291864362142714,2.581395,7.728154,13125
3213,0.0005684851110705219,2.3092434,4.838876,803
3214,0.006227142013669129,1.99028,5.0466857,8796
3215,0.0009196290900132104,2.269534,5.530989,1299
3216,0.0023461515044678823,2.9108844,7.2321386,3314
3217,0.0020169540242091118,2.2496634,5.6099653,2849
3218,0.0007051197641671728,2.0023365,4.5336733,996
3219,0.0005493704186683997,2.029976,5.827631,776
3220,0.008357368289150076,2.0871835,5.626066,11805
3221,0.0023157095869385767,2.5569253,7.362565,3271
3222,0.0009868844892058624,2.1298773,6.0970516,1394
3223,0.00117378370380439,2.0015044,4.117574,1658
3224,0.0025719880554411034,2.2309613,4.7231827,3633
3225,0.000907593913315578,2.121394,5.083236,1282
3226,0.0047489391345716826,2.1861837,4.6872725,6708
3227,0.0004417617799601565,2.440321,9.262188,624
3228,0.005575118617285628,4.5716696,12.904726,7875
3229,0.00571175327038228,1.9236687,3.8534944,8068
3230,0.00015008573293518138,2.2048583,6.917281,212
3231,0.00048140706790529873,2.1551552,4.617408,680
3232,0.0051425602077413085,2.240801,4.8329525,7264
3233,0.00012176767011722262,2.2391927,6.555251,172
3234,0.0011865268320724715,2.090672,5.0477004,1676
3235,0.0003022953205817096,2.0370438,7.738007,427
3236,0.0004247709422693812,2.2383037,4.5929117,600
3237,0.002285267669409271,2.019746,5.2746387,3228
3238,0.0007568002288099475,2.3443503,5.6702137,1069
3239,0.0004941501961733802,2.7762566,8.104612,698
3240,0.0002732693061933019,2.2344306,5.901066,386
3241,0.0011638723818181045,4.226769,15.825575,1644
3242,0.0016247488541803832,1.8659226,3.6775727,2295
3243,0.000475743455341707,2.160305,4.5130086,672
3244,0.0005989270285998276,2.148585,5.668347,846
3245,0.001134138415859248,2.0303311,4.202288,1602
3246,0.0016665179968368723,2.6029055,7.4896092,2354
3247,0.0009026382523224352,1.8439281,3.37742,1275
3248,0.0023348242793406987,2.4438503,6.7217274,3298
3249,0.00042689479698072814,2.3088706,5.9334316,603
3250,0.0003638871072107699,2.264738,5.5895095,514
3251,0.0038859461701943893,1.981805,4.13628,5489
3252,0.007136859781696054,2.745284,8.244186,10081
3253,0.002222967931209762,1.9178888,4.4434657,3140
3254,0.0008891871724839047,2.1041486,6.3221245,1256
3255,0.0003922051700287287,2.2941847,6.771787,554
3256,0.0014824505885201406,2.2103674,4.1134114,2094
3257,0.0023503992138905762,1.8566426,3.9873595,3320
3258,0.001018742309876066,2.134981,4.2546854,1439
3259,0.0005083092275823595,2.0373962,4.6262765,718
3260,0.0006994561516035811,2.1490393,4.6379914,988
3261,0.0013543113542688772,2.336591,5.283394,1913
3262,0.0007907819041914981,1.8837336,3.3395283,1117
3263,0.0031093232974118705,1.9607838,3.8628151,4392
3264,0.0007603399866621924,1.900311,5.219079,1074
3265,0.0024084512426673916,1.9638578,4.4179306,3402
3266,0.0011136078203162279,2.3066022,4.9539967,1573
3267,0.004710709749767438,2.3516383,5.881216,6654
3268,0.0012693571658150009,2.2824888,4.7976375,1793
3269,0.0012920116160693679,2.1418316,4.6045427,1825
3270,0.0003964528794514225,2.3538926,5.0037756,560
3271,0.0006973322968922342,1.8882365,3.977652,985
3272,0.043861139547165855,3.7588959,14.313995,61955
3273,0.0013493556932757343,1.9090179,4.349497,1906
3274,0.0010003355690443928,2.0687308,4.584861,1413
3275,0.0012622776501105112,2.3130128,5.051747,1783
3276,0.0017366052023113203,2.1502726,4.6147127,2453
3277,0.00039432902474007556,2.436779,7.328902,557
3278,0.0001833594567462829,2.4439569,6.179925,259
3279,0.0008106045481640692,2.3341694,7.6765614,1145
3280,0.0003773381870493003,2.2502422,5.0041075,533
3281,0.0015730683895376085,2.1907604,5.164151,2222
3282,0.0008254715311434975,2.1701355,4.8545337,1166
3283,0.0003553916883653823,2.1381116,5.7665052,502
3284,0.0006166258178610518,2.0232725,4.482752,871
3285,0.007737910665007228,2.3243318,5.0982504,10930
3286,0.002847381216345752,3.0781407,9.813416,4022
3287,0.004638498689581643,1.9046118,4.4359794,6552
3288,5.1680464642774715e-05,2.3950984,7.977947,73
3289,0.0036148007187124342,2.2097714,5.131831,5106
3290,0.0038399293181152062,1.9055581,4.69439,5424
3291,0.0013514795479870813,2.0045004,4.5396814,1909
3292,0.000881399705208966,2.0986626,4.804145,1245
3293,0.001132014561147901,2.2146263,5.7977147,1599
3294,0.0011277668517252072,2.104668,4.97022,1593
3295,0.003033572479373831,2.244661,5.600856,4285
3296,0.0014116554314752437,2.2861586,6.198641,1994
3297,0.02232596072567868,2.9245703,7.7671647,31536
3298,0.0016856326892389945,1.905498,4.421363,2381
3299,0.002510396268812043,1.8661739,4.302876,3546
3300,0.00534078664746702,2.3008049,6.221134,7544
3301,0.0005557419828024405,2.1370687,5.118088,785
3302,0.0014364337364409575,2.19373,5.3866215,2029
3303,0.002124562662917355,1.8746445,3.5310488,3001
3304,0.0008346749015593341,2.7095938,7.6374855,1179
3305,0.0018718239522670732,2.2106872,4.8937597,2644
3306,0.003191445679583951,1.8593061,3.7054975,4508
3307,0.00045167310194644205,2.1498423,4.754778,638
3308,0.0018052765046448704,2.2081144,4.838161,2550
3309,0.0009628141358105975,2.1393857,4.542921,1360
3310,0.0013472318385643876,1.9578779,4.832365,1903
3311,0.0031730389387522777,2.2600687,5.4369726,4482
3312,0.0004665400849258704,2.2920794,5.5103974,659
3313,0.0858108098541195,3.1908398,11.277012,121210
3314,0.004845928499723191,2.5726397,7.3860817,6845
3315,0.0037719659673521055,2.231528,4.5880284,5328
3316,0.06680089428442379,2.8956404,12.498018,94358
3317,0.00020459800385975196,2.3511534,5.4898486,289
3318,0.0014767869759565488,2.114921,5.881898,2086
3319,0.0005861839003317461,2.0408316,4.2185197,828
3320,0.004348946497268015,2.2615016,4.9700866,6143
3321,0.007913482654478573,4.2996264,13.548932,11178
3322,5.734407720636647e-05,3.049567,11.719232,81
3323,0.0031291459413844416,2.1529596,4.681533,4420
3324,0.00032990543182921943,2.4117205,7.8836327,466
3325,0.005145392014023105,2.4897928,6.5640874,7268
3326,0.0007398093911191723,2.231203,5.0179343,1045
3327,0.003959573133521082,1.8551776,3.9867444,5593
3328,0.0001670765706259566,2.3966837,6.777916,236
3329,0.0016261647573212812,2.6452246,7.137107,2297
3330,0.002290931281972863,2.208544,5.0451117,3236
3331,0.0014003282063480601,2.221796,5.3982472,1978
3332,0.0016856326892389945,2.225379,4.809391,2381
3333,0.005156719239150288,1.839218,3.5672307,7284
3334,0.005071765050696412,1.8979884,4.3418326,7164
3335,0.000521052355850441,2.3301897,5.484056,736
3336,0.0003093748362861993,2.153311,4.2456694,437
3337,0.001355727257409775,2.2034945,5.0628023,1915
3338,0.011418550879771417,2.7501595,8.690438,16129
3339,0.0006704301372151734,2.360097,9.517773,947
3340,0.008404801044370157,2.7960136,8.564984,11872
3341,0.0008998064460406393,2.248584,5.104596,1271
3342,0.01710127813576529,2.687225,9.997073,24156
3343,0.001380505562375489,1.8803964,4.607689,1950
3344,0.0015709445348262615,2.2562997,6.2936163,2219
3345,0.0006654744762220306,2.139721,4.0719013,940
3346,0.0012070574276154917,2.2778978,5.4018292,1705
3347,0.00038441770275379,2.0049696,4.2183766,543
3348,0.0009012223491815372,2.2812371,5.139121,1273
3349,0.00029096809545452613,2.315035,5.776082,411
3350,0.0020204937820613566,2.1102605,4.9606385,2854
3351,0.005672107982437138,2.577239,8.236555,8012
3352,0.005166630561136574,2.9359565,7.9314704,7298
3353,0.002666145614310816,1.860721,4.131157,3766
3354,0.0006272450914177863,2.1425571,4.1798897,886
3355,0.0018619126302807877,2.3271866,5.6186996,2630
3356,0.00131112630847149,2.0884287,4.425713,1852
3357,0.0016537748685687909,2.3212378,5.549243,2336
3358,0.006445191097367411,1.9567066,4.119289,9104
3359,0.0007447650521123151,2.3600807,5.4977264,1052
3360,0.009389561678864672,2.0681608,4.99101,13263
3361,0.0034314412619661514,1.8139867,4.101801,4847
3362,0.0015199720217539358,2.3051276,5.8730645,2147
3363,0.012859940277205517,4.5006437,15.33676,18165
3364,0.00038654155746513694,2.1715343,5.684248,546
3365,0.0008042329840300285,2.265269,4.9957256,1136
3366,9.698936515150871e-05,2.340692,5.3808393,137
3367,0.0006222894304246436,2.2944555,7.150472,879
3368,0.0006060065443043172,2.1631835,6.081294,856
3369,0.0014562563804135288,2.62818,7.756731,2057
3370,0.0005734407720636647,2.2890606,4.8216157,810
3371,0.0002803488218977916,2.1422524,4.952507,396
3372,0.0014180269956092844,2.0542915,4.0512624,2003
3373,0.0008537895939614563,2.796468,8.321321,1206
3374,0.002421194370935473,2.6456509,6.8794465,3420
3375,0.002222967931209762,2.0859606,4.431564,3140
3376,0.0006732619434969692,2.1609764,4.733458,951
3377,9.98211714333046e-05,1.7743849,4.4479504,141
3378,0.0008091886450231712,2.246588,5.3706064,1143
3379,0.0006137940115792559,3.0123372,9.778804,867
3380,0.0007603399866621924,2.2622237,5.5769672,1074
3381,0.00795666770027596,1.9148753,4.726602,11239
3382,0.0010782102417937795,2.1508012,4.5830507,1523
3383,0.0004438856346715034,2.2157133,4.6910887,627
3384,0.00244384882118984,2.007156,4.224904,3452
3385,0.0005245921137026859,1.9942682,4.324858,741
3386,0.0004785752616235029,2.206401,4.2235837,676
3387,0.0015702365832558126,2.242098,4.7301345,2218
3388,0.00039432902474007556,2.3042397,4.8106728,557
3389,0.0034300253588252535,2.2264905,5.8404117,4845
3390,0.0012693571658150009,1.9447982,4.148266,1793
3391,0.0005189285011390941,2.480673,6.970243,733
3392,0.00484663645129364,3.5811884,11.463578,6846
3393,0.00027256135462285294,7.3104568,12.61043,385
3394,0.10179989607270946,2.8218546,9.33263,143795
3395,0.002712870417960448,2.2634392,5.7161384,3832
3396,1.9114692402122156e-05,3.1924355,7.1782365,27
3397,0.02299214315347116,2.2352517,6.6929264,32477
3398,0.0037217014058502284,1.9835901,4.4406786,5257
3399,0.001675721367252709,2.2047064,5.195096,2367
3400,0.0006640585730811327,2.017896,5.8818293,938
3401,9.769731672195768e-05,2.4865909,7.7799683,138
3402,0.005013713021919597,1.9034488,4.0064783,7082
3403,0.0013875850780799787,1.9579731,3.9379756,1960
3404,0.0007143231345830094,2.076417,4.924776,1009
3405,0.0009543187169652099,2.0454457,4.4266443,1348
3406,0.017001456964331984,1.9512904,4.7458267,24015
3407,0.001721030267761443,2.2286003,4.6747165,2431
3408,0.00030866688471575034,2.203569,6.737771,436
3409,0.0018647444365625836,1.881739,4.1702805,2634
3410,0.0010980328857663505,2.2624893,4.621999,1551
3411,0.0007978614198959877,2.2661974,5.0702753,1127
3412,0.009936808242821725,2.8376606,8.813809,14036
3413,0.0011603326239658597,2.1512446,4.618239,1639
3414,0.015724312331242045,2.0763228,5.468758,22211
3415,0.0005557419828024405,2.2289245,5.3160243,785
3416,0.06775450504981856,3.401148,10.862137,95705
3417,0.0003674268650630148,2.3491237,8.80449,519
3418,0.0013620988215438158,2.232247,5.534537,1924
3419,0.007360572477957928,1.999745,4.19135,10397
3420,0.0020424402807452747,1.9616818,4.178767,2885
3421,0.0014513007194203859,2.1078265,3.8924685,2050
3422,0.001312542211612388,2.2295861,6.161011,1854
3423,0.0017118268973456063,2.0881941,5.0818295,2418
3424,0.0011390940768523908,2.2348413,4.540135,1609
3425,0.0011482974472682272,2.2563121,5.5411305,1622
3426,0.003924883506569082,3.2641687,11.826582,5544
3427,0.001991467767672949,1.9303349,3.7424178,2813
3428,0.002145801210030824,2.2465832,4.9845166,3031
3429,0.001968105365848133,2.4100194,7.196886,2780
3430,0.005775468911722687,1.8708776,3.776521,8158
3431,0.002476414593430493,4.0817723,12.029579,3498
3432,0.0008686565769408846,2.1356452,4.76252,1227
3433,0.004759558408128417,2.4162254,6.4359713,6723
3434,0.0007872421463392533,1.8290943,5.820083,1112
3435,0.00030725098157485245,2.2272077,5.8117104,434
3436,0.003326664429539704,3.6782656,9.276534,4699
3437,4.247709422693812e-06,1.6907796,2.296341,6
3438,0.0007837023884870083,2.2497623,5.8307433,1107
3439,0.0011794473163679819,2.1811001,5.6586876,1666
3440,0.0005507863218092977,2.155155,4.7067323,778
3441,0.0004134437171421977,1.7854359,4.4887395,584
3442,0.002605261779252205,3.0037658,9.056707,3680
3443,0.0014328939785887126,2.1287007,4.3077774,2024
3444,0.0014824505885201406,2.1404676,4.522719,2094
3445,0.0005649453532182771,2.1981773,7.77759,798
3446,0.0022576575581617613,2.1612206,4.307495,3189
3447,0.0011482974472682272,2.2034528,4.606996,1622
3448,0.0847467586437347,2.7195754,11.478732,119707
3449,0.0018930624993805424,1.9392767,4.1487665,2674
3450,0.0022534098487390674,2.2231545,4.351979,3183
3451,0.0011815711710793288,1.8621091,3.5973067,1669
3452,0.0006463597838199085,2.0590613,5.1066623,913
3453,0.002264737073866251,2.0874255,5.738126,3199
3454,0.000749012761535009,2.1568272,4.8693714,1058
3455,0.00011256429970138602,1.9332823,3.5951157,159
3456,0.010127247215272498,2.1472223,5.998904,14305
3457,0.0034576354700727634,2.3200808,5.890387,4884
3458,0.001083873854357371,2.2246394,4.80484,1531
3459,0.006767309061921692,2.488463,6.116403,9559
3460,0.00024211943709354731,2.3259664,8.271414,342
3461,0.00029096809545452613,2.3052673,4.814149,411
3462,0.0007815785337756615,2.2528563,4.4473066,1104
3463,0.0008417544172638239,2.1258645,4.817141,1189
3464,0.0004863627288984415,2.1612663,4.9671683,687
3465,0.00036317915564032093,2.4244552,5.648575,513
3466,0.0006286609945586842,2.2280853,5.197574,888
3467,0.02106226717242727,2.1302881,5.1427817,29751
3468,0.0018201434876242986,3.5636227,10.695103,2571
3469,0.008602319532525418,3.0097313,8.57806,12151
3470,0.0009132575258791696,2.2448237,4.5695605,1290
3471,0.006754565933653611,2.3102806,6.1545634,9541
3472,0.0006760937497787651,2.3418753,6.24456,955
3473,0.0013720101435301013,1.8491728,3.8836567,1938
3474,0.0017316495413181776,2.155229,4.4587092,2446
3475,0.0005125569370050534,2.2989209,6.210553,724
3476,0.0009182131868723124,2.1725745,4.612994,1297
3477,0.02201446203468113,5.135706,14.331649,31096
3478,0.0035171034019904767,1.9200642,4.183434,4968
3479,0.0008091886450231712,2.2567747,4.7009306,1143
3480,0.0016233329510394853,2.1421943,4.1913486,2293
3481,0.00021380137427558856,2.1217887,6.7775555,302
3482,0.0004955660993142781,2.1310513,4.6983852,700
3483,0.0014569643319839777,2.2673767,4.8128195,2058
3484,0.0005337954841185224,2.3603835,7.868868,754
3485,0.0001224756216876716,2.0805075,6.084046,173
3486,0.0008693645285113336,2.093805,5.284925,1228
3487,0.0011851109289315737,2.2146072,5.3617754,1674
3488,0.004467882361103442,2.542671,5.7649736,6311
3489,0.0021550045804466606,2.2388842,5.038974,3044
3490,0.0017302336381772795,2.231,5.208604,2444
3491,0.0015015652809222627,1.8715852,5.0985193,2121
3492,0.0008190999670094568,2.173262,5.024072,1157
3493,0.00167501341568226,2.3653483,5.3212156,2366
3494,0.0021160672440719676,2.012228,4.3687057,2989
3495,0.000996795811192148,2.1868675,5.544054,1408
3496,0.00011610405755363087,2.2707996,6.853797,164
3497,0.0017097030426342595,2.0555308,4.4972167,2415
3498,0.0026590660986063265,2.328439,6.541395,3756
3499,0.0016651020936959745,2.2547905,4.7386527,2352
3500,0.0125272030390945,3.2941086,13.428856,17695
3501,0.002442432918048942,2.0928388,3.8636055,3450
3502,0.00038300179961289207,2.1344304,4.180674,541
3503,0.0003702586713448106,2.273852,5.381164,523
3504,0.00022583655097322102,2.2912698,6.3884945,319
3505,2.831806281795875e-06,2.0065918,2.3380313,4
3506,0.0013401523228598977,2.692161,7.812676,1893
3507,0.034980595047453995,2.4671156,8.282108,49411
3508,0.0021380137427558857,4.160322,11.2752495,3020
3509,0.0014562563804135288,2.2408326,6.259953,2057
3510,0.002122438808206008,1.8738736,3.9045255,2998
3511,0.0009783890703604747,1.9352623,5.28731,1382
3512,0.002369513906292698,2.0268226,4.052778,3347
3513,0.006759521594646754,2.9179237,9.918954,9548
3514,0.007738618616577677,1.9354987,4.251026,10931
3515,0.08107107408996365,5.954677,16.06725,114515
3516,0.0005267159684140327,2.2317011,4.2803755,744
3517,0.0015801479052420981,3.242468,11.143879,2232
3518,0.0010732545808006366,2.3586936,6.2839503,1516
3519,0.00635669715106129,4.205988,12.137008,8979
3520,0.0003808779449015452,2.2814202,5.0726457,538
3521,0.0802838319436244,2.9540772,9.802736,113403
3522,0.0031560481010615028,3.4799688,12.510869,4458
3523,0.0005012297118778699,2.378366,10.181415,708
3524,0.0011419258831341865,2.1802623,4.937853,1613
3525,0.007088011123335075,2.2980561,5.306987,10012
3526,0.009361951567617162,1.9691689,4.2245064,13224
3527,0.00016990837690775249,2.470916,5.573659,240
3528,0.00015433344235787517,2.3869627,5.4107003,218
3529,0.0002584023232138736,2.2138343,4.446721,365
3530,0.0014881142010837324,2.173643,4.443956,2102
3531,0.009611858471985648,1.869119,3.757174,13577
3532,0.01241109898154087,2.0645344,5.5130253,17531
3533,0.0018144798750607068,2.02797,4.234238,2563
3534,0.00021309342270513958,2.2406397,6.1547356,301
3535,0.002053059554302009,1.9164692,5.0350285,2900
3536,0.001672889560970913,2.2320738,4.952061,2363
3537,0.0009139654774496187,2.3302336,4.7377524,1291
3538,0.00026831364520015915,2.292692,7.6238914,379
3539,0.001717490509909198,1.9794123,4.410288,2426
3540,0.0003964528794514225,2.3363268,5.1724806,560
3541,0.00013734260466709993,2.286694,4.9105706,194
3542,0.0048048673086371506,1.8667042,3.9056435,6787
3543,0.0009486551044016181,2.4116971,6.8162436,1340
3544,0.0006279530429882353,2.2437532,5.4141874,887
3545,0.0024558839978874726,2.1907525,5.262096,3469
3546,0.003055518978057749,1.8677332,3.7243633,4316
3547,0.002959945516047138,1.9209539,3.5910914,4181
3548,0.0012799764393717356,2.3597612,6.160279,1808
3549,0.00034760422109044364,2.029965,4.6081715,491
3550,0.0014293542207364678,2.0433135,4.3199663,2019
3551,0.00010052912300375356,2.3338804,5.019226,142
3552,0.0008502498361092115,2.149228,5.256661,1201
3553,0.00032565772240652563,2.1299875,6.167872,460
3554,0.07161992062446992,2.8563123,10.7599125,101165
3555,0.0019581940438618477,1.9048067,3.7579815,2766
3556,0.0030718018641780753,3.7553172,11.777107,4339
3557,0.0025974743119772663,2.2324734,4.4613614,3669
3558,0.003585066752753578,2.1560152,4.606703,5064
3559,0.001158208769254513,2.1399505,4.9001045,1636
3560,0.0017082871394933615,2.1472569,4.7228103,2413
3561,0.0034094947632822333,2.1582692,4.664225,4816
3562,0.0008438782719751707,1.9051272,5.2031198,1192
3563,0.0007150310861534584,2.2817445,5.0148563,1010
3564,0.002735524868214815,1.9164895,4.567389,3864
3565,0.0007362696332669275,1.9512976,3.7860923,1040
3566,0.00047291164905991114,2.1332982,4.904724,668
3567,0.0003306133833996684,2.231953,5.7721124,467
3568,0.0017550119431429935,1.837873,3.6398535,2479
3569,0.0020488118448793156,2.23697,4.8469734,2894
3570,0.0020027949928001325,1.8809903,4.2872653,2829
3571,0.001788285666954095,2.2135425,5.2034154,2526
3572,0.00010477683242644737,2.3801014,8.366403,148
3573,0.09306094188708738,2.6800401,10.402005,131451
3574,0.005115658048064248,2.008843,4.2855434,7226
3575,0.00035114397894268846,2.2888515,5.4263763,496
3576,0.00017698789261224218,2.5167146,7.880303,250
3577,0.009770439623766218,4.2498937,12.953761,13801
3578,0.0007631717929439882,2.1983798,4.7382426,1078
3579,0.003460467276354559,2.236256,5.4364624,4888
3580,0.0045492967917050734,3.641625,9.797851,6426
3581,0.000610254253727011,2.0705197,5.115374,862
3582,0.0004863627288984415,1.9761671,5.2133036,687
3583,0.0005833520940499502,2.7931006,8.245423,824
3584,0.0031333936508071356,2.0209653,3.924016,4426
3585,0.002067218585710989,2.2186294,5.138572,2920
3586,0.0006045906411634192,2.1474028,6.116703,854
3587,0.005534765377770037,1.9157507,3.747062,7818
3588,0.00031149869099754624,2.2838242,4.981215,440
3589,0.00235464692331327,1.9180613,3.9130654,3326
3590,0.000542998854534359,2.1345122,4.7274957,767
3591,0.0014357257848705085,2.1022027,4.301263,2028
3592,0.0016190852416167914,1.9346721,3.9750378,2287
3593,0.0010052912300375356,1.9310448,3.9109151,1420
3594,0.0012799764393717356,1.9776282,5.2032204,1808
3595,0.0005345034356889714,2.0936296,4.704393,755
3596,0.0003100827878566483,2.7042477,8.322688,438
3597,2.2654450254367e-05,1.6911438,2.56877,32
3598,0.00023362401824815967,2.3334212,5.532,330
3599,0.0020020870412296833,1.9824007,4.414726,2828
3600,0.001291303664498919,2.2651505,5.0449543,1824
3601,0.0005805202877681543,1.9945574,4.122351,820
3602,0.00021663318055738443,2.593829,5.946701,306
3603,0.000678217604490112,2.4049845,6.050318,958
3604,0.0007794546790643146,2.267413,5.6518884,1101
3605,9.557346201061077e-05,2.2802546,5.315958,135
3606,0.00017981969889403805,2.1975193,5.3612614,254
3607,0.0006286609945586842,2.2095912,5.620112,888
3608,0.0030625984937622387,2.3926992,5.9094434,4326
3609,0.0016856326892389945,1.9051477,3.8043232,2381
3610,0.00036601096192211683,1.9907782,3.8599834,517
3611,0.002220844076498415,2.1498942,4.442674,3137
3612,0.0020983684548107435,2.2629192,5.6843524,2964
3613,0.00037521433233795345,2.207247,4.7477736,530
3614,0.00118086321950888,2.2223585,5.2709737,1668
3615,0.0007235265049988461,2.226052,4.4710817,1022
3616,0.001105820353041289,2.3567603,6.6446257,1562
3617,9.698936515150871e-05,2.0700915,4.218725,137
3618,0.004842388741870946,2.5173674,6.8334756,6840
3619,0.000973433409367332,2.22532,5.261096,1375
3620,0.0011624564786772067,2.2955377,5.073954,1642
3621,0.0042158516020236085,1.8751216,3.998653,5955
3622,0.0003384008506746071,2.3416295,7.1327877,478
3623,0.0035631202540696598,2.1969435,5.284125,5033
3624,0.001292719567639817,1.9924452,4.4113746,1826
3625,0.0010456444695531267,2.0806825,4.5287404,1477
3626,0.0025288030096437164,2.1142802,4.7947326,3572
3627,0.0010399808569895351,2.258776,4.385577,1469
3628,0.0011178555297389216,2.2244322,5.963669,1579
3629,0.0003674268650630148,2.2500272,5.035678,519
3630,0.002312877780656781,2.1461809,4.885141,3267
3631,0.001266525359533205,2.3521879,5.268672,1789
3632,0.006043782556922846,2.8431604,8.75829,8537
3633,0.0008785678989271702,1.9505674,4.5773993,1241
3634,0.00044530153781240133,2.196016,5.8991294,629
3635,0.0002534466622207308,2.3482723,7.00984,358
3636,0.0004906104383211353,2.0127027,5.580277,693
3637,0.0007341457785555805,2.231299,4.6912365,1037
3638,0.0012828082456535312,2.3001115,5.74325,1812
3639,0.0008644088675181909,2.6332424,6.823125,1221
3640,0.0045839864186570725,1.9472848,3.9463875,6475
3641,0.0005748566752045626,2.329455,5.6609726,812
3642,0.0010590955493916573,1.989007,5.1451006,1496
3643,0.00045450490822823795,2.2623389,5.2826924,642
3644,0.0004205232328466874,2.2211907,5.238165,594
3645,0.00181235602034936,1.9295025,3.922685,2560
3646,0.007992773230368858,3.8392842,12.160563,11290
3647,0.0022895153788319647,3.4610019,10.095142,3234
3648,0.0008750281410749253,2.1643648,4.69747,1236
3649,0.005248044991738205,3.1491542,10.654794,7413
3650,0.0018604967271398899,2.274255,5.397262,2628
3651,0.0013946645937844683,3.178569,9.77186,1970
3652,0.002630040084217919,1.9236815,4.474594,3715
3653,0.0009012223491815372,2.027942,4.236843,1273
3654,0.002216596367075721,2.0860147,5.0445185,3131
3655,0.0022314633500551493,2.9413533,8.568141,3152
3656,0.0020728821982745806,2.424517,6.9151425,2928
3657,0.0024806623028531863,2.170975,4.0587974,3504
3658,0.00022512859940277205,2.0190437,5.760071,318
3659,0.000362471204069872,2.2402813,5.8610616,512
3660,0.00044742539252374825,1.9187468,4.8415537,632
3661,0.0003745063807675045,2.1202495,5.3907094,529
3662,0.0015751922442489555,2.1327171,4.795618,2225
3663,0.0005458306608161549,2.2398133,5.334525,771
3664,0.003483829678179375,1.827542,3.8071828,4921
3665,0.006135816261081212,1.9351559,3.8006804,8667
3666,0.0015999705492146692,3.096777,9.043206,2260
3667,0.0029825999663015052,3.7619152,11.207067,4213
3668,0.012518707620249115,2.0445564,5.2072,17683
3669,0.000973433409367332,2.2016268,5.5746903,1375
3670,0.002294471039825108,1.8099278,3.8013988,3241
3671,0.001203517669763247,2.2087402,5.6000013,1700
3672,0.0006222894304246436,1.8612006,4.195492,879
3673,0.0008467100782569666,2.6640313,7.370342,1196
3674,0.0006229973819950925,2.26346,4.2030344,880
3675,0.0020459800385975195,2.008667,4.3498645,2890
3676,0.009521948622538629,3.6746807,11.602505,13450
3677,0.001762799410417932,1.8627094,4.0029154,2490
3678,0.00042193913598758537,2.6733484,10.340863,596
3679,0.015241489360195848,2.974342,7.0945773,21529
3680,0.0007716672117893759,2.2467582,5.502897,1090
3681,0.0008460021266865176,1.9437453,4.784,1195
3682,0.0019461588671642151,2.2316742,4.930657,2749
3683,0.001359974966832469,2.267677,5.6384134,1921
3684,0.0026767648878675506,1.932087,4.507975,3781
3685,0.018277893645851473,2.1170936,6.1392164,25818
3686,0.0007759149212120697,2.2564125,4.698301,1096
3687,0.006998809225458505,2.395427,6.4859285,9886
3688,0.0005791043846272565,2.1137922,4.54364,818
3689,0.0008056488871709264,2.2785556,4.7608547,1138
3690,0.0015086447966267524,2.25,4.937904,2131
3691,0.0005373352419707672,2.178628,6.1578035,759
3692,0.002288807427261516,2.0453303,4.581968,3233
3693,0.0014187349471797334,2.0615375,4.155209,2004
3694,0.003209852420415624,1.8623152,4.094647,4534
3695,0.008908154610959373,3.1403801,9.834752,12583
3696,0.0013231614851691225,2.2325451,4.7608085,1869
3697,0.000974141360937781,2.3298078,6.300121,1376
3698,0.002552873363038981,2.1945531,4.656184,3606
3699,0.003419406085268519,1.9969862,3.9075537,4830
3700,0.0013939566422140194,2.104633,4.8863907,1969
3701,0.0016558987232801379,2.1542456,4.9008193,2339
3702,0.0007978614198959877,1.9520686,6.197058,1127
3703,0.0019773087362639696,2.0510395,4.425191,2793
3704,0.010940683569718362,3.4866598,10.764637,15454
3705,0.0017012076237888718,2.1444707,4.700991,2403
3706,0.0006810494107719079,2.2363899,5.598299,962
3707,0.004564163774684501,4.136693,14.086272,6447
3708,0.0001019450261446515,2.6526992,6.4705744,144
3709,0.0008665327222295377,2.4000657,6.8083553,1224
3710,0.002016246072638663,2.2153919,4.5511594,2848
3711,0.001517848167042589,1.8990368,4.421355,2144
3712,0.0013323648555849592,2.2063522,5.5317965,1882
3713,0.01183411845162496,2.0574713,5.004481,16716
3714,0.0005026456150187678,2.2798653,4.9916234,710
3715,0.002014830169497765,3.2322714,9.104246,2846
3716,0.2925878886477134,5.236816,13.6413555,413288
3717,0.0037896647566133296,2.484924,6.4397483,5353
3718,0.004050898886108999,2.3182907,4.7660594,5722
3719,0.0017316495413181776,2.300971,5.446903,2446
3720,0.0014045759157707539,2.0635831,4.675631,1984
3721,0.1312542211612388,3.061593,11.13437,185400
3722,0.0005387511451116652,2.2634883,6.7743416,761
3723,0.0017415608633044631,1.8983924,3.635252,2460
3724,0.006127320842235824,1.867717,4.0554633,8655
3725,0.004087712367772346,1.7754633,4.1006317,5774
3726,0.0010095389394602294,2.209867,4.8506947,1426
3727,0.0013571431605506731,2.4339447,5.6149883,1917
3728,0.002414822806801432,2.3988073,6.6757145,3411
3729,0.0019298759810438887,2.2796934,6.091197,2726
3730,0.0014810346853792425,2.1633177,5.2163186,2092
3731,0.00044246973153060543,2.3476288,6.9174094,625
3732,0.0033981675381550497,1.8385074,3.7727287,4800
3733,0.002125978566058253,1.9761856,3.9393523,3003
3734,0.000680341459201459,2.494939,7.192932,961
3735,0.0003872495090355859,2.272188,6.8874836,547
3736,0.0011893586383542674,2.2029376,4.5071764,1680
3737,0.010355207620957065,1.9608457,4.9100194,14627
3738,0.005652285338464566,1.9454592,3.9805582,7984
3739,0.00010548478399689634,2.4129367,5.9301095,149
3740,0.0001515016360760793,2.6256855,10.357521,214
3741,0.0006314928008404801,2.173912,6.660186,892
3742,0.000950071007542516,2.2514093,5.092926,1342
3743,0.0026371195999224085,1.9041358,4.277715,3725
3744,0.00045521285979868687,2.2911165,5.518787,643
3745,0.0036983390040254125,1.8916383,4.1154222,5224
3746,0.00031362254570889317,2.2173445,7.464779,443
3747,0.0003737984291970555,2.1011603,4.353093,528
3748,0.0020070427022228264,2.0523417,4.3755183,2835
3749,0.003531262433399456,1.9049675,3.765353,4988
3750,0.005226098493054287,3.1810508,10.323653,7382
3751,0.0015489980361423437,1.894683,4.3452396,2188
3752,0.00016282886120326282,2.9711692,7.7248235,230
3753,0.0020502277480202134,2.235148,4.8150535,2896
3754,0.0007858262431983553,2.155518,4.4058623,1110
3755,0.0011454656409864315,2.3521285,5.293717,1618
3756,0.0038845302670534915,3.1031969,10.256504,5487
3757,0.0001295551373921613,2.1545515,4.453722,183
3758,0.001408115673622999,2.2107744,5.515057,1989
3759,0.0006973322968922342,2.2358391,4.251464,985
3760,0.0011171475781684727,2.5985727,9.235735,1578
3761,0.00036601096192211683,2.2422845,5.37735,517
3762,0.004130189461999284,2.454709,5.9606647,5834
3763,0.0012828082456535312,2.105235,4.7660055,1812
3764,0.009895039100165235,2.065108,4.869984,13977
3765,0.001066175065096147,2.2784216,5.592449,1506
3766,0.0008410464656933748,2.036861,4.266118,1188
3767,0.00043326636111476886,2.0469735,4.935759,612
3768,0.0015482900845718945,2.1432748,4.1903524,2187
3769,0.002082085568690417,2.0031822,3.7215166,2941
3770,0.08908366996430508,2.8501956,10.249207,125833
3771,0.003419406085268519,3.205029,9.735867,4830
3772,0.0010123707457420253,2.5441225,9.586406,1430
3773,0.0016205011447576894,2.2064755,4.364307,2289
3774,0.000951486910683414,1.9905427,3.91343,1344
3775,0.000792197807332396,2.2716408,4.9781046,1119
3776,0.001859788775569441,2.4466472,7.1672587,2627
3777,0.0006980402484626832,2.0010762,5.7505555,986
3778,0.002956405758194893,4.216462,11.945281,4176
3779,0.0026017220213999603,1.8907077,4.1806607,3675
3780,0.0033422393640895813,1.8598987,4.0023904,4721
3781,0.0024778304965713907,2.5239499,9.62447,3500
3782,0.001972353075270827,1.949638,5.271665,2786
3783,0.0037443558561045956,1.9373899,4.576808,5289
3784,0.0010668830166665959,2.2389822,6.4562984,1507
3785,0.0014449291552863452,1.8107721,4.1857553,2041
3786,0.049423515036183405,2.5281465,9.02277,69812
3787,0.0007192787955761522,2.3127275,5.213919,1016
3788,0.0009210449931541083,2.2360337,4.8648396,1301
3789,0.001563157067551323,2.2000663,6.158607,2208
3790,0.001648111256005199,1.9194055,3.8591769,2328
3791,0.0008729042863635784,2.2632477,5.63236,1233
3792,0.0036077212030079446,3.0177917,8.714282,5096
3793,0.011133246396880483,2.2338016,6.089006,15726
3794,0.002984723821012852,1.9784992,4.1695237,4216
3795,0.0007872421463392533,2.6711552,6.0586553,1112
3796,0.005888741162994522,2.843935,8.606009,8318
3797,0.003365601765914397,1.8757281,4.2464733,4754
3798,0.0008651168190886398,2.419508,7.837402,1222
3799,0.0013918327875026724,1.8467569,4.2779856,1966
3800,0.0009012223491815372,2.4825106,6.3959446,1273
3801,0.0014895301042246302,1.9204634,3.9593995,2104
3802,0.004804159357066701,2.5201228,8.015196,6786
3803,0.001220508507454022,2.307387,4.832612,1724
3804,0.0020275732977658462,1.9543875,3.941919,2864
3805,0.0072388048078407055,2.0350287,4.416328,10225
3806,0.0006045906411634192,2.2217975,5.9803395,854
3807,0.002448804482182983,2.2429605,4.9943824,3459
3808,0.002537298428489104,1.9045894,4.1762443,3584
3809,0.004199568715903283,2.1324153,5.4517884,5932
3810,0.004363813480247444,4.7106657,13.316745,6164
3811,0.0006300768976995821,2.3539703,6.6499066,890
3812,0.0005677771595000729,2.2771487,6.347609,802
3813,0.0016042182586373632,1.9824809,4.1838994,2266
3814,0.0016700577546891172,2.9219527,8.161605,2359
3815,0.000724942408139744,2.062951,5.6657796,1024
3816,0.0001330948952444061,2.4714808,7.0166483,188
3817,0.0013458159354234895,1.9315933,5.0015297,1901
3818,0.0011263509485843093,2.1551282,4.8353496,1591
3819,0.0006690142340742755,2.1623342,6.238127,945
3820,0.0040473591282567545,2.7484887,8.304023,5717
3821,0.010253970546382864,3.024053,8.619646,14484
3822,0.0010229900192987597,2.000855,4.187166,1445
3823,0.00032707362554742353,2.076043,4.9422336,462
3824,0.0007752069696416208,2.3165421,5.2363358,1095
3825,0.004226470875580343,2.7269688,8.605467,5970
3826,0.0016672259484073213,2.1958003,4.9699244,2355
3827,0.0012728969236672457,2.592807,7.573903,1798
3828,0.0005366272904003183,2.4287446,5.888268,758
3829,0.00031503844884979106,2.2125466,4.5947065,445
3830,0.00021096956799379268,2.331763,5.8202643,298
3831,0.0004637082786440745,2.2559583,5.374719,655
3832,0.0009536107653947608,2.2804143,5.6834993,1347
3833,0.0014449291552863452,2.3065462,5.5715427,2041
3834,0.0019794325909753166,3.0807827,9.887294,2796
3835,5.4512270924570595e-05,2.3998399,5.5926514,77
3836,0.0007192787955761522,2.1825862,5.575163,1016
3837,0.006605896103859327,4.8210163,12.800696,9331
3838,0.0022788961052752302,2.5716536,7.421031,3219
3839,0.0012098892338972876,2.2647572,5.9548497,1709
3840,0.0006753857982083162,2.001315,4.3024826,954
3841,0.00183288661589238,2.225637,4.6246495,2589
3842,0.0008113124997345182,2.1620636,4.7977943,1146
3843,0.00023503992138905762,2.2049763,6.147552,332
3844,0.07729627631632975,2.8651774,11.626733,109183
3845,0.0009012223491815372,2.2464135,5.271148,1273
3846,0.0032006490499997876,1.875334,4.4572277,4521
3847,0.00041131986243085085,2.3523414,7.590476,581
3848,0.0020714662951336824,2.4507592,5.851156,2926
3849,0.0008014011777482326,2.3236382,7.595922,1132
3850,0.00021450932584603753,2.103236,8.273811,303
3851,0.0032268432581063996,2.6925423,8.339176,4558
3852,0.0015327151500220172,1.8973006,3.6137068,2165
3853,0.0007709592602189269,1.9779063,3.9947798,1089
3854,0.0026987113865514687,3.1814408,8.598137,3812
3855,0.00019610258501436434,2.261669,5.5068765,277
3856,0.06777999130635472,3.0874712,12.190296,95741
3857,0.0008721963347931295,2.2550805,5.0383186,1232
3858,0.0028211870082391404,1.8912057,4.186809,3985
3859,0.0007107833767307646,2.2534318,4.4842353,1004
3860,0.09786297738944275,2.703518,9.411374,138234
3861,0.0038682473809331652,2.320003,5.2918105,5464
3862,0.0002307922119663638,2.2589836,6.6708775,326
3863,0.005554588021742609,2.7588267,7.852597,7846
3864,0.0007419332458305192,2.1482573,4.878172,1048
3865,0.0015645729706922208,2.0984857,4.646882,2210
3866,0.004031784193706877,3.1469524,9.72571,5695
3867,0.0017613835072770342,2.088216,4.79779,2488
3868,0.0006683062825038265,2.1706562,5.212712,944
3869,0.001016618455164719,2.3131902,5.494499,1436
3870,0.0013507715964166324,2.218779,4.4804125,1908
3871,0.002557829024032124,2.2120407,4.7108502,3613
3872,0.0007277742144215398,2.2462053,5.0721965,1028
3873,0.002399955823822004,2.235097,5.966155,3390
3874,0.0027001272896923665,2.1355474,4.2966113,3814
3875,0.0011022805951890443,1.8707864,3.3819866,1557
3876,0.001744392669586259,2.2259371,5.4502606,2464
3877,0.0010017514721852908,2.187433,4.097824,1415
3878,0.0011390940768523908,2.1866798,5.658444,1609
3879,0.0014520086709908348,1.8497478,3.9341142,2051
3880,0.004862919337413966,2.0223963,5.692165,6869
3881,0.00027114545148195505,2.3024395,4.8746843,383
3882,0.0015964307913624244,2.2163708,4.248327,2255
3883,0.0006024667864520724,2.3087893,5.2586226,851
3884,0.009506373687988751,3.0781617,10.793818,13428
3885,0.0037910806597542274,1.9214506,4.1288204,5355
3886,0.023050903133818423,3.6157115,11.700898,32560
3887,0.003932670973844021,2.4428449,6.455846,5555
3888,0.0005245921137026859,2.2530909,4.695242,741
3889,0.000566361256359175,2.0864918,6.48155,800
3890,0.0010704227745188407,1.9430133,4.8057303,1512
3891,0.0008870633177725578,2.2314367,4.7265253,1253
3892,0.0006279530429882353,2.2187881,4.5146127,887
3893,0.010647591619552489,1.9857324,4.7975836,15040
3894,0.026008724795154214,4.393105,12.821263,36738
3895,0.005023624343905882,2.3087363,5.381106,7096
3896,0.0007079515704489687,2.29055,6.7514553,1000
3897,8.707804316522315e-05,2.858757,9.468318,123
3898,0.0001925628271621195,2.297311,5.96173,272
3899,0.00043114250640342194,2.1193233,3.9503615,609
3900,0.0007950296136141918,2.237604,4.931833,1123
3901,0.004630003270736255,1.8346939,3.9706817,6540
3902,0.0012821002940830823,2.1366088,4.5197144,1811
3903,0.0008297192405661913,2.3555577,5.9887037,1172
3904,0.0036034734935852506,3.5415535,11.321532,5090
3905,0.0012127210401790835,2.2916496,5.284416,1713
3906,0.002966317080181179,1.8520274,4.276074,4190
3907,0.008857890049457497,4.489256,17.889496,12512
3908,6.017588348816234e-05,2.2108457,4.599739,85
3909,0.002625792374795225,2.2171793,4.318439,3709
3910,0.001291303664498919,2.0631726,4.318279,1824
3911,0.0006010508833111744,2.257083,4.544472,849
3912,0.002579067571145593,1.9143884,4.0426726,3643
3913,0.0007270662628510909,2.252382,4.5292525,1027
3914,0.0024785384481418394,2.188765,4.842645,3501
3915,0.001608465968060057,1.9433929,3.903833,2272
3916,0.0032296750643881953,1.8824441,3.589371,4562
3917,0.008940012431629576,2.1847217,5.323157,12628
3918,0.0011652882849590026,1.9122336,3.9125686,1646
3919,0.0010520160336871674,2.1501915,4.8246245,1486
3920,0.001158208769254513,2.3443718,5.9377146,1636
3921,0.0002307922119663638,2.2716675,5.665354,326
3922,0.00045804466608048277,2.1658492,5.738905,647
3923,0.0018187275844834007,2.254086,5.4045115,2569
3924,0.001675721367252709,2.0737445,4.082509,2367
3925,0.00018973102088032362,2.2691927,4.5476646,268
3926,0.0025762357648637974,1.9974375,4.4756603,3639
3927,0.00632271547567974,2.1770036,5.7228465,8931
3928,0.0005932634160362358,2.144504,5.5629086,838
3929,0.0015766081473898533,1.9143527,4.6952333,2227
3930,0.0006152099147201538,2.1703477,6.0579047,869
3931,0.0015766081473898533,1.9624193,4.022266,2227
3932,0.0002555705169320777,2.2267942,4.9466996,361
3933,0.0004091960077195039,2.2020483,5.256076,578
3934,0.008089054643949916,1.8830283,4.4525547,11426
3935,0.0010711307260892896,2.0026472,4.17236,1513
3936,0.004005589985600265,1.8566587,4.399988,5658
3937,0.0008884792209134558,2.182223,6.3799996,1255
3938,0.0006265371398473373,2.207427,5.0152082,885
3939,0.0012594458438287153,2.3215976,6.472227,1779
3940,0.0008729042863635784,2.426583,7.716039,1233
3941,0.0031390572633707274,2.3578293,5.0466433,4434
3942,0.0005451227092457059,2.3570356,6.349731,770
3943,0.0010229900192987597,2.2024817,5.6712365,1445
3944,0.0057011339968255454,1.9274676,4.3569307,8053
3945,0.0002782249671864447,2.157733,4.672808,393
3946,0.0008721963347931295,1.9849592,4.6124697,1232
3947,0.0063290870398137805,2.3334303,5.439228,8940
3948,0.0003483121726608926,2.0899265,5.2033725,492
3949,0.0020247414914840505,1.82363,4.0178857,2860
3950,0.0064897920463056966,2.5568557,5.4386706,9167
3951,0.0008353828531297831,2.2815492,5.720661,1180
3952,0.0007943216620437429,2.1328156,4.3492193,1122
3953,0.0038208146257130843,4.541776,19.139397,5397
3954,0.001974476929982174,2.167817,5.347496,2789
3955,0.0013252853398804695,2.316894,6.6082816,1872
3956,0.00236172643901776,1.7581072,3.6286383,3336
3957,0.002693755725558326,2.2262828,4.497922,3805
3958,0.0021889862558282114,2.342912,5.449406,3092
3959,0.010743873033133549,2.8849766,8.619535,15176
3960,0.01037857002278188,3.734286,11.203368,14660
3961,0.0009621061842401485,2.0843208,3.9836087,1359
3962,0.002407035339526494,2.4430463,6.9973903,3400
3963,0.004524518486739359,2.4925005,7.7981596,6391
3964,0.0007037038610262749,2.1719658,5.0556064,994
3965,0.0012028097181927978,2.2177017,5.0590873,1699
3966,0.0021585443382989055,2.386688,7.0093565,3049
3967,0.0016155454837645466,1.9698858,3.9612083,2282
3968,0.00029379990173632203,2.3161016,4.960571,415
3969,0.003959573133521082,2.2221801,5.4495816,5593
3970,0.0010017514721852908,2.0148714,4.772527,1415
3971,0.0028820708432977515,1.8970741,3.8555915,4071
3972,0.00029733965958856685,2.5896542,9.120555,420
3973,0.0002017661975779561,2.274022,5.459781,285
3974,0.0015454582782900986,1.8987386,4.110432,2183
3975,0.0047744253911078454,1.8927666,4.158945,6744
3976,0.000950778959112965,2.2828615,4.8983426,1343
3977,0.00027043749991150607,1.8891115,4.87244,382
3978,0.0015504139392832415,2.3694313,5.687474,2190
3979,0.00083750670784113,2.2451227,6.1524367,1183
3980,0.0012842241487944293,2.2372937,4.8263783,1814
3981,0.00029379990173632203,2.3763573,6.8404636,415
3982,0.003398875489725499,2.5203798,5.921337,4801
3983,0.0014130713346161416,2.0835848,4.7118783,1996
3984,0.0006045906411634192,2.1378999,7.3572645,854
3985,0.0006583949605175409,2.2959776,8.870731,930
3986,0.005420785174927754,1.877617,4.1584086,7657
3987,0.001789701570094993,2.0254905,3.7222345,2528
3988,0.0018633285334216858,3.2495618,8.75538,2632
3989,0.0005840600456203992,2.318405,5.2460723,825
3990,0.006474217111755819,2.7964,8.597438,9145
3991,0.0025932266025545723,1.9299357,3.6926959,3663
3992,0.0005635294500773791,2.1523054,4.3806987,796
3993,0.000407780104578606,2.3043911,6.1326294,576
3994,0.0009875924407763113,2.2105134,4.9407477,1395
3995,0.002017661975779561,2.0149667,4.7987256,2850
3996,0.002661897904888122,1.8708881,4.007736,3760
3997,0.0006286609945586842,1.8775615,4.466663,888
3998,0.0036728527474892496,1.9324336,4.158127,5188
3999,0.00016424476434416074,2.4946098,10.0490465,232
4000,0.006360236908913535,1.8319222,4.0384374,8984
4001,0.0009033462038928841,2.1710603,4.7157373,1276
4002,0.002216596367075721,1.9069806,4.0541954,3131
4003,0.00022512859940277205,2.1528237,4.500798,318
4004,0.0005054774213005637,2.0749826,4.3942056,714
4005,0.00010123707457420253,2.029823,4.332512,143
4006,0.009483011286163936,2.6698897,6.85473,13395
4007,0.0013528954511279792,2.0342157,4.428868,1911
4008,0.0020481038933088665,2.2293215,4.3192186,2893
4009,0.0006208735272837456,1.835799,3.8555899,877
4010,0.0007051197641671728,2.107055,4.9008436,996
4011,0.009483719237734386,2.1621997,5.5315323,13396
4012,0.007323758996294581,1.9224393,4.613107,10345
4013,0.0008035250324595795,2.200379,4.793982,1135
4014,0.0005267159684140327,2.252635,5.1242924,744
4015,0.0013974964000662642,2.0807803,5.3510356,1974
4016,0.004710709749767438,1.9232326,4.7063155,6654
4017,0.0030618905421917896,1.9145532,3.7414782,4325
4018,0.000791489855761947,2.0660288,6.4996142,1118
4019,0.0011794473163679819,1.8666841,4.2071905,1666
4020,0.00027964087032734264,2.4236665,6.5691752,395
4021,0.0008190999670094568,2.1419697,4.459203,1157
4022,0.00037946204176064725,2.1761622,4.758414,536
4023,0.0016658100452664234,2.4186642,5.7409234,2353
4024,0.004498324278632748,1.8229351,3.7530587,6354
4025,0.06080950014371417,6.0003166,14.8390875,85895
4026,0.0019985472833774385,2.3374963,6.8553405,2823
4027,0.003619756379705577,2.3435102,6.936978,5113
4028,0.0003773381870493003,1.9996524,4.049094,533
4029,0.0027440202870602027,2.5282357,7.422836,3876
4030,0.0005812282393386033,2.1682765,6.2134686,821
4031,0.001495193716788222,2.3274124,4.7316184,2112
4032,0.0008014011777482326,2.208434,7.431079,1132
4033,0.0010760863870824325,1.8778099,4.390311,1520
4034,0.001493069862076875,2.4040077,6.8012404,2109
4035,0.0009182131868723124,2.0731974,4.0120015,1297
4036,0.0033549824923576627,1.8603584,4.0979156,4739
4037,0.004031076242136428,2.0339723,4.206215,5694
4038,0.0015985546460737714,2.0054388,4.695224,2258
4039,0.000792905758902845,2.1050382,4.216018,1120
4040,0.0017337733960295244,2.539888,7.2786903,2449
4041,0.0005507863218092977,2.2100418,5.1412253,778
4042,0.001336612565007653,2.5282753,6.544226,1888
4043,0.004438856346715034,1.9244817,4.2490635,6270
4044,0.0010442285664122289,1.8824235,3.87378,1475
4045,0.0009868844892058624,2.1383464,5.282349,1394
4046,0.0030201213995353004,1.8422953,3.702094,4266
4047,0.005304681117374123,1.8543504,4.3021317,7493
4048,0.002541546137911798,2.851104,8.81548,3590
4049,0.004914599802056741,1.885853,3.9228482,6942
4050,0.0007936137104732939,2.2171342,4.345233,1121
4051,0.0049308826881770676,2.2652845,5.4926276,6965
4052,0.0015213879248948338,2.1945574,5.3543983,2149
4053,0.00042618684541027916,1.9902608,5.8851957,602
4054,0.0007596320350917434,2.4518926,9.179526,1073
4055,9.0617801017468e-05,6.718931,15.592165,128
4056,0.0007221106018579481,2.042118,4.531052,1020
4057,0.0015794399536716492,2.1185746,4.407316,2231
4058,0.002535882525348206,1.8833365,3.690917,3582
4059,0.002316417538509026,1.9298973,4.681022,3272
4060,4.884865836097884e-05,2.1419659,5.183366,69
4061,0.0018413820347377677,2.0211382,4.4530897,2601
4062,0.00844373838074485,1.9717702,4.7634616,11927
4063,0.000907593913315578,2.0498188,4.4225874,1282
4064,0.0001996423428666092,2.5041203,5.972527,282
4065,0.0003490201242313416,2.2988148,4.445354,493
4066,0.0021882783042577623,2.0742025,4.2359524,3091
4067,0.0006258291882768884,2.3500416,5.1542077,884
4068,0.0018951863540918894,1.8752658,4.9586434,2677
4069,0.0024219023225059222,1.9314432,4.0157156,3421
4070,0.0005316716294071755,2.5100172,9.778218,751
4071,0.003057642832769096,1.9989107,4.1718426,4319
4072,0.00016212090963281384,2.303839,5.2142143,229
4073,0.003552500980512925,2.3504424,6.039847,5018
4074,0.0007079515704489687,2.158265,4.7773356,1000
4075,0.037291348973399426,2.4837453,8.3191,52675
4076,0.0015213879248948338,1.9463347,5.8005,2149
4077,0.00025415461379117975,2.1238692,5.267536,359
4078,0.0038923177343284303,1.8247012,4.0021873,5498
4079,0.0010371490507077392,2.097634,4.988028,1465
4080,0.003464007034206804,2.0115383,4.366388,4893
4081,0.0001493777813647324,2.3756075,4.782818,211
4082,0.0011121919171753298,2.2573564,4.595485,1571
4083,0.0010357331475668412,2.214666,4.9894366,1463
4084,0.0024799543512827376,3.6242363,12.166864,3503
4085,0.04460873640555997,2.3949296,7.22857,63011
4086,0.0006732619434969692,1.8503706,4.011539,951
4087,0.0005422909029639101,2.1728172,4.507413,766
4088,0.0005769805299159095,2.1156588,4.194706,815
4089,0.002266152977007149,1.9027101,3.9379396,3201
4090,0.0011518372051204722,2.1035883,4.1415086,1627
4091,0.0009883003923467604,2.271532,5.3993845,1396
4092,0.034012117299079804,2.2527115,7.008251,48043
4093,0.0031843661638794613,2.6731896,8.133696,4498
4094,0.0015567855034172822,1.8081077,3.5204673,2199
4095,0.006578993944182266,3.4845614,10.8987,9293
4096,7.645876960848862e-05,2.5607789,6.197324,108
4097,0.0021472171131717223,2.2251678,5.173734,3033
4098,0.0008353828531297831,2.593969,9.161006,1180
4099,0.003279231674319623,1.8082943,4.294184,4632
4100,0.000904054155463333,2.2700877,5.205041,1277
4101,0.00160634211334871,2.1421595,5.3304677,2269
4102,0.0022059770935189864,2.3541384,5.4634805,3116
4103,0.001336612565007653,2.2243593,4.9229417,1888
4104,0.008606567241948113,4.091401,13.036863,12157
4105,0.0030703859610371775,3.0592258,13.734664,4337
4106,0.0199437036911179,2.010171,4.7178307,28171
4107,0.0009005143976110882,1.9291254,4.628252,1272
4108,0.007577205658515313,1.9810191,4.7270913,10703
4109,0.0022420826236118838,2.1375413,4.3832097,3167
4110,0.0010343172444259433,2.2501807,4.879615,1461
4111,0.0054845008162681605,3.9719286,10.446583,7747
4112,0.0002697295483410571,2.4203231,12.419177,381
4113,0.0016028023554964651,2.2854826,4.960612,2264
4114,0.000993964004910352,2.2732239,6.2020817,1404
4115,0.0023567707780246167,2.0013685,4.4605675,3329
4116,0.0016035103070669143,1.9010825,4.105907,2265
4117,0.0016544828201392398,1.9053091,4.353732,2337
4118,0.001085997709068718,2.0110834,4.7791147,1534
4119,0.0007645876960848862,2.2216356,4.9283266,1080
4120,0.004423281412165156,2.4139175,6.4939938,6248
4121,0.03363973477302365,2.2353463,5.8855677,47517
4122,0.000656979057376643,2.1408632,3.8199286,928
4123,0.0019461588671642151,2.1567454,4.4693475,2749
4124,0.004695842766788009,2.563479,7.8417897,6633
4125,0.006772972674485284,1.8382324,3.742796,9567
4126,0.0009252927025768022,2.1495774,4.420337,1307
4127,0.00019822643972571124,2.851097,12.601748,280
4128,0.0075764977069448635,3.3796365,10.240072,10702
4129,0.02664304940227649,2.299373,6.361351,37634
4130,0.0018902306930987465,1.8058646,4.044522,2670
4131,0.009723714820116585,1.8362377,4.0735865,13735
4132,0.005858299245465216,2.875343,8.388424,8275
4133,0.001020866164587413,2.3075562,5.00949,1442
4134,7.645876960848862e-05,2.4920635,8.780132,108
4135,0.0004707877943485642,2.2320464,4.9525228,665
4136,0.00032494977083607666,2.2769952,4.589901,459
4137,0.052259569027401975,4.0185533,13.064873,73818
4138,0.001224048265306267,1.9193037,4.014613,1729
4139,0.0006406961712563167,2.0142748,4.7066135,905
4140,0.05734053744851422,3.3072436,13.83333,80995
4141,0.0013847532717981828,2.0693314,4.7624526,1956
4142,0.002735524868214815,1.8612192,4.1979938,3864
4143,0.002009874508504622,1.8899888,4.4190583,2839
4144,0.0037776295799156973,1.9198667,3.9985278,5336
4145,0.0008021091293186816,2.065795,5.639812,1133
4146,0.0005337954841185224,2.2429457,5.686313,754
4147,0.0002562784685025267,2.157658,5.629075,362
4148,0.0019419111577415212,2.0733075,5.009271,2743
4149,0.000904762107033782,2.5464194,6.566868,1278
4150,0.0017012076237888718,2.0106232,4.7818,2403
4151,0.0015695286316853637,1.855751,3.707335,2217
4152,0.0004396379252488096,2.6194458,7.65563,621
4153,0.002016246072638663,2.6120682,6.8218284,2848
4154,0.005432820351625386,3.0906415,8.031773,7674
4155,0.0003575155430767292,2.1785114,6.1480966,505
4156,0.00048069911633484975,5.4758034,13.723677,679
4157,0.00035114397894268846,2.1804774,5.327197,496
4158,0.004013377452875204,3.4205983,11.319112,5669
4159,0.002013414266356867,1.9292761,3.671594,2844
4160,0.0020056267990819286,2.214176,4.3496413,2833
4161,0.0006435279775381126,2.2731676,4.7524576,909
4162,0.0027758781077304065,2.6871512,7.934622,3921
4163,0.0008120204513049671,2.8021657,7.2665977,1147
4164,0.0013061706474783474,2.2443264,5.0121,1845
4165,0.000634324607122276,2.5547843,13.001055,896
4166,0.0020721742467041315,1.9934462,3.8818817,2927
4167,0.0016785531735345049,1.8585235,6.1943636,2371
4168,0.002580483474286491,4.099928,14.157018,3645
4169,0.0003051271268635055,2.4380054,6.604214,431
4170,0.0020070427022228264,1.8525609,4.627054,2835
4171,0.001902973821366828,1.9633148,3.8936622,2688
4172,0.0014562563804135288,2.031537,3.7120361,2057
4173,0.006140771922074355,2.4573436,6.92781,8674
4174,0.004725576732746866,3.7447338,12.365875,6675
4175,0.006468553499192228,2.056009,5.1611314,9137
4176,0.0026597740501767757,2.3877509,7.1237545,3757
4177,0.0015886433240874858,1.9329643,3.8730862,2244
4178,0.0010569716946803103,2.2955816,6.0727215,1493
4179,0.001110776014034432,2.0284293,4.7824073,1569
4180,0.0008799838020680681,2.1135206,4.7164807,1243
4181,0.001175907558515737,2.3268032,6.0494037,1661
4182,0.00793542915316249,3.7149558,7.5982404,11209
4183,0.0004396379252488096,2.1657655,5.3541,621
4184,0.00016990837690775249,2.4270725,12.289111,240
4185,0.0006414041228267656,2.3127475,5.444007,906
4186,0.030049712359276927,2.2879064,6.7129445,42446
4187,0.0019801405425457657,2.4621894,5.3268895,2797
4188,0.0014640438476884673,2.1035488,4.7187686,2068
4189,0.0009146734290200676,1.8497989,3.8548362,1292
4190,0.0016459874012938523,1.909979,4.123787,2325
4191,0.0006760937497787651,2.338701,4.901204,955
4192,0.0033089656402784796,1.9067849,3.9636927,4674
4193,0.0006817573623423569,2.2518556,5.7822833,963
4194,0.0020481038933088665,1.8927974,4.589118,2893
4195,0.0004785752616235029,2.1597865,6.1988215,676
4196,0.0006322007524109291,1.9653394,6.2912064,893
4197,0.00019397873030301742,2.272429,5.009563,274
4198,0.0008523736908205583,2.1283557,4.327229,1204
4199,0.0004601685207918297,2.2440894,9.098859,650
4200,0.004634250980158949,2.0545416,4.563558,6546
4201,0.0013408602744303469,1.78288,4.1436133,1894
4202,0.0031326856992366864,2.6881428,8.049627,4425
4203,0.033815306762494994,3.9817662,13.082174,47765
4204,0.011452532555152967,4.03414,13.064465,16177
4205,0.00419461305491014,3.1746397,10.676766,5925
4206,0.0067191683551311625,1.9761178,5.287415,9491
4207,0.0022895153788319647,2.3679144,5.5683594,3234
4208,0.001493777813647324,2.027892,4.1411123,2110
4209,0.004768761778544253,3.3610337,10.382885,6736
4210,0.0038271861898471248,1.8994421,3.774778,5406
4211,0.00052176030742089,2.1456833,6.307159,737
4212,0.007405881378466662,4.6677785,14.993631,10461
4213,0.021179079181551347,2.7818286,11.485893,29916
4214,0.0022675688801480466,2.1910198,5.427798,3203
4215,0.00046937189120766626,2.0130312,6.1029725,663
4216,0.00021592522898693546,2.4838622,7.0600595,305
4217,0.0020565993121542544,2.0651255,3.9885278,2905
4218,0.002693047773987877,1.9443225,4.324966,3804
4219,0.0006456518322494595,1.9317013,3.8731067,912
4220,0.0033344518968146425,1.9379269,3.9012606,4710
4221,0.00022229679312097618,2.3866615,5.884159,314
4222,0.0020693424404223354,2.4225202,6.6439776,2923
4223,0.0010930772247732077,2.043255,3.4950285,1544
4224,0.00041273576557174875,2.2351203,7.8888316,583
4225,0.000812728402875416,2.047753,4.351648,1148
4226,0.004872122707829803,1.9001231,4.0550632,6882
4227,0.002357478729595066,2.2881198,4.9717536,3330
4228,0.00035397578522448436,2.7417412,7.282776,500
4229,0.0008693645285113336,2.163683,5.4952946,1228
4230,0.0006711380887856224,5.485724,16.089558,948
4231,0.00034760422109044364,1.8592529,5.0198956,491
4232,0.002476414593430493,1.9591179,4.116394,3498
4233,0.0008460021266865176,2.2618828,4.8699527,1195
4234,0.004442396104567279,1.8926692,4.2285767,6275
4235,0.0006272450914177863,2.0959003,4.573492,886
4236,0.004950705332149638,1.8607432,4.053715,6993
4237,0.0008495418845387624,2.1649876,5.402985,1200
4238,0.0004934422446029312,2.3534691,6.257105,697
4239,0.004431776831010544,1.9692881,4.707171,6260
4240,0.0004686639396372173,2.2627494,4.669602,662
4241,0.0004828229710461967,2.193056,6.018867,682
4242,0.005802371071399748,2.3395808,7.6419806,8196
4243,0.005774053008581789,2.7630167,7.409683,8156
4244,0.001131306609577452,2.3130982,4.956121,1598
4245,0.000861577061236395,2.2394068,4.582724,1217
4246,0.004540093421289236,3.416165,10.726129,6413
4247,0.001333072807155408,1.8819752,4.6023517,1883
4248,0.0037755057252043503,2.0929651,4.801028,5333
4249,0.009036293845210637,3.0990658,9.338896,12764
4250,0.0016339522245962198,2.2015135,4.677688,2308
4251,0.00019397873030301742,1.98718,5.2442536,274
4252,0.0006739698950674183,2.132097,5.417328,952
4253,1.769878926122422e-05,3.3621917,6.671828,25
4254,0.0009529028138243119,2.2579756,5.7567997,1346
4255,0.0025663244428775116,2.2947917,4.9311175,3625
4256,0.001196438154058757,2.291265,5.1791725,1690
4257,0.015216003103659686,2.7275317,8.928785,21493
4258,0.003147552682216115,1.8983539,4.176673,4446
4259,0.0016006785007851184,1.8723139,4.2508183,2261
4260,0.010930772247732078,3.1490262,8.5944,15440
4261,0.00563600245234424,2.871824,10.633826,7961
4262,0.0036530301035166786,1.8342326,3.7607818,5160
4263,0.000816268160727661,2.2835584,5.4811716,1153
4264,0.001629704515173526,2.194567,4.410919,2302
4265,0.0032077285657042772,2.1496618,5.6934853,4531
4266,0.000746888906823662,2.4948862,7.251749,1055
4267,0.01480822299908108,2.188257,6.072484,20917
4268,0.0032240114518246035,1.9607011,3.8338969,4554
4269,0.0036537380550871277,2.443817,7.5272145,5161
4270,0.002737648722926162,1.9696434,4.170433,3867
4271,0.0008431703204047217,2.099486,4.6797886,1191
4272,0.0006966243453217852,1.9182829,4.2008166,984
4273,0.004135853074562875,4.0395417,11.562926,5842
4274,0.002260489364443557,2.1971843,4.224581,3193
4275,0.0017330654444590754,1.9668738,3.6810577,2448
4276,0.0065846575567458585,1.9539427,4.0997987,9301
4277,0.003533386288110803,1.8665212,4.054133,4991
4278,0.03608145973950214,2.2947955,6.5169826,50966
4279,0.0012325436841516546,2.125808,4.7059484,1741
4280,0.0011928983962065122,2.285839,4.715563,1685
4281,0.005414413610793713,1.9307238,4.2036767,7648
4282,9.344960729926388e-05,8.49321,12.77219,132
4283,0.00026406593577746535,5.4016166,11.558186,373
4284,0.0007483048099645599,2.149125,6.483029,1057
4285,0.004831061516743763,1.8306545,3.9758985,6824
4286,0.001197854057199655,2.1856256,4.6317935,1692
4287,0.0007058277157376219,2.1084695,4.292626,997
4288,0.0010895374669209628,2.3550775,6.4559865,1539
4289,0.0008856474146316599,2.4415295,6.6482625,1251
4290,0.012181722672715405,1.9558161,4.288178,17207
4291,0.0006498995416721533,2.0790248,3.8577914,918
4292,0.0005437068061048079,2.2477672,5.702894,768
4293,0.00016353681277371176,2.3279045,5.54279,231
4294,0.0018364263737446248,1.9201035,3.983729,2594
4295,0.00172315412247279,2.3806503,4.951949,2434
4296,0.0011844029773611247,2.1746178,5.378356,1673
4297,0.00041273576557174875,2.399299,6.9616494,583
4298,5.734407720636647e-05,2.1430714,4.3402467,81
4299,0.0007376855364078255,2.2772443,5.631277,1042
4300,0.0029089730029748127,1.8012587,3.4178953,4109
4301,0.0007575081803803965,2.2183049,5.935128,1070
4302,0.0009911321986285561,2.0585494,4.529339,1400
4303,0.0002739772577637509,2.2039437,5.2132287,387
4304,0.01723224917629835,3.1703157,9.7443,24341
4305,0.000567069207929624,2.2604313,8.0213,801
4306,0.001677845221964056,2.2187965,4.660311,2370
4307,0.0008849394630612109,2.327776,7.1957693,1250
4308,0.0005422909029639101,2.3112113,5.9691777,766
4309,0.0003376928991041581,1.8154111,4.5908756,477
4310,0.002065094730999642,1.8332304,3.8821604,2917
4311,0.002628624181077021,1.8385582,3.9457638,3713
4312,0.0007369775848373764,2.109038,4.5695286,1041
4313,0.0037047105681594535,2.2726922,5.3677506,5233
4314,0.0002378717276708535,2.2449014,4.845212,336
4315,0.00020601390700064989,2.196535,4.6273656,291
4316,0.0033011781730035413,1.8857282,3.7696838,4663
4317,0.034446091611765026,2.5511887,9.469055,48656
4318,0.0006888368780468466,2.1256692,5.698962,973
4319,0.003146844730645666,1.8480197,3.737907,4445
4320,0.001378381707664142,2.3667393,6.0612354,1947
4321,0.00251959963922788,1.8927896,4.0632606,3559
4322,0.000972725457796883,2.038205,4.24148,1374
4323,0.0003532678336540354,2.286686,4.7027884,499
4324,0.0016169613869054446,2.2912478,5.295649,2284
4325,0.0011716598490930433,2.293341,4.8581657,1655
4326,0.0033181690106943162,1.8556554,3.9341328,4687
4327,0.001108652159323085,2.2606282,6.1628065,1566
4328,0.00018265150517583393,2.0622742,3.7573376,258
4329,0.001608465968060057,2.502971,6.1385055,2272
4330,0.001673597512541362,1.9734265,4.673763,2364
4331,0.0012580299406878175,1.9439497,4.887917,1777
4332,0.0004828229710461967,2.5880952,8.08324,682
4333,0.009429206966809815,2.335203,5.596128,13319
4334,0.004615136287756827,1.9190121,4.184822,6519
4335,0.00023008426039591485,2.0639756,5.101809,325
4336,0.0011228111907320645,1.94342,4.4768476,1586
4337,0.0014159031408979375,2.2523308,5.17372,2000
4338,0.0006690142340742755,2.0268734,4.526008,945
4339,0.00142793831759557,1.837969,3.9486206,2017
4340,0.0004183993781353405,2.076908,4.711297,591
4341,0.0012537822312651235,1.8299949,4.47403,1771
4342,0.001996423428666092,2.0380626,4.657249,2820
4343,0.0005132648885755023,2.238662,6.7619357,725
4344,0.0018250991486174414,2.9634244,7.930697,2578
4345,0.0016558987232801379,2.1111789,4.631148,2339
4346,0.0044622187485398495,2.0075307,4.321881,6303
4347,0.0008863553662021088,2.2779133,5.37676,1252
4348,0.0030208293511057496,3.253461,10.988047,4267
4349,0.01508927977254932,3.4603174,10.897054,21314
4350,0.0004679559880667683,2.4563746,6.474329,661
4351,0.001742268814874912,2.0130332,4.3902173,2461
4352,0.0010399808569895351,2.2950807,5.7392592,1469
4353,0.002754639560616937,1.8828164,3.796971,3891
4354,0.012442248850640625,2.0334578,5.610972,17575
4355,0.015198304314398461,3.8537805,11.5562935,21468
4356,0.00194261910931197,3.253406,11.137663,2744
4357,0.0011921904446360633,2.2836552,5.9348097,1684
4358,0.0015298833437402215,2.1248274,4.6583724,2161
4359,0.0027801258171531,1.8398234,5.3323164,3927
4360,0.008154894140001671,2.5335705,6.966273,11519
4361,0.0003603473493585251,1.8722837,4.454508,509
4362,0.0008311351437070893,2.158481,4.11334,1174
4363,9.203370415836594e-06,2.2449365,3.1464777,13
4364,0.014770701565847283,3.6684077,12.038008,20864
4365,0.0007341457785555805,2.2923565,5.031187,1037
4366,0.004899024867506863,1.8910447,4.3341527,6920
4367,0.0003093748362861993,2.3558176,5.892006,437
4368,0.001199977911911002,2.0471969,4.4923806,1695
4369,0.002151464822594416,1.8840669,3.9692776,3039
4370,0.003946122053682551,2.2367847,5.0429487,5574
4371,0.0016339522245962198,2.0459418,4.7441406,2308
4372,0.0039949707120435305,1.8686019,3.7790074,5643
4373,0.00032282591612472973,2.565575,7.8146,456
4374,0.0022973028461069035,1.8646934,4.020136,3245
4375,0.00039291312159917766,2.174028,5.6289287,555
4376,0.002079253762408621,2.214315,4.263207,2937
4377,0.0020990764063811922,1.9633251,4.135101,2965
4378,0.01066175065096147,1.9969554,5.55438,15060
4379,5.946793191771337e-05,1.7969501,3.2715962,84
4380,0.0005330875325480735,2.531269,7.308585,753
4381,0.0012962593254920618,2.2406878,5.2545967,1831
4382,0.00041981528127623844,2.2766638,5.5906787,593
4383,0.0009068859617451289,2.3992174,6.7773085,1281
4384,0.0010074150847488824,2.315195,6.516279,1423
4385,0.0004276027485511771,2.1588728,6.0757723,604
4386,0.0003872495090355859,1.9227874,4.5746484,547
4387,0.004940086058592904,2.4850748,6.808456,6978
4388,0.015060253758160912,2.8804374,7.9267607,21273
4389,0.005015128925060494,4.3368926,12.428216,7084
4390,0.0005352113872594203,2.3590152,6.5878315,756
4391,0.00047291164905991114,2.197088,5.7561526,668
4392,0.006611559716422919,1.8702592,4.1527596,9339
4393,0.0010824579512164732,2.266221,5.261632,1529
4394,0.0005090171791528085,2.412851,6.2268558,719
4395,0.002081377617119968,1.8668641,4.0614085,2940
4396,0.0029075570998339144,1.8598759,3.6603312,4107
4397,0.002419070516224126,2.1789186,4.750014,3417
4398,0.0007086595220194176,2.2187743,6.5335684,1001
4399,0.0017918254248063398,2.2753134,5.530985,2531
4400,0.001222632362165369,2.0334747,3.8775465,1727
4401,0.0015036891356336095,2.2929072,5.223824,2124
4402,0.0012948434223511638,2.343567,4.9167275,1829
4403,0.0005366272904003183,3.491579,11.5198765,758
4404,0.00026548183891836325,2.850507,9.455426,375
4405,0.005645913774330526,2.2763062,5.133953,7975
4406,0.00021309342270513958,2.2029788,4.294236,301
4407,0.0012736048752376948,2.162097,4.5900335,1799
4408,0.00015433344235787517,2.428791,5.694455,218
4409,0.0025719880554411034,2.799175,7.9411845,3633
4410,0.008465684879428769,3.1002622,8.713333,11958
4411,4.672480364963194e-05,2.3817203,5.609417,66
4412,0.0006760937497787651,2.1763446,4.701612,955
4413,0.0005097251307232575,2.2065077,5.201557,720
4414,0.21409446622575443,4.2018547,17.317442,302414
4415,0.0033153372044125206,1.8624192,3.9194517,4683
4416,0.004373724802233729,2.6120172,7.7972746,6178
4417,0.005570162956292486,2.877469,8.900662,7868
4418,0.005893696823987665,2.3467844,6.338397,8325
4419,0.0004502571988055441,2.2230468,6.853293,636
4420,0.0015121845544789972,2.17578,4.1394935,2136
4421,0.011863852417583818,2.4595053,8.704038,16758
4422,3.893733637469328e-05,2.5879426,9.127716,55
4423,0.004407706477615279,1.9758121,4.092798,6226
4424,0.0005691930626409708,2.3399594,4.6835017,804
4425,0.00020742981014154784,2.3305862,7.520023,293
4426,0.016278638410903587,2.8795495,8.9234495,22994
4427,0.0019185487559167053,2.0451982,4.707501,2710
4428,0.00412594175257659,2.6340456,8.841892,5828
4429,0.0035737395276263942,1.993375,4.681388,5048
4430,0.003282063480601419,1.8823881,3.58785,4636
4431,0.00017840379575314013,2.11896,5.8011613,252
4432,0.0006725539919265203,2.1677563,4.6878266,950
4433,0.0012997990833443066,1.9588386,3.615857,1836
4434,0.0015539536971354863,2.0760727,3.9949489,2195
4435,0.011095724963646686,1.9031401,4.495849,15673
4436,0.001243870909278838,2.1076074,4.797278,1757
4437,0.0002605261779252205,2.2744887,10.403553,368
4438,0.0013854612233686317,2.1675425,4.608533,1957
4439,0.0013436920807121425,2.2311358,4.7531676,1898
4440,0.0008474180298274156,2.1199887,4.741572,1197
4441,0.0011398020284228397,2.1170979,4.8118286,1610
4442,0.0031376413602298295,4.509901,12.628085,4432
4443,0.006395634487435984,1.8592966,3.901942,9034
4444,0.0011829870742202267,2.2134335,5.3185945,1671
4445,0.01177323461656635,3.020019,8.828485,16630
4446,0.0010902454184914118,2.2655535,4.4950137,1540
4447,0.0009805129250718217,2.0968273,4.382979,1385
4448,0.002778709914012202,2.4387112,5.887465,3925
4449,0.0010074150847488824,2.2058547,5.2723284,1423
4450,0.0024318136444922075,2.584143,6.6912446,3435
4451,0.002805612073689263,1.9835722,4.0164347,3963
4452,0.0001330948952444061,2.138346,4.5878196,188
4453,0.000745473003682764,2.2118292,4.8173566,1053
4454,0.0005380431935412162,2.2756639,4.7514987,760
4455,0.0042243470208689965,2.288137,6.7960777,5967
4456,0.0009451153465493732,2.2672858,4.875757,1335
4457,0.008665327222295377,4.4266357,14.635213,12240
4458,0.000860161158095497,2.3853369,5.267278,1215
4459,0.0020700503919927845,2.3943229,6.521167,2924
4460,0.0008729042863635784,2.1145146,4.2397385,1233
4461,0.0023857967924130244,2.550359,7.4024787,3370
4462,0.0005649453532182771,2.2653747,6.6869845,798
4463,0.0005592817406546853,1.9896806,6.2279825,790
4464,0.00012035176697632468,2.2368994,5.3607483,170
4465,0.0009677697968037402,2.5032387,6.384327,1367
4466,0.005595649212828649,2.2810183,5.5393496,7904
4467,1.4866982979428343e-05,1.8364486,2.9055047,21
4468,0.0010152025520238212,2.2395473,5.0130854,1434
4469,0.00052176030742089,2.2660162,4.8832674,737
4470,4.176914265648915e-05,1.9230323,3.669698,59
4471,0.020796077381938456,8.692532,30.940075,29375
4472,0.0003737984291970555,2.232625,5.1876426,528
4473,0.0020445641354566216,1.8385102,4.0209193,2888
4474,0.0005621135469364812,2.2417116,5.6119776,794
4475,0.0002513228075093839,2.2620707,5.3383393,355
4476,0.0018739478069784202,2.1096287,4.4430137,2647
4477,0.004537261615007441,2.4052985,5.8910728,6409
4478,0.0025288030096437164,1.8701785,4.1695995,3572
4479,0.003784709095620187,2.0233994,4.8892365,5346
4480,0.0039730242133596124,1.962544,4.018446,5612
4481,0.008811873197378313,2.9189916,9.764413,12447
4482,0.03460254890883425,3.246139,10.451683,48877
4483,0.00045167310194644205,2.0484977,4.054879,638
4484,0.0008877712693430068,2.233682,5.000438,1254
4485,0.0002987555627294648,2.2743661,5.0262485,422
4486,0.0010251138740101067,2.4211276,7.577464,1448
4487,0.00497689954025625,2.4684734,7.442547,7030
4488,0.00015574934549877312,2.1032646,4.8049293,220
4489,0.002053059554302009,2.328254,6.2093663,2900
4490,0.0016884644955207904,1.8893118,4.430894,2385
4491,0.0014442212037158962,2.206369,5.9963636,2040
4492,0.0009819288282127197,2.2463396,5.5945435,1387
4493,0.0004955660993142781,2.2137148,5.9669237,700
4494,0.0005932634160362358,2.1739318,4.9680834,838
4495,0.0014399734942932025,2.026285,4.2169995,2034
4496,0.00013946645937844683,2.2630117,4.262696,197
4497,9.628141358105975e-05,2.4313953,6.967963,136
4498,0.0009415755886971284,2.251766,4.2645817,1330
4499,0.0002647738873479143,2.2805917,7.744428,374
4500,0.0014633358961180184,2.1812723,4.522461,2067
4501,0.001088829515350514,2.1904328,4.825648,1538
4502,0.0002605261779252205,4.1589336,8.138334,368
4503,0.004323460240731852,2.4247956,6.595478,6107
4504,0.007288361417772133,2.5853703,6.656332,10295
4505,0.007075267995066994,3.709807,12.211972,9994
4506,0.0029733965958856686,3.1432405,9.18751,4200
4507,0.0006371564134040719,1.9159014,3.9611287,900
4508,0.000951486910683414,2.276055,5.0779204,1344
4509,0.0003015873690112607,2.2969775,6.5915637,426
4510,0.00031574640042024004,2.2214184,5.9003534,446
4511,0.00521052355850441,2.3155777,5.448452,7360
4512,0.0022307553984847006,1.9630522,3.8316193,3151
4513,0.0005373352419707672,2.220944,4.9092603,759
4514,0.0004353902158261158,2.3639567,7.09143,615
4515,0.0005373352419707672,2.0846817,4.7727876,759
4516,0.00036105530092897406,2.712244,9.395179,510
4517,0.0016629782389846275,2.413512,5.522243,2349
4518,0.0005529101765206446,2.235024,4.92006,781
4519,0.0008693645285113336,2.0477984,4.462549,1228
4520,0.00457195124195944,2.1307805,4.3027673,6458
4521,5.8759980347264405e-05,2.1634917,4.559121,83
4522,0.002610925391815797,2.2154982,4.8880954,3688
4523,0.0018902306930987465,2.308404,6.0078325,2670
4524,0.0006159178662906028,2.3574498,7.3904333,870
4525,0.0013691783372483054,2.3602474,5.501567,1934
4526,0.00015787320021012002,2.4632833,7.325787,223
4527,0.000452381053516891,2.3793828,6.4687967,639
4528,0.0023964160659697593,4.1418686,12.717219,3385
4529,0.0039425822958303065,2.2406101,5.2916756,5569
4530,0.0010300695350032496,2.1527634,4.434874,1455
4531,0.0005592817406546853,2.3647847,6.7066226,790
4532,0.0005316716294071755,1.9721159,4.444908,751
4533,0.0010017514721852908,2.376904,5.4934216,1415
4534,0.016348725616378033,4.3568377,13.641161,23093
4535,0.002559244927173022,1.9231453,4.864866,3615
4536,0.001992175719243398,3.270925,11.111449,2814
4537,4.035323951559122e-05,2.747875,8.67302,57
4538,0.001422982656602427,2.8389685,8.041396,2010
4539,0.0018378422768855229,2.4086468,7.133,2596
4540,0.001605634161778261,2.28153,5.396216,2268
4541,0.00013734260466709993,1.8442904,3.6020596,194
4542,0.0010137866488829231,2.4544246,6.043836,1432
4543,0.0030406519950783206,1.8771738,3.7596598,4295
4544,0.0007072436188785198,2.2025187,4.3116407,999
4545,0.003396043683443703,1.820399,3.8428044,4797
4546,0.00115325310826137,1.9342803,4.518476,1629
4547,0.001338028468148551,2.2678835,5.1535892,1890
4548,0.04232842439714384,2.482478,8.908167,59790
4549,0.0036969231008845147,2.2496197,5.416003,5222
4550,0.000770251308648478,2.1320674,4.7630124,1088
4551,0.003553916883653823,2.2088358,4.8696947,5020
4552,0.001402452061059407,1.806307,4.10366,1981
4553,0.00024636714651624114,2.1482143,4.29433,348
4554,0.0014895301042246302,1.9584814,4.328088,2104
4555,0.0028289744755140792,2.227987,4.4529467,3996
4556,0.00024353534023444524,2.2427428,5.529133,344
4557,0.001020866164587413,3.1149232,9.273601,1442
4558,0.00023503992138905762,2.1882381,5.4039435,332
4559,0.0017323574928886265,1.9342295,3.9245327,2447
4560,0.00045167310194644205,2.5456805,8.023657,638
4561,0.0031362254570889317,4.0103264,10.303301,4430
4562,0.0020523516027315604,2.1622517,4.701661,2899
4563,0.0009628141358105975,2.0446002,4.751156,1360
4564,0.003347195025082724,1.9234405,4.6904044,4728
4565,0.0033429473156600304,1.9195021,3.7818496,4722
4566,0.008417544172638238,4.5287952,14.0037775,11890
4567,0.0009267086057177001,2.0310645,4.72585,1309
4568,0.0015277594890288745,1.7566735,4.2536335,2158
4569,0.00017061632847820146,2.255303,4.93406,241
4570,0.0004799911647644008,2.3139873,6.8299575,678
4571,0.00012035176697632468,2.345799,6.237667,170
4572,0.009596283537435772,1.9276016,4.579044,13555
4573,0.0007992773230368857,2.2583468,4.3169994,1129
4574,0.000792197807332396,2.1167154,4.370507,1119
4575,0.000611670156867909,2.3130958,6.5128183,864
4576,0.0035645361572105576,1.9854243,5.076723,5035
4577,0.005603436680103588,2.8895295,7.4340997,7915
4578,0.001291303664498919,2.186778,4.86192,1824
4579,0.0024056194363855955,2.2411098,5.2668686,3398
4580,0.0007362696332669275,2.2423496,5.5145035,1040
4581,0.0005139728401459513,1.9664729,6.1336536,726
4582,0.0011950222509178592,4.162926,16.630068,1688
4583,0.00024282738866399626,2.4109972,7.0649886,343
4584,0.001767755071411075,2.0100482,4.2106724,2497
4585,0.00021309342270513958,2.1955085,5.8789005,301
4586,0.00019539463344391537,2.0688746,6.0697827,276
4587,0.0030045464649854233,1.9966997,4.092881,4244
4588,0.0012311277810107565,2.184085,5.3039093,1739
4589,0.0036707288927779027,4.1296144,12.862933,5185
4590,0.0003129145941384442,2.1996765,5.8241377,442
4591,0.00024636714651624114,2.3112323,6.899494,348
4592,0.0010576796462507592,2.032338,4.2648053,1494
4593,0.0006881289264763976,2.0664966,4.779077,972
4594,0.0007957375651846409,2.2532787,5.326462,1124
4595,0.0010109548426011274,2.115714,4.6026063,1428
4596,0.004145764396549161,2.0187743,4.3197193,5856
4597,0.0020105824600750713,1.896544,3.6206923,2840
4598,0.0024495124337534317,2.234127,4.938966,3460
4599,0.003626835895410067,2.5874352,6.6294765,5123
4600,0.0035015284674405995,3.416935,9.53551,4946
4601,0.0016424476434416075,2.377551,5.9585924,2320
4602,0.0072345570984180116,2.0027,4.094109,10219
4603,0.0014697074602520591,2.1688206,4.894976,2076
4604,0.005114950096493799,1.8232614,4.4926486,7225
4605,0.00791560650918992,3.4927177,16.608418,11181
4606,0.0018406740831673188,2.1002798,4.197345,2600
4607,0.0005352113872594203,1.9081446,4.0250545,756
4608,0.0003674268650630148,2.226271,7.339965,519
4609,0.003417282230557172,2.7337337,10.77717,4827
4610,0.0016566066748505868,2.2021854,4.6804624,2340
4611,0.0015312992468811194,2.1091409,4.45398,2163
4612,6.159178662906028e-05,2.341957,5.067622,87
4613,0.0024296897897808606,2.4235117,6.0315037,3432
4614,0.004152843912253651,1.8743862,3.6539388,5866
4615,0.0018038606015039723,2.4787006,6.076993,2548
4616,0.0006364484618336228,2.2689834,5.1290193,899
4617,0.0018045685530744212,2.3890908,5.1279526,2549
4618,0.007264999015947317,2.459386,6.471624,10262
4619,0.002551457459898083,3.525484,10.071049,3604
4620,0.0009238767994359042,2.1915162,5.9141,1305
4621,0.00016495271591460971,1.9914665,5.8014116,233
4622,0.0006222894304246436,2.0958395,4.389825,879
4623,0.0030718018641780753,1.9008188,4.2597075,4339
4624,0.0029351672110814243,1.90015,3.857251,4146
4625,0.0008452941751160687,2.2143526,3.9434152,1194
4626,0.0037202855027093306,2.417362,6.943682,5255
4627,0.0016622702874141786,2.1601775,4.424239,2348
4628,0.002191818062110007,1.8363655,4.1464906,3096
4629,0.00041485962028309567,2.4188015,7.4398327,586
4630,0.0005989270285998276,2.304307,6.025879,846
4631,0.001787577715383646,2.922282,10.128105,2525
4632,0.002709330660108203,2.0612833,4.4457335,3827
4633,0.003149676536927462,1.9604844,4.0588503,4449
4634,0.007172257360218502,2.359149,5.7860193,10131
4635,0.0004948581477438291,2.2934742,5.663972,699
4636,0.006453686516212799,2.4480448,7.193568,9116
4637,0.0018746557585488691,2.1254048,4.0360384,2648
4638,0.0009401596855562305,2.0586379,4.7813077,1328
4639,0.0010442285664122289,2.4208846,6.5159087,1475
4640,0.0017748345871155646,2.1944404,4.5213013,2507
4641,0.00017557198947134423,2.0206285,5.402604,248
4642,0.0009019303007519861,1.9516234,5.0812883,1274
4643,0.000972725457796883,2.1473038,4.999441,1374
4644,0.00015504139392832415,3.1409469,12.490339,219
4645,0.001243870909278838,1.7549877,3.5497792,1757
4646,0.001447760961568141,1.7999562,4.050649,2045
4647,0.0007624638413735393,2.2471392,4.9449434,1077
4648,0.0011844029773611247,2.071923,5.415466,1673
4649,0.002215180463934823,1.8708497,3.8739762,3129
4650,0.0010845818059278202,2.1815636,5.1813035,1532
4651,0.0010506001305462696,2.2243779,4.2226887,1484
4652,0.0006414041228267656,2.1624844,4.819665,906
4653,0.0005762725783454606,2.179472,4.7659903,814
4654,0.0010244059224396578,2.1311183,4.239146,1447
4655,0.00022017293840962928,2.3999627,5.152069,311
4656,0.0030604746390508917,2.359778,7.7721505,4323
4657,0.00509371154938033,1.9380481,4.3526263,7195
4658,0.0007525525193872538,2.057797,4.2322855,1063
4659,0.002352523068601923,1.8814816,4.6743574,3323
4660,0.00028176472503868956,2.2398791,5.91669,398
4661,0.0015787320021012003,2.926424,7.8350205,2230
4662,0.00027256135462285294,2.319881,4.0604086,385
4663,0.0019298759810438887,1.9322826,3.8152494,2726
4664,0.00040424034672636116,2.0843775,4.406386,571
4665,0.00019185487559167052,2.2649195,5.1583686,271
4666,0.027145695017295256,4.558129,12.325193,38344
4667,0.0015482900845718945,2.0579302,4.2751536,2187
4668,0.0034328571651070492,1.9636832,4.1990314,4849
4669,0.0013727180951005505,2.0897121,4.658359,1939
4670,0.001016618455164719,2.2456996,4.7687163,1436
4671,0.0009543187169652099,2.2209964,5.1832023,1348
4672,0.0008268874342843954,2.1138797,4.793182,1168
4673,0.0008488339329683135,1.8284938,4.1935143,1199
4674,0.0005621135469364812,2.1736774,4.649747,794
4675,0.11965018697000976,2.9720988,10.316759,169009
4676,0.001218384652742675,2.1778862,5.101341,1721
4677,0.01986016540580492,3.9226358,14.316688,28053
4678,0.0010258218255805556,2.2006798,5.9012656,1449
4679,0.005365564952432734,1.9308072,4.438912,7579
4680,0.0004233550391284833,2.2372124,5.371539,598
4681,0.006195992144569375,2.3904974,6.1476245,8752
4682,0.0021472171131717223,1.9017856,4.4031878,3033
4683,0.0008176840638685589,2.2118082,4.7705817,1155
4684,0.002041732329174826,2.3185792,5.12563,2884
4685,0.0007391014395487233,2.1172383,4.408458,1044
4686,0.003073217767318973,3.3901916,9.0794325,4341
4687,0.0013026308896261025,2.1025953,4.5978384,1840
4688,0.0013854612233686317,2.2610724,4.8305964,1957
4689,0.0007525525193872538,2.283819,5.0643625,1063
4690,0.0037698421126407585,2.7848618,9.846894,5325
4691,0.0006945004906104384,2.7207873,7.8172216,981
4692,0.04542288071157628,2.556843,9.073479,64161
4693,0.009518408864686384,2.9211833,8.221035,13445
4694,0.003827894141417574,3.4682026,9.068773,5407
4695,0.0010038753268966376,2.7577078,9.9814,1418
4696,0.004678143977526785,2.9841864,8.370829,6608
4697,0.0005189285011390941,1.9214866,4.066895,733
4698,0.0017089950910638104,2.3744721,5.6007433,2414
4699,0.0009578584748174547,2.2238362,5.259902,1353
4700,0.004533721857155196,3.752171,11.332836,6404
4701,0.0026449070671973472,1.8484643,5.1302056,3736
4702,0.005622551372505709,1.8831056,3.803913,7942
4703,0.0026654376627403675,3.643421,9.683167,3765
4704,0.00696057984065426,2.6389132,8.749855,9832
4705,0.0052423813791746135,2.5496616,6.6013675,7405
4706,0.0008042329840300285,2.2986076,9.832224,1136
4707,0.002549333605186736,2.1649332,4.76607,3601
4708,0.003529138578688109,1.9200418,3.925681,4985
4709,0.0005182205495686452,2.7608929,10.958006,732
4710,0.0012651094563923071,2.2715542,6.3535523,1787
4711,0.0011454656409864315,2.4181569,5.327409,1618
4712,0.00181235602034936,2.0031044,4.5604944,2560
4713,0.0036148007187124342,2.4188993,7.294244,5106
4714,0.002407035339526494,1.9053705,4.0240192,3400
4715,0.0012509504249833278,2.298572,5.198956,1767
4716,0.0007624638413735393,2.0036442,4.3842306,1077
4717,0.0021642079508624973,2.225785,4.7828536,3057
4718,0.0005826441424795013,2.3888392,5.6260433,823
4719,0.0005557419828024405,1.8034534,3.4363573,785
4720,0.001882443225823808,2.2613862,5.481122,2659
4721,0.000702995909455826,2.278772,5.3634934,993
4722,0.0020495197964497643,4.5886927,14.655515,2895
4723,0.0019758928331230718,1.8586887,3.674838,2791
4724,0.00203182100718854,2.1910074,4.3110657,2870
4725,0.0013543113542688772,1.9204831,4.484354,1913
4726,0.0001401744109488958,2.209571,5.764053,198
4727,0.018982305458448197,2.1552138,6.224516,26813
4728,0.0008686565769408846,2.3591619,5.221655,1227
4729,0.0006470677353903574,2.0716639,6.133771,914
4730,0.02100067538579821,2.0979083,5.8098593,29664
4731,0.003053395123346402,1.936926,4.6527915,4313
4732,0.000657687008947092,2.2295804,6.2513623,929
4733,0.00573865543005934,1.8631166,4.103061,8106
4734,0.0014675836055407121,2.3020844,4.9293265,2073
4735,0.0059347580150737045,2.38421,6.7012916,8383
4736,0.002948618290919955,1.9243957,4.7324295,4165
4737,0.0008014011777482326,2.2657807,4.5633397,1132
4738,0.0013090024537601433,1.8951482,3.520539,1849
4739,0.0006810494107719079,2.1295178,4.5028553,962
4740,0.013994786644635214,3.901818,14.172043,19768
4741,0.000814144306016314,2.2257147,4.5826945,1150
4742,0.004836017177736906,1.9272237,4.3413577,6831
4743,0.003574447479196843,1.887788,4.3431325,5049
4744,0.003992138905761735,1.971234,3.9515312,5639
4745,0.0004460094893828503,2.5789793,7.6640205,630
4746,0.0028679118118887723,3.1000319,8.01683,4051
4747,0.003754267178090881,2.584631,8.157711,5303
4748,0.004004882034029816,1.9182473,4.2932844,5657
4749,0.0010314854381441474,1.8557669,4.2754416,1457
4750,0.0026774728394379998,3.4591095,10.202438,3782
4751,0.0005083092275823595,2.1886048,4.5266886,718
4752,0.0003447724148086478,2.3358223,6.9219503,487
4753,0.0026102174402453477,3.6736376,10.760541,3687
4754,0.004719913120183275,2.3211384,5.535288,6667
4755,0.004244169664841567,3.5703025,10.501024,5995
4756,0.0023001346523886996,1.9200045,4.3742423,3249
4757,0.00013451079838530406,1.954219,5.552346,190
4758,0.003310381543419378,1.9863266,4.466731,4676
4759,0.0004792832131939518,2.20935,5.6887546,677
4760,0.003604889396726149,2.8089526,7.357076,5092
4761,0.002215180463934823,1.8436939,3.939286,3129
4762,0.0011235191423025134,2.1486514,4.8870196,1587
4763,0.004871414756259354,1.8781446,4.1491275,6881
4764,0.0017252779771841369,2.0279417,4.0616727,2437
4765,0.0009790970219309238,2.1094275,4.762368,1383
4766,0.0035440055616675374,1.9298152,3.919651,5006
4767,0.002312877780656781,2.2615159,5.375219,3267
4768,0.00045875261765093174,2.2530289,5.6349874,648
4769,0.0006293689461291332,2.2402058,4.918035,889
4770,0.002426857983499065,1.8645927,3.7125795,3428
4771,0.00043751407053746266,2.3477972,5.395353,618
4772,0.004768761778544253,3.7788517,12.940845,6736
4773,0.002850213022627548,2.440454,6.8483014,4026
4774,0.00012813923425126334,2.297715,5.815087,181
4775,0.0004608764723622786,2.271312,5.2419286,651
4776,0.00258119142585694,1.9909868,4.87447,3646
4777,0.00024565919494579216,2.1431327,5.568161,347
4778,0.001153961059831819,2.0364938,4.558822,1630
4779,0.008226397248617017,3.8120637,14.286579,11620
4780,0.0026795966941493467,1.8614295,4.4166827,3785
4781,0.0007801626306347635,2.1074579,4.9525104,1102
4782,0.001313958114753286,2.2077594,5.1075473,1856
4783,0.00951486910683414,2.5054061,7.13312,13440
4784,0.0021571284351580076,1.8843882,3.847099,3047
4785,0.002369513906292698,2.1687486,5.2799516,3347
4786,0.00046512418178497247,2.2077827,5.9759445,657
4787,0.001359974966832469,2.2995708,4.845948,1921
4788,0.0017769584418269116,1.9685497,4.4173512,2510
4789,0.00011751996069452881,2.0539846,3.891324,166
4790,0.001902265869796379,1.9199733,3.6265757,2687
4791,0.0024792463997122885,1.9569892,4.6862736,3502
4792,0.011829162790631818,2.2183125,5.5146165,16709
4793,0.002112527486219723,2.241032,4.33757,2984
4794,0.004161339331099038,1.9134028,3.6639524,5878
4795,0.0004870706804688905,2.2014961,4.755913,688
4796,0.11431435598353588,2.8418407,10.618749,161472
4797,0.002829682427084528,1.9123354,4.044252,3997
4798,0.0006003429317407255,2.243352,5.241634,848
4799,1.2035176697632469e-05,1.9883969,3.1917284,17
4800,0.0005182205495686452,2.8183553,11.727518,732
4801,0.07562692651321108,3.7508385,14.321325,106825
4802,0.003707542374441249,1.8874031,3.846074,5237
4803,0.000656979057376643,2.6889896,7.90048,928
4804,0.0011872347836429206,1.8980863,4.0125766,1677
4805,0.0005238841621322368,2.2305648,6.3052983,740
4806,0.0025033167531075535,2.1651113,4.926462,3536
4807,0.005526977910495099,3.0190244,10.333786,7807
4808,0.002602429972970409,1.9148831,4.0385795,3676
4809,0.009783182752034299,3.4231238,10.006331,13819
4810,0.0006753857982083162,2.2419255,5.998108,954
4811,0.002832514233366324,4.762486,13.504002,4001
4812,0.0003327372381110153,2.2424061,5.893218,470
4813,0.006495455658869288,2.4106958,6.051402,9175
4814,0.0013521874995575302,2.126631,4.3300548,1910
4815,0.0030654303000440344,1.8691211,4.167973,4330
4816,0.0015574934549877312,1.8621738,3.933286,2200
4817,0.00047645140691215596,2.159763,5.1119714,673
4818,0.008721255396360846,1.8715032,4.1639614,12319
4819,0.03568854661790296,3.7158349,12.791873,50411
4820,0.0009635220873810465,2.2546604,6.410598,1361
4821,0.027460733466145047,3.057151,9.113965,38789
4822,0.00030654303000440347,2.248914,4.4304543,433
4823,0.0004205232328466874,2.2040014,4.8426733,594
4824,0.0011652882849590026,2.2401137,5.2186284,1646
4825,0.0005507863218092977,2.1516397,4.9349127,778
4826,9.203370415836594e-05,2.1896985,5.3363085,130
4827,0.0013075865506192452,2.2701597,5.0013537,1847
4828,0.0009585664263879036,2.3205402,5.1646085,1354
4829,0.0025465017989049405,1.8886858,4.409812,3597
4830,0.0010569716946803103,2.1438987,4.3498774,1493
4831,0.001902265869796379,2.2295973,5.3844404,2687
4832,0.0006350325586927249,2.0770674,4.8958592,897
4833,0.0015886433240874858,2.2599568,5.35988,2244
4834,0.00016282886120326282,2.4969382,10.4691105,230
4835,0.00059043160975444,2.0753899,5.178538,834
4836,0.0015312992468811194,1.963588,4.2383556,2163
4837,0.001021574116157862,2.2560842,5.184151,1443
4838,0.0014406814458636514,1.9717379,4.288583,2035
4839,0.0032084365172747264,2.3520136,5.521792,4532
4840,0.0005592817406546853,2.1702976,4.6476135,790
4841,0.00047715935848260493,2.0365582,4.275327,674
4842,0.0019773087362639696,1.8475041,4.549264,2793
4843,0.001561033212839976,1.9909557,4.054767,2205
4844,0.0016183772900463425,2.9264836,10.010303,2286
4845,0.007412252942600703,1.9356964,4.2154117,10470
4846,0.0015794399536716492,2.2178206,5.422548,2231
4847,0.0004368061189670137,2.3688073,7.3259096,617
4848,0.0009436994434084753,2.2975893,4.728856,1333
4849,0.0003143304972793421,2.1186824,4.7410426,444
4850,0.0022555337034504143,2.1551247,4.741124,3186
4851,0.02319036959319687,3.3353763,10.2712555,32757
4852,0.0031093232974118705,1.9769396,4.2312336,4392
4853,0.0014689995086816102,1.8951625,4.1963563,2075
4854,0.0010704227745188407,2.2220926,5.823,1512
4855,0.0008417544172638239,2.257438,5.5961037,1189
4856,0.0015362549078742622,2.2348223,5.5698347,2170
4857,0.0021599602414398037,2.3176944,5.444792,3051
4858,0.0015121845544789972,2.9005249,8.037236,2136
4859,0.0005012297118778699,2.2131429,4.2284446,708
4860,0.0021019082126629883,1.924141,4.344654,2969
4861,0.0004205232328466874,2.304323,7.148447,594
4862,0.05158984684175725,2.4878585,9.6979065,72872
4863,0.0006130860600088069,2.261719,7.2108903,866
4864,0.0018711160006966243,2.110042,4.7254243,2643
4865,0.0014449291552863452,2.1599271,4.6306443,2041
4866,0.0029075570998339144,2.3106177,5.273518,4107
4867,0.0022272156406324558,2.201402,6.0678287,3146
4868,0.00048353092261664565,2.1232877,5.5877905,683
4869,0.0007865341947688042,2.2945018,9.442784,1111
4870,0.007419332458305192,2.8938026,7.906644,10480
4871,0.0005231762105617879,2.1707544,5.2597537,739
4872,0.009093637922417004,2.433554,6.789046,12845
4873,0.0008750281410749253,2.1832252,4.7152157,1236
4874,0.0002768090640455468,1.871414,4.2432213,391
4875,0.0009245847510063531,2.0856833,6.062394,1306
4876,0.003051271268635055,2.4749062,6.9290586,4310
4877,0.000972725457796883,1.9987026,5.3752294,1374
4878,0.005961660174750766,5.11491,11.535046,8421
4879,0.00026406593577746535,2.4286368,7.7520885,373
4880,0.004168418846803528,1.8616836,4.4955506,5888
4881,0.0007752069696416208,2.2861154,6.0197954,1095
4882,0.0020976605032402944,1.9366958,3.840547,2963
4883,0.008791342601835294,2.8583064,8.095634,12418
4884,0.004314256870316015,2.3034623,5.718373,6094
4885,0.002312877780656781,1.8924974,4.253058,3267
4886,0.00038441770275379,2.2182648,5.9051547,543
4887,0.008455065605872034,2.41655,5.800542,11943
4888,0.0007829944369165594,2.3784897,5.738662,1106
4889,0.03800850391426423,3.749881,12.770998,53688
4890,0.01751118209505524,2.7669067,11.013242,24735
4891,0.0006414041228267656,2.2728326,6.4619923,906
4892,0.001065467113525698,1.951549,5.5001454,1505
4893,0.0033386996062373365,3.6431732,15.649186,4716
4894,0.002011998363215969,1.9620419,3.7841828,2842
4895,0.000993964004910352,2.1050167,5.225629,1404
4896,0.0008445862235456197,2.1997797,4.386699,1193
4897,0.002697295483410571,1.8648573,4.1395864,3810
4898,0.0036133848155715364,1.9047302,4.1170583,5104
4899,0.0004438856346715034,2.224834,4.8559346,627
4900,0.00022088088998007825,2.2592392,4.5424843,312
4901,0.0052636199262880825,2.1939,6.6399956,7435
4902,0.0031829502607385635,2.3923774,6.0377817,4496
4903,0.008388518158249831,3.5556054,11.418969,11849
4904,0.0037521433233795344,2.538225,8.544544,5300
4905,0.00024141148552309834,2.0649934,6.4119983,341
4906,0.001042104711700882,2.258728,4.8289323,1472
4907,0.0014371416880114066,2.1036856,4.972712,2030
4908,0.00142793831759557,2.2335823,5.18853,2017
4909,9.911321986285562e-05,2.695101,7.834667,140
4910,0.0008785678989271702,2.1891515,5.522416,1241
4911,0.0008559134486728032,2.2868025,5.956313,1209
4912,0.02470609390552811,5.6933823,16.138367,34898
4913,0.0004870706804688905,2.2537134,4.7537336,688
4914,0.0025918106994136745,1.8835398,3.7408316,3661
4915,0.00018477535988718083,2.0525577,6.100016,261
4916,0.0006598108636584389,2.179825,6.3843846,932
4917,0.00039362107316962664,2.095265,5.336273,556
4918,0.0007829944369165594,1.8579617,4.7312493,1106
4919,0.09767749407798511,3.581849,16.142124,137972
4920,0.0017684630229815239,2.114082,3.8849115,2498
4921,0.0007440571005418662,2.4858584,7.0121913,1051
4922,0.0005047694697301147,1.7458471,4.313276,713
4923,0.00169554401122528,1.8266187,4.717017,2395
4924,0.005645913774330526,3.773212,12.830963,7975
4925,0.008387102255108933,1.9102062,4.062116,11847
4926,0.0011355543190001457,2.2732663,5.167648,1604
4927,0.0007553843256690497,2.0182283,5.2331614,1067
4928,0.00044813334409419723,2.1087754,6.022259,633
4929,0.00036105530092897406,2.1763911,6.308712,510
4930,9.486551044016181e-05,2.1081517,5.9542575,134
4931,0.0034484320996569268,1.7727658,4.355357,4871
4932,0.001855541066146747,1.7910985,3.3921237,2621
4933,0.00052176030742089,2.064273,4.7314086,737
4934,0.002215888415505272,2.2427971,7.779817,3130
4935,0.0020466879901679686,1.8513327,3.964803,2891
4936,0.001987928009820704,2.2611923,5.7809615,2808
4937,0.000722818553428397,2.1844394,5.3630733,1021
4938,0.002490573624839472,2.0422242,4.0044827,3518
4939,0.00032282591612472973,2.333027,5.105466,456
4940,0.0011228111907320645,2.3898096,6.5651135,1586
4941,0.0011723678006634922,2.2558165,5.1304436,1656
4942,0.0006166258178610518,2.0125296,4.2950473,871
4943,0.0012608617469696134,2.455213,5.5700135,1781
4944,0.004353902158261157,2.6537352,7.6701365,6150
4945,0.00030371122372260757,1.962276,5.5375214,429
4946,0.001153961059831819,2.025166,4.1701107,1630
4947,0.0005245921137026859,2.1612628,5.2204065,741
4948,0.003570907721344598,1.8960549,4.5950437,5044
4949,0.001810232165638013,1.9350387,3.9673233,2557
4950,0.0030364042856556267,2.4499292,6.2246,4289
4951,0.0031510924400683597,1.893849,4.473775,4451
4952,0.002215180463934823,1.9121175,3.9627433,3129
4953,0.006600940442866184,2.7573333,8.420539,9324
4954,0.0004495492472350951,2.2509968,8.410346,635
4955,0.0027539316090464884,2.0200865,4.2577257,3890
4956,0.004157091621676344,1.8966829,4.643749,5872
4957,0.0008898951240543537,2.1015785,5.658361,1257
4958,0.0001925628271621195,2.3174665,4.4297667,272
4959,0.002541546137911798,3.4525607,9.091031,3590
4960,0.0016856326892389945,2.3427985,5.3130794,2381
4961,0.0005989270285998276,1.869312,4.1517262,846
4962,0.0006392802681154187,2.0823228,4.4640193,903
4963,0.003672144795918801,1.9047236,4.1375976,5187
4964,0.008689397575690642,1.9174019,4.860007,12274
4965,0.0021592522898693546,1.9941548,3.9521143,3050
4966,0.0015114766029085483,2.2102811,5.0805554,2135
4967,0.000702995909455826,2.8683932,8.963944,993
4968,0.00031787025513158696,2.2720144,5.360115,449
4969,0.0009656459420923934,2.1861563,6.2598867,1364
4970,0.001582979711523894,1.9035774,4.058203,2236
4971,0.0005932634160362358,2.1119657,4.785577,838
4972,0.0005288398231253796,2.3370101,5.734553,747
4973,0.0016374919824484646,2.376147,5.6453924,2313
4974,0.0017698789261224217,2.585249,8.505226,2500
4975,0.0006725539919265203,2.1575186,4.354222,950
4976,0.0009359119761335366,2.0145094,5.100964,1322
4977,0.002191110110539558,1.8467005,4.071434,3095
4978,0.0016452794497234034,2.3444357,6.252108,2324
4979,0.0015525377939945885,2.282462,5.666215,2193
4980,0.0025911027478432254,2.3267248,5.9314003,3660
4981,0.0012070574276154917,2.0582168,4.677122,1705
4982,0.0009521948622538629,2.1572847,4.6217318,1345
4983,0.0008842315114907619,2.2400677,4.594485,1249
4984,0.004560624016832256,1.8906848,3.9844809,6442
4985,0.0005146807917164002,2.1649563,5.2571893,727
4986,0.00208704122968356,1.9162335,4.0737095,2948
4987,0.0014095315767638967,2.3364213,5.2126436,1991
4988,0.0009819288282127197,2.1797745,5.0049777,1387
4989,0.0026130492465271434,2.0553086,3.9379685,3691
4990,0.000657687008947092,2.134207,4.560057,929
4991,0.0006484836385312554,1.9927348,4.298946,916
4992,0.03963112891373327,2.8629496,10.9452505,55980
4993,0.000769543357078029,2.1953466,4.599188,1087
4994,0.0005755646267750115,2.1727216,5.5544662,813
4995,0.0030194134479648517,2.0007606,3.9764202,4265
4996,0.00029733965958856685,2.230529,5.583207,420
4997,0.001020866164587413,2.0889747,4.508222,1442
4998,0.0032048967594224815,1.8499293,3.9628665,4527
4999,0.000406364201437708,2.2620258,5.725082,574
5000,0.003031448624662484,2.2465239,6.3503056,4282
5001,0.045428544324139876,3.7530577,12.932493,64169
5002,0.0019263362231916438,2.2745974,5.7129865,2721
5003,0.009633804970669567,2.890464,9.932732,13608
5004,6.442359291085616e-05,2.4835675,6.620316,91
5005,0.00558149018141967,1.8353238,3.9273992,7884
5006,0.0006194576241428477,2.1051316,4.6573396,875
5007,0.008580373033841501,2.571335,9.051285,12120
5008,0.002438893160196697,2.3802183,6.578747,3445
5009,0.002694463677128775,2.0667682,3.917585,3806
5010,0.004693010960506214,3.353727,9.599197,6629
5011,0.0017019155753593208,1.9362341,4.3985524,2404
5012,0.0019150089980644604,2.2043216,5.3045826,2705
5013,0.0024112830489491873,3.9477458,10.825401,3406
5014,0.0013734260466709994,2.173032,5.284345,1940
5015,0.0003737984291970555,2.1994836,5.1193533,528
5016,0.007961623361269102,2.4913306,6.4964643,11246
5017,0.002673225130015306,1.8523443,3.9102616,3776
5018,0.009606902810992506,2.4014966,5.8907027,13570
5019,0.0007298980691328868,2.1811297,4.78714,1031
5020,0.0005776884814863585,2.2334769,6.3998947,816
5021,0.0016488192075756482,1.9840149,4.6559067,2329
5022,0.0006180417210019497,2.208748,4.300409,873
5023,0.0009224608962950063,2.174151,4.7323337,1303
5024,0.0004438856346715034,2.322402,4.9146094,627
5025,0.026370488047653635,2.8274705,9.597369,37249
5026,0.0010937851763436566,1.8975246,3.7006135,1545
5027,0.003486661484461171,3.4147513,10.316263,4925
5028,0.001832178664321931,2.3216987,5.8324647,2588
5029,0.003537633997533497,2.3669546,5.634582,4997
5030,0.0010775022902233303,2.1688597,5.1288247,1522
5031,0.0020735901498450293,2.2544177,5.4292154,2929
5032,0.000724942408139744,2.499412,6.449245,1024
5033,0.002944370581497261,1.8075403,3.6227403,4159
5034,0.009626725454965077,2.619154,7.3188086,13598
5035,0.000746888906823662,2.8997319,14.5485935,1055
5036,0.00040424034672636116,2.4450638,6.2862816,571
5037,0.0038052396911632067,2.283515,5.8924427,5375
5038,0.003917096039294144,1.891698,4.0774646,5533
5039,0.0008290112889957424,2.2396214,4.8180327,1171
5040,0.0013415682260007958,2.0633268,4.5233035,1895
5041,0.003209852420415624,2.3896432,5.6775846,4534
5042,0.0030909165565801973,1.8674074,4.287545,4366
5043,0.0009472392012607201,2.4238164,6.3666368,1338
5044,0.0017528880884316465,1.9797425,4.2255135,2476
5045,0.0012842241487944293,2.2059793,4.908056,1814
5046,0.00972725457796883,1.8415564,4.248669,13740
5047,0.0003815858964719941,2.0305126,5.251722,539
5048,0.01334559505453351,3.3199916,10.618003,18851
5049,0.0037875409019019826,1.7703325,3.997073,5350
5050,0.004936546300740659,3.647931,10.33463,6973
5051,0.002555705169320777,2.1775556,5.4827676,3610
5052,0.0022399587689005372,3.3924665,10.655811,3164
5053,0.007497207131054579,3.2523463,10.835992,10590
5054,0.00039291312159917766,2.1207292,5.1281624,555
5055,0.00779879450006584,2.9772832,10.438597,11016
5056,0.019810608795873492,1.9723017,4.874128,27983
5057,0.0017861618122427482,1.9586812,4.5553646,2523
5058,0.000814852257586763,2.1735604,6.19833,1151
5059,0.000680341459201459,2.0532231,4.849284,961
5060,0.00392700736128043,1.769307,3.6921723,5547
5061,0.001718198461479647,2.1706212,4.561236,2427
5062,0.001495901668358671,2.1863196,4.705328,2113
5063,0.0008948507850474965,1.90798,4.673763,1264
5064,0.001018742309876066,2.2448986,6.471091,1439
5065,0.0009557346201061078,2.189848,4.6250196,1350
5066,0.019633620903261248,2.816207,9.095394,27733
5067,0.0008098965965936203,2.224341,4.82716,1144
5068,0.0029330433563700773,1.9276351,3.8953767,4143
5069,0.001648111256005199,1.8281642,3.3794646,2328
5070,0.0007334378269851316,2.338333,5.357859,1036
5071,0.006227849965239578,2.261379,6.752308,8797
5072,0.014103103234913907,3.0334015,9.021706,19921
5073,0.0013274091945918163,2.2409554,5.252622,1875
5074,0.0011674121396703493,1.998954,4.486514,1649
5075,0.0005245921137026859,2.180242,5.4736133,741
5076,0.004071429481652019,3.123149,9.562777,5751
5077,0.001106528304611738,2.3533823,6.4450183,1563
5078,0.0005394590966821142,2.281011,4.8304176,762
5079,0.003436396922959294,1.9821926,3.9278364,4854
5080,0.000836798756270681,2.2811596,6.3279347,1182
5081,0.0003242418192656277,2.358931,6.5248747,458
5082,0.0008460021266865176,2.237834,4.7278666,1195
5083,0.0011143157718866768,2.2039008,4.8474846,1574
5084,0.0017889936185245439,1.9430406,4.9509706,2527
5085,0.0007879500979097022,1.8739076,4.270172,1113
5086,0.0005755646267750115,2.1213927,4.7236385,813
5087,0.00235464692331327,2.4955883,6.953003,3326
5088,0.004526642341450706,2.6232038,7.281292,6394
5089,0.0006916686843286425,2.1143708,6.9463334,977
5090,0.00037946204176064725,2.2839115,7.8187275,536
5091,0.0007129072314421115,2.3565927,6.172572,1007
5092,0.0021649159024329464,1.8779228,3.9966402,3058
5093,0.0011907745414951655,2.2318506,5.7289386,1682
5094,0.008239140376885098,2.447159,6.4019146,11638
5095,0.0002633579842070164,2.074118,5.01148,372
5096,0.0012325436841516546,2.4090104,5.0217886,1741
5097,0.0014973175714995688,1.8755381,4.875751,2115
5098,0.0005982190770293785,2.1557822,4.950777,845
5099,0.004947165574297393,3.5950437,11.332729,6988
5100,0.000749012761535009,2.2134585,5.1948323,1058
5101,0.0031553401494910536,3.3843164,10.892985,4457
5102,0.001449884816279488,2.5902746,7.765011,2048
5103,0.0035397578522448434,1.8998934,4.145231,5000
5104,0.0037259491152729224,2.2992365,5.5076165,5263
5105,0.0017720027808337687,2.3843818,7.041763,2503
5106,0.0005408749998230121,2.4115098,5.055122,764
5107,0.00024636714651624114,2.2299385,5.030149,348
5108,0.0030703859610371775,1.8753946,3.7761726,4337
5109,0.000656271105806194,2.256576,4.982939,927
5110,0.004400626961910789,2.4254308,5.915558,6216
5111,0.0003872495090355859,2.2536454,5.0830812,547
5112,0.005404502288807427,1.9444704,4.1081424,7634
5113,0.002438893160196697,1.9102768,3.923269,3445
5114,0.0016516510138574441,1.9549513,4.0906343,2333
5115,0.0002874283376022813,2.1251616,4.281732,406
5116,0.002987555627294648,2.3170354,5.047061,4220
5117,0.0009663538936628423,2.0912962,4.6278386,1365
5118,0.004334079514288587,1.9301084,3.8884757,6122
5119,0.0007624638413735393,2.192229,4.889389,1077
5120,0.0002782249671864447,2.3163347,6.4141903,393
5121,0.0020502277480202134,2.9869707,9.942762,2896
5122,0.005041323133167106,2.2242053,5.297688,7121
5123,0.0027326930619330195,2.5559025,7.4477205,3860
5124,7.079515704489688e-05,2.0894861,3.947208,100
5125,0.002625792374795225,1.8578625,3.8228958,3709
5126,0.006289441751868638,1.8786119,4.2685704,8884
5127,0.006338998361800066,1.8801146,3.906589,8954
5128,0.0014541325257021818,2.3017,5.065435,2054
5129,0.0097470772219414,2.7437396,7.820373,13768
5130,0.0010010435206148417,1.9179401,4.64818,1414
5131,0.000722818553428397,2.228493,4.543937,1021
5132,0.0014895301042246302,2.468439,6.0609202,2104
5133,0.0008396305625524769,2.3291912,7.7634997,1186
5134,0.0007829944369165594,2.3026602,5.4426537,1106
5135,0.005595649212828649,2.635253,6.740267,7904
5136,0.0017734186839746667,1.9912064,4.8078094,2505
5137,0.004619383997179521,3.3740973,12.561787,6525
5138,0.0007822864853461104,2.2264752,4.7987733,1105
5139,0.0053591933882986935,1.9355756,4.7555456,7570
5140,0.018332405916776044,2.1537406,5.7184186,25895
5141,0.01118209505524146,2.3432305,6.9217424,15795
5142,0.00538892735425755,1.8651203,3.8937767,7612
5143,0.0007638797445144373,1.9464501,4.5777864,1079
5144,0.0022760642989934346,2.3215985,5.8846827,3215
5145,0.0015093527481972013,1.9779133,4.226378,2132
5146,0.0011412179315637375,2.2615066,4.7761326,1612
5147,0.0015773160989603022,1.9509602,4.4684067,2228
5148,0.0012042256213336958,2.2011635,5.4426537,1701
5149,0.0036112609608601894,2.3692687,5.5724382,5101
5150,0.00099537990805125,2.214866,4.503043,1406
5151,0.00647988072431941,2.8700953,8.437176,9153
5152,0.008563382196150725,1.9552509,4.158969,12096
5153,0.0010272377287214537,2.2933464,5.527272,1451
5154,0.0029344592595109756,2.9624844,9.562551,4145
5155,0.0006251212367064394,2.3138614,5.9976234,883
5156,0.0015943069366510776,2.3576021,6.4056764,2252
5157,0.0006966243453217852,2.16964,4.584942,984
5158,0.00020105824600750712,2.1692233,6.952249,284
5159,0.002988971530435546,1.8005496,3.5149438,4222
5160,0.0021656238540033955,2.0491154,5.021394,3059
5161,0.0006088383505861131,2.2073057,4.9302964,860
5162,0.0036806402147641884,2.8935883,8.723441,5199
5163,0.0024296897897808606,1.9991333,4.1636057,3432
5164,0.002038192571322581,2.2536519,5.3067045,2879
5165,0.0003306133833996684,2.2295806,4.824618,467
5166,0.0025443779441935935,2.486067,6.2276864,3594
5167,0.0007143231345830094,2.337598,4.9213014,1009
5168,0.0028332221849367728,2.6822753,7.2927794,4002
5169,0.003211976275126971,1.9122914,3.8645136,4537
5170,0.00035893144621762713,2.1145995,4.134822,507
5171,0.002470043029296452,1.9104803,4.29972,3489
5172,0.0003730904776266065,2.2937431,4.5876517,527
5173,0.007902863380921839,2.671634,8.148182,11163
5174,0.0009854685860649645,1.9853778,4.171293,1392
5175,0.00028388857975003643,2.379076,6.02761,401
5176,0.001990051864532051,2.2278159,4.7311683,2811
5177,0.0009026382523224352,2.2398088,5.46926,1275
5178,0.001178031413227084,2.270934,4.727897,1664
5179,0.000294507853306771,2.2924309,5.338096,416
5180,0.0008580373033841501,2.0332108,4.985979,1212
5181,0.0008169761122981099,2.017702,3.9216068,1154
5182,0.0007858262431983553,2.3616133,4.9013195,1110
5183,0.003643826733100842,1.9159305,3.9352791,5147
5184,0.0012757287299490416,2.181637,6.5873165,1802
5185,0.0029783522568788113,2.2570102,5.2092047,4207
5186,0.00262225261694298,2.0462866,3.8092823,3704
5187,0.0004785752616235029,2.0038533,4.9661098,676
5188,0.000317162303561138,2.1003149,5.233869,448
5189,0.002776586059300855,1.9035218,3.6162472,3922
5190,0.00030725098157485245,2.1897607,5.122064,434
5191,0.015002201729384096,2.0431495,4.4816804,21191
5192,0.0018314707127514822,1.9657248,3.8080082,2587
5193,0.0004460094893828503,2.1791077,4.7683535,630
5194,0.0005061853728710126,2.2239006,4.831973,715
5195,0.0006286609945586842,2.165436,4.7857323,888
5196,0.0005946793191771337,2.4541647,10.337394,840
5197,0.0005783964330568074,1.9124478,4.0109043,817
5198,0.0015688206801149148,2.2427425,5.490033,2216
5199,0.008358076240720524,1.8029866,3.8014345,11806
5200,0.004672480364963194,2.6010146,8.107501,6600
5201,0.00402966033899553,4.3600674,12.914453,5692
5202,0.0024523442400352278,2.1543446,4.9628873,3464
5203,0.1358282962579096,5.4445643,15.186007,191861
5204,0.0011008646920481464,2.2394712,4.730692,1555
5205,0.0057528144614683195,1.9294167,4.230002,8126
5206,0.0013649306278256117,2.356448,6.3416243,1928
5207,0.0015228038280357317,2.2302983,4.8562284,2151
5208,0.026252968086959108,3.0723553,12.215363,37083
5209,0.023020461216289118,3.3198974,9.758838,32517
5210,0.03260895728644995,4.065902,10.166809,46061
5211,0.0002803488218977916,2.364667,6.1475654,396
5212,0.00023503992138905762,2.419299,7.3858895,332
5213,0.000657687008947092,2.0745795,5.8817663,929
5214,0.00037663023547885135,2.2878354,5.2861805,532
5215,0.009093637922417004,1.9004707,4.450313,12845
5216,0.007818617144038411,2.5013893,6.709319,11044
5217,0.003931255070703124,2.9082444,7.69034,5553
5218,0.002892690116854486,1.9413328,4.3195763,4086
5219,0.0011681200912407985,2.2753897,5.039292,1650
5220,0.0003780461386197493,1.8988612,5.37736,534
5221,0.00061096220529746,2.1929543,4.4459553,863
5222,0.0009698936515150872,2.3008473,4.832581,1370
5223,0.002467919174585105,2.2579246,5.7653694,3486
5224,0.0025472097504753897,2.288039,5.669319,3598
5225,0.0014357257848705085,2.0419831,3.929529,2028
5226,0.0015723604379671596,1.925892,3.7189653,2221
5227,0.0015482900845718945,2.4751723,7.119367,2187
5228,0.0001996423428666092,2.1477487,4.6558886,282
5229,0.016871193875369374,2.6131997,7.629225,23831
5230,0.00777047643724788,3.8643453,16.288588,10976
5231,0.00011751996069452881,1.8083206,4.035314,166
5232,0.0006406961712563167,2.2356122,5.200298,905
5233,0.0010378570022781882,2.0402353,4.2469625,1466
5234,0.00021875703526873133,2.2065904,5.5186567,309
5235,0.0008870633177725578,2.298026,8.68303,1253
5236,0.0002803488218977916,2.248693,5.175999,396
5237,0.0047616822628397636,2.215166,4.87087,6726
5238,0.0010718386776597387,1.9860607,4.2206464,1514
5239,0.0006867130233354997,2.0726392,4.743655,970
5240,0.0041464723481196095,3.3202302,8.549991,5857
5241,0.001877487564830665,2.1756992,4.461751,2652
5242,0.0012559060859764705,1.965033,4.0548625,1774
5243,0.0016445714981529543,1.963771,3.826704,2323
5244,0.0016870485923798926,2.2744403,5.078127,2383
5245,0.011441913281596232,1.8828648,4.2135925,16162
5246,0.0012013938150519,2.2350967,6.971643,1697
5247,0.00438646793050181,4.249903,12.39338,6196
5248,0.000724234456569295,2.192717,5.8065767,1023
5249,0.0023723457125744943,2.1635444,4.383449,3351
5250,0.0011645803333885537,2.000982,3.9074256,1645
5251,0.00046229237550317657,2.144775,4.898898,653
5252,0.0028764072307341597,2.8220766,9.303308,4063
5253,0.0004254788938398302,2.1957183,4.635624,601
5254,0.005056898067716984,3.4398606,11.72584,7143
5255,0.002916760470249751,2.3345547,5.866166,4120
5256,0.0006258291882768884,2.3066456,7.7997003,884
5257,0.00031362254570889317,1.9204379,5.4900384,443
5258,0.0008927269303361495,2.253138,4.929271,1261
5259,0.0018272230033287882,1.8624263,4.602408,2581
5260,0.005136188643607268,1.8430817,3.9297755,7255
5261,0.016629074438275826,2.123198,5.0869255,23489
5262,0.0023673900515813516,1.8914356,3.7902722,3344
5263,0.0011504213019795742,2.2425413,4.9555044,1625
5264,0.000971309554655985,2.042822,4.5451946,1372
5265,0.0004785752616235029,2.0820284,4.2900834,676
5266,0.023948585725147714,2.2663128,6.3444843,33828
5267,0.001203517669763247,1.8377316,4.548122,1700
5268,0.0006583949605175409,2.3250232,5.9088664,930
5269,0.0011674121396703493,2.8537068,9.567552,1649
5270,0.0029981749008513824,2.0368445,4.5721617,4235
5271,0.001787577715383646,2.4884984,7.124991,2525
5272,0.00021521727741648648,2.462802,7.0138545,304
5273,0.000294507853306771,2.1878295,4.6496234,416
5274,0.00015716524863967104,2.421554,8.44624,222
5275,0.00016212090963281384,2.4336007,8.533526,229
5276,0.007961623361269102,3.663022,10.705713,11246
5277,0.0023872126955539227,2.253467,4.7920246,3372
5278,0.0026803046457197954,2.173627,4.672313,3786
5279,0.0005925554644657868,2.2365649,5.497751,837
5280,0.004930174736606618,2.8182929,9.079582,6964
5281,0.0013458159354234895,1.9721272,4.973924,1901
5282,0.0011744916553748392,1.7951463,3.743657,1659
5283,0.0795624292933369,2.6220453,9.27461,112384
5284,0.0026137571980975926,2.3343914,6.0505104,3692
5285,0.0005408749998230121,2.3874404,5.993139,764
5286,0.00041981528127623844,2.2227938,6.6184125,593
5287,0.0001224756216876716,2.156695,4.9248595,173
5288,0.0019376634483188274,2.3911643,6.134484,2737
5289,0.001744392669586259,2.2993796,5.753684,2464
5290,0.0011001567404776973,2.1753657,4.5737824,1554
5291,0.002401371726962902,1.8869379,3.524142,3392
5292,0.0025408381863413487,2.2257335,5.0974116,3589
5293,0.018968146427039218,2.7818353,7.9917297,26793
5294,0.00967982182274875,2.026589,4.567431,13673
5295,0.0019574860922913985,2.3783104,5.625592,2765
5296,0.0005465386123866038,1.7675378,4.3731055,772
5297,0.0016155454837645466,2.0634463,4.556843,2282
5298,0.000565653304788726,2.1876032,5.6466656,799
5299,0.0006392802681154187,2.1630337,4.8220377,903
5300,0.0034307333103957022,2.3846903,6.455456,4846
5301,0.002533758670636859,2.179395,4.480939,3579
5302,0.00028176472503868956,2.248973,5.123641,398
5303,0.0054151215623641615,1.7775203,3.812577,7649
5304,0.010113796135433967,2.3874514,5.890426,14286
5305,0.0016877565439503415,2.2665758,4.917816,2384
5306,0.00038795746060603484,2.2129798,5.168847,548
5307,0.0004644162302145235,2.2579741,6.0612197,656
5308,0.0012573219891173684,1.8444597,4.004517,1776
5309,0.0008672406737999866,2.1077783,4.06335,1225
5310,0.002671809226874408,2.42084,6.9008937,3774
5311,0.00020601390700064989,2.0690567,4.710359,291
5312,0.0012098892338972876,2.2222133,5.1451473,1709
5313,0.002325620908924862,1.92655,3.8615916,3285
5314,0.0011525451566909211,2.3053503,5.606417,1628
5315,0.0001946866818734664,2.2262127,4.909248,275
5316,0.0008098965965936203,2.1978855,5.644822,1144
5317,0.0003815858964719941,2.191819,6.517844,539
5318,0.0011362622705705949,2.1533272,5.0301566,1605
5319,0.008020383341616366,4.033013,12.145631,11329
5320,0.00039291312159917766,2.1842163,6.26895,555
5321,0.0015369628594447112,1.8523972,4.230913,2171
5322,0.001065467113525698,2.1649144,4.9968944,1505
5323,0.013074449603051555,2.1216476,5.829787,18468
5324,0.000904054155463333,2.101182,4.0508676,1277
5325,0.0019312918841847867,1.7695786,3.879163,2728
5326,0.0010668830166665959,2.196961,5.022203,1507
5327,0.0053329991801920815,1.9872298,4.4252853,7533
5328,0.0015029811840631606,3.501566,10.292747,2123
5329,0.0010541398883985144,2.0302117,5.004398,1489
5330,0.0025259712033619203,2.5675774,10.645945,3568
5331,0.0008452941751160687,2.2054334,5.7542887,1194
5332,0.014879018156125976,4.127106,12.757401,21017
5333,0.0018944784025214402,1.8422182,3.545103,2676
5334,0.00015928910335101797,2.4063027,5.772043,225
5335,0.0005238841621322368,2.3423204,4.807143,740
5336,0.005372644468137224,2.580916,8.735819,7589
5337,0.0033840085067460704,1.874214,4.1282735,4780
5338,0.0010484762758349226,1.9275006,4.0684032,1481
5339,0.0009868844892058624,2.6303222,8.2718525,1394
5340,0.016567482651646766,3.4079337,11.065498,23402
5341,0.00046300032707362554,2.1976402,4.83615,654
5342,0.0024374772570557993,1.9607385,3.956413,3443
5343,0.003061182590621341,2.0080006,3.8677816,4324
5344,0.010128663118413395,2.2053707,4.98955,14307
5345,0.0007872421463392533,1.9640872,4.4578767,1112
5346,0.0007737910665007228,2.4625232,6.710862,1093
5347,0.001088121563780065,1.9106017,4.6849923,1537
5348,0.0019348316420370315,2.2288501,4.642426,2733
5349,0.0006173337694315007,2.4442356,6.8760014,872
5350,0.0030250770605284435,1.8899636,3.8070428,4273
5351,0.006637753924529531,2.9871974,13.25286,9376
5352,0.0007199867471466012,1.9694477,4.590318,1017
5353,0.015897052514431593,2.477662,7.061205,22455
5354,0.0013507715964166324,2.7502565,7.9924855,1908
5355,0.0008686565769408846,2.075773,4.586699,1227
5356,0.00016353681277371176,2.1743343,6.407066,231
5357,0.000678925556060561,2.2402682,5.252836,959
5358,0.0024778304965713907,1.9353344,4.2969866,3500
5359,0.0006647665246515816,2.0496428,5.089848,939
5360,0.0022307553984847006,1.8161936,4.107242,3151
5361,0.006196700096139823,2.4050741,6.2909775,8753
5362,0.00018406740831673188,2.104289,5.263717,260
5363,0.00025061485593893493,2.1763813,5.64134,354
5364,0.0004233550391284833,2.1771069,4.2438197,598
5365,0.010823163609023833,5.1409407,17.18673,15288
5366,0.0013472318385643876,2.2588234,4.8637667,1903
5367,0.0018456297441604614,2.1723096,4.3937635,2607
5368,0.0009606902810992506,2.0961523,4.821413,1357
5369,0.0008070647903118244,2.228702,4.460819,1140
5370,0.0004091960077195039,2.276344,4.4175267,578
5371,0.001835718422174176,2.003449,4.5244794,2593
5372,0.00023503992138905762,2.4811144,6.5247593,332
5373,0.0006428200259676636,2.1850128,5.2951293,908
5374,0.0018286389064696863,2.1965947,4.9106283,2583
5375,0.0006265371398473373,2.205152,5.2694254,885
5376,0.003772673918922554,1.8216361,4.2577405,5329
5377,0.02483140133349758,2.4137897,8.230727,35075
5378,0.0004368061189670137,2.2370994,5.9044876,617
5379,0.0028346380880776706,1.9954503,4.1665974,4004
5380,0.0010045832784670867,2.0759265,4.406794,1419
5381,0.0018633285334216858,3.3449812,9.34365,2632
5382,0.0018137719234902578,2.314223,4.9072247,2562
5383,0.0019185487559167053,1.9257704,4.0074635,2710
5384,0.0060735165228817025,2.6034372,7.0851455,8579
5385,0.0019581940438618477,1.8621356,3.8978972,2766
5386,0.0010534319368280655,2.0769482,4.973055,1488
5387,0.0010123707457420253,2.2166522,5.240155,1430
5388,0.00047220369748946216,2.2588265,5.159937,667
5389,0.0012863480035057763,2.4923017,6.3322625,1817
5390,0.026186420639336905,2.992474,9.580835,36989
5391,0.006637753924529531,3.6854808,14.18212,9376
5392,0.0006314928008404801,2.214617,5.5825872,892
5393,0.004747523231430784,2.345811,5.6452975,6706
5394,0.002053059554302009,2.3656251,5.3777976,2900
5395,0.0008877712693430068,2.2770262,4.7287235,1254
5396,0.004258328696250547,2.1067057,5.8754387,6015
5397,0.0009868844892058624,1.9205805,3.8757608,1394
5398,0.0011815711710793288,2.208235,4.6975226,1669
5399,0.00048353092261664565,2.961581,16.142881,683
5400,0.0031772866481749717,2.6681597,9.716067,4488
5401,0.06288521414827054,2.6323383,9.358968,88827
5402,0.0001564572970692221,2.1079223,5.33764,221
5403,0.0010562637431098614,2.3071454,5.211868,1492
5404,0.00033202928654056636,2.2921724,7.530798,469
5405,0.0010746704839415344,1.7919147,4.1276493,1518
5406,0.0010760863870824325,1.9237188,4.4451256,1520
5407,0.000407072153008157,2.6200042,7.5817146,575
5408,0.005269991490422123,2.5168777,9.2669525,7444
5409,0.00155820140655818,2.1698496,4.8737307,2201
5410,0.016884644955207903,2.869026,9.436247,23850
5411,0.001447760961568141,2.256245,5.2741094,2045
5412,0.0010314854381441474,2.2578795,5.3957176,1457
5413,0.0007376855364078255,2.4425054,8.45957,1042
5414,0.00036884276820391273,2.198474,4.8660803,521
5415,0.0026385355030633063,1.9843949,4.6281815,3727
5416,0.0004028244435854632,2.4153845,7.721057,569
5417,0.000882815608349864,2.0487006,3.8830376,1247
5418,0.0032700283039037866,2.3297362,6.5938597,4619
5419,0.0010789181933642284,2.2847834,4.8431,1524
5420,0.0014817426369496916,2.2422495,4.4244337,2093
5421,0.0012990911317738577,1.7714127,3.8480828,1835
5422,0.002733401013503468,1.895434,3.7759395,3861
5423,0.00029309195016587305,2.5878675,8.538175,414
5424,0.0012155528464608792,2.1602175,4.2187576,1717
5425,0.0007865341947688042,2.2746377,4.371525,1111
5426,0.0018272230033287882,2.3192918,4.68162,2581
5427,0.001403160012629856,2.1921225,5.098342,1982
5428,0.003931963022273572,4.157169,11.339924,5554
5429,0.00043397431268521784,2.1143336,5.01507,613
5430,0.0018364263737446248,2.2525795,5.132419,2594
5431,0.0006980402484626832,2.2337255,4.2839975,986
5432,0.00010902454184914119,2.3167293,5.2591944,154
5433,0.0005267159684140327,2.4852746,6.799679,744
5434,0.0010767943386528814,2.3927176,5.1616073,1521
5435,0.00032919748025877045,2.084563,4.5133653,465
5436,0.0015666968254035678,2.3071723,7.4874024,2213
5437,0.0003306133833996684,2.843019,10.189104,467
5438,0.0007660035992257841,2.0650673,5.0365667,1082
5439,0.00012389152482856952,2.0598497,7.391219,175
5440,0.002476414593430493,1.8399225,3.909506,3498
5441,0.0008516657392501094,2.1901255,5.94441,1203
5442,0.000475035503771258,2.0531209,4.748333,671
5443,0.0005585737890842364,2.264116,4.97756,789
5444,0.003803823788022309,1.8558245,3.692617,5373
5445,0.00668660258289051,1.8166614,3.9140105,9445
5446,0.00839488972238387,2.0377517,4.7856965,11858
5447,0.00282826652394363,1.7846277,3.661007,3995
5448,0.0031390572633707274,1.9131455,4.0341263,4434
5449,0.005583614036131016,3.027449,8.5070095,7887
5450,0.0007100754251603156,2.139374,3.8623629,1003
5451,0.008507454022085257,2.5542183,6.4836965,12017
5452,0.0007801626306347635,2.2149768,4.5795627,1102
5453,0.0011567928661136149,2.2375195,4.8929214,1634
5454,0.0005345034356889714,2.3271258,6.2242885,755
5455,0.00041981528127623844,2.0999756,4.7827444,593
5456,0.0006973322968922342,1.9419075,4.0459957,985
5457,0.0015128925060494461,2.8318317,8.90403,2137
5458,0.0005798123361977054,2.440852,6.906898,819
5459,0.0003022953205817096,2.3294015,4.9849925,427
5460,0.0015029811840631606,3.0827339,7.4201474,2123
5461,0.005540428990333629,2.0747447,4.5343366,7826
5462,0.03999713987565539,2.1648495,6.6319604,56497
5463,0.00019681053658481332,2.0278287,4.244914,278
5464,0.0018024446983630745,2.2420375,5.890205,2546
5465,0.0008714883832226805,2.2415876,4.418619,1231
5466,0.0006152099147201538,2.1484933,5.298658,869
5467,0.0008098965965936203,2.2498043,6.089857,1144
5468,0.0007829944369165594,2.1990163,6.3437834,1106
5469,0.0004601685207918297,2.0782855,5.192029,650
5470,0.0003461883179495457,2.104994,4.84302,489
5471,0.007536144467429272,2.5635614,8.417093,10645
5472,0.0019100533370713176,1.8739222,4.025094,2698
5473,0.003094456314432442,2.268365,5.451322,4371
5474,0.0008098965965936203,2.1269946,4.5413375,1144
5475,0.008562674244580277,3.4917958,9.533286,12095
5476,0.007158098328809523,2.5255487,6.247309,10111
5477,0.002379425228278984,1.9306804,3.8640103,3361
5478,0.0006994561516035811,2.204867,5.205578,988
5479,0.0023171254900794746,1.8867182,3.8729737,3273
5480,0.0005054774213005637,1.8667512,4.226675,714
5481,0.001380505562375489,1.9435627,4.281879,1950
5482,0.004050898886108999,2.0450513,4.287425,5722
5483,0.003052687171775953,2.1239696,5.001218,4312
5484,0.002036776668181683,1.8386383,3.9423673,2877
5485,0.0015249276827470786,2.3424942,6.354831,2154
5486,0.01572148052496025,2.0184073,4.5624337,22207
5487,0.00027964087032734264,2.0890515,4.9088783,395
5488,9.840526829240666e-05,2.3637476,6.005114,139
5489,0.0023383640371929435,2.1107388,4.123993,3303
5490,0.0015815638083829962,2.3023143,5.7127624,2234
5491,0.0018173116813425027,2.7691813,9.608749,2567
5492,0.002082793520260866,2.0047042,3.7098484,2942
5493,0.002895521923136282,2.0564616,4.2496033,4090
5494,0.004480625489371523,5.804288,17.535465,6329
5495,0.0012629856016809602,2.313021,5.2113338,1784
5496,0.00044459358624195235,2.0423698,4.4334917,628
5497,0.0006796335076310099,5.3834534,14.580404,960
5498,0.0004162755234239936,2.7164643,6.6708107,588
5499,0.0031964013405770936,3.0795164,8.23718,4515
5500,0.0019404952546006233,2.5737567,8.165931,2741
5501,0.001999963186518337,2.1666732,4.271003,2825
5502,0.0005472465639570529,2.3844419,5.6960363,773
5503,0.00019893439129616022,2.1765993,4.4829617,281
5504,0.0006145019631497049,2.2232246,4.9466405,868
5505,0.0007178628924352543,2.203436,4.24468,1014
5506,0.0012835161972239804,2.1670089,4.841305,1813
5507,0.0009444073949789243,1.9949429,5.2122526,1334
5508,0.0007801626306347635,2.3499658,5.655799,1102
5509,0.0009387437824153325,2.1946363,5.1129403,1326
5510,0.15550510220696823,7.7443547,29.702536,219655
5511,0.003037112237226076,1.8405972,4.1448774,4290
5512,0.0009444073949789243,2.0806649,4.654018,1334
5513,0.006146435534637946,2.2918375,5.3581777,8682
5514,0.0004169834749944426,2.2162752,5.57571,589
5515,0.0008778599473567212,2.1497173,5.3107905,1240
5516,0.0009649379905219443,2.2640455,6.3657346,1363
5517,0.0015192640701834868,1.8803778,4.130701,2146
5518,0.001199269960340553,2.807275,7.861302,1694
5519,0.0017259859287545858,3.014114,9.040218,2438
5520,0.01208968896855704,2.1918333,6.3897333,17077
5521,0.0010548478399689633,2.2369444,5.193873,1490
5522,0.000928124508858598,2.2884123,5.330699,1311
5523,0.0013005070349147556,2.1277518,4.4008737,1837
5524,0.0012070574276154917,2.858754,7.980559,1705
5525,0.0028686197634592214,1.8111491,3.8329577,4052
5526,0.012159776174031486,2.546798,8.316753,17176
5527,0.012873391357044047,2.1430562,5.9928045,18184
5528,0.0008509577876796604,2.2003145,4.906401,1202
5529,0.0023489833107496784,2.2446165,5.324777,3318
5530,0.005884493453571828,2.7108858,8.870785,8312
5531,0.00010973249341959015,2.5304797,6.2034945,155
5532,0.0005776884814863585,2.2639282,5.114919,816
5533,0.020301927185765078,3.511557,10.487446,28677
5534,0.004071429481652019,1.8287921,3.7806444,5751
5535,0.006486960240023901,3.6213496,10.0542145,9163
5536,0.0032225955486837056,1.922183,4.2416162,4552
5537,0.00019539463344391537,2.3819225,5.168594,276
5538,0.0009755572640786789,2.2017221,4.1143556,1378
5539,0.0012969672770625107,2.269426,5.2440567,1832
5540,0.000203890052289303,2.1869898,6.6769404,288
5541,0.0010718386776597387,2.2251852,4.8794055,1514
5542,0.0003341531412519132,2.3128026,6.269807,472
5543,0.002632163938929266,2.178073,4.7343082,3718
5544,0.009043373360915126,3.0477054,8.069474,12774
5545,0.008307103727648198,1.8913505,4.2604256,11734
5546,0.0009458232981198223,2.2729855,5.1616664,1336
5547,0.0006725539919265203,2.2290173,5.1467957,950
5548,0.003010918029119464,4.500631,14.150139,4253
5549,0.0016643941421255256,2.5170288,7.6686745,2351
5550,0.001580855856812547,1.8677218,4.191739,2233
5551,0.0001677845221964056,2.3951325,5.264438,237
5552,0.0019135930949235624,2.1316345,4.422026,2703
5553,0.0014774949275269977,2.2116528,4.9897294,2087
5554,0.0018286389064696863,2.1169016,4.298723,2583
5555,0.001677137270393607,2.1989086,4.8627186,2369
5556,0.0010350251959963923,1.9565924,4.363397,1462
5557,0.005150347675016247,2.5231814,7.660404,7275
5558,0.000181235602034936,2.303724,7.873173,256
5559,0.002407035339526494,2.9814596,10.516908,3400
5560,0.0008898951240543537,2.2354262,6.946967,1257
5561,0.00029026014388407715,2.3779573,9.078427,410
5562,0.003447016196516029,1.8869822,3.9879334,4869
5563,0.0005776884814863585,2.2077632,6.4790406,816
5564,0.002873575424452364,2.323602,6.0810184,4059
5565,0.0026888000645651834,1.9936314,4.1750064,3798
5566,0.003551793028942476,2.563319,7.869249,5017
5567,0.0012813923425126334,2.291702,5.1403327,1810
5568,0.008438074768181258,1.9250408,4.34287,11919
5569,0.00046724803649631934,2.0704253,5.58435,660
5570,0.0018845670805351547,3.238947,13.954827,2662
5571,0.00027893291875689366,1.8886521,5.024574,394
5572,0.0017705868776928708,1.8674375,3.5855396,2501
5573,0.005102206968225717,1.8185117,4.058004,7207
5574,0.00015504139392832415,1.8948771,3.8515365,219
5575,0.0020466879901679686,2.111309,4.3566623,2891
5576,0.00030441917529305655,2.2182486,6.786233,430
5577,0.0011206873360207175,2.1123338,4.382299,1583
5578,0.00016212090963281384,2.491509,9.005138,229
5579,0.0001946866818734664,2.1299613,5.3065577,275
5580,0.0020764219561268255,2.080718,3.9587119,2933
5581,0.000814144306016314,2.2637825,4.830429,1150
5582,0.003312505398130725,1.8660209,3.76983,4679
5583,0.00011044044499003913,2.3932722,7.6131516,156
5584,0.0006654744762220306,2.0624483,7.2069077,940
5585,0.003108615345841422,1.9139752,4.1282735,4391
5586,0.041735868932678055,3.8193798,13.702912,58953
5587,0.0011419258831341865,1.9063646,4.0016885,1613
5588,0.0010923692732027587,2.0875642,4.304173,1543
5589,0.005711045318811831,2.427962,6.650094,8067
5590,0.0003560996399358313,2.1822152,5.306573,503
5591,0.00045875261765093174,2.2543433,5.1465554,648
5592,0.0008325510468479872,1.8310319,4.320667,1176
5593,0.0014831585400905895,2.1289594,4.005801,2095
5594,0.0004778673100530539,2.2239058,4.7406044,675
5595,0.00014513007194203858,2.9853525,10.8786745,205
5596,0.00045521285979868687,2.248728,11.531439,643
5597,0.001090953370061861,2.253821,5.3240685,1541
5598,0.006908191424441037,1.8576227,3.6737473,9758
5599,0.0009557346201061078,2.2703342,4.397452,1350
5600,0.00210049230952209,1.7729601,3.6287134,2967
5601,0.0008743201895044764,2.2993534,5.9325376,1235
5602,0.03416007917730364,2.4345582,8.6127405,48252
5603,0.000588307755043093,2.2016864,5.6446404,831
5604,0.017270478561102594,4.054194,12.894506,24395
5605,0.005592109454976404,1.9097168,4.1681056,7899
5606,0.0018541251630058491,2.3309953,5.9995785,2619
5607,0.0022342951563369454,3.7600667,9.838542,3156
5608,0.0018137719234902578,1.8935999,3.909305,2562
5609,0.005723788447079912,1.8692144,3.7425795,8085
5610,7.575081803803965e-05,2.3443553,4.994928,107
5611,0.007260751306524624,2.5783243,7.254541,10256
5612,0.006875625652200385,2.3413923,7.004012,9712
5613,0.0005755646267750115,2.4331992,5.8709474,813
5614,0.0008176840638685589,2.0712762,4.647291,1155
5615,5.734407720636647e-05,2.2476857,4.6215425,81
5616,0.0007744990180711718,2.232079,4.7413373,1094
5617,0.002084917374972213,2.2328703,4.953024,2945
5618,0.002238542865759639,2.0579858,4.2503247,3162
5619,0.0037953283691769214,2.530487,6.4660206,5361
5620,0.0004785752616235029,2.20616,7.137913,676
5621,0.0009847606344945154,2.3373218,6.179275,1391
5622,0.0008445862235456197,2.1445682,4.660715,1193
5623,0.0005776884814863585,2.1836479,5.6855106,816
5624,0.0014569643319839777,1.929089,4.480179,2058
5625,0.0028820708432977515,5.0096555,14.99999,4071
5626,0.0002357478729595066,2.2664971,5.214904,333
5627,0.00048069911633484975,2.2404644,6.7709765,679
5628,0.0022817279115570264,2.3381712,5.379793,3223
5629,0.0029571137097653423,2.5511506,7.4403725,4177
5630,0.0012785605362308375,2.2783322,5.1593704,1806
5631,0.0016466953528643012,2.7487247,7.319582,2326
5632,0.0016870485923798926,2.1344142,4.121259,2383
5633,0.001245286812419736,1.9309726,4.738424,1759
5634,0.0014583802351248755,2.4706595,5.4999375,2060
5635,0.0009720175062264341,1.9849955,5.0229387,1373
5636,0.004511067406900829,1.9130065,3.7375023,6372
5637,0.0006159178662906028,2.370449,5.109064,870
5638,0.0029110968576861592,2.7832317,8.137342,4112
5639,0.001243162957708389,2.2678714,5.2651553,1756
5640,0.0009422835402675773,2.049233,4.368716,1331
5641,0.0027277374009398764,4.4304338,12.762691,3853
5642,0.0006704301372151734,2.2581062,4.942053,947
5643,0.0013996202547776112,2.1099906,5.1612687,1977
5644,0.003736568388829657,1.9808892,4.1806083,5278
5645,0.002788621235998488,1.8584512,4.3836117,3939
5646,0.0016162534353349957,2.0290058,4.6830845,2283
5647,0.0013932486906435705,2.1436548,4.6737523,1968
5648,0.0018307627611810332,2.2034562,4.6380897,2586
5649,0.006240593093507659,3.679741,9.765977,8815
5650,0.0015766081473898533,1.9186547,4.4406166,2227
5651,0.0034236537946912126,1.8158311,3.892738,4836
5652,0.0028849026495795477,1.8188863,3.9178464,4075
5653,0.006421120743972147,3.1055593,11.32676,9070
5654,0.0006406961712563167,2.1708744,4.554518,905
5655,0.0011001567404776973,2.3902745,5.1182384,1554
5656,0.00024990690436848596,2.554378,6.723084,353
5657,0.0006088383505861131,2.1822262,4.181031,860
5658,0.00042689479698072814,2.0889304,5.8500466,603
5659,0.002280312008416128,2.1864471,4.7390366,3221
5660,0.002078545810838172,2.2927477,4.597511,2936
5661,0.0014385575911523044,1.8536243,3.979496,2032
5662,0.00042264708755803434,2.0014954,5.555011,597
5663,0.005267159684140327,1.8799797,4.3581066,7440
5664,0.0012842241487944293,2.0015874,4.1789155,1814
5665,0.0014187349471797334,2.2522135,4.99407,2004
5666,0.0021882783042577623,2.1050436,4.344741,3091
5667,0.002055183409013356,1.8748059,4.26498,2903
5668,0.004962740508847271,2.7785254,8.138519,7010
5669,0.002328452715206658,2.466168,5.6765456,3289
5670,0.002084917374972213,2.0991738,5.1448855,2945
5671,0.0001677845221964056,3.747902,11.105527,237
5672,0.00026548183891836325,2.22265,5.1521263,375
5673,0.00239570811439931,2.1995912,5.007982,3384
5674,0.000655563154235745,2.4350529,9.119184,926
5675,0.00047291164905991114,2.1379316,5.6626716,668
5676,0.0007539684225281517,2.1942675,4.32807,1065
5677,0.0011008646920481464,2.4548843,8.203928,1555
5678,0.003893025685898879,3.6735435,10.891021,5499
5679,0.00031079073942709727,2.2090425,5.1952662,439
5680,0.00029733965958856685,2.2277389,6.5667057,420
5681,0.0025521654114685323,2.3112621,5.3188586,3605
5682,0.0007624638413735393,2.2106125,4.652067,1077
5683,0.0005989270285998276,2.4537306,8.064206,846
5684,0.007055445351094422,4.6759367,17.296722,9966
5685,0.003820106674142635,1.8422982,3.9737654,5396
5686,0.001016618455164719,2.1733224,4.720232,1436
5687,0.0011419258831341865,2.2022002,4.3640957,1613
5688,0.0011362622705705949,2.4632907,7.452526,1605
5689,0.011195546135079991,2.7591834,9.304267,15814
5690,0.0011263509485843093,2.1856117,4.664352,1591
5691,0.01070210389047706,1.9434786,4.5215154,15117
5692,9.344960729926388e-05,1.837375,3.3206882,132
5693,0.0015362549078742622,1.9212548,4.3981657,2170
5694,0.027666747373145697,2.3803225,7.272851,39080
5695,0.0013996202547776112,2.1917229,4.5748672,1977
5696,0.003257285175635705,2.7411332,7.6128283,4601
5697,0.0010236979708692089,4.699293,12.116405,1446
5698,0.0011242270938729624,1.965776,4.144599,1588
5699,0.010020346528134704,1.8488867,4.1857443,14154
5700,0.04707028401601103,2.1367023,6.0557556,66488
5701,0.0011957302024883081,2.1965787,4.79736,1689
5702,0.0061860808225830885,1.9142792,4.0652866,8738
5703,0.010624937169298123,4.324104,16.28074,15008
5704,2.690215967706081e-05,1.9871256,3.2633903,38
5705,0.0002845965313204854,2.551221,8.246582,402
5706,0.0004099039592899529,2.0069354,4.764626,579
5707,6.017588348816234e-05,2.0721564,4.3341684,85
5708,0.004715665410760581,1.9255238,3.8205917,6661
5709,0.0020212017336318057,2.2030525,4.789894,2855
5710,0.0009819288282127197,2.2632802,4.8386526,1387
5711,0.005824317570083666,1.8760979,3.7927303,8227
5712,0.006481296627460309,2.2241747,6.481324,9155
5713,6.725539919265203e-05,2.5505812,5.6652827,95
5714,0.00023291606667771072,2.2935555,5.003017,329
5715,0.00046229237550317657,2.29957,6.308283,653
5716,0.0002520307590798329,2.2883816,8.644159,356
5717,0.003930547119132675,1.8274915,3.6745217,5552
5718,0.0008452941751160687,2.223413,5.670094,1194
5719,0.0036615255223620665,2.370001,6.0119033,5172
5720,0.003118526667827707,2.3757992,5.3702807,4405
5721,0.00032211796455428076,2.3803504,7.602734,455
5722,0.0012148448948904303,2.3708992,5.1356316,1716
5723,0.0028346380880776706,1.9415103,4.0638375,4004
5724,0.0001316789921035082,2.0880587,4.9390945,186
5725,0.0031121551036936666,3.1330707,9.931648,4396
5726,0.000564237401647828,2.0191014,5.5644617,797
5727,0.008085514886097671,1.950141,4.232063,11421
5728,0.0005061853728710126,2.119082,4.1986976,715
5729,0.002243498526752782,2.4157255,6.4236255,3169
5730,0.013184182096471144,3.3609958,10.502113,18623
5731,0.005580782229849221,3.373868,10.423597,7883
5732,0.0001720322316190994,2.1507578,4.4208198,243
5733,0.008469932588851462,2.6844225,10.464823,11964
5734,0.002373761615715392,1.7574893,3.4430487,3353
5735,0.0008014011777482326,2.299364,4.5683484,1132
5736,0.011003691259488321,2.3782156,7.811856,15543
5737,0.0027291533040807742,3.4688473,9.262994,3855
5738,0.0007206946987170502,2.1285138,4.5773926,1018
5739,0.002761011124750978,2.4182281,6.196957,3900
5740,0.002383672937701678,2.8991442,8.99499,3367
5741,0.012325436841516546,4.8011146,14.428284,17410
5742,0.0004849468257575436,2.3206897,5.7217975,685
5743,0.0005274239199844817,2.3020139,4.404959,745
5744,0.00026548183891836325,2.2172468,5.1729264,375
5745,0.0017705868776928708,2.127699,4.61809,2501
5746,0.008036666227736694,2.590306,8.162531,11352
5747,0.0005019376634483188,2.2290277,4.967533,709
5748,0.002812691589393753,4.43327,13.678765,3973
5749,0.0003745063807675045,2.1716387,5.970962,529
5750,0.01580218700399143,1.9947542,5.0960946,22321
5751,0.0006428200259676636,2.240607,4.670678,908
5752,0.013347718909244856,2.3444211,6.167058,18854
5753,0.0004934422446029312,1.8867955,4.073195,697
5754,0.0004283107001216261,2.4122036,9.062392,605
5755,0.00036601096192211683,2.3383408,6.0835595,517
5756,0.0018371343253150737,2.3233101,6.1107073,2595
5757,0.004232134488143935,1.930739,4.2775145,5978
5758,0.02003715329841716,1.954825,4.536104,28303
5759,0.004089128270913243,1.8262749,4.0322666,5776
5760,0.003187905921731706,1.9408398,4.2171,4503
5761,0.002947202387779057,2.2443998,7.007871,4163
5762,0.05552747347659441,2.5279658,7.9260607,78434
5763,0.007248008178256542,2.4891489,6.454594,10238
5764,0.0017812061512496053,2.143706,4.77615,2516
5765,0.0008523736908205583,2.2030323,4.9617724,1204
5766,0.004715665410760581,2.470168,6.1170216,6661
5767,0.04689188022025789,3.6857498,12.655741,66236
5768,0.002219428173357517,2.2532525,5.086843,3135
5769,0.0007320219238442337,2.2715275,6.3591385,1034
5770,0.004817610436905232,2.0074794,5.126721,6805
5771,0.0018066924077857682,2.2192767,4.2623787,2552
5772,0.0030087941744081173,1.9456758,4.015918,4250
5773,0.0005769805299159095,2.3669279,6.894882,815
5774,0.0012028097181927978,2.333063,5.5286355,1699
5775,0.0007936137104732939,2.3119266,5.3406415,1121
5776,0.0025677403460184095,3.6523616,11.347735,3627
5777,0.00028247267660913854,2.201382,7.3371754,399
5778,0.0015865194693761389,2.2786765,5.225715,2241
5779,0.0037882488534724318,2.4938302,7.366079,5351
5780,0.0010272377287214537,1.8458846,3.8315103,1451
5781,0.001041396760130433,2.4438746,5.7668357,1471
5782,0.004741859618867193,1.9002345,3.975119,6698
5783,0.0011270589001547583,2.1435096,5.803518,1592
5784,0.00354896122266068,2.894241,9.086498,5013
5785,0.005359901339869143,4.528792,11.573605,7571
5786,0.0025033167531075535,2.2856483,5.7331643,3536
5787,0.0003957449278809735,2.2822568,5.307077,559
5788,0.0003773381870493003,2.137129,4.9786286,533
5789,5.592817406546853e-05,1.9584836,4.4704337,79
5790,0.003735860437259208,1.8485658,3.9759467,5277
5791,0.0004828229710461967,2.089906,5.6027594,682
5792,0.0013620988215438158,2.1268175,4.7828207,1924
5793,0.00840267718965881,2.6437016,7.0504375,11869
5794,0.002060847021576948,1.8637435,3.9156876,2911
5795,0.0022951789913955565,2.219212,4.223349,3242
5796,0.0015964307913624244,1.8288937,3.5795658,2255
5797,0.03176649491761568,4.8435116,13.226265,44871
5798,0.00011256429970138602,2.1150155,4.5985312,159
5799,0.0035050682252928443,1.9301549,4.192242,4951
5800,0.0037655944032180646,1.9162881,4.5317445,5319
5801,0.0024530521916056765,1.8166305,4.048236,3465
5802,0.010055744106657152,2.667034,8.914381,14204
5803,0.002075006052985927,1.7988007,3.7315629,2931
5804,0.0015518298424241394,1.8880166,3.6183336,2192
5805,0.001088829515350514,2.4120913,6.7634234,1538
5806,0.0024077432910969425,1.8622673,4.186031,3401
5807,0.00488769764237968,3.100143,10.281624,6904
5808,0.0006293689461291332,2.20657,4.2357974,889
5809,0.0017833300059609523,2.3365555,5.585716,2519
5810,0.0006902527811877445,2.4415812,5.527689,975
5811,0.0002966317080181179,2.2272234,5.9983573,419
5812,0.008621434224927541,2.587641,7.0389414,12178
5813,0.00044813334409419723,2.3458061,8.162884,633
5814,0.003055518978057749,1.8517941,3.6023066,4316
5815,0.0016459874012938523,1.8420753,3.833282,2325
5816,0.00022371269626187413,2.187441,6.078942,316
5817,0.0006067144958747662,2.1498303,4.9954395,857
5818,0.003694091294602719,2.3475053,5.9448886,5218
5819,0.0026059697308226538,3.5467732,11.188026,3681
5820,0.0013288250977327143,1.8361069,3.9312468,1877
5821,0.001696959914366178,2.2922363,5.4736247,2397
5822,0.0004240629906989323,1.991824,4.1334753,599
5823,0.004067181772229325,1.868736,3.709333,5745
5824,0.000791489855761947,2.2081103,4.7883267,1118
5825,0.00024211943709354731,2.3455265,8.378562,342
5826,0.0006605188152288878,2.093417,4.335213,933
5827,0.0004792832131939518,2.2799244,5.7167463,677
5828,0.002132350130192294,2.349009,6.1312203,3012
5829,0.0013996202547776112,2.2857847,4.904895,1977
5830,0.0005260080168435837,2.2102194,5.6523595,743
5831,0.005870334422162849,1.9216174,3.999645,8292
5832,0.0011249350454434113,1.9706124,6.6845837,1589
5833,0.0013982043516367131,2.5816033,6.6150084,1975
5834,0.0007709592602189269,2.253358,5.8318944,1089
5835,0.0006725539919265203,2.1652904,5.0090785,950
5836,0.00647350916018537,2.512207,6.784618,9144
5837,0.02006688726437602,3.2808514,10.251316,28345
5838,0.004867874998407109,3.486701,9.825931,6876
5839,0.002037484619752132,2.2962039,5.344863,2878
5840,0.004402750816622137,3.4538605,9.664962,6219
5841,0.0010952010794845546,2.0834749,4.7012835,1547
5842,0.003511439789426885,2.1569896,4.6071787,4960
5843,3.7521433233795344e-05,2.4421344,4.869004,53
5844,0.0003674268650630148,2.2967234,4.726306,519
5845,0.0026965875318401217,2.772694,8.708367,3809
5846,0.001473247218104304,2.2578616,5.341576,2081
5847,0.001427230366025121,2.1865408,4.5411253,2016
5848,0.0013068785990487963,2.2718432,5.269443,1846
5849,0.0016799690766754027,1.91472,3.8307352,2373
5850,0.0005132648885755023,2.273754,5.9456077,725
5851,0.0029280876953769346,3.6916816,10.920856,4136
5852,0.0013734260466709994,2.1034396,4.6143785,1940
5853,0.0010307774865736985,2.0217385,5.227438,1456
5854,0.00419461305491014,2.9485781,8.966656,5925
5855,0.0002966317080181179,2.046906,5.244565,419
5856,0.0023220811510726172,2.3262715,6.3532157,3280
5857,0.0015985546460737714,2.199448,5.06222,2258
5858,0.0013875850780799787,2.0310533,4.460216,1960
5859,0.0007298980691328868,2.1953902,4.528457,1031
5860,0.0011001567404776973,2.2130494,4.400468,1554
5861,0.007392430298628131,1.9965494,5.117919,10442
5862,0.0010137866488829231,2.2149806,3.997097,1432
5863,0.0005713169173523178,2.2277765,5.4937024,807
5864,0.0012155528464608792,3.6528466,12.596161,1717
5865,0.003783293192479289,4.339811,11.142581,5344
5866,0.005890865017705868,2.410347,6.615513,8321
5867,0.0010371490507077392,2.1510553,4.236578,1465
5868,0.0008113124997345182,2.1807344,5.3578215,1146
5869,0.0010746704839415344,2.1211627,4.127152,1518
5870,0.0007284821659919888,2.1624494,4.660234,1029
5871,0.0009104257195973737,2.2313948,5.7574196,1286
5872,0.0032013570015702367,2.4521093,6.0678496,4522
5873,0.003983643486916347,2.0084584,4.252925,5627
5874,0.0022300474469142515,2.8658068,9.117564,3150
5875,0.00042193913598758537,2.2629635,5.27793,596
5876,0.00657687008947092,1.8457397,4.232027,9290
5877,0.0026880921129947342,2.2912645,5.439527,3797
5878,0.002392876308117514,1.8284026,4.8055944,3380
5879,0.00045875261765093174,2.1509895,4.5513406,648
5880,0.0002697295483410571,3.251616,6.660897,381
5881,0.0009762652156491279,2.4650743,7.1502185,1379
5882,0.0009621061842401485,2.290842,4.9144516,1359
5883,0.002508272414100696,2.4780915,6.248151,3543
5884,0.001315374017894184,2.2450662,6.523727,1858
5885,0.0009819288282127197,1.7322543,3.7254887,1387
5886,0.000814144306016314,2.4257798,7.153773,1150
5887,0.0010442285664122289,1.8336709,3.7743268,1475
5888,0.004439564298285483,2.8247488,8.637672,6271
5889,0.04590782753733383,2.5134637,8.501027,64846
5890,0.008460729218435626,1.909199,4.272586,11951
5891,0.0010590955493916573,2.2862809,5.4461927,1496
5892,0.0011405099799932886,2.2100277,4.4373193,1611
5893,0.006249088512353047,3.5540743,9.919941,8827
5894,0.011890754577260878,2.7432148,7.8924804,16796
5895,0.0014803267338087936,1.9702232,3.8366578,2091
5896,0.003966652649225572,1.8359677,3.6650083,5603
5897,0.02720587090078342,4.9602065,15.135715,38429
5898,0.0013061706474783474,2.9949565,8.241626,1845
5899,0.0009196290900132104,2.2617018,4.6188893,1299
5900,0.0010930772247732077,2.1816795,5.312885,1544
5901,0.0018852750321056038,2.287101,6.1284213,2663
5902,0.0016686418515482193,2.2293367,4.957306,2357
5903,0.004482041392512421,1.9110863,4.027647,6331
5904,0.003630375653262312,1.8502955,3.9231558,5128
5905,0.0008021091293186816,2.0316331,4.4511786,1133
5906,0.0011879427352133696,2.192015,5.6084538,1678
5907,0.001996423428666092,1.9409512,3.9742339,2820
5908,0.0007171549408648053,2.2381508,6.0316033,1013
5909,0.0008106045481640692,2.190666,4.2831445,1145
5910,0.0003560996399358313,2.1594896,5.5489106,503
5911,0.0038392213665447575,2.326872,5.614495,5423
5912,0.002848089167916201,2.3776956,5.5639577,4023
5913,3.185782067020359e-05,2.2731256,4.7967873,45
5914,0.0009819288282127197,1.9232509,4.5812435,1387
5915,0.0008913110271952516,2.2031794,5.7428913,1259
5916,0.004828229710461967,2.4752445,5.751422,6820
5917,0.0016863406408094434,2.30454,6.1778545,2382
5918,0.0009458232981198223,2.3446658,4.886183,1336
5919,0.0009252927025768022,2.1529694,5.5920324,1307
5920,0.003648782394093985,2.4238353,5.9848566,5154
5921,0.0026385355030633063,2.0030873,4.574653,3727
5922,0.0008445862235456197,2.0008006,3.955622,1193
5923,0.0010697148229483918,2.0488598,4.8233027,1511
5924,0.00046583213335542144,2.2976477,4.763893,658
5925,0.0018074003593562171,1.9492415,4.518824,2553
5926,0.007398093911191723,2.4741735,6.233293,10450
5927,0.0028148154441050995,3.6123636,10.107109,3976
5928,0.0001380505562375489,2.4043453,8.439072,195
5929,0.0010831659027869221,2.3779004,5.4410963,1530
5930,5.946793191771337e-05,2.450993,7.1339927,84
5931,0.003261532885058399,2.0022924,4.3223076,4607
5932,0.0009196290900132104,2.2891462,7.3293223,1299
5933,8.495418845387624e-05,2.311906,7.616516,120
5934,0.005756354219320564,3.3544147,12.267769,8131
5935,0.07134665131827662,2.5455217,9.796112,100779
5936,0.0025818993774273887,2.2566833,4.8493,3647
5937,0.0001245994763990185,2.5148227,10.588236,176
5938,0.0007136151830125605,2.264204,4.547769,1008
5939,0.0006760937497787651,2.123633,4.805341,955
5940,0.0015291753921697724,2.2662551,5.4110003,2160
5941,0.007552427353549598,3.899833,10.75412,10668
5942,0.000904762107033782,2.076817,5.3226585,1278
5943,0.0006357405102631739,2.1189616,4.4828615,898
5944,0.0031709150840409307,1.859353,3.936819,4479
5945,0.0025564131208912263,2.188616,4.3131514,3611
5946,0.003980103729064102,1.9149169,4.2043805,5622
5947,0.0007801626306347635,2.3869247,5.4349775,1102
5948,0.0008035250324595795,2.1187847,4.1932473,1135
5949,0.000497689954025625,2.5542786,8.9735,703
5950,0.02242648984868243,2.004367,5.0565915,31678
5951,0.0006385723165449698,2.0448391,5.089743,902
5952,0.0024261500319286157,1.8756316,4.2833834,3427
5953,0.0005493704186683997,2.204769,6.5130253,776
5954,0.000745473003682764,2.4786124,5.15907,1053
5955,0.0010506001305462696,2.107823,4.734022,1484
5956,0.009092222019276106,2.6275866,7.16862,12843
5957,0.0020084586053637243,2.2495658,5.4725094,2837
5958,0.0032063126625633794,2.500254,6.3547516,4529
5959,0.00224491442989368,1.891067,4.118062,3171
5960,0.004819734291616579,2.155009,4.8097453,6808
5961,0.0006038826895929703,2.0139258,6.6856923,853
5962,0.004202400522185078,2.242928,5.6478033,5936
5963,0.001086705660639167,1.9642215,4.7009325,1535
5964,0.012634103726232295,2.423805,7.043098,17846
5965,0.034566443378741346,4.3827167,12.084026,48826
5966,0.004252665083686955,3.708224,9.041225,6007
5967,0.0013677624341074076,2.105658,4.38232,1932
5968,0.00021875703526873133,2.1237638,5.616765,309
5969,0.0035878985590353735,1.9140495,3.8402941,5068
5970,0.0032948066088695003,2.085519,4.2833242,4654
5971,0.00034052470538595395,1.8524282,6.063099,481
5972,0.0007723751633598249,2.0621648,5.0509048,1091
5973,0.0002173411321278334,2.39079,5.205062,307
5974,0.004857255724850375,2.241168,5.2411375,6861
5975,0.0028601243446138335,2.1788173,4.601512,4040
5976,0.0027659667857441207,5.6012483,17.923208,3907
5977,0.0024891577216985743,2.1830409,4.4708405,3516
5978,0.0008410464656933748,2.2384918,5.79819,1188
5979,0.000861577061236395,2.277089,4.9273796,1217
5980,0.0012530742796946746,2.4591746,6.1447453,1770
5981,0.00041981528127623844,2.2827508,4.9449844,593
5982,0.0011822791226497778,2.100432,4.431602,1670
5983,0.0025387143316300017,2.2481616,4.9308944,3586
5984,0.0010484762758349226,2.2648356,5.0203714,1481
5985,0.003604889396726149,2.40717,5.9253297,5092
5986,0.0006909607327581934,2.2254283,6.685748,976
5987,0.0018682841944148284,1.8741887,4.423175,2639
5988,0.0749678236011231,3.4949222,14.736732,105894
5989,0.0005741487236341136,2.037332,4.026953,811
5990,0.017412776826762833,3.1634657,9.742725,24596
5991,0.0031765786966045225,1.8624628,3.7563398,4487
5992,0.004070013578511121,1.9089283,4.406582,5749
5993,0.004383636124220014,1.9777557,4.00952,6192
5994,0.001040688808559984,2.3576338,5.9655094,1470
5995,0.0006385723165449698,1.9612857,4.193859,902
5996,0.0005946793191771337,2.0144649,4.810593,840
5997,0.0022066850450894356,2.0193813,4.287531,3117
5998,0.005066809389703269,1.9141622,4.194719,7157
5999,0.00013521874995575304,2.1491916,4.0584583,191
6000,0.0021691636118556404,2.2881734,7.215665,3064
6001,0.00076883540550758,2.2778056,4.4297943,1086
6002,0.0008969746397588434,2.2877076,5.2015676,1267
6003,0.0008736122379340274,1.8946867,4.7176685,1234
6004,0.0006477756869608063,2.4552836,6.692976,915
6005,0.0026569422438949795,2.8613856,7.7728176,3753
6006,0.00597935896401199,2.9214942,10.053482,8446
6007,0.0007660035992257841,2.249586,5.4037004,1082
6008,0.000816268160727661,2.0399883,4.5542965,1153
6009,0.0006945004906104384,2.0856075,4.1562004,981
6010,0.004615844239327276,3.7558718,11.60087,6520
6011,0.003628251798550965,1.8215462,3.9539995,5125
6012,0.0005989270285998276,2.0976412,4.414992,846
6013,0.0004615844239327276,2.1820085,4.455283,652
6014,0.003102243781707381,1.8701109,4.778044,4382
6015,0.002327744763636209,3.063123,8.493852,3288
6016,0.0002739772577637509,1.9416802,4.043089,387
6017,0.0005939713676066848,2.406542,7.678538,839
6018,0.0018024446983630745,2.2018158,4.7290974,2546
6019,0.0029344592595109756,1.8860583,4.119085,4145
6020,0.005473173591140977,8.729333,13.553907,7731
6021,0.0008629929643772929,2.2122335,5.7433777,1219
6022,0.000407780104578606,2.120371,7.410363,576
6023,0.0002449512433753432,2.3257728,4.9703627,346
6024,0.0011192714328798195,2.2008016,4.8203974,1581
6025,0.0010371490507077392,2.023405,4.3583627,1465
6026,0.0064374036300924725,1.996127,4.5867615,9093
6027,0.002466503271444207,3.0231822,9.05211,3484
6028,0.001493069862076875,2.3944292,6.716467,2109
6029,0.000656979057376643,2.2131934,6.139992,928
6030,0.0021847385464055175,2.2152822,5.6015,3086
6031,0.0023206652479317194,1.8473662,4.3592277,3278
6032,0.003110739200552769,3.0553064,9.518611,4394
6033,0.001065467113525698,1.7948843,3.8050892,1505
6034,0.0005224682589913389,2.083077,4.2205462,738
6035,0.0013734260466709994,1.6000686,3.39882,1940
6036,0.0006520233963835002,2.6269138,11.659799,921
6037,0.0012920116160693679,2.1393874,4.853172,1825
6038,0.00021663318055738443,2.2362418,4.0165396,306
6039,0.0005373352419707672,1.8408813,3.6710782,759
6040,0.0022505780424572717,2.0524168,4.8581448,3179
6041,0.0001153961059831819,2.3674915,5.0229506,163
6042,0.001330948952444061,2.1957107,5.626457,1880
6043,0.0005606976437955832,2.2095592,4.809712,792
6044,0.0001224756216876716,2.4472651,6.4624143,173
6045,0.00036884276820391273,2.1709175,4.7681627,521
6046,0.001108652159323085,2.1609693,4.2826834,1566
6047,0.00022300474469142515,2.2880273,4.9088354,315
6048,0.0005599896922251343,2.2506688,5.491705,791
6049,0.0015213879248948338,2.7512305,8.083421,2149
6050,0.0018697000975557265,2.0055375,3.5033066,2641
6051,0.0008488339329683135,2.3402243,5.321009,1199
6052,0.0025705721523002056,2.1839368,4.849814,3631
6053,0.002559952878743471,2.4675863,6.2888613,3616
6054,0.008223565442335221,1.9316514,4.0807533,11616
6055,0.0010626353072439021,2.2670124,4.9709096,1501
6056,0.002489865673269023,2.2890537,6.1534214,3517
6057,0.0024849100122758803,2.2185879,5.2517962,3510
6058,0.00024990690436848596,2.364875,8.354204,353
6059,0.001040688808559984,2.1049876,4.783604,1470
6060,0.0006626426699402348,2.45677,5.522931,936
6061,0.0007355616816964785,2.3662758,6.489638,1039
6062,0.008682318059986153,2.964148,8.9310055,12264
6063,0.0069400492451112406,3.6454408,13.067332,9803
6064,0.0007100754251603156,2.334609,5.2393403,1003
6065,0.003485953532890722,4.204859,11.186739,4924
6066,0.002538006380059553,2.5597446,6.285374,3585
6067,0.001401036157918509,2.2918909,5.590292,1979
6068,0.0028601243446138335,1.8683654,3.9350035,4040
6069,0.002627916229506572,1.8437955,3.6041653,3712
6070,0.0038370975118334105,1.8469545,4.056495,5420
6071,0.0011213952875911665,2.239924,5.44391,1584
6072,0.0009776811187900258,2.2737024,5.2939367,1381
6073,0.00024990690436848596,2.2670481,6.354531,353
6074,0.0008424623688342728,2.3454766,5.861851,1190
6075,0.0007284821659919888,1.9470975,7.8147225,1029
6076,0.0006463597838199085,2.1637747,5.0444417,913
6077,0.0011836950257906758,1.9711578,4.4394927,1672
6078,0.010525115997864818,3.6434467,15.156418,14867
6079,0.0012877639066466741,3.508611,11.549669,1819
6080,0.0013847532717981828,2.0774767,4.2079134,1956
6081,0.0011121919171753298,1.9723397,4.243606,1571
6082,0.000722818553428397,2.0023887,3.923805,1021
6083,0.0007546763740986006,2.2386932,5.464549,1066
6084,0.0021181910987833146,2.5279417,6.6091866,2992
6085,0.0016233329510394853,2.2621849,5.9511385,2293
6086,0.020296971524771935,2.7837098,7.8784676,28670
6087,0.0012304198294403076,2.260905,4.6756268,1738
6088,0.00194261910931197,2.1466093,4.773325,2744
6089,0.003517811353560926,1.8777773,4.017701,4969
6090,0.0005005217603074208,2.5447955,8.8676405,707
6091,0.0020445641354566216,2.360836,5.654204,2888
6092,0.01537104449758801,3.3033206,10.496271,21712
6093,0.00015574934549877312,2.28116,5.9118085,220
6094,0.0006237053335655414,2.231887,6.016024,881
6095,0.00045592081136913584,2.2129018,5.2619944,644
6096,0.0015419185204378538,2.1923382,4.6247964,2178
6097,0.0031192346193981563,2.7018225,7.797827,4406
6098,0.0024530521916056765,1.8982271,4.0469604,3465
6099,0.0006378643649745208,2.8830976,9.198359,901
6100,0.0005982190770293785,2.194514,4.15355,845
6101,0.0009295404119994959,2.2718194,5.0725427,1313
6102,0.0035001125642997013,2.2140574,4.419703,4944
6103,0.12849533389119916,2.937353,10.877971,181503
6104,0.0007546763740986006,2.1246088,4.5613227,1066
6105,0.0005451227092457059,2.2673059,5.7448897,770
6106,0.0008495418845387624,2.1279821,4.5653977,1200
6107,0.00016282886120326282,2.049398,4.5101924,230
6108,0.0007263583112806419,2.4012127,5.2429614,1026
6109,0.002948618290919955,1.9519506,4.2885528,4165
6110,0.0033818846520347235,2.2061594,4.787987,4777
6111,0.05517278973979948,3.1252265,11.118612,77933
6112,0.001020866164587413,1.9800318,3.9208806,1442
6113,0.005987854382857378,1.8620151,3.9061294,8458
6114,0.005548216457608568,1.8781918,3.9559197,7837
6115,0.005795291555695258,2.6678593,8.110291,8186
6116,0.00012389152482856952,2.4550161,7.287122,175
6117,0.00023716377610040452,2.2187736,5.343925,335
6118,0.0068749177006299355,1.9016641,4.04177,9711
6119,0.0014428053005749982,2.1324232,3.9796526,2038
6120,0.003243126144226726,2.2297723,5.366498,4581
6121,0.0013854612233686317,2.1628914,4.660994,1957
6122,0.00044530153781240133,2.434238,4.776989,629
6123,0.0005996349801702765,2.2699184,5.284964,847
6124,0.0018158957782016048,2.1664164,4.791674,2565
6125,0.002899769632558976,2.3083966,4.605379,4096
6126,0.002942954678356363,1.9699161,4.47817,4157
6127,0.0006088383505861131,2.150726,4.843571,860
6128,0.000792905758902845,2.1106067,5.2210712,1120
6129,0.0014583802351248755,2.1875684,5.8416796,2060
6130,0.0012941354707807148,1.7477618,3.858275,1828
6131,0.003097288120714238,2.3175833,5.08109,4375
6132,0.0013705942403892035,2.3517935,4.524327,1936
6133,0.0004417617799601565,2.1821556,6.4814906,624
6134,0.003731612727836514,1.8664358,3.9213166,5271
6135,0.0006307848492700312,2.2935634,6.091811,891
6136,0.0012311277810107565,1.9477084,4.4875946,1739
6137,0.005882369598860481,4.272826,13.238425,8309
6138,0.0027298612556512234,2.1778557,4.5789905,3856
6139,0.02903026209783041,3.7139795,13.1905365,41006
6140,0.0020105824600750713,4.2711463,11.468759,2840
6141,0.004067181772229325,2.425117,5.884854,5745
6142,0.000565653304788726,2.128013,5.3214345,799
6143,0.002494113382691717,2.4513452,6.511318,3523
6144,0.0015114766029085483,2.136475,5.5818853,2135
6145,0.028984245245751227,4.35179,11.581723,40941
6146,0.0008297192405661913,2.209299,4.3307886,1172
6147,0.000814144306016314,2.2133732,4.808422,1150
6148,0.0007277742144215398,2.0236628,5.1478963,1028
6149,0.002872867472881915,1.9273461,5.431886,4058
6150,0.0012771446330899397,2.114144,5.0584307,1804
6151,0.0003419406085268519,2.4902027,6.80337,483
6152,0.0008537895939614563,2.2828584,4.6269574,1206
6153,0.0005387511451116652,2.2578468,7.2969947,761
6154,0.0009606902810992506,2.4560394,6.8048143,1357
6155,0.0003051271268635055,1.9237307,4.524207,431
6156,0.00547812925213412,2.5245671,6.3327727,7738
6157,0.0007900739526210491,2.0512817,4.8791194,1116
6158,0.0005585737890842364,1.9999086,7.8625,789
6159,0.0021946498683918032,2.0675843,4.3487487,3100
6160,0.0011652882849590026,2.3109481,6.305721,1646
6161,0.0006300768976995821,2.2070403,7.4101644,890
6162,0.0003051271268635055,2.2471156,5.7783637,431
6163,0.0029457864846381587,1.8675865,3.8579516,4161
6164,0.0007086595220194176,2.0773032,5.241468,1001
6165,0.010648299571122939,2.0883813,6.436258,15041
6166,9.769731672195768e-05,2.2761295,5.5682073,138
6167,0.0005153887432868493,2.0878625,4.4296336,728
6168,0.0008629929643772929,2.200246,5.0090113,1219
6169,0.002666145614310816,1.8801945,4.546694,3766
6170,0.00034335651166774985,2.1528246,4.4170647,485
6171,0.003296222512010398,2.0832498,4.4464917,4656
6172,0.0008410464656933748,2.2441587,4.921252,1188
6173,0.0011603326239658597,2.2960277,4.424033,1639
6174,0.0006449438806790105,2.3048778,6.001845,911
6175,0.0005819361909090523,2.1170344,5.378377,822
6176,0.0019164249012053583,1.9749544,4.397238,2707
6177,0.0009904242470581072,2.1072147,4.9962606,1399
6178,0.0006088383505861131,2.2726233,7.749189,860
6179,0.0018682841944148284,2.6034973,7.6228504,2639
6180,0.00118086321950888,1.8520209,4.924778,1668
6181,0.004753894795564825,2.6656585,7.2560887,6715
6182,0.00037592228390840237,2.3902433,6.240008,531
6183,0.0007744990180711718,2.1762097,4.325082,1094
6184,0.000746888906823662,2.1349783,4.3436446,1055
6185,0.0002555705169320777,3.0738463,8.894294,361
6186,0.0008884792209134558,2.231514,5.4640875,1255
6187,0.0018909386446691954,2.2351048,5.1409836,2671
6188,0.0006336166555518271,2.2982907,6.9387417,895
6189,0.00041485962028309567,1.9962507,4.245909,586
6190,0.0003645950587812189,2.2755258,4.8131948,515
6191,0.0004438856346715034,2.1577797,5.229191,627
6192,0.0024311056929217584,2.4592805,6.113304,3434
6193,0.0011716598490930433,2.262993,4.8636103,1655
6194,0.0024126989520900856,1.9248644,3.7999532,3408
6195,0.0009111336711678228,2.2442276,5.2139626,1287
6196,0.000998211714333046,2.575421,7.8332143,1410
6197,0.0010470603726940248,2.0767267,4.7870913,1479
6198,0.0010067071331784335,1.8912307,4.306551,1422
6199,0.0029118048092566084,2.0107074,4.2290764,4113
6200,0.011035549080158524,2.5309165,8.358858,15588
6201,0.0006612267667993368,2.2926228,5.5304303,934
6202,0.00118086321950888,1.9715061,3.8462384,1668
6203,0.0041379769292742225,3.2825646,9.474695,5845
6204,0.002420486419365024,1.8258014,3.635538,3419
6205,0.0028204790566686913,1.909069,4.0258093,3984
6206,0.0006867130233354997,2.0217083,5.1929107,970
6207,0.0018866909352465017,2.2998261,6.160037,2665
6208,0.0012155528464608792,2.1416698,6.22468,1717
6209,0.002712870417960448,1.9758387,3.9731379,3832
6210,0.004810530921200743,1.8569976,4.5515885,6795
6211,0.0004318504579738709,2.2549741,5.1828575,610
6212,0.002583315280568287,1.9802008,3.8255675,3649
6213,0.006729079677117448,2.4040704,6.1261945,9505
6214,0.000996795811192148,1.8698545,4.196989,1408
6215,0.00023291606667771072,2.3209047,5.715356,329
6216,0.0012693571658150009,2.2820137,6.8612547,1793
6217,0.0008006932261777836,1.9777894,4.6690145,1131
6218,0.0011730757522339411,2.2363358,4.3934455,1657
6219,0.0011270589001547583,1.9578294,4.40071,1592
6220,0.000632908703981378,2.212888,5.7906995,894
6221,0.000497689954025625,2.396307,7.4772005,703
6222,0.0004948581477438291,2.1609068,5.1580973,699
6223,0.03135305120047348,3.0240767,9.381249,44287
6224,0.001856249017717196,1.9363722,4.5544786,2622
6225,0.0010477683242644737,2.0794342,4.587862,1480
6226,0.0008035250324595795,2.1198049,4.463928,1135
6227,0.00061096220529746,2.291659,6.137336,863
6228,0.029362291384370978,2.413083,8.502501,41475
6229,0.0029988828524218315,1.9112302,4.581222,4236
6230,0.00481194682434164,1.8837696,3.8650508,6797
6231,0.0004417617799601565,2.162396,5.8927073,624
6232,0.002808443879971059,2.2442195,4.835142,3967
6233,0.002879239037015956,3.075328,9.108101,4067
6234,0.003099411975425585,1.987957,4.2747145,4378
6235,0.001085997709068718,2.1247764,5.2508616,1534
6236,0.0005026456150187678,2.357943,8.593441,710
6237,0.0013274091945918163,2.1935554,5.4886527,1875
6238,0.00097484931250823,2.1395838,5.2212725,1377
6239,0.0024091591942378408,1.928287,4.0817633,3403
6240,0.002130934227051396,2.2438352,4.021996,3010
6241,0.0006966243453217852,2.246946,4.805787,984
6242,0.0009175052353018635,2.2599187,5.5319805,1296
6243,0.002310753925945434,2.2660747,5.3284254,3264
6244,0.0006534392995243981,2.3455594,8.67935,923
6245,0.0007320219238442337,1.8152405,3.6544063,1034
6246,0.0006406961712563167,2.6953223,9.642668,905
6247,0.0003235338676951787,1.9581373,3.5640776,457
6248,0.0013189137757464288,2.1628969,4.959669,1863
6249,0.0019419111577415212,2.2189689,4.776881,2743
6250,0.002312877780656781,3.5507526,9.260397,3267
6251,0.000904054155463333,2.4411032,7.169971,1277
6252,0.059300855347087414,2.6636627,9.2969885,83764
6253,0.00625404417334619,1.935713,4.1255245,8834
6254,0.0013989123032071623,1.8508053,4.1199164,1976
6255,0.00046512418178497247,2.238719,7.32518,657
6256,0.0005076012760119106,2.2696402,4.8566785,717
6257,0.00033981675381550497,2.260267,5.4140754,480
6258,0.001902265869796379,2.2414508,5.2855697,2687
6259,0.004255496889968751,1.9056095,3.6635888,6011
6260,0.003801699933310962,1.8537169,4.5134873,5370
6261,0.0020481038933088665,1.9309442,3.8804598,2893
6262,0.0011468815441273293,2.0391846,4.005737,1620
6263,0.0014343098817296107,2.2590787,5.5774417,2026
6264,0.0021613761445807016,1.9099535,3.9280837,3053
6265,0.0010321933897145964,2.269371,5.1170897,1458
6266,0.0016891724470912393,1.9202062,5.457008,2386
6267,0.0030470235592123616,2.7231185,7.3272095,4304
6268,0.0030448997045010146,1.9629719,4.0434484,4301
6269,0.0011185634813093706,2.3543425,6.1872487,1580
6270,0.005886617308283175,2.5688062,6.7957535,8315
6271,0.0025302189127846143,2.0349884,4.448611,3574
6272,0.0025323427674959612,1.985266,3.9571266,3577
6273,0.005067517341273718,1.9091971,4.372245,7158
6274,0.0008495418845387624,2.1299548,5.2763667,1200
6275,0.0009316642667108429,1.9860241,3.988556,1316
6276,0.00022725245411411897,2.0291374,5.1194854,321
6277,0.00034264856009730087,2.3201778,5.6549234,484
6278,0.006357405102631739,2.0143685,5.5393133,8980
6279,0.018306211708669435,2.371494,6.5508175,25858
6280,0.0019865121066798062,2.1882937,4.734292,2806
6281,0.004096915738188182,3.3171258,8.972633,5787
6282,0.0018604967271398899,2.2402885,4.466472,2628
6283,0.0010902454184914118,2.3492305,6.058851,1540
6284,0.000294507853306771,2.173739,5.6828637,416
6285,0.0006824653139128058,2.0806687,4.391749,964
6286,0.0008283033374252934,2.3252428,4.491203,1170
6287,0.0005323795809776244,2.3161304,7.5520167,752
6288,0.0006307848492700312,2.049525,5.823001,891
6289,0.0012091812823268385,2.314981,4.640218,1708
6290,0.0076196827527422505,2.6689854,7.59527,10763
6291,0.0006293689461291332,2.2985744,4.731095,889
6292,0.00023503992138905762,2.3534086,5.517729,332
6293,0.00357657133390819,1.9110628,3.9873137,5052
6294,0.00739313825019858,1.8787374,3.859388,10443
6295,0.0013967884484958153,2.1946647,4.5831757,1973
6296,0.0015341310531629153,2.228006,4.678978,2167
6297,0.0007037038610262749,2.2005181,4.476629,994
6298,0.031287919655992175,3.4648724,11.950778,44195
6299,0.001652358965427893,2.2713554,5.974274,2334
6300,0.003824354383565329,2.7271779,8.422995,5402
6301,0.001604926210207812,2.0379524,4.1673098,2267
6302,0.02338859603292258,2.2268755,6.781061,33037
6303,0.0010725466292301877,2.2066493,4.7938867,1515
6304,0.001176615510086186,1.9733946,5.3958807,1662
6305,0.0006017588348816235,2.2588384,5.6975927,850
6306,0.004632835077018052,2.4265044,5.617619,6544
6307,0.12192412741429184,2.986124,11.877115,172221
6308,0.005760601928743258,1.922172,3.940737,8137
6309,0.04507881624833809,2.706208,9.063429,63675
6310,0.0009295404119994959,2.0293086,4.4293337,1313
6311,0.0005111410338641554,2.0396106,5.080128,722
6312,0.000971309554655985,2.2099092,6.385106,1372
6313,0.0019567781407209494,2.168812,4.8883324,2764
6314,0.010943515376000159,1.8843031,4.204701,15458
6315,0.00045592081136913584,2.0907106,5.2479177,644
6316,0.0015419185204378538,2.2867506,5.203096,2178
6317,0.00012035176697632468,2.8494043,9.147547,170
6318,0.0029790602084492604,1.7912161,3.7621775,4208
6319,0.0023964160659697593,1.9155427,4.241613,3385
6320,0.0026349957452110615,1.9221098,3.7602232,3722
6321,0.0007100754251603156,2.1934714,5.6571236,1003
6322,0.0003999926373036673,2.0814848,6.3999968,565
6323,0.001268649214244552,2.1364703,4.842391,1792
6324,0.000521052355850441,2.3661983,6.1828885,736
6325,0.0018045685530744212,1.8516252,5.3498764,2549
6326,0.0004594605692213807,2.1438665,4.4592376,649
6327,0.006661116326354347,2.5475738,6.952538,9409
6328,0.0007001641031740301,2.2055938,4.6493983,989
6329,0.00012389152482856952,2.1795228,8.504039,175
6330,0.0002591102747843226,2.223236,4.982013,366
6331,0.000632908703981378,2.7472265,7.8819313,894
6332,0.003098704023855136,2.1283479,4.3553114,4377
6333,0.0022973028461069035,2.3477907,5.575203,3245
6334,0.0002357478729595066,2.0956779,5.434256,333
6335,0.0003214100129838318,2.486166,8.162408,454
6336,0.03157039233260131,4.569981,14.651285,44594
6337,0.008082683079815876,1.9354982,4.339244,11417
6338,0.006191744435146681,3.349961,14.290871,8746
6339,0.0019893439129616023,1.9102484,3.7270827,2810
6340,0.005626091130357954,1.7920643,4.066152,7947
6341,0.0030604746390508917,2.9325418,8.909166,4323
6342,0.005771221202299993,2.5719833,6.784926,8152
6343,0.001856249017717196,2.5011172,8.496777,2622
6344,0.1293080622940746,4.0809107,15.210842,182651
6345,0.002513936026664288,2.2449377,5.0579042,3551
6346,0.001292719567639817,2.2775295,6.003746,1826
6347,0.0027418964323488557,2.3843024,5.4911766,3873
6348,0.0005486624670979508,2.1690016,5.348146,775
6349,0.0004254788938398302,2.4974487,5.4386673,601
6350,0.0014803267338087936,2.1821976,4.410893,2091
6351,0.0006173337694315007,2.7109797,8.5719185,872
6352,0.0005911395613248889,2.000456,3.4672017,835
6353,0.003167375326188686,2.301803,5.1879306,4474
6354,0.004110366818026712,4.359513,11.564235,5806
6355,0.00410541115703357,2.1676116,4.7270293,5799
6356,0.0022519939455981695,1.9301676,4.1918063,3181
6357,0.0017797902481087075,3.3965063,8.802184,2514
6358,0.0011914824930656144,2.23592,5.148202,1683
6359,0.005018668682912739,4.770779,12.682216,7089
6360,0.0006322007524109291,2.3989441,10.535031,893
6361,0.0009826367797831686,2.1181927,4.8730397,1388
6362,0.0017330654444590754,2.1354983,5.447104,2448
6363,0.0007603399866621924,1.9737084,4.4534154,1074
6364,0.0006314928008404801,2.5393944,8.60011,892
6365,0.0008948507850474965,2.4197073,6.075655,1264
6366,0.000747596858394111,2.2244394,5.6889563,1056
6367,0.0017911174732358909,2.0948844,4.4498672,2530
6368,0.0001019450261446515,2.2686822,4.7494617,144
6369,0.0009160893321609655,2.286539,7.7159934,1294
6370,0.0001670765706259566,2.2732708,5.0921087,236
6371,0.0007631717929439882,2.3400335,5.7706933,1078
6372,0.004163463185810385,1.9245355,4.114299,5881
6373,0.0012728969236672457,2.449329,5.966025,1798
6374,0.001134138415859248,2.1699476,4.281926,1602
6375,0.0007334378269851316,2.239499,4.905592,1036
6376,0.0007978614198959877,2.5726626,7.123638,1127
6377,0.0006449438806790105,2.4011097,10.240366,911
6378,0.0036579857645098212,1.8424673,3.7696176,5167
6379,0.003185782067020359,1.9242462,4.2729583,4500
6380,0.0009691856999446382,2.1593254,4.634291,1369
6381,0.0026597740501767757,1.8520565,3.976017,3757
6382,0.00019539463344391537,2.2131498,4.603303,276
6383,0.0003355690443928112,2.3896217,8.464298,474
6384,0.003374097184759785,2.568675,8.05241,4766
6385,0.0006095463021565621,2.1537564,5.5442967,861
6386,0.0013741339982414483,2.2207687,4.7466273,1941
6387,0.0014066997704821008,1.8622,4.0532584,1987
6388,0.006585365508316307,2.8142366,8.403491,9302
6389,0.0009387437824153325,2.1333747,4.3449316,1326
6390,0.004181869926642059,1.9443841,4.117767,5907
6391,0.004909644141063598,2.3757806,6.321641,6935
6392,0.0005111410338641554,2.3487184,5.8642435,722
6393,0.0007709592602189269,1.9754003,4.497873,1089
6394,0.0020693424404223354,1.8892823,4.3802223,2923
6395,0.0015964307913624244,2.0286326,4.5461974,2255
6396,0.001338028468148551,2.1833951,5.8493786,1890
6397,0.01556289937317968,3.2348323,9.881275,21983
6398,0.002644199115626898,2.3429933,5.744487,3735
6399,8.566214002432522e-05,2.1270795,3.394026,121
6400,0.0002668977420592612,3.4562197,11.697836,377
6401,0.00262225261694298,2.0724492,4.1333838,3704
6402,0.0013840453202277338,2.1734457,4.603007,1955
6403,0.0003808779449015452,2.3423193,6.9156165,538
6404,0.001222632362165369,1.9017689,3.955871,1727
6405,0.005544676699756323,2.3606122,5.6608014,7832
6406,0.006368732327758923,2.862974,7.7793293,8996
6407,0.0032275512096768483,3.9256089,10.588678,4559
6408,0.002920300228101996,3.0570128,10.2760935,4125
6409,0.001745100621156708,2.2271447,4.6554313,2465
6410,0.0019985472833774385,2.1048536,4.894805,2823
6411,0.0010513080821167185,2.2972333,5.401029,1485
6412,0.004794955986650865,1.8526393,4.6476197,6773
6413,0.0010045832784670867,2.295739,5.828569,1419
6414,0.0034243617462616617,1.8467214,4.000185,4837
6415,0.0013727180951005505,2.0838518,4.916777,1939
6416,0.01254207002207393,2.7015615,6.998313,17716
6417,0.0006626426699402348,2.2447553,4.6520987,936
6418,0.0029302115500882816,2.4303749,6.0972543,4139
6419,0.0006307848492700312,2.7140806,13.253844,891
6420,0.013555148719386404,1.9744369,4.8238354,19147
6421,0.050967557411332604,3.7226517,12.314313,71993
6422,0.0016672259484073213,1.9227582,3.7217224,2355
6423,0.002508272414100696,2.3217793,5.1102796,3543
6424,0.0017493483305794017,1.9105932,4.172986,2471
6425,0.0005946793191771337,2.3223097,5.454723,840
6426,0.00340524705385954,1.8594972,4.134478,4810
6427,0.0004212311844171364,2.2648268,5.683071,595
6428,0.0008792758504976192,2.2495425,5.026542,1242
6429,0.0067842998996124676,2.3239605,6.0125117,9583
6430,4.8140706790529874e-05,2.4072108,5.8385906,68
6431,0.00029309195016587305,2.134618,4.9716487,414
6432,0.008488339329683134,2.929398,10.241765,11990
6433,0.0035871906074649244,2.455543,6.3467345,5067
6434,0.00017274018318954836,2.3126142,5.601491,244
6435,0.004109658866456263,3.583272,8.918953,5805
6436,0.00032282591612472973,2.3374813,6.3858647,456
6437,0.002264029122295802,1.8176947,4.169055,3198
6438,0.0009840526829240665,2.2314332,4.164576,1390
6439,0.0013670544825369587,1.9087113,4.257224,1931
6440,0.00040424034672636116,2.2744212,6.048752,571
6441,0.0006683062825038265,1.8647134,4.5701165,944
6442,0.0011235191423025134,2.2857778,5.3802667,1587
6443,0.0015043970872040586,2.3010285,4.766632,2125
6444,0.0001670765706259566,2.565008,7.38871,236
6445,0.001852709259864951,2.8265204,7.869975,2617
6446,0.0008714883832226805,2.081422,4.942435,1231
6447,4.5308900508734e-05,2.3770974,5.502154,64
6448,0.000158581151780569,2.4658651,6.9954343,224
6449,0.0002194649868391803,2.330035,6.288673,310
6450,0.001539086714156058,2.3113303,4.983816,2174
6451,0.000520344404279992,2.244656,4.874009,735
6452,0.01046918782379935,1.9805052,4.212066,14788
6453,0.0007107833767307646,2.129002,5.012407,1004
6454,0.000722818553428397,2.268964,4.647611,1021
6455,0.00035043602737223954,2.038404,5.0247126,495
6456,0.003148260633786564,1.7867501,3.4125106,4447
6457,0.0011681200912407985,2.314011,6.366304,1650
6458,0.0003440644632381988,2.4167013,5.7481728,486
6459,0.0036084291545783937,2.0911033,5.5024557,5097
6460,0.000362471204069872,2.3630133,5.402777,512
6461,0.0010994487889072484,1.7941109,4.241719,1553
6462,0.0027581793184691824,1.8879061,3.8172448,3896
6463,0.0014194428987501823,1.995982,3.945299,2005
6464,0.0015433344235787519,2.2045527,4.257739,2180
6465,0.0019532383828687046,1.9031029,3.4921167,2759
6466,0.0006385723165449698,2.1051717,5.2550616,902
6467,0.0002088457132824458,2.2910845,8.799912,295
6468,0.0027142863211013462,2.2038932,5.6147857,3834
6469,0.00016495271591460971,2.2317333,7.5876613,233
6470,0.0010590955493916573,2.332836,5.041667,1496
6471,0.0044494756202717685,1.989819,3.94064,6285
6472,0.0027001272896923665,1.911961,3.74882,3814
6473,0.0014739551696747529,3.0737836,11.602308,2082
6474,0.0017535960400020954,2.1453073,5.3940735,2477
6475,0.0005288398231253796,2.195368,5.902612,747
6476,0.003221179645542808,4.381867,13.108776,4550
6477,0.0006520233963835002,2.133633,4.747036,921
6478,0.0043673532380996884,2.253982,4.9582624,6169
6479,0.0012339595872925524,1.9708402,4.209222,1743
6480,0.0011143157718866768,2.2159865,8.176443,1574
6481,0.0006930845874695404,2.3087943,7.0067377,979
6482,0.006992437661324464,2.0036175,4.463555,9877
6483,0.0027001272896923665,2.3099582,6.1805377,3814
6484,0.0019673974142776843,2.3058207,4.759404,2779
6485,0.00043114250640342194,2.2761612,5.827118,609
6486,0.0005628214985069301,2.309344,6.6767,795
6487,0.0006137940115792559,2.3776536,8.218934,867
6488,0.002378009325138086,2.19183,4.8465652,3359
6489,0.001987928009820704,1.8305818,3.707083,2808
6490,0.00018760716616897673,2.2976213,4.822897,265
6491,0.0010173264067351682,2.2564902,4.9841866,1437
6492,0.00017840379575314013,2.1929402,3.746769,252
6493,0.0005854759487612972,2.0849514,4.333785,827
6494,0.000317162303561138,2.2494743,4.3493204,448
6495,0.0029804761115901583,1.9115214,4.3985014,4210
6496,0.000362471204069872,2.1348352,4.8878818,512
6497,0.005652993290035015,2.2472842,7.5369606,7985
6498,0.0031093232974118705,2.1974707,4.4730153,4392
6499,0.0007483048099645599,2.2587137,6.643192,1057
6500,0.0004615844239327276,2.575543,8.998707,652
6501,0.0014675836055407121,2.3342361,5.106086,2073
6502,0.0010067071331784335,2.1618586,4.5558248,1422
6503,0.0015900592272283837,2.3334324,6.903471,2246
6504,0.0019086374339304197,2.066027,4.5241513,2696
6505,0.00416700294366263,1.8875458,5.910203,5886
6506,0.004083464658349652,1.8905821,4.0605,5768
6507,0.003715329841716188,1.8104757,4.3500376,5248
6508,0.000586891851902195,2.2879043,4.765204,829
6509,0.002036068716611234,2.100774,4.090893,2876
6510,0.0011235191423025134,2.1722488,4.623163,1587
6511,0.00499743013579927,2.2490697,4.694095,7059
6512,0.005204151994370369,2.4218495,5.9324985,7351
6513,0.0011143157718866768,2.1772156,4.521235,1574
6514,0.0016424476434416075,2.0971124,4.5909986,2320
6515,0.0004998138087369719,2.1419425,4.66574,706
6516,0.008880544499711865,1.8190774,4.1196027,12544
6517,0.09876844744804697,3.708519,13.207924,139513
6518,0.0003922051700287287,2.2775939,5.150267,554
6519,0.0022760642989934346,3.0885684,9.079899,3215
6520,0.007597736254058332,2.0312715,5.0709667,10732
6521,0.0012028097181927978,2.8143988,9.513687,1699
6522,0.0014994414262109157,2.1641877,4.7458982,2118
6523,0.00203890052289303,2.6692965,7.561579,2880
6524,0.00018619126302807878,2.3859994,7.071903,263
6525,0.0007164469892943563,2.077189,4.211146,1012
6526,0.0008544975455319052,2.2500348,7.1942935,1207
6527,0.0010810420480755751,2.1781847,4.9882627,1527
6528,0.001563157067551323,2.3252335,5.2717547,2208
6529,0.000974141360937781,2.08379,4.1129856,1376
6530,0.011561557097002108,2.6313298,7.7792764,16331
6531,0.0013224535335986736,1.8592873,3.767671,1868
6532,0.0032325068706699914,2.3594425,5.4977946,4566
6533,0.0008658247706590888,2.1144028,4.401234,1223
6534,0.002606677682393103,2.193575,5.383606,3682
6535,0.0030661382516144835,2.2615438,5.0073924,4331
6536,0.00010831659027869222,2.4182506,6.123459,153
6537,0.0012750207783785927,1.9724249,4.395466,1801
6538,0.0008063568387413753,2.6257482,8.265316,1139
6539,0.0005826441424795013,2.2210793,4.3809686,823
6540,0.01542555676851258,1.9505378,5.2451806,21789
6541,0.000815560209157212,1.8031843,4.6203775,1152
6542,0.0005238841621322368,2.3315625,5.5868344,740
6543,0.005971571496737051,3.3221614,10.522812,8435
6544,0.006670319696770183,3.4509447,10.0637045,9422
6545,0.010828119270016976,2.003629,4.809334,15295
6546,0.0002845965313204854,2.1831114,5.838381,402
6547,0.0013486477417052854,2.166063,4.8637676,1905
6548,0.010542814787126042,3.4697404,12.160649,14892
6549,0.000724942408139744,2.1939876,4.9628887,1024
6550,0.0017245700256136877,2.0537412,4.987064,2436
6551,0.0014095315767638967,2.190634,4.179314,1991
6552,0.0034717945014817427,2.2774124,5.7086296,4904
6553,0.0029776443053083626,1.8268563,3.5523055,4206
6554,0.0013897089327913257,2.2737541,5.392831,1963
6555,0.0010307774865736985,1.9271472,3.7097945,1456
6556,0.0001904389724507726,2.181984,6.2864413,269
6557,0.010303527156314291,3.0943668,10.978922,14554
6558,0.0019348316420370315,2.307211,5.479883,2733
6559,0.00328843504473546,1.8149331,3.7904305,4645
6560,0.001968813317418582,1.9724631,4.475417,2781
6561,0.0009854685860649645,2.003643,4.729428,1392
6562,0.005332291228621632,3.6655552,11.389387,7532
6563,0.000406364201437708,2.2234004,5.576852,574
6564,0.0009875924407763113,1.9944457,4.5187507,1395
6565,0.0042243470208689965,1.9717646,4.611782,5967
6566,0.00034264856009730087,2.2020195,4.747725,484
6567,0.0007978614198959877,2.151556,5.8863077,1127
6568,0.0022541178003095165,1.9624208,4.1907644,3184
6569,0.0007235265049988461,2.1513634,4.5872993,1022
6570,0.000475743455341707,2.2643247,6.290046,672
6571,0.0020445641354566216,2.281465,4.9769335,2888
6572,0.012273048425303322,2.0453014,4.805254,17336
6573,0.0014166110924683864,1.9510553,3.9634845,2001
6574,0.0007723751633598249,2.2458582,5.97326,1091
6575,0.002784373526575794,2.2425382,4.790242,3933
6576,0.0042462935195529145,1.9605322,4.1343117,5998
6577,0.00025769437164342463,2.2682848,6.113777,364
6578,0.00021450932584603753,2.3804657,8.551435,303
6579,0.0017989049405108296,2.8972735,8.425525,2541
6580,0.006450854709931003,6.434128,13.732963,9112
6581,0.000519636452709543,2.1613657,4.8822584,734
6582,0.0012821002940830823,1.8603839,4.881074,1811
6583,0.0015220958764652827,1.9280196,4.351884,2150
6584,0.000996795811192148,2.1582239,4.8346815,1408
6585,0.0033153372044125206,1.9001093,3.7510793,4683
6586,0.001446345058427243,2.3466806,5.1350727,2043
6587,0.0012736048752376948,2.0792012,5.00161,1799
6588,0.0004665400849258704,2.4918382,6.2886524,659
6589,0.007740742471289024,3.472179,10.747978,10934
6590,0.0025974743119772663,1.8979617,4.0780854,3669
6591,0.009858933570072339,1.9885386,4.9862347,13926
6592,0.0016608543842732805,1.9293121,4.575996,2346
6593,0.000589015706613542,2.0953052,5.1053414,832
6594,0.0027985325579847732,1.8523364,4.390955,3953
6595,0.0024714589324373497,2.208549,4.814022,3491
6596,0.008480551862408196,3.2259228,10.441862,11979
6597,0.00170262352692977,1.9717054,4.232493,2405
6598,0.0027900371391393858,2.293756,4.8398438,3941
6599,0.002199605529384946,1.9223113,4.418557,3107
6600,0.002373761615715392,1.9244554,4.7128425,3353
6601,0.008860013904168844,2.9083884,8.9456415,12515
6602,0.001312542211612388,2.3539276,5.000394,1854
6603,0.0005061853728710126,2.3327775,5.8980355,715
6604,0.004232134488143935,1.951294,3.8943067,5978
6605,0.011213952875911665,2.5550444,7.0145626,15840
6606,0.002215180463934823,2.4816425,8.031668,3129
6607,0.004786460567805477,2.6511798,6.536736,6761
6608,0.002740480529207958,2.4514923,6.7229285,3871
6609,0.003672144795918801,1.9235321,4.151401,5187
6610,0.0005833520940499502,3.2143745,11.4293585,824
6611,0.006626426699402347,1.8814012,4.063276,9360
6612,0.014331063640598473,1.9514819,4.2698927,20243
6613,0.0015822717599534451,2.224202,4.984795,2235
6614,0.0015093527481972013,2.0305693,4.0176625,2132
6615,0.002328452715206658,1.8915915,3.8094835,3289
6616,0.00010760863870824324,2.889711,8.562639,152
6617,0.0009890083439172094,2.0881138,5.696463,1397
6618,0.0006945004906104384,1.9999275,4.4620504,981
6619,0.0025564131208912263,1.8829812,3.996351,3611
6620,0.0004884865836097884,2.1835227,5.1744194,690
6621,0.0015893512756579348,1.9859262,5.268484,2245
6622,0.0009267086057177001,2.5826373,8.131564,1309
6623,0.0011008646920481464,2.2443447,5.142362,1555
6624,0.0008346749015593341,2.2173812,5.237666,1179
6625,0.00035114397894268846,2.4751754,8.716256,496
6626,7.787467274938656e-05,2.3457534,5.600508,110
6627,0.0016495271591460971,2.255373,6.78913,2330
6628,7.291901175624378e-05,2.7490563,9.879572,103
6629,0.0017989049405108296,1.9565494,4.659753,2541
6630,0.00020247414914840507,2.0753274,5.5187616,286
6631,0.0035050682252928443,2.8093436,8.000879,4951
6632,0.004234966294425731,3.2749395,9.356126,5982
6633,0.0006612267667993368,2.0969825,4.775544,934
6634,0.0008941428334770475,2.1417696,4.4848742,1263
6635,0.08444871103257569,2.760357,10.658799,119286
6636,0.0008686565769408846,2.1998835,4.2367563,1227
6637,0.0004884865836097884,2.1344464,6.3321476,690
6638,0.0008240556280025995,2.2897396,5.4931407,1164
6639,0.00403673985470002,2.234591,5.563052,5702
6640,0.002444556772760289,1.9888122,5.137087,3453
6641,0.0010789181933642284,2.0168915,4.7096605,1524
6642,0.0008014011777482326,2.305761,5.028486,1132
6643,0.0014817426369496916,2.2647264,5.3398376,2093
6644,0.0004799911647644008,2.2517216,5.3671207,678
6645,0.006050862072627335,2.0338318,4.904158,8547
6646,0.0016381999340189135,2.2949677,5.0388412,2314
6647,0.0011716598490930433,2.1055446,4.8306546,1655
6648,0.0026795966941493467,2.2490425,5.316765,3785
6649,0.0010293615834328005,2.2621925,6.3227,1454
6650,0.0015454582782900986,2.040802,4.3718886,2183
6651,0.0006123781084383579,2.3064044,7.0020895,865
6652,0.003822230528853982,1.9129151,3.9439485,5399
6653,0.00194261910931197,2.3375154,6.6215005,2744
6654,0.00043114250640342194,2.250179,5.2691116,609
6655,0.0019100533370713176,2.0176191,4.467881,2698
6656,0.0010810420480755751,2.3418272,6.9521184,1527
6657,0.0008806917536385171,2.3192935,5.963005,1244
6658,0.004074969239504264,1.9163227,4.041552,5756
6659,0.002424734128787718,2.3590493,5.5136805,3425
6660,0.0013259932914509184,2.3281782,5.1448946,1873
6661,0.0009090098164564759,2.218092,4.3018103,1284
6662,0.002211640706082578,2.2913392,5.542051,3124
6663,0.002422610274076371,3.1049826,10.251844,3422
6664,0.0005536181280910936,1.9444731,4.727894,782
6665,0.010628476927150368,2.151295,5.032378,15013
6666,0.0013861691749390808,2.367172,5.917946,1958
6667,0.07117886679608021,3.0681705,8.427111,100542
6668,0.0009309563151403939,2.1742678,4.3810096,1315
6669,0.0029026014388407718,1.9092991,4.247683,4100
6670,0.0006237053335655414,2.2421658,6.0942373,881
6671,0.0005054774213005637,2.37548,8.129309,714
6672,0.0005047694697301147,2.0763168,3.6654575,713
6673,0.0016927122049434841,1.9875531,4.225534,2391
6674,0.0011355543190001457,2.2314937,4.2064776,1604
6675,0.001993591622384296,2.356494,6.027157,2816
6676,0.0009904242470581072,2.209135,5.062529,1399
6677,0.0012997990833443066,1.871821,4.814782,1836
6678,0.0032225955486837056,2.100799,4.7416177,4552
6679,0.004254080986827853,1.8947543,4.569345,6009
6680,0.000860161158095497,1.9411937,4.311462,1215
6681,0.000749012761535009,2.5178115,6.21272,1058
6682,0.0022739404442820876,2.1901028,4.616776,3212
6683,0.002332700424629352,2.2847223,6.0434737,3295
6684,0.0022357110594778433,2.2787337,5.1359577,3158
6685,0.0005245921137026859,2.25808,6.489473,741
6686,0.0015242197311766297,2.2390256,4.2275853,2153
6687,0.0011036964983299423,2.251385,4.956749,1559
6688,0.0033429473156600304,1.9302591,4.7591186,4722
6689,0.0030385281403669737,2.1641517,4.684268,4292
6690,0.0019773087362639696,2.0919638,4.3134294,2793
6691,0.001560325261269527,2.2000327,4.769603,2204
6692,0.015790859778864248,3.7966459,12.860376,22305
6693,0.0008261794827139465,2.219764,4.624081,1167
6694,0.001245994763990185,1.9906627,4.341921,1760
6695,0.0025960584088363685,3.0528002,9.067458,3667
6696,0.002785789429716692,1.8557402,3.6649659,3935
6697,0.003851964494812839,2.5339448,6.966109,5441
6698,0.002304382361811393,1.935853,4.2758613,3255
6699,0.0011270589001547583,2.1314425,4.4751163,1592
6700,0.0003645950587812189,2.1334367,4.6910105,515
6701,0.003029324769951137,1.8933967,4.218324,4279
6702,0.0032728601101855823,2.9420857,7.5690556,4623
6703,0.0010782102417937795,2.3138814,5.7035437,1523
6704,0.0012445788608492871,2.064233,5.2581697,1758
6705,0.0035383419491039456,1.8950219,3.8527224,4998
6706,0.0042767354370822205,2.3301811,5.214043,6041
6707,0.0005387511451116652,2.9839358,8.230045,761
6708,0.0027482679964828966,1.8838366,3.9104996,3882
6709,0.0005260080168435837,2.2278125,4.695802,743
6710,0.0107778547085151,3.7161648,12.921725,15224
6711,0.0002739772577637509,3.1881187,10.355621,387
6712,0.0002831806281795875,2.1340032,5.3051667,400
6713,0.0014420973490045493,2.3343875,5.025077,2037
6714,0.0012877639066466741,2.2734807,4.909551,1819
6715,0.0007716672117893759,2.1870956,4.3419394,1090
6716,0.0010442285664122289,2.224441,5.283761,1475
6717,0.0011801552679384308,2.3070402,6.164137,1667
6718,0.0005309636778367265,2.3523033,7.031179,750
6719,0.005967323787314357,1.8982005,4.158648,8429
6720,0.0006895448296172956,1.872502,4.4460697,974
6721,0.0004998138087369719,2.2451634,5.596705,706
6722,0.0003100827878566483,2.1384225,4.851154,438
6723,0.002723489691517183,1.919707,4.23597,3847
6724,0.0020643867794291927,2.118396,4.291325,2916
6725,0.0021281024207696,2.2731504,5.281476,3006
6726,0.000316454351990689,2.1789553,4.7566395,447
6727,0.0005288398231253796,2.0949569,4.283574,747
6728,0.0013196217273168777,2.2522144,5.1619673,1864
6729,0.0012169687496017773,2.1197097,4.5395646,1719
6730,7.150310861534584e-05,2.261102,5.78286,101
6731,0.0013012149864852045,2.5175357,6.825295,1838
6732,0.002316417538509026,2.316123,5.2009406,3272
6733,0.0021401375974672327,2.271491,5.925341,3023
6734,0.002331992473058903,2.258111,5.164482,3294
6735,0.0025705721523002056,1.9341643,3.5950928,3631
6736,0.07565736843074039,2.5857415,8.632973,106868
6737,0.0013217455820282247,2.506561,5.4528666,1867
6738,0.009782474800463849,2.8217494,6.16825,13818
6739,0.009597699440576668,1.8864866,4.17708,13557
6740,0.0018194355360538496,2.122331,5.5934744,2570
6741,2.4778304965713905e-05,2.906386,6.752853,35
6742,0.001292719567639817,2.368071,5.703943,1826
6743,0.0006095463021565621,2.1748955,4.861668,861
6744,0.001134138415859248,2.1471345,4.7027574,1602
6745,0.0017139507520569533,2.1856856,5.4501896,2421
6746,0.004684515541660826,2.4258327,6.662233,6617
6747,0.00017274018318954836,2.2401032,5.8937645,244
6748,0.003910724475160103,2.3197281,5.251743,5524
6749,0.0016594384811323827,6.4440765,13.720965,2344
6750,0.00034052470538595395,2.0294006,4.447404,481
6751,0.005257248362154042,1.8185375,4.708176,7426
6752,0.0004899024867506864,2.3008804,5.076499,692
6753,0.0009436994434084753,1.944039,5.0532513,1333
6754,0.003778337531486146,2.3341126,6.475514,5337
6755,0.0010229900192987597,1.8216375,3.7194023,1445
6756,0.004066473820658876,3.293674,10.087216,5744
6757,0.0011390940768523908,2.232523,5.9713454,1609
6758,3.468962695199947e-05,2.145609,4.6589413,49
6759,0.0024275659350695136,2.1672192,4.525157,3429
6760,0.00039008131531738176,2.1478033,4.8806176,551
6761,0.002855168683620691,1.9269513,3.7446299,4033
6762,0.058507241636614124,2.323761,7.2626047,82643
6763,0.002712870417960448,1.8456409,3.8041766,3832
6764,0.0036332074595441075,3.4071321,11.241493,5132
6765,0.0013196217273168777,2.390949,5.6079597,1864
6766,0.0004962740508847271,2.1140099,5.6992683,701
6767,0.006717044500419815,1.8694317,3.9630597,9488
6768,0.0023468594560383314,2.6669834,7.5787024,3315
6769,0.0019135930949235624,2.179007,4.9616055,2703
6770,0.001835718422174176,2.1632514,4.5317163,2593
6771,0.03554766425538362,2.3394887,7.424377,50212
6772,0.003672144795918801,1.8214215,4.008765,5187
6773,0.06275495105930794,4.9460473,16.15998,88643
6774,0.0005160966948572982,2.0810757,5.9858003,729
6775,0.0018725319038375224,1.9027585,5.617397,2645
6776,0.00024990690436848596,2.3601387,7.261801,353
6777,0.0007851182916279063,2.167395,4.287937,1109
6778,0.0009812208766422706,2.2595658,5.0131507,1386
6779,0.0031510924400683597,1.8049076,3.9340198,4451
6780,0.0008530816423910074,2.0614052,4.6185794,1205
6781,0.0008863553662021088,2.2017074,4.269505,1252
6782,0.0010555557915394125,2.3280861,6.0506806,1491
6783,0.0006307848492700312,3.1666443,12.19659,891
6784,0.00172315412247279,2.234654,4.4848447,2434
6785,0.001196438154058757,2.1730497,4.7553368,1690
6786,0.0002534466622207308,2.1914506,4.723357,358
6787,0.002739772577637509,1.8436282,3.6368105,3870
6788,0.0012608617469696134,2.4112694,5.586172,1781
6789,0.0004389299736783606,2.2339087,4.5793905,620
6790,0.0012813923425126334,1.973811,4.3158603,1810
6791,0.0016636861905550764,3.1363025,8.592374,2350
6792,0.0008998064460406393,2.1340811,4.492443,1271
6793,0.013422053824141997,2.4272578,5.6332855,18959
6794,0.00653510094681443,1.9464961,4.345606,9231
6795,0.0025004849468257574,2.1800323,5.6635904,3532
6796,0.000749012761535009,2.261232,5.21394,1058
6797,0.0007582161319508455,2.1963553,6.55637,1071
6798,0.0015128925060494461,2.0511389,4.1954784,2137
6799,0.004348238545697566,4.112181,10.918632,6142
6800,0.0007553843256690497,2.2683592,5.3791313,1067
6801,0.003393211877161907,2.3365843,5.975044,4793
6802,0.00039432902474007556,2.1697338,4.82291,557
6803,0.00011114839656048809,2.3093631,6.9489484,157
6804,0.002268276831718496,1.8785558,3.88093,3204
6805,0.0012856400519353271,2.535483,7.2948503,1816
6806,0.0012502424734128787,2.1291637,4.530143,1766
6807,0.0004240629906989323,2.332847,5.693971,599
6808,0.0006484836385312554,2.1564364,5.0265937,916
6809,0.0014151951893274885,2.328737,5.149742,1999
6810,0.004402750816622137,3.2112901,7.4340415,6219
6811,0.0031079073942709727,3.5373244,10.218747,4390
6812,0.00030725098157485245,2.068717,7.058389,434
6813,0.00296560912861073,1.7876621,3.551459,4189
6814,0.0002215888415505272,2.260488,7.542045,313
6815,0.0006222894304246436,2.266414,4.6080403,879
6816,0.005875290083155992,1.9273688,3.873194,8299
6817,0.16339663836276289,3.3391924,12.81098,230802
6818,0.0010463524211235759,2.1769536,5.52946,1478
6819,0.012173227253870017,2.3566418,7.3399854,17195
6820,0.0014350178333000596,2.1824708,5.139483,2027
6821,0.0013005070349147556,2.18213,4.7109523,1837
6822,0.0005337954841185224,2.2792308,7.175093,754
6823,0.0011879427352133696,2.2527103,4.8721204,1678
6824,0.0006392802681154187,2.2647357,4.997291,903
6825,0.008268874342843955,1.9975507,4.7691007,11680
6826,0.0006513154448130513,2.3748043,8.6229,920
6827,0.0024360613539149015,2.5234146,6.3256526,3441
6828,0.0005486624670979508,2.2848008,5.965586,775
6829,0.0012268800715880628,2.4096675,6.6628957,1733
6830,0.0041549677669649974,3.321367,10.716949,5869
6831,0.0006137940115792559,2.2775297,5.314588,867
6832,0.0005019376634483188,2.2915568,5.234078,709
6833,0.003347902976653173,1.8613888,3.692268,4729
6834,0.0057669734928773,1.881024,4.763388,8146
6835,0.0010364410991372903,2.1585357,5.0967827,1464
6836,0.00151714021547214,2.165759,4.235732,2143
6837,0.024199908532657098,2.077493,4.8543606,34183
6838,0.010053620251945805,1.9455324,4.2046003,14201
6839,0.0013543113542688772,2.2861488,5.045838,1913
6840,0.0007589240835212945,2.290498,5.8813004,1072
6841,0.0024849100122758803,1.8845253,4.244394,3510
6842,0.004913183898915843,1.9428618,4.4798293,6940
6843,0.0014859903463723854,2.1177695,5.0468607,2099
6844,0.0008028170808891305,2.2192535,4.4541035,1134
6845,0.0005231762105617879,2.2582383,5.294775,739
6846,0.0016445714981529543,2.4627607,6.3207426,2323
6847,0.0007681274539371311,2.2663813,5.201805,1085
6848,0.0027673826888850186,3.7927105,10.259723,3909
6849,0.0006286609945586842,2.2960656,6.8559604,888
6850,4.318504579738709e-05,2.236994,6.065111,61
6851,0.0021210229050651103,1.8929557,3.6817193,2996
6852,0.006050862072627335,3.6392057,12.994628,8547
6853,0.002921008179672445,2.2146606,4.482702,4126
6854,0.00031574640042024004,2.3497229,5.871513,446
6855,0.0012495345218424298,2.2286704,4.718494,1765
6856,0.0010590955493916573,2.2296445,5.1505394,1496
6857,0.016177401336329385,2.514334,8.608974,22851
6858,0.0013224535335986736,2.1087904,4.8060493,1868
6859,0.005513526830656568,3.3564246,11.891303,7788
6860,0.001266525359533205,2.298682,5.298055,1789
6861,0.002693755725558326,2.273226,5.115427,3805
6862,0.0016643941421255256,2.2571654,5.549617,2351
6863,0.0008778599473567212,2.448297,9.014553,1240
6864,0.001042812663271331,2.255737,4.818078,1473
6865,0.00043043455483297296,2.0528917,5.2666397,608
6866,0.00010052912300375356,2.0503356,4.594431,142
6867,0.001717490509909198,2.3269567,5.2676525,2426
6868,0.0005727328204932157,2.273219,5.1564717,809
6869,0.00046583213335542144,2.2641664,5.010647,658
6870,0.0003022953205817096,2.43792,7.1494355,427
6871,0.0029542819034835467,2.7217362,7.891467,4173
6872,0.06850139395664222,3.5034566,12.128548,96760
6873,7.362696332669275e-05,2.1622288,6.194483,104
6874,0.017357556604267816,2.6589916,7.528567,24518
6875,0.002513936026664288,2.1572638,5.7216396,3551
6876,0.004404874671333483,2.4483078,6.9698515,6222
6877,0.0032183478392610117,1.9519796,4.0689826,4546
6878,0.00023291606667771072,2.4554076,6.742951,329
6879,0.002723489691517183,2.3783317,6.215554,3847
6880,0.004040279612552265,1.9465702,3.8503292,5707
6881,0.0005054774213005637,2.2569225,5.815547,714
6882,0.0003645950587812189,2.3742812,5.60169,515
6883,0.0032105603719860733,1.9677484,4.4046164,4535
6884,0.0015192640701834868,2.2652826,5.670147,2146
6885,0.0026102174402453477,1.8990257,4.098898,3687
6886,0.004827521758891518,1.9331121,4.207083,6819
6887,0.013138165244391962,2.799896,9.9381075,18558
6888,0.0008792758504976192,2.2220824,4.4694624,1242
6889,0.00037238252605615755,2.1404142,5.7678447,526
6890,0.0041379769292742225,3.3460317,10.074664,5845
6891,0.0018477535988718084,1.9895786,4.2081676,2610
6892,0.0008622850128068439,2.3281083,5.531024,1218
6893,0.005659364854169056,1.9041792,3.9835534,7994
6894,0.001587935372517037,2.1632535,6.129748,2243
6895,0.0011936063477769614,2.2712421,5.1108904,1686
6896,0.0025302189127846143,2.9539027,9.116352,3574
6897,0.0002442432918048942,2.0512779,4.660967,345
6898,0.0013656385793960606,2.1807141,4.722956,1929
6899,0.002604553827681756,1.8019679,3.7479408,3679
6900,0.0013061706474783474,2.295803,4.6566334,1845
6901,0.011007231017340566,2.008915,4.3633103,15548
6902,0.0008254715311434975,2.298088,5.01537,1166
6903,0.03908813005919891,6.5093164,11.699195,55213
6904,0.0008998064460406393,1.9625949,4.283024,1271
6905,0.0006654744762220306,2.052587,4.39939,940
6906,0.0034073709085708863,1.8898069,4.3448763,4813
6907,0.0017493483305794017,2.6469579,7.2886877,2471
6908,0.0011454656409864315,2.475991,7.4147644,1618
6909,0.000385125654324239,2.2122295,4.116666,544
6910,0.0011851109289315737,1.948277,3.5459154,1674
6911,0.0007737910665007228,2.3427672,5.120587,1093
6912,0.002557829024032124,3.091762,12.232487,3613
6913,0.0005437068061048079,2.1102674,3.9898608,768
6914,0.0019730610268412756,2.170438,4.680081,2787
6915,0.00101591050359427,2.1707673,4.6903186,1435
6916,0.002314293683797679,1.9072193,4.0031524,3269
6917,0.00024070353395264936,2.437697,6.4038095,340
6918,0.003599225784162557,3.488889,10.486701,5084
6919,6.867130233354997e-05,2.3186646,6.1298146,97
6920,0.04051890018307627,3.1735818,11.529561,57234
6921,0.005185037301968247,3.3316262,8.790052,7324
6922,0.0037705500642112076,2.2790372,6.0800896,5326
6923,0.005771929153870442,2.0355868,4.6920233,8153
6924,0.0017606755557065853,2.0779874,4.9628725,2487
6925,0.0014357257848705085,2.2127638,5.8491106,2028
6926,0.0013210376304577756,2.167903,3.9667478,1866
6927,0.0005253000652731348,2.359791,6.6870427,742
6928,0.0008594532065250481,2.229462,5.4362073,1214
6929,0.0041549677669649974,1.8261422,3.9921963,5869
6930,0.0016155454837645466,1.9847183,4.381935,2282
6931,0.0006881289264763976,2.154712,4.100372,972
6932,0.00048777863203933945,2.279825,5.3504252,689
6933,0.003672144795918801,2.4763677,6.9574013,5187
6934,0.0018640364849921347,2.2908936,4.447342,2633
6935,0.016425892337556973,3.6026003,9.565237,23202
6936,0.002285267669409271,2.3275707,5.011311,3228
6937,0.0004566287629395848,2.0023875,5.060566,645
6938,0.0015532457455650374,2.1192803,4.6663485,2194
6939,0.003484537629749824,2.2917144,5.05527,4922
6940,0.0006923766358990914,2.028836,4.558155,978
6941,0.0035978098810216593,1.926464,3.997624,5082
6942,0.005010173264067352,2.3547533,6.2413015,7077
6943,0.0003327372381110153,2.2346919,4.852391,470
6944,0.0005783964330568074,2.2646978,5.486567,817
6945,0.0016438635465825053,2.4083145,6.2282505,2322
6946,0.02483706494606117,4.1790776,12.021709,35083
6947,0.0027277374009398764,1.9186051,4.063317,3853
6948,0.00043114250640342194,2.3237016,6.754371,609
6949,0.0008438782719751707,2.1452928,4.139242,1192
6950,0.0012367913935743483,2.1567037,4.9781647,1747
6951,0.005345034356889714,2.3355637,5.880739,7550
6952,0.0024983610921144104,3.0804102,9.594507,3529
6953,0.0010059991816079846,2.2343903,6.09662,1421
6954,0.0045620399199731545,5.1798654,13.77517,6444
6955,0.0007192787955761522,2.1903815,4.4323053,1016
6956,0.0008488339329683135,2.059877,4.556214,1199
6957,0.0006180417210019497,2.3438575,5.099099,873
6958,0.0018817352742533588,1.8626329,3.6229587,2658
6959,0.0009068859617451289,2.358903,6.3815684,1281
6960,0.00013238694367395716,2.0335603,3.4391437,187
6961,0.003730904776266065,1.9299476,3.9864233,5270
6962,0.0002768090640455468,2.0519521,4.608237,391
6963,0.0011192714328798195,1.8793211,4.375663,1581
6964,0.0018831511773942568,1.8997439,4.080912,2660
6965,0.001038564953848637,2.1541457,4.4122176,1467
6966,0.0005564499343728894,2.2649822,6.7959332,786
6967,0.00023150016353681277,2.4000173,5.726018,327
6968,0.001422982656602427,1.8925214,3.877356,2010
6969,0.004101163447610876,2.3591428,5.8549647,5793
6970,0.0009996276174739438,2.4151635,5.434142,1412
6971,0.001473247218104304,2.2744231,4.818961,2081
6972,0.002584731183709185,4.082443,10.907731,3651
6973,0.000996795811192148,2.0912125,4.56539,1408
6974,0.0030696780094667283,2.4477386,6.3415594,4336
6975,0.0026342877936406128,1.9510559,4.0498867,3721
6976,0.000791489855761947,2.2321897,4.8914905,1118
6977,0.05977376699614733,3.4648018,8.6098385,84432
6978,0.0005160966948572982,2.2952943,5.7956953,729
6979,0.0015256356343175276,1.9968985,4.0644217,2155
6980,0.0013068785990487963,2.2084658,6.4471116,1846
6981,0.010792721691494528,3.5128536,10.291327,15245
6982,0.001607050064919159,1.8605487,3.885189,2270
6983,0.001218384652742675,2.3582482,8.399632,1721
6984,0.0016813849798163008,2.0072436,3.6929207,2375
6985,0.0005337954841185224,2.1499019,4.9510202,754
6986,0.003081005234593912,2.3864617,5.423087,4352
6987,0.0010244059224396578,2.1776786,4.9571743,1447
6988,0.0012976752286329597,2.1698616,5.0685763,1833
6989,0.00036813481663346376,2.3091037,6.295749,520
6990,0.0015744842926785066,2.358937,5.5856194,2224
6991,0.0008530816423910074,2.3546426,5.0345154,1205
6992,0.00156528092226267,1.972178,4.247504,2211
6993,0.0005337954841185224,2.3894398,7.1817636,754
6994,0.004902564625359108,4.0798507,11.793452,6925
6995,0.015517590472670945,2.7243757,7.390508,21919
6996,0.001604926210207812,1.9749647,4.2771325,2267
6997,0.004965572315129067,3.0186665,8.823995,7014
6998,0.002776586059300855,3.4256,8.78548,3922
6999,0.00026123412949566945,2.256414,6.23789,369
7000,0.00591068766167844,1.932302,4.1569576,8349
7001,0.0011730757522339411,1.8570223,3.8476763,1657
7002,0.0007589240835212945,2.04691,4.582738,1072
7003,0.0007143231345830094,2.162234,4.8750634,1009
7004,0.0008637009159477418,2.1628933,5.6500072,1220
7005,0.0012509504249833278,2.1134539,4.5761757,1767
7006,0.001877487564830665,1.9915224,3.9086785,2652
7007,0.003177994599745421,1.9056927,4.1468854,4489
7008,0.0031192346193981563,2.370599,4.887161,4406
7009,0.0006003429317407255,2.1274846,5.992533,848
7010,0.0038413452212561045,2.4264987,6.8697834,5426
7011,0.00285587663519114,3.0836668,8.918153,4034
7012,0.0012771446330899397,2.2344043,4.899338,1804
7013,0.0037535592265204322,1.948437,3.7493875,5302
7014,0.004602393159488746,2.906299,8.913993,6501
7015,0.0014888221526541813,1.7829356,3.7305217,2103
7016,0.0032013570015702367,2.3872027,6.0071197,4522
7017,0.00047007984277811524,1.9984952,5.199221,664
7018,0.0013047547443374493,1.9299145,4.764312,1843
7019,0.0005578658375137873,1.8828928,6.074023,788
7020,0.002213056609223476,1.8742692,4.582529,3126
7021,0.002294471039825108,2.4436073,5.896458,3241
7022,0.0009996276174739438,1.9367464,4.920883,1412
7023,0.0002845965313204854,2.3260822,6.1769805,402
7024,0.0023921683565470654,1.9267379,3.7847965,3379
7025,0.0001422982656602427,2.3065917,5.9343204,201
7026,0.001155376962972717,2.2313428,4.259372,1632
7027,0.0003015873690112607,2.3388543,5.6250587,426
7028,0.05534906968084127,2.7086515,8.785261,78182
7029,0.00568414315913477,1.9021614,4.4811754,8029
7030,0.0010902454184914118,2.146005,3.9538953,1540
7031,0.004193197151769241,1.9414394,4.9262133,5923
7032,0.006702885469010836,1.9867437,4.969767,9468
7033,0.000496982002455176,2.1684194,4.6313806,702
7034,0.002625084423224776,4.827051,14.571386,3708
7035,0.011994115506546428,2.647358,7.0552564,16942
7036,0.0005791043846272565,2.2426324,5.0450625,818
7037,0.0031121551036936666,2.6255236,8.15766,4396
7038,0.0006952084421808873,2.3473003,6.504144,982
7039,0.02601014069829511,3.1443734,9.903826,36740
7040,0.0011072362561821872,2.2401156,4.590992,1564
7041,0.0015674047769740167,2.5815897,6.46466,2214
7042,0.001133430464288799,2.2685015,4.583799,1601
7043,0.0005529101765206446,2.189033,4.451831,781
7044,0.0012056415244745937,2.3122165,5.2662263,1703
7045,0.024092299893948853,2.1751478,6.543128,34031
7046,0.0010222820677283108,2.1576636,5.440681,1444
7047,0.001995715477095643,1.9802737,5.257095,2819
7048,0.0018385502284559718,2.3336837,5.552088,2597
7049,0.002470043029296452,2.0059304,4.510997,3489
7050,0.010950594891704649,2.3832877,5.1084857,15468
7051,0.001110068062463983,1.955973,4.819891,1568
7052,0.000701580006314928,2.210245,5.138565,991
7053,0.0014796187822383447,2.3694906,4.718388,2090
7054,0.0002307922119663638,2.2280967,6.099749,326
7055,0.0015688206801149148,2.0955777,4.6835957,2216
7056,0.0017606755557065853,2.1585727,5.1604466,2487
7057,0.0009776811187900258,2.309659,5.2717543,1381
7058,0.0014428053005749982,1.8345753,4.1424103,2038
7059,0.00034335651166774985,2.1957695,4.2629814,485
7060,0.0018902306930987465,3.8395026,10.790774,2670
7061,0.0006074224474452151,2.1924472,4.648195,858
7062,0.001018034358305617,2.1324751,4.1991873,1438
7063,0.0008750281410749253,2.0540287,4.43545,1236
7064,0.00267039332373351,2.2359278,5.694982,3772
7065,0.0002626500326365674,2.1374881,5.242598,371
7066,0.0005274239199844817,2.3124416,5.5649266,745
7067,0.0021790749338419257,1.9123567,3.9478185,3078
7068,6.017588348816234e-05,2.5629125,5.4490323,85
7069,0.0022704006864298428,1.8970913,3.8046477,3207
7070,0.0013705942403892035,1.9147811,5.088824,1936
7071,0.0005083092275823595,2.2601914,4.7274823,718
7072,0.005446979383034366,2.2826157,5.926811,7694
7073,0.002009874508504622,1.8642478,4.3022017,2839
7074,0.0012021017666223488,2.1869662,4.780051,1698
7075,0.0009182131868723124,1.9003187,3.8937373,1297
7076,0.0008573293518137011,2.2322896,4.7970023,1211
7077,0.002761719076321427,2.1411362,4.8975167,3901
7078,0.0006428200259676636,2.2135959,5.209436,908
7079,0.0007844103400574574,1.8629446,4.513023,1108
7080,0.014720437004345407,2.6797764,7.79771,20793
7081,0.0007936137104732939,2.1816726,4.894355,1121
7082,0.002381549082990331,2.2678833,5.079074,3364
7083,0.002850920974197997,2.2170713,5.1553154,4027
7084,0.0006895448296172956,2.4188244,6.1036477,974
7085,0.0009621061842401485,2.2248251,4.8946853,1359
7086,0.003286311190024113,2.7721252,8.296826,4642
7087,0.0009104257195973737,1.9340087,3.8636324,1286
7088,0.002678180791008449,1.9051286,3.9251797,3783
7089,0.0021613761445807016,2.0527806,4.2724023,3053
7090,0.001199977911911002,1.9602355,6.6748085,1695
7091,0.003335867799955541,1.9173678,4.1259594,4712
7092,0.0006421120743972146,2.2784662,4.6746755,907
7093,0.0001925628271621195,2.584545,8.862471,272
7094,0.00039078926688783074,2.2682686,5.438498,552
7095,0.00037521433233795345,2.1015177,4.277295,530
7096,0.0009550266685356588,2.9887705,10.127643,1349
7097,0.007124824604998421,2.6394625,7.471365,10064
7098,0.0013174978726055307,2.1350718,4.217239,1861
7099,0.014636898719032428,2.6182175,7.8705297,20675
7100,0.0059262625962283174,2.5287373,7.7692513,8371
7101,0.0038172748678608395,1.9359354,4.5645604,5392
7102,0.0010229900192987597,2.2041178,5.835455,1445
7103,0.006936509487258996,1.9482976,4.4489455,9798
7104,0.0002845965313204854,2.86176,12.1010895,402
7105,0.0005628214985069301,2.2396805,5.8799834,795
7106,0.0032204716939723587,2.2691245,4.6997075,4549
7107,0.0006010508833111744,2.2699397,5.3885856,849
7108,0.0007037038610262749,2.2324317,5.075596,994
7109,0.0017295256866068306,1.9980552,4.211021,2443
7110,0.0006909607327581934,2.2070584,7.5699034,976
7111,0.006343954022793209,1.882366,4.5085487,8961
7112,0.002264737073866251,2.2730525,5.776192,3199
7113,0.0015985546460737714,1.918483,4.3885517,2258
7114,0.00622643406209868,1.8445228,3.7790406,8795
7115,0.0011865268320724715,1.8781954,3.824292,1676
7116,0.0003214100129838318,2.2449815,5.0432997,454
7117,0.0007483048099645599,2.0618925,4.240899,1057
7118,0.0023114618775158828,2.1773772,4.8427367,3265
7119,0.0015589093581286292,2.3319325,4.660528,2202
7120,0.005976527157730194,2.6516924,8.798393,8442
7121,0.0013550193058393261,2.3570852,6.240893,1914
7122,0.002392876308117514,1.937239,4.150107,3380
7123,0.0002357478729595066,2.13306,4.264177,333
7124,0.0011652882849590026,2.2673593,5.1500273,1646
7125,0.0040685976753702235,1.9735113,4.236711,5747
7126,0.0004325584095443199,2.2841804,6.058471,611
7127,0.0005599896922251343,2.825065,11.735097,791
7128,0.0018966022572327872,3.454374,6.7951303,2679
7129,0.01233534816350283,3.769466,12.07072,17424
7130,0.0006194576241428477,2.1411917,4.339964,875
7131,0.015778824602166616,2.1610575,6.588036,22288
7132,0.0009217529447245572,2.1832328,4.6182356,1302
7133,0.0042908944684912,2.3333676,5.5156927,6061
7134,0.00047007984277811524,2.564327,7.642894,664
7135,0.021875703526873135,2.0495949,5.1786184,30900
7136,0.0003008794174408117,2.3582332,7.3079085,425
7137,0.001041396760130433,2.1158519,4.813504,1471
7138,0.002215180463934823,2.104563,4.0847125,3129
7139,0.004120986091583447,2.2756958,5.0319443,5821
7140,0.0008778599473567212,2.2485647,4.799011,1240
7141,0.005295477746958286,4.3125296,10.865071,7480
7142,0.003954617472527939,3.0629401,10.017823,5586
7143,0.00040494829829681013,2.1855574,5.190087,572
7144,0.0005047694697301147,2.2199378,5.4331694,713
7145,0.0024325215960626567,3.0772572,9.732498,3436
7146,0.001378381707664142,2.4333365,6.2039766,1947
7147,0.0015086447966267524,1.9537337,4.0880466,2131
7148,0.0005097251307232575,2.21798,4.8725305,720
7149,0.0012389152482856953,1.984746,4.6920757,1750
7150,0.0013613908699733669,3.0999765,10.586877,1923
7151,0.000702995909455826,2.1011028,4.5083413,993
7152,0.0014130713346161416,2.1514053,5.347839,1996
7153,0.002219428173357517,2.0834534,4.3671536,3135
7154,0.005994225946991418,3.7458515,13.3633795,8467
7155,0.004275319533941322,2.0481124,4.1004786,6039
7156,0.0005422909029639101,2.2892199,4.872811,766
7157,0.00602042015509803,1.8292265,4.1805935,8504
7158,0.0005359193388298694,2.2896373,5.6897664,757
7159,0.0014874062495132832,2.1634839,4.4388533,2101
7160,0.0007235265049988461,1.9567764,4.5096884,1022
7161,0.0005352113872594203,2.0822597,5.273957,756
7162,0.0017344813475999733,2.0825417,3.978664,2450
7163,0.0026491547766200408,2.0328922,5.3113284,3742
7164,0.0010265297771510046,1.8840141,4.0095944,1450
7165,0.003055518978057749,1.86392,3.9758925,4316
7166,0.002061554973147397,1.836944,3.9867258,2912
7167,0.0011596246723954108,2.3760464,5.2680545,1638
7168,0.0006697221856447244,2.3067608,4.6000485,946
7169,0.0013571431605506731,2.1843967,4.854702,1917
7170,0.0020275732977658462,3.0822186,9.810116,2864
7171,0.002847381216345752,2.0222878,4.858274,4022
7172,0.0018017367467926253,2.5142143,7.244365,2545
7173,0.0008360908047002321,2.6435251,8.361431,1181
7174,0.0002378717276708535,2.2522888,4.831289,336
7175,0.0008665327222295377,2.1809635,3.9315615,1224
7176,0.00363816312053725,3.3887196,9.002788,5139
7177,0.0027730463014486104,3.0613368,9.791993,3917
7178,0.0035008205158701504,2.7190275,8.966422,4945
7179,0.004728408539028662,3.3973248,12.043659,6679
7180,0.0003893733637469328,2.301874,6.444992,550
7181,0.0008431703204047217,2.0986166,4.9873247,1191
7182,0.004910352092634047,1.8765053,3.916017,6936
7183,0.004215143650453159,1.7885969,3.8269289,5954
7184,0.0015546616487059353,2.1110759,5.0431743,2196
7185,0.01595439659163796,2.880253,6.3460383,22536
7186,0.0008084806934527223,2.1614518,5.4754715,1142
7187,0.0029330433563700773,1.9475737,3.7446406,4143
7188,0.005906439952255746,2.186031,5.008307,8343
7189,0.025360949108193406,2.9167562,11.5481825,35823
7190,0.0003327372381110153,2.4544375,6.302498,470
7191,0.0004594605692213807,2.2526531,6.664364,649
7192,0.000499105857166523,2.3208573,5.2135215,705
7193,0.001267941262674103,1.9455414,3.702771,1791
7194,0.0010038753268966376,2.118481,4.702896,1418
7195,0.0004899024867506864,2.160071,4.631066,692
7196,6.442359291085616e-05,2.657002,9.202491,91
7197,0.0005189285011390941,2.3041606,5.7006974,733
7198,0.0019730610268412756,1.9651922,3.879386,2787
7199,0.0003780461386197493,2.206354,5.044396,534
7200,0.0017691709745519728,2.1305048,5.162243,2499
7201,0.0059262625962283174,2.859117,8.905003,8371
7202,0.0008898951240543537,2.1279817,5.0849247,1257
7203,0.0005274239199844817,2.1163552,4.8516784,745
7204,9.0617801017468e-05,2.072562,6.291129,128
7205,0.0007985693714664368,1.9606696,4.3012524,1128
7206,0.0011490053988386763,2.3422778,4.9987698,1623
7207,0.00032211796455428076,2.4631965,5.3545046,455
7208,0.021972692892024644,1.9666933,4.3727036,31037
7209,0.0009316642667108429,2.2687163,6.134538,1316
7210,0.009129035500939452,1.9957503,4.2437773,12895
7211,0.0002987555627294648,2.2856393,5.343109,422
7212,0.0006697221856447244,2.2249033,4.905205,946
7213,0.001740852911734014,2.366191,6.5107946,2459
7214,0.0016580225779914848,2.2688055,4.7594075,2342
7215,0.0017295256866068306,3.0471928,9.210619,2443
7216,0.0022222599796393127,2.7087836,7.299207,3139
7217,0.0040339080484182235,3.4032369,9.688378,5698
7218,0.0010116627941715764,2.1436548,4.1352415,1429
7219,0.0030937483628619934,1.9183385,3.9677806,4370
7220,0.0007107833767307646,2.2542946,5.1572757,1004
7221,0.015900592272283836,1.9608569,4.5872016,22460
7222,0.0022300474469142515,2.1669023,5.053646,3150
7223,0.003735860437259208,1.8487611,3.69692,5277
7224,0.0014399734942932025,2.088553,4.4153614,2034
7225,0.0016601464327028316,1.9629859,3.9809816,2345
7226,0.0034257776494025596,1.9175857,4.109959,4839
7227,0.004463634651680748,1.8272749,3.9483404,6305
7228,0.0015093527481972013,1.9963413,4.5409546,2132
7229,0.0005253000652731348,2.2758765,6.811314,742
7230,0.002833930136507222,1.8619231,3.7107148,4003
7231,0.005135480692036819,2.106592,4.5534573,7254
7232,0.0013713021919596524,2.1970618,4.687778,1937
7233,0.0025450858957640427,1.8473788,3.9968135,3595
7234,0.0047177892654719274,1.9309868,3.9769976,6664
7235,0.00027468520933419987,2.304478,5.9957256,388
7236,8.637009159477418e-05,2.0247195,4.297184,122
7237,0.007611187333896863,2.3469937,5.1854873,10751
7238,0.0006768017013492142,2.0525942,4.4417295,956
7239,0.0030675541547553814,3.8961575,11.304312,4333
7240,0.0016828008829571986,2.3353982,5.9370885,2377
7241,0.0024346454507740037,2.6389968,8.64408,3439
7242,0.0021585443382989055,2.2804968,5.1452675,3049
7243,0.0004948581477438291,2.2108736,4.444602,699
7244,0.0011936063477769614,2.190991,4.995943,1686
7245,0.0045450490822823795,2.842429,7.974847,6420
7246,1.6990837690775248e-05,1.7819043,2.7500162,24
7247,0.0022576575581617613,2.6306968,6.4856343,3189
7248,0.0013550193058393261,2.2464454,4.6999693,1914
7249,0.0023857967924130244,2.2052402,4.6931725,3370
7250,0.0015504139392832415,1.906952,3.8923113,2190
7251,0.004074261287933815,1.8838247,3.792012,5755
7252,0.0061259049390949265,2.716142,8.73599,8653
7253,0.004477085731519278,2.8112803,7.6865163,6324
7254,0.0071736732633594005,2.813092,7.2764816,10133
7255,0.0014916539589359772,1.94202,5.196564,2107
7256,0.0009444073949789243,2.1814735,5.254038,1334
7257,0.0008665327222295377,2.2300866,4.746399,1224
7258,0.004490536811357809,2.0212514,4.3856444,6343
7259,0.0017755425386860135,2.2949393,5.0432043,2508
7260,0.003786832950331534,2.367511,9.251869,5349
7261,0.0005139728401459513,2.2426004,4.69363,726
7262,0.003417990182127621,2.61482,7.631692,4828
7263,0.00010973249341959015,1.9633946,3.4104373,155
7264,0.0015794399536716492,2.2184012,4.48282,2231
7265,0.0005054774213005637,2.2793567,5.133808,714
7266,0.0020502277480202134,2.007057,4.113323,2896
7267,0.0023645582452995555,1.9217367,3.769137,3340
7268,0.003079589331453014,2.297366,5.781984,4350
7269,0.0007808705822052126,2.2369752,4.839981,1103
7270,0.001790409521665442,2.003291,4.3179584,2529
7271,0.00016849247376685456,2.1699293,7.5092206,238
7272,0.006457934225635492,2.2737238,6.650653,9122
7273,0.00044034587681925856,2.2990136,4.69555,622
7274,0.0018640364849921347,2.191079,4.598707,2633
7275,0.002827558572373181,2.1916478,4.4967375,3994
7276,0.011421382686053213,1.9155028,4.1818686,16133
7277,0.00036955071977436165,2.2543814,7.2823315,522
7278,0.0007178628924352543,2.7668803,7.3469405,1014
7279,0.0011376781737114927,2.2574246,5.59026,1607
7280,0.001877487564830665,2.1635134,4.788186,2652
7281,0.0034094947632822333,2.1631958,5.337285,4816
7282,0.0008424623688342728,2.2655702,4.5290136,1190
7283,0.004899024867506863,1.9028395,4.380383,6920
7284,0.002987555627294648,2.4287026,6.4268813,4220
7285,0.0037167457448570858,2.5123737,7.4269667,5250
7286,0.005272823296703919,2.4382377,5.965844,7448
7287,0.0011298907064365542,3.0357113,8.9652,1596
7288,0.0013691783372483054,1.8715194,3.7516556,1934
7289,0.00019610258501436434,2.1597831,5.65962,277
7290,0.0009571505232470058,2.1974297,5.526635,1352
7291,0.00022088088998007825,2.1255603,5.85742,312
7292,0.003707542374441249,1.874955,3.752566,5237
7293,0.004939378107022455,2.0437055,4.505328,6977
7294,0.0010980328857663505,1.9646282,4.120667,1551
7295,0.00025698642007297565,2.2268748,5.2495008,363
7296,0.0011348463674296968,2.308213,4.966831,1603
7297,0.0026512786313313877,2.1442778,4.822508,3745
7298,0.004223639069298547,1.8273156,4.428197,5966
7299,0.0007999852746073346,2.0482075,4.6803384,1130
7300,0.00024353534023444524,2.2985637,5.734631,344
7301,0.0009635220873810465,2.3740005,6.81238,1361
7302,0.0007320219238442337,2.110813,4.506298,1034
7303,0.0012615696985400623,2.3346732,7.2772436,1782
7304,9.0617801017468e-05,2.3501449,7.6846952,128
7305,0.0010520160336871674,1.9754825,4.9789486,1486
7306,0.0008311351437070893,2.1605182,5.489277,1174
7307,0.0015440423751492008,2.8760934,11.177279,2181
7308,0.0008467100782569666,2.2049282,4.663865,1196
7309,0.0008410464656933748,2.1624706,5.1207943,1188
7310,0.0006244132851359904,2.1617918,7.3139663,882
7311,0.0026392434546337554,2.3182833,4.8216996,3728
7312,0.00026548183891836325,2.2402234,5.234951,375
7313,0.0012587378922582664,2.0326824,4.677615,1778
7314,0.0010831659027869221,2.1765916,4.3423104,1530
7315,0.002950742145631302,3.6289728,9.976054,4168
7316,0.00011822791226497778,2.6624687,14.207757,167
7317,0.000475743455341707,2.2043986,5.151199,672
7318,0.001722446170902341,2.2727518,4.610487,2433
7319,0.0017989049405108296,1.795482,3.9405513,2541
7320,0.0008962666881883945,2.2501144,4.5318823,1266
7321,0.0009649379905219443,2.3759906,6.382174,1363
7322,0.0007511366162463558,2.0245569,4.0517488,1061
7323,0.0013748419498118972,1.9779205,5.0899343,1942
7324,0.0008240556280025995,2.2640405,5.825968,1164
7325,0.002175535175989681,2.3186376,5.789259,3073
7326,0.007176505069641196,1.864755,4.078072,10137
7327,0.001899434063514583,2.2220695,5.4364004,2683
7328,0.0012821002940830823,1.8168157,3.371711,1811
7329,0.001830054809610584,2.2007525,4.8566694,2585
7330,0.001445637106856794,2.3189497,5.4910836,2042
7331,0.0013932486906435705,1.9943151,4.1894236,1968
7332,0.0018930624993805424,2.3371062,6.2280183,2674
7333,0.0006831732654832549,1.9852719,5.2962074,965
7334,0.0019206726106280522,2.010238,3.9911373,2713
7335,0.0014881142010837324,2.0978756,3.9308398,2102
7336,0.0021401375974672327,1.8728447,3.9563313,3023
7337,0.0004325584095443199,2.180595,4.402899,611
7338,0.000656979057376643,2.3578758,5.416425,928
7339,6.867130233354997e-05,2.4896357,6.460859,97
7340,0.02842213169881475,3.9417722,10.719324,40147
7341,0.0026746410331562036,1.8962526,4.5365696,3778
7342,0.0004856547773279925,1.908153,4.704583,686
7343,0.0006463597838199085,2.1856437,5.2493396,913
7344,0.009251511122627124,1.9190218,4.3738656,13068
7345,0.00021592522898693546,2.452219,7.9650517,305
7346,0.0019539463344391537,2.2511406,5.3800144,2760
7347,0.00289693782627718,2.643104,8.10143,4092
7348,0.0003461883179495457,2.080003,4.818502,489
7349,0.0015921830819397307,2.370647,5.1002436,2249
7350,0.0016120057259123017,2.993097,9.750687,2277
7351,0.0014442212037158962,2.1281986,5.456318,2040
7352,0.0003051271268635055,2.3376164,6.100791,431
7353,0.0020063347506523773,2.383481,5.867911,2834
7354,0.0006385723165449698,2.4381256,6.828733,902
7355,0.0005224682589913389,1.9491913,5.1112585,738
7356,0.0004913183898915843,2.2357407,4.3479013,694
7357,0.0009635220873810465,2.0916533,5.817697,1361
7358,0.002782957623434896,3.7172074,10.2313385,3931
7359,0.0004849468257575436,2.2685866,5.7866683,685
7360,0.0032268432581063996,1.8981334,4.1113234,4558
7361,0.0039029370078851647,2.39253,6.0361347,5513
7362,0.002513936026664288,2.2439783,5.2820196,3551
7363,0.0008523736908205583,2.221116,5.37962,1204
7364,0.0008353828531297831,2.228976,4.721805,1180
7365,0.0003575155430767292,2.4181736,5.755976,505
7366,0.0010081230363193315,1.7755088,3.8038902,1424
7367,0.000701580006314928,2.07286,4.3607407,991
7368,0.0005748566752045626,2.336669,7.919318,812
7369,0.0007950296136141918,2.278075,5.031214,1123
7370,0.0025217234939392268,2.350312,7.606399,3562
7371,0.00428381495278671,1.9569666,3.897412,6051
7372,0.0018534172114354002,2.4218266,6.0956516,2618
7373,0.05306592586614335,3.636172,11.967542,74957
7374,0.000565653304788726,2.206205,4.3579035,799
7375,0.0029295035985178325,1.9797873,4.265278,4138
7376,0.0030703859610371775,2.7089663,9.038559,4337
7377,0.0004707877943485642,2.2194836,5.6263075,665
7378,0.00038370975118334104,2.2681358,5.287033,542
7379,0.00023220811510726175,2.6161935,9.558271,328
7380,0.0950028530448289,2.6386628,9.337477,134194
7381,0.00556733115001069,4.268568,14.164675,7864
7382,0.0011858188805020226,2.2160733,5.1096272,1675
7383,0.0014527166225612837,1.8581744,3.867166,2052
7384,0.005994933898561867,2.4956512,6.857464,8468
7385,0.011417842928200968,3.3802662,9.429489,16128
7386,0.0001309710405330592,2.4296043,7.525615,185
7387,0.00450327993962589,1.9046317,4.11879,6361
7388,0.001405991818911652,2.1767178,4.6305366,1986
7389,0.001498025523070018,2.4393668,6.1153913,2116
7390,0.001879611419542012,2.149228,4.452802,2655
7391,0.0006654744762220306,2.1585476,4.9126496,940
7392,0.001673597512541362,2.0925229,4.5746284,2364
7393,0.0015220958764652827,2.427806,5.6253767,2150
7394,0.0006194576241428477,2.1645203,5.321635,875
7395,0.0009642300389514954,2.1328518,4.24311,1362
7396,0.0013911248359322235,1.9345675,4.022689,1965
7397,0.0021118195346492737,2.0726912,4.392628,2983
7398,0.0020304051040476423,2.1664875,4.5815716,2868
7399,0.0032034808562815837,1.99163,4.00547,4525
7400,0.000611670156867909,2.2717803,5.1895223,864
7401,0.001357851112121122,1.837398,4.0004554,1918
7402,0.0005720248689227667,2.2284105,5.6743207,808
7403,0.0009203370415836594,1.9628717,5.2486796,1300
7404,0.0012736048752376948,2.2522786,4.4523287,1799
7405,0.00040211649201501423,7.0672064,11.808495,568
7406,0.00030654303000440347,2.6641865,8.292021,433
7407,0.00905399263447186,3.76075,12.631189,12789
7408,0.001088829515350514,2.1809182,4.12221,1538
7409,0.001110068062463983,2.2150314,4.887654,1568
7410,0.0022045611903780886,1.9786992,4.435281,3114
7411,0.0007766228727825187,1.8553691,4.754655,1097
7412,0.0007582161319508455,2.2295914,4.9857135,1071
7413,0.005618303663083015,2.4450727,6.4115815,7936
7414,0.001899434063514583,1.9322258,4.354419,2683
7415,0.00022654450254367,1.9588894,4.089488,320
7416,0.0006959163937513362,2.2106233,7.5711846,983
7417,0.00218969420739866,1.8705654,4.3072042,3093
7418,0.005844848165626686,2.495026,6.032327,8256
7419,0.0007610479382326414,2.2042737,4.147496,1075
7420,0.0009012223491815372,2.2741473,6.0361247,1273
7421,0.0005628214985069301,2.1776319,4.6768894,795
7422,0.0005012297118778699,2.1081843,4.221113,708
7423,0.003847716785390145,3.0900187,9.093172,5435
7424,0.001203517669763247,2.2322803,4.552431,1700
7425,0.0010123707457420253,2.4899793,6.4064274,1430
7426,0.00011398020284228396,2.2999876,4.8188305,161
7427,0.0001245994763990185,2.1903968,4.06979,176
7428,0.0009118416227382717,2.2628396,6.85533,1288
7429,0.0008403385141229259,2.3346243,4.688443,1187
7430,0.0011475894956977783,1.8898131,4.0997343,1621
7431,0.0017146587036274022,2.045152,4.0793023,2422
7432,0.006079180135445295,3.34679,12.981069,8587
7433,0.001408115673622999,2.228795,4.110656,1989
7434,0.004211603892600915,2.6621075,7.9244914,5949
7435,0.00022937630882546587,2.3723226,8.185672,324
7436,0.002551457459898083,2.4740028,7.014348,3604
7437,0.0008792758504976192,1.8626444,4.0963073,1242
7438,0.0011971461056292062,2.2784543,5.444816,1691
7439,0.0018463376957309104,3.2620857,8.168866,2608
7440,0.0006548552026652961,4.637107,14.060489,925
7441,0.0013613908699733669,2.2086487,4.5524187,1923
7442,0.0020169540242091118,2.2041683,4.588283,2849
7443,0.0007553843256690497,2.2516243,4.4374504,1067
7444,0.0016445714981529543,2.0296278,4.7002025,2323
7445,0.0002697295483410571,2.387708,4.8267446,381
7446,0.0007214026502874991,2.151227,5.530321,1019
7447,0.001338028468148551,2.225625,5.4027414,1890
7448,0.0004353902158261158,2.400327,5.9007344,615
7449,0.0007652956476553352,1.984569,3.8030155,1081
7450,0.0007433491489714172,1.9630345,4.350387,1050
7451,0.0023744695672858413,2.3656278,5.750705,3354
7452,0.00097484931250823,2.0178869,4.939186,1377
7453,0.0009854685860649645,2.1797287,4.6783857,1392
7454,0.00039008131531738176,2.3811944,7.794795,551
7455,0.0014222747050319782,2.1727085,4.453252,2009
7456,0.0002732693061933019,2.3246615,6.3724756,386
7457,0.0029776443053083626,1.9523267,4.619152,4206
7458,0.0015985546460737714,2.039716,3.9765022,2258
7459,0.002211640706082578,2.3681488,6.4536557,3124
7460,0.0015950148882215266,1.9119163,4.0876737,2253
7461,0.002331284521488454,1.874444,4.018081,3293
7462,0.0005274239199844817,2.1621275,5.495468,745
7463,0.001449884816279488,2.312395,6.254438,2048
7464,0.009146734290200676,3.908069,13.405126,12920
7465,0.0014548404772726307,2.102447,4.3362045,2055
7466,0.0005224682589913389,2.3134553,5.296991,738
7467,0.0006237053335655414,2.1643598,4.7912145,881
7468,0.0014406814458636514,1.816898,3.4857464,2035
7469,0.010054328203516254,2.6348686,9.320157,14202
7470,0.0012856400519353271,2.2718015,7.415213,1816
7471,0.005463970220725141,2.5340104,8.200806,7718
7472,0.0017507642337202998,2.2506285,5.6750875,2473
7473,0.001498025523070018,2.238062,5.135648,2116
7474,0.004167710895233079,1.8043388,4.086372,5887
7475,0.0010973249341959016,2.7523043,8.528441,1550
7476,0.002787913284428039,2.2822511,5.3047175,3938
7477,0.009331509650087857,2.6203115,7.5006776,13181
7478,0.0009309563151403939,2.2268245,6.95242,1315
7479,0.0032268432581063996,1.9703958,4.170974,4558
7480,0.0034576354700727634,3.5336084,9.920638,4884
7481,0.0008014011777482326,2.3337781,6.0835676,1132
7482,0.0007483048099645599,2.2226162,5.3262806,1057
7483,0.0007759149212120697,2.2117066,4.7428155,1096
7484,0.0014406814458636514,2.6568222,9.888233,2035
7485,0.0005748566752045626,2.5604043,6.9073505,812
7486,0.02117058376270596,2.0796297,5.920504,29904
7487,0.004994598329517474,1.9698796,3.8183844,7055
7488,0.0008990984944701902,2.1426296,4.751387,1270
7489,0.0012693571658150009,2.0867755,4.3455424,1793
7490,0.0015504139392832415,1.9432108,4.237123,2190
7491,0.000770251308648478,2.3878303,6.252384,1088
7492,0.0011971461056292062,2.2146733,5.3894567,1691
7493,0.0006796335076310099,1.9979376,4.0449615,960
7494,0.019794325909753167,3.5693133,12.057446,27960
7495,0.0004205232328466874,2.343147,4.866366,594
7496,0.002308630071234087,1.8365493,3.8565738,3261
7497,0.006414041228267657,4.2307405,13.023147,9060
7498,0.0021450932584603753,1.8843771,4.4766645,3030
7499,0.0024849100122758803,2.15278,4.358607,3510
7500,0.0008176840638685589,2.0490856,4.1280937,1155
7501,0.00034264856009730087,2.170181,6.0801883,484
7502,0.0014633358961180184,2.2854831,5.5209317,2067
7503,0.0009606902810992506,2.2148077,4.4551387,1357
7504,0.0003313213349701174,2.2161162,5.348801,468
7505,0.08728901273321694,4.1507907,15.153322,123298
7506,0.002310045974374985,2.2811165,4.9041834,3263
7507,0.000544414757675257,2.2802608,5.5326805,769
7508,0.0014718313149634059,2.3158092,5.3791366,2079
7509,0.02025095467269275,3.7678776,8.567242,28605
7510,0.0007773308243529676,1.9706881,4.874881,1098
7511,0.000339108802245056,2.392766,6.290291,479
7512,0.0010682989198074937,2.2400262,5.5069113,1509
7513,0.017303752284913692,2.3567364,7.057954,24442
7514,0.00020955366485289473,2.288712,4.561301,296
7515,0.04347389003813027,2.4543295,7.809703,61408
7516,0.010207245742733231,2.4537268,5.963808,14418
7517,0.0028211870082391404,1.9596905,4.059357,3985
7518,0.003977271922782306,2.6472843,7.835566,5618
7519,0.001153961059831819,2.2568278,5.314993,1630
7520,0.002535882525348206,1.892579,4.2048097,3582
7521,0.0021153592925015185,1.8141645,3.957035,2988
7522,0.002249162139316374,1.8835292,3.89565,3177
7523,0.0012198005558835732,2.2373652,5.0471826,1723
7524,0.012251809878189853,3.0342417,8.857528,17306
7525,0.001700499672218423,2.2465663,5.659669,2402
7526,0.010758032064542528,3.504748,11.349447,15196
7527,0.0011348463674296968,2.1123168,4.6190996,1603
7528,0.0004099039592899529,2.1692836,6.2898593,579
7529,0.0016360760793075668,2.359467,5.087813,2311
7530,0.0008658247706590888,2.866067,10.730278,1223
7531,0.00032990543182921943,2.415344,6.4196405,466
7532,0.0007575081803803965,2.332782,6.3585463,1070
7533,0.008259670972428117,4.2134275,11.763368,11667
7534,0.001962441753284541,3.1918037,8.879278,2772
7535,0.0007532604709577027,2.265432,5.0568686,1064
7536,0.0005394590966821142,2.1607625,4.585594,762
7537,0.0013925407390731216,2.2218547,6.11292,1967
7538,0.0013861691749390808,3.2424455,9.209805,1958
7539,0.0005628214985069301,2.2014437,4.927302,795
7540,0.0019036817729372768,1.9246652,4.2953343,2689
7541,0.00027964087032734264,2.257544,6.62647,395
7542,0.0006506074932426022,2.1171358,5.169404,919
7543,0.0011164396265980238,1.9080926,4.3110404,1577
7544,0.0013040467927670004,1.9581528,4.7635884,1842
7545,0.003073217767318973,2.016026,4.4030867,4341
7546,0.0024141148552309834,1.8814212,4.0105247,3410
7547,0.00024565919494579216,2.2474008,4.9720845,347
7548,0.006798458931021447,1.9112549,4.696764,9603
7549,0.012378533209300218,1.9312012,4.5117,17485
7550,0.0005019376634483188,2.2200892,5.005543,709
7551,0.0012537822312651235,2.1986232,4.5355206,1771
7552,0.01055131020597143,2.2127922,6.014717,14904
7553,0.00023503992138905762,2.2406843,3.9357235,332
7554,0.0007065356673080708,2.284658,6.6017275,998
7555,0.00013238694367395716,2.4737844,5.608339,187
7556,0.0018852750321056038,2.3077607,5.682458,2663
7557,0.00836798756270681,1.8680892,4.1604643,11820
7558,0.0023036744102409444,2.0361104,4.000655,3254
7559,0.00032211796455428076,2.1605728,6.652742,455
7560,0.0005394590966821142,1.8866588,4.4500613,762
7561,0.0005175125979981961,2.1365836,4.5170984,731
7562,0.0007596320350917434,2.0362413,4.9003887,1073
7563,0.00020459800385975196,2.1205182,6.9928393,289
7564,0.0006513154448130513,2.2900171,5.089082,920
7565,0.0011702439459521452,2.2607293,5.279099,1653
7566,0.002286683572550169,1.8177549,4.0911694,3230
7567,0.001356435208980224,2.2149565,4.480376,1916
7568,0.00024141148552309834,2.149958,6.870934,341
7569,0.00467531217124499,3.888996,10.606046,6604
7570,0.00010548478399689634,2.4420998,11.592747,149
7571,0.00018619126302807878,1.9692031,4.204727,263
7572,0.000657687008947092,2.1897793,5.0337534,929
7573,0.0040211649201501425,1.8714124,4.062663,5680
7574,0.0010286536318623515,2.5075324,7.598192,1453
7575,0.0015999705492146692,2.2097669,5.4133725,2260
7576,0.0007058277157376219,1.8766453,4.430546,997
7577,0.00122192441059492,2.339074,6.093252,1726
7578,0.006169797936462763,1.9686124,3.9175,8715
7579,0.0012601537953991643,2.1617255,4.4637055,1780
7580,0.002892690116854486,4.3465843,10.745451,4086
7581,0.0020495197964497643,1.8894014,4.4522314,2895
7582,5.380431935412162e-05,1.8038476,3.4177828,76
7583,0.0009684777483741893,2.2494175,4.8958225,1368
7584,0.0010590955493916573,1.9881656,4.083347,1496
7585,0.0015822717599534451,1.951728,4.8477087,2235
7586,0.0015511218908536904,2.2689238,5.4045115,2191
7587,0.07098418011420675,2.6452105,10.45874,100267
7588,0.0013493556932757343,2.2275667,4.809042,1906
7589,0.0007426411974009682,2.2345104,4.57797,1049
7590,0.0005507863218092977,2.066969,4.841577,778
7591,0.00029309195016587305,2.026643,6.029866,414
7592,0.0013967884484958153,2.280087,4.8678975,1973
7593,0.0003122066425679952,1.9801499,4.9318743,441
7594,0.00044034587681925856,2.1942325,5.6987476,622
7595,0.003943998198971205,2.357098,6.755664,5571
7596,0.0021663318055738442,1.8676597,4.0183797,3060
7597,0.003697631052454964,2.21416,4.790911,5223
7598,0.012545609779926175,2.5626204,7.9607625,17721
7599,0.0018477535988718084,1.9188633,4.537954,2610
7600,0.0008290112889957424,2.1969917,4.737968,1171
7601,0.0007829944369165594,2.1676369,5.3070617,1106
7602,0.0011744916553748392,1.9132825,4.484171,1659
7603,0.003057642832769096,1.9028099,3.7489705,4319
7604,0.0007093674735898667,2.1684656,5.815793,1002
7605,0.0019185487559167053,2.1703188,4.3182945,2710
7606,0.00016212090963281384,2.3315752,7.410355,229
7607,0.00021380137427558856,2.0574775,4.1889205,302
7608,0.005076720711689554,3.831668,11.997775,7171
7609,0.00045450490822823795,2.381216,5.003177,642
7610,0.005705381706248239,1.908357,3.922051,8059
7611,0.008331882032613912,2.0166378,4.9675336,11769
7612,0.008562674244580277,3.335505,12.778339,12095
7613,0.0059135194679602356,1.9841619,4.06831,8353
7614,0.002175535175989681,2.2469838,4.707307,3073
7615,0.0005146807917164002,2.2293298,4.767798,727
7616,0.0013684703856778565,1.9801238,4.1305714,1933
7617,0.0005522022249501956,2.0745378,4.145879,780
7618,0.001382629417086836,1.9582518,4.8535748,1953
7619,0.057603895432721236,3.7024066,15.085386,81367
7620,0.00243676930548535,2.0228026,4.455578,3442
7621,0.00029592375644766895,2.3823304,7.5378003,418
7622,0.0038781587029194505,1.8941562,4.242546,5478
7623,0.0018137719234902578,2.027126,4.7080765,2562
7624,0.0062943974128617805,3.9708319,10.805126,8891
7625,0.0016459874012938523,2.9488053,8.535438,2325
7626,0.014383452056811697,2.7962132,8.213295,20317
7627,0.14804400060600653,9.370784,15.912062,209116
7628,7.504286646759069e-05,2.1670892,6.3840666,106
7629,0.0002845965313204854,2.2765415,6.7388134,402
7630,0.0009656459420923934,2.2616177,5.5325894,1364
7631,0.00530609702051502,1.878075,4.126793,7495
7632,0.00035114397894268846,2.169156,4.4649944,496
7633,0.0005061853728710126,1.9612212,3.8285978,715
7634,0.0024948213342621656,1.8204254,3.6485033,3524
7635,0.007485879905927396,1.9771628,4.7665057,10574
7636,0.0006378643649745208,2.2690465,5.2154613,901
7637,0.003234630725381338,3.436332,11.559489,4569
7638,0.006301476928566271,1.8730447,4.437755,8901
7639,0.0007773308243529676,2.0111504,5.3417935,1098
7640,0.0006364484618336228,1.8773227,4.091388,899
7641,0.00097484931250823,1.9908816,6.725364,1377
7642,0.0021606681930102524,2.3228338,6.8180695,3052
7643,0.010719094728167835,1.9170144,4.1580477,15141
7644,0.0016544828201392398,1.8770674,4.096502,2337
7645,0.0943508296484454,2.7902055,10.670426,133273
7646,0.00035185193051313744,1.9540938,4.4200854,497
7647,0.0013713021919596524,1.9775406,4.550335,1937
7648,0.01627580660462179,2.0104933,4.248725,22990
7649,0.0006222894304246436,2.580689,10.213639,879
7650,0.003533386288110803,2.1326225,4.445866,4991
7651,0.0016410317403007094,2.47168,6.3654594,2318
7652,0.0003242418192656277,2.3164356,7.390682,458
7653,0.0015043970872040586,2.1482477,4.343624,2125
7654,0.08103213675358896,2.7249749,10.062797,114460
7655,0.0020997843579516414,1.8356059,4.0722733,2966
7656,0.00097484931250823,2.3343456,6.034856,1377
7657,0.000998211714333046,1.9234914,4.554169,1410
7658,0.0006024667864520724,1.9752607,5.104679,851
7659,0.0010442285664122289,1.9435529,3.817569,1475
7660,0.0006173337694315007,2.3315496,5.320274,872
7661,0.006684478728179163,1.8943309,4.0917892,9442
7662,0.0025726960070115525,1.8534212,3.782274,3634
7663,0.00047645140691215596,2.2672184,5.7771006,673
7664,0.0011844029773611247,2.1410499,4.52742,1673
7665,0.0004169834749944426,2.2514136,4.988932,589
7666,0.0010059991816079846,2.3443046,6.0785456,1421
7667,0.0005911395613248889,2.7807415,10.281334,835
7668,0.00011681200912407983,2.2708604,6.5567675,165
7669,0.0031433049727934213,2.2268422,5.493001,4440
7670,0.0008063568387413753,2.4043217,7.235298,1139
7671,0.0001996423428666092,1.697153,3.5672414,282
7672,3.610553009289741e-05,2.0224917,3.732843,51
7673,0.0024834941091349825,2.3087642,4.9571743,3508
7674,0.008821784519364599,1.9264919,4.415191,12461
7675,0.003052687171775953,1.8518814,3.5790322,4312
7676,0.0006399882196858678,2.2989604,5.936856,904
7677,0.0002761011124750978,2.142329,5.35496,390
7678,0.0005649453532182771,2.3162155,5.4263377,798
7679,0.0009196290900132104,2.2390742,5.3577375,1299
7680,0.0015065209419154054,2.64959,7.0880823,2128
7681,0.0007093674735898667,2.2489514,6.121552,1002
7682,0.0007957375651846409,2.0070527,4.4135256,1124
7683,0.0022463303330345777,2.3334093,6.3083963,3173
7684,0.0008898951240543537,2.100339,4.368513,1257
7685,0.0009033462038928841,2.3450923,5.0223756,1276
7686,0.0027440202870602027,2.2205527,4.8724146,3876
7687,0.06846387252340842,2.496364,7.79783,96707
7688,0.013265596527072775,3.1821373,10.1743145,18738
7689,0.006289441751868638,1.9015281,4.386549,8884
7690,0.004238506052277976,1.9167261,3.850181,5987
7691,0.0005791043846272565,2.274866,4.418863,818
7692,0.0021925260136804563,1.9916813,3.931921,3097
7693,0.0007631717929439882,2.1861086,6.005535,1078
7694,0.001038564953848637,2.215804,4.7485495,1467
7695,0.012805428006280947,2.2550743,5.836986,18088
7696,0.02367673232209531,2.548106,6.222021,33444
7697,0.0005649453532182771,2.3633149,5.2488775,798
7698,0.0005337954841185224,2.78727,9.701555,754
7699,0.003781877289338391,1.8442372,4.347676,5342
7700,0.002465795319873758,2.3200855,5.8531694,3483
7701,0.0013882930296504276,2.0016735,4.356044,1961
7702,0.007887288446371961,2.3670712,6.2351475,11141
7703,0.0011128998687457787,1.9037414,3.767179,1572
7704,0.0010937851763436566,2.2472508,5.1990385,1545
7705,0.058034329987554215,2.7140048,9.860717,81975
7706,0.08660937922558594,6.0063176,9.8397045,122338
7707,0.003739400195111453,2.2597203,5.187947,5282
7708,0.0019461588671642151,2.6451757,6.843897,2749
7709,0.004523102583598461,2.7001636,7.643243,6389
7710,0.0043546101098316066,1.9138153,3.9693727,6151
7711,0.0002661897904888122,2.307156,5.9808474,376
7712,0.0005139728401459513,1.9295448,4.0897193,726
7713,0.0005387511451116652,2.093197,4.831141,761
7714,0.0064635978381990845,1.9247807,4.3944063,9130
7715,0.003842053172826553,1.8563081,4.385454,5427
7716,0.001700499672218423,1.9232888,4.088944,2402
7717,0.0008990984944701902,2.1802382,4.137436,1270
7718,0.0010548478399689633,2.011726,4.3814206,1490
7719,0.0007596320350917434,2.223914,4.262498,1073
7720,0.0009706016030855361,2.5003846,6.621757,1371
7721,0.0023213731995021685,2.4925604,7.1525927,3279
7722,0.0038094874005859007,4.6692576,15.2811,5381
7723,0.0009769731672195768,2.440215,6.0326986,1380
7724,0.001358559063691571,2.4480233,5.982806,1919
7725,0.0001309710405330592,2.2955873,7.683886,185
7726,0.0174021575532061,1.9816563,5.4128733,24581
7727,0.0020544754574429074,1.941465,4.105177,2902
7728,0.0017160746067683003,2.226287,5.5882134,2424
7729,0.0045146071647530735,1.8371027,3.804038,6377
7730,0.0009628141358105975,2.349787,5.238887,1360
7731,0.0041188622368721,1.9270443,4.174529,5818
7732,0.0005522022249501956,2.187405,5.0203676,780
7733,0.000521052355850441,2.2065153,4.5186934,736
7734,0.002196065771532701,2.419489,6.443428,3102
7735,0.0014116554314752437,2.0036395,4.1401973,1994
7736,0.0015008573293518138,2.045812,4.374333,2120
7737,0.0016573146264210357,2.1520913,4.7717156,2341
7738,0.00019539463344391537,2.4114945,7.5144835,276
7739,0.0003737984291970555,2.0906005,6.733212,528
7740,0.0039992184214662245,1.923679,3.8102682,5649
7741,0.006061481346184071,1.8582528,3.9577122,8562
7742,0.0018272230033287882,2.1932735,4.216996,2581
7743,0.0011440497378455334,2.5929909,8.734196,1616
7744,0.0018640364849921347,2.1369233,4.704146,2633
7745,0.000770251308648478,2.2557268,5.38934,1088
7746,0.005838476601492645,1.9277012,4.4265428,8247
7747,0.0015596173096990781,2.332681,4.9057355,2203
7748,0.0004934422446029312,2.1616578,5.663795,697
7749,0.0001677845221964056,2.4923022,8.30227,237
7750,0.0011893586383542674,1.7482655,4.562472,1680
7751,0.0015723604379671596,2.3275423,6.082897,2221
7752,0.002181906740123722,3.174733,12.533289,3082
7753,0.012691447803438663,1.9804606,4.927625,17927
7754,0.000317162303561138,2.2625654,7.8948474,448
7755,0.0013231614851691225,2.0672762,5.1751256,1869
7756,0.002833930136507222,2.3756547,5.5204754,4003
7757,0.00577334505701134,3.5597794,13.388541,8155
7758,0.0001061927355673453,2.2554183,5.608237,150
7759,0.0006796335076310099,2.2211764,5.407288,960
7760,0.0009373278792744346,2.3940237,5.3598185,1324
7761,0.0014619199929771203,1.995192,4.6701856,2065
7762,0.005737947478488892,1.8605477,4.0211344,8105
7763,0.001040688808559984,2.1499982,5.340885,1470
7764,0.0010810420480755751,2.3689733,7.2932887,1527
7765,0.002661897904888122,2.268471,5.381429,3760
7766,0.002898353729418078,1.8400816,4.777383,4094
7767,0.0036112609608601894,1.9779909,4.533503,5101
7768,0.006421120743972147,2.9003212,9.878452,9070
7769,0.000838922610982028,2.0070052,4.689155,1185
7770,0.0037875409019019826,2.3680162,5.365368,5350
7771,0.00994601161323756,2.6891172,7.855506,14049
7772,0.0009932560533399031,2.0966647,4.3058734,1403
7773,0.0015312992468811194,1.8016585,3.7599838,2163
7774,0.002654110437613184,2.2604835,6.2574654,3749
7775,0.00615776275976513,2.5503418,7.091016,8698
7776,0.0035978098810216593,2.1998503,5.723998,5082
7777,0.0025450858957640427,3.4104455,10.545139,3595
7778,5.8052028776815436e-05,2.131582,3.555474,82
7779,0.0038668314777922674,2.2638218,5.6647887,5462
7780,0.0010498921789758207,1.9177048,4.0139613,1483
7781,0.0005968031738884807,2.0339165,6.3178983,843
7782,0.0010944931279141057,2.2167923,4.551343,1546
7783,0.0007759149212120697,1.955271,5.8863597,1096
7784,0.0003214100129838318,2.0505133,5.3108087,454
7785,0.002245622381464129,1.8750162,4.1250067,3172
7786,0.000858745254954599,2.1964417,5.3688745,1213
7787,0.00311640281311636,2.3732662,6.7937512,4402
7788,0.0019773087362639696,2.3658109,5.592897,2793
7789,0.00016212090963281384,2.9946365,11.183281,229
7790,0.0012282959747289606,2.1412504,4.4368596,1735
7791,0.0016693498031186682,2.3012786,4.8724694,2358
7792,0.0007518445678168047,1.9849263,4.809141,1062
7793,0.0029988828524218315,2.586079,7.393979,4236
7794,0.0008672406737999866,2.129522,5.0685205,1225
7795,0.003622588185987373,2.1584957,5.0328965,5117
7796,0.004591773885932011,1.7891368,4.4120507,6486
7797,0.007707468747477923,1.8554487,3.8286943,10887
7798,0.0011751996069452881,2.2376122,5.4071217,1660
7799,0.0032664885460515418,1.8379463,4.4131947,4614
7800,0.0004665400849258704,2.200738,7.721814,659
7801,0.0010399808569895351,2.1386347,5.173572,1469
7802,0.008089054643949916,2.026888,4.9584484,11426
7803,0.0026095094886748986,2.0478842,4.227435,3686
7804,0.0041726665562262216,2.9609222,8.840834,5894
7805,0.033449295800572876,4.9570255,8.029731,47248
7806,0.006817573623423569,3.9738703,13.8045435,9630
7807,0.0014994414262109157,1.8908477,4.642427,2118
7808,0.000655563154235745,2.217248,4.9792385,926
7809,0.002737648722926162,2.4478202,6.746066,3867
7810,0.00017981969889403805,2.5174146,10.445891,254
7811,0.0008091886450231712,2.359147,5.2953215,1143
7812,0.0004212311844171364,2.0339992,4.175507,595
7813,0.0005819361909090523,2.2495677,5.552453,822
7814,0.00024353534023444524,2.3918428,6.7892847,344
7815,0.003374097184759785,1.8558974,3.8342981,4766
7816,0.001988635961391153,2.2655747,5.9091125,2809
7817,0.0008049409356004775,2.237483,4.9302607,1137
7818,0.0012962593254920618,2.2269464,6.071984,1831
7819,0.005398838676243836,4.591052,11.888791,7626
7820,0.00129059571292847,2.2328565,5.410779,1823
7821,0.003922051700287287,1.903387,3.8213863,5540
7822,0.0006959163937513362,2.3024426,4.6230326,983
7823,0.00323321482224044,1.8089483,4.3470244,4567
7824,0.006338998361800066,1.9076595,4.394215,8954
7825,0.002881362891727303,2.1613538,4.377574,4070
7826,0.0019567781407209494,2.1844401,4.9581633,2764
7827,0.00027114545148195505,2.2610824,6.6088853,383
7828,0.000589015706613542,2.227192,5.691493,832
7829,0.0014017441094889582,2.390676,5.837623,1980
7830,0.0008077727418822733,2.209261,5.3048716,1141
7831,0.0014293542207364678,2.2166548,4.260687,2019
7832,0.0023850888408425757,1.9181391,4.6421156,3369
7833,0.0018944784025214402,1.790609,3.7906296,2676
7834,0.0006888368780468466,2.2087326,5.3452945,973
7835,0.0004056562498672591,2.2102852,4.9440336,573
7836,0.002892690116854486,2.3711653,7.014227,4086
7837,0.0035602884477878636,1.8542801,3.7983751,5029
7838,0.0005465386123866038,2.1195111,5.179125,772
7839,0.001698375817507076,2.2516558,5.0664587,2399
7840,0.01857523330544004,4.451021,12.186413,26238
7841,0.0006534392995243981,1.9664605,4.168479,923
7842,0.005418661320216406,2.479725,6.837723,7654
7843,0.0005160966948572982,1.9487696,4.5976076,729
7844,0.02648517620206637,2.3303838,7.360635,37411
7845,0.0050866320336758405,1.8652383,3.8982506,7185
7846,0.0013465238869939384,2.1368668,4.535565,1902
7847,0.004169834749944426,3.4871063,12.044942,5890
7848,0.0015865194693761389,2.009973,4.695878,2241
7849,0.0011164396265980238,2.2000449,4.9472513,1577
7850,0.0014449291552863452,2.2303293,4.799719,2041
7851,0.0005748566752045626,1.9602681,5.2801948,812
7852,0.0003355690443928112,2.3585997,5.1538444,474
7853,0.0009238767994359042,2.1034398,5.040474,1305
7854,0.008152062333719875,1.9432168,4.5851765,11515
7855,0.0003369849475337091,2.3875256,6.617936,476
7856,0.0014640438476884673,2.072334,4.7955317,2068
7857,0.0010470603726940248,2.231818,5.4645996,1479
7858,0.0003214100129838318,2.3024275,5.8544636,454
7859,0.0009429914918380264,2.2636173,4.303826,1332
7860,0.0017245700256136877,1.8332645,4.186093,2436
7861,0.07321068780326875,4.0503244,15.989831,103412
7862,0.0008474180298274156,2.2072937,4.9681797,1197
7863,0.0005684851110705219,2.3562255,7.006821,803
7864,0.001628288612032628,2.257897,4.527324,2300
7865,0.004438856346715034,1.9469178,4.2204313,6270
7866,0.0068791654100526295,2.742907,6.171571,9717
7867,0.0367632171018445,2.6334348,6.4022465,51929
7868,0.0005033535665892167,2.3238404,5.6507998,711
7869,0.005209107655363512,1.9391404,3.9738798,7358
7870,0.0011199793844502686,2.1157405,4.720044,1582
7871,0.00036813481663346376,2.0557237,6.0426607,520
7872,0.002266152977007149,2.0388896,4.6638985,3201
7873,0.0018987261119441342,1.9011793,3.855476,2682
7874,0.0009805129250718217,1.91953,3.8478367,1385
7875,0.002171287466566987,2.2184587,4.781934,3067
7876,0.0025564131208912263,2.2841585,5.5987344,3611
7877,0.002134473984903641,1.9491227,4.467265,3015
7878,0.0005571578859433384,2.2899523,5.2739263,787
7879,0.0010895374669209628,2.234904,4.627992,1539
7880,0.0007383934879782744,2.2525482,4.5352793,1043
7881,0.00011185634813093706,2.2884853,6.06082,158
7882,0.002898353729418078,1.9137692,3.8189209,4094
7883,0.000973433409367332,2.2923105,4.747806,1375
7884,0.0011865268320724715,2.1105673,4.745159,1676
7885,0.0033648938143439485,1.9023002,4.5626154,4753
7886,0.0017847459091018501,2.3182385,4.976585,2521
7887,0.0008452941751160687,2.2411385,5.404259,1194
7888,0.0007723751633598249,2.2896383,6.015215,1091
7889,0.0011171475781684727,2.3246896,4.8574185,1578
7890,0.002335532230911148,1.9555732,3.820903,3299
7891,0.0022300474469142515,1.9652588,4.439579,3150
7892,0.004782212858382783,1.9644434,3.6566176,6755
7893,1.061927355673453e-05,1.7895436,3.2392282,15
7894,0.0006937925390399893,2.0066154,4.337748,980
7895,0.0004007005888741163,2.1784825,5.686263,566
7896,0.0013882930296504276,1.9537444,3.942199,1961
7897,0.000722818553428397,2.3909638,5.835291,1021
7898,0.002043856183886173,2.197007,4.2922153,2887
7899,0.00023150016353681277,2.2850544,4.7865095,327
7900,5.4512270924570595e-05,2.0355506,3.5075207,77
7901,0.00239570811439931,1.9829322,3.794345,3384
7902,0.0025266791549323694,2.1326027,4.4947295,3569
7903,0.0008339669499888852,2.2381954,5.638726,1178
7904,4.601685207918297e-05,2.2586234,5.100575,65
7905,0.005873166228444644,2.3422801,8.31102,8296
7906,0.001447760961568141,1.8792981,4.1107154,2045
7907,0.0004417617799601565,2.1761649,4.6372976,624
7908,0.002940830823645016,1.8560333,3.9048047,4154
7909,0.0029535739519130975,2.2560925,6.076794,4172
7910,0.003357814298639459,1.8268695,3.7637835,4743
7911,0.00038654155746513694,2.1959698,5.0419536,546
7912,0.0059439613854895415,2.9772353,9.078468,8396
7913,0.001111483965604881,2.1826544,4.180745,1570
7914,0.0025642005881661646,2.3817275,5.8884687,3622
7915,0.0010265297771510046,2.3364654,5.632886,1450
7916,0.0008729042863635784,2.2327282,4.5909476,1233
7917,0.00043822202210791163,2.3448164,5.9717426,619
7918,0.0010059991816079846,2.2465127,4.8671618,1421
7919,6.159178662906028e-05,1.8852224,4.7826357,87
7920,0.00617829335530815,1.9334949,4.3211794,8727
7921,0.0006994561516035811,2.2365792,4.4756255,988
7922,0.0007518445678168047,2.143697,4.554462,1062
7923,0.0008113124997345182,2.0477262,4.2481728,1146
7924,0.0027801258171531,2.2099693,5.1602774,3927
7925,0.00034264856009730087,2.084593,4.634611,484
7926,0.0008332589984184362,2.2144186,5.445419,1177
7927,0.0025726960070115525,1.8673909,3.9876807,3634
7928,0.007239512759411154,1.9429919,4.2789516,10226
7929,0.0003242418192656277,2.286613,5.4956207,458
7930,0.0004509651503759931,2.2142935,4.342406,637
7931,0.0024119910005196365,2.3194742,5.5802746,3407
7932,0.000634324607122276,2.1227534,4.1523075,896
7933,0.00288348674643865,2.3908098,6.242236,4073
7934,0.01195234636388994,3.1827943,10.2791195,16883
7935,0.0035270147239767624,1.9216713,4.3123474,4982
7936,4.884865836097884e-05,2.7711008,6.323081,69
7937,0.0017500562821498506,1.8898653,4.585719,2472
7938,0.0009231688478654552,1.9214514,4.609186,1304
7939,0.0011249350454434113,2.13372,5.1643414,1589
7940,0.0016226249994690364,2.2552555,5.180657,2292
7941,0.001061219404103004,2.2300842,4.519884,1499
7942,0.011640139721321944,1.9257545,4.7006207,16442
7943,0.0012587378922582664,1.9038607,3.5975301,1778
7944,0.0023935842596879632,1.814161,4.3173065,3381
7945,0.000113272251271835,2.195182,4.54039,160
7946,0.0007511366162463558,2.2503295,7.298717,1061
7947,0.0011143157718866768,1.9955363,3.703004,1574
7948,0.000655563154235745,2.1325998,4.343326,926
7949,0.0012559060859764705,2.1737344,4.6352744,1774
7950,0.0006902527811877445,2.201823,5.0680804,975
7951,0.0020204937820613566,1.9149857,4.250403,2854
7952,0.0001040688808559984,2.5350444,7.03418,147
7953,0.00023716377610040452,2.2237763,4.85812,335
7954,0.0011893586383542674,2.1446512,4.6273575,1680
7955,0.0014350178333000596,2.1577432,5.104989,2027
7956,0.0007447650521123151,1.9822137,4.446032,1052
7957,0.004203816425325977,2.4631236,6.8479457,5938
7958,0.004055854547102142,2.3866124,6.375582,5729
7959,0.00048423887418709463,2.2262414,5.8430977,684
7960,0.0012842241487944293,2.2794998,4.8321466,1814
7961,0.0003327372381110153,2.128894,4.8606267,470
7962,0.001265817407962756,2.0986037,4.9335303,1788
7963,0.000974141360937781,2.2309773,5.128016,1376
7964,0.0010753784355119836,2.3596213,6.240202,1519
7965,0.17515712985106116,9.592416,16.615932,247414
7966,0.002106155922085682,1.8567423,4.0502977,2975
7967,0.00024565919494579216,2.3941932,8.045179,347
7968,0.0008799838020680681,2.2378447,4.8900943,1243
7969,0.0034222378915503148,2.4775627,5.3291397,4834
7970,0.011608989852222189,1.9682912,4.5498815,16398
7971,0.0037670103063589624,2.1702802,4.2505994,5321
7972,0.0005840600456203992,2.1696987,5.046867,825
7973,0.0029776443053083626,2.7508094,10.286219,4206
7974,0.0005571578859433384,2.2622507,5.2781463,787
7975,0.0006980402484626832,1.9789268,3.8916523,986
7976,0.0005798123361977054,1.9539462,4.716294,819
7977,0.003973732164930062,2.274568,5.405901,5613
7978,0.00026760569362971017,2.156304,6.170491,378
7979,0.0008764440442158233,2.7972875,9.216847,1238
7980,0.0024799543512827376,1.9811634,4.25225,3503
7981,0.0023348242793406987,2.4355807,6.5256047,3298
7982,0.0006513154448130513,2.2022302,5.7754006,920
7983,0.0015036891356336095,1.9231061,4.4974923,2124
7984,0.006622178989979653,1.8490078,3.8983917,9354
7985,0.00011044044499003913,2.2611082,6.2840147,156
7986,0.0035241829176949663,3.640573,9.396327,4978
7987,0.00131112630847149,2.1129808,4.317452,1852
7988,0.0021649159024329464,1.9040062,4.0297155,3058
7989,0.0004962740508847271,2.3214824,4.9767995,701
7990,0.0005805202877681543,2.0468566,4.7498937,820
7991,0.0001295551373921613,2.151605,5.5618715,183
7992,0.0003454803663790967,2.2424607,4.935301,488
7993,0.001490946007365528,2.2098932,4.004014,2106
7994,0.0005996349801702765,2.090766,5.774753,847
7995,0.003189321824872604,3.1563077,8.679079,4505
7996,0.0019652735595663373,2.1782253,5.031074,2776
7997,0.0007164469892943563,2.2430413,6.173756,1012
7998,0.0030887927018688507,3.3892665,9.286366,4363
7999,0.0012544901828355727,2.1516228,4.7189183,1772
8000,0.03950228172791156,4.6260967,12.390088,55798
8001,0.001563157067551323,2.0225105,4.133861,2208
8002,0.001019450261446515,2.0875816,4.6151485,1440
8003,0.0012098892338972876,1.9502661,5.3832855,1709
8004,0.0017033314785002188,2.0669653,4.126153,2406
8005,0.0009394517339857816,2.7883096,8.317742,1327
8006,0.0013691783372483054,1.8741646,3.7529135,1934
8007,0.005597773067539996,7.6035404,14.859602,7907
8008,0.0002803488218977916,2.4362144,6.1595955,396
8009,0.002122438808206008,2.0507414,4.1250196,2998
8010,0.001401036157918509,3.7105784,10.8623085,1979
8011,0.0065804098473231645,2.6879551,7.4723825,9295
8012,0.00043822202210791163,2.2975624,7.506392,619
8013,0.0006052985927338683,2.4751809,6.539892,855
8014,0.0012275880231585117,2.006913,3.832166,1734
8015,0.0006314928008404801,2.1475115,5.3286104,892
8016,0.0007065356673080708,2.303093,4.454484,998
8017,0.0012714810205263479,2.173295,5.0973845,1796
8018,0.02205693912890807,3.163627,10.230602,31156
8019,0.0015277594890288745,2.2155013,5.406343,2158
8020,0.00802604695417996,1.9261371,4.744175,11337
8021,0.0007447650521123151,2.281327,4.646121,1052
8022,0.0035900224137467205,1.7913283,3.6295955,5071
8023,0.004046651176686305,3.27166,8.195008,5716
8024,0.0006824653139128058,2.1597834,4.4046535,964
8025,0.0015801479052420981,1.9574562,5.845396,2232
8026,0.0010711307260892896,2.2290483,4.7998676,1513
8027,0.009642300389514954,2.1394396,6.364055,13620
8028,0.0013854612233686317,2.5362687,8.375141,1957
8029,0.00021167751956424166,2.466445,6.802769,299
8030,0.00035185193051313744,2.2631974,4.907604,497
8031,0.005968739690455255,1.8696858,3.9042652,8431
8032,0.0007794546790643146,2.1788173,5.0076985,1101
8033,0.0004431776831010544,2.266901,5.903848,626
8034,0.010357331475668412,2.537735,7.983948,14630
8035,0.000745473003682764,2.2154324,5.34186,1053
8036,0.005101499016655269,2.5630612,6.9462543,7206
8037,0.0007851182916279063,2.464905,10.854837,1109
8038,0.001447760961568141,1.9743961,4.7411075,2045
8039,0.0019652735595663373,2.0218785,3.8615558,2776
8040,0.0003780461386197493,2.4592144,5.595462,534
8041,0.0004927342930324823,2.2160041,4.761973,696
8042,0.011995531409687326,2.6567218,7.002126,16944
8043,0.0007645876960848862,2.3656294,6.3145423,1080
8044,0.0058873252598536235,2.6655722,8.368132,8316
8045,0.002535882525348206,1.9988229,4.412366,3582
8046,0.002134473984903641,2.1822174,4.2733893,3015
8047,0.003668605038066556,2.0070915,4.203035,5182
8048,0.0007645876960848862,2.1199586,4.314046,1080
8049,0.00036317915564032093,2.3395643,4.95816,513
8050,0.003055518978057749,1.8423998,4.1082716,4316
8051,0.0015935989850806285,1.930826,4.2228827,2251
8052,0.0003957449278809735,2.2369826,5.149412,559
8053,0.00018831511773942567,2.2671711,5.1129613,266
8054,0.0028884424074317925,2.268617,4.730115,4080
8055,0.0013904168843617746,2.850204,8.262983,1964
8056,0.0007568002288099475,2.0058982,4.1624947,1069
8057,0.0005614055953660323,2.0383859,3.6056323,793
8058,0.0013451079838530406,2.2195067,5.026982,1900
8059,0.0008693645285113336,1.9301205,4.188513,1228
8060,0.0027284453525103255,1.861061,4.3263597,3854
8061,0.00339108802245056,1.9237998,4.1759253,4790
8062,0.0016353681277371179,1.8624675,3.8145692,2310
8063,0.007328714657287724,3.3509264,9.914265,10352
8064,0.0018895227415282976,1.9903493,4.330159,2669
8065,0.004942917864874699,2.7755914,8.71895,6982
8066,0.0014718313149634059,2.2586415,4.141931,2079
8067,0.0008955587366179454,2.145178,4.837144,1265
8068,0.006938633341970342,2.68482,7.668715,9801
8069,0.0005061853728710126,2.7947369,9.484142,715
8070,0.0009337881214221898,2.2094417,5.285673,1319
8071,0.0027008352412628157,1.9292296,3.763774,3815
8072,0.0036388710721076993,1.8482971,3.5725455,5140
8073,0.001473247218104304,1.8101342,4.812648,2081
8074,0.0009260006541472511,2.3032067,4.4391503,1308
8075,0.005198488381806777,2.2140117,5.0601788,7343
8076,0.0012332516357221035,2.202075,4.836339,1742
8077,0.0014130713346161416,2.0054388,4.277562,1996
8078,0.00151714021547214,2.312287,6.1069655,2143
8079,0.007177213021211645,1.8919547,4.217949,10138
8080,0.0005224682589913389,2.1914349,4.32975,738
8081,0.0003483121726608926,2.0370314,4.131857,492
8082,0.0008757360926453743,1.9954876,5.283833,1237
8083,0.005158135142291186,1.8654733,3.8782692,7286
8084,0.0020537675058724583,1.8527584,4.0180826,2901
8085,0.0025047326562484514,3.645858,11.066511,3538
8086,0.0006753857982083162,2.1586757,8.040283,954
8087,0.002877823133875058,2.3128896,5.8965435,4065
8088,0.0002378717276708535,2.349472,5.958514,336
8089,0.0030385281403669737,1.927149,4.211695,4292
8090,0.0005550340312319915,2.605327,7.344615,784
8091,0.005824317570083666,2.270913,5.153698,8227
8092,0.0004998138087369719,2.322098,5.826564,706
8093,0.002465795319873758,2.3757963,7.083542,3483
8094,0.000475743455341707,2.2508922,5.500263,672
8095,0.0009295404119994959,2.2471964,5.353489,1313
8096,0.00023433196981860864,2.1964629,5.7976394,331
8097,0.0009585664263879036,1.8888448,5.224,1354
8098,0.004417617799601565,2.4965568,6.834914,6240
8099,0.0001925628271621195,2.0789022,5.1118903,272
8100,0.0021281024207696,2.2548225,4.84684,3006
8101,0.005652993290035015,2.5939238,8.332883,7985
8102,0.001648111256005199,1.807447,3.942462,2328
8103,0.0010442285664122289,1.913257,3.7998455,1475
8104,0.0010102468910306783,2.1504574,5.249428,1427
8105,0.0030484394623532594,1.9753871,4.163513,4306
8106,0.0025033167531075535,1.8331689,3.8440022,3536
8107,0.0005953872707475827,1.9573727,3.5826972,841
8108,0.0026236685200838783,1.9108738,4.099806,3706
8109,0.0038562122042355325,2.4208744,9.514289,5447
8110,0.004296558081054791,1.9806507,4.2168016,6069
8111,0.002582607328997838,1.9216623,4.0143676,3648
8112,0.0007391014395487233,2.288363,5.5863705,1044
8113,0.00017132428004865044,2.1652372,5.443385,242
8114,0.00097484931250823,2.2223217,6.8087144,1377
8115,0.001630412466743975,2.049651,4.4358635,2303
8116,0.0044494756202717685,3.3395572,9.06757,6285
8117,0.02997891720223203,2.3289611,7.8381724,42346
8118,0.0014590881866953244,2.1443257,4.6730733,2061
8119,0.001109360110893534,2.0741873,4.706966,1567
8120,0.00443460863729234,3.018637,8.705833,6264
8121,0.0002442432918048942,2.1164255,5.0635266,345
8122,0.00012813923425126334,2.3526127,6.898767,181
8123,0.0025387143316300017,1.9244772,3.8722968,3586
8124,0.00330188612457399,1.9408904,5.09459,4664
8125,0.0001670765706259566,2.3539286,10.748645,236
8126,0.0004792832131939518,2.308632,5.527921,677
8127,0.0065761621379004705,1.8792832,3.8473082,9289
8128,0.000971309554655985,2.6665523,7.9910817,1372
8129,0.0020721742467041315,1.7949512,3.4116359,2927
8130,0.02279958032630904,2.4052455,7.925042,32205
8131,0.002033944861899887,3.7272418,11.334197,2873
8132,0.003442768487093335,4.0856357,11.51599,4863
8133,0.06028844778786373,2.5757182,8.980755,85159
8134,8.495418845387624e-05,2.3215902,4.7664604,120
8135,0.0007865341947688042,2.2215278,4.510705,1111
8136,0.0054575986565911,2.7690358,9.179059,7709
8137,0.0006237053335655414,2.3400738,5.510963,881
8138,0.007737910665007228,2.0847437,5.600712,10930
8139,0.0007256503597101929,2.0603974,9.449607,1025
8140,0.005063269631851024,1.860316,3.802064,7152
8141,0.00842391573677228,1.8753525,4.960133,11899
8142,0.0007362696332669275,2.035519,4.6400805,1040
8143,0.0014668756539702632,2.2057455,4.4496136,2072
8144,0.003694091294602719,2.1983292,4.9284244,5218
8145,0.00018406740831673188,2.4239948,7.178951,260
8146,0.0022364190110482924,2.311067,4.6167145,3159
8147,0.0006222894304246436,2.3090172,4.874659,879
8148,0.012852860761501028,2.6459298,9.473804,18155
8149,0.0008566214002432522,2.1482625,4.4117074,1210
8150,0.003255161320924358,1.8820169,3.955217,4598
8151,0.0005649453532182771,2.2289295,5.017894,798
8152,0.0013713021919596524,1.8605676,4.0868216,1937
8153,0.0015468741814309967,1.9149582,5.118553,2185
8154,0.0019086374339304197,2.1408176,4.09013,2696
8155,0.006600232491295735,2.597434,7.5224957,9323
8156,0.0013677624341074076,2.099448,4.5696597,1932
8157,0.0010874136122096159,2.325215,5.8055205,1536
8158,0.0011943142993474103,1.9916896,4.556285,1687
8159,0.00027256135462285294,2.276808,6.1843734,385
8160,0.0008297192405661913,2.0213256,5.0502543,1172
8161,0.00015574934549877312,2.2915194,7.257962,220
8162,0.0009649379905219443,2.1717122,4.2581553,1363
8163,0.0008198079185799058,2.030177,4.9471,1158
8164,0.001016618455164719,2.1487513,5.3858824,1436
8165,0.0008990984944701902,2.1154363,4.875311,1270
8166,0.0429075287817711,2.3905542,8.3448925,60608
8167,0.0010966169826254525,2.2891533,4.9874077,1549
8168,0.003194985437436196,2.3518796,6.01044,4513
8169,0.0015716524863967107,2.083477,4.5436277,2220
8170,4.601685207918297e-05,2.630827,7.2365665,65
8171,0.0038109033037267985,2.2467308,4.967789,5383
8172,0.0015674047769740167,2.9249678,7.6232424,2214
8173,0.0003638871072107699,2.1606746,5.000459,514
8174,0.000203890052289303,2.4900117,9.438348,288
8175,0.011305278628499582,1.9913198,4.956392,15969
8176,0.003556748689935619,2.0748117,7.441408,5024
8177,0.0055538800701721595,1.8479156,4.725835,7845
8178,0.0012544901828355727,2.2600331,4.7366724,1772
8179,0.0037245332121320245,1.8664991,3.9401999,5261
8180,0.00022937630882546587,2.2827134,4.390319,324
8181,0.0009564425716765567,2.2726986,5.2751217,1351
8182,0.0010102468910306783,2.1936295,4.675014,1427
8183,0.0031291459413844416,3.9388146,11.776546,4420
8184,0.001425106511313774,2.1830764,7.28873,2013
8185,0.0014045759157707539,2.1759675,5.5073385,1984
8186,0.0013946645937844683,1.8550082,3.7857044,1970
8187,0.0014003282063480601,1.9173603,4.472919,1978
8188,0.001221216459024471,2.3683376,9.173718,1725
8189,0.0064458990489378604,1.9116502,4.003813,9105
8190,0.0021550045804466606,2.3152509,6.2171226,3044
8191,0.0017804981996791564,2.5071938,6.3417478,2515
